title,description,published_utc,article_url,publisher,sentiment_polarity,sentiment_subjectivity,sentiment_label,sentiment_confidence,keywords_earnings,keywords_acquisition,keywords_regulation,keywords_partnership,keywords_product,keywords_financial,keywords_leadership,keywords_lawsuit,urgency_score,text_length,tickers,ticker,date
Lamb Weston (LW) Up 0.6% Since Last Earnings Report: Can It Continue?,Lamb Weston (LW) reported earnings 30 days ago. What's next for the stock? We take a look at earnings estimates for some clues.,2021-05-07 15:30:05+00:00,http://www.zacks.com/stock/news/1516413/lamb-weston-lw-up-06-since-last-earnings-report-can-it-continue?cid=CS-ZC-FT-realtime_blog-1516413,Zacks Investment Research,0.0,0.03333333333333333,neutral,0.0,True,False,False,False,False,False,False,False,0.0,198,['LW'],LW,2021-05-07
"Prudent Acquisitions Drive Mondelez (MDLZ), High Costs Persist","Mondelez (MDLZ) is benefiting from its lucrative acquisitions and brand-building efforts. However, the company is grappling with pandemic-induced costs.",2021-05-14 12:41:00+00:00,http://www.zacks.com/stock/news/1550752/prudent-acquisitions-drive-mondelez-mdlz-high-costs-persist?cid=CS-ZC-FT-analyst_blog|zer_report_update-1550752,Zacks Investment Research,0.16,0.5399999999999999,positive,0.16,False,True,False,False,False,False,False,False,0.0,216,"['CAG', 'MKC', 'MDLZ', 'LW']",LW,2021-05-14
"Lamb Weston (LW) Gains on Solid Retail Business, High Costs Hurt","Lamb Weston (LW) is gaining on solid price/mix, efforts to expand capacity and a strong retail business. However, weakness in the foodservice channel and escalated costs are headwinds.",2021-05-14 13:00:00+00:00,http://www.zacks.com/stock/news/1550786/lamb-weston-lw-gains-on-solid-retail-business-high-costs-hurt?cid=CS-ZC-FT-analyst_blog|zer_report_update-1550786,Zacks Investment Research,0.14833333333333332,0.3683333333333333,positive,0.14833333333333332,False,False,False,False,False,False,False,False,0.0,250,"['CPB', 'SJM', 'K', 'LW']",LW,2021-05-14
"Prudent Innovations Drive Conagra (CAG), High Costs Persist","Solid retail business coupled with impressive innovations are upsides for Conagra (CAG). However, softness in Foodservice segment amid the pandemic is a concern.",2021-05-27 11:16:00+00:00,http://www.zacks.com/stock/news/1613228/prudent-innovations-drive-conagra-cag-high-costs-persist?cid=CS-ZC-FT-analyst_blog|zer_report_update-1613228,Zacks Investment Research,0.38666666666666666,0.5466666666666666,positive,0.38666666666666666,False,False,False,False,True,False,False,False,0.0,222,"['CAG', 'MKC', 'PPC', 'LW']",LW,2021-05-27
Campbell Soup (CPB) Queued for Q3 Earnings: Things to Note,Campbell Soup's (CPB) third-quarter fiscal 2021 results are likely to reflect the impact of supply challenges stemming from winter storms.,2021-06-04 11:52:00+00:00,http://www.zacks.com/stock/news/1654439/campbell-soup-cpb-queued-for-q3-earnings-things-to-note?cid=CS-ZC-FT-analyst_blog|earnings_preview-1654439,Zacks Investment Research,0.0,1.0,neutral,0.0,True,False,False,False,False,False,False,False,0.0,198,"['MO', 'CPB', 'GIS', 'LW']",LW,2021-06-04
Here's Why Lamb Weston (LW) Stock is Up More Than 30% in a Year,"Lamb Weston (LW) has been gaining on its robust Retail segment, alongside efficient price/mix and efforts to boost capacity.",2021-07-07 16:40:00+00:00,https://www.zacks.com/stock/news/1758801/heres-why-lamb-weston-lw-stock-is-up-more-than-30-in-a-year,Zacks Investment Research,0.5,0.5,positive,0.5,False,False,False,False,False,False,False,False,0.0,189,"['DAR', 'MED', 'LW', 'CELH']",LW,2021-07-07
"PepsiCo (PEP) Beats on Q2 Earnings and Revenues, Raises View","Easing of COVID-led restrictions across markets aids PepsiCo's (PEP) Q2 results. Its investments in brands, go-to-market systems, supply chain, manufacturing and digital capabilities are paying off.",2021-07-13 13:54:00+00:00,https://www.zacks.com/stock/news/1760904/pepsico-pep-beats-on-q2-earnings-and-revenues-raises-view,Zacks Investment Research,0.0,0.0,neutral,0.0,True,False,False,False,False,False,False,False,0.0,260,"['PEP', 'CAG', 'MDLZ', 'LW']",LW,2021-07-13
Coca-Cola (KO) Zero Sugar Gets Better: Will it Aid the Stock?,"Coca-Cola (KO) looks to gain market share with the launch of a refreshed and flavorful Coca-Cola Zero Sugar, with new packaging. The move is likely to keep the drink on-trend.",2021-07-14 15:22:00+00:00,https://www.zacks.com/stock/news/1761585/coca-cola-ko-zero-sugar-gets-better-will-it-aid-the-stock,Zacks Investment Research,0.21212121212121213,0.6515151515151515,positive,0.21212121212121213,False,False,False,False,True,False,False,False,0.0,238,"['KO', 'PEP', 'MDLZ', 'LW']",LW,2021-07-14
4 Food Stocks Worth Relishing Despite Industry Challenges,"The Zacks Food-Miscellaneous industry is facing headwinds surrounding at-home demand moderation. Nevertheless, portfolio growth efforts have been aiding Mondelez (MDLZ), The J.M. Smucker (SJM), Lamb Weston (LW) and Darling Ingredients (DAR).",2021-07-16 12:12:00+00:00,https://www.zacks.com/commentary/1762601/4-food-stocks-worth-relishing-despite-industry-challenges,Zacks Investment Research,0.3,0.1,positive,0.3,False,False,False,False,False,False,False,False,0.0,300,"['MDLZ', 'GIS', 'CAG', 'CPB', 'SJM', 'K', 'MKC', 'DAR', 'SYY', 'KHC', 'LW']",LW,2021-07-16
"Zacks Industry Outlook Highlights: Mondelez International, J.M. Smucker, Lamb Weston and Darling Ingredients","Zacks Industry Outlook Highlights: Mondelez International, J.M. Smucker, Lamb Weston and Darling Ingredients",2021-07-19 11:06:00+00:00,https://www.zacks.com/stock/news/1763218/zacks-industry-outlook-highlights-mondelez-international-jm-smucker-lamb-weston-and-darling-ingredients,Zacks Investment Research,0.0,0.0,neutral,0.0,False,False,False,False,False,False,False,False,0.0,218,"['SJM', 'DAR', 'MDLZ', 'LW']",LW,2021-07-19
Lamb Weston (LW) Earnings Expected to Grow: What to Know Ahead of Next Week's Release,Lamb Weston (LW) doesn't possess the right combination of the two key ingredients for a likely earnings beat in its upcoming report. Get prepared with the key expectations.,2021-07-20 19:01:59+00:00,https://www.zacks.com/stock/news/1764556/lamb-weston-lw-earnings-expected-to-grow-what-to-know-ahead-of-next-weeks-release,Zacks Investment Research,0.03095238095238095,0.655952380952381,neutral,0.03095238095238095,True,False,False,False,True,False,False,False,0.0,259,['LW'],LW,2021-07-20
"Coca-Cola (KO) Tops Q2 Earnings & Sales Estimates, Raises View","Coca-Cola (KO) witnesses positive revenue trends in Q2, owing to ongoing recovery across most markets due to the subsiding of the pandemic-led headwinds. It raises the 2021 view.",2021-07-21 13:32:00+00:00,https://www.zacks.com/stock/news/1765013/coca-cola-ko-tops-q2-earnings-sales-estimates-raises-view,Zacks Investment Research,0.20075757575757577,0.47348484848484845,positive,0.20075757575757577,True,False,False,False,False,False,False,False,0.0,242,"['KO', 'TAP', 'LW']",LW,2021-07-21
Lamb Weston (LW) to Report Q4 Earnings: What Should You Expect?,"Lamb Weston's (LW) fourth-quarter fiscal 2021 performance is likely to reflect better shipment trends to customers served by the Foodservice unit. However, pandemic-induced costs are a concern.",2021-07-21 13:48:00+00:00,https://www.zacks.com/stock/news/1764951/lamb-weston-lw-to-report-q4-earnings-what-should-you-expect,Zacks Investment Research,0.25,0.75,positive,0.25,True,False,False,False,False,False,False,False,0.0,258,"['TSN', 'MDLZ', 'MED', 'LW']",LW,2021-07-21
4 Reasons Why The J.M. Smucker (SJM) Stock Appears Promising,"The J.M. Smucker (SJM) is benefiting from its prudent pricing efforts, brand strength and solid digital sales. The company's shareholder-friendly moves are also worth noting.",2021-07-22 19:51:00+00:00,https://www.zacks.com/stock/news/1766372/4-reasons-why-the-jm-smucker-sjm-stock-appears-promising,Zacks Investment Research,0.125,0.175,positive,0.125,False,False,False,False,False,False,False,False,0.0,236,"['SJM', 'DAR', 'MED', 'LW']",LW,2021-07-22
Lamb Weston (LW) Expands French Fry Capacity to Fuel Growth,"Lamb Weston (LW) is expanding french fry processing capacity at its existing American Falls, ID facility. Management declares quarterly dividend.",2021-07-23 14:56:00+00:00,https://www.zacks.com/stock/news/1766819/lamb-weston-lw-expands-french-fry-capacity-to-fuel-growth,Zacks Investment Research,0.0,0.0,neutral,0.0,False,False,False,False,False,True,True,False,0.0,206,"['TSN', 'DAR', 'MED', 'LW']",LW,2021-07-23
Kimberly-Clark (KMB) Cuts 2021 View on Q2 Earnings & Sales Miss,"Kimberly-Clark's (KMB) second-quarter 2021 results reflect lower earnings due to increased input costs. Management cuts 2021 view for sales, earnings and adjusted operating profit.",2021-07-23 15:27:00+00:00,https://www.zacks.com/stock/news/1766960/kimberly-clark-kmb-cuts-2021-view-on-q2-earnings-sales-miss,Zacks Investment Research,-0.125,0.375,negative,0.125,True,False,True,False,False,False,True,False,0.0,245,"['KMB', 'DAR', 'MED', 'LW']",LW,2021-07-23
Lamb Weston (LW) Q4 Earnings and Revenues Beat Estimates,"Lamb Weston (LW) delivered earnings and revenue surprises of 2.33% and 7.17%, respectively, for the quarter ended May 2021. Do the numbers hold clues to what lies ahead for the stock?",2021-07-27 13:45:06+00:00,https://www.zacks.com/stock/news/1768288/lamb-weston-lw-q4-earnings-and-revenues-beat-estimates,Zacks Investment Research,0.0,0.1,neutral,0.0,True,False,False,False,False,False,False,False,0.0,241,['LW'],LW,2021-07-27
Archer Daniels' (ADM) Q2 Earnings & Revenues Beat Estimates,Archer Daniels' (ADM) Q2 results gain from solid revenues across all segments owing to healthy demand for its products. It expects strong momentum to continue in 2021.,2021-07-27 15:41:00+00:00,https://www.zacks.com/stock/news/1768573/archer-daniels-adm-q2-earnings-revenues-beat-estimates,Zacks Investment Research,0.3111111111111111,0.4444444444444444,positive,0.3111111111111111,True,False,False,False,True,False,False,False,0.0,228,"['ADM', 'TSN', 'LW']",LW,2021-07-27
"Lamb Weston (LW) Q4 Earnings & Sales Top Estimates, Rise Y/Y","Lamb Weston's (LW) fourth-quarter fiscal 2021 results reflect higher earnings and sales. Management expects continued demand recovery, though cost inflation and disrupted supply chain are concerning.",2021-07-27 15:42:00+00:00,https://www.zacks.com/stock/news/1768574/lamb-weston-lw-q4-earnings-sales-top-estimates-rise-yy,Zacks Investment Research,0.375,0.5,positive,0.375,True,False,False,False,False,False,True,False,0.0,261,"['GIS', 'DAR', 'MED', 'LW']",LW,2021-07-27
"Lamb Weston Holdings, inc (LW) Q4 2021 Earnings Call Transcript","LW earnings call for the period ending June 30, 2021.",2021-07-27 20:30:54+00:00,https://www.fool.com/earnings/call-transcripts/2021/07/27/lamb-weston-holdings-inc-lw-q4-2021-earnings-call/,The Motley Fool,0.0,0.0,neutral,0.0,True,False,False,False,False,False,False,False,0.0,118,['LW'],LW,2021-07-27
Here's Why Lamb Weston Stock Sank Today,The food products company's share price is now down roughly 16.4% year to date.,2021-07-27 20:43:55+00:00,https://www.fool.com/investing/2021/07/27/heres-why-lamb-weston-stock-sank-today/,The Motley Fool,-0.1277777777777778,0.34444444444444444,negative,0.1277777777777778,False,False,False,False,True,False,False,False,0.0,120,['LW'],LW,2021-07-27
"Lamb Weston (LW) Loses 17% in 4 Weeks, Here's Why a Trend Reversal May be Around the Corner","The heavy selling pressure might have exhausted for Lamb Weston (LW) as it is technically in oversold territory now. In addition to this technical measure, strong agreement among Wall Street analysts in revising earnings estimates higher indicates that the stock is ripe for a trend reversal.",2021-07-28 14:00:04+00:00,https://www.zacks.com/stock/news/1769330/lamb-weston-lw-loses-17-in-4-weeks-heres-why-a-trend-reversal-may-be-around-the-corner,Zacks Investment Research,-0.03095238095238096,0.3904761904761905,neutral,0.03095238095238096,True,False,False,False,False,False,False,False,0.0,385,['LW'],LW,2021-07-28
"Altria (MO) Q2 Earnings Beat Estimates, Revenues Up Y/Y","Altria's (MO) second-quarter performance reflects gains from growth in revenues across all categories, backed by favorable pricing variance and shipment volumes.",2021-07-29 15:25:00+00:00,https://www.zacks.com/stock/news/1770542/altria-mo-q2-earnings-beat-estimates-revenues-up-yy,Zacks Investment Research,0.0,0.0,neutral,0.0,True,False,True,False,False,False,False,False,0.0,218,"['MO', 'DAR', 'MDLZ', 'LW']",LW,2021-07-29
Mondelez (MDLZ) Poised on Solid Revenues Amid Cost Challenges,"Mondelez's (MDLZ) organic revenues and focus on buyouts have been aiding the company. Commodity, logistics and labor cost inflation are concerning.",2021-08-11 13:36:00+00:00,https://www.zacks.com/stock/news/1779330/mondelez-mdlz-poised-on-solid-revenues-amid-cost-challenges,Zacks Investment Research,0.0,0.1,neutral,0.0,True,True,False,False,False,False,False,False,0.0,210,"['CAG', 'THS', 'MDLZ', 'LW']",LW,2021-08-11
Why Is Lamb Weston (LW) Down 1.1% Since Last Earnings Report?,Lamb Weston (LW) reported earnings 30 days ago. What's next for the stock? We take a look at earnings estimates for some clues.,2021-08-26 15:31:11+00:00,https://www.zacks.com/stock/news/1787246/why-is-lamb-weston-lw-down-11-since-last-earnings-report,Zacks Investment Research,-0.051851851851851864,0.11851851851851852,neutral,0.051851851851851864,True,False,False,False,False,False,False,False,0.0,190,['LW'],LW,2021-08-26
These 20 ‘left behind’ stocks among the S&P 500 are expected to rise up to 59% over 12 months,"During a third banner year for the stock market, there are some surprises among the small number of stocks that are down for 2021.",2021-08-28 12:37:00+00:00,https://www.marketwatch.com/story/these-20-left-behind-stocks-among-the-s-p-500-are-expected-to-rise-up-to-59-over-12-months-11629992803,MarketWatch,-0.15092592592592594,0.29814814814814816,negative,0.15092592592592594,False,False,False,False,False,False,False,False,0.0,225,"['MU', 'LVS', 'ATVI', 'GPN', 'INCY', 'NOV', 'TTWO', 'FMC', 'VRTX', 'NEM', 'LW', 'QCOM', 'FIS', 'PENN', 'BAX', 'VFC', 'ZBH', 'STZ', 'WYNN', 'EA', 'SPY', 'GOOG', 'GOOGL', 'AAPL', 'MSFT', 'AMZN', 'RSP']",LW,2021-08-28
Dividend Challenger Highlights: Week Of August 29,A weekly summary of dividend activity for Dividend Challengers. Companies which changed their dividends. Companies with upcoming ex-dividend dates. Companies with upcoming pay dates.,2021-08-29 06:50:59+00:00,https://seekingalpha.com/article/4452423-dividend-challenger-highlights-week-of-august-29,Seeking Alpha,0.0,0.0,neutral,0.0,False,False,False,False,False,True,False,False,0.0,233,"['AEE', 'AEM', 'AMNB', 'AVT', 'BAC', 'BAX', 'CCBG', 'CGNX', 'CNA', 'DKS', 'DRE', 'EGP', 'ETR', 'FFNW', 'FNCB', 'GAIN', 'GCBC', 'GOLF', 'GWRS', 'HLI', 'HNNA', 'HTH', 'IDA', 'INTC', 'IPG', 'KRNY', 'LAND', 'LANDM', 'LANDO', 'LCII', 'LW', 'MLM', 'MSCI', 'MTRN', 'MVBF', 'NBTB', 'NNI', 'NPO', 'NSA', 'ODFL', 'OGS', 'OTEX', 'PEBK', 'PNW', 'PRGS', 'PSX', 'RF', 'RMAX', 'SF', 'SFB', 'SHBI', 'SIGI', 'SMMF', 'SSNC', 'SWKS', 'TAIT', 'TEL', 'TFSL', 'TKR', 'TSN', 'TTEK', 'UFPI', 'VMC', 'WMS', 'WTS']",LW,2021-08-29
Wall Street sees as much as 56% upside for its 20 favorite stocks,"Stocks favored by analysts include Micron, GM, Activision Blizzard and Southwest Airlines.",2021-09-08 11:01:00+00:00,https://www.marketwatch.com/story/wall-street-sees-as-much-as-56-upside-for-its-20-favorite-stocks-11631025329,MarketWatch,0.5,0.7000000000000001,positive,0.5,False,False,False,False,False,False,False,False,0.0,157,"['MU', 'FANG', 'GM', 'NWSA', 'GPN', 'ATVI', 'ALK', 'PXD', 'LUV', 'LW', 'COP', 'CNC', 'VRTX', 'FDX', 'DVN', 'VLO', 'MA', 'ZBH', 'SLB', 'TMUS']",LW,2021-09-08
"Lamb Weston (LW) Troubled by High Costs, Supply-Chain Woes",Lamb Weston (LW) is battling input and transportation cost inflation along with supply-chain hiccups. The company's Retail segment is seeing tough sales comparisons with the year-ago period.,2021-09-08 12:27:00+00:00,https://www.zacks.com/stock/news/1793267/lamb-weston-lw-troubled-by-high-costs-supply-chain-woes,Zacks Investment Research,-0.24296296296296296,0.7911111111111112,negative,0.24296296296296296,False,False,False,False,False,False,False,False,0.0,250,"['JJSF', 'MED', 'LW', 'CELH']",LW,2021-09-08
Wall Street Breakfast: The Week Ahead,"Listen on the go! A daily podcast of Wall Street Breakfast will be available by 8:00 a.m. on Seeking Alpha, iTunes, Stitcher and Spotify.",2021-09-19 11:17:19+00:00,https://seekingalpha.com/article/4456023-wall-street-breakfast-week-ahead,Seeking Alpha,0.2,0.2,positive,0.2,False,False,False,False,False,False,False,False,0.0,176,"['FDX', 'NKE', 'T', 'DIS', 'PTON', 'FUSE', 'AZO', 'CBRL', 'ACB', 'ADBE', 'SFIX', 'GIS', 'BB', 'KBH', 'CCL', 'DRI', 'RAD', 'COST', 'DOCN', 'ACVA', 'DSEY', 'OLK', 'CRCT', 'VZIO', 'SEMR', 'TDUP', 'LVTX', 'ACN', 'LMT', 'PRGS', 'IDA', 'INCY', 'VRCA', 'XPO', 'BSX', 'MSFT', 'SPT', 'CRM', 'WMG', 'NWS', 'SNAP', 'TMUS', 'HAS', 'FRPT', 'LW', 'SVM', 'RJF', 'V', 'JPM', 'BHP', 'VALE', 'RIO']",LW,2021-09-19
Wall Street Breakfast: The Week Ahead (Podcast),The Federal Reserve meeting is the big marquee event in the week ahead.,2021-09-19 11:28:58+00:00,https://seekingalpha.com/article/4456025-wall-street-breakfast-the-week-ahead-podcast,Seeking Alpha,0.0,0.1,neutral,0.0,False,False,False,False,False,False,False,False,0.0,120,"['FDX', 'NKE', 'T', 'DIS', 'PTON', 'FUSE', 'AZO', 'CBRL', 'ACB', 'ADBE', 'SFIX', 'GIS', 'BB', 'KBH', 'CCL', 'DRI', 'RAD', 'COST', 'DOCN', 'ACVA', 'DSEY', 'OLK', 'CRCT', 'VZIO', 'SEMR', 'TDUP', 'LVTX', 'ACN', 'LMT', 'PRGS', 'IDA', 'INCY', 'VRCA', 'XPO', 'BSX', 'MSFT', 'SPT', 'CRM', 'WMG', 'NWS', 'SNAP', 'TMUS', 'HAS', 'FRPT', 'LW', 'SVM', 'RJF', 'V', 'JPM', 'BHP', 'VALE', 'RIO']",LW,2021-09-19
Input Cost Inflation Turns Things Sour for These Food Stocks,"Food companies such as Conagra (CAG), Kellogg (K), The J.M. Smucker (SJM) and TreeHouse Foods (THS) are seeing escalated input costs. Most companies are battling higher ingredients, transportation and packaging costs.",2021-09-23 11:50:00+00:00,https://www.zacks.com/stock/news/1799982/input-cost-inflation-turns-things-sour-for-these-food-stocks,Zacks Investment Research,0.15,0.4,positive,0.15,False,False,False,False,False,False,False,False,0.0,279,"['CAG', 'SJM', 'K', 'MKC', 'FLO', 'THS', 'LW']",LW,2021-09-23
"These stocks are in bear-market territory, but Wall Street expects them to soar as much as 68%","More than 100 large-cap stocks are at least 20% below their 52-week highs. But analysts love Micron Technology, Activision Blizzard and JD.com, among others.",2021-09-25 13:09:00+00:00,https://www.marketwatch.com/story/these-stocks-are-in-bear-market-territory-but-wall-street-expects-them-to-soar-as-much-as-68-11632319597,MarketWatch,0.22499999999999998,0.42500000000000004,positive,0.22499999999999998,False,False,False,False,False,False,False,False,0.0,253,"['SPY', 'AAPL', 'MSFT', 'AMZN', 'FB', 'GOOGL', 'WDC', 'BIDU', 'MU', 'ATVI', 'NTES', 'NWSA', 'GM', 'HES', 'GPN', 'VFC', 'PDD', 'FANG', 'TTWO', 'FCX', 'VRTX', 'ALK', 'LW', 'EMN', 'PTC', 'FIS', 'HAL', 'SWK', 'SLB', 'NEM', 'LUV', 'VLO', 'ZBH', 'FMC', 'CI', 'GLW', 'LDOS', 'WRK', 'PTON', 'FDX', 'JD']",LW,2021-09-25
Only 47 stocks in the S&P 500 have fallen over the past year — Wall Street predicts they will climb up to 54% in 12 months,"Activision, FedEx and Merck are on this stock-market list.",2021-09-29 10:09:00+00:00,https://www.marketwatch.com/story/only-47-stocks-in-the-s-p-500-have-fallen-over-the-past-year-wall-street-predicts-they-will-climb-up-to-54-in-12-months-11632841404,MarketWatch,-0.125,0.625,negative,0.125,False,False,False,False,False,False,False,False,0.0,182,"['ATVI', 'GPN', 'LW', 'FDX', 'VRTX', 'FIS', 'NEM', 'MRK', 'AKAM', 'FMC', 'TTWO', 'VFC', 'ATO', 'APD', 'D', 'INCY', 'FTV', 'LMT', 'DTE', 'PCAR', 'CMS', 'LVS', 'IPGP', 'VTRS', 'CAG', 'CTXS', 'DLTR', 'ES', 'PNW', 'AMGN', 'PGR', 'CHD', 'VZ', 'T', 'WU', 'GIS', 'CHRW', 'CPB', 'KMB', 'WEC', 'MKTX', 'CLX', 'MKC', 'XEL', 'BF.B', 'ED', 'HRL']",LW,2021-09-29
Earnings Preview: Lamb Weston (LW) Q1 Earnings Expected to Decline,Lamb Weston (LW) doesn't possess the right combination of the two key ingredients for a likely earnings beat in its upcoming report. Get prepared with the key expectations.,2021-09-30 19:00:05+00:00,https://www.zacks.com/stock/news/1803417/earnings-preview-lamb-weston-lw-q1-earnings-expected-to-decline,Zacks Investment Research,0.03714285714285714,0.7871428571428571,neutral,0.03714285714285714,True,False,False,False,False,False,False,False,0.0,240,['LW'],LW,2021-09-30
Factors to Watch Ahead of Lamb Weston's (LW) Q1 Earnings Release,"Lamb Weston's (LW) Q1 results are likely to reflect cost inflation of key production inputs, packaging and transportation, while the away-from-home food demand recovery is likely to have aided.",2021-10-01 10:22:00+00:00,https://www.zacks.com/stock/news/1803626/factors-to-watch-ahead-of-lamb-westons-lw-q1-earnings-release,Zacks Investment Research,0.0,1.0,neutral,0.0,True,False,False,False,True,False,False,False,0.0,259,"['HSY', 'PEP', 'K', 'LW']",LW,2021-10-01
Wall Street Breakfast: The Week Ahead,"Listen on the go! A daily podcast of Wall Street Breakfast will be available by 8:00 a.m. on Seeking Alpha, iTunes, Stitcher and Spotify.",2021-10-03 11:12:24+00:00,https://seekingalpha.com/article/4458205-wall-street-breakfast-week-ahead,Seeking Alpha,0.2,0.2,positive,0.2,False,False,False,False,False,False,False,False,0.0,176,"['GM', 'BOX', 'IBM', 'MO', 'NAPA', 'PEP', 'LOOP', 'AYI', 'STZ', 'LEVI', 'CAG', 'TLRY', 'LW', 'KBH', 'RPM', 'AEE', 'THO', 'AMGN', 'AZN', 'CFRX', 'CARA', 'LYRA', 'LABP', 'KLDO', 'APPN', 'GAN', 'RELL', 'IPAR', 'NKE', 'SONY', 'T', 'ISRG', 'HAS', 'MAT', 'TGT', 'XEC', 'COG', 'MRO', 'LNG', 'TELL']",LW,2021-10-03
Monday's Market Minute: Jobs Report on the Horizon,"The focus this week will be squarely on the monthly jobs report due out on Friday. After three weeks of disappointing weekly job reports, the larger and more closely watched-monthly number will provide investors and traders insight in terms of where labor conditions in the U.S. stand, with over 10 million jobs open yet employers struggling to find workers to fill positions.
Wages on the rise have fed into the inflation concerns investors and traders have expressed recently; this will bring heightened attention to the wages component of the report. Before the ...",2021-10-04 14:13:34+00:00,https://www.benzinga.com/markets/cannabis/21/10/23218542/mondays-market-minute-jobs-report-on-the-horizon,Benzinga,-0.0375,0.4708333333333334,neutral,0.0375,False,False,False,False,False,False,False,False,0.0,620,"['CAG', 'PEP', 'LW', 'TLRY', 'LEVI']",LW,2021-10-04
"5 Stocks To Watch For October 7, 2021","Some of the stocks that may grab investor focus today are:

Wall Street expects  Conagra Brands Inc (NYSE: CAG) to report quarterly earnings at $0.49 per share on revenue of $2.54 billion before the opening bell. Conagra shares rose 0.4% to $34.60 in after-hours trading.
Analysts are expecting  Helen of Troy Limited (NASDAQ: HELE) to have earned $2.17 per share on revenue ...",2021-10-07 08:34:17+00:00,https://www.benzinga.com/news/earnings/21/10/23274248/5-stocks-to-watch-for-october-7-2021,Benzinga,0.2642857142857143,0.5464285714285714,positive,0.2642857142857143,True,False,False,False,False,False,False,False,0.0,417,"['APP', 'HELE', 'CAG', 'TWTR', 'LW']",LW,2021-10-07
A Peek Into The Markets: US Stock Futures Rise; Jobless Claims Data In Focus,"Pre-open movers
U.S. stock futures traded higher in early pre-market trade after the Dow Jones gained more than 100 points in the previous session. Investors are awaiting earnings results from  Conagra Brands Inc (NYSE: CAG),  Helen of Troy Limited  (NASDAQ: HELE) and  Lamb Weston Holdings Inc (NYSE: LW).
The Challenger job-cut report for September is scheduled for release at 7:30 a.m. ET, while data on initial jobless claims for the latest week will be released at 8:30 a.m. ET. Analysts expect jobless claims dropping to 348,000 in the latest week from 362,000 a week ago. Federal Reserve Bank of New York chief John C Williams is set to speak at 8:30 a.m. ET.
Futures for the Dow Jones Industrial Average jumped 151 points to 34,442.00 while the Standard & Poor’s 500 index futures gained 26.75 points to 4,380.75. Futures for the Nasdaq 100 index rose 148.25 points to 14,907.25.
The U.S. has the highest number of COVID-19 cases and deaths in the world, with total infections in the country exceeding 44,058,900 ...",2021-10-07 10:02:59+00:00,https://www.benzinga.com/news/earnings/21/10/23274904/a-peek-into-the-markets-us-stock-futures-rise-jobless-claims-data-in-focus,Benzinga,0.12844774273345702,0.4688620902906617,positive,0.12844774273345702,True,False,False,False,True,False,False,False,0.0,1102,"['APP', 'HELE', 'CAG', 'MDP', 'TFX', 'SLCA', 'TWTR', 'LW', 'IAC']",LW,2021-10-07
Lamb Weston (LW) Q1 Earnings and Revenues Miss Estimates,"Lamb Weston (LW) delivered earnings and revenue surprises of -47.37% and -1.46%, respectively, for the quarter ended August 2021. Do the numbers hold clues to what lies ahead for the stock?",2021-10-07 13:55:02+00:00,https://www.zacks.com/stock/news/1807223/lamb-weston-lw-q1-earnings-and-revenues-miss-estimates,Zacks Investment Research,0.0,0.1,neutral,0.0,True,False,False,False,False,False,False,False,0.0,247,['LW'],LW,2021-10-07
"Lamb Weston (LW) Q1 Earnings Miss Estimates, Sales Rise Y/Y","Lamb Weston's (LW) first-quarter fiscal 2022 results reflect recovery in away-from-home frozen potato products demand, while declines in the retail channel were a drag.",2021-10-07 16:52:00+00:00,https://www.zacks.com/stock/news/1807579/lamb-weston-lw-q1-earnings-miss-estimates-sales-rise-yy,Zacks Investment Research,-0.1,0.07083333333333333,neutral,0.1,True,False,False,False,True,False,False,False,0.0,229,"['DAR', 'UNFI', 'JJSF', 'LW']",LW,2021-10-07
"Lamb Weston Holdings, inc (LW) Q1 2022 Earnings Call Transcript","LW earnings call for the period ending August 29, 2021.",2021-10-07 18:30:17+00:00,https://www.fool.com/earnings/call-transcripts/2021/10/07/lamb-weston-holdings-inc-lw-q1-2022-earnings-call/,The Motley Fool,0.0,0.0,neutral,0.0,True,False,False,False,False,False,False,False,0.0,120,['LW'],LW,2021-10-07
"Company News for Oct 8, 2021","Companies in The News Are: LEVI, HELE, LW, TWTR.",2021-10-08 13:25:00+00:00,https://www.zacks.com/stock/news/1808178/company-news-for-oct-8-2021,Zacks Investment Research,0.0,0.0,neutral,0.0,False,False,False,False,False,False,False,False,0.0,78,"['HELE', 'TWTR', 'LW', 'LEVI']",LW,2021-10-08
"Company News for Oct 8, 2021","Companies in The News Are: LEVI, HELE, LW, TWTR.",2021-10-08 13:31:00+00:00,https://www.zacks.com/stock/news/1808200/company-news-for-oct-8-2021,Zacks Investment Research,0.0,0.0,neutral,0.0,False,False,False,False,False,False,False,False,0.0,78,"['HELE', 'TWTR', 'LW', 'LEVI']",LW,2021-10-08
New Strong Sell Stocks for October 8th,"BWA, AXL, BUD, and LW have been added to the Zacks Rank #5 (Strong Sell) List on October 8, 2021.",2021-10-08 15:07:00+00:00,https://www.zacks.com/stock/news/1808290/new-strong-sell-stocks-for-october-8th,Zacks Investment Research,0.05075757575757571,0.7053030303030303,neutral,0.05075757575757571,False,False,False,False,False,False,False,False,0.0,137,"['BWA', 'AXL', 'BUD', 'LW']",LW,2021-10-08
"JPMorgan downgrades Conagra and upgrades Hormel, as inflation fears should keep investors in many large food companies on the sidelines",JPMorgan analysts say many large-cap food producers have limited long-term growth potential,2021-10-11 12:01:00+00:00,https://www.marketwatch.com/story/jpmorgan-downgrades-conagra-and-upgrades-hormel-as-inflation-fears-should-keep-investors-in-many-large-food-companies-on-the-sidelines-11633710971,MarketWatch,0.2285714285714286,0.5142857142857142,positive,0.2285714285714286,False,False,False,False,False,False,False,False,0.0,228,"['CAG', 'HRL', 'KHC', 'K', 'LW', 'OTLY']",LW,2021-10-11
GIS vs. LW: Which Stock Should Value Investors Buy Now?,GIS vs. LW: Which Stock Is the Better Value Option?,2021-10-15 15:40:07+00:00,https://www.zacks.com/stock/news/1811044/gis-vs-lw-which-stock-should-value-investors-buy-now,Zacks Investment Research,0.5,0.5,positive,0.5,False,True,False,False,False,False,False,False,0.0,108,"['GIS', 'LW']",LW,2021-10-15
Put these 10 stocks on your radar because they may rebound from recent tax-loss selling,"Professional investors tend to dump some of their losers by the end of October, creating greater value in some stocks.",2021-11-06 13:42:00+00:00,https://www.marketwatch.com/story/put-these-10-stocks-on-your-radar-because-they-may-rebound-from-recent-tax-loss-selling-11635776937,MarketWatch,0.1,0.2625,neutral,0.1,True,False,False,False,False,False,False,False,0.0,207,"['GPN', 'VTRS', 'INCY', 'QCOM', 'TMUS', 'INTC', 'MELI', 'DNUT', 'LW', 'MCD', 'NFE']",LW,2021-11-06
GIS vs. LW: Which Stock Should Value Investors Buy Now?,GIS vs. LW: Which Stock Is the Better Value Option?,2021-11-10 16:40:12+00:00,https://www.zacks.com/stock/news/1826699/gis-vs-lw-which-stock-should-value-investors-buy-now,Zacks Investment Research,0.5,0.5,positive,0.5,False,True,False,False,False,False,False,False,0.0,108,"['GIS', 'LW']",LW,2021-11-10
These are Wall Street's 20 favorite stocks as the Fed's Powell jolts the market with taper talk,A sustained downturn in stocks could create new buying opportunities for long-term investors.,2021-12-01 12:00:00+00:00,https://www.marketwatch.com/story/these-are-wall-streets-favorite-stocks-as-the-feds-powell-jolts-the-market-with-taper-talk-11638296408,MarketWatch,0.3181818181818182,0.7272727272727273,positive,0.3181818181818182,False,True,False,False,False,False,False,False,0.0,190,"['GPN', 'ALK', 'CZR', 'TMUS', 'PYPL', 'FIS', 'PTC', 'TFX', 'NWSA', 'LUV', 'LW', 'V', 'FISV', 'HWM', 'MA', 'SLB', 'VLO', 'BSX', 'CI', 'LDOS']",LW,2021-12-01
"5 Stocks To Watch For December 20, 2021","Some of the stocks that may grab investor focus today are:

Wall Street expects  Carnival Corporation  (NYSE: CCL) to report a quarterly loss at $1.27 per share on revenue of $1.34 billion before the opening bell. Carnival shares slipped 0.4% to $18.20 in after-hours trading.
argenx SE (NASDAQ: ARGX) reported the FDA approval VYVGART for the treatment of generalized myasthenia gravis. argenx shares gained 4.8% to $325.00 ...",2021-12-20 09:14:59+00:00,https://www.benzinga.com/news/earnings/21/12/24692972/5-stocks-to-watch-for-december-20-2021,Benzinga,0.0,0.0,neutral,0.0,True,False,True,False,False,False,False,False,0.0,469,"['CCL', 'MU', 'NKE', 'LW', 'ARGX']",LW,2021-12-20
A Peek Into The Markets: US Stock Futures Signal Lower Start On Wall Street; Crude Oil Down 4%,"Pre-open movers
U.S. stock futures traded lower in early pre-market trade after the Dow Jones tumbled more than 500 points in the previous session. The Federal Reserve, last week, said it will be accelerating its monthly asset purchase tapering. Investors are awaiting earnings results from  Carnival Corporation (NYSE: CCL),  NIKE, Inc. (NYSE: NKE) and  Micron Technology, Inc. (NASDAQ: MU).
The index of leading economic indicators for November is scheduled for release at 10:00 a.m. ET. The index might rise 0.8% in November, versus a 0.9% increase in the previous month.
Futures for the Dow Jones Industrial Average dipped 559 points to 34,693.00 while the Standard & Poor’s 500 index futures fell 74.75 points to 4,535.25. Futures for the Nasdaq 100 index dipped 260 points to 15,527.75.
The U.S. has the highest number of COVID-19 cases and deaths in the world, with total ...",2021-12-20 10:48:08+00:00,https://www.benzinga.com/news/earnings/21/12/24693557/a-peek-into-the-markets-us-stock-futures-signal-lower-start-on-wall-street-crude-oil-down-4,Benzinga,-0.07824074074074074,0.3699074074074074,neutral,0.07824074074074074,True,False,False,False,True,False,False,False,0.0,978,"['AAPL', 'CERN', 'EPAY', 'ORCL', 'CCL', 'MU', 'NKE', 'LW', 'ARGX']",LW,2021-12-20
Lamb Weston's (LW) Stock Falls 22% in 6 Months on Input Costs,"Lamb Weston (LW) has been encountering escalated input costs and high SG&A costs. For fiscal 2022, management expects net income and adjusted EBITDA to be under pressure.",2021-12-22 14:10:00+00:00,https://www.zacks.com/stock/news/1842240/lamb-westons-lw-stock-falls-22-in-6-months-on-input-costs,Zacks Investment Research,0.08,0.26999999999999996,neutral,0.08,False,False,False,False,False,False,True,False,0.0,233,"['HAIN', 'IPAR', 'MGPI', 'LW']",LW,2021-12-22
A 2021 Year-End Portfolio Of Bounce Candidates Expected To Outperform In January,"Buying a basket of underperformers, the goal is to outperform the S&P 500 by five percentage points at some point during January 2022. Read our strategy here.",2021-12-30 06:02:21+00:00,https://seekingalpha.com/article/4477260-2021-year-end-portfolio-bounce-candidates-expected-outperform-january,Seeking Alpha,-0.1,0.4,neutral,0.1,False,True,False,False,False,False,False,False,0.0,240,"['ATVI', 'CTXS', 'DISCA', 'DISCB', 'DISCK', 'FIS', 'FLT', 'GPN', 'IPGP', 'LDOS', 'LVS', 'LW', 'MKTX', 'PENN', 'PYPL', 'TFX', 'TWTR', 'VFC', 'VIAC', 'VIACA', 'VIACP', 'VTRS', 'WYNN', 'ZBH']",LW,2021-12-30
Analysts Estimate Lamb Weston (LW) to Report a Decline in Earnings: What to Look Out for,Lamb Weston (LW) doesn't possess the right combination of the two key ingredients for a likely earnings beat in its upcoming report. Get prepared with the key expectations.,2021-12-30 20:00:16+00:00,https://www.zacks.com/stock/news/1845674/analysts-estimate-lamb-weston-lw-to-report-a-decline-in-earnings-what-to-look-out-for,Zacks Investment Research,0.07142857142857142,0.8839285714285714,neutral,0.07142857142857142,True,False,False,False,False,False,False,False,0.0,262,['LW'],LW,2021-12-30
"These stocks are down at least 20% from 2021 highs, but Wall Street sees them gaining as much as 87% in 2022","More  than 90 large-cap stocks are down at least 20% from their 2021 highs, but analysts love many of them, including JD.com, PayPal and Disney.",2022-01-03 14:20:00+00:00,https://www.marketwatch.com/story/these-stocks-are-down-at-least-20-from-2021-highs-but-wall-street-sees-them-gaining-as-much-as-87-in-2022-11640787635,MarketWatch,0.09861111111111111,0.39722222222222225,neutral,0.09861111111111111,False,False,False,False,False,False,False,False,0.0,254,"['SPY', 'AAPL', 'MSFT', 'AMZN', 'GOOGL', 'TSLA', 'GOOG', 'QQQ', 'PDD', 'BIDU', 'JD', 'MELI', 'CZR', 'GNRC', 'ALK', 'PYPL', 'CRWD', 'TCOM', 'TMUS', 'ENPH', 'GPN', 'NTES', 'ATVI', 'LUV', 'FIS', 'MTCH', 'LDOS', 'WRK', 'MDT', 'TFX', 'ZBH', 'PTC', 'PSX', 'BA', 'OKTA', 'DIS', 'GLW', 'LW']",LW,2022-01-03
Lamb Weston price outlook as analysts predict a decline in FQ2 earnings,"On Monday, Lamb Weston Holdings Inc. (NYSE:LW) shares edged slightly high ahead of its fiscal second-quarter results. The company is expected to announce its most recent quarterly revenue and earnings on Thursday. Analysts expect its earnings per share to decline from the same quarter last year, while the top line is expected to improve. The […]
The post Lamb Weston price outlook as analysts predict a decline in FQ2 earnings appeared first on Invezz.",2022-01-04 14:12:46+00:00,https://invezz.com/news/2022/01/04/lamb-weston-price-outlook-as-analysts-predict-a-decline-in-fq2-earnings/,Invezz,0.13444444444444445,0.34611111111111115,positive,0.13444444444444445,True,False,True,False,False,False,False,False,0.0,527,['LW'],LW,2022-01-04
Lamb Weston's (LW) Queued for Q2 Earnings: Things to Note,"Lamb Weston's (LW) Q2 performance is likely to reflect cost inflation of key production inputs, packaging and transportation. Nevertheless, effective pricing actions are likely to have aided.",2022-01-04 14:21:00+00:00,https://www.zacks.com/stock/news/1847023/lamb-westons-lw-queued-for-q2-earnings-things-to-note,Zacks Investment Research,0.15,0.95,positive,0.15,True,False,False,False,True,False,False,False,0.0,250,"['SJM', 'STZ', 'MKC', 'LW']",LW,2022-01-04
Lamb Weston (LW) Q2 Earnings and Revenues Beat Estimates,"Lamb Weston (LW) delivered earnings and revenue surprises of 51.52% and 0.48%, respectively, for the quarter ended November 2021. Do the numbers hold clues to what lies ahead for the stock?",2022-01-06 14:45:02+00:00,https://www.zacks.com/stock/news/1848361/lamb-weston-lw-q2-earnings-and-revenues-beat-estimates,Zacks Investment Research,0.0,0.1,neutral,0.0,True,False,False,False,False,False,False,False,0.0,247,"['LW', 'SYY']",LW,2022-01-06
"Lamb Weston (LW) Q2 Earnings Top Estimates, Sales Rise Y/Y","Lamb Weston's (LW) second-quarter fiscal 2022 results reflect year-over-year sales growth on increased sales volumes and price/mix. However, earnings declined year over year.",2022-01-06 16:31:00+00:00,https://www.zacks.com/stock/news/1848466/lamb-weston-lw-q2-earnings-top-estimates-sales-rise-yy,Zacks Investment Research,0.5,0.5,positive,0.5,True,False,True,False,False,False,False,False,0.0,234,"['FLO', 'UNFI', 'MED', 'LW']",LW,2022-01-06
Why Lamb Weston Stock Jumped 13.5% at the Open Today,"This potato-focused food company's stock price got a boost from its latest earnings report, which wasn't great, but did suggest that its business is improving.",2022-01-06 17:03:54+00:00,https://www.fool.com/investing/2022/01/06/why-lamb-weston-stock-jumped-135-at-the-open-today/,The Motley Fool,0.43333333333333335,0.7166666666666667,positive,0.43333333333333335,True,False,False,False,False,False,False,False,0.0,213,['LW'],LW,2022-01-06
"Lamb Weston Holdings, Inc. (LW) Q2 2022 Earnings Call Transcript","LW earnings call for the period ending December 31, 2021.",2022-01-06 22:30:29+00:00,https://www.fool.com/earnings/call-transcripts/2022/01/06/lamb-weston-holdings-inc-lw-q2-2022-earnings-call/,The Motley Fool,0.0,0.0,neutral,0.0,True,False,False,False,False,False,False,False,0.0,123,['LW'],LW,2022-01-06
"Company News for Jan 7, 2022","Companies In The News Are: LW, CAG, SCHN, LULU, AMZN.",2022-01-07 13:40:00+00:00,https://www.zacks.com/stock/news/1848885/company-news-for-jan-7-2022,Zacks Investment Research,0.0,0.0,neutral,0.0,False,False,False,False,False,False,False,False,0.0,83,"['AMZN', 'CAG', 'LULU', 'SCHN', 'LW']",LW,2022-01-07
The U.S. Unemployment Rate Falls Despite Fewer Than Expected Jobs Added,"This post contains sponsored advertising content. The content that follows is for informational purposes only and is not intended to be investing advice.
The Employment Situation report was released on Friday and was weaker than expected; the economy added about half the jobs that were forecasted. The Omicron variant and the recent trend of self-employment as part of the Great Resignation could be to blame for the smaller number. However, the unemployment rate fell to 3.9% from 4.1% which was aided in part by an increase in the participation rate. Equity index futures drifted a little lower on the news.  
A few stocks that were moving in premarket action included GameStop (NYSE: GME), which was trading 14.48% higher on news that the company is launching a division to develop a marketplace for NFTs or nonfungible tokens. Additionally, the company plans to establish partnerships for cryptocurrencies. The plans are part of an overall vision that’s meant to turn GameStop around.
Acuity Brands (NYSE: AYI) rose more than 4% in premarket trading after reporting that the company beat earnings and revenue estimates. The electronics company saw strength in its lighting and lighting controls sales despite supply chain challenges.
Of course, not all stocks are rising; Starbucks (NASDAQ: SBUX) fell 2% in premarket trading after being downgraded by RBC Capital and Oppenheimer. The analysts cited near-term growth concerns.
Bitcoin continues its slide Friday morning, dropping another 3.21%. The cryptocurrency is down more than 11% in the last five days and nearly 38% from its November 2021 high.  
On Thursday, the major indices closed lower with the S&P 500 (SPX) testing its 50-day moving average. Growth stocks fell in the morning session because of another rise in interest rates, but bargain shoppers appeared to come in later in the day and pushed many growth stocks off their lows. Despite the major indices being down, NYSE advancers actually outpaced decliners about 1.25 to 1. Additionally, the Cboe Market Volatility Index (VIX) fell 0.61%. These could be important undercurrents to keep an eye on.
Packaged food company Lamb Weston (NYSE: LW) led the ...",2022-01-07 14:49:47+00:00,https://www.benzinga.com/government/22/01/24948284/the-u-s-unemployment-rate-falls-despite-fewer-than-expected-jobs-added,Benzinga,0.09713293650793652,0.40361111111111114,neutral,0.09713293650793652,True,False,False,True,True,False,False,False,0.2,2250,"['SBUX', 'SIVB', 'AYI', 'GME', 'LW']",LW,2022-01-07
Lamb Weston (LW) Gains 25% in 3 Months: Will It Continue?,Lamb Weston (LW) is benefiting from the robust demand in the food away-from-home channels. The company's capacity expansion efforts are also impressive.,2022-01-12 16:43:00+00:00,https://www.zacks.com/stock/news/1851007/lamb-weston-lw-gains-25-in-3-months-will-it-continue,Zacks Investment Research,1.0,1.0,positive,1.0,False,False,False,False,False,False,False,False,0.0,211,"['FLO', 'UNFI', 'SAFM', 'LW']",LW,2022-01-12
"Dividend Champion, Contender, And Challenger Highlights: Week Of January 30","A weekly summary of dividend activity for Dividend Champions, Contenders, and Challengers. Companies which changed their dividends. Companies with upcoming ex-dividend dates.",2022-01-30 06:49:21+00:00,https://seekingalpha.com/article/4482766-dividend-champion-contender-and-challenger-highlights-week-of-january-30,Seeking Alpha,0.0,0.0,neutral,0.0,False,False,False,False,False,True,False,False,0.0,251,"['AAPL', 'ABM', 'ADM', 'AIT', 'AJG', 'ALG', 'ANTM', 'AROW', 'ATR', 'AWK', 'BAH', 'BMRC', 'BMY', 'BRO', 'BWFG', 'CADE', 'CATC', 'CBAN', 'CHD', 'CINF', 'CMCSA', 'CMS', 'CMSA', 'CMSC', 'CMSD', 'CNI', 'COST', 'CVX', 'CWT', 'DGX', 'EBTC', 'FAST', 'FCF', 'FELE', 'FNV', 'FRAF', 'GATX', 'GD', 'GGG', 'GHC', 'GL', 'HBCP', 'HESM', 'HOMB', 'IBCP', 'IBTX', 'IDA', 'INTC', 'JBHT', 'KAI', 'KMB', 'LBAI', 'LKFN', 'LNC', 'LOW', 'LW', 'MAIN', 'MATW', 'MET', 'MKTX', 'MMP', 'MPLX', 'NATI', 'NEP', 'NI', 'NSC', 'NWBI', 'NWFL', 'NXST', 'OVLY', 'PEBO', 'PETS', 'PFC', 'PFIS', 'PII', 'PNR', 'RBCAA', 'RGCO', 'SASR', 'SFNC', 'SGU', 'SJW', 'SRCE', 'SXT', 'TMP', 'TSCO', 'TXN', 'UNB', 'UTL', 'UVV', 'VZ', 'WABC', 'WAFD', 'WSFS', 'WST', 'WTBA', 'WTFC', 'WTFCM', 'WTFCP']",LW,2022-01-30
"Small-cap stocks haven’t been this cheap in decades, and they now have three tailwinds ",Smaller-company stocks have suffered as the Fed reduces stimulus. But the reopening of the economy will change that.,2022-02-09 17:32:00+00:00,https://www.marketwatch.com/story/small-cap-stocks-havent-been-this-cheap-in-decades-and-they-now-have-three-tailwinds-11644427920,MarketWatch,0.4,0.7,positive,0.4,False,False,False,False,False,False,False,False,0.0,205,"['NFLX', 'FB', 'LW', 'MCD', 'AAPL', 'IEA', 'SSTK', 'LEGH', 'XMTR', 'AMZN', 'PLAB']",LW,2022-02-09
Will Supply Chain Woes Mar Boston Beer's (SAM) Q4 Earnings?,"Boston Beer's (SAM) Q4 and 2021 results are expected to reflect impacts from sluggish hard seltzer trends and increased supply-chain expenses, leading to lower shipments and margins.",2022-02-10 16:03:00+00:00,https://www.zacks.com/stock/news/1865794/will-supply-chain-woes-mar-boston-beers-sam-q4-earnings,Zacks Investment Research,-0.19583333333333336,0.4708333333333333,negative,0.19583333333333336,True,False,False,False,False,False,False,False,0.0,243,"['HRL', 'SAM', 'SCI', 'LW']",LW,2022-02-10
Things to Consider Before Service Corporation (SCI) Q4 Earnings,Service Corporation's (SCI) fourth-quarter performance is likely to reflect preneed funeral sales production growth. Mild wage and supply chain cost pressures might be a concern.,2022-02-11 14:23:00+00:00,https://www.zacks.com/stock/news/1866388/things-to-consider-before-service-corporation-sci-q4-earnings,Zacks Investment Research,0.16666666666666666,0.75,positive,0.16666666666666666,True,False,False,False,True,False,False,False,0.0,243,"['HRL', 'SCI', 'GO', 'LW']",LW,2022-02-11
Things to Keep in Mind Before Kraft Heinz's (KHC) Q4 Earnings,"Kraft Heinz's (KHC) Q4 performance is likely to reflect the adverse impacts of escalated cost inflation. Nevertheless, better-than-anticipated organic net sales are likely to have aided.",2022-02-14 14:28:00+00:00,https://www.zacks.com/stock/news/1867078/things-to-keep-in-mind-before-kraft-heinzs-khc-q4-earnings,Zacks Investment Research,0.0,0.6666666666666666,neutral,0.0,True,False,False,False,False,False,False,False,0.0,249,"['SCI', 'KHC', 'GO', 'LW']",LW,2022-02-14
Here's How Molson Coors (TAP) Looks Just Ahead of Q4 Earnings,"Molson Coors (TAP) Q4 results to reflect gains from investments, partnerships and product launches as part of the revitalization plan. Higher marketing and inflationary costs are likely to have hurt.",2022-02-18 15:32:00+00:00,https://www.zacks.com/stock/news/1869959/heres-how-molson-coors-tap-looks-just-ahead-of-q4-earnings,Zacks Investment Research,0.125,0.75,positive,0.125,True,False,False,True,True,False,False,False,0.0,262,"['FL', 'TAP', 'GO', 'LW']",LW,2022-02-18
"Laird Superfood, Inc. (LSF) Reports Q4 Loss, Lags Revenue Estimates","Laird Superfood, Inc. (LSF) delivered earnings and revenue surprises of -18.75% and 0.34%, respectively, for the quarter ended December 2021. Do the numbers hold clues to what lies ahead for the stock?",2022-03-08 22:35:05+00:00,https://www.zacks.com/stock/news/1879265/laird-superfood-inc-lsf-reports-q4-loss-lags-revenue-estimates,Zacks Investment Research,0.0,0.1,neutral,0.0,True,False,False,False,False,False,False,False,0.0,270,"['LSF', 'LW']",LW,2022-03-08
Campbell Soup (CPB) Q2 Earnings Beat Estimates,"Campbell (CPB) delivered earnings and revenue surprises of 1.47% and 0.48%, respectively, for the quarter ended January 2022. Do the numbers hold clues to what lies ahead for the stock?",2022-03-09 13:35:04+00:00,https://www.zacks.com/stock/news/1879535/campbell-soup-cpb-q2-earnings-beat-estimates,Zacks Investment Research,0.0,0.1,neutral,0.0,True,False,False,False,False,False,False,False,0.0,233,"['CPB', 'LW']",LW,2022-03-09
"Calavo Growers (CVGW) Reports Q1 Loss, Tops Revenue Estimates","Calavo (CVGW) delivered earnings and revenue surprises of 0% and 9.60%, respectively, for the quarter ended January 2022. Do the numbers hold clues to what lies ahead for the stock?",2022-03-14 21:25:04+00:00,https://www.zacks.com/stock/news/1881792/calavo-growers-cvgw-reports-q1-loss-tops-revenue-estimates,Zacks Investment Research,0.0,0.1,neutral,0.0,True,False,False,False,False,False,False,False,0.0,244,"['CVGW', 'LW']",LW,2022-03-14
Wall Street Breakfast: What Moved Markets,"Listen on the go! A daily podcast of Wall Street Breakfast will be available this morning on Seeking Alpha, iTunes, Stitcher and Spotify.",2022-03-19 12:26:47+00:00,https://seekingalpha.com/article/4496600-wall-street-breakfast-what-moved-markets,Seeking Alpha,0.2,0.2,positive,0.2,False,False,False,False,False,False,False,False,0.0,180,"['WRB', 'BKR', 'PWR', 'SLB', 'CAT', 'ETSY', 'FTNT', 'STX', 'ALGN', 'LW', 'EPAM', 'NLSN', 'MRNA', 'PYPL', 'XOM', 'HII', 'CVX']",LW,2022-03-19
Earnings Preview: Lamb Weston (LW) Q3 Earnings Expected to Decline,Lamb Weston (LW) doesn't possess the right combination of the two key ingredients for a likely earnings beat in its upcoming report. Get prepared with the key expectations.,2022-03-31 19:00:04+00:00,https://www.zacks.com/stock/news/1890643/earnings-preview-lamb-weston-lw-q3-earnings-expected-to-decline,Zacks Investment Research,0.03714285714285714,0.7871428571428571,neutral,0.03714285714285714,True,False,False,False,False,False,False,False,0.0,240,['LW'],LW,2022-03-31
Making Sense of the Earnings Uncertainty,"With respect to estimate revisions, Q1 estimates would have come down since the start of the period had it not been for the offsetting upward revisions to Energy sector estimates.",2022-04-01 18:28:00+00:00,https://www.zacks.com/commentary/1891282/making-sense-of-the-earnings-uncertainty,Zacks Investment Research,-0.15555555555555559,0.2888888888888889,negative,0.15555555555555559,True,False,True,False,False,False,False,False,0.0,221,"['CAG', 'STZ', 'LW']",LW,2022-04-01
"ConAgra, Constellation Brands, Lamb Weston, and JPMorgan are part of Zacks Earnings Preview","ConAgra, Constellation Brands, Lamb Weston, and JPMorgan are part of today's Eanings Preview Blog.",2022-04-04 11:24:00+00:00,https://www.zacks.com/stock/news/1892066/conagra-constellation-brands-lamb-weston-and-jpmorgan-are-part-of-zacks-earnings-preview,Zacks Investment Research,0.0,0.0,neutral,0.0,True,False,False,False,False,False,False,False,0.0,191,"['JPM', 'CAG', 'STZ', 'LW']",LW,2022-04-04
3 Stocks to Avoid This Week,These investments seem pretty vulnerable right now.,2022-04-04 12:30:00+00:00,https://www.fool.com/investing/2022/04/04/3-stocks-to-avoid-this-week/,The Motley Fool,0.011904761904761899,0.6785714285714285,neutral,0.011904761904761899,False,False,False,False,False,False,False,False,0.0,80,"['WBA', 'GME', 'AMC', 'LW', 'CHWY', 'GO']",LW,2022-04-04
Lamb Weston (LW) Queued for Q3 Earnings: Things to Consider,"Lamb Weston's (LW) Q3 performance is likely to reflect cost inflation, supply chain challenges and labor shortage. Nevertheless, effective pricing actions are likely to have aided.",2022-04-05 15:04:00+00:00,https://www.zacks.com/stock/news/1893181/lamb-weston-lw-queued-for-q3-earnings-things-to-consider,Zacks Investment Research,0.19999999999999998,0.9333333333333332,positive,0.19999999999999998,True,False,False,False,False,False,False,False,0.0,241,"['THS', 'HELE', 'IPAR', 'LW']",LW,2022-04-05
Lamb Weston Holdings Stock To Test Resistance,,2022-04-06 09:45:00+00:00,https://www.investing.com/analysis/lamb-weston-holdings-stock-to-test-resistance-200621647,Investing.com,0.0,0.0,neutral,0.0,False,False,False,False,False,False,False,False,0.0,47,['LW'],LW,2022-04-06
Lamb Weston (LW) Q3 Earnings Surpass Estimates,"Lamb Weston (LW) delivered earnings and revenue surprises of 65.91% and 0.77%, respectively, for the quarter ended February 2022. Do the numbers hold clues to what lies ahead for the stock?",2022-04-07 14:05:02+00:00,https://www.zacks.com/stock/news/1894799/lamb-weston-lw-q3-earnings-surpass-estimates,Zacks Investment Research,0.0,0.1,neutral,0.0,True,False,False,False,False,False,False,False,0.0,237,"['LW', 'MGPI']",LW,2022-04-07
"Lamb Weston (LW) Q3 Earnings Top Estimates, Sales Rise Y/Y","Lamb Weston's (LW) third-quarter fiscal 2022 results reflect year-over-year sales and earnings growth on favorable price/mix. However, increased cost inflation is a concern.",2022-04-07 15:49:00+00:00,https://www.zacks.com/stock/news/1894930/lamb-weston-lw-q3-earnings-top-estimates-sales-rise-yy,Zacks Investment Research,0.5,0.5,positive,0.5,True,False,False,False,False,False,False,False,0.0,233,"['TSN', 'FLO', 'PPC', 'LW']",LW,2022-04-07
"Lamb Weston Holdings, Inc. (LW) Q3 2022 Earnings Call Transcript","LW earnings call for the period ending March 31, 2022.",2022-04-07 20:00:45+00:00,https://www.fool.com/earnings/call-transcripts/2022/04/07/lamb-weston-holdings-inc-lw-q3-2022-earnings-call/,The Motley Fool,0.0,0.0,neutral,0.0,True,False,False,False,False,False,False,False,0.0,120,['LW'],LW,2022-04-07
"Company News for Apr 8, 2022","Companies In The News Are: STZ, LW, CAG, PFE",2022-04-08 12:58:00+00:00,https://www.zacks.com/stock/news/1895543/company-news-for-apr-8-2022,Zacks Investment Research,0.0,0.0,neutral,0.0,False,False,False,False,False,False,False,False,0.0,74,"['PFE', 'CAG', 'STZ', 'LW']",LW,2022-04-08
Earnings Estimates Rising for Lamb Weston (LW): Will It Gain?,"Lamb Weston (LW) shares have started gaining and might continue moving higher in the near term, as indicated by solid earnings estimate revisions.",2022-04-19 16:20:06+00:00,https://www.zacks.com/stock/news/1902413/earnings-estimates-rising-for-lamb-weston-lw-will-it-gain,Zacks Investment Research,0.11666666666666665,0.3333333333333333,positive,0.11666666666666665,True,False,False,False,False,False,False,False,0.0,209,['LW'],LW,2022-04-19
Is Dutch Bros (BROS) Outperforming Other Consumer Staples Stocks This Year?,Here is how Dutch Bros (BROS) and Lamb Weston (LW) have performed compared to their sector so far this year.,2022-04-20 13:40:09+00:00,https://www.zacks.com/stock/news/1903207/is-dutch-bros-bros-outperforming-other-consumer-staples-stocks-this-year,Zacks Investment Research,-0.012499999999999997,0.6875,neutral,0.012499999999999997,False,False,True,False,False,False,False,False,0.0,185,"['BROS', 'LW']",LW,2022-04-20
Lamb Weston (LW) Up on Pricing Action & Foodservice Rebound,"Lamb Weston (LW) is benefiting from robust price/mix for a while. Also, the company is focused on undertaking strategic growth efforts like expanding capacity.",2022-05-25 15:53:00+00:00,https://www.zacks.com/stock/news/1929155/lamb-weston-lw-up-on-pricing-action-foodservice-rebound,Zacks Investment Research,0.1,0.1,neutral,0.1,False,False,False,False,False,False,False,False,0.0,220,"['SYY', 'PPC', 'MED', 'LW']",LW,2022-05-25
My Take: 4 Strong Growth Stocks to Buy This Week,"As always, keep the bigger trends in mind, and don't sweat the near-term noise too much.",2022-06-10 11:15:00+00:00,https://www.fool.com/investing/2022/06/10/my-take-4-strong-growth-stocks-to-buy-this-week/,The Motley Fool,0.2111111111111111,0.4777777777777778,positive,0.2111111111111111,False,True,False,False,False,False,False,False,0.0,138,"['AZO', 'ENPH', 'PANW', 'UBER', 'LW', 'LYFT']",LW,2022-06-10
Lamb Weston (LW) Up More Than 30% in 3 Months: Here's Why,Lamb Weston (LW) benefits from efforts to boost production capacity and fuel long-term growth. Recovery in the Foodservice business has been yielding.,2022-06-13 15:08:00+00:00,https://www.zacks.com/stock/news/1938215/lamb-weston-lw-up-more-than-30-in-3-months-heres-why,Zacks Investment Research,0.5,0.5,positive,0.5,False,False,False,False,True,False,False,False,0.0,209,"['SYY', 'PPC', 'MED', 'LW']",LW,2022-06-13
KRYAY vs. LW: Which Stock Should Value Investors Buy Now?,KRYAY vs. LW: Which Stock Is the Better Value Option?,2022-06-28 15:40:12+00:00,https://www.zacks.com/stock/news/1945102/kryay-vs-lw-which-stock-should-value-investors-buy-now,Zacks Investment Research,0.5,0.5,positive,0.5,False,True,False,False,False,False,False,False,0.0,112,['LW'],LW,2022-06-28
General Mills (GIS) Q4 Earnings and Revenues Surpass Estimates,"General Mills (GIS) delivered earnings and revenue surprises of 10.89% and 1.85%, respectively, for the quarter ended May 2022. Do the numbers hold clues to what lies ahead for the stock?",2022-06-29 12:15:02+00:00,https://www.zacks.com/stock/news/1945507/general-mills-gis-q4-earnings-and-revenues-surpass-estimates,Zacks Investment Research,0.03333333333333335,0.3666666666666667,neutral,0.03333333333333335,True,False,False,False,False,False,False,False,0.0,251,"['GIS', 'LW']",LW,2022-06-29
Lamb Weston (LW) Poised on Pricing & Expansion Efforts,"Lamb Weston (LW) is benefiting from a recovery in the Foodservice business. Also, its effective pricing actions are yielding.",2022-06-29 16:28:00+00:00,https://www.zacks.com/stock/news/1945805/lamb-weston-lw-poised-on-pricing-expansion-efforts,Zacks Investment Research,0.6,0.8,positive,0.6,False,False,False,False,False,False,False,False,0.0,181,"['SYY', 'PPC', 'UNFI', 'LW']",LW,2022-06-29
"What Makes Lamb Weston (LW) a Good Fit for ""Trend Investing""","Lamb Weston (LW) made it through our ""Recent Price Strength"" screen and could be a great choice for investors looking to make a profit from stocks that are currently on the move.",2022-07-08 12:50:04+00:00,https://www.zacks.com/stock/news/1949693/what-makes-lamb-weston-lw-a-good-fit-for-trend-investing,Zacks Investment Research,0.38,0.48,positive,0.38,True,False,False,False,False,False,False,False,0.0,240,['LW'],LW,2022-07-08
Are Consumer Staples Stocks Lagging  The Chef's Warehouse (CHEF) This Year?,Here is how Chefs' Warehouse (CHEF) and Lamb Weston (LW) have performed compared to their sector so far this year.,2022-07-11 13:40:10+00:00,https://www.zacks.com/stock/news/1950405/are-consumer-staples-stocks-lagging-the-chefs-warehouse-chef-this-year,Zacks Investment Research,0.1,1.0,neutral,0.1,False,False,True,False,False,False,False,False,0.0,191,"['CHEF', 'LW']",LW,2022-07-11
Best Momentum Stocks to Buy for July 14th,"LW, VRNA and JBI made it to the Zacks Rank #1 (Strong Buy) momentum stocks list on July 14, 2022.",2022-07-14 14:00:00+00:00,https://www.zacks.com/commentary/1952096/best-momentum-stocks-to-buy-for-july-14th,Zacks Investment Research,0.2111111111111111,0.6444444444444444,positive,0.2111111111111111,False,True,False,False,False,False,False,False,0.0,140,"['LW', 'VRNA', 'JBI']",LW,2022-07-14
"Bull of the Day: Lamb Weston Holdings, Inc. (LW)",LW has been bucking the market's downtrend on the heels of higher prices for its product offerings.,2022-07-15 10:00:00+00:00,https://www.zacks.com/commentary/1952624/bull-of-the-day-lamb-weston-holdings-inc-lw,Zacks Investment Research,0.25,0.5,positive,0.25,False,False,False,False,True,False,False,False,0.0,149,['LW'],LW,2022-07-15
Lamb Weston and MercadoLibre have been highlighted as Zacks Bull and Bear of the Day,Lamb Weston and MercadoLibre are part of Zacks Bull and Bear of the Day article.,2022-07-15 11:33:00+00:00,https://www.zacks.com/stock/news/1952775/lamb-weston-and-mercadolibre-have-been-highlighted-as-zacks-bull-and-bear-of-the-day,Zacks Investment Research,0.0,0.0,neutral,0.0,False,False,False,False,False,False,False,False,0.0,166,"['BAC', 'JPM', 'MS', 'MELI', 'LW']",LW,2022-07-15
Lamb Weston (LW) Stock Up More Than 15% YTD: Here's Why,Lamb Weston (LW) benefits from a recovery in the Foodservice business. The company's efforts to boost production capacity and fuel long-term growth are yielding.,2022-07-15 15:22:00+00:00,https://www.zacks.com/stock/news/1953003/lamb-weston-lw-stock-up-more-than-15-ytd-heres-why,Zacks Investment Research,0.5,0.5,positive,0.5,False,False,False,False,True,False,False,False,0.0,218,"['CPB', 'SYY', 'MED', 'LW']",LW,2022-07-15
TreeHouse Foods (THS) Up More Than 25% in 3 Months: Here's Why,TreeHouse Foods (THS) has been benefiting from its robust pricing actions and efforts to expand product offerings.,2022-07-19 13:13:00+00:00,https://www.zacks.com/stock/news/1954380/treehouse-foods-ths-up-more-than-25-in-3-months-heres-why,Zacks Investment Research,0.5,0.5,positive,0.5,False,False,False,False,True,False,False,False,0.0,178,"['CPB', 'THS', 'CHEF', 'LW']",LW,2022-07-19
B&G Foods (BGS) Down 15% in 3 Months: High Costs a Key Reason,"B&G Foods (BGS) expects to keep seeing significant cost inflation for inputs, such as ingredients, packaging and transportation, in fiscal 2022.",2022-07-20 11:22:00+00:00,https://www.zacks.com/stock/news/1954805/bg-foods-bgs-down-15-in-3-months-high-costs-a-key-reason,Zacks Investment Research,0.07588888888888888,0.6407777777777778,neutral,0.07588888888888888,False,False,False,False,False,False,False,False,0.0,207,"['CPB', 'BGS', 'CHEF', 'LW']",LW,2022-07-20
Lamb Weston (LW) Earnings Expected to Grow: What to Know Ahead of Next Week's Release,Lamb Weston (LW) possesses the right combination of the two key ingredients for a likely earnings beat in its upcoming report. Get prepared with the key expectations.,2022-07-20 14:01:45+00:00,https://www.zacks.com/stock/news/1955058/lamb-weston-lw-earnings-expected-to-grow-what-to-know-ahead-of-next-weeks-release,Zacks Investment Research,0.03095238095238095,0.655952380952381,neutral,0.03095238095238095,True,False,False,False,True,False,False,False,0.0,253,['LW'],LW,2022-07-20
Albertsons (ACI) to Report Q1 Earnings: What's in Store?,Albertsons Companies' (ACI) first-quarter results are likely to reflect its focus on enhancing digital and omni-channel capabilities as well as efforts to boost productivity.,2022-07-20 15:57:00+00:00,https://www.zacks.com/stock/news/1955293/albertsons-aci-to-report-q1-earnings-whats-in-store,Zacks Investment Research,0.0,0.5,neutral,0.0,True,False,False,False,True,False,False,False,0.0,232,"['ADM', 'ACI', 'GO', 'LW']",LW,2022-07-20
Campbell Soup (CPB) Looks Delectable on Solid Brands & Savings,"Campbell Soup's (CPB) prudent investment and strategic efforts in product innovation and brand building bode well. Also, it is progressing well with cost-saving plans.",2022-07-21 15:32:00+00:00,https://www.zacks.com/stock/news/1955904/campbell-soup-cpb-looks-delectable-on-solid-brands-savings,Zacks Investment Research,0.0,0.1,neutral,0.0,False,False,False,False,True,False,False,False,0.0,231,"['GIS', 'CPB', 'MED', 'LW']",LW,2022-07-21
"Philip Morris (PM) Q2 Earnings Top Estimates, Revenues Up Y/Y","Philip Morris' (PM) second-quarter 2022 results reflect higher earnings and revenues, with favorable pricing variance being an upside.",2022-07-21 17:08:00+00:00,https://www.zacks.com/stock/news/1956029/philip-morris-pm-q2-earnings-top-estimates-revenues-up-yy,Zacks Investment Research,0.375,0.5,positive,0.375,True,False,True,False,False,False,False,False,0.0,197,"['PM', 'CPB', 'CHEF', 'LW']",LW,2022-07-21
Here's Why Archer Daniels (ADM) is Poised for Q2 Earnings Beat,"Despite supply-chain issues and inflation, Archer Daniels' (ADM) Q2 results are likely to reflect gains from solid demand, a strong Nutrition segment and efforts to expand its solutions portfolio.",2022-07-22 13:50:00+00:00,https://www.zacks.com/stock/news/1956515/heres-why-archer-daniels-adm-is-poised-for-q2-earnings-beat,Zacks Investment Research,0.14444444444444443,0.6111111111111112,positive,0.14444444444444443,True,False,False,False,False,False,False,False,0.0,260,"['HSY', 'ADM', 'LW', 'CTVA']",LW,2022-07-22
Inter Parfums (IPAR) Ups 2022 Guidance on Robust Q2 Sales,Inter Parfums' (IPAR) sales increase year over year in second-quarter 2022. Management raises its top-and bottom-line view for 2022.,2022-07-22 15:56:00+00:00,https://www.zacks.com/stock/news/1956607/inter-parfums-ipar-ups-2022-guidance-on-robust-q2-sales,Zacks Investment Research,0.0,0.0,neutral,0.0,False,False,True,False,False,False,True,False,0.0,191,"['GIS', 'IPAR', 'MED', 'LW']",LW,2022-07-22
Things to Note as Lamb Weston (LW) Lines Up for Q4 Earnings,Lamb Weston's (LW0 fourth-quarter fiscal 2022 results are likely to reflect gains from pricing and recovering foodservice demand amid rising cost concerns.,2022-07-25 11:10:00+00:00,https://www.zacks.com/stock/news/1956923/things-to-note-as-lamb-weston-lw-lines-up-for-q4-earnings,Zacks Investment Research,0.0,1.0,neutral,0.0,True,False,False,False,False,False,False,False,0.0,216,"['ADM', 'TSN', 'LW', 'CTVA']",LW,2022-07-25
Here's How Diageo (DEO) is Placed Just Ahead of FY22 Earnings,"Diageo's (DEO) fiscal 2022 results are likely to reflect gains from strong consumer demand, recovery in the on-trade channel and market share gains amid inflationary pressures and currency headwinds.",2022-07-25 13:50:00+00:00,https://www.zacks.com/stock/news/1957176/heres-how-diageo-deo-is-placed-just-ahead-of-fy22-earnings,Zacks Investment Research,0.21666666666666665,0.8666666666666667,positive,0.21666666666666665,True,False,False,False,False,False,False,False,0.0,262,"['CMG', 'ADM', 'DEO', 'LW']",LW,2022-07-25
Things You Need to Know Before Keurig's (KDP) Q2 Earnings,"Keurig's (KDP) Q2 results are likely to reflect solid demand, and in-market performance across categories and brands. Inflationary costs and supply-chain woes are likely to have hurt.",2022-07-25 13:54:00+00:00,https://www.zacks.com/stock/news/1957181/things-you-need-to-know-before-keurigs-kdp-q2-earnings,Zacks Investment Research,0.0,0.7000000000000001,neutral,0.0,True,False,False,False,False,False,False,False,0.0,242,"['HSY', 'LW', 'KDP', 'CTVA']",LW,2022-07-25
Factors Likely to Influence Coca-Cola (KO) in Q2 Earnings,"Coca-Cola's (KO) Q2 results are expected to reflect gains from the ongoing recovery in markets, innovation, digitalization and improved price/mix amid cost inflation and currency headwinds.",2022-07-25 13:59:00+00:00,https://www.zacks.com/stock/news/1957184/factors-likely-to-influence-coca-cola-ko-in-q2-earnings,Zacks Investment Research,-0.05,0.7,neutral,0.05,True,False,False,False,True,False,False,False,0.0,248,"['KO', 'CMG', 'ADM', 'LW']",LW,2022-07-25
Top 5 Low-Beta Stocks to Stay Safe From Near-Term Volatility,"We have narrowed our search to five low-beta stocks. These are: LPLA, DLTR, MTB, LW and CTVA.",2022-07-26 12:06:00+00:00,https://www.zacks.com/stock/news/1957739/top-5-low-beta-stocks-to-stay-safe-from-near-term-volatility,Zacks Investment Research,0.5,0.5,positive,0.5,False,False,False,False,False,False,False,False,0.0,155,"['DLTR', 'MTB', 'LPLA', 'LW', 'CTVA']",LW,2022-07-26
Here's What Could Help Lamb Weston (LW) Maintain Its Recent Price Strength,Lamb Weston (LW) could be a solid choice for shorter-term investors looking to capitalize on the recent price trend in fundamentally sound stocks. It is one of the many stocks that passed through our shorter-term trading strategy-based screen.,2022-07-26 12:50:03+00:00,https://www.zacks.com/stock/news/1957727/heres-what-could-help-lamb-weston-lw-maintain-its-recent-price-strength,Zacks Investment Research,0.18,0.3,positive,0.18,False,False,False,False,False,False,False,False,0.0,319,['LW'],LW,2022-07-26
"Kimberly-Clark (KMB) Q2 Earnings Miss Mark, Sales Rise Y/Y","Kimberly-Clark's (KMB) second-quarter 2022 earnings decline year over year. Nevertheless, sales increase on growth across all segments.",2022-07-26 17:57:00+00:00,https://www.zacks.com/stock/news/1958227/kimberly-clark-kmb-q2-earnings-miss-mark-sales-rise-yy,Zacks Investment Research,0.0,0.0,neutral,0.0,True,False,True,False,False,False,False,False,0.0,195,"['GIS', 'KMB', 'MED', 'LW']",LW,2022-07-26
"Zacks.com featured highlights LPL Financial, Dollar Tree, Lamb Weston, M&T Bank and Corteva","LPL Financial, Dollar Tree, Lamb Weston, M&T Bank and Corteva have been highlighted in this Screen of The Week article.",2022-07-27 12:17:00+00:00,https://www.zacks.com/stock/news/1958612/zackscom-featured-highlights-lpl-financial-dollar-tree-lamb-weston-mt-bank-and-corteva,Zacks Investment Research,0.0,0.0,neutral,0.0,False,False,False,False,False,False,False,False,0.0,212,"['DLTR', 'MTB', 'LPLA', 'LW', 'CTVA']",LW,2022-07-27
Buy These 4 Low-Beta Stocks to Sail Through a Choppy Market,"It is imperative to build a portfolio of low-beta stocks to sail through a choppy market. Otter Tail (OTTR), Ardmore Shipping (ASC), Scorpio Tankers (STNG) and Lamb Weston (LW) are well poised to gain.",2022-07-27 12:51:00+00:00,https://www.zacks.com/stock/news/1958552/buy-these-4-low-beta-stocks-to-sail-through-a-choppy-market,Zacks Investment Research,-0.2,0.2,negative,0.2,False,True,False,False,False,False,False,False,0.0,262,"['OTTR', 'ASC', 'STNG', 'LW']",LW,2022-07-27
Lamb Weston (LW) Q4 Earnings and Revenues Beat Estimates,"Lamb Weston (LW) delivered earnings and revenue surprises of 27.45% and 7.95%, respectively, for the quarter ended May 2022. Do the numbers hold clues to what lies ahead for the stock?",2022-07-27 13:45:03+00:00,https://www.zacks.com/stock/news/1958670/lamb-weston-lw-q4-earnings-and-revenues-beat-estimates,Zacks Investment Research,0.0,0.1,neutral,0.0,True,False,False,False,False,False,False,False,0.0,242,"['LW', 'CELH']",LW,2022-07-27
"Lamb Weston (LW) Q4 Earnings & Sales Top Estimates, Rise Y/Y",Lamb Weston Holdings' (LW) fourth-quarter fiscal 2022 results reflect increased earnings and sales due to the robust pricing undertaken to battle the significant cost inflation.,2022-07-27 15:24:00+00:00,https://www.zacks.com/stock/news/1959003/lamb-weston-lw-q4-earnings-sales-top-estimates-rise-yy,Zacks Investment Research,0.25,0.5833333333333334,positive,0.25,True,False,False,False,False,False,False,False,0.0,239,"['CPB', 'SYY', 'CHEF', 'LW']",LW,2022-07-27
"Kraft Heinz (KHC) Q2 Earnings Top Estimates, Sales Fall Y/Y","The Kraft Heinz Company's (KHC) second-quarter 2022 results reflect lower earnings and sales. Nevertheless, management raises the 2022 organic net sales view.",2022-07-27 15:41:00+00:00,https://www.zacks.com/stock/news/1958916/kraft-heinz-khc-q2-earnings-top-estimates-sales-fall-yy,Zacks Investment Research,0.25,0.25,positive,0.25,True,False,True,False,False,False,True,False,0.0,219,"['GIS', 'MED', 'KHC', 'LW']",LW,2022-07-27
"Lamb Weston Holdings, Inc. (LW) Q4 2022 Earnings Call Transcript","LW earnings call for the period ending June 30, 2022.",2022-07-27 17:30:33+00:00,https://www.fool.com/earnings/call-transcripts/2022/07/27/lamb-weston-holdings-inc-lw-q4-2022-earnings-call/,The Motley Fool,0.0,0.0,neutral,0.0,True,False,False,False,False,False,False,False,0.0,119,['LW'],LW,2022-07-27
"Hershey (HSY) Beats on Q2 Earnings & Sales, Raises 2022 View",Hershey's (HSY) second-quarter 2022 results reflect higher earnings and sales on growth across all segments. Management raises 2022 guidance.,2022-07-28 15:53:00+00:00,https://www.zacks.com/stock/news/1959927/hershey-hsy-beats-on-q2-earnings-sales-raises-2022-view,Zacks Investment Research,0.25,0.5,positive,0.25,True,False,True,False,False,False,True,False,0.0,203,"['HSY', 'GIS', 'MED', 'LW']",LW,2022-07-28
"Pilgrim's Pride (PPC) Q2 Earnings Beat, Sales Improve Y/Y",Pilgrim's Pride's (PPC) second-quarter 2022 results reflect increased earnings and sales on growth across Mexico and Europe and the U.S. operations.,2022-07-28 16:38:00+00:00,https://www.zacks.com/stock/news/1959997/pilgrims-pride-ppc-q2-earnings-beat-sales-improve-yy,Zacks Investment Research,0.0,0.0,neutral,0.0,True,False,True,False,False,False,False,False,0.0,207,"['GIS', 'PPC', 'MED', 'LW']",LW,2022-07-28
Is Most-Watched Stock Lamb Weston (LW) Worth Betting on Now?,"Lamb Weston (LW) has been one of the stocks most watched by Zacks.com users lately. So, it is worth exploring what lies ahead for the stock.",2022-08-04 13:00:06+00:00,https://www.zacks.com/stock/news/1963760/is-most-watched-stock-lamb-weston-lw-worth-betting-on-now,Zacks Investment Research,0.3666666666666667,0.2333333333333333,positive,0.3666666666666667,False,False,False,False,False,False,False,False,0.0,202,['LW'],LW,2022-08-04
Here's Why Momentum in Lamb Weston (LW) Should Keep going,"Lamb Weston (LW) could be a great choice for investors looking to make a profit from fundamentally strong stocks that are currently on the move. It is one of the several stocks that made it through our ""Recent Price Strength"" screen.",2022-08-12 12:50:06+00:00,https://www.zacks.com/stock/news/1967619/heres-why-momentum-in-lamb-weston-lw-should-keep-going,Zacks Investment Research,0.24666666666666667,0.42666666666666664,positive,0.24666666666666667,True,False,False,False,False,False,False,False,0.0,292,['LW'],LW,2022-08-12
Lamb Weston (LW) Outpaces Stock Market Gains: What You Should Know,"Lamb Weston (LW) closed the most recent trading day at $83.25, moving +1.93% from the previous trading session.",2022-08-15 21:50:11+00:00,https://www.zacks.com/stock/news/1968319/lamb-weston-lw-outpaces-stock-market-gains-what-you-should-know,Zacks Investment Research,0.05833333333333334,0.25416666666666665,neutral,0.05833333333333334,False,False,False,False,False,False,False,False,0.0,179,['LW'],LW,2022-08-15
Lamb Weston (LW) Focuses on Price/Mix Amid Cost Inflation,"Lamb Weston Holdings (LW) has been gaining from the recovery in its Foodservice segment and the robust price/mix, which is likely to be a driver amid the rising cost inflation.",2022-08-17 12:55:00+00:00,https://www.zacks.com/stock/news/1969115/lamb-weston-lw-focuses-on-pricemix-amid-cost-inflation,Zacks Investment Research,0.0,1.0,neutral,0.0,False,False,False,False,False,False,False,False,0.0,235,"['GIS', 'CPB', 'CHEF', 'LW']",LW,2022-08-17
Is Trending Stock Lamb Weston (LW) a Buy Now?,"Zacks.com users have recently been watching Lamb Weston (LW) quite a bit. Thus, it is worth knowing the facts that could determine the stock's prospects.",2022-08-17 13:00:08+00:00,https://www.zacks.com/stock/news/1969034/is-trending-stock-lamb-weston-lw-a-buy-now,Zacks Investment Research,0.15,0.175,positive,0.15,False,True,False,False,False,False,False,False,0.0,200,['LW'],LW,2022-08-17
These stock pickers have beaten their benchmark while giving fund holders needed diversification,Andrew Baumbusch and Colin Dunn describe their winning strategy for the Cambiar SMID Fund.,2022-08-20 13:21:00+00:00,https://www.marketwatch.com/story/these-stock-pickers-have-beaten-their-benchmark-while-giving-fund-holders-needed-diversification-11660837498,MarketWatch,0.5,0.75,positive,0.5,False,False,False,False,False,False,False,False,0.0,188,"['SPY', 'AAPL', 'MSFT', 'AMZN', 'TSLA', 'GOOG', 'GOOGL', 'QQQ', 'ACGL', 'LW', 'MRCY', 'WEX', 'ATO', 'GNTX', 'EAF', 'IPGP', 'VFC', 'AMED']",LW,2022-08-20
Lamb Weston (LW) Stock Moves -0.83%: What You Should Know,"Lamb Weston (LW) closed at $81.26 in the latest trading session, marking a -0.83% move from the prior day.",2022-08-22 21:50:05+00:00,https://www.zacks.com/stock/news/1970988/lamb-weston-lw-stock-moves--083-what-you-should-know,Zacks Investment Research,0.13333333333333333,0.3333333333333333,positive,0.13333333333333333,False,False,False,False,False,False,False,False,0.0,165,['LW'],LW,2022-08-22
"Dividend Champion, Contender, And Challenger Highlights: Week Of August 28","A weekly summary of dividend activity for Dividend Champions, Contenders, and Challengers. Click here for an update on dividend stocks for the week of Aug 28.",2022-08-28 04:23:54+00:00,https://seekingalpha.com/article/4537482-dividend-champion-contender-and-challenger-highlights-week-of-august-28,Seeking Alpha,0.0,0.0,neutral,0.0,False,False,False,False,False,True,False,False,0.0,234,"['ABR', 'ADC', 'AEE', 'AEM', 'AFL', 'AGO', 'AIRC', 'AIT', 'AJG', 'ALE', 'ALL', 'AMNB', 'AROW', 'ASB', 'ASH', 'ATO', 'ATRI', 'AVY', 'AWK', 'AWR', 'AY', 'BAC', 'BAH', 'BAM', 'BAX', 'BEP', 'BIP', 'BKH', 'BLK', 'BOH', 'BPOP', 'CASS', 'CBOE', 'CBSH', 'CCBG', 'CCOI', 'CFR', 'CGNX', 'CHD', 'CHE', 'CHRW', 'CMI', 'CMS', 'CMSA', 'CMSC', 'CMSD', 'CNA', 'COP', 'CPF', 'CSL', 'CSX', 'CTO', 'DCI', 'DLB', 'DOV', 'EBMT', 'EBTC', 'EGP', 'ENB', 'ENBA', 'ETR', 'FAF', 'FDS', 'FFNW', 'FLO', 'FMBH', 'FNCB', 'FRME', 'FRMEP', 'GAIN', 'GAINN', 'GAINZ', 'GCBC', 'GLW', 'GOLF', 'GPC', 'GS', 'GWRS', 'GWW', 'HBB', 'HD', 'HIG', 'HLI', 'HON', 'HUBB', 'HWKN', 'HY', 'IDA', 'INTC', 'IPG', 'ITT', 'JBSS', 'JNJ', 'K', 'KLAC', 'KR', 'LAND', 'LANDM', 'LANDO', 'LCII', 'LHX', 'LII', 'LIN', 'LMT', 'LNN', 'LPX', 'LRCX', 'LW', 'LYB', 'MAIN', 'MATX', 'MBWM', 'MCD', 'MCHP', 'MCK', 'MGEE', 'MLM', 'MNRO', 'MO', 'MOFG', 'MSCI', 'MSEX', 'MTB', 'MVBF', 'NBTB', 'NC', 'NDSN', 'NKE', 'NNI', 'NPO', 'NRIM', 'O', 'OBNK', 'ODFL', 'OGS', 'ORI', 'OTEX', 'PEBK', 'PEP', 'PFE', 'PFIS', 'PII', 'PNM', 'PNW', 'POWI', 'PRGO', 'PRGS', 'PSX', 'QCOM', 'RF', 'RGA', 'RLI', 'RMAX', 'RS', 'RZA', 'RZB', 'SBSI', 'SCL', 'SF', 'SFB', 'SIGI', 'SIGIP', 'SIRI', 'SJM', 'SJW', 'SLG', 'SLGN', 'SMBC', 'SMMF', 'SO', 'SOJC', 'SOJD', 'SOJE', 'SSNC', 'STAG', 'STE', 'SWCH', 'SWK', 'SWT', 'SWX', 'SXT', 'TAIT', 'TEL', 'TFC', 'TFSL', 'TKR', 'TNC', 'TSN', 'UFPI', 'UNP', 'UPS', 'V', 'VMC', 'VVV', 'WAFD', 'WAFDP', 'WCN', 'WD', 'WEC', 'WING', 'WLK', 'WMS', 'WMT', 'WTRG', 'WTS', 'XYL', 'ZTS']",LW,2022-08-28
Campbell Soup's (CPB) Q4 Earnings Coming Up: Things to Note,"Campbell Soup's (CPB) fourth-quarter results are likely to reflect gains from brand strength, higher consumption and pricing actions amid an inflated cost scenario.",2022-08-29 11:22:00+00:00,https://www.zacks.com/stock/news/1973256/campbell-soups-cpb-q4-earnings-coming-up-things-to-note,Zacks Investment Research,0.125,0.75,positive,0.125,True,False,False,False,False,False,False,False,0.0,225,"['CPB', 'HRL', 'STZ', 'LW']",LW,2022-08-29
Lamb Weston (LW) Stock Moves -0.37%: What You Should Know,"In the latest trading session, Lamb Weston (LW) closed at $80.42, marking a -0.37% move from the previous day.",2022-08-29 21:50:12+00:00,https://www.zacks.com/stock/news/1973786/lamb-weston-lw-stock-moves--037-what-you-should-know,Zacks Investment Research,0.07777777777777779,0.3888888888888889,neutral,0.07777777777777779,False,False,False,False,False,False,False,False,0.0,169,['LW'],LW,2022-08-29
Here is What to Know Beyond Why Lamb Weston (LW) is a Trending Stock,"Zacks.com users have recently been watching Lamb Weston (LW) quite a bit. Thus, it is worth knowing the facts that could determine the stock's prospects.",2022-08-31 13:00:08+00:00,https://www.zacks.com/stock/news/1974440/here-is-what-to-know-beyond-why-lamb-weston-lw-is-a-trending-stock,Zacks Investment Research,0.15,0.175,positive,0.15,False,False,False,False,False,False,False,False,0.0,223,['LW'],LW,2022-08-31
Should You Invest in the Invesco S&P 500 Equal Weight Consumer Staples ETF (RHS)?,Sector ETF report for RHS,2022-09-05 10:20:08+00:00,https://www.zacks.com/stock/news/1976315/should-you-invest-in-the-invesco-sp-500-equal-weight-consumer-staples-etf-rhs,Zacks Investment Research,0.0,0.25,neutral,0.0,False,False,True,False,False,False,False,False,0.0,108,"['RHS', 'EL', 'MNST', 'XLP', 'VDC', 'LW']",LW,2022-09-05
Lamb Weston's (LW) Latest Move Accelerates Expansion Efforts,"Lamb Weston (LW) plans to construct a new manufacturing unit in Mar del Plata, Buenos Aires. Management expects to conclude the facility's construction by the middle of 2024.",2022-09-07 13:58:00+00:00,https://www.zacks.com/stock/news/1977485/lamb-westons-lw-latest-move-accelerates-expansion-efforts,Zacks Investment Research,0.21212121212121213,0.4515151515151515,positive,0.21212121212121213,False,False,False,False,False,False,True,False,0.0,236,"['GIS', 'CHEF', 'LW', 'CELH']",LW,2022-09-07
Limoneira (LMNR) Surpasses Q3 Earnings and Revenue Estimates,"Limoneira (LMNR) delivered earnings and revenue surprises of 64% and 18.15%, respectively, for the quarter ended July 2022. Do the numbers hold clues to what lies ahead for the stock?",2022-09-08 21:15:05+00:00,https://www.zacks.com/stock/news/1978382/limoneira-lmnr-surpasses-q3-earnings-and-revenue-estimates,Zacks Investment Research,0.0,0.1,neutral,0.0,True,False,False,False,False,False,False,False,0.0,245,"['LMNR', 'LW']",LW,2022-09-08
Is Invesco S&P 500 Equal Weight Consumer Staples ETF (RHS) a Strong ETF Right Now?,Smart Beta ETF report for RHS,2022-09-14 10:20:06+00:00,https://www.zacks.com/stock/news/1980246/is-invesco-sp-500-equal-weight-consumer-staples-etf-rhs-a-strong-etf-right-now,Zacks Investment Research,0.2333333333333333,0.5404761904761904,positive,0.2333333333333333,False,False,False,False,False,False,False,False,0.0,113,"['RHS', 'EL', 'MNST', 'XLP', 'VDC', 'LW']",LW,2022-09-14
Lamb Weston (LW) Up More Than 15% in 3 Months: Here's Why,Lamb Weston (LW) benefits from capacity expansion efforts and a robust price/mix amid escalated input cost concerns.,2022-09-20 13:56:00+00:00,https://www.zacks.com/stock/news/1982663/lamb-weston-lw-up-more-than-15-in-3-months-heres-why,Zacks Investment Research,0.5,0.5,positive,0.5,False,False,False,False,False,False,False,False,0.0,175,"['SJM', 'CHEF', 'LANC', 'LW']",LW,2022-09-20
"Tesla, Take-Two and Exxon are among the exceptions to this big problem for stock prices","Investors love to see steady increases in sales and profit estimates, but these have been declining for most sectors.",2022-09-24 13:07:00+00:00,https://www.marketwatch.com/story/tesla-take-two-and-exxon-are-among-the-exceptions-to-this-big-problem-for-stock-prices-11663865391,MarketWatch,0.29166666666666663,0.425,positive,0.29166666666666663,True,False,True,False,False,False,False,False,0.0,206,"['TTWO', 'ALB', 'ENPH', 'TSLA', 'XOM', 'HES', 'CCL', 'KMI', 'HAL', 'EOG', 'LW', 'CAH', 'CPT', 'RCL', 'PLD', 'NCLH', 'ATO', 'VICI', 'CMA', 'SLB', 'MU', 'WDC', 'STX', 'NVDA', 'MRNA', 'SWK', 'ROP', 'FCX', 'INTC', 'DHI', 'TER', 'NVR', 'TWTR', 'IVZ', 'SIVB', 'PKI', 'GRMN', 'NWL', 'ALGN', 'TROW']",LW,2022-09-24
What's in the Offing for Lamb Weston's (LW) in Q1 Earnings?,Lamb Weston's (LW) first-quarter fiscal 2023 performance will likely reflect gains from recovering foodservice demand. Focus on pricing actions amid rising cost concerns is a breather.,2022-09-30 15:56:00+00:00,https://www.zacks.com/stock/news/1987313/whats-in-the-offing-for-lamb-westons-lw-in-q1-earnings,Zacks Investment Research,0.0,1.0,neutral,0.0,True,False,False,False,False,False,False,False,0.0,245,"['K', 'SYY', 'LW', 'BYND']",LW,2022-09-30
S&P 500 Closes Out The Third Quarter At New Lows: Can It Bounce Back?,"The S&P 500 closed out a brutal third quarter on a low note this week, hitting new 52-week lows.
On Friday, the Bureau of Economic Analysis reported the personal consumption expenditures (PCE) price index gained 6.2% year-over-year in the month of August, down from a 6.3% PCE inflation in July. Core PCE, which excludes volatile food and energy prices and is the preferred inflation measure for the Federal Reserve, was up 4.9% in August, exceeding economist estimates of a 4.6% rise.
The British pound dropped to new all-time lows against the U.S. dollar on Monday in response to new U.K. Prime Minister Liz Truss' bold new economic stimulus plan that included aggressive tax cuts and investment incentives. To stabilize the bond and currency markets, ...Full story available on Benzinga.com",2022-09-30 19:40:57+00:00,https://www.benzinga.com/news/22/09/29101813/s-p-500-closes-out-the-third-quarter-at-new-lows-can-it-bounce-back,Benzinga,0.038033108866442206,0.31823793490460156,neutral,0.038033108866442206,False,False,False,False,False,False,False,False,0.0,864,"['AAPL', 'CAG', 'RAD', 'LW', 'TLRY', 'LEVI']",LW,2022-09-30
"1 Stock To Buy, 1 Stock To Dump This Week: Intel, Carnival",,2022-10-02 12:51:00+00:00,https://www.investing.com/analysis/1-stock-to-buy-1-stock-to-dump-this-week-intel-carnival-200630552,Investing.com,0.0,0.0,neutral,0.0,False,True,False,False,False,False,False,False,0.0,60,"['STZ', 'CAG', 'LW', 'LEVI', 'TLRY', 'INTC', 'TSM', 'AMD', 'NVDA', 'CCL']",LW,2022-10-02
Lamb Weston Earnings Preview: Can the Food Manufacturer Stock Reach New Highs?,"The global manufacturer and distributor of value-added frozen potato products has been able to use rising inflation to its advantage. LW stock is trading only 5% off its highs, and higher highs could be around the corner with another strong quarter and upbeat guidance.",2022-10-04 23:00:00+00:00,https://www.zacks.com/stock/news/1987995/lamb-weston-earnings-preview-can-the-food-manufacturer-stock-reach-new-highs,Zacks Investment Research,0.21994949494949492,0.5521464646464647,positive,0.21994949494949492,True,False,False,False,True,False,False,False,0.0,349,"['LW', 'CAG']",LW,2022-10-04
"Twitter, RPM International And 3 Stocks To Watch Heading Into Wednesday","With US stock futures trading lower this morning on Wednesday, some of the stocks that may grab investor focus today are as follows:

Wall Street expects  RPM International Inc.  (NYSE: RPM) to report quarterly earnings at $1.34 per share on revenue of $1.88 billion before the opening bell. RPM International shares fell 0.1% to $89.74 in after-hours trading.
Elon Musk and his team of advisors sent a letter to Twitter Inc’s (NYSE: TWTR) litigation staff stating ...",2022-10-05 08:03:53+00:00,https://www.benzinga.com/news/earnings/22/10/29149206/twitter-rpm-international-and-3-stocks-to-watch-heading-into-wednesday,Benzinga,0.0,0.0,neutral,0.0,True,False,False,False,False,False,False,False,0.0,541,"['SGH', 'HELE', 'RPM', 'TWTR', 'LW']",LW,2022-10-05
Bitcoin Surges Past This Key Level; Here Are The Top Crypto Movers For Wednesday,"Bitcoin (CRYPTO: BTC), the world’s oldest cryptocurrency, traded higher this morning, surging past the $20,000 level for the first time this month.
The second-most valued cryptocurrency, Ethereum (CRYPTO: ETH), meanwhile, traded slightly lower, but managed to remain above the $1,300 level on Wednesday.
Other popular crypto coins, including  XRP (CRYPTO: XRP) and Dogecoin (CRYPTO: DOGE), also traded higher this morning.
Helium (CRYPTO: HNT) was the top gainer over the prior 24 hours, while  Reserve Rights ...",2022-10-05 08:40:27+00:00,https://www.benzinga.com/markets/cryptocurrency/22/10/29149338/bitcoin-surges-past-this-key-level-here-are-the-top-crypto-movers-for-wednesday,Benzinga,0.11987179487179488,0.41346153846153844,positive,0.11987179487179488,False,False,True,False,False,False,False,False,0.0,595,"['HELE', 'RPM', 'LW']",LW,2022-10-05
"US Stock Futures Down Following Tuesday's Surge; ADP, Services Data In Focus","Pre-open movers
U.S. stock futures traded lower in early pre-market trade on Wednesday after recording sharp gains in the previous session. The Dow Jones jumped by more than 800 points, while the Nasdaq Composite surged around 360 points on Tuesday. The S&P 500 also notched its biggest two-session surge since March 2020.
The ADP national employment report for September will be released at 8:15 a.m. ET. Private payrolls are expected to come in at 200,000 in September, compared with growth of 308,000 in August. Data on international trade in goods and services for August will be released at 8:30 a.m. ET. Analysts expect a deficit of $68.0 billion for total goods and services trade in August, compared with a $70.6 billion gap in July. US Services Purchasing Managers' Index for September is scheduled for release at 9:45 a.m. ET, while the ISM services index for September will be released at 10:00 a.m. ET.
Federal Reserve Bank of Atlanta President Raphael Bostic is set to speak at 4:00 p.m. ET. Investors are also awaiting earnings results from  RPM International Inc. (NYSE: RPM),  Helen of Troy Limited (NASDAQ: HELE) and  Lamb Weston Holdings, Inc. (NYSE: LW).
Check out this: Dow Jumps Over 800 Points, Volatility In Markets Decreases
Futures for the Dow Jones Industrial Average dropped 196 points to 30,169.00 while the Standard & Poor’s 500 index ...",2022-10-05 09:51:08+00:00,https://www.benzinga.com/news/earnings/22/10/29149632/us-stock-futures-down-following-tuesdays-surge-adp-services-data-in-focus,Benzinga,-0.03791005291005291,0.3182275132275132,neutral,0.03791005291005291,True,False,False,False,True,False,False,False,0.0,1445,"['SGH', 'HELE', 'MU', 'RPM', 'SXT', 'TWTR', 'LW', 'ABNB']",LW,2022-10-05
"Fear Among US Investors Is Decreasing, Here's Why","The CNN Money Fear and Greed index showed further easing in the fear level after US stocks surged on Tuesday, extending gains recorded during the prior session.
Markets recorded a strong start to the month, with the S&P 500 notching its biggest two-session surge since March 2020.
The number of job openings declined to 10.1 million in August from a revised 11.2 million in the earlier month, which increased prospects that the Federal Reserve could back off its aggressive monetary-policy tightening campaign earlier ...",2022-10-05 10:00:34+00:00,https://www.benzinga.com/news/earnings/22/10/29149702/fear-among-us-investors-is-decreasing-heres-why,Benzinga,0.07222222222222222,0.37222222222222223,neutral,0.07222222222222222,False,False,False,False,False,False,False,False,0.0,572,"['HELE', 'RPM', 'TWTR', 'LW']",LW,2022-10-05
Here's What Could Help Lamb Weston (LW) Maintain Its Recent Price Strength,"Lamb Weston (LW) made it through our ""Recent Price Strength"" screen and could be a great choice for investors looking to make a profit from stocks that are currently on the move.",2022-10-05 12:50:05+00:00,https://www.zacks.com/stock/news/1988068/heres-what-could-help-lamb-weston-lw-maintain-its-recent-price-strength,Zacks Investment Research,0.2,0.4125,positive,0.2,True,False,False,False,False,False,False,False,0.0,254,['LW'],LW,2022-10-05
"Lamb Weston (LW) Benefits From Capacity Expansion, Pricing","Lamb Weston (LW) has been gaining from its capacity-expansion endeavors, robust price/mix and Foodservice channel recovery amid escalated costs.",2022-10-05 13:10:00+00:00,https://www.zacks.com/stock/news/1988080/lamb-weston-lw-benefits-from-capacity-expansion-pricing,Zacks Investment Research,0.0,0.0,neutral,0.0,False,False,False,False,False,False,False,False,0.0,204,"['CAG', 'CHD', 'FLO', 'LW']",LW,2022-10-05
Lamb Weston (LW) Beats Q1 Earnings Estimates,"Lamb Weston (LW) delivered earnings and revenue surprises of 44.23% and 1.38%, respectively, for the quarter ended August 2022. Do the numbers hold clues to what lies ahead for the stock?",2022-10-05 13:45:03+00:00,https://www.zacks.com/stock/news/1988147/lamb-weston-lw-beats-q1-earnings-estimates,Zacks Investment Research,0.0,0.1,neutral,0.0,True,False,False,False,False,False,False,False,0.0,233,"['LW', 'MDLZ']",LW,2022-10-05
"RPM International, Lamb Weston And Some Other Big Stocks Moving Higher On Wednesday","U.S. stocks traded lower, with the Dow Jones dropping more than 300 points on Wednesday. Here are some big stocks recording gains in today’s session.

Nauticus Robotics, Inc.  (NASDAQ: KITT) shares climbed 50.7% to $4.8520 after the company said it was awarded a second multi-million dollar contract by the U.S. Defense Innovation Unit for the development of an amphibious unmanned system.
FaZe Holdings Inc. (NASDAQ:",2022-10-05 14:39:38+00:00,https://www.benzinga.com/news/22/10/29154857/rpm-international-lamb-weston-and-some-other-big-stocks-moving-higher-on-wednesday,Benzinga,0.08928571428571429,0.22500000000000003,neutral,0.08928571428571429,False,False,True,False,True,False,False,False,0.0,502,"['RPM', 'LW', 'ABOS', 'ISEE', 'IMVT', 'FAZE', 'QBTS', 'KITT']",LW,2022-10-05
Dow falls 300 points after best start to a quarter since 1938,U.S. stocks trade lower on Wednesday as a more cautious tone prevailed following a strong start to the fourth quarter.,2022-10-05 15:28:00+00:00,https://www.marketwatch.com/story/u-s-stock-futures-weaken-after-best-start-to-a-quarter-since-1938-11664961364,MarketWatch,0.38666666666666666,0.32666666666666666,positive,0.38666666666666666,False,False,False,False,False,False,False,False,0.0,181,"['DJIA', 'COMP', 'HELE', 'MNPR', 'EIGR', 'LW']",LW,2022-10-05
"Lamb Weston (LW) Q1 Earnings Top Estimates, Sales Rise Y/Y",Lamb Weston's (LW) first-quarter fiscal 2023 results reflect increased earnings and sales due to the robust pricing undertaken to battle the significant cost inflation.,2022-10-05 15:45:00+00:00,https://www.zacks.com/stock/news/1988215/lamb-weston-lw-q1-earnings-top-estimates-sales-rise-yy,Zacks Investment Research,0.25,0.5833333333333334,positive,0.25,True,False,False,False,False,False,False,False,0.0,228,"['HSY', 'SJM', 'LANC', 'LW']",LW,2022-10-05
"Company News for Oct 6, 2022","Companies in The News Are: D, LW, VNO, HELE",2022-10-06 13:31:00+00:00,https://www.zacks.com/stock/news/1988571/company-news-for-oct-6-2022,Zacks Investment Research,1.0,1.0,positive,1.0,False,False,False,False,False,False,False,False,0.0,73,"['D', 'VNO', 'HELE', 'LW']",LW,2022-10-06
B of A Securities Maintains Buy Rating for Lamb Weston Hldgs: Here's What You Need To Know,"B of A Securities has decided to maintain its Buy rating of Lamb Weston Hldgs (NYSE:LW) and raise its price target from $90.00 to $95.00.
Shares of Lamb Weston Hldgs are trading up 1.61% over the last 24 hours, at $83.47 per share.
A move to $95.00 would account for a 13.81% increase from the current share price.
About Lamb Weston Hldgs
Lamb Weston is the world's second-largest producer of branded and private-label frozen potato products, such as French fries, sweet potato fries, tater tots, diced potatoes, mashed potatoes, hash browns, and chips. The company also has a small appetizer business that produces onion rings, mozzarella sticks, and cheese curds. Including joint ventures, ...Full story available on Benzinga.com",2022-10-06 16:02:15+00:00,https://www.benzinga.com/analyst-ratings/22/10/29172182/b-of-a-securities-maintains-buy-rating-for-lamb-weston-hldgs-heres-what-you-need-to-know,Benzinga,0.07142857142857142,0.34523809523809523,neutral,0.07142857142857142,False,True,True,True,True,False,False,False,0.0,823,['LW'],LW,2022-10-06
"Lamb Weston (LW) Hit a 52 Week High, Can the Run Continue?","Lamb Weston (LW) is at a 52-week high, but can investors hope for more gains in the future? We take a look at the company's fundamentals for clues.",2022-10-07 13:15:03+00:00,https://www.zacks.com/stock/news/1989116/lamb-weston-lw-hit-a-52-week-high-can-the-run-continue,Zacks Investment Research,0.20500000000000002,0.42624999999999996,positive,0.20500000000000002,False,False,False,False,False,False,False,False,0.0,207,['LW'],LW,2022-10-07
"The J.M. Smucker (SJM) Gains on Solid Pricing, Coffee Business","The J.M. Smucker (SJM) has been benefiting from strength in the coffee business, a focus on core strategies, a revival in the Away from Home division and pricing amid cost inflation and supply-chain woes.",2022-10-10 12:07:00+00:00,https://www.zacks.com/stock/news/1989626/the-jm-smucker-sjm-gains-on-solid-pricing-coffee-business,Zacks Investment Research,0.0,0.1,neutral,0.0,False,False,False,False,False,False,False,False,0.0,268,"['SJM', 'THS', 'LANC', 'LW']",LW,2022-10-10
Lamb Weston (LW) is a Top-Ranked Momentum Stock: Should You Buy?,"Wondering how to pick strong, market-beating stocks for your investment portfolio? Look no further than the Zacks Style Scores.",2022-10-10 13:50:03+00:00,https://www.zacks.com/stock/news/1989716/lamb-weston-lw-is-a-top-ranked-momentum-stock-should-you-buy,Zacks Investment Research,0.21666666666666665,0.6166666666666667,positive,0.21666666666666665,False,True,False,False,False,False,False,False,0.0,193,['LW'],LW,2022-10-10
Best Momentum Stocks to Buy for October 10th,"LW, PUBGY and FSBC made it to the Zacks Rank #1 (Strong Buy) momentum stocks list on October 10, 2022.",2022-10-10 14:00:00+00:00,https://www.zacks.com/commentary/1989637/best-momentum-stocks-to-buy-for-october-10th,Zacks Investment Research,0.2111111111111111,0.6444444444444444,positive,0.2111111111111111,False,True,False,False,False,False,False,False,0.0,148,"['LW', 'FSBC']",LW,2022-10-10
TreeHouse Foods (THS) Looks Promising: Pricing a Major Driver,TreeHouse Foods (THS) has been gaining from the favorable demand for private label products and efficient pricing initiatives.,2022-10-11 12:41:00+00:00,https://www.zacks.com/stock/news/1990277/treehouse-foods-ths-looks-promising-pricing-a-major-driver,Zacks Investment Research,0.08750000000000001,0.4583333333333333,neutral,0.08750000000000001,False,False,False,False,True,False,False,False,0.0,189,"['SJM', 'THS', 'LANC', 'LW']",LW,2022-10-11
4 Defensive Bets to Pacify Pessimists to Ride Market Storms,"Here we mention four defensive stocks, namely Lamb Weston (LW), Consolidated Water, McKesson and Hershey with strong prospects to stay afloat in the bear market.",2022-10-11 12:52:00+00:00,https://www.zacks.com/stock/news/1990312/4-defensive-bets-to-pacify-pessimists-to-ride-market-storms,Zacks Investment Research,0.21666666666666665,0.41666666666666663,positive,0.21666666666666665,False,False,False,False,False,False,False,False,0.0,222,"['HSY', 'MCK', 'CWCO', 'LW']",LW,2022-10-11
Is Industrias Bachoco (IBA) Outperforming Other Consumer Staples Stocks This Year?,Here is how Industrias Bachoco (IBA) and Lamb Weston (LW) have performed compared to their sector so far this year.,2022-10-11 13:40:10+00:00,https://www.zacks.com/stock/news/1990274/is-industrias-bachoco-iba-outperforming-other-consumer-staples-stocks-this-year,Zacks Investment Research,-0.012499999999999997,0.6875,neutral,0.012499999999999997,False,False,True,False,False,False,False,False,0.0,199,"['IBA', 'LW']",LW,2022-10-11
Why it is Apt to Hold Archer Daniels (ADM) Before Q3 Earnings,"Archer Daniels (ADM) benefits from solid demand, improved productivity, strength in the Nutrition segment and product innovations.",2022-10-11 13:53:00+00:00,https://www.zacks.com/stock/news/1990393/why-it-is-apt-to-hold-archer-daniels-adm-before-q3-earnings,Zacks Investment Research,0.3,0.55,positive,0.3,True,False,False,False,True,False,False,False,0.0,193,"['ADM', 'FLO', 'THS', 'LW']",LW,2022-10-11
Best Growth Stocks to Buy for October 12th,"LW, PSTG and BCC made it to the Zacks Rank #1 (Strong Buy) growth stocks list on October 12, 2022.",2022-10-12 12:10:00+00:00,https://www.zacks.com/commentary/1990798/best-growth-stocks-to-buy-for-october-12th,Zacks Investment Research,0.2111111111111111,0.6444444444444444,positive,0.2111111111111111,False,True,False,False,False,False,False,False,0.0,142,"['BCC', 'PSTG', 'LW']",LW,2022-10-12
Helen of Troy (HELE) Looks Troubled: Stock Down 25% in 3 Months,Helen of Troy (HELE) has been battling escalated cost concerns and softness in its Beauty segment. Management lowered its fiscal 2023 guidance on the last earnings call.,2022-10-12 13:08:00+00:00,https://www.zacks.com/stock/news/1990933/helen-of-troy-hele-looks-troubled-stock-down-25-in-3-months,Zacks Investment Research,-0.21851851851851853,0.4518518518518519,negative,0.21851851851851853,True,False,False,False,False,False,True,False,0.0,234,"['SJM', 'HELE', 'LANC', 'LW']",LW,2022-10-12
Expect inflation to loom large: 5 things to track and 5 action points to take this earnings season,The third-quarter earning season kicks off this week with the first reports from big banks and investors are bracing for many of the same themes and talking points seen earlier this year.,2022-10-14 10:29:00+00:00,https://www.marketwatch.com/story/5-things-you-should-be-watching-closely-this-earnings-season-11665592600,MarketWatch,0.1520408163265306,0.2981292517006803,positive,0.1520408163265306,True,False,False,False,False,False,False,False,0.0,287,"['MKC', 'NKE', 'V', 'MA', 'AXP', 'LEVI', 'LW', 'META', 'SNAP', 'GOOGL', 'GOOG']",LW,2022-10-14
5 Attractive Relative Price Strength Plays in Today's Market,"ExxonMobil (XOM), Lamb Weston Holdings (LW), Ooma, Inc. (OOMA), NexTier Oilfield Solutions (NEX) and Hanmi Financial Corporation (HAFC) are five stocks with explosive relative price strength.",2022-10-14 12:16:00+00:00,https://www.zacks.com/stock/news/1992076/5-attractive-relative-price-strength-plays-in-todays-market,Zacks Investment Research,0.2,0.25,positive,0.2,False,False,False,False,False,False,False,False,0.0,253,"['XOM', 'HAFC', 'OOMA', 'LW', 'NEX']",LW,2022-10-14
Lamb Weston (LW) Stock Up More Than 15% in 3 Months: Here's Why,Lamb Weston (LW) is benefiting from effective pricing actions. The company's efforts to boost production capacity and fuel long-term growth are noteworthy.,2022-10-14 16:26:00+00:00,https://www.zacks.com/stock/news/1992335/lamb-weston-lw-stock-up-more-than-15-in-3-months-heres-why,Zacks Investment Research,0.55,0.65,positive,0.55,False,False,False,False,True,False,False,False,0.0,220,"['HSY', 'SJM', 'LANC', 'LW']",LW,2022-10-14
Best Growth Stocks to Buy for October 17th,"JBL, LW and FTNT made it to the Zacks Rank #1 (Strong Buy) growth stocks list on October 17, 2022.",2022-10-17 11:50:00+00:00,https://www.zacks.com/commentary/1992598/best-growth-stocks-to-buy-for-october-17th,Zacks Investment Research,0.2111111111111111,0.6444444444444444,positive,0.2111111111111111,False,True,False,False,False,False,False,False,0.0,142,"['JBL', 'FTNT', 'LW']",LW,2022-10-17
Mondelez (MDLZ) Snacking Category Aids Amid Cost Pressure,"Mondelez (MDLZ) is seeing input cost inflation, especially for energy and transportation, among others. However, strong pricing efforts and a focus on the snacking category bode well.",2022-10-18 12:47:00+00:00,https://www.zacks.com/stock/news/1993396/mondelez-mdlz-snacking-category-aids-amid-cost-pressure,Zacks Investment Research,0.21666666666666665,0.8666666666666667,positive,0.21666666666666665,False,False,False,False,False,False,False,False,0.0,242,"['THS', 'MDLZ', 'LANC', 'LW']",LW,2022-10-18
Grab These Top 4 Defensive Stocks to Beat the Market Doldrums,"Here we mention four defensive stocks, namely Lamb Weston (LW), Consolidated Water (CWCO), Archer Daniels Midland (ADM) and McKesson (MCK) with strong prospects to beat the market volatility.",2022-10-18 13:08:00+00:00,https://www.zacks.com/stock/news/1993508/grab-these-top-4-defensive-stocks-to-beat-the-market-doldrums,Zacks Investment Research,0.4666666666666667,0.6166666666666667,positive,0.4666666666666667,False,False,False,False,False,False,False,False,0.0,254,"['ADM', 'MCK', 'CWCO', 'LW']",LW,2022-10-18
Can Lamb Weston (LW) Run Higher on Rising Earnings Estimates?,"Lamb Weston (LW) shares have started gaining and might continue moving higher in the near term, as indicated by solid earnings estimate revisions.",2022-10-18 16:20:04+00:00,https://www.zacks.com/stock/news/1993673/can-lamb-weston-lw-run-higher-on-rising-earnings-estimates,Zacks Investment Research,0.15,0.375,positive,0.15,True,False,False,False,False,False,False,False,0.0,209,['LW'],LW,2022-10-18
Grocery Outlet (GO) Rides High on Strategies: Apt to Hold,Grocery Outlet's (GO) store-growth endeavors and product offerings are encouraging. GO's flexible sourcing and distribution business model also bodes well.,2022-10-18 19:35:00+00:00,https://www.zacks.com/stock/news/1993758/grocery-outlet-go-rides-high-on-strategies-apt-to-hold,Zacks Investment Research,0.38,0.77,positive,0.38,False,False,False,False,True,False,False,False,0.0,214,"['GIS', 'THS', 'GO', 'LW']",LW,2022-10-18
4 Top Profitable Stocks to Buy Using Net Income Ratio,"Ulta Beauty (ULTA), Lamb Weston (LW), Brigham Minerals (MNRL) and Black Stone Minerals (BSM) have been selected as the top picks with a high net income ratio.",2022-10-20 10:31:00+00:00,https://www.zacks.com/stock/news/1994656/4-top-profitable-stocks-to-buy-using-net-income-ratio,Zacks Investment Research,0.16555555555555557,0.32888888888888884,positive,0.16555555555555557,True,True,False,False,False,False,False,False,0.0,213,"['ULTA', 'BSM', 'LW', 'MNRL']",LW,2022-10-20
Philip Morris (PM) Q3 Earnings & Revenues Beat Estimates,"Philip Morris' (PM) third-quarter 2022 results reflect increased earnings and revenues, with favorable pricing variance remaining an upside.",2022-10-20 15:11:00+00:00,https://www.zacks.com/stock/news/1995198/philip-morris-pm-q3-earnings-revenues-beat-estimates,Zacks Investment Research,0.0,0.0,neutral,0.0,True,False,False,False,False,False,False,False,0.0,198,"['PM', 'THS', 'LANC', 'LW']",LW,2022-10-20
Is It Time To Snack On Mondelez Stock?,,2022-10-21 08:52:00+00:00,https://www.investing.com/analysis/is-it-time-to-snack-on-mondelez-stock-200631360,Investing.com,0.0,0.0,neutral,0.0,False,False,False,False,False,False,False,False,0.0,40,"['MDLZ', 'SPY', 'HSY', 'KHC', 'CAG', 'HRL', 'LW', 'WBA']",LW,2022-10-21
"Zacks.com featured highlights Ulta Beauty, Lamb Weston, Brigham Minerals and Black Stone Minerals","Ulta Beauty, Lamb Weston, Brigham Minerals and Black Stone Minerals have been highlighted in this Screen of The Week article.",2022-10-21 09:14:00+00:00,https://www.zacks.com/stock/news/1995423/zackscom-featured-highlights-ulta-beauty-lamb-weston-brigham-minerals-and-black-stone-minerals,Zacks Investment Research,-0.16666666666666666,0.43333333333333335,negative,0.16666666666666666,False,False,False,False,False,False,False,False,0.0,224,"['ULTA', 'BSM', 'LW', 'MNRL']",LW,2022-10-21
Best Growth Stocks to Buy for October 21st,"LW, DINO and MITSY made it to the Zacks Rank #1 (Strong Buy) growth stocks list on October 21, 2022.",2022-10-21 11:42:00+00:00,https://www.zacks.com/commentary/1995503/best-growth-stocks-to-buy-for-october-21st,Zacks Investment Research,0.15833333333333333,0.4833333333333333,positive,0.15833333333333333,False,True,False,False,False,False,False,False,0.0,144,"['LW', 'DINO']",LW,2022-10-21
Lamb Weston's (LW) Latest Expansion Effort to Accelerate Growth,Lamb Weston (LW) to buy the remaining equity interests in its European joint venture with Meijer Frozen Foods B.V. by the second half of fiscal 2023.,2022-10-21 15:22:00+00:00,https://www.zacks.com/stock/news/1995752/lamb-westons-lw-latest-expansion-effort-to-accelerate-growth,Zacks Investment Research,0.08333333333333334,0.26666666666666666,neutral,0.08333333333333334,False,True,True,True,False,False,False,False,0.0,214,"['SJM', 'THS', 'LANC', 'LW']",LW,2022-10-21
Best Growth Stocks to Buy for October 25th,"DINO, LW and CSL made it to the Zacks Rank #1 (Strong Buy) growth stocks list on October 25, 2022.",2022-10-25 11:11:00+00:00,https://www.zacks.com/commentary/1996498/best-growth-stocks-to-buy-for-october-25th,Zacks Investment Research,0.2111111111111111,0.6444444444444444,positive,0.2111111111111111,False,True,False,False,False,False,False,False,0.0,142,"['CSL', 'LW', 'DINO']",LW,2022-10-25
A Bear Market Rally or Markets Forming a Solid Base: 5 Picks,"We have narrowed our search to five large-cap U.S. companies with strong potential for the rest of 2022. These are: IBKR, INCY, WMB, HUBB and LW.",2022-10-25 11:52:00+00:00,https://www.zacks.com/stock/news/1996613/a-bear-market-rally-or-markets-forming-a-solid-base-5-picks,Zacks Investment Research,-0.09166666666666669,0.7083333333333334,neutral,0.09166666666666669,False,False,False,False,False,False,False,False,0.0,207,"['WMB', 'IBKR', 'INCY', 'HUBB', 'LW']",LW,2022-10-25
"Archer Daniels (ADM) Q3 Earnings Beat Estimates, Rise Y/Y","Archer Daniels (ADM) reports solid third-quarter 2022 earnings on robust global demand, gains from the integrated global value chain and a solid product portfolio.",2022-10-25 22:20:00+00:00,https://www.zacks.com/stock/news/1997210/archer-daniels-adm-q3-earnings-beat-estimates-rise-yy,Zacks Investment Research,0.0,0.05,neutral,0.0,True,False,False,False,True,False,False,False,0.0,222,"['ADM', 'THS', 'MGPI', 'LW']",LW,2022-10-25
"The Zacks Analyst Blog Highlights The Williams Companies, Interactive Brokers, Incyte, Hubbell and Lamb Weston Holdings","The Williams Companies, Interactive Brokers, Incyte, Hubbell and Lamb Weston Holdings are part of the Zacks top Analyst Blog.",2022-10-26 12:26:00+00:00,https://www.zacks.com/stock/news/1997488/the-zacks-analyst-blog-highlights-the-williams-companies-interactive-brokers-incyte-hubbell-and-lamb-weston-holdings,Zacks Investment Research,0.5,0.5,positive,0.5,False,False,False,False,False,False,False,False,0.0,246,"['WMB', 'IBKR', 'INCY', 'HUBB', 'LW']",LW,2022-10-26
"Kraft Heinz (KHC) Q3 Earnings Beat Estimates, Sales Rise Y/Y","Kraft Heinz's (KHC) third-quarter 2022 results reflect increased sales, while earnings decline year over year due to cost inflation.",2022-10-26 15:01:00+00:00,https://www.zacks.com/stock/news/1997751/kraft-heinz-khc-q3-earnings-beat-estimates-sales-rise-yy,Zacks Investment Research,-0.125,0.375,negative,0.125,True,False,False,False,False,False,False,False,0.0,194,"['THS', 'LANC', 'KHC', 'LW']",LW,2022-10-26
Best Growth Stocks to Buy for October 27th,"DINO, LW and PSTG made it to the Zacks Rank #1 (Strong Buy) growth stocks list on October 27, 2022.",2022-10-27 10:46:00+00:00,https://www.zacks.com/commentary/1998204/best-growth-stocks-to-buy-for-october-27th,Zacks Investment Research,0.2111111111111111,0.6444444444444444,positive,0.2111111111111111,False,True,False,False,False,False,False,False,0.0,143,"['PSTG', 'LW', 'DINO']",LW,2022-10-27
Is Industrias Bachoco (IBA) Stock Outpacing Its Consumer Staples Peers This Year?,Here is how Industrias Bachoco (IBA) and Lamb Weston (LW) have performed compared to their sector so far this year.,2022-10-27 13:40:12+00:00,https://www.zacks.com/stock/news/1998464/is-industrias-bachoco-iba-stock-outpacing-its-consumer-staples-peers-this-year,Zacks Investment Research,0.1,1.0,neutral,0.1,False,False,True,False,False,False,False,False,0.0,198,"['IBA', 'LW']",LW,2022-10-27
"Altria (MO) Q3 Earnings Lag Estimates, Revenues Decline Y/Y","Altria's (MO) third-quarter 2022 results reflect an increase in earnings due to solid pricing. However, net revenues come in lower due to soft revenues from the smokeable product unit.",2022-10-27 16:16:00+00:00,https://www.zacks.com/stock/news/1998806/altria-mo-q3-earnings-lag-estimates-revenues-decline-yy,Zacks Investment Research,-0.03,0.24,neutral,0.03,True,False,False,False,True,False,False,False,0.0,245,"['MO', 'THS', 'LANC', 'LW']",LW,2022-10-27
Best Growth Stocks to Buy for November 1st,"BCC, JBL and LW made it to the Zacks Rank #1 (Strong Buy) growth stocks list on November 1, 2022.",2022-11-01 12:16:00+00:00,https://www.zacks.com/commentary/2011569/best-growth-stocks-to-buy-for-november-1st,Zacks Investment Research,0.2111111111111111,0.6444444444444444,positive,0.2111111111111111,False,True,False,False,False,False,False,False,0.0,141,"['JBL', 'BCC', 'LW']",LW,2022-11-01
"Kellogg (K) Tops Q3 Earnings Estimates, Raises 2022 Guidance","Kellogg's (K) third-quarter 2022 results reflect increased sales due to the price/mix and solid momentum across snacks and emerging markets. However, earnings per share decline year over year.",2022-11-03 16:16:00+00:00,https://www.zacks.com/stock/news/2013588/kellogg-k-tops-q3-earnings-estimates-raises-2022-guidance,Zacks Investment Research,-0.0625,0.2375,neutral,0.0625,True,False,False,False,False,False,False,False,0.0,254,"['K', 'THS', 'LANC', 'LW']",LW,2022-11-03
"Bull of the Day: Lamb Weston Holdings, Inc. (LW)","Few areas of the market have managed to stay above the selling in 2022 outside of the booming energy sector. Lamb Weston (LW) stock didn't just avoid the fall, it has climbed over 30% YTD",2022-11-07 09:00:00+00:00,https://www.zacks.com/commentary/2014425/bull-of-the-day-lamb-weston-holdings-inc-lw,Zacks Investment Research,-0.06666666666666667,0.08333333333333333,neutral,0.06666666666666667,False,False,True,False,False,False,False,False,0.0,237,"['CAG', 'LW']",LW,2022-11-07
"The Zacks Analyst Blog Highlights Archer Daniels Midland, Lamb Weston, General Mills, American Electric Power and National Fuel Gas","Archer Daniels Midland, Lamb Weston, General Mills, American Electric Power and National Fuel Gas are included in this Analyst Blog.",2022-11-08 10:30:00+00:00,https://www.zacks.com/stock/news/2015165/the-zacks-analyst-blog-highlights-archer-daniels-midland-lamb-weston-general-mills-american-electric-power-and-national-fuel-gas,Zacks Investment Research,0.02500000000000001,0.25,neutral,0.02500000000000001,False,False,False,False,False,False,False,False,0.0,265,"['AEP', 'GIS', 'ADM', 'NFG', 'LW']",LW,2022-11-08
"TreeHouse Foods (THS) Q3 Earnings Top Estimates, Sales Miss","TreeHouse Foods' (THS) third-quarter 2022 results reflect higher sales but lower earnings per share. Pricing remains an upside, whereas labor and supply-chain hurdles persist.",2022-11-08 15:25:00+00:00,https://www.zacks.com/stock/news/2015514/treehouse-foods-ths-q3-earnings-top-estimates-sales-miss,Zacks Investment Research,0.375,0.5,positive,0.375,True,False,False,False,False,False,False,False,0.0,236,"['CAG', 'SJM', 'THS', 'LW']",LW,2022-11-08
"COTY Q1 Earnings In Line With Estimates, Sales Increase Y/Y",COTY first-quarter fiscal 2023 results reflect improved top and bottom line on growth across almost all regions and channels. Focus on strategic growth pillars bodes well.,2022-11-08 16:16:00+00:00,https://www.zacks.com/stock/news/2015549/coty-q1-earnings-in-line-with-estimates-sales-increase-yy,Zacks Investment Research,0.5,0.5,positive,0.5,True,False,False,False,False,False,False,False,0.0,232,"['THS', 'COTY', 'ELF', 'LW']",LW,2022-11-08
International Flavors (IFF) Q3 Earnings & Sales Top Estimates,International Flavors' (IFF) Q3 top line beats estimates but came in line with last year. The company lowered the 2022 sales guidance citing foreign currency impact and a challenging operating environment.,2022-11-08 17:08:00+00:00,https://www.zacks.com/stock/news/2015609/international-flavors-iff-q3-earnings-sales-top-estimates,Zacks Investment Research,0.19642857142857142,0.31309523809523804,positive,0.19642857142857142,True,False,False,False,False,False,False,False,0.0,268,"['IFF', 'THS', 'MED', 'LW']",LW,2022-11-08
"Top Stock Picks for Week of November 7, 2022",A Cloud Identity Management Company Attracting Investor Attention and a Thriving Potato Stock.,2022-11-08 21:52:00+00:00,https://www.zacks.com/stock/news/2015651/top-stock-picks-for-week-of-november-7-2022,Zacks Investment Research,0.5,0.5,positive,0.5,False,False,False,False,False,False,True,False,0.0,140,"['LW', 'OKTA']",LW,2022-11-08
Why Lamb Weston (LW) is a Top Value Stock for the Long-Term,"Whether you're a value, growth, or momentum investor, finding strong stocks becomes easier with the Zacks Style Scores, a top feature of the Zacks Premium research service.",2022-11-09 14:40:05+00:00,https://www.zacks.com/stock/news/2016176/why-lamb-weston-lw-is-a-top-value-stock-for-the-long-term,Zacks Investment Research,0.4777777777777778,0.5777777777777778,positive,0.4777777777777778,False,False,False,False,False,False,False,False,0.0,233,['LW'],LW,2022-11-09
Should You Invest in the Invesco S&P 500 Equal Weight Consumer Staples ETF (RHS)?,Sector ETF report for RHS,2022-11-10 11:20:06+00:00,https://www.zacks.com/stock/news/2016544/should-you-invest-in-the-invesco-sp-500-equal-weight-consumer-staples-etf-rhs,Zacks Investment Research,0.0,0.25,neutral,0.0,False,False,True,False,False,False,False,False,0.0,108,"['RHS', 'GIS', 'COST', 'XLP', 'VDC', 'LW']",LW,2022-11-10
"Beyond Meat (BYND) Q3 Loss Wider Than Expected, Revenues Down",Beyond Meat's (BYND) third-quarter 2022 results reflect lower sales and a wider loss compared with the year-ago period. The operating landscape remains impacted by factors like inflation.,2022-11-10 12:38:00+00:00,https://www.zacks.com/stock/news/2016585/beyond-meat-bynd-q3-loss-wider-than-expected-revenues-down,Zacks Investment Research,-0.1277777777777778,0.34444444444444444,negative,0.1277777777777778,True,False,False,False,False,False,False,False,0.0,250,"['CAG', 'SJM', 'LW', 'BYND']",LW,2022-11-10
Best Growth Stocks to Buy for November 10th,"HEES, LW and BSMX made it to the Zacks Rank #1 (Strong Buy) growth stocks list on November 10, 2022.",2022-11-10 12:46:00+00:00,https://www.zacks.com/commentary/2016586/best-growth-stocks-to-buy-for-november-10th,Zacks Investment Research,0.2111111111111111,0.6444444444444444,positive,0.2111111111111111,False,True,False,False,False,False,False,False,0.0,145,"['HEES', 'BSMX', 'LW']",LW,2022-11-10
"B&G Foods (BGS) Q3 Earnings in Line With Estimates, Sales Miss","B&G Foods' (BGS) mixed Q3 results reflect positive impacts of strong demand and pricing gains amid higher input and transportation costs, and supply-chain headwinds.",2022-11-10 16:16:00+00:00,https://www.zacks.com/stock/news/2016879/bg-foods-bgs-q3-earnings-in-line-with-estimates-sales-miss,Zacks Investment Research,0.22765151515151513,0.5071969696969697,positive,0.22765151515151513,True,False,False,False,False,False,False,False,0.0,229,"['SJM', 'BGS', 'CHEF', 'LW']",LW,2022-11-10
"Inter Parfums (IPAR) Q3 Earnings Beat Estimates, 2022 View Up",Inter Parfums' (IPAR) third-quarter 2022 results reflect higher earnings and sales on growth across U.S.-based operations. Management raises the 2022 view.,2022-11-10 16:37:00+00:00,https://www.zacks.com/stock/news/2016906/inter-parfums-ipar-q3-earnings-beat-estimates-2022-view-up,Zacks Investment Research,0.25,0.5,positive,0.25,True,False,False,False,False,False,True,False,0.0,218,"['THS', 'IPAR', 'ELF', 'LW']",LW,2022-11-10
"Flowers Foods (FLO) Q3 Earnings Top Estimates, Sales View Up",Flowers Foods' (FLO) third-quarter fiscal 2022 results reflect gains from pricing efforts to counter inflation. Management raises the lower end of its sales guidance.,2022-11-11 14:31:00+00:00,https://www.zacks.com/stock/news/2017295/flowers-foods-flo-q3-earnings-top-estimates-sales-view-up,Zacks Investment Research,0.5,0.5,positive,0.5,True,False,False,False,False,False,True,False,0.0,228,"['CAG', 'SJM', 'FLO', 'LW']",LW,2022-11-11
Best Growth Stocks to Buy for November 14th,"HDSN, ADM and LW made it to the Zacks Rank #1 (Strong Buy) growth stocks list on November 14, 2022.",2022-11-14 12:38:00+00:00,https://www.zacks.com/commentary/2017664/best-growth-stocks-to-buy-for-november-14th,Zacks Investment Research,0.2111111111111111,0.6444444444444444,positive,0.2111111111111111,False,True,False,False,False,False,False,False,0.0,144,"['ADM', 'HDSN', 'LW']",LW,2022-11-14
"Tyson Foods (TSN) Q4 Earnings Lag Estimates, Sales Increase",Tyson Foods' (TSN) fourth-quarter fiscal 2022 results reflect increased sales due to higher average prices and volumes. Management is on track with the productivity program.,2022-11-14 15:21:00+00:00,https://www.zacks.com/stock/news/2017943/tyson-foods-tsn-q4-earnings-lag-estimates-sales-increase,Zacks Investment Research,-0.008333333333333331,0.425,neutral,0.008333333333333331,True,False,False,False,True,False,True,False,0.0,234,"['CAG', 'SJM', 'TSN', 'LW']",LW,2022-11-14
5 Solid Stocks to Play a Topsy-Turvy Wall Street,"With U.S. stocks wavering, it's prudent to invest in risk-adjusted stocks like Archer Daniels Midland (ADM), Carter Bankshares (CARE), W.R. Berkley (WRB), Lamb Weston (LW) and AeroVironment (AVAV) for better returns.",2022-11-15 14:43:00+00:00,https://www.zacks.com/stock/news/2018416/5-solid-stocks-to-play-a-topsy-turvy-wall-street,Zacks Investment Research,0.25,0.3,positive,0.25,False,False,False,False,False,False,False,False,0.0,266,"['ADM', 'WRB', 'AVAV', 'LW', 'CARE']",LW,2022-11-15
4 Delectable Food Stocks Worth a Shot Despite Cost Woes,"The Zacks Food-Miscellaneous industry players are battling high input costs. However, pricing actions and portfolio growth efforts have been aiding General Mills (GIS), Conagra Brands (CAG), The J.M. Smucker Company (SJM) and Lamb Weston (LW).",2022-11-16 13:34:00+00:00,https://www.zacks.com/commentary/2018731/4-delectable-food-stocks-worth-a-shot-despite-cost-woes,Zacks Investment Research,0.17,0.37999999999999995,positive,0.17,False,False,False,False,False,False,False,False,0.0,300,"['GIS', 'CAG', 'SJM', 'LW']",LW,2022-11-16
Best Growth Stocks to Buy for November 16th,"LW, ADM and BSMX made it to the Zacks Rank #1 (Strong Buy) growth stocks list on November 16, 2022.",2022-11-16 13:44:00+00:00,https://www.zacks.com/commentary/2018763/best-growth-stocks-to-buy-for-november-16th,Zacks Investment Research,0.2111111111111111,0.6444444444444444,positive,0.2111111111111111,False,True,False,False,False,False,False,False,0.0,144,"['ADM', 'BSMX', 'LW']",LW,2022-11-16
"The Zacks Analyst Blog Highlights Archer Daniels Midland, Carter Bankshares, W.R. Berkley, Lamb Weston and AeroVironment","Archer Daniels Midland, Carter Bankshares, W.R. Berkley, Lamb Weston and AeroVironment are included in this Analyst Blog.",2022-11-16 15:01:00+00:00,https://www.zacks.com/stock/news/2018961/the-zacks-analyst-blog-highlights-archer-daniels-midland-carter-bankshares-wr-berkley-lamb-weston-and-aerovironment,Zacks Investment Research,0.0,0.0,neutral,0.0,False,False,False,False,False,False,False,False,0.0,243,"['ADM', 'WRB', 'AVAV', 'LW', 'CARE']",LW,2022-11-16
"Energizer (ENR) Q4 Earnings & Sales Beat Estimates, Rise Y/Y",Robust performance across the Batteries & Lights segment and solid pricing actions boost Energizer's (ENR) fourth-quarter fiscal 2022 sales results.,2022-11-16 19:28:00+00:00,https://www.zacks.com/stock/news/2019076/energizer-enr-q4-earnings-sales-beat-estimates-rise-yy,Zacks Investment Research,0.0,0.1,neutral,0.0,True,False,False,False,False,False,False,False,0.0,210,"['ACI', 'ENR', 'MGPI', 'LW']",LW,2022-11-16
"Zacks Industry Outlook Highlights General Mills, Conagra Brands, J. M. Smucker and Lamb Weston Holdings","General Mills, Conagra Brands, J. M. Smucker and Lamb Weston Holdings have been highlighted in this Industry Outlook article.",2022-11-17 10:42:00+00:00,https://www.zacks.com/stock/news/2019190/zacks-industry-outlook-highlights-general-mills-conagra-brands-j-m-smucker-and-lamb-weston-holdings,Zacks Investment Research,0.05000000000000002,0.5,neutral,0.05000000000000002,False,False,False,False,False,False,False,False,0.0,230,"['GIS', 'CAG', 'SJM', 'LW']",LW,2022-11-17
Is Invesco S&P 500 Equal Weight Consumer Staples ETF (RHS) a Strong ETF Right Now?,Smart Beta ETF report for RHS,2022-11-18 11:20:07+00:00,https://www.zacks.com/stock/news/2019712/is-invesco-sp-500-equal-weight-consumer-staples-etf-rhs-a-strong-etf-right-now,Zacks Investment Research,0.2333333333333333,0.5404761904761904,positive,0.2333333333333333,False,False,False,False,False,False,False,False,0.0,113,"['RHS', 'GIS', 'COST', 'XLP', 'VDC', 'LW']",LW,2022-11-18
"Post Holdings (POST) Q4 Earnings Top Estimates, Sales Jump Y/Y","Post Holdings' (POST) robust fourth-quarter fiscal 2022 results reflect increased sales and earnings. Moreover, results highlight solid pricing efforts to combat input and freight cost inflation.",2022-11-18 15:37:00+00:00,https://www.zacks.com/stock/news/2019964/post-holdings-post-q4-earnings-top-estimates-sales-jump-yy,Zacks Investment Research,0.25,0.3,positive,0.25,True,False,False,False,False,False,False,False,0.0,259,"['CAG', 'SJM', 'POST', 'LW']",LW,2022-11-18
The J.M. Smucker (SJM) Rises on Q2 Earnings Beat & Raised View,The J.M. Smucker's (SJM) second-quarter fiscal 2023 results reflect positive net price realization and portfolio strength amid cost inflation. Management raises fiscal 2023 guidance.,2022-11-21 14:56:00+00:00,https://www.zacks.com/stock/news/2020460/the-jm-smucker-sjm-rises-on-q2-earnings-beat-raised-view,Zacks Investment Research,0.11363636363636363,0.2727272727272727,positive,0.11363636363636363,True,False,True,False,False,False,True,False,0.0,246,"['GIS', 'CAG', 'SJM', 'LW']",LW,2022-11-21
4 Top-Ranked Stocks to Buy Using Net Income Ratio,"Lamb Weston (LW), Tecnoglass (TGLS), Hudson Technologies (HDSN) and Northeast Community Bancorp (NECB) have been selected as the top picks with a high net income ratio.",2022-11-22 11:47:00+00:00,https://www.zacks.com/stock/news/2020731/4-top-ranked-stocks-to-buy-using-net-income-ratio,Zacks Investment Research,0.165,0.26,positive,0.165,False,True,False,False,False,False,False,False,0.0,219,"['HDSN', 'TGLS', 'LW', 'NECB']",LW,2022-11-22
Bet on These 4 Low-Beta Stocks to Combat Market Volatility,"It is imperative to build a portfolio of low-beta stocks to sail through a choppy market. Mercury General (MCY), Employers Holdings (EIG), AeroVironment Inc. (AVAV) and Lamb Weston Holdings Inc (LW) are well-poised to gain.",2022-11-22 12:10:00+00:00,https://www.zacks.com/stock/news/2020753/bet-on-these-4-low-beta-stocks-to-combat-market-volatility,Zacks Investment Research,-0.075,0.35,neutral,0.075,False,False,False,False,False,False,False,False,0.0,283,"['EIG', 'AVAV', 'MCY', 'LW']",LW,2022-11-22
"Zacks.com featured highlights include Lamb Weston, Tecnoglass, Hudson Technologies and Northeast Community Bancorp","Lamb Weston, Tecnoglass, Hudson Technologies and Northeast Community Bancorp are part of the Zacks Screen of the Week article.",2022-11-23 12:45:00+00:00,https://www.zacks.com/stock/news/2021238/zackscom-featured-highlights-include-lamb-weston-tecnoglass-hudson-technologies-and-northeast-community-bancorp,Zacks Investment Research,0.0,0.0,neutral,0.0,False,False,False,False,False,False,False,False,0.0,242,"['HDSN', 'TGLS', 'LW', 'NECB']",LW,2022-11-23
5 Consumer Staples Stocks Near 52-Week High With More Upside,"We have selected five consumer staple stocks that are currently trading near their 52-week highs with more upside left.These are: MGPI, LW, GIS, CAG and SJM.",2022-11-23 13:13:00+00:00,https://www.zacks.com/stock/news/2021266/5-consumer-staples-stocks-near-52-week-high-with-more-upside,Zacks Investment Research,0.22666666666666666,0.4566666666666666,positive,0.22666666666666666,False,False,False,False,False,False,False,False,0.0,219,"['GIS', 'CAG', 'SJM', 'MGPI', 'LW']",LW,2022-11-23
Inter Parfums' (IPAR) 2023 View Indicates Sales & EPS Growth,"Inter Parfums (IPAR) discloses expectations for 2023. Net sales and earnings per diluted share are expected to grow 8% and 9%, respectively.",2022-11-23 13:47:00+00:00,https://www.zacks.com/stock/news/2021303/inter-parfums-ipar-2023-view-indicates-sales-eps-growth,Zacks Investment Research,-0.03333333333333333,0.16666666666666666,neutral,0.03333333333333333,True,False,False,False,False,False,False,False,0.0,202,"['GIS', 'CAG', 'IPAR', 'LW']",LW,2022-11-23
Has J & J Snack Foods (JJSF) Outpaced Other Consumer Staples Stocks This Year?,Here is how J&J Snack Foods (JJSF) and Lamb Weston (LW) have performed compared to their sector so far this year.,2022-11-23 14:40:09+00:00,https://www.zacks.com/stock/news/2021389/has-j-j-snack-foods-jjsf-outpaced-other-consumer-staples-stocks-this-year,Zacks Investment Research,-0.012499999999999997,0.6875,neutral,0.012499999999999997,False,False,True,False,False,False,False,False,0.0,193,"['JJSF', 'LW']",LW,2022-11-23
"MGP Ingredients, Inc. (MGPI) Hit a 52 Week High, Can the Run Continue?","MGP (MGPI) is at a 52-week high, but can investors hope for more gains in the future? We take a look at the company's fundamentals for clues.",2022-11-24 14:15:07+00:00,https://www.zacks.com/stock/news/2021811/mgp-ingredients-inc-mgpi-hit-a-52-week-high-can-the-run-continue,Zacks Investment Research,0.20500000000000002,0.42624999999999996,positive,0.20500000000000002,False,False,False,False,False,False,False,False,0.0,213,"['MGPI', 'LW']",LW,2022-11-24
McCormick (MKC) Poised on Prudent Buyouts & Cost Savings,"McCormick (MKC) is increasing its presence through acquisitions to expand its portfolio. Also, the company benefits from cost-saving efforts.",2022-11-24 15:49:00+00:00,https://www.zacks.com/stock/news/2021928/mccormick-mkc-poised-on-prudent-buyouts-cost-savings,Zacks Investment Research,0.0,0.0,neutral,0.0,False,True,False,False,False,False,False,False,0.0,199,"['GIS', 'CAG', 'MKC', 'LW']",LW,2022-11-24
Top 5 Growth Stocks to Gain From a Likely Year-End Rally,"We have narrowed our search to five large-cap growth stocks that have solid upside left for the rest of 2022. These are: ADM, LW, LPLA, DINO and STLD.",2022-11-25 13:03:00+00:00,https://www.zacks.com/stock/news/2022225/top-5-growth-stocks-to-gain-from-a-likely-year-end-rally,Zacks Investment Research,0.125,0.4,positive,0.125,False,False,False,False,False,False,False,False,0.0,208,"['STLD', 'ADM', 'LPLA', 'LW', 'DINO']",LW,2022-11-25
"The Zacks Analyst Blog Highlights Conagra Brands, General Mills, Lamb Weston Holdings  The J. M. Smucker and MGP Ingredients","Conagra Brands, General Mills, Lamb Weston Holdings, The J. M. Smucker and MGP Ingredients are part of the Zacks top Analyst Blog.",2022-11-25 14:06:00+00:00,https://www.zacks.com/stock/news/2022304/the-zacks-analyst-blog-highlights-conagra-brands-general-mills-lamb-weston-holdings-the-j-m-smucker-and-mgp-ingredients,Zacks Investment Research,0.20000000000000004,0.5,positive,0.20000000000000004,False,False,False,False,False,False,False,False,0.0,256,"['GIS', 'CAG', 'SJM', 'MGPI', 'LW']",LW,2022-11-25
Factors Making Conagra Brands (CAG) an Appetizing Stock,Conagra Brands (CAG) benefits from its efficient pricing actions amid an inflated cost scenario. The recovery in the foodservice business and strength in the frozen business are also upsides.,2022-11-25 14:26:00+00:00,https://www.zacks.com/stock/news/2022320/factors-making-conagra-brands-cag-an-appetizing-stock,Zacks Investment Research,0.2,0.6,positive,0.2,False,False,False,False,False,False,False,False,0.0,248,"['GIS', 'CAG', 'SJM', 'LW']",LW,2022-11-25
Lamb Weston (LW) Stock Up More Than 35% in 6 Months: Here's Why,Lamb Weston (LW) benefits from efforts to boost production capacity and fuel long-term growth. The company's effective pricing actions are noteworthy.,2022-11-25 17:11:00+00:00,https://www.zacks.com/stock/news/2022516/lamb-weston-lw-stock-up-more-than-35-in-6-months-heres-why,Zacks Investment Research,0.55,0.65,positive,0.55,False,False,False,False,True,False,False,False,0.0,215,"['GIS', 'CAG', 'CHEF', 'LW']",LW,2022-11-25
"The Zacks Analyst Blog Highlights Archer-Daniels-Midland, Lamb Weston Holdings, LPL Financial, HF Sinclair and Steel Dynamics","Archer-Daniels-Midland, Lamb Weston Holdings, LPL Financial, HF Sinclair and Steel Dynamics are part of The Zacks top Analyst Blog.",2022-11-28 14:13:00+00:00,https://www.zacks.com/stock/news/2022809/the-zacks-analyst-blog-highlights-archer-daniels-midland-lamb-weston-holdings-lpl-financial-hf-sinclair-and-steel-dynamics,Zacks Investment Research,0.16666666666666666,0.16666666666666666,positive,0.16666666666666666,False,False,False,False,False,False,False,False,0.0,258,"['STLD', 'ADM', 'LPLA', 'LW', 'DINO']",LW,2022-11-28
Factors Making General Mills (GIS) Stock Worth Betting on,General Mills (GIS) consistently benefits from its Accelerate strategy. Strength in the Pet segment is also driving growth.,2022-11-28 20:01:00+00:00,https://www.zacks.com/stock/news/2022997/factors-making-general-mills-gis-stock-worth-betting-on,Zacks Investment Research,0.1625,0.3375,positive,0.1625,False,False,False,False,False,False,False,False,0.0,182,"['GIS', 'CAG', 'SJM', 'LW']",LW,2022-11-28
"Altria (MO) Looks Well-Poised on Pricing, Oral Tobacco Products",Altria (MO) gains from its pricing power and focus on Oral Tobacco Products amid a rising cost scenario.,2022-11-30 11:35:00+00:00,https://www.zacks.com/stock/news/2023490/altria-mo-looks-well-poised-on-pricing-oral-tobacco-products,Zacks Investment Research,0.0,0.0,neutral,0.0,False,False,False,False,True,False,False,False,0.0,169,"['MO', 'CAG', 'SJM', 'LW']",LW,2022-11-30
"Hormel Foods (HRL) Q4 Earnings Top Estimates, Revenues Dip Y/Y",Hormel Foods' (HRL) fourth-quarter earnings remain in line with the year-ago period. Management expects earnings and sales growth in fiscal 2023 while operating in a volatile environment.,2022-11-30 14:51:00+00:00,https://www.zacks.com/stock/news/2023673/hormel-foods-hrl-q4-earnings-top-estimates-revenues-dip-yy,Zacks Investment Research,0.5,0.5,positive,0.5,True,False,False,False,False,False,True,False,0.0,251,"['CAG', 'SJM', 'HRL', 'LW']",LW,2022-11-30
Lamb Weston (LW) Dips More Than Broader Markets: What You Should Know,"Lamb Weston (LW) closed the most recent trading day at $86.51, moving -0.45% from the previous trading session.",2022-12-01 22:50:12+00:00,https://www.zacks.com/stock/news/2024509/lamb-weston-lw-dips-more-than-broader-markets-what-you-should-know,Zacks Investment Research,0.14666666666666667,0.30333333333333334,positive,0.14666666666666667,False,False,False,False,False,False,False,False,0.0,182,['LW'],LW,2022-12-01
Mondelez (MDLZ) Up More Than 10% in 3 Months: Will Growth Stay?,"Mondelez (MDLZ) benefits from buyouts, strength in emerging markets and efficient pricing amid rising cost concerns.",2022-12-05 13:28:00+00:00,https://www.zacks.com/stock/news/2025212/mondelez-mdlz-up-more-than-10-in-3-months-will-growth-stay,Zacks Investment Research,0.5,0.5,positive,0.5,False,True,False,False,False,False,False,False,0.0,181,"['CAG', 'SJM', 'MDLZ', 'LW']",LW,2022-12-05
"Philip Morris (PM) Looks Poised on Pricing, Strength in RRPs",Philip Morris (PM) gains from its pricing power and focus on reduced risk products amid a rising cost scenario.,2022-12-05 13:51:00+00:00,https://www.zacks.com/stock/news/2025251/philip-morris-pm-looks-poised-on-pricing-strength-in-rrps,Zacks Investment Research,0.0,0.0,neutral,0.0,False,False,False,False,True,False,False,False,0.0,173,"['PM', 'CAG', 'SJM', 'LW']",LW,2022-12-05
Here's Why Lamb Weston (LW) is a Strong Value Stock,"Wondering how to pick strong, market-beating stocks for your investment portfolio? Look no further than the Zacks Style Scores.",2022-12-06 14:40:06+00:00,https://www.zacks.com/stock/news/2025800/heres-why-lamb-weston-lw-is-a-strong-value-stock,Zacks Investment Research,0.28888888888888886,0.6555555555555556,positive,0.28888888888888886,False,False,False,False,False,False,False,False,0.0,180,['LW'],LW,2022-12-06
United Natural Foods (UNFI) Misses Q1 Earnings and Revenue Estimates,"United Natural (UNFI) delivered earnings and revenue surprises of -0.88% and 0.12%, respectively, for the quarter ended October 2022. Do the numbers hold clues to what lies ahead for the stock?",2022-12-07 13:15:03+00:00,https://www.zacks.com/stock/news/2026130/united-natural-foods-unfi-misses-q1-earnings-and-revenue-estimates,Zacks Investment Research,0.06666666666666667,0.3,neutral,0.06666666666666667,True,False,False,False,False,False,False,False,0.0,263,"['UNFI', 'LW']",LW,2022-12-07
Lamb Weston (LW) Gains As Market Dips: What You Should Know,"In the latest trading session, Lamb Weston (LW) closed at $87.07, marking a +0.9% move from the previous day.",2022-12-07 22:50:17+00:00,https://www.zacks.com/stock/news/2026515/lamb-weston-lw-gains-as-market-dips-what-you-should-know,Zacks Investment Research,0.07777777777777779,0.3888888888888889,neutral,0.07777777777777779,False,False,False,False,False,False,False,False,0.0,170,['LW'],LW,2022-12-07
National Beverage (FIZZ) Q2 Earnings and Revenues Beat Estimates,"National Beverage (FIZZ) delivered earnings and revenue surprises of 25.81% and 2.72%, respectively, for the quarter ended October 2022. Do the numbers hold clues to what lies ahead for the stock?",2022-12-08 22:45:07+00:00,https://www.zacks.com/stock/news/2027016/national-beverage-fizz-q2-earnings-and-revenues-beat-estimates,Zacks Investment Research,0.0,0.1,neutral,0.0,True,False,False,False,False,False,False,False,0.0,262,"['FIZZ', 'LW']",LW,2022-12-08
Investors Heavily Search Lamb Weston (LW): Here is What You Need to Know,"Zacks.com users have recently been watching Lamb Weston (LW) quite a bit. Thus, it is worth knowing the facts that could determine the stock's prospects.",2022-12-09 14:00:07+00:00,https://www.zacks.com/stock/news/2027223/investors-heavily-search-lamb-weston-lw-here-is-what-you-need-to-know,Zacks Investment Research,0.033333333333333326,0.2833333333333333,neutral,0.033333333333333326,False,False,False,False,False,False,False,False,0.0,227,['LW'],LW,2022-12-09
Lamb Weston (LW) Gains But Lags Market: What You Should Know,"In the latest trading session, Lamb Weston (LW) closed at $86.14, marking a +0.15% move from the previous day.",2022-12-13 22:50:19+00:00,https://www.zacks.com/stock/news/2028431/lamb-weston-lw-gains-but-lags-market-what-you-should-know,Zacks Investment Research,0.07777777777777779,0.3888888888888889,neutral,0.07777777777777779,False,False,False,False,False,False,False,False,0.0,172,['LW'],LW,2022-12-13
Lamb Weston (LW) Gains on Pricing Action & Expansion Efforts,"Lamb Weston (LW) is benefiting from robust price/mix. Also, the company is focused on undertaking strategic growth efforts like expanding capacity.",2022-12-14 15:08:00+00:00,https://www.zacks.com/stock/news/2028725/lamb-weston-lw-gains-on-pricing-action-expansion-efforts,Zacks Investment Research,0.1,0.1,neutral,0.1,False,False,False,False,False,False,False,False,0.0,209,"['CAG', 'SJM', 'CHEF', 'LW']",LW,2022-12-14
5 Stocks to Watch on Dividend Hikes Before 2022 Wraps Up,"Investors may keep a tab on LW, NUE, PWRr, TTC, and AMGN which have lately hiked their dividend payments to reward investors.",2022-12-15 12:34:00+00:00,https://www.zacks.com/stock/news/2028990/5-stocks-to-watch-on-dividend-hikes-before-2022-wraps-up,Zacks Investment Research,-0.3,0.6,negative,0.3,False,False,False,False,False,True,False,False,0.0,183,"['PWR', 'AMGN', 'NUE', 'TTC', 'LW']",LW,2022-12-15
Lamb Weston (LW) Rewards Investors With a Dividend Raise,Lamb Weston (LW) rewards shareholders by raising the quarterly dividend. The company's focus on capacity expansion bodes well.,2022-12-15 14:23:00+00:00,https://www.zacks.com/stock/news/2029103/lamb-weston-lw-rewards-investors-with-a-dividend-raise,Zacks Investment Research,0.0,0.0,neutral,0.0,False,False,False,False,False,True,False,False,0.0,184,"['CAG', 'MKC', 'CHEF', 'LW']",LW,2022-12-15
Tracking Stanley Druckenmiller's Duquesne Family Office Portfolio - Q3 2022 Update,Stanley Druckenmiller’s 13F portfolio value increased from $1.38B to $1.76B this quarter. Read more to know Druckenmiller’s Q3 2022 portfolio update.,2022-12-16 09:40:10+00:00,https://seekingalpha.com/article/4564877-tracking-stanley-druckenmiller-duquesne-family-office-portfolio-q3-2022-update,Seeking Alpha,0.5,0.5,positive,0.5,False,False,False,False,False,False,False,False,0.0,233,"['ABCL', 'ALNY', 'AMR', 'AMZN', 'AR', 'ARCH', 'BKNG', 'BLDR', 'CPNG', 'CRWD', 'CTRA', 'CVE', 'CVX', 'DDOG', 'FCX', 'GLBE', 'GME', 'KBR', 'LLY', 'LVS', 'LW', 'META', 'MRNA', 'MSFT', 'NET', 'NFE', 'NTRA', 'PANW', 'PLTR', 'PPG', 'PRCT', 'PSX', 'PXD', 'RXRX', 'SE', 'SHOP', 'TECK', 'TMUS', 'VRT', 'WDAY', 'WLK', 'WSC']",LW,2022-12-16
Grocery Outlet (GO) Rides High on Strategies: Apt to Hold,Grocery Outlet's (GO) store-growth endeavors and product offerings are encouraging. GO's flexible sourcing and distribution business model also bode well.,2022-12-16 17:17:00+00:00,https://www.zacks.com/stock/news/2029705/grocery-outlet-go-rides-high-on-strategies-apt-to-hold,Zacks Investment Research,0.38,0.77,positive,0.38,False,False,False,False,True,False,False,False,0.0,213,"['GIS', 'THS', 'GO', 'LW']",LW,2022-12-16
Lamb Weston (LW) Gains As Market Dips: What You Should Know,"In the latest trading session, Lamb Weston (LW) closed at $87.11, marking a +0.14% move from the previous day.",2022-12-19 22:50:18+00:00,https://www.zacks.com/stock/news/2030279/lamb-weston-lw-gains-as-market-dips-what-you-should-know,Zacks Investment Research,0.07777777777777779,0.3888888888888889,neutral,0.07777777777777779,False,False,False,False,False,False,False,False,0.0,171,['LW'],LW,2022-12-19
General Mills (GIS) Q2 Earnings and Revenues Beat Estimates,"General Mills (GIS) delivered earnings and revenue surprises of 3.77% and 1.37%, respectively, for the quarter ended November 2022. Do the numbers hold clues to what lies ahead for the stock?",2022-12-20 13:15:05+00:00,https://www.zacks.com/stock/news/2030431/general-mills-gis-q2-earnings-and-revenues-beat-estimates,Zacks Investment Research,0.03333333333333335,0.3666666666666667,neutral,0.03333333333333335,True,False,False,False,False,False,False,False,0.0,252,"['GIS', 'LW']",LW,2022-12-20
4 Food Stocks With Over 25% Gains This Year Still Have Room to Run,"Archer Daniels (ADM), MGP Ingredients (MGP), Campbell Soup (CPB) and Lamb Weston (LW) are well-placed to continue their solid momentum, backed by solid brand images and efficient pricing actions amid the inflationary scenario.",2022-12-21 13:49:00+00:00,https://www.zacks.com/stock/news/2030933/4-food-stocks-with-over-25-gains-this-year-still-have-room-to-run,Zacks Investment Research,0.0,0.1,neutral,0.0,False,False,False,False,False,False,False,False,0.0,294,"['ADM', 'CPB', 'MGPI', 'LW']",LW,2022-12-21
Lamb Weston (LW) Is a Trending Stock: Facts to Know Before Betting on It,"Lamb Weston (LW) has been one of the stocks most watched by Zacks.com users lately. So, it is worth exploring what lies ahead for the stock.",2022-12-22 14:00:06+00:00,https://www.zacks.com/stock/news/2031397/lamb-weston-lw-is-a-trending-stock-facts-to-know-before-betting-on-it,Zacks Investment Research,0.4,0.3,positive,0.4,False,False,False,False,False,False,False,False,0.0,214,['LW'],LW,2022-12-22
Lamb Weston (LW) Gains As Market Dips: What You Should Know,"Lamb Weston (LW) closed at $90.01 in the latest trading session, marking a +0.42% move from the prior day.",2022-12-27 23:00:18+00:00,https://www.zacks.com/stock/news/2032798/lamb-weston-lw-gains-as-market-dips-what-you-should-know,Zacks Investment Research,0.13333333333333333,0.3333333333333333,positive,0.13333333333333333,False,False,False,False,False,False,False,False,0.0,167,['LW'],LW,2022-12-27
Grocery Outlet (GO) Gains From Business Model & Expansion,Grocery Outlet's (GO) store-growth endeavors and product offerings are encouraging. GO's flexible sourcing and distribution business model also bode well.,2022-12-28 14:51:00+00:00,https://www.zacks.com/stock/news/2033061/grocery-outlet-go-gains-from-business-model-expansion,Zacks Investment Research,0.0,0.0,neutral,0.0,False,False,False,False,True,False,False,False,0.0,213,"['ADM', 'THS', 'GO', 'LW']",LW,2022-12-28
Lamb Weston (LW) Gains But Lags Market: What You Should Know,"Lamb Weston (LW) closed at $88.94 in the latest trading session, marking a +0.01% move from the prior day.",2022-12-29 22:50:18+00:00,https://www.zacks.com/stock/news/2033661/lamb-weston-lw-gains-but-lags-market-what-you-should-know,Zacks Investment Research,0.13333333333333333,0.3333333333333333,positive,0.13333333333333333,False,False,False,False,False,False,False,False,0.0,168,['LW'],LW,2022-12-29
4 Stocks to Watch on Dividend Hikes at the Turn of the Year,"Lamb Weston Holdings, Inc. (LW), Sandstorm Gold Ltd. (SAND), Graco Inc. (GGG) and The Mosaic Company (MOS) recently hiked dividends.",2022-12-30 13:11:00+00:00,https://www.zacks.com/stock/news/2033873/4-stocks-to-watch-on-dividend-hikes-at-the-turn-of-the-year,Zacks Investment Research,0.0,0.25,neutral,0.0,False,False,False,False,False,True,False,False,0.0,193,"['GGG', 'MOS', 'SAND', 'LW']",LW,2022-12-30
"Stocks To Watch: Spotlight On Tesla, Nio, Walgreens And Constellation Brands","Get ahead of the market by subscribing to Seeking Alpha's Stocks to Watch, a preview of key events scheduled for the coming week",2022-12-31 15:00:00+00:00,https://seekingalpha.com/article/4567154-stocks-to-watch-spotlight-on-tesla-nio-walgreens-and-constellation-brands,Seeking Alpha,0.0,1.0,neutral,0.0,False,False,False,False,False,False,False,False,0.0,206,"['BLNK', 'CAG', 'CAT', 'CENN', 'CENQ', 'CPTN', 'EWTX', 'KALA', 'LI', 'LPL', 'LW', 'MSTR', 'MULN', 'RNER', 'SGH', 'SLP', 'SONY', 'WETG', 'XPEV', 'WBA']",LW,2022-12-31
"The Zacks Analyst Blog Highlights Lamb Weston, Sandstorm Gold, Graco and Mosaic","Lamb Weston, Sandstorm Gold, Graco and Mosaic are included in this Analyst Blog.",2023-01-03 11:03:00+00:00,https://www.zacks.com/stock/news/2034403/the-zacks-analyst-blog-highlights-lamb-weston-sandstorm-gold-graco-and-mosaic,Zacks Investment Research,0.0,0.0,neutral,0.0,False,False,False,False,False,False,False,False,0.0,161,"['GGG', 'MOS', 'SAND', 'LW']",LW,2023-01-03
5 Stocks in S&P 500 ETF With 40% Gains in 2022,"The S&P 500 wrapped up its worst year since 2008, tumbling 20%. Persistently high inflation, a hawkish Fed, Russia's invasion of Ukraine and a resurgence of COVID-19 cases in China weighed heavily on investor sentiment.",2023-01-03 15:00:00+00:00,https://www.zacks.com/stock/news/2034647/5-stocks-in-sp-500-etf-with-40-gains-in-2022,Zacks Investment Research,-0.3466666666666667,0.68,negative,0.3466666666666667,False,False,False,False,False,False,False,False,0.0,267,"['FSLR', 'HES', 'CAH', 'SPY', 'ACGL', 'LW']",LW,2023-01-03
Lamb Weston (LW) Gears Up for Q2 Earnings: Things to Note,Lamb Weston's (LW) second-quarter performance is likely to have witnessed gains from pricing and capacity expansion endeavors amid escalated cost concerns.,2023-01-04 14:37:00+00:00,https://www.zacks.com/stock/news/2035133/lamb-weston-lw-gears-up-for-q2-earnings-things-to-note,Zacks Investment Research,0.0,1.0,neutral,0.0,True,False,True,False,False,False,False,False,0.0,214,"['K', 'MDLZ', 'KHC', 'LW']",LW,2023-01-04
Lamb Weston (LW) Q2 Earnings and Revenues Beat Estimates,"Lamb Weston (LW) delivered earnings and revenue surprises of 72.97% and 10.13%, respectively, for the quarter ended November 2022. Do the numbers hold clues to what lies ahead for the stock?",2023-01-05 14:45:03+00:00,https://www.zacks.com/stock/news/2035691/lamb-weston-lw-q2-earnings-and-revenues-beat-estimates,Zacks Investment Research,0.0,0.1,neutral,0.0,True,False,False,False,False,False,False,False,0.0,248,"['LW', 'HAIN']",LW,2023-01-05
Why ABVC BioPharma Shares Are Trading Higher By 129%? Here Are Other Stocks Moving In Thursday's Mid-Day Session,"Gainers

Bellerophon Therapeutics, Inc. (NASDAQ: BLPH) shares surged 179.3% to $2.4585 after the company announced that it has entered into a license agreement for the development and commercialization of INOpulse with Baylor BioSciences.
ABVC BioPharma, Inc. (NASDAQ: ABVC) gained 129% to $1.4200 after the company announced the FDA approved its IND submission, allowing the company to proceed with the clinical study of ABV-1519 for the treatment of non-small cell lung cancer.
AMTD Digital Inc. (NYSE: HKD) shares jumped 101% to $20.14.
Vyant Bio, Inc. (NASDAQ: VYNT) shares rose 59% to $1.2309 after the company said it has engaged LifeSci Capital as its advisor to explore strategic alternatives.
Mobiquity Technologies, Inc. (NASDAQ: MOBQ) surged 59% to $1.0350. Mobiquity completed financing to help fund the launch of new publisher focused platform for monetization and compliance.
NovoCure Limited (NASDAQ: NVCR) gained 51.8% to $107.04 after the company announced the LUNAR study met its primary endpoint, demonstrating a statistically significant and clinically meaningful improvement in overall survival over standard therapies alone.
Zai Lab Limited (NASDAQ: ZLAB) shares gained 42.1% to $48.19 after the company announced the LUNAR study met its primary endpoint, demonstrating a statistically significant and clinically meaningful improvement in overall survival over standard therapies alone.
Magic Empire Global Limited (NASDAQ: MEGL) jumped 42% to $1.8786.
Rockley Photonics Holdings Limited (NYSE: RKLY) surged 34.6% to $0.2013.
Addentax Group Corp. (NASDAQ: ATXG) gained 32% to $1.5700.
Arbor Rapha Capital Bioholdings Corp. I (NASDAQ: ARCK) rose 31% to $15.24.
Golden Matrix Group, Inc. (NASDAQ: GMGI) gained 26.8% to $3.4238.
Ryvyl Inc. (NASDAQ: RVYL) jumped 23% to $0.6894.
Jianzhi Education Technology Group Company Limited (NASDAQ: JZ) gained 22% to $0.9376.
Orchard Therapeutics plc (NASDAQ: ORTX) jumped 21.5% to $0.6260 after the company announced FDA clearance of the IND application for OTL-203 in MPS-IH.
Moxian (BVI) Inc (NASDAQ: MOXC) gained 18.8% to $0.63.
Argo Blockchain plc  (NASDAQ: ARBK) rose 18.3% to $1.42. Roth Capital, on Wednesday, upgraded Argo ...",2023-01-05 18:01:24+00:00,https://www.benzinga.com/news/23/01/30298749/why-abvc-biopharma-shares-are-trading-higher-by-129-here-are-other-stocks-moving-in-thursdays-mid-da,Benzinga,0.20216883116883114,0.40575324675324675,positive,0.20216883116883114,False,False,True,False,True,False,False,False,0.0,2307,"['RKLY', 'RGP', 'HKD', 'TYDE', 'FSM', 'ABVC', 'GMGI', 'AMV', 'ARBK', 'HCTI', 'ARCK', 'APP', 'KPRX', 'APRE', 'ATXG', 'AMTD', 'TCBP', 'MOBQ', 'ZLAB', 'ANGO', 'VRAX', 'SMPL', 'ORTX', 'BBBY', 'MEGL', 'DADA', 'OBLG', 'FEIM', 'JZ', 'LW', 'NMTR', 'GERN', 'HOLO', 'INM', 'VYNE', 'HLTH', 'RVYL', 'FGEN', 'VVOS', 'SLP', 'WBA', 'HUDI', 'RPM', 'BLPH', 'LHDX', 'S', 'VRAY', 'VYNT', 'SI', 'OPGN', 'NUWE', 'TC', 'MOXC', 'DDL', 'LODE', 'NVCR']",LW,2023-01-05
"Lamb Weston (LW) Q2 Earnings Top Estimates, Sales Rise Y/Y",Lamb Weston's (LW) second-quarter fiscal 2023 results reflect increased earnings and sales due to the robust pricing to battle the significant cost inflation.,2023-01-05 18:31:00+00:00,https://www.zacks.com/stock/news/2035901/lamb-weston-lw-q2-earnings-top-estimates-sales-rise-yy,Zacks Investment Research,0.25,0.5833333333333334,positive,0.25,True,False,True,False,False,False,False,False,0.0,218,"['CAG', 'CPB', 'ELF', 'LW']",LW,2023-01-05
Conagra Brands: Another Reason to Go Long on Consumer Staples in 2023,,2023-01-06 06:40:00+00:00,https://www.investing.com/analysis/conagra-brands-another-reason-to-go-long-on-consumer-staples-in-2023-200634081,Investing.com,-0.05,0.4,neutral,0.05,False,False,False,False,False,False,False,False,0.0,71,"['XLY', 'CAG', 'SPY', 'PEP', 'HRL', 'CLX', 'LW', 'KHC']",LW,2023-01-06
"Crocs, Lamb Weston And These 3 Stocks Insiders Are Selling","The Nasdaq Composite dropped around 150 points on Thursday. Investors, meanwhile, focused on some notable insider trades.
When insiders sell shares, it indicates their concern in the company’s prospects or that they view the stock as being overpriced. Either way, this signals an opportunity to go short on the stock. Insider sales should not be taken as the only indicator for making an investment or trading decision. At best, it can lend conviction to a selling decision.
Below is a look at a few recent notable insider sales. For more, check out  Benzinga's insider transactions  platform.

Moody's

The Trade: Moody's Corporation (NYSE: MCO) Director Raymond W McDaniel  sold a total of 7,500 shares  at an average price of $274.88. The insider received around $2.06 million from selling those shares.
What’s Happening: Morgan Stanley maintained Moody's with an Equal-Weight and lowered the price target from $294 to $293.
What Moody's Does: Moody's, along with S&P Ratings, is a leading provider of credit ratings ...",2023-01-06 13:59:17+00:00,https://www.benzinga.com/news/23/01/30310010/crocs-lamb-weston-and-these-3-stocks-insiders-are-selling,Benzinga,0.215,0.4600000000000001,positive,0.215,False,False,False,False,False,False,True,False,0.0,1083,"['CROX', 'UTHR', 'MCO', 'LW', 'DBX']",LW,2023-01-06
"Is Inflation Tamed? S&P 500 Kicks Off Year Optimistically, But Still Bumps In The Road For Tesla","The S&P 500 traded higher in the opening week of 2023 on optimism the Federal Reserve is making progress on taming inflation.
On Friday, the Labor Department reported the U.S. economy added 223,000 jobs in December, exceeding economist estimates of 200,000 new jobs. However, wage growth dropped to just 4.6% in the month, indicating to investors that inflation is still trending lower. 
On Wednesday, the Federal Open Market Committee released its November meeting minutes, and the Fed's language suggested a pivot to interest rate cuts might not come as soon as some investors had hoped. The Fed said it was ""likely to take some time"" before the Fed was convinced inflation was on a ""sustained downward path"" to its 2% long-term target. 
See Also: The Stock Market Reacts Positively To Latest Jobs Report, But New Data Shows Key Sectors Contracting
Electric vehicle maker ...",2023-01-06 21:14:01+00:00,https://www.benzinga.com/markets/cryptocurrency/23/01/30315573/is-inflation-tamed-s-p-500-kicks-off-year-optimistically-but-still-bumps-in-the-road-for-t,Benzinga,0.1461038961038961,0.687012987012987,positive,0.1461038961038961,False,False,True,False,True,False,False,False,0.0,975,"['BBBY', 'BAC', 'C', 'JPM', 'WFC', 'TSLA', 'LW']",LW,2023-01-06
Buy Conagra Brands (CAG) and Lamb Weston (LW) Stock After Impressive Earnings?,"With both Conagra Brands and Lamb Weston stocks recently hitting their 52-week highs, let's see if it's time to buy and ride the momentum after their impressive quarters.",2023-01-06 23:14:00+00:00,https://www.zacks.com/stock/news/2036494/buy-conagra-brands-cag-and-lamb-weston-lw-stock-after-impressive-earnings,Zacks Investment Research,0.6666666666666666,0.75,positive,0.6666666666666666,True,True,False,False,False,False,False,False,0.0,250,"['CAG', 'LW']",LW,2023-01-06
Should You Invest in the Invesco S&P 500 Equal Weight Consumer Staples ETF (RHS)?,Sector ETF report for RHS,2023-01-10 11:20:08+00:00,https://www.zacks.com/stock/news/2037110/should-you-invest-in-the-invesco-sp-500-equal-weight-consumer-staples-etf-rhs,Zacks Investment Research,0.0,0.25,neutral,0.0,False,False,True,False,False,False,False,False,0.0,108,"['RHS', 'GIS', 'COST', 'XLP', 'VDC', 'LW']",LW,2023-01-10
"Robinhood, Tradeweb Markets And These 3 Stocks Insiders Are Selling","The Nasdaq index closed higher on Monday. Investors, meanwhile, focused on some notable insider trades.
When insiders sell shares, it indicates their concern in the company’s prospects or that they view the stock as being overpriced. Either way, this signals an opportunity to go short on the stock. Insider sales should not be taken as the only indicator for making an investment or trading decision. At best, it can lend conviction to a selling decision.
Below is a look at a few recent notable insider sales. For more, check out  Benzinga's insider transactions  platform.

Robinhood Markets

The Trade: Robinhood Markets, Inc. (NASDAQ: HOOD) Chief Legal Officer Daniel M. Gallagher, Jr.  sold a total of 12,500 shares  at an average price of $8.13. The insider received around $101.6 thousand from selling those shares.
What’s Happening: Keybanc maintained Robinhood with an Overweight and lowered the price target from $13 to $12.
What Robinhood Does: Robinhood Markets Inc is creating a modern financial services platform. It designs its own products and ...",2023-01-10 12:19:43+00:00,https://www.benzinga.com/news/23/01/30349606/robinhood-tradeweb-markets-and-these-3-stocks-insiders-are-selling,Benzinga,0.20625000000000004,0.41875000000000007,positive,0.20625000000000004,False,False,False,False,True,False,False,True,0.0,1133,"['MRVL', 'TW', 'LW', 'DASH', 'HOOD']",LW,2023-01-10
5 Most Expensive Risk Off Stocks You Should Worry About,"The most overbought stocks in the consumer staples sector presents an opportunity to go short on these overvalued companies.
The RSI is a momentum indicator, which compares a stock's strength on days when prices go up to its strength on days when prices go down. When compared to a stock's price action, it can give traders a better sense of how a stock may perform in the short term. An asset is typically considered overbought when the RSI is above 70.
Here’s the latest list of major overbought players in this sector.
Lamb Weston Holdings, Inc.  (NYSE: LW)

Lamb Weston Holdings Senior Vice President Jared Michael Smith sold a total of 11,934 shares at an average price of $98.90. ...",2023-01-10 13:50:23+00:00,https://www.benzinga.com/news/23/01/30352286/5-most-expensive-risk-off-stocks-you-should-worry-about,Benzinga,0.08501984126984127,0.45277777777777783,neutral,0.08501984126984127,False,False,True,False,False,False,False,False,0.0,746,"['IPAR', 'COTY', 'LW', 'KHC', 'USFD']",LW,2023-01-10
Are You a Momentum Investor? This 1 Stock Could Be the Perfect Pick,"Wondering how to pick strong, market-beating stocks for your investment portfolio? Look no further than the Zacks Style Scores.",2023-01-10 14:50:02+00:00,https://www.zacks.com/stock/news/2037412/are-you-a-momentum-investor-this-1-stock-could-be-the-perfect-pick,Zacks Investment Research,0.4777777777777778,0.7444444444444445,positive,0.4777777777777778,False,False,False,False,False,False,False,False,0.0,196,['LW'],LW,2023-01-10
Lamb Weston Stock Is Benefiting From Consumers' Love Affair With French Fries,Shares of the frozen-potato products supplier have returned 42% over the last year.,2023-01-10 15:00:00+00:00,https://www.fool.com/investing/2023/01/10/lamb-weston-earnings/,The Motley Fool,0.16666666666666666,0.2222222222222222,positive,0.16666666666666666,False,False,False,False,True,False,False,False,0.0,162,['LW'],LW,2023-01-10
Campbell Soup (CPB) Looks Appetizing on Snacks Unit & Savings,Campbell Soup (CPB) has been benefiting from brand strength and inflation-driven pricing actions. Growing Snacks business is a key driver.,2023-01-10 16:28:00+00:00,https://www.zacks.com/stock/news/2037466/campbell-soup-cpb-looks-appetizing-on-snacks-unit-savings,Zacks Investment Research,0.1,0.8,neutral,0.1,False,False,False,False,False,False,False,False,0.0,201,"['CAG', 'CPB', 'MDLZ', 'LW']",LW,2023-01-10
Earnings Estimates Moving Higher for Lamb Weston (LW): Time to Buy?,"Lamb Weston (LW) shares have started gaining and might continue moving higher in the near term, as indicated by solid earnings estimate revisions.",2023-01-10 17:20:03+00:00,https://www.zacks.com/stock/news/2037531/earnings-estimates-moving-higher-for-lamb-weston-lw-time-to-buy,Zacks Investment Research,0.15,0.375,positive,0.15,True,True,False,False,False,False,False,False,0.0,215,['LW'],LW,2023-01-10
4 Low-Beta Stocks to Buy to Sail Through the Volatile Market,"It is imperative to build a portfolio of low-beta stocks to sail through a choppy market. Penumbra (PEN), Patria Investments (PAX), Lamb Weston (LW) and Conagra Brands (CAG) are poised to gain.",2023-01-11 12:15:00+00:00,https://www.zacks.com/stock/news/2037745/4-low-beta-stocks-to-buy-to-sail-through-the-volatile-market,Zacks Investment Research,-0.2,0.2,negative,0.2,False,True,False,False,False,False,False,False,0.0,255,"['CAG', 'PEN', 'LW', 'PAX']",LW,2023-01-11
Why earnings season could be a ‘market-moving event’,"Trends to watch for in earnings reports include rising sales but falling volumes, along with slowing growth in cost of goods sold.",2023-01-13 13:34:00+00:00,https://www.marketwatch.com/story/why-earnings-season-could-be-a-market-moving-event-11673556517,MarketWatch,0.0,0.0,neutral,0.0,True,False,False,False,False,False,False,False,0.0,184,"['CAG', 'LW']",LW,2023-01-13
What Makes Lamb Weston (LW) a Strong Momentum Stock: Buy Now?,Does Lamb Weston (LW) have what it takes to be a top stock pick for momentum investors? Let's find out.,2023-01-13 17:00:07+00:00,https://www.zacks.com/stock/news/2039224/what-makes-lamb-weston-lw-a-strong-momentum-stock-buy-now,Zacks Investment Research,0.4666666666666667,0.6166666666666667,positive,0.4666666666666667,False,True,False,False,False,False,False,False,0.0,166,['LW'],LW,2023-01-13
The J.M. Smucker (SJM) Up More Than 15% in 6 Months: Here's Why,The J.M. Smucker (SJM) is benefiting from strategic pricing actions amid the inflationary environment. The company is progressing well with core priorities.,2023-01-16 13:39:00+00:00,https://www.zacks.com/stock/news/2039550/the-jm-smucker-sjm-up-more-than-15-in-6-months-heres-why,Zacks Investment Research,0.5,0.5,positive,0.5,False,False,False,False,False,False,False,False,0.0,221,"['CAG', 'SJM', 'MDLZ', 'LW']",LW,2023-01-16
Are Consumer Staples Stocks Lagging  Lamb Weston (LW) This Year?,Here is how Lamb Weston (LW) and Mondelez (MDLZ) have performed compared to their sector so far this year.,2023-01-16 14:40:12+00:00,https://www.zacks.com/stock/news/2039645/are-consumer-staples-stocks-lagging-lamb-weston-lw-this-year,Zacks Investment Research,0.1,1.0,neutral,0.1,False,False,True,False,False,False,False,False,0.0,172,"['LW', 'MDLZ']",LW,2023-01-16
Best Growth Stocks to Buy for January 17th,"CNM, ELF and LW made it to the Zacks Rank #1 (Strong Buy) growth stocks list on January 17, 2022.",2023-01-17 11:36:00+00:00,https://www.zacks.com/commentary/2039881/best-growth-stocks-to-buy-for-january-17th,Zacks Investment Research,0.2111111111111111,0.6444444444444444,positive,0.2111111111111111,False,True,False,False,False,False,False,False,0.0,141,"['ELF', 'LW', 'CNM']",LW,2023-01-17
Lamb Weston (LW) Hits Fresh High: Is There Still Room to Run?,"Lamb Weston (LW) is at a 52-week high, but can investors hope for more gains in the future? We take a look at the company's fundamentals for clues.",2023-01-18 14:15:04+00:00,https://www.zacks.com/stock/news/2040675/lamb-weston-lw-hits-fresh-high-is-there-still-room-to-run,Zacks Investment Research,0.22400000000000003,0.441,positive,0.22400000000000003,False,False,False,False,False,False,False,False,0.0,210,"['LW', 'POST']",LW,2023-01-18
Kraft Heinz (KHC) Gains on Solid Pricing & Transformation,Solid pricing initiatives have been aiding Kraft Heinz (KHC) for a while now. The company's top line is supported by three pillars of growth.,2023-01-18 15:36:00+00:00,https://www.zacks.com/stock/news/2040816/kraft-heinz-khc-gains-on-solid-pricing-transformation,Zacks Investment Research,0.16666666666666666,0.2333333333333333,positive,0.16666666666666666,False,False,False,False,False,False,False,False,0.0,200,"['CAG', 'MDLZ', 'KHC', 'LW']",LW,2023-01-18
Best Growth Stocks to Buy for January 19th,"BAESY, STNG and LW made it to the Zacks Rank #1 (Strong Buy) growth stocks list on January 19, 2022.",2023-01-19 09:45:00+00:00,https://www.zacks.com/commentary/2041075/best-growth-stocks-to-buy-for-january-19th,Zacks Investment Research,0.2111111111111111,0.6444444444444444,positive,0.2111111111111111,False,True,False,False,False,False,False,False,0.0,144,"['STNG', 'LW']",LW,2023-01-19
Campbell Soup's (CPB) Latest Consolidation Move to Fuel Growth,"Campbell Soup (CPB) plans to consolidate its Charlotte, N.C. and Norwalk, Conn. Snacks offices into its headquarters located in Camden.",2023-01-19 15:25:00+00:00,https://www.zacks.com/stock/news/2041436/campbell-soups-cpb-latest-consolidation-move-to-fuel-growth,Zacks Investment Research,0.5,0.9,positive,0.5,False,False,False,False,False,False,False,False,0.0,199,"['CAG', 'CPB', 'MDLZ', 'LW']",LW,2023-01-19
Is Invesco S&P 500 Equal Weight Consumer Staples ETF (RHS) a Strong ETF Right Now?,Smart Beta ETF report for RHS,2023-01-20 11:20:09+00:00,https://www.zacks.com/stock/news/2041756/is-invesco-sp-500-equal-weight-consumer-staples-etf-rhs-a-strong-etf-right-now,Zacks Investment Research,0.2333333333333333,0.5404761904761904,positive,0.2333333333333333,False,False,False,False,False,False,False,False,0.0,113,"['RHS', 'GIS', 'CPB', 'XLP', 'VDC', 'LW']",LW,2023-01-20
Best Growth Stocks to Buy for January 23rd,"SPPJY, LW and BAESY made it to the Zacks Rank #1 (Strong Buy) growth stocks list on January 23, 2023.",2023-01-23 12:12:00+00:00,https://www.zacks.com/commentary/2042453/best-growth-stocks-to-buy-for-january-23rd,Zacks Investment Research,0.2111111111111111,0.6444444444444444,positive,0.2111111111111111,False,True,False,False,False,False,False,False,0.0,145,['LW'],LW,2023-01-23
"General Mills' (GIS) Accelerate Strategy Solid, Costs High",General Mills' (GIS) Accelerate strategy helps the company make the choices of how to win and where to play to boost profitability while enhancing shareholder returns in the long run.,2023-01-23 13:47:00+00:00,https://www.zacks.com/stock/news/2042591/general-mills-gis-accelerate-strategy-solid-costs-high,Zacks Investment Research,0.16833333333333333,0.4066666666666667,positive,0.16833333333333333,True,False,False,False,False,False,False,False,0.0,243,"['GIS', 'CAG', 'CPB', 'LW']",LW,2023-01-23
Inter Parfums (IPAR) Posts Robust Sales Numbers for Q4 & 2022,Inter Parfums' (IPAR) fourth-quarter and full-year 2022 sales gain from the company's brand strength. Management remains encouraged about its prospects in 2023.,2023-01-24 11:45:00+00:00,https://www.zacks.com/stock/news/2043065/inter-parfums-ipar-posts-robust-sales-numbers-for-q4-2022,Zacks Investment Research,0.0,0.0,neutral,0.0,False,False,False,False,False,False,True,False,0.0,223,"['CAG', 'IPAR', 'ELF', 'LW']",LW,2023-01-24
Best Growth Stocks to Buy for January 25th,"LW, BAESY and STNG made it to the Zacks Rank #1 (Strong Buy) growth stocks list on January 25, 2023.",2023-01-25 11:11:00+00:00,https://www.zacks.com/commentary/2043758/best-growth-stocks-to-buy-for-january-25th,Zacks Investment Research,0.2111111111111111,0.6444444444444444,positive,0.2111111111111111,False,True,False,False,False,False,False,False,0.0,144,"['STNG', 'LW']",LW,2023-01-25
"Kimberly-Clark (KMB) Q4 Earnings Top Estimates, Dividend Raised","Kimberly-Clark's (KMB) fourth-quarter 2022 results reflect the strength of the company's growth strategy, including investments in solid brands and commercial capacities.",2023-01-25 15:29:00+00:00,https://www.zacks.com/stock/news/2044161/kimberly-clark-kmb-q4-earnings-top-estimates-dividend-raised,Zacks Investment Research,0.16666666666666666,0.19999999999999998,positive,0.16666666666666666,True,False,False,False,False,True,False,False,0.0,235,"['KMB', 'CAG', 'ELF', 'LW']",LW,2023-01-25
3 Top-Rated Profitable Stocks to Buy Using Net Income Ratio,"Lamb Weston (LW), Pinduoduo (PDD), and Catalyst Pharmaceuticals (CPRX) have been selected as the top picks with a high net income ratio.",2023-01-26 11:30:00+00:00,https://www.zacks.com/stock/news/2044549/3-top-rated-profitable-stocks-to-buy-using-net-income-ratio,Zacks Investment Research,0.165,0.26,positive,0.165,True,True,False,False,False,False,False,False,0.0,197,"['CPRX', 'LW', 'PDD']",LW,2023-01-26
"McCormick (MKC) Q4 Earnings & Sales Miss Estimates, Decline Y/Y","McCormick's (MKC) fourth-quarter fiscal 2022 results reflect lower earnings and sales due to the Kitchen Basics divestiture, pandemic-led reduced consumption in China and cost inflation, among other factors.",2023-01-26 15:33:00+00:00,https://www.zacks.com/stock/news/2044877/mccormick-mkc-q4-earnings-sales-miss-estimates-decline-yy,Zacks Investment Research,-0.125,0.375,negative,0.125,True,False,False,False,False,False,False,False,0.0,272,"['CAG', 'MKC', 'ELF', 'LW']",LW,2023-01-26
"Zacks.com featured highlights include Lamb Weston, Pinduoduo and Catalyst Pharmaceuticals","Lamb Weston, Pinduoduo and Catalyst Pharmaceuticals are part of the Zacks Screen of the Week article.",2023-01-27 12:14:00+00:00,https://www.zacks.com/stock/news/2045305/zackscom-featured-highlights-include-lamb-weston-pinduoduo-and-catalyst-pharmaceuticals,Zacks Investment Research,0.0,0.0,neutral,0.0,False,False,False,False,False,False,False,False,0.0,192,"['CPRX', 'LW', 'PDD']",LW,2023-01-27
Is Lamb Weston (LW) a Buy as Wall Street Analysts Look Optimistic?,"According to the average brokerage recommendation (ABR), one should invest in Lamb Weston (LW). It is debatable whether this highly sought-after metric is effective because Wall Street analysts' recommendations tend to be overly optimistic. Would it be worth investing in the stock?",2023-01-27 14:30:07+00:00,https://www.zacks.com/stock/news/2045454/is-lamb-weston-lw-a-buy-as-wall-street-analysts-look-optimistic,Zacks Investment Research,0.22749999999999998,0.46,positive,0.22749999999999998,False,True,False,False,False,False,False,False,0.0,350,['LW'],LW,2023-01-27
"Dividend Champion, Contender, And Challenger Highlights: Week Of January 29","A weekly summary of dividend activity for Dividend Champions, Contenders, and Challengers. Read more to see the companies with upcoming ex-dividend dates.",2023-01-29 06:36:19+00:00,https://seekingalpha.com/article/4573307-dividend-champion-contender-and-challenger-highlights-week-of-january-29,Seeking Alpha,0.5,0.5,positive,0.5,False,False,False,False,False,True,False,False,0.0,231,"['ABM', 'ADM', 'AES', 'AESC', 'AIT', 'AJG', 'ALG', 'ALLY', 'AMT', 'AON', 'APD', 'ATLO', 'ATR', 'AWK', 'BK', 'BLK', 'BMRC', 'BMY', 'BRC', 'BRO', 'CAC', 'CADE', 'CASY', 'CATC', 'CHCO', 'CMCSA', 'CNI', 'COST', 'CQP', 'CVX', 'CWT', 'DGICA', 'DGICB', 'DGX', 'DHI', 'DKL', 'EIX', 'ELV', 'ENSG', 'EOG', 'EWBC', 'FAST', 'FBIZ', 'FBMS', 'FCF', 'FELE', 'FIBK', 'FRAF', 'FSBW', 'FUL', 'GAIN', 'GAINN', 'GAINZ', 'GATX', 'GGG', 'GHC', 'GL', 'GWRS', 'HBCP', 'HESM', 'HFWA', 'HOMB', 'HTH', 'IBTX', 'IDA', 'ISTR', 'JPM', 'KAI', 'KMB', 'KWR', 'LAND', 'LANDM', 'LANDO', 'LBAI', 'LKFN', 'LNC', 'LNT', 'LW', 'MAA', 'MATW', 'MET', 'MGRC', 'MMP', 'MORN', 'MPLX', 'NEP', 'NI', 'NIMC', 'NSC', 'NWBI', 'NWFL', 'NXST', 'O', 'OGS', 'ORRF', 'PEBO', 'PFC', 'PFIS', 'PNM', 'PNR', 'PNW', 'RGCO', 'RPM', 'SF', 'SFB', 'SFNC', 'SGU', 'SJW', 'SPGI', 'SRCE', 'STBA', 'SXT', 'SYK', 'TD', 'TMP', 'TRN', 'TSBK', 'UDR', 'UNB', 'UTL', 'UVV', 'VZ', 'WABC', 'WDFC', 'WSO', 'WSO.B', 'WST', 'WTFC', 'WTFCM', 'WTFCP']",LW,2023-01-29
4 Low-Beta Stocks to Buy to Sail Through the Volatile Market,"It is imperative to build a portfolio of low-beta stocks to sail through a choppy market. Penumbra (PEN), Patria Investments (PAX), Lamb Weston (LW) and BJ's Wholesale (BJ) are poised to gain.",2023-01-31 12:38:00+00:00,https://www.zacks.com/stock/news/2046788/4-low-beta-stocks-to-buy-to-sail-through-the-volatile-market,Zacks Investment Research,-0.2,0.2,negative,0.2,False,True,False,False,False,False,False,False,0.0,254,"['BJ', 'PEN', 'LW', 'PAX']",LW,2023-01-31
"Sysco (SYY) Q2 Earnings & Sales Miss Estimates, Increase Y/Y","Sysco's (SYY) second-quarter fiscal 2023 results reflect earnings and sales growth, market share gains, the progress of the Recipe for Growth plan and solid cost management.",2023-01-31 15:33:00+00:00,https://www.zacks.com/stock/news/2047088/sysco-syy-q2-earnings-sales-miss-estimates-increase-yy,Zacks Investment Research,0.0,0.1,neutral,0.0,True,False,True,False,False,False,True,False,0.0,235,"['CAG', 'SYY', 'POST', 'LW']",LW,2023-01-31
Is AnheuserBusch InBev (BUD) Stock Outpacing Its Consumer Staples Peers This Year?,Here is how Anheuser-Busch Inbev (BUD) and Lamb Weston (LW) have performed compared to their sector so far this year.,2023-02-01 14:40:08+00:00,https://www.zacks.com/stock/news/2047667/is-anheuserbusch-inbev-bud-stock-outpacing-its-consumer-staples-peers-this-year,Zacks Investment Research,0.1,1.0,neutral,0.1,False,False,True,False,False,False,False,False,0.0,201,"['BUD', 'LW']",LW,2023-02-01
"Altria (MO) Q4 Earnings Meet Estimates, Revenues Decline Y/Y","Altria's (MO) fourth-quarter 2022 results reflect an increase in earnings due to higher adjusted operating companies income. However, net revenues come in lower due to soft revenues from both units.",2023-02-01 15:41:00+00:00,https://www.zacks.com/stock/news/2047788/altria-mo-q4-earnings-meet-estimates-revenues-decline-yy,Zacks Investment Research,0.02,0.32,neutral,0.02,True,False,False,False,False,False,False,False,0.0,260,"['MO', 'CAG', 'POST', 'LW']",LW,2023-02-01
Best Growth Stocks to Buy for February 1st,"KNBE, LW and ELF made it to the Zacks Rank #1 (Strong Buy) growth stocks list on February 1, 2023.",2023-02-01 16:10:00+00:00,https://www.zacks.com/commentary/2047792/best-growth-stocks-to-buy-for-february-1st,Zacks Investment Research,0.2111111111111111,0.6444444444444444,positive,0.2111111111111111,False,True,False,False,False,False,False,False,0.0,142,"['ELF', 'LW', 'KNBE']",LW,2023-02-01
"Hershey (HSY) Q4 Earnings Top Estimates, Pricing a Key Driver",Hershey's (HSY) fourth-quarter 2022 results reflect improved net price realization and higher consumer demand. Management expects earnings and sales growth in 2023.,2023-02-02 14:58:00+00:00,https://www.zacks.com/stock/news/2048411/hershey-hsy-q4-earnings-top-estimates-pricing-a-key-driver,Zacks Investment Research,0.1875,0.5,positive,0.1875,True,False,False,False,False,False,True,False,0.0,227,"['HSY', 'CAG', 'POST', 'LW']",LW,2023-02-02
The Estee Lauder Companies (EL) Down Despite Q2 Earnings Beat,"The Estee Lauder Companies' (EL) second-quarter fiscal 2023 performance reflects reduced earnings and sales, with results affected by pandemic-led curbs in China and inflationary pressure.",2023-02-02 19:01:00+00:00,https://www.zacks.com/stock/news/2049150/the-estee-lauder-companies-el-down-despite-q2-earnings-beat,Zacks Investment Research,-0.15555555555555559,0.2888888888888889,negative,0.15555555555555559,True,False,True,False,False,False,False,False,0.0,251,"['EL', 'CAG', 'POST', 'LW']",LW,2023-02-02
"Church & Dwight (CHD) Q4 Earnings Top Estimates, Decline Y/Y",Church & Dwight's (CHD) fourth-quarter 2022 results reflect improved sales and a decline in earnings per share. Soft consumption in discretionary categories is a downside.,2023-02-03 15:04:00+00:00,https://www.zacks.com/stock/news/2049619/church-dwight-chd-q4-earnings-top-estimates-decline-yy,Zacks Investment Research,0.3,0.425,positive,0.3,True,False,False,False,False,False,False,False,0.0,233,"['CAG', 'CHD', 'POST', 'LW']",LW,2023-02-03
Best Growth Stocks to Buy for February 6th,"ELF, JBL and LW made it to the Zacks Rank #1 (Strong Buy) growth stocks list on February 6, 2023.",2023-02-06 14:25:00+00:00,https://www.zacks.com/commentary/2050323/best-growth-stocks-to-buy-for-february-6th,Zacks Investment Research,0.2111111111111111,0.6444444444444444,positive,0.2111111111111111,False,True,False,False,False,False,False,False,0.0,141,"['JBL', 'ELF', 'LW']",LW,2023-02-06
"Tyson Foods (TSN) Q1 Earnings Lag Estimates, Sales Increase","Tyson Foods' (TSN) first-quarter fiscal 2023 results reflect increased sales due to higher average prices and volumes. However, earnings declined from the year-ago quarter's figure.",2023-02-06 15:55:00+00:00,https://www.zacks.com/stock/news/2050442/tyson-foods-tsn-q1-earnings-lag-estimates-sales-increase,Zacks Investment Research,-0.008333333333333331,0.425,neutral,0.008333333333333331,True,False,False,False,False,False,False,False,0.0,242,"['CAG', 'TSN', 'MDLZ', 'LW']",LW,2023-02-06
4 Food Stocks Worth Relishing on Strong Industry Trends,"The Zacks Food-Miscellaneous industry players are benefiting from strong pricing actions and portfolio growth efforts amid cost inflation. These upsides keep Conagra Brands (CAG), The J.M. Smucker (SJM), Campbell Soup (CPB) and Lamb Weston (LW) well-placed.",2023-02-07 14:40:00+00:00,https://www.zacks.com/commentary/2050746/4-food-stocks-worth-relishing-on-strong-industry-trends,Zacks Investment Research,0.38888888888888884,0.5222222222222221,positive,0.38888888888888884,False,False,False,False,False,False,False,False,0.0,314,"['CAG', 'CPB', 'SJM', 'LW']",LW,2023-02-07
"Energizer (ENR) Q1 Earnings & Sales Miss Estimates, Down Y/Y","Energizer (ENR) posts soft first-quarter fiscal 2023 results. Organic sales fall 5.4% in the quarter under review, driven by weak volumes and category declines.",2023-02-07 16:27:00+00:00,https://www.zacks.com/stock/news/2051078/energizer-enr-q1-earnings-sales-miss-estimates-down-yy,Zacks Investment Research,-0.14351851851851852,0.4212962962962963,negative,0.14351851851851852,True,False,False,False,False,False,False,False,0.0,222,"['ENR', 'EPC', 'MGPI', 'LW']",LW,2023-02-07
Best Growth Stocks to Buy for February 8th,"JBL, IBKR and LW made it to the Zacks Rank #1 (Strong Buy) growth stocks list on February 8, 2023.",2023-02-08 13:37:00+00:00,https://www.zacks.com/commentary/2051484/best-growth-stocks-to-buy-for-february-8th,Zacks Investment Research,0.2111111111111111,0.6444444444444444,positive,0.2111111111111111,False,True,False,False,False,False,False,False,0.0,142,"['IBKR', 'JBL', 'LW']",LW,2023-02-08
"Bull of the Day: Lamb Weston Holdings, Inc. (LW)",Lamb Weston runs a straightforward frozen potatoes business that's booming and should do well if the U.S. economy keeps humming or slips into a recession. LW has also surged in 2023 after it soared in 2022 even as the market fell.,2023-02-09 09:00:00+00:00,https://www.zacks.com/commentary/2051880/bull-of-the-day-lamb-weston-holdings-inc-lw,Zacks Investment Research,0.375,0.375,positive,0.375,False,False,False,False,False,False,False,False,0.0,280,['LW'],LW,2023-02-09
Lamb Weston and Logitech have been highlighted as Zacks Bull and Bear of the Day,Lamb Weston and Logitech have been highlighted as Zacks Bull and Bear of the Day.,2023-02-09 13:16:00+00:00,https://www.zacks.com/stock/news/2052159/lamb-weston-and-logitech-have-been-highlighted-as-zacks-bull-and-bear-of-the-day,Zacks Investment Research,0.0,0.0,neutral,0.0,False,False,False,False,False,False,False,False,0.0,163,"['LOGI', 'CAG', 'LW', 'OSW', 'ATAT']",LW,2023-02-09
"Pilgrim's Pride's (PPC) Q4 Loss Miss Estimates, Sales Up Y/Y","Pilgrim's Pride's (PPC) fourth-quarter 2022 results reflect a loss due to persistent inflation. Nevertheless, sales rose on growth across Europe, Mexico and the U.S. operations.",2023-02-09 14:46:00+00:00,https://www.zacks.com/stock/news/2052336/pilgrims-prides-ppc-q4-loss-miss-estimates-sales-up-yy,Zacks Investment Research,0.2375,0.6625,positive,0.2375,True,False,False,False,False,False,False,False,0.0,239,"['CAG', 'PPC', 'MDLZ', 'LW']",LW,2023-02-09
"Philip Morris (PM) Q4 Earnings Top Estimates, Increase Y/Y","Philip Morris' (PM) fourth-quarter 2022 results reflect increased earnings and revenues, with favorable pricing variance remaining an upside.",2023-02-09 16:30:00+00:00,https://www.zacks.com/stock/news/2052466/philip-morris-pm-q4-earnings-top-estimates-increase-yy,Zacks Investment Research,0.5,0.5,positive,0.5,True,False,False,False,False,False,False,False,0.0,201,"['PM', 'CAG', 'POST', 'LW']",LW,2023-02-09
"Kellogg (K) Tops Q4 Earnings Estimates, Sales Increase Y/Y",Kellogg's (K) fourth-quarter 2022 results reflect increased sales and earnings on favorable price/mix and solid momentum across snacks and emerging markets.,2023-02-09 18:08:00+00:00,https://www.zacks.com/stock/news/2052522/kellogg-k-tops-q4-earnings-estimates-sales-increase-yy,Zacks Investment Research,0.0,0.1,neutral,0.0,True,False,False,False,False,False,False,False,0.0,216,"['CAG', 'K', 'MDLZ', 'LW']",LW,2023-02-09
"Flowers Foods (FLO) Q4 Earnings Meet Estimates, Sales Rise Y/Y",Flowers Foods' (FLO) fourth-quarter fiscal 2022 results reflect increased sales and earnings on improved pricing efforts.,2023-02-10 15:31:00+00:00,https://www.zacks.com/stock/news/2052932/flowers-foods-flo-q4-earnings-meet-estimates-sales-rise-yy,Zacks Investment Research,0.0,0.0,neutral,0.0,True,False,False,False,False,False,False,False,0.0,185,"['CAG', 'FLO', 'MDLZ', 'LW']",LW,2023-02-10
Lamb Weston (LW) Outpaces Stock Market Gains: What You Should Know,"Lamb Weston (LW) closed the most recent trading day at $99.27, moving +1.17% from the previous trading session.",2023-02-10 22:45:11+00:00,https://www.zacks.com/stock/news/2053061/lamb-weston-lw-outpaces-stock-market-gains-what-you-should-know,Zacks Investment Research,0.05833333333333334,0.25416666666666665,neutral,0.05833333333333334,False,False,False,False,False,False,False,False,0.0,179,['LW'],LW,2023-02-10
Is JPMorgan Diversified Return U.S. Mid Cap Equity ETF (JPME) a Strong ETF Right Now?,Smart Beta ETF report for JPME,2023-02-13 11:20:06+00:00,https://www.zacks.com/stock/news/2053218/is-jpmorgan-diversified-return-us-mid-cap-equity-etf-jpme-a-strong-etf-right-now,Zacks Investment Research,0.2333333333333333,0.47797619047619044,positive,0.2333333333333333,False,False,False,False,False,False,False,False,0.0,117,"['JPME', 'BLDR', 'HUN', 'IJH', 'LW', 'VO']",LW,2023-02-13
Best Growth Stocks to Buy for February 13th,"RE, LW and ELF made it to the Zacks Rank #1 (Strong Buy) growth stocks list on February 13, 2023.",2023-02-13 12:39:00+00:00,https://www.zacks.com/commentary/2053251/best-growth-stocks-to-buy-for-february-13th,Zacks Investment Research,0.15833333333333333,0.4833333333333333,positive,0.15833333333333333,False,True,False,False,False,False,False,False,0.0,142,"['RE', 'ELF', 'LW']",LW,2023-02-13
Is It Worth Investing in Lamb Weston (LW) Based on Wall Street's Bullish Views?,"Based on the average brokerage recommendation (ABR), Lamb Weston (LW) should be added to one's portfolio. Wall Street analysts' overly optimistic recommendations cast doubt on the effectiveness of this highly sought-after metric. So, is the stock worth buying?",2023-02-13 14:30:07+00:00,https://www.zacks.com/stock/news/2053394/is-it-worth-investing-in-lamb-weston-lw-based-on-wall-streets-bullish-views,Zacks Investment Research,0.1525,0.28500000000000003,positive,0.1525,False,True,False,False,False,False,False,False,0.0,341,['LW'],LW,2023-02-13
"TreeHouse Foods (THS) Q4 Earnings Top Estimates, Sales Miss","TreeHouse Foods' (THS) fourth-quarter fiscal 2022 results reflect higher sales and earnings, year over year. Pricing remains an upside, labor and supply-chain hurdles persist.",2023-02-14 15:32:00+00:00,https://www.zacks.com/stock/news/2054134/treehouse-foods-ths-q4-earnings-top-estimates-sales-miss,Zacks Investment Research,0.375,0.5,positive,0.375,True,False,False,False,False,False,False,False,0.0,236,"['CAG', 'THS', 'MDLZ', 'LW']",LW,2023-02-14
3 Low-Beta Stocks for a Defensive Approach,"Low-beta stocks are less sensitive to the market's movements, helping provide investors with a valuable level of stability and defense. And these 3 have seen their earnings outlooks drift higher.",2023-02-14 22:54:00+00:00,https://www.zacks.com/stock/news/2054323/3-low-beta-stocks-for-a-defensive-approach,Zacks Investment Research,0.061111111111111116,0.48888888888888893,neutral,0.061111111111111116,True,False,False,False,False,False,False,False,0.0,239,"['HSY', 'AFL', 'LW']",LW,2023-02-14
"Kraft Heinz (KHC) Q4 Earnings & Sales Top Estimates, Rise Y/Y",Kraft Heinz's (KHC) fourth-quarter 2022 results reflect gains from pricing amid increased cost inflation and supply-chain headwinds. Management remains optimistic about 2023.,2023-02-15 14:54:00+00:00,https://www.zacks.com/stock/news/2054667/kraft-heinz-khc-q4-earnings-sales-top-estimates-rise-yy,Zacks Investment Research,0.5,0.5,positive,0.5,True,False,False,False,False,False,True,False,0.0,237,"['CAG', 'POST', 'KHC', 'LW']",LW,2023-02-15
Solid Snacks Unit & Saving Efforts Drive Campbell Soup (CPB),Campbell Soup's (CPB) Snacks business has been standing out for a while now. The company has been progressing well with its cost-saving plan.,2023-02-15 16:20:00+00:00,https://www.zacks.com/stock/news/2054770/solid-snacks-unit-saving-efforts-drive-campbell-soup-cpb,Zacks Investment Research,0.0,0.1,neutral,0.0,False,False,False,False,False,False,False,False,0.0,203,"['CAG', 'CPB', 'MDLZ', 'LW']",LW,2023-02-15
"Service Corporation (SCI) Q4 Earnings Top Estimates, Sales Down","Service Corporation's (SCI) fourth-quarter 2022 earnings and sales decline from the year-ago period's levels, which was significantly impacted by the pandemic.",2023-02-15 16:55:00+00:00,https://www.zacks.com/stock/news/2054805/service-corporation-sci-q4-earnings-top-estimates-sales-down,Zacks Investment Research,0.23981481481481481,0.5546296296296297,positive,0.23981481481481481,True,False,False,False,False,False,False,False,0.0,224,"['CAG', 'MDLZ', 'SCI', 'LW']",LW,2023-02-15
"Kraft Heinz (KHC) Q4 Earnings & Sales Top Estimates, Rise Y/Y (Revised)",Kraft Heinz's (KHC) fourth-quarter 2022 results reflect gains from pricing amid increased cost inflation and supply-chain headwinds. Management remains optimistic about 2023.,2023-02-15 17:49:00+00:00,https://www.zacks.com/stock/news/2054853/kraft-heinz-khc-q4-earnings-sales-top-estimates-rise-yy-revised,Zacks Investment Research,0.5,0.5,positive,0.5,True,False,False,False,False,False,True,False,0.0,247,"['CAG', 'POST', 'KHC', 'LW']",LW,2023-02-15
Best Growth Stocks to Buy for February 16th,"ARCO, LW and CALM made it to the Zacks Rank #1 (Strong Buy) growth stocks list on February 16, 2023.",2023-02-16 09:38:00+00:00,https://www.zacks.com/commentary/2055027/best-growth-stocks-to-buy-for-february-16th,Zacks Investment Research,0.23333333333333334,0.6708333333333334,positive,0.23333333333333334,False,True,False,False,False,False,False,False,0.0,145,"['CALM', 'ARCO', 'LW']",LW,2023-02-16
"Boston Beer (SAM) Dips on Q4 Loss, Beats Revenue Estimates","Boston Beer's (SAM) Q4 results gain from growth in depletions and shipments in Twisted Tea. However, continued weakness in the Truly brand and supply-chain issues are concerning.",2023-02-16 15:38:00+00:00,https://www.zacks.com/stock/news/2055457/boston-beer-sam-dips-on-q4-loss-beats-revenue-estimates,Zacks Investment Research,-0.5,1.0,negative,0.5,True,False,False,False,False,False,False,False,0.0,238,"['CAG', 'SAM', 'POST', 'LW']",LW,2023-02-16
Lamb Weston (LW) Stock Moves -0.1%: What You Should Know,"Lamb Weston (LW) closed the most recent trading day at $100.01, moving -0.1% from the previous trading session.",2023-02-16 22:45:12+00:00,https://www.zacks.com/stock/news/2055604/lamb-weston-lw-stock-moves--01-what-you-should-know,Zacks Investment Research,0.05833333333333334,0.25416666666666665,neutral,0.05833333333333334,False,False,False,False,False,False,False,False,0.0,169,['LW'],LW,2023-02-16
Mondelez (MDLZ) Looks Well-Placed: Focus on Snacking a Driver,Mondelez (MDLZ) benefits from its focus on expanding the chocolate and biscuit categories and strength in emerging markets.,2023-02-17 13:49:00+00:00,https://www.zacks.com/stock/news/2055802/mondelez-mdlz-looks-well-placed-focus-on-snacking-a-driver,Zacks Investment Research,0.0,0.0,neutral,0.0,False,False,False,False,False,False,False,False,0.0,186,"['CAG', 'MDLZ', 'POST', 'LW']",LW,2023-02-17
Hershey (HSY) Looks Promising on Pricing & Prudent Buyouts,Hershey (HSY) is undertaking strategic pricing initiatives to improve its performance. The company is on track with buyouts to augment portfolio strength.,2023-02-17 15:07:00+00:00,https://www.zacks.com/stock/news/2055930/hershey-hsy-looks-promising-on-pricing-prudent-buyouts,Zacks Investment Research,0.2,0.5,positive,0.2,False,True,False,False,False,False,False,False,0.0,214,"['HSY', 'CAG', 'MDLZ', 'LW']",LW,2023-02-17
General Mills (GIS) Banks on Accelerate Strategy Amid Cost Woes,"General Mills (GIS) has been benefiting from its Accelerate strategy, which helps it make the choices of how to win and where to play. This is likely to aid amid cost headwinds.",2023-02-20 14:13:00+00:00,https://www.zacks.com/stock/news/2056322/general-mills-gis-banks-on-accelerate-strategy-amid-cost-woes,Zacks Investment Research,0.22500000000000003,0.6,positive,0.22500000000000003,False,False,False,False,False,False,False,False,0.0,242,"['GIS', 'CAG', 'POST', 'LW']",LW,2023-02-20
Are Consumer Staples Stocks Lagging  Hershey (HSY) This Year?,Here is how Hershey (HSY) and Lamb Weston (LW) have performed compared to their sector so far this year.,2023-02-20 14:40:09+00:00,https://www.zacks.com/stock/news/2056365/are-consumer-staples-stocks-lagging-hershey-hsy-this-year,Zacks Investment Research,0.1,1.0,neutral,0.1,False,False,True,False,False,False,False,False,0.0,167,"['HSY', 'LW']",LW,2023-02-20
Best Growth Stocks to Buy for February 21st,"REPYY, LW and ELF made it to the Zacks Rank #1 (Strong Buy) growth stocks list on February 21, 2023.",2023-02-21 11:34:00+00:00,https://www.zacks.com/commentary/2056624/best-growth-stocks-to-buy-for-february-21st,Zacks Investment Research,0.15833333333333333,0.4833333333333333,positive,0.15833333333333333,False,True,False,False,False,False,False,False,0.0,145,"['ELF', 'LW']",LW,2023-02-21
Flowers Foods' (FLO) Papa Pita Bakery Buyout to Drive Growth,Flowers Foods (FLO) acquires Papa Pita Bakery to generate higher manufacturing and distribution synergies.,2023-02-21 15:46:00+00:00,https://www.zacks.com/stock/news/2056937/flowers-foods-flo-papa-pita-bakery-buyout-to-drive-growth,Zacks Investment Research,0.25,0.5,positive,0.25,False,True,False,False,False,False,False,False,0.0,168,"['CAG', 'FLO', 'MDLZ', 'LW']",LW,2023-02-21
Flowers Foods' (FLO) Papa Pita Bakery Buyout to Drive Growth,Flowers Foods (FLO) acquires Papa Pita Bakery to generate higher manufacturing and distribution synergies.,2023-02-21 15:46:00+00:00,https://www.zacks.com/stock/news/2056937/flowers-foods-flo-papa-pita-bakery-buyout-to-drive-growth,Zacks Investment Research,0.25,0.5,positive,0.25,False,True,False,False,False,False,False,False,0.0,168,"['CAG', 'FLO', 'MDLZ', 'LW']",LW,2023-02-21
"Molson Coors (TAP) Q4 Earnings Beat, Sales Lag Estimates","Molson Coors' (TAP) Q4 results reflect gains from solid pricing and a favorable sales mix, offset by consumer inflationary pressures and a softer beer industry.",2023-02-21 16:47:00+00:00,https://www.zacks.com/stock/news/2056979/molson-coors-tap-q4-earnings-beat-sales-lag-estimates,Zacks Investment Research,0.0,0.1,neutral,0.0,True,False,False,False,False,False,False,False,0.0,218,"['CAG', 'TAP', 'POST', 'LW']",LW,2023-02-21
"Molson Coors (TAP) Q4 Earnings Beat, Sales Lag Estimates","Molson Coors' (TAP) Q4 results reflect gains from solid pricing and a favorable sales mix, offset by consumer inflationary pressures and a softer beer industry.",2023-02-21 16:47:00+00:00,https://www.zacks.com/stock/news/2056979/molson-coors-tap-q4-earnings-beat-sales-lag-estimates,Zacks Investment Research,0.0,0.1,neutral,0.0,True,False,False,False,False,False,False,False,0.0,218,"['CAG', 'TAP', 'POST', 'LW']",LW,2023-02-21
"General Mills (GIS) Up on Raised View, Accelerate Strategy",General Mills (GIS) raises fiscal 2023 guidance. The company remains focused on advancing its Accelerate strategy.,2023-02-22 12:14:00+00:00,https://www.zacks.com/stock/news/2057268/general-mills-gis-up-on-raised-view-accelerate-strategy,Zacks Investment Research,0.05000000000000002,0.5,neutral,0.05000000000000002,False,False,False,False,False,False,False,False,0.0,174,"['GIS', 'CAG', 'POST', 'LW']",LW,2023-02-22
"Medifast (MED) Stock Down Despite Q4 Earnings, Sales Beat","Medifast's (MED) fourth-quarter 2022 results reflect reduced Coach productivity and cost inflation. While earnings increase year over year, revenues dip",2023-02-22 13:58:00+00:00,https://www.zacks.com/stock/news/2057375/medifast-med-stock-down-despite-q4-earnings-sales-beat,Zacks Investment Research,-0.15555555555555559,0.2888888888888889,negative,0.15555555555555559,True,False,False,False,True,False,False,False,0.0,211,"['CAG', 'POST', 'MED', 'LW']",LW,2023-02-22
Best Growth Stocks to Buy for February 23rd,"HSIC, LW and ELF made it to the Zacks Rank #1 (Strong Buy) growth stocks list on February 23, 2023.",2023-02-23 10:40:00+00:00,https://www.zacks.com/commentary/2057894/best-growth-stocks-to-buy-for-february-23rd,Zacks Investment Research,0.2111111111111111,0.6444444444444444,positive,0.2111111111111111,False,True,False,False,False,False,False,False,0.0,144,"['HSIC', 'ELF', 'LW']",LW,2023-02-23
"Keurig Dr Pepper (KDP) Q4 Earnings Miss, Sales Beat Estimates","Keurig Dr Pepper's (KDP) Q4 results gain from the robust performance in its cold beverages, double-digit growth across all four segments and better pricing. KDP issues an upbeat 2023 view.",2023-02-23 17:27:00+00:00,https://www.zacks.com/stock/news/2058327/keurig-dr-pepper-kdp-q4-earnings-miss-sales-beat-estimates,Zacks Investment Research,-0.04999999999999999,0.75,neutral,0.04999999999999999,True,False,False,False,False,False,False,False,0.0,251,"['CAG', 'POST', 'LW', 'KDP']",LW,2023-02-23
"Dividend Champion, Contender, And Challenger Highlights: Week Of February 26","Weekly summary of dividend activity for Dividend Champions, Contenders, Challengers. Read more to see the companies with upcoming ex-dividend dates.",2023-02-26 05:51:08+00:00,https://seekingalpha.com/article/4582127-dividend-champion-contender-and-challenger-highlights-week-of-february-26,Seeking Alpha,0.5,0.5,positive,0.5,False,False,False,False,False,True,False,False,0.0,226,"['ABR', 'ADM', 'AEM', 'AFL', 'AGO', 'AIRC', 'AIT', 'AJG', 'ALB', 'ALE', 'AMNB', 'AMP', 'AROW', 'ASB', 'ASH', 'ATO', 'AVT', 'AVY', 'AWI', 'AWK', 'AWR', 'BAC', 'BAH', 'BKH', 'BLK', 'BOKF', 'BWXT', 'CASS', 'CBSH', 'CCBG', 'CCOI', 'CFFI', 'CGNX', 'CHCT', 'CHD', 'CHRW', 'CIVB', 'CMS', 'CMSA', 'CMSC', 'CMSD', 'CNS', 'COP', 'CSL', 'CTRA', 'DHR', 'DPZ', 'EBMT', 'EBTC', 'EQH', 'EQIX', 'ES', 'ESS', 'ETN', 'ETR', 'EVBN', 'FANG', 'FAST', 'FCFS', 'FLO', 'FMBH', 'FNCB', 'FRME', 'FRMEP', 'FWRD', 'GAIN', 'GAINN', 'GAINZ', 'GATX', 'GDXD', 'GDXU', 'GIC', 'GL', 'GPC', 'GS', 'GWRS', 'GWW', 'HBB', 'HIG', 'HLI', 'HRB', 'HTBI', 'HTLF', 'HWKN', 'HY', 'IBOC', 'IDA', 'INTC', 'IPG', 'K', 'KLAC', 'KR', 'LAND', 'LARK', 'LCNB', 'LHX', 'LMT', 'LNN', 'LW', 'LYB', 'MATX', 'MBCN', 'MBWM', 'MCD', 'MCK', 'MGEE', 'MGRC', 'MLM', 'MOFG', 'MSCI', 'MSEX', 'MTB', 'MVBF', 'NATI', 'NBTB', 'NC', 'NKE', 'NNI', 'NPO', 'NRIM', 'O', 'OBNK', 'OC', 'ODFL', 'OLED', 'ORI', 'OSK', 'PEBK', 'PEP', 'PFE', 'PH', 'PII', 'PLD', 'PNW', 'PSX', 'QCOM', 'RGA', 'RZB', 'SBSI', 'SCL', 'SF', 'SFB', 'SIGI', 'SIGIP', 'SJM', 'SJW', 'SMBC', 'SO', 'SSNC', 'SWK', 'SWX', 'SXT', 'TAIT', 'TEL', 'TFC', 'TFSL', 'TKR', 'TMO', 'TNC', 'TR', 'TSN', 'UBCP', 'UFPI', 'UTL', 'V', 'VMC', 'WEC', 'WHR', 'WLK', 'WMS', 'WTID', 'WTIU', 'WTRG', 'WTS', 'XEL', 'ZTS']",LW,2023-02-26
How to Find Strong Buy Consumer Staples Stocks Using the Zacks Rank,The Zacks Rank offers investors a way to easily find top-rated stocks and build a winning investment portfolio. Here's why you should take advantage.,2023-02-27 14:00:04+00:00,https://www.zacks.com/stock/news/2059263/how-to-find-strong-buy-consumer-staples-stocks-using-the-zacks-rank,Zacks Investment Research,-0.022222222222222216,0.6861111111111112,neutral,0.022222222222222216,False,True,False,False,False,False,False,False,0.0,218,['LW'],LW,2023-02-27
Best Growth Stocks to Buy for February 27th,"ELF, DTEGY and LW made it to the Zacks Rank #1 (Strong Buy) growth stocks list on February 27, 2023.",2023-02-27 14:18:00+00:00,https://www.zacks.com/commentary/2059269/best-growth-stocks-to-buy-for-february-27th,Zacks Investment Research,0.2111111111111111,0.6444444444444444,positive,0.2111111111111111,False,True,False,False,False,False,False,False,0.0,145,"['ELF', 'LW']",LW,2023-02-27
3 Food Stocks With Dividends Growing Up to 400%,,2023-02-28 10:11:00+00:00,https://www.investing.com/analysis/3-food-stocks-with-dividends-growing-up-to-400-200635748,Investing.com,0.0,0.0,neutral,0.0,False,False,False,False,False,True,False,False,0.0,49,"['CF', 'ADM', 'CAG', 'LW']",LW,2023-02-28
3 Top Profitable Stocks to Buy on Solid Net Income Ratio,"Lamb Weston (LW), Catalyst Pharmaceuticals (CPRX) and Northeast Community Bancorp (NECB) are some of the top picks with a high net income ratio.",2023-02-28 12:46:00+00:00,https://www.zacks.com/stock/news/2059647/3-top-profitable-stocks-to-buy-on-solid-net-income-ratio,Zacks Investment Research,0.19333333333333333,0.2733333333333334,positive,0.19333333333333333,True,True,False,False,False,False,False,False,0.0,202,"['CPRX', 'LW', 'NECB']",LW,2023-02-28
"The J.M. Smucker (SJM) Q3 Earnings Beat, Sales Increase Y/Y","The J.M. Smucker's (SJM) third-quarter fiscal 2023 results reflect higher sales on positive net price realization. However, earnings decline from the year-ago quarter's reported figure.",2023-02-28 17:03:00+00:00,https://www.zacks.com/stock/news/2059948/the-jm-smucker-sjm-q3-earnings-beat-sales-increase-yy,Zacks Investment Research,0.1590909090909091,0.34848484848484845,positive,0.1590909090909091,True,False,False,False,False,False,False,False,0.0,246,"['CAG', 'SJM', 'MDLZ', 'LW']",LW,2023-02-28
"Zacks.com featured highlights Lamb Weston, Catalyst Pharmaceuticals and Northeast Community Bank","Lamb Weston, Catalyst Pharmaceuticals and Northeast Community Bank have been highlighted in this Screen of The Week article.",2023-03-01 10:44:00+00:00,https://www.zacks.com/stock/news/2060183/zackscom-featured-highlights-lamb-weston-catalyst-pharmaceuticals-and-northeast-community-bank,Zacks Investment Research,0.0,0.0,neutral,0.0,False,False,False,False,False,False,False,False,0.0,222,"['CPRX', 'LW', 'NECB']",LW,2023-03-01
Best Growth Stocks to Buy for March 1st,"IFNNY, HSIC and LW made it to the Zacks Rank #1 (Strong Buy) growth stocks list on March 1, 2023.",2023-03-01 14:22:00+00:00,https://www.zacks.com/commentary/2060398/best-growth-stocks-to-buy-for-march-1st,Zacks Investment Research,0.2111111111111111,0.6444444444444444,positive,0.2111111111111111,False,True,False,False,False,False,False,False,0.0,138,"['HSIC', 'LW']",LW,2023-03-01
B&G Foods (BGS) Gains Almost 15% on Q4 Earnings & Sales Beat,B&G Foods' (BGS) fourth-quarter fiscal 2022 results reflect gains from pricing and a moderating inflationary environment. Both earnings and sales increase year over year.,2023-03-01 14:28:00+00:00,https://www.zacks.com/stock/news/2060411/bg-foods-bgs-gains-almost-15-on-q4-earnings-sales-beat,Zacks Investment Research,0.0,0.0,neutral,0.0,True,False,False,False,False,False,False,False,0.0,232,"['CAG', 'BGS', 'POST', 'LW']",LW,2023-03-01
Monster Beverage (MNST) Dips on Q4 Earnings & Sales Miss,"Monster Beverage's (MNST) Q4 results reflect gains from a strong brand performance, innovation, product launches and pricing actions amid elevated logistic and input costs.",2023-03-01 15:30:00+00:00,https://www.zacks.com/stock/news/2060501/monster-beverage-mnst-dips-on-q4-earnings-sales-miss,Zacks Investment Research,0.4333333333333333,0.7333333333333333,positive,0.4333333333333333,True,False,False,False,True,False,False,False,0.0,230,"['CAG', 'MNST', 'POST', 'LW']",LW,2023-03-01
Lamb Weston's (LW) Latest Expansion Effort Accelerates Growth,Lamb Weston (LW) acquires remaining equity interests in its European joint venture with Meijer Frozen Foods B.V.,2023-03-01 15:51:00+00:00,https://www.zacks.com/stock/news/2060505/lamb-westons-lw-latest-expansion-effort-accelerates-growth,Zacks Investment Research,0.25,0.45,positive,0.25,False,True,False,True,False,False,False,False,0.0,175,"['CAG', 'MDLZ', 'POST', 'LW']",LW,2023-03-01
"Inter Parfums (IPAR) Q4 Earnings Increase, 2023 View Rises",Inter Parfums' (IPAR) fourth-quarter 2022 results reflect higher earnings and sales on growth across Europe and U.S.-based operations. Management raises the 2023 view.,2023-03-01 16:00:00+00:00,https://www.zacks.com/stock/news/2060512/inter-parfums-ipar-q4-earnings-increase-2023-view-rises,Zacks Investment Research,0.25,0.5,positive,0.25,True,False,False,False,False,False,True,False,0.0,227,"['CAG', 'IPAR', 'MDLZ', 'LW']",LW,2023-03-01
Should JPMorgan Diversified Return U.S. Mid Cap Equity ETF (JPME) Be on Your Investing Radar?,Style Box ETF report for JPME,2023-03-02 11:20:06+00:00,https://www.zacks.com/stock/news/2060805/should-jpmorgan-diversified-return-us-mid-cap-equity-etf-jpme-be-on-your-investing-radar,Zacks Investment Research,0.0,0.0,neutral,0.0,False,False,False,False,False,False,False,False,0.0,124,"['JPME', 'BLDR', 'HUN', 'IJH', 'LW', 'VO']",LW,2023-03-02
4 Low-Beta Stocks to Buy to Combat the Volatile Market,"It is imperative to build a portfolio of low-beta stocks to sail through a choppy market. Employers Holdings (EIG), The Hershey (HSY), Lamb Weston (LW) and Novo Nordisk (NVO) are poised to gain.",2023-03-02 12:45:00+00:00,https://www.zacks.com/stock/news/2060847/4-low-beta-stocks-to-buy-to-combat-the-volatile-market,Zacks Investment Research,-0.2,0.2,negative,0.2,False,True,False,False,False,False,False,False,0.0,250,"['NVO', 'HSY', 'EIG', 'LW']",LW,2023-03-02
"Hormel Foods (HRL) Q1 Earnings Miss Estimates, Sales Dip Y/Y",Hormel Foods' (HRL) first-quarter earnings and sales decline year over year due to inflationary pressures and supply chain inefficiencies. Management lowers fiscal 2023 earnings outlook.,2023-03-03 16:59:00+00:00,https://www.zacks.com/stock/news/2061698/hormel-foods-hrl-q1-earnings-miss-estimates-sales-dip-yy,Zacks Investment Research,-0.125,0.375,negative,0.125,True,False,False,False,False,False,True,False,0.0,248,"['CAG', 'HRL', 'MDLZ', 'LW']",LW,2023-03-03
Is Hershey (HSY) Outperforming Other Consumer Staples Stocks This Year?,Here is how Hershey (HSY) and Lamb Weston (LW) have performed compared to their sector so far this year.,2023-03-08 14:40:10+00:00,https://www.zacks.com/stock/news/2062978/is-hershey-hsy-outperforming-other-consumer-staples-stocks-this-year,Zacks Investment Research,-0.012499999999999997,0.6875,neutral,0.012499999999999997,False,False,True,False,False,False,False,False,0.0,177,"['HSY', 'LW']",LW,2023-03-08
"Campbell (CPB) Beats on Q2 Earnings & Sales, Raises FY23 View",Campbell's (CPB) Q2 results reflect higher net sales and earnings on growth across all segments. Management raises the fiscal 2023 view.,2023-03-08 17:08:00+00:00,https://www.zacks.com/stock/news/2063120/campbell-cpb-beats-on-q2-earnings-sales-raises-fy23-view,Zacks Investment Research,0.125,0.25,positive,0.125,True,False,False,False,False,False,True,False,0.0,199,"['CPB', 'MDLZ', 'POST', 'LW']",LW,2023-03-08
"United Natural (UNFI) Q2 Earnings Miss Estimates, Sales Rise","United Natural's (UNFI) second-quarter fiscal 2023 results reflect lower earnings on inflationary pressure and supply chain volatility. Nevertheless, sales grew year over year.",2023-03-09 14:32:00+00:00,https://www.zacks.com/stock/news/2063554/united-natural-unfi-q2-earnings-miss-estimates-sales-rise,Zacks Investment Research,0.1,0.4,neutral,0.1,True,False,True,False,False,False,False,False,0.0,238,"['UNFI', 'MDLZ', 'POST', 'LW']",LW,2023-03-09
McCormick (MKC) Down More Than 15% in 3 Months: Here's Why,"McCormick (MKC) is battling escalated cost inflation and supply-chain expenses, which are denting its gross margin.",2023-03-10 15:21:00+00:00,https://www.zacks.com/stock/news/2064224/mccormick-mkc-down-more-than-15-in-3-months-heres-why,Zacks Investment Research,0.11481481481481481,0.262962962962963,positive,0.11481481481481481,False,False,False,False,False,False,False,False,0.0,175,"['MKC', 'MDLZ', 'POST', 'LW']",LW,2023-03-10
Should You Invest in the Invesco S&P 500 Equal Weight Consumer Staples ETF (RHS)?,Sector ETF report for RHS,2023-03-13 10:20:10+00:00,https://www.zacks.com/stock/news/2064524/should-you-invest-in-the-invesco-sp-500-equal-weight-consumer-staples-etf-rhs,Zacks Investment Research,0.0,0.25,neutral,0.0,False,False,True,False,False,False,False,False,0.0,108,"['RHS', 'GIS', 'CPB', 'XLP', 'VDC', 'LW']",LW,2023-03-13
Philip Morris (PM) Solid Smoke-Free Products Aid Amid High Costs,Philip Morris (PM) benefits from its smoke-free products and robust pricing power amid cost inflation.,2023-03-13 10:51:00+00:00,https://www.zacks.com/stock/news/2064576/philip-morris-pm-solid-smoke-free-products-aid-amid-high-costs,Zacks Investment Research,0.08,0.31999999999999995,neutral,0.08,False,False,False,False,True,False,False,False,0.0,168,"['GIS', 'PM', 'POST', 'LW']",LW,2023-03-13
Here's Why Clorox (CLX) is Marching Ahead of Its Industry,"Despite inflation concerns, Clorox (CLX) looks well poised to drive growth in the future on the back of solid demand, pricing actions, cost savings efforts and other growth strategies.",2023-03-13 16:33:00+00:00,https://www.zacks.com/stock/news/2064916/heres-why-clorox-clx-is-marching-ahead-of-its-industry,Zacks Investment Research,-0.03125,0.15,neutral,0.03125,False,False,False,False,False,False,False,False,0.0,243,"['CLX', 'MDLZ', 'POST', 'LW']",LW,2023-03-13
3 Stocks Tailored for a Defensive Approach,"Negative sentiment has flowed into the market following the crumbling of Silicon Valley Bank, with many financial stocks feeling the drag. With volatility high, should investors consider defensive sectors?",2023-03-13 19:19:00+00:00,https://www.zacks.com/commentary/2064976/3-stocks-tailored-for-a-defensive-approach,Zacks Investment Research,0.043333333333333335,0.2684722222222222,neutral,0.043333333333333335,False,False,True,False,False,False,False,False,0.0,249,"['HSY', 'IPAR', 'LW']",LW,2023-03-13
"Zacks Investment Ideas feature highlights: The Hershey Company, Lamb Weston and Inter Parfums","The Hershey Company, Lamb Weston and Inter Parfums are part of the Zacks Investment Ideas article.",2023-03-14 11:08:00+00:00,https://www.zacks.com/stock/news/2065222/zacks-investment-ideas-feature-highlights-the-hershey-company-lamb-weston-and-inter-parfums,Zacks Investment Research,0.0,0.0,neutral,0.0,False,False,False,False,False,False,False,False,0.0,193,"['HSY', 'IPAR', 'LW']",LW,2023-03-14
4 Consumer Staple Stocks to Buy Amid Growing Market Volatility,"Consumer staple stocks like General Mills, Inc. (GIS), The Hershey Company (HSY), Ingredion Incorporated (INGR) and Lamb Weston Holdings, Inc. (LW) are likely to remain unaffected by the ongoing market volatility.",2023-03-14 12:41:00+00:00,https://www.zacks.com/stock/news/2065393/4-consumer-staple-stocks-to-buy-amid-growing-market-volatility,Zacks Investment Research,4.625929269271485e-18,0.5333333333333333,neutral,4.625929269271485e-18,False,True,False,False,False,False,False,False,0.0,277,"['HSY', 'GIS', 'INGR', 'LW']",LW,2023-03-14
Lamb Weston (LW) Stock Moves -0.64%: What You Should Know,"Lamb Weston (LW) closed the most recent trading day at $97.99, moving -0.64% from the previous trading session.",2023-03-15 21:50:23+00:00,https://www.zacks.com/stock/news/2066397/lamb-weston-lw-stock-moves--064-what-you-should-know,Zacks Investment Research,0.05833333333333334,0.25416666666666665,neutral,0.05833333333333334,False,False,False,False,False,False,False,False,0.0,170,['LW'],LW,2023-03-15
4 Grocery Stocks to Buy on Soaring Online Sales,"Grocery stocks The Hershey Company (HSY), Post Holdings, Inc. (POST), General Mills, Inc. (GIS) and Lamb Weston Holdings, Inc. (LW) are poised to grow in the coming days.",2023-03-16 12:13:00+00:00,https://www.zacks.com/stock/news/2066655/4-grocery-stocks-to-buy-on-soaring-online-sales,Zacks Investment Research,0.05000000000000002,0.5,neutral,0.05000000000000002,False,True,False,False,False,False,False,False,0.0,219,"['HSY', 'GIS', 'POST', 'LW']",LW,2023-03-16
Weathering the Economic Storm: This Highly-Ranked Stock Has Flourished,The bullish price action is a sign of strength as this company looks to continue its momentum in the months and years ahead.,2023-03-16 15:50:00+00:00,https://www.zacks.com/commentary/2066825/weathering-the-economic-storm-this-highly-ranked-stock-has-flourished,Zacks Investment Research,0.15000000000000002,0.15000000000000002,positive,0.15000000000000002,False,False,False,False,False,False,False,False,0.0,196,['LW'],LW,2023-03-16
"Coty (COTY) on Growth Track, Raises LFL Sales View for FY23",Coty Inc. (COTY) now anticipates its core like-for-like sales growth to be at the higher end of its previously guided range of 6-8% in fiscal 2023.,2023-03-16 16:11:00+00:00,https://www.zacks.com/stock/news/2066891/coty-coty-on-growth-track-raises-lfl-sales-view-for-fy23,Zacks Investment Research,0.04166666666666667,0.3333333333333333,neutral,0.04166666666666667,False,False,False,False,False,False,False,False,0.0,208,"['GIS', 'COTY', 'POST', 'LW']",LW,2023-03-16
Kellogg (K) Names Businesses to be Formed After Planned Split,"Kellogg (K) unveils the names of its companies, which will be created through its planned split that is likely to be concluded by 2023-end. The companies will be called Kellanova and WK Kellogg Co.",2023-03-16 16:18:00+00:00,https://www.zacks.com/stock/news/2066905/kellogg-k-names-businesses-to-be-formed-after-planned-split,Zacks Investment Research,0.0,1.0,neutral,0.0,False,False,False,False,False,True,False,False,0.0,260,"['GIS', 'K', 'POST', 'LW']",LW,2023-03-16
"Nu Skin (NUS) Hurt by Cost Inflation, Adverse Currency Movements","Nu Skin (NUS) bears the brunt of COVID-related disruptions, unfavorable currency movements and global inflation.",2023-03-17 19:02:00+00:00,https://www.zacks.com/stock/news/2067547/nu-skin-nus-hurt-by-cost-inflation-adverse-currency-movements,Zacks Investment Research,0.0,0.0,neutral,0.0,False,False,False,False,False,False,False,False,0.0,178,"['GIS', 'NUS', 'POST', 'LW']",LW,2023-03-17
Lamb Weston (LW) Stock Up More Than 20% in 6 Months: Here's Why,"Lamb Weston (LW) is benefiting from a robust price/mix. Also, the company is focused on undertaking strategic growth efforts like expanding capacity.",2023-03-20 12:53:00+00:00,https://www.zacks.com/stock/news/2067869/lamb-weston-lw-stock-up-more-than-20-in-6-months-heres-why,Zacks Investment Research,0.5,0.5,positive,0.5,False,False,False,False,False,False,False,False,0.0,214,"['HSY', 'GIS', 'POST', 'LW']",LW,2023-03-20
Kraft Heinz's (KHC) Extended Alliance With BEES to Fuel Growth,"Kraft Heinz (KHC) unveils an extended alliance with BEES to boost the points of sale in Latin America. The company is particularly focused on strengthening its footprint in Colombia, Mexico and Peru.",2023-03-21 12:02:00+00:00,https://www.zacks.com/stock/news/2068372/kraft-heinzs-khc-extended-alliance-with-bees-to-fuel-growth,Zacks Investment Research,0.16666666666666666,0.3333333333333333,positive,0.16666666666666666,False,False,False,False,False,False,False,False,0.0,263,"['GIS', 'POST', 'KHC', 'LW']",LW,2023-03-21
Lamb Weston (LW) Gains But Lags Market: What You Should Know,"Lamb Weston (LW) closed the most recent trading day at $99.65, moving +0.58% from the previous trading session.",2023-03-21 21:50:20+00:00,https://www.zacks.com/stock/news/2068738/lamb-weston-lw-gains-but-lags-market-what-you-should-know,Zacks Investment Research,0.05833333333333334,0.25416666666666665,neutral,0.05833333333333334,False,False,False,False,False,False,False,False,0.0,173,['LW'],LW,2023-03-21
Is Invesco S&P 500 Equal Weight Consumer Staples ETF (RHS) a Strong ETF Right Now?,Smart Beta ETF report for RHS,2023-03-22 10:20:08+00:00,https://www.zacks.com/stock/news/2068838/is-invesco-sp-500-equal-weight-consumer-staples-etf-rhs-a-strong-etf-right-now,Zacks Investment Research,0.2333333333333333,0.5404761904761904,positive,0.2333333333333333,False,False,False,False,False,False,False,False,0.0,113,"['RHS', 'GIS', 'CPB', 'XLP', 'VDC', 'LW']",LW,2023-03-22
Lamb Weston (LW) Outpaces Stock Market Gains: What You Should Know,"In the latest trading session, Lamb Weston (LW) closed at $101.68, marking a +1.49% move from the previous day.",2023-03-27 21:50:24+00:00,https://www.zacks.com/stock/news/2071020/lamb-weston-lw-outpaces-stock-market-gains-what-you-should-know,Zacks Investment Research,0.07777777777777779,0.3888888888888889,neutral,0.07777777777777779,False,False,False,False,False,False,False,False,0.0,179,['LW'],LW,2023-03-27
McCormick (MKC) Tops Q1 Earnings and Revenue Estimates,"McCormick (MKC) delivered earnings and revenue surprises of 20.41% and 1.33%, respectively, for the quarter ended February 2023. Do the numbers hold clues to what lies ahead for the stock?",2023-03-28 12:05:02+00:00,https://www.zacks.com/stock/news/2071186/mccormick-mkc-tops-q1-earnings-and-revenue-estimates,Zacks Investment Research,0.0,0.1,neutral,0.0,True,False,False,False,False,False,False,False,0.0,244,"['MKC', 'LW']",LW,2023-03-28
"Inflation Eases, S&P 500 Rally Continues Ahead Of Next Week's Critical Jobs Report","The SPDR S&P 500 ETF Trust (NYSE: SPY) logged a weekly gain to finish off a volatile but positive first quarter marked by more Federal Reserve tightening and a banking crisis driven by the collapse of Silicon Valley Bank.
On Friday, the Bureau of Economic Analysis reported the personal consumption expenditures price index increased by 5% year-over-year in the month of February, down from 5.4% in January. Core PCE, which excludes volatile food and energy prices and is the Fed's preferred inflation gauge, was up 4.6%, below analyst estimates of a 4.7% gain.
On Thursday, former U.S. President Donald Trump was indicted on roughly 30 criminal counts of document fraud stemming from alleged hush money payments made to adult film star Stormy Daniels in 2016 when he was ...",2023-03-31 20:01:22+00:00,https://www.benzinga.com/news/23/03/31614775/inflation-eases-s-p-500-rally-continues-ahead-of-next-weeks-critical-jobs-report,Benzinga,0.0555167055167055,0.3475135975135975,neutral,0.0555167055167055,False,False,False,False,False,False,False,False,0.2,859,"['SPY', 'CAG', 'STZ', 'LW', 'LEVI', 'EVGO', 'DWAC']",LW,2023-03-31
"As Wall Street pushed stocks higher to start 2023, earnings expectations sank by almost the same amount",The S&P 500 index eked out modest gains through the first quarter. But analysts and dozens of companies grew more pessimistic over that time than usual.,2023-04-03 11:57:00+00:00,https://www.marketwatch.com/story/as-wall-street-pushed-stocks-higher-to-start-2023-earnings-expectations-sank-by-almost-the-same-amount-88a6fea5,MarketWatch,0.1416666666666667,0.43472222222222223,positive,0.1416666666666667,True,False,False,False,False,False,False,False,0.0,257,"['FRC', 'AMZN', 'LEVI', 'CAG', 'LW']",LW,2023-04-03
Lamb Weston (LW) Readies for Q3 Earnings: Things to Note,Lamb Weston's (LW) third-quarter fiscal 2023 performance is likely to reflect gains from pricing action and capacity expansion efforts.,2023-04-04 16:39:00+00:00,https://www.zacks.com/stock/news/2074446/lamb-weston-lw-readies-for-q3-earnings-things-to-note,Zacks Investment Research,0.05,0.55,neutral,0.05,True,False,False,False,False,False,False,False,0.0,193,"['STZ', 'SMPL', 'LW', 'PRPL']",LW,2023-04-04
Investor Optimism Declines After Nasdaq Drops For Third Straight Session,"The CNN Money Fear and Greed index showed some decline in the overall sentiment among U.S. investors on Wednesday.
The Nasdaq Composite dropped for a third consecutive session on Wednesday following the release of weak economic reports.
Private businesses in the U.S. added 145,000 jobs in March versus a revised 261,000 in February and compared to expectations of 200,000. The S&P Global services PMI was revised lower to 52.6 in March versus a preliminary reading of 53.8. That followed Tuesday’s report, which showed job openings dropping to 9.9 million ...",2023-04-06 07:25:37+00:00,https://www.benzinga.com/news/earnings/23/04/31691805/investor-optimism-declines-after-nasdaq-drops-for-third-straight-session,Benzinga,0.00277777777777778,0.18888888888888888,neutral,0.00277777777777778,False,False,True,False,True,False,False,False,0.0,634,"['AMD', 'RPM', 'STZ', 'LW']",LW,2023-04-06
"Costco Wholesale, Constellation Brands And 3 Stocks To Watch Heading Into Thursday","With US futures trading lower this morning on Thursday, some of the stocks that may grab investor focus today are as follows:

Wall Street expects  RPM International Inc.  (NYSE: RPM) to post quarterly earnings at $0.31 per share on revenue of $1.41 billion before the opening bell. RPM International shares rose 0.2% to $84.51 in after-hours trading.
Costco Wholesale Corp (NASDAQ: COST) reported net sales of $21.71 billion for the month of March, up 0.5% on a year-over-year basis, while ...",2023-04-06 08:28:10+00:00,https://www.benzinga.com/news/earnings/23/04/31692136/costco-wholesale-constellation-brands-and-3-stocks-to-watch-heading-into-thursday,Benzinga,0.15,0.2375,positive,0.15,True,False,False,False,False,False,False,False,0.0,578,"['COST', 'RPM', 'STZ', 'LW', 'LITE']",LW,2023-04-06
2 Stocks Rising on Strong Business Performance,"Markets were once again poised for a lackluster opening on Thursday, but these two companies had good news.",2023-04-06 13:32:46+00:00,https://www.fool.com/investing/2023/04/06/2-stocks-rising-on-strong-business-performance/,The Motley Fool,0.5666666666666667,0.6666666666666667,positive,0.5666666666666667,False,False,False,False,False,False,False,False,0.0,155,"['LW', 'STZ']",LW,2023-04-06
Lamb Weston (LW) Q3 Earnings and Revenues Top Estimates,"Lamb Weston (LW) delivered earnings and revenue surprises of 45.92% and 6.43%, respectively, for the quarter ended February 2023. Do the numbers hold clues to what lies ahead for the stock?",2023-04-06 13:55:03+00:00,https://www.zacks.com/stock/news/2075574/lamb-weston-lw-q3-earnings-and-revenues-top-estimates,Zacks Investment Research,0.25,0.3,positive,0.25,True,False,False,False,False,False,False,False,0.0,246,"['LW', 'BGS']",LW,2023-04-06
"Lamb Weston, TH International, AMC Entertainment And Other Big Stocks Moving Higher On Thursday","U.S. stocks traded lower, with the Dow Jones falling around 100 points on Thursday. Here are some big stocks recording gains in today’s session.

BigBear.ai Holdings, Inc. (NYSE: BBAI) shares jumped 17% to $2.58.
TH International Limited (NASDAQ: THCH) gained 14.4% to $4.30. TH International posted Q4 earnings of $0.11 per share on sales of $43.71 million.
Tellurian Inc. (NYSE: TELL) surged 14.3% to $1.3485 after the company announced it entered into a binding LOI with an investor regarding the sale and leaseback of roughly 800 acres of land owned and/or leased by Driftwood.
AMC Entertainment Holdings, Inc. (NYSE: AMC) shares rose 13.6% to $4.60 after ...",2023-04-06 14:25:19+00:00,https://www.benzinga.com/news/23/04/31699091/lamb-weston-th-international-amc-entertainment-and-other-big-stocks-moving-higher-on-thursday,Benzinga,0.05535714285714286,0.2567857142857143,neutral,0.05535714285714286,True,False,False,False,False,False,False,False,0.0,760,"['AI', 'PL', 'AMC', 'LW', 'ADV', 'VRE', 'HCM', 'TELL', 'DLO', 'BBAI', 'GETY', 'SOUN', 'THCH']",LW,2023-04-06
"Nasdaq, S&P 500 See Cautious Gains Ahead of Friday's NFPs and Easter Break: Analyst Warns Of Challenging April, Q2 Before Good Times Return","The U.S. stock market marginally rebounded midday Thursday ahead of the Good Friday market holiday, which coincides with the publication of the March's nonfarm payrolls data. On the macro front, initial unemployment claims came in at 228,000, above predictions of 200,000, bolstering perceptions of slowing momentum in the economy. Low volumes, which are common in the pre-holiday period, characterized today's session.
Cues From Thursday's Trading: 
The S&P 500 index reclaimed 4,100 points, up 0.4% on the day. The Dow Jones Industrial Average was flat, while both the Nasdaq 100 and the Russell 2000 index gained 0.6%. 

U.S. Indices' Performance On Thursday


Index
Performance (+/-)
 
Value




Nasdaq Composite
+0.6%
 
12,067.18


S&P 500 Index
+0.4%
 
4,101.76


Dow Industrials
+0.13%
 
33,506.39



Analyst Color: 
The economy and the market had a fairly good first quarter although the good times may not continue into the second quarter, according to Brad McMillan,  chief investment officer at Commonwealth Financial Network.
“April and the second quarter will likely be more challenging,” the economist said. “But even if they are, the prospects for the rest of the year continue to look positive,” he added.
Thursday's Trading In Major US Equity ETFs: 
In midday trading Thursday, the SPDR S&P 500 ETF Trust (NYSE: SPY) was up 0.36% to $409.07, the SPDR Dow Jones Industrial Average ETF (ARCA: DIA) edged 0.1% higher to $335.25 and the Invesco QQQ Trust (NASDAQ: QQQ) rose 0.6% to $317.71, according to Benzinga Pro data.
Among U.S. equity sectors, the Communication ...",2023-04-06 17:49:00+00:00,https://www.benzinga.com/news/earnings/23/04/31693838/nasdaq-s-p-500-futures-wobble-amid-jobs-data-jitters-analyst-warns-of-challenging-april-q1-before-g,Benzinga,0.2202075098814229,0.45886034255599467,positive,0.2202075098814229,False,False,True,False,False,False,False,False,0.0,1725,"['SPY', 'COST', 'SWKS', 'WDFC', 'FDX', 'STZ', 'QQQ', 'LW', 'QRVO', 'LITE', 'JHG', 'LEVI']",LW,2023-04-06
Best Income Stocks to Buy for April 13th,"LW made it to the Zacks Rank #1 (Strong Buy) income stocks list on April 13, 2023.",2023-04-13 09:03:00+00:00,https://www.zacks.com/commentary/2077964/best-income-stocks-to-buy-for-april-13th,Zacks Investment Research,0.15833333333333333,0.4833333333333333,positive,0.15833333333333333,False,True,False,False,False,False,False,False,0.0,124,['LW'],LW,2023-04-13
5 Top Stocks Likely to Come Up With Earnings Beat,"These top-ranked stocks are likely to beat on the bottom line in their next releases. Tap Lamb Weston (LW), NeoGenomics (NEO), Surrozen (SRZN), KE Hodlings (BEKE) and Insperity (NSP).",2023-04-13 11:29:00+00:00,https://www.zacks.com/stock/news/2078044/5-top-stocks-likely-to-come-up-with-earnings-beat,Zacks Investment Research,0.125,0.625,positive,0.125,True,False,False,False,True,False,False,False,0.0,234,"['NSP', 'NEO', 'LW', 'BEKE', 'SRZN']",LW,2023-04-13
New Strong Buy Stocks for April 13th,"BZFD, COCO, LW, GPK and STM have been added to the Zacks Rank #1 (Strong Buy) List on April 13, 2023.",2023-04-13 12:08:00+00:00,https://www.zacks.com/commentary/2077370/new-strong-buy-stocks-for-april-13th,Zacks Investment Research,0.04060606060606057,0.5642424242424242,neutral,0.04060606060606057,False,True,False,False,False,False,False,False,0.0,139,"['STM', 'COCO', 'GPK', 'LW', 'BZFD']",LW,2023-04-13
Sysco's (SYY) Recipe for Growth Bodes Well Amid Cost Woes,"Sysco (SYY) gains from its Recipe for Growth program, which involves five strategic priorities. However, the company has been battling cost inflation.",2023-04-13 13:21:00+00:00,https://www.zacks.com/stock/news/2078122/syscos-syy-recipe-for-growth-bodes-well-amid-cost-woes,Zacks Investment Research,0.0,0.0,neutral,0.0,False,False,False,False,False,False,False,False,0.0,209,"['GIS', 'CAG', 'SYY', 'LW']",LW,2023-04-13
Wall Street Bulls Look Optimistic About Lamb Weston (LW): Should You Buy?,"According to the average brokerage recommendation (ABR), one should invest in Lamb Weston (LW). It is debatable whether this highly sought-after metric is effective because Wall Street analysts' recommendations tend to be overly optimistic. Would it be worth investing in the stock?",2023-04-13 13:30:07+00:00,https://www.zacks.com/stock/news/2078175/wall-street-bulls-look-optimistic-about-lamb-weston-lw-should-you-buy,Zacks Investment Research,0.22749999999999998,0.46,positive,0.22749999999999998,False,True,False,False,False,False,False,False,0.0,357,['LW'],LW,2023-04-13
Best Momentum Stocks to Buy for April 13th,"LW and GPK made it to the Zacks Rank #1 (Strong Buy) momentum stocks list on April 13, 2023.",2023-04-13 14:00:00+00:00,https://www.zacks.com/commentary/2077969/best-momentum-stocks-to-buy-for-april-13th,Zacks Investment Research,0.15833333333333333,0.4833333333333333,positive,0.15833333333333333,False,True,False,False,False,False,False,False,0.0,136,"['GPK', 'LW']",LW,2023-04-13
Surging Earnings Estimates Signal Upside for Lamb Weston (LW) Stock,"Lamb Weston (LW) shares have started gaining and might continue moving higher in the near term, as indicated by solid earnings estimate revisions.",2023-04-13 16:20:06+00:00,https://www.zacks.com/stock/news/2078455/surging-earnings-estimates-signal-upside-for-lamb-weston-lw-stock,Zacks Investment Research,0.11666666666666665,0.3333333333333333,positive,0.11666666666666665,True,False,False,False,False,False,False,False,0.0,215,['LW'],LW,2023-04-13
"Zacks.com featured highlights include Lamb Weston, NeoGenomics, Surrozen, KE Holdings and Insperity","Lamb Weston, NeoGenomics, Surrozen, KE Holdings and Insperity are part of the Zacks Screen of the Week article.",2023-04-14 10:51:00+00:00,https://www.zacks.com/stock/news/2078730/zackscom-featured-highlights-include-lamb-weston-neogenomics-surrozen-ke-holdings-and-insperity,Zacks Investment Research,0.0,0.0,neutral,0.0,False,False,False,False,False,False,False,False,0.0,212,"['NSP', 'NEO', 'LW', 'BEKE', 'SRZN']",LW,2023-04-14
4 Stocks to Add to Your Portfolio on Soaring Grocery Sales,"Grocery stocks Lamb Weston Holdings, Inc. (LW), General Mills, Inc. (GIS), Conagra Brands, Inc. (CAG) and McCormick & Company, Incorporated (MKC) are poised to grow in the coming days.",2023-04-14 12:02:00+00:00,https://www.zacks.com/stock/news/2078810/4-stocks-to-add-to-your-portfolio-on-soaring-grocery-sales,Zacks Investment Research,0.05000000000000002,0.5,neutral,0.05000000000000002,False,False,False,False,False,False,False,False,0.0,244,"['GIS', 'CAG', 'MKC', 'LW']",LW,2023-04-14
How to Boost Your Portfolio with Top Consumer Staples Stocks Set to Beat Earnings,Investors looking for ways to find stocks that are set to beat quarterly earnings estimates should check out the Zacks Earnings ESP.,2023-04-14 12:50:05+00:00,https://www.zacks.com/stock/news/2078775/how-to-boost-your-portfolio-with-top-consumer-staples-stocks-set-to-beat-earnings,Zacks Investment Research,0.5,0.5,positive,0.5,True,False,False,False,False,False,False,False,0.0,215,"['KHC', 'LW']",LW,2023-04-14
4 Relative Price Strength Stocks With Strong Return Potential,"PRI, REPX, OMC and LW are four stocks with explosive relative price strength.",2023-04-14 12:52:00+00:00,https://www.zacks.com/stock/news/2078907/4-relative-price-strength-stocks-with-strong-return-potential,Zacks Investment Research,0.10833333333333332,0.43333333333333335,positive,0.10833333333333332,False,False,False,False,False,False,False,False,0.0,140,"['OMC', 'PRI', 'LW', 'REPX']",LW,2023-04-14
"Mondelez (MDLZ) Gains From Buyouts, Hurt by Cost Inflation","Mondelez (MDLZ) has been benefiting from its buyouts, which are strengthening its core chocolate and biscuit categories. However, cost inflation remains a hurdle.",2023-04-14 13:30:00+00:00,https://www.zacks.com/stock/news/2078899/mondelez-mdlz-gains-from-buyouts-hurt-by-cost-inflation,Zacks Investment Research,0.0,0.0,neutral,0.0,False,True,False,False,False,False,False,False,0.0,222,"['GIS', 'CAG', 'MDLZ', 'LW']",LW,2023-04-14
"United Natural (UNFI) Hurt by High Costs, Supply-Chain Woes","United Natural (UNFI) is battling cost inflation and supply-chain woes. On its last earnings call, management said that it expects to witness similar profitability trends through the rest of the year.",2023-04-14 13:37:00+00:00,https://www.zacks.com/stock/news/2078875/united-natural-unfi-hurt-by-high-costs-supply-chain-woes,Zacks Investment Research,0.072,0.36133333333333334,neutral,0.072,True,False,False,False,False,False,True,False,0.0,261,"['GIS', 'CAG', 'UNFI', 'LW']",LW,2023-04-14
Has Lamb Weston (LW) Outpaced Other Consumer Staples Stocks This Year?,Here is how Lamb Weston (LW) and New York Times Co. (NYT) have performed compared to their sector so far this year.,2023-04-14 13:40:12+00:00,https://www.zacks.com/stock/news/2078859/has-lamb-weston-lw-outpaced-other-consumer-staples-stocks-this-year,Zacks Investment Research,0.03712121212121212,0.6098484848484849,neutral,0.03712121212121212,False,False,True,False,False,False,False,False,0.0,187,"['LW', 'NYT']",LW,2023-04-14
Lamb Weston (LW) is a Great Momentum Stock: Should You Buy?,Does Lamb Weston (LW) have what it takes to be a top stock pick for momentum investors? Let's find out.,2023-04-14 16:00:07+00:00,https://www.zacks.com/stock/news/2079105/lamb-weston-lw-is-a-great-momentum-stock-should-you-buy,Zacks Investment Research,0.65,0.625,positive,0.65,False,True,False,False,False,False,False,False,0.0,164,['LW'],LW,2023-04-14
Where Lamb Weston Hldgs Stands With Analysts,"Over the past 3 months, 4 analysts have published their opinion on Lamb Weston Hldgs (NYSE:LW) stock. These analysts are typically employed by large Wall Street banks and tasked with understanding a company's business to predict how a stock will trade over the upcoming year.




Bullish
Somewhat Bullish
Indifferent
Somewhat Bearish
Bearish




Total Ratings
1
1
2
0
0


Last 30D
0
0
1
0
0


1M Ago
1
1
1
0
0


2M Ago
0
0
0
0
0


3M Ago
0
0
0
0
0



In the last 3 months, 4 analysts have offered 12-month price targets for Lamb Weston Hldgs. The company has an average price target of $121.25 with a high of $128.00 and a low of $115.00. 
Below is a ...Full story available on Benzinga.com",2023-04-14 20:01:22+00:00,https://www.benzinga.com/analyst-ratings/23/04/31813357/where-lamb-weston-hldgs-stands-with-analysts,Benzinga,0.020761904761904766,0.3701904761904762,neutral,0.020761904761904766,False,False,False,False,False,False,False,False,0.0,736,['LW'],LW,2023-04-14
Is JPMorgan Diversified Return U.S. Mid Cap Equity ETF (JPME) a Strong ETF Right Now?,Smart Beta ETF report for JPME,2023-04-17 10:20:06+00:00,https://www.zacks.com/stock/news/2079426/is-jpmorgan-diversified-return-us-mid-cap-equity-etf-jpme-a-strong-etf-right-now,Zacks Investment Research,0.2333333333333333,0.47797619047619044,positive,0.2333333333333333,False,False,False,False,False,False,False,False,0.0,117,"['JPME', 'BLDR', 'HUN', 'IJH', 'LW', 'VO']",LW,2023-04-17
Lamb Weston (LW) Rises More Than 25% in 6 Months: Here's Why,Lamb Weston (LW) is focused on undertaking strategic growth efforts like expanding capacity to effectively meet rising demand conditions for snacks and fries.,2023-04-17 13:27:00+00:00,https://www.zacks.com/stock/news/2079594/lamb-weston-lw-rises-more-than-25-in-6-months-heres-why,Zacks Investment Research,0.55,0.65,positive,0.55,False,False,False,False,False,False,False,False,0.0,220,"['GIS', 'KMB', 'LW', 'BYND']",LW,2023-04-17
"Nu Skin's (NUS) Nu Vision 2025 Strategy Bodes Well, Costs Hurt",Nu Skin (NUS) benefits from its product launches and Nu Vision 2025 strategy amid challenges like cost inflation and currency volatility.,2023-04-18 13:17:00+00:00,https://www.zacks.com/stock/news/2080217/nu-skins-nus-nu-vision-2025-strategy-bodes-well-costs-hurt,Zacks Investment Research,0.0,0.0,neutral,0.0,False,False,False,False,True,False,False,False,0.0,201,"['GIS', 'CAG', 'NUS', 'LW']",LW,2023-04-18
General Mills (GIS) Looks Solid: Up More Than 10% in 3 Months,"General Mills (GIS) benefits from its focus on the Accelerate strategy, as seen in its third-quarter fiscal 2023 results.",2023-04-19 12:43:00+00:00,https://www.zacks.com/stock/news/2080903/general-mills-gis-looks-solid-up-more-than-10-in-3-months,Zacks Investment Research,0.15000000000000002,0.4,positive,0.15000000000000002,False,False,False,False,False,False,False,False,0.0,184,"['GIS', 'CAG', 'POST', 'LW']",LW,2023-04-19
Buy These 4 Low-Beta Stocks to Sail Through Market Volatility,"It is imperative to build a portfolio of low-beta stocks to sail through a choppy market. Transportadora de Gas (TGS), Lamb Weston (LW), Vipshop (VIPS) and Novo Nordisk (NVO) are well-poised to gain.",2023-04-20 11:51:00+00:00,https://www.zacks.com/stock/news/2081859/buy-these-4-low-beta-stocks-to-sail-through-market-volatility,Zacks Investment Research,-0.2,0.2,negative,0.2,False,True,False,False,False,False,False,False,0.0,262,"['NVO', 'VIPS', 'TGS', 'LW']",LW,2023-04-20
"Philip Morris (PM) Q1 Earnings Top Estimates, Revenues Rise","Philip Morris' (PM) first-quarter 2023 results reflect increased revenues, with favorable pricing variance remaining an upside. However, earnings decline year over year.",2023-04-20 15:50:00+00:00,https://www.zacks.com/stock/news/2082307/philip-morris-pm-q1-earnings-top-estimates-revenues-rise,Zacks Investment Research,0.5,0.5,positive,0.5,True,False,False,False,False,False,False,False,0.0,230,"['PM', 'CAG', 'POST', 'LW']",LW,2023-04-20
3 Top-Rated Stocks to Buy After Earnings,Following their strong quarterly results the rising earnings estimate revisions are a great sign that there could be a nice amount of upside in these top-rated Zacks stocks.,2023-04-21 01:03:00+00:00,https://www.zacks.com/commentary/2082509/3-top-rated-stocks-to-buy-after-earnings,Zacks Investment Research,0.45833333333333337,0.6458333333333333,positive,0.45833333333333337,True,True,False,False,False,False,False,False,0.0,215,"['JPM', 'OMC', 'LW']",LW,2023-04-21
"Zacks.com featured highlights include Transportadora de Gas del Sur, Lamb Weston, Vipshop and Novo Nordisk","Transportadora de Gas del Sur, Lamb Weston, Vipshop and Novo Nordisk are part of the Zacks Screen of the Week article.",2023-04-21 11:18:00+00:00,https://www.zacks.com/stock/news/2082609/zackscom-featured-highlights-include-transportadora-de-gas-del-sur-lamb-weston-vipshop-and-novo-nordisk,Zacks Investment Research,0.0,0.0,neutral,0.0,False,False,False,False,False,False,False,False,0.0,226,"['NVO', 'VIPS', 'TGS', 'LW']",LW,2023-04-21
Flowers Foods' (FLO) Strategic Priorities Aid Amid Cost Woes,Flowers Foods (FLO) benefits from its strategic priorities and pricing efforts amid cost inflation.,2023-04-21 11:48:00+00:00,https://www.zacks.com/stock/news/2082585/flowers-foods-flo-strategic-priorities-aid-amid-cost-woes,Zacks Investment Research,0.0,0.0,neutral,0.0,False,False,False,False,False,False,False,False,0.0,161,"['CAG', 'FLO', 'POST', 'LW']",LW,2023-04-21
3 Top-Ranked Stocks Displaying Immense Relative Strength,"Stop me if you've heard this before, but stocks making new highs tend to make even higher highs, especially when analysts' positive earnings estimate revisions roll in.",2023-04-24 21:18:00+00:00,https://www.zacks.com/stock/news/2083648/3-top-ranked-stocks-displaying-immense-relative-strength,Zacks Investment Research,0.10227272727272728,0.5833333333333334,positive,0.10227272727272728,True,False,False,False,False,False,False,False,0.0,226,"['GE', 'NVO', 'LW']",LW,2023-04-24
Top 5 Defensive Stocks That Should Keep You Up At Night,"The most overbought stocks in the consumer staples sector presents an opportunity to go short on these overvalued companies.
The RSI is a momentum indicator, which compares a stock's strength on days when prices go up to its strength on days when prices go down. When compared to a stock's price action, it can give traders a better sense of how a stock may perform in the short term. An asset is typically considered overbought when the  RSI is above 70.
Here’s the latest list of major overbought players in this sector.
Colgate-Palmolive Company  (NYSE: CL)

UBS recently maintained Colgate-Palmolive with a Buy and raised the price target from $84 to $86. The company’s stock has a 52-week high of $83.81 .
RSI ...",2023-04-25 12:33:36+00:00,https://www.benzinga.com/news/23/04/31986892/top-5-defensive-stocks-that-should-keep-you-up-at-night,Benzinga,0.15386752136752138,0.4060683760683761,positive,0.15386752136752138,False,True,True,False,False,False,False,False,0.0,775,"['IPAR', 'CL', 'CLX', 'TAP', 'LW']",LW,2023-04-25
"Kimberly-Clark (KMB) Q1 Earnings Top Estimates, Ups EPS View",Kimberly-Clark's (KMB) first-quarter 2023 results reflect higher sales and earnings on solid revenue growth management. Management raises 2023 earnings view.,2023-04-25 15:54:00+00:00,https://www.zacks.com/stock/news/2084466/kimberly-clark-kmb-q1-earnings-top-estimates-ups-eps-view,Zacks Investment Research,0.25,0.3666666666666667,positive,0.25,True,False,False,False,False,False,True,False,0.0,219,"['GIS', 'KMB', 'CAG', 'LW']",LW,2023-04-25
Bull of the Day: Lamb Weston (LW),"Lamb Weston shares have found plenty of buyers year-to-date, with a recent double-digit percentage EPS beat impressing the market.",2023-04-27 09:00:00+00:00,https://www.zacks.com/commentary/2085534/bull-of-the-day-lamb-weston-lw,Zacks Investment Research,0.0,0.25,neutral,0.0,False,True,False,False,False,False,False,False,0.0,165,['LW'],LW,2023-04-27
Lamb Weston and TTEC Holdings have been highlighted as Zacks Bull and Bear of the Day,Lamb Weston and TTEC Holdings have been highlighted as Zacks Bull and Bear of the Day.,2023-04-27 12:24:00+00:00,https://www.zacks.com/stock/news/2085733/lamb-weston-and-ttec-holdings-have-been-highlighted-as-zacks-bull-and-bear-of-the-day,Zacks Investment Research,0.0,0.0,neutral,0.0,False,False,False,False,False,False,False,False,0.0,173,"['HSIC', 'CVS', 'TTEC', 'BIO', 'LW']",LW,2023-04-27
"Altria's (MO) Q1 Earnings Lag Estimates, Revenues Down Y/Y","Altria's (MO) first-quarter 2023 results benefit from increased pricing, but lower shipment volumes remain a downside.",2023-04-27 13:55:00+00:00,https://www.zacks.com/stock/news/2085939/altrias-mo-q1-earnings-lag-estimates-revenues-down-yy,Zacks Investment Research,-0.15555555555555559,0.2888888888888889,negative,0.15555555555555559,True,False,False,False,False,False,False,False,0.0,178,"['MO', 'CAG', 'POST', 'LW']",LW,2023-04-27
"Helen of Troy (HELE) Q4 Earnings Top Estimates, Decline Y/Y","Helen of Troy's (HELE) fourth-quarter fiscal 2023 results reflect a decline in earnings and sales amid a tough operating landscape. However, results exceed expectations.",2023-04-27 14:04:00+00:00,https://www.zacks.com/stock/news/2086197/helen-of-troy-hele-q4-earnings-top-estimates-decline-yy,Zacks Investment Research,0.05555555555555555,0.6666666666666667,neutral,0.05555555555555555,True,False,False,False,False,False,False,False,0.0,230,"['GIS', 'CAG', 'HELE', 'LW']",LW,2023-04-27
4 Grocery Stocks to Buy Amid Ongoing Price Challenges,"Grocery stocks like Conagra Brands (CAG), McCormick & Company (MKC), General Mills (GIS) and Lamb Weston (LW) are likely to benefit even during these trying times.",2023-04-28 12:11:00+00:00,https://www.zacks.com/stock/news/2086810/4-grocery-stocks-to-buy-amid-ongoing-price-challenges,Zacks Investment Research,0.02500000000000001,0.75,neutral,0.02500000000000001,False,True,False,False,False,False,False,False,0.0,218,"['GIS', 'CAG', 'MKC', 'LW']",LW,2023-04-28
"Mondelez (MDLZ) Beats Q1 Earnings Estimates, Ups 2023 View",Mondelez's (MDLZ) first-quarter 2023 results reflect improved earnings and net sales on pricing and volume gains. Management raises 2023 view.,2023-04-28 12:22:00+00:00,https://www.zacks.com/stock/news/2086822/mondelez-mdlz-beats-q1-earnings-estimates-ups-2023-view,Zacks Investment Research,0.0,0.0,neutral,0.0,True,False,False,False,False,False,True,False,0.0,202,"['GIS', 'CAG', 'MDLZ', 'LW']",LW,2023-04-28
"Colgate (CL) Q1 Earnings & Sales Beat Estimates, View Up","On an organic basis, Colgate-Palmolive's (CL) first-quarter 2023 sales advance 10%, with improvements in all divisions and categories.",2023-04-28 15:48:00+00:00,https://www.zacks.com/stock/news/2087025/colgate-cl-q1-earnings-sales-beat-estimates-view-up,Zacks Investment Research,0.0,0.0,neutral,0.0,True,False,False,False,False,False,False,False,0.0,192,"['CL', 'CAG', 'POST', 'LW']",LW,2023-04-28
"For Investors, Boring Can Be Wonderful","""A company that does boring things is almost as good as a company that has a boring name, and both together is terrific."" -- Peter Lynch",2023-04-29 10:45:00+00:00,https://www.fool.com/retirement/2023/04/29/for-investors-boring-can-be-wonderful/,The Motley Fool,-0.21666666666666667,0.9333333333333332,negative,0.21666666666666667,False,False,False,False,False,False,False,False,0.0,176,"['MCD', 'NFLX', 'SHW', 'TSLA', 'AMZN', 'VTI', 'SPY', 'CPRT', 'KAR', 'VT', 'LW', 'PTON']",LW,2023-04-29
General Motors and Pool Corporation have been highlighted as Zacks Bull and Bear of the Day,General Motors and Pool Corporation have been highlighted as Zacks Bull and Bear of the Day.,2023-05-01 12:30:00+00:00,https://www.zacks.com/stock/news/2087345/general-motors-and-pool-corporation-have-been-highlighted-as-zacks-bull-and-bear-of-the-day,Zacks Investment Research,0.05000000000000002,0.5,neutral,0.05000000000000002,False,False,False,False,False,False,False,False,0.0,185,"['GIS', 'POOL', 'CAG', 'GM', 'LW']",LW,2023-05-01
Brokers Suggest Investing in Lamb Weston (LW): Read This Before Placing a Bet,"According to the average brokerage recommendation (ABR), one should invest in Lamb Weston (LW). It is debatable whether this highly sought-after metric is effective because Wall Street analysts' recommendations tend to be overly optimistic. Would it be worth investing in the stock?",2023-05-01 13:30:08+00:00,https://www.zacks.com/stock/news/2087408/brokers-suggest-investing-in-lamb-weston-lw-read-this-before-placing-a-bet,Zacks Investment Research,0.22749999999999998,0.46,positive,0.22749999999999998,False,False,False,False,False,False,False,False,0.0,361,['LW'],LW,2023-05-01
Are Consumer Staples Stocks Lagging  Hershey (HSY) This Year?,Here is how Hershey (HSY) and Lamb Weston (LW) have performed compared to their sector so far this year.,2023-05-02 13:40:11+00:00,https://www.zacks.com/stock/news/2088068/are-consumer-staples-stocks-lagging-hershey-hsy-this-year,Zacks Investment Research,0.1,1.0,neutral,0.1,False,False,True,False,False,False,False,False,0.0,167,"['HSY', 'LW']",LW,2023-05-02
"Sysco's (SYY) Q3 Earnings Lag Estimates, Sales Advance Y/Y","Sysco's (SYY) third-quarter fiscal 2023 results reflect earnings and sales growth, market share gains, the progress of the Recipe for Growth plan and solid cost management.",2023-05-02 15:09:00+00:00,https://www.zacks.com/stock/news/2088279/syscos-syy-q3-earnings-lag-estimates-sales-advance-yy,Zacks Investment Research,0.0,0.1,neutral,0.0,True,False,False,False,False,False,True,False,0.0,232,"['CAG', 'SYY', 'POST', 'LW']",LW,2023-05-02
"Medifast's (MED) Q1 Earnings Top Estimates, Sales Decline Y/Y",Medifast's (MED) first-quarter 2023 results reflect lower sales on reduced Coach productivity and cost inflation. While earnings increase year over year.,2023-05-02 16:03:00+00:00,https://www.zacks.com/stock/news/2088408/medifasts-med-q1-earnings-top-estimates-sales-decline-yy,Zacks Investment Research,0.5,0.5,positive,0.5,True,False,False,False,True,False,False,False,0.0,216,"['GIS', 'CAG', 'MED', 'LW']",LW,2023-05-02
"Kraft Heinz (KHC) Q1 Earnings Beat Estimates, EBITDA View Up",Kraft Heinz's (KHC) first-quarter 2023 results reflect sales growth in North America and the International regions due to solid pricing. Management ups the adjusted EBITDA and adjusted EPS guidance for 2023.,2023-05-03 14:56:00+00:00,https://www.zacks.com/stock/news/2089153/kraft-heinz-khc-q1-earnings-beat-estimates-ebitda-view-up,Zacks Investment Research,-0.041666666666666664,0.15833333333333333,neutral,0.041666666666666664,True,False,False,False,False,False,True,False,0.0,269,"['GIS', 'CAG', 'KHC', 'LW']",LW,2023-05-03
The Estee Lauder Companies (EL) Cuts View on Q3 Earnings Miss,"The Estee Lauder Companies' (EL) third-quarter fiscal 2023 performance reflects reduced earnings and sales, with volatility in the recovery from the pandemic across Asia travel retail.",2023-05-03 15:19:00+00:00,https://www.zacks.com/stock/news/2089253/the-estee-lauder-companies-el-cuts-view-on-q3-earnings-miss,Zacks Investment Research,0.0,0.0,neutral,0.0,True,False,False,False,False,False,False,False,0.0,247,"['GIS', 'EL', 'CAG', 'LW']",LW,2023-05-03
"Nu Skin (NUS) Q1 Earnings & Revenues Top Estimates, Dip Y/Y","Nu Skin's (NUS) first-quarter 2023 results reflect difficult year-over-year comparisons and macroeconomic hurdles. However, a focus on the Nu Vision 2025 strategy has been working well.",2023-05-04 14:37:00+00:00,https://www.zacks.com/stock/news/2090149/nu-skin-nus-q1-earnings-revenues-top-estimates-dip-yy,Zacks Investment Research,0.0,0.75,neutral,0.0,True,False,False,False,False,False,False,False,0.0,246,"['GIS', 'CAG', 'NUS', 'LW']",LW,2023-05-04
"Prestige Consumer (PBH) Q4 Earnings Top Estimates, Revenues Up",Prestige Consumer's (PBH) fourth-quarter fiscal 2023 results reflect gains from the company's diversified portfolio and brand-building efforts.,2023-05-04 14:56:00+00:00,https://www.zacks.com/stock/news/2090161/prestige-consumer-pbh-q4-earnings-top-estimates-revenues-up,Zacks Investment Research,0.5,0.5,positive,0.5,True,False,False,False,False,False,False,False,0.0,207,"['GIS', 'CAG', 'PBH', 'LW']",LW,2023-05-04
"Kellogg (K) Tops Q1 Earnings & Sales Estimates, Raises '23 View",Kellogg's (K) first-quarter 2023 earnings reflect increased sales on favorable price/mix and solid momentum across snacks. Management raises 2023 view.,2023-05-04 16:05:00+00:00,https://www.zacks.com/stock/news/2090284/kellogg-k-tops-q1-earnings-sales-estimates-raises-23-view,Zacks Investment Research,0.0,0.1,neutral,0.0,True,False,False,False,False,False,True,False,0.0,216,"['GIS', 'CAG', 'K', 'LW']",LW,2023-05-04
Buy These 4 Low-Beta Stocks to Endure Market Volatility,"It is imperative to build a portfolio of low-beta stocks to sail through a choppy market. Penumbra (PEN), Lamb Weston (LW), Transportadora (TGS) and Novo Nordisk (NVO) are poised to gain.",2023-05-05 11:40:00+00:00,https://www.zacks.com/stock/news/2090750/buy-these-4-low-beta-stocks-to-endure-market-volatility,Zacks Investment Research,-0.2,0.2,negative,0.2,False,True,False,False,False,False,False,False,0.0,244,"['NVO', 'TGS', 'PEN', 'LW']",LW,2023-05-05
B&G Foods (BGS) Stock Dips Despite Q1 Earnings & Sales Beat,B&G Foods' (BGS) first-quarter fiscal 2023 results reflect gains from pricing amid an inflationary environment. Management reiterates the fiscal 2023 guidance.,2023-05-05 12:22:00+00:00,https://www.zacks.com/stock/news/2090731/bg-foods-bgs-stock-dips-despite-q1-earnings-sales-beat,Zacks Investment Research,0.0,0.0,neutral,0.0,True,False,False,False,False,False,True,False,0.0,220,"['GIS', 'CAG', 'BGS', 'LW']",LW,2023-05-05
"Zacks.com featured highlights include Penumbra, Lamb Weston, Transportadora de Gas del Sur and Novo Nordisk","Penumbra, Lamb Weston, Transportadora de Gas del Sur and Novo Nordisk are part of the Zacks Screen of the Week article.",2023-05-08 11:43:00+00:00,https://www.zacks.com/stock/news/2091404/zackscom-featured-highlights-include-penumbra-lamb-weston-transportadora-de-gas-del-sur-and-novo-nordisk,Zacks Investment Research,0.0,0.0,neutral,0.0,False,False,False,False,False,False,False,False,0.0,228,"['NVO', 'TGS', 'PEN', 'LW']",LW,2023-05-08
"Tyson Foods (TSN) Shares Slide on Q2 Loss, Slashed Sales View","Tyson Foods' (TSN) fiscal second-quarter results reflect a tough protein market. Management cuts its fiscal 2023 revenue forecast, though it is ahead of its plan with regard to its productivity program.",2023-05-08 13:30:00+00:00,https://www.zacks.com/stock/news/2091595/tyson-foods-tsn-shares-slide-on-q2-loss-slashed-sales-view,Zacks Investment Research,-0.3888888888888889,0.8333333333333334,negative,0.3888888888888889,True,False,True,False,True,False,True,False,0.0,265,"['GIS', 'CAG', 'TSN', 'LW']",LW,2023-05-08
"TreeHouse Foods (THS) Q1 Earnings Top Estimates, Sales Grow Y/Y",TreeHouse Foods' (THS) first-quarter fiscal 2023 results reflect gains from pricing actions to counter cost inflation. Both the top and bottom lines increase year over year.,2023-05-09 13:24:00+00:00,https://www.zacks.com/stock/news/2092290/treehouse-foods-ths-q1-earnings-top-estimates-sales-grow-yy,Zacks Investment Research,0.5,0.5,positive,0.5,True,False,False,False,False,False,False,False,0.0,238,"['GIS', 'CAG', 'THS', 'LW']",LW,2023-05-09
"Inter Parfums' (IPAR) Q1 Earnings Beat Estimate, Sales Rise Y/Y",Inter Parfums' (IPAR) first-quarter 2023 results reflect higher earnings and sales on growth across Europe and U.S.-based operations.,2023-05-09 13:35:00+00:00,https://www.zacks.com/stock/news/2092428/inter-parfums-ipar-q1-earnings-beat-estimate-sales-rise-yy,Zacks Investment Research,0.25,0.5,positive,0.25,True,False,False,False,False,False,False,False,0.0,198,"['GIS', 'CAG', 'IPAR', 'LW']",LW,2023-05-09
"COTY Beats Earnings Estimates in Q3, Raises 2023 Guidance",COTY third-quarter fiscal 2023 results reflect improved earnings and sales on gains from Prestige & Consumer Beauty business.,2023-05-09 14:30:00+00:00,https://www.zacks.com/stock/news/2092470/coty-beats-earnings-estimates-in-q3-raises-2023-guidance,Zacks Investment Research,0.0,0.0,neutral,0.0,True,False,False,False,False,False,False,False,0.0,184,"['GIS', 'CAG', 'COTY', 'LW']",LW,2023-05-09
Dig Into These 4 Food Stocks on Splendid Industry Trends,"The Zacks Food-Miscellaneous industry players are benefiting from strong pricing actions and favorable demand amid cost inflation. These factors bode well for General Mills (GIS), Conagra Brands (CAG), Campbell Soup (CPB) and Lamb Weston (LW).",2023-05-10 13:40:00+00:00,https://www.zacks.com/commentary/2093193/dig-into-these-4-food-stocks-on-splendid-industry-trends,Zacks Investment Research,0.4388888888888889,0.7444444444444445,positive,0.4388888888888889,False,False,False,False,False,False,False,False,0.0,301,"['GIS', 'CAG', 'CPB', 'LW']",LW,2023-05-10
Hershey (HSY) Looks Appetizing on Pricing & Strategic Buyouts,Hershey (HSY) is benefiting from strategic pricing initiatives to improve its performance. The company's focus on buyouts is noteworthy.,2023-05-10 15:28:00+00:00,https://www.zacks.com/stock/news/2093676/hershey-hsy-looks-appetizing-on-pricing-strategic-buyouts,Zacks Investment Research,0.2,0.6,positive,0.2,False,True,False,False,False,False,False,False,0.0,199,"['HSY', 'GIS', 'CAG', 'LW']",LW,2023-05-10
"Zacks Industry Outlook Highlights General Mills, Conagra Brands, Campbell Soup and Lamb Weston Holdings","General Mills, Conagra Brands, Campbell Soup and Lamb Weston Holdings are part of the Zacks Industry Outlook article.",2023-05-11 12:15:00+00:00,https://www.zacks.com/stock/news/2094105/zacks-industry-outlook-highlights-general-mills-conagra-brands-campbell-soup-and-lamb-weston-holdings,Zacks Investment Research,0.05000000000000002,0.5,neutral,0.05000000000000002,False,False,False,False,False,False,False,False,0.0,222,"['GIS', 'CAG', 'CPB', 'LW']",LW,2023-05-11
Lamb Weston (LW) Stock Up More Than 35% in 6 Months: Here's Why,Lamb Weston's (LW) top line has been benefiting from robust price/mix. Efforts to boost capacity enable the company to effectively meet rising demand conditions for snacks and fries.,2023-05-11 16:33:00+00:00,https://www.zacks.com/stock/news/2094382/lamb-weston-lw-stock-up-more-than-35-in-6-months-heres-why,Zacks Investment Research,0.5333333333333333,0.6,positive,0.5333333333333333,False,False,False,False,False,False,False,False,0.0,247,"['GIS', 'CAG', 'CHEF', 'LW']",LW,2023-05-11
U.S. Consumer Sentiment Tumbles in May: 5 Safe Stocks to Buy,"We have narrowed our search to five consumer staples stocks . These are: CELH, CLX, COTY, LW and IPAR.",2023-05-15 12:09:00+00:00,https://www.zacks.com/stock/news/2095201/us-consumer-sentiment-tumbles-in-may-5-safe-stocks-to-buy,Zacks Investment Research,0.5,0.5,positive,0.5,False,True,False,False,False,False,False,False,0.0,164,"['CLX', 'IPAR', 'COTY', 'LW', 'CELH']",LW,2023-05-15
5 Solid Stocks to Buy Amid Continued Market Volatility,"Stocks like Ollie's Bargain Outlet Holdings (OLLI), The Hershey Company (HSY),General Mills (GIS), Conagra Brands (CAG) and Lamb Weston Holdings (LW) assure risk-adjusted returns during market volatility.",2023-05-15 12:11:00+00:00,https://www.zacks.com/stock/news/2095205/5-solid-stocks-to-buy-amid-continued-market-volatility,Zacks Investment Research,0.0,0.1,neutral,0.0,False,True,False,False,False,False,False,False,0.0,260,"['HSY', 'GIS', 'CAG', 'PACW', 'OLLI', 'LW']",LW,2023-05-15
Don't Ignore the Momentum in These 3 Stocks,"Momentum investing is centered around targeting stocks displaying outperformance. And when you add in the Zacks Rank, the strategy can become even more potent.",2023-05-15 22:06:00+00:00,https://www.zacks.com/stock/news/2095530/dont-ignore-the-momentum-in-these-3-stocks,Zacks Investment Research,0.06666666666666665,0.6333333333333333,neutral,0.06666666666666665,False,False,False,False,False,False,False,False,0.0,204,"['NVO', 'RDN', 'LW']",LW,2023-05-15
"The Zacks Analyst Blog Highlights Ollie's Bargain Outlet Holdings, The Hershey Company, General Mills, Conagra Brands and Lamb Weston Holdings","Ollie's Bargain Outlet Holdings, The Hershey Company, General Mills, Conagra Brands and Lamb Weston Holdings are part of the Zacks top Analyst Blog.",2023-05-16 13:55:00+00:00,https://www.zacks.com/stock/news/2095876/the-zacks-analyst-blog-highlights-ollies-bargain-outlet-holdings-the-hershey-company-general-mills-conagra-brands-and-lamb-weston-holdings,Zacks Investment Research,0.20000000000000004,0.5,positive,0.20000000000000004,False,False,False,False,False,False,False,False,0.0,292,"['HSY', 'GIS', 'CAG', 'OLLI', 'LW']",LW,2023-05-16
"The Zacks Analyst Blog Highlights Celsius Holdings, The Clorox, Lamb Weston Holdings, Coty and Inter Parfums","Celsius Holdings, The Clorox, Lamb Weston Holdings, Coty and Inter Parfums are part of the Zacks top Analyst Blog.",2023-05-16 14:38:00+00:00,https://www.zacks.com/stock/news/2095910/the-zacks-analyst-blog-highlights-celsius-holdings-the-clorox-lamb-weston-holdings-coty-and-inter-parfums,Zacks Investment Research,0.5,0.5,positive,0.5,False,False,False,False,False,False,False,False,0.0,224,"['CLX', 'IPAR', 'COTY', 'LW', 'CELH']",LW,2023-05-16
4 Consumer Staples Stocks to Buy on a Jump in Retail Sales,"Retail sales are rebounding but consumers are cautiously spending on necessities, helping stocks like Krispy Kreme (DNUT), McCormick & Company (MKC), Conagra Brands (CAG) and Lamb Weston Holdings (LW).",2023-05-17 11:21:00+00:00,https://www.zacks.com/stock/news/2096166/4-consumer-staples-stocks-to-buy-on-a-jump-in-retail-sales,Zacks Investment Research,0.0,0.0,neutral,0.0,False,True,False,False,False,False,False,False,0.0,261,"['CAG', 'MKC', 'LW', 'DNUT']",LW,2023-05-17
"The Zacks Analyst Blog Highlights Krispy Kreme, McCormick & Company, Conagra Brands and Lamb Weston Holdings","Krispy Kreme, McCormick & Company, Conagra Brands and Lamb Weston Holdings are part of the Zacks top Analyst Blog.",2023-05-18 12:42:00+00:00,https://www.zacks.com/stock/news/2096851/the-zacks-analyst-blog-highlights-krispy-kreme-mccormick-company-conagra-brands-and-lamb-weston-holdings,Zacks Investment Research,0.5,0.5,positive,0.5,False,False,False,False,False,False,False,False,0.0,224,"['CAG', 'MKC', 'LW', 'DNUT']",LW,2023-05-18
Is Lamb Weston (LW) Outperforming Other Consumer Staples Stocks This Year?,Here is how Lamb Weston (LW) and Procter & Gamble (PG) have performed compared to their sector so far this year.,2023-05-18 13:40:09+00:00,https://www.zacks.com/stock/news/2096836/is-lamb-weston-lw-outperforming-other-consumer-staples-stocks-this-year,Zacks Investment Research,-0.012499999999999997,0.6875,neutral,0.012499999999999997,False,False,True,False,False,False,False,False,0.0,188,"['LW', 'PG']",LW,2023-05-18
5 Stocks You Can Confidently Invest $500 in Right Now,You don't have to worry about pinpointing an entry point if the underlying company is truly built to last.,2023-05-19 11:30:00+00:00,https://www.fool.com/investing/2023/05/19/5-stocks-you-can-confidently-invest-in-right-now/,The Motley Fool,0.2619047619047619,0.4785714285714286,positive,0.2619047619047619,False,False,False,False,False,False,False,False,0.0,161,"['F', 'IBM', 'MCK', 'TJX', 'LW']",LW,2023-05-19
Flowers Foods (FLO) Lowers Guidance Despite Q1 Earnings Beat,"Flowers Foods' (FLO) first-quarter fiscal 2023 earnings surpass the Zacks Consensus Estimate, while sales miss the same.",2023-05-19 13:48:00+00:00,https://www.zacks.com/stock/news/2097385/flowers-foods-flo-lowers-guidance-despite-q1-earnings-beat,Zacks Investment Research,0.0,0.125,neutral,0.0,True,False,False,False,False,False,False,False,0.0,182,"['CAG', 'FLO', 'LW', 'NOMD']",LW,2023-05-19
Buy These 4 Low-Beta Stocks to Sail Through Market Volatility,"It is imperative to build a portfolio of low-beta stocks to sail through a choppy market. Penumbra (PEN), Lamb Weston (LW), Transportadora (TGS) and AeroVironment (AVAV) are poised to gain.",2023-05-22 10:07:00+00:00,https://www.zacks.com/stock/news/2097806/buy-these-4-low-beta-stocks-to-sail-through-market-volatility,Zacks Investment Research,-0.2,0.2,negative,0.2,False,True,False,False,False,False,False,False,0.0,252,"['AVAV', 'TGS', 'PEN', 'LW']",LW,2023-05-22
"Zacks.com featured highlights Penumbra, Lamb Weston, Transportadora de Gas del Sur and AeroVironment","Penumbra, Lamb Weston, Transportadora de Gas del Sur and AeroVironment have been highlighted in this Screen of The Week article.",2023-05-23 09:34:00+00:00,https://www.zacks.com/stock/news/2098280/zackscom-featured-highlights-penumbra-lamb-weston-transportadora-de-gas-del-sur-and-aerovironment,Zacks Investment Research,0.0,0.0,neutral,0.0,False,False,False,False,False,False,False,False,0.0,230,"['AVAV', 'TGS', 'PEN', 'LW']",LW,2023-05-23
Tyson Foods (TSN) Fuels Growth With Williams Sausage Buyout,Tyson Foods' (TSN) acquisition of Williams Sausage Company is likely to solidify the former's product portfolio and manufacturing capacity.,2023-05-24 12:47:00+00:00,https://www.zacks.com/stock/news/2098920/tyson-foods-tsn-fuels-growth-with-williams-sausage-buyout,Zacks Investment Research,0.0,0.5,neutral,0.0,False,True,False,False,True,False,False,False,0.0,200,"['GIS', 'CAG', 'TSN', 'LW']",LW,2023-05-24
4 Grocery Stocks to Buy on Jump in April Online Sales,"Online grocery sales are increasing on higher average orders, which is likely to help stocks like Conagra Brands (CAG), The Kraft Heinz Company (KHC), Lamb Weston Holdings (LW) and McCormick & Company (MKC).",2023-05-26 12:37:00+00:00,https://www.zacks.com/stock/news/2100179/4-grocery-stocks-to-buy-on-jump-in-april-online-sales,Zacks Investment Research,0.03333333333333333,0.6333333333333333,neutral,0.03333333333333333,False,True,False,False,False,False,False,False,0.0,262,"['CAG', 'MKC', 'KHC', 'LW']",LW,2023-05-26
20 S&P 500 companies that had the best Q1 on 3 key measures — should you buy the stocks?,These companies increased quarterly sales the most while also becoming more profitable.,2023-05-27 12:50:00+00:00,https://www.marketwatch.com/story/20-s-p-500-companies-that-had-the-best-q1-on-3-key-measures-should-you-buy-the-stocks-c52e5be8,MarketWatch,0.49000000000000005,0.6300000000000001,positive,0.49000000000000005,True,True,False,False,False,False,False,False,0.0,177,"['NCLH', 'CCL', 'RCL', 'ALB', 'VICI', 'ENPH', 'UAL', 'FSLR', 'SEDG', 'BKNG', 'AAL', 'DAL', 'MAR', 'FTNT', 'LW', 'PCAR', 'ALK', 'DE', 'ALLE', 'CDAY', 'ROK']",LW,2023-05-27
"Philip Morris (PM) Gains From Pricing Power, Hurt by Cost Woes",Philip Morris' (PM) focus on smoke-free products and robust pricing power bode well amid cost inflation. Management expects a top-and-bottom-line recovery in 2023.,2023-05-29 11:54:00+00:00,https://www.zacks.com/stock/news/2100769/philip-morris-pm-gains-from-pricing-power-hurt-by-cost-woes,Zacks Investment Research,0.0,0.0,neutral,0.0,False,False,False,False,True,False,True,False,0.0,227,"['GIS', 'PM', 'CAG', 'LW']",LW,2023-05-29
"The Zacks Analyst Blog Highlights Conagra Brands, Kraft Heinz, Lamb Weston and McCormick","Conagra Brands, Kraft Heinz, Lamb Weston and McCormick are included in this Analyst Blog.",2023-05-30 10:41:00+00:00,https://www.zacks.com/stock/news/2101200/the-zacks-analyst-blog-highlights-conagra-brands-kraft-heinz-lamb-weston-and-mccormick,Zacks Investment Research,0.0,0.0,neutral,0.0,False,False,False,False,False,False,False,False,0.0,179,"['CAG', 'MKC', 'KHC', 'LW']",LW,2023-05-30
Will Strong Brand Help Keurig Dr Pepper (KDP) Amid Inflation?,"Keurig Dr Pepper (KDP) benefits from continued strength in the Packaged Beverages segment, strong market share gains and robust pricing actions. However, rising inflation is a concern.",2023-05-31 10:33:00+00:00,https://www.zacks.com/stock/news/2101787/will-strong-brand-help-keurig-dr-pepper-kdp-amid-inflation,Zacks Investment Research,0.4333333333333333,0.7333333333333333,positive,0.4333333333333333,False,False,False,False,False,False,False,False,0.0,247,"['GIS', 'LW', 'KDP', 'VITL']",LW,2023-05-31
Campbell Soup's (CPB) Emerald Nuts Divestiture to Fuel Growth,Campbell Soup (CPB) announces the divestiture of its Emerald nuts business to Flagstone Foods. This is likely to help the company increase its focus on the growing Snacks business and power brands.,2023-05-31 15:02:00+00:00,https://www.zacks.com/stock/news/2102015/campbell-soups-cpb-emerald-nuts-divestiture-to-fuel-growth,Zacks Investment Research,0.0,1.0,neutral,0.0,False,False,False,False,False,False,False,False,0.0,260,"['GIS', 'CAG', 'CPB', 'LW']",LW,2023-05-31
"Hormel Foods (HRL) Q2 Earnings Top Estimates, Sales Drop Y/Y",Hormel Foods' (HRL) second-quarter fiscal 2023 results reflect weakness in the Retail and International segments. Improved profits in the Foodservice unit are an upside.,2023-06-01 14:00:00+00:00,https://www.zacks.com/stock/news/2102570/hormel-foods-hrl-q2-earnings-top-estimates-sales-drop-yy,Zacks Investment Research,0.25,0.25,positive,0.25,True,False,True,False,False,False,False,False,0.0,231,"['GIS', 'CAG', 'HRL', 'LW']",LW,2023-06-01
Lamb Weston (LW) Gains But Lags Market: What You Should Know,"In the latest trading session, Lamb Weston (LW) closed at $112.07, marking a +0.78% move from the previous day.",2023-06-01 21:45:18+00:00,https://www.zacks.com/stock/news/2102849/lamb-weston-lw-gains-but-lags-market-what-you-should-know,Zacks Investment Research,0.07777777777777779,0.3888888888888889,neutral,0.07777777777777779,False,False,False,False,False,False,False,False,0.0,173,['LW'],LW,2023-06-01
Tracking Stanley Druckenmiller's Duquesne Family Office Portfolio - Q1 2023 Update,"Duquesne Family Office's 13F portfolio value increased by 14% to $2.31B in Q1 2023, with 29 securities significantly large. Click here to see an update on Q1 2023.",2023-06-02 05:29:17+00:00,https://seekingalpha.com/article/4608960-stanley-druckenmiller-duquesne-family-office-portfolio-q1-2023-update,Seeking Alpha,0.21428571428571427,0.42857142857142855,positive,0.21428571428571427,False,False,True,False,False,False,False,False,0.0,247,"['FCX', 'LEN', 'LEN.B', 'LVS', 'T', 'TBB', 'TBC', 'CPNG', 'NVDA', 'MSFT', 'LLY', 'LW', 'KBR', 'IQV', 'GOOG', 'AMZN', 'TMUS', 'NWS', 'TSM', 'META', 'NTRA']",LW,2023-06-02
Altria (MO) Lowers EPS View on Closing NJOY Holdings' Buyout,Altria (MO) acquires NJOY Holdings and accordingly updates its adjusted EPS guidance for the full-year 2023.,2023-06-02 14:42:00+00:00,https://www.zacks.com/stock/news/2103218/altria-mo-lowers-eps-view-on-closing-njoy-holdings-buyout,Zacks Investment Research,0.0,0.0,neutral,0.0,False,True,False,False,False,False,False,False,0.0,170,"['MO', 'GIS', 'CAG', 'LW']",LW,2023-06-02
Is General Mills (GIS) Outperforming Other Consumer Staples Stocks This Year?,Here is how General Mills (GIS) and Lamb Weston (LW) have performed compared to their sector so far this year.,2023-06-05 13:40:11+00:00,https://www.zacks.com/stock/news/2103812/is-general-mills-gis-outperforming-other-consumer-staples-stocks-this-year,Zacks Investment Research,0.01875000000000001,0.59375,neutral,0.01875000000000001,False,False,True,False,False,False,False,False,0.0,189,"['GIS', 'LW']",LW,2023-06-05
"The J.M. Smucker (SJM) Q4 Earnings Top Estimates, Rise Y/Y",The J.M. Smucker's (SJM) fourth-quarter fiscal 2023 results reflect gains from the positive net price realization.,2023-06-06 15:26:00+00:00,https://www.zacks.com/stock/news/2104539/the-jm-smucker-sjm-q4-earnings-top-estimates-rise-yy,Zacks Investment Research,0.24242424242424243,0.34848484848484845,positive,0.24242424242424243,True,False,False,False,False,False,False,False,0.0,174,"['GIS', 'CAG', 'SJM', 'LW']",LW,2023-06-06
Buy These 4 Low-Beta Stocks to Sail Through Choppy Market,"It is imperative to build a portfolio of low-beta stocks to sail through a volatile market. Penumbra (PEN), Lamb Weston (LW), Transportadora (TGS) and Vipshop Holdings (VIPS) are poised to gain.",2023-06-07 12:30:00+00:00,https://www.zacks.com/stock/news/2105000/buy-these-4-low-beta-stocks-to-sail-through-choppy-market,Zacks Investment Research,-0.2,0.2,negative,0.2,False,True,False,False,False,False,False,False,0.0,253,"['VIPS', 'TGS', 'PEN', 'LW']",LW,2023-06-07
Lamb Weston (LW) Dips More Than Broader Markets: What You Should Know,"Lamb Weston (LW) closed at $111.81 in the latest trading session, marking a -1.48% move from the prior day.",2023-06-07 21:45:18+00:00,https://www.zacks.com/stock/news/2105388/lamb-weston-lw-dips-more-than-broader-markets-what-you-should-know,Zacks Investment Research,0.225,0.375,positive,0.225,False,False,False,False,False,False,False,False,0.0,178,['LW'],LW,2023-06-07
"Zacks.com featured highlights include Penumbra, Lamb Weston Holdings, Transportadora de Gas del Sur and Vipshop","Penumbra, Lamb Weston Holdings, Transportadora de Gas del Sur and Vipshop are part of the Zacks Screen of the Week article.",2023-06-08 12:41:00+00:00,https://www.zacks.com/stock/news/2105700/zackscom-featured-highlights-include-penumbra-lamb-weston-holdings-transportadora-de-gas-del-sur-and-vipshop,Zacks Investment Research,0.0,0.0,neutral,0.0,False,False,False,False,False,False,False,False,0.0,236,"['VIPS', 'TGS', 'PEN', 'LW']",LW,2023-06-08
United Natural (UNFI) Cuts Profit View on Q3 Earnings Miss,United Natural's (UNFI) third-quarter fiscal 2023 results reflect lower profits due to increased shrinkage and reduced inflationary benefits stemming from a tough operating landscape.,2023-06-08 13:38:00+00:00,https://www.zacks.com/stock/news/2105816/united-natural-unfi-cuts-profit-view-on-q3-earnings-miss,Zacks Investment Research,-0.07847222222222222,0.5020833333333333,neutral,0.07847222222222222,True,False,False,False,False,False,False,False,0.0,243,"['CAG', 'UNFI', 'KHC', 'LW']",LW,2023-06-08
Mondelez (MDLZ) Gains From Core Categories Amid Cost Woes,Mondelez (MDLZ) benefits from its core chocolate and biscuit categories amid global cost inflation.,2023-06-08 13:40:00+00:00,https://www.zacks.com/stock/news/2105817/mondelez-mdlz-gains-from-core-categories-amid-cost-woes,Zacks Investment Research,0.0,0.0,neutral,0.0,False,False,False,False,False,False,False,False,0.0,158,"['CAG', 'MDLZ', 'KHC', 'LW']",LW,2023-06-08
Here's Why McCormick (MKC) Looks Well-Positioned for Growth,McCormick (MKC) benefits from its Global Operating Effectiveness and Comprehensive Continuous Improvement programs and prudent acquisitions.,2023-06-09 12:02:00+00:00,https://www.zacks.com/stock/news/2106235/heres-why-mccormick-mkc-looks-well-positioned-for-growth,Zacks Investment Research,0.0,0.0,neutral,0.0,False,True,False,False,False,False,False,False,0.0,201,"['CAG', 'MKC', 'KHC', 'LW']",LW,2023-06-09
Here's Why Lamb Weston (LW) Appears to be a Tempting Pick,Lamb Weston (LW) benefits from its robust price/mix and capacity expansion endeavors.,2023-06-09 12:14:00+00:00,https://www.zacks.com/stock/news/2106243/heres-why-lamb-weston-lw-appears-to-be-a-tempting-pick,Zacks Investment Research,0.0,0.0,neutral,0.0,False,False,False,False,False,False,False,False,0.0,144,"['CAG', 'MKC', 'KHC', 'LW']",LW,2023-06-09
How to Find Cheap Growth Stocks,It's a powerful combination. A value stock that also has growth.,2023-06-09 14:45:00+00:00,https://www.zacks.com/stock/news/2106450/how-to-find-cheap-growth-stocks,Zacks Investment Research,0.35,0.85,positive,0.35,False,False,False,False,False,False,False,False,0.0,97,"['TEX', 'LW', 'VRT']",LW,2023-06-09
Is the Options Market Predicting a Spike in Lamb Weston (LW) Stock?,Investors need to pay close attention to Lamb Weston (LW) stock based on the movements in the options market lately.,2023-06-13 12:38:00+00:00,https://www.zacks.com/stock/news/2107487/is-the-options-market-predicting-a-spike-in-lamb-weston-lw-stock,Zacks Investment Research,-0.3,0.6,negative,0.3,False,False,False,False,False,False,False,False,0.0,185,['LW'],LW,2023-06-13
Lamb Weston (LW) Outpaces Stock Market Gains: What You Should Know,"In the latest trading session, Lamb Weston (LW) closed at $115.05, marking a +1.39% move from the previous day.",2023-06-13 21:50:23+00:00,https://www.zacks.com/stock/news/2107864/lamb-weston-lw-outpaces-stock-market-gains-what-you-should-know,Zacks Investment Research,0.07777777777777779,0.3888888888888889,neutral,0.07777777777777779,False,False,False,False,False,False,False,False,0.0,179,['LW'],LW,2023-06-13
4 Stocks to Buy Amid Continued Making Volatility,"Although inflation is easing, markets are still volatile. Hence, its would be safe to bet on consumer staple stocks like Krispy Kreme (DNUT), Conagra Brands (CAG), Lamb Weston Holdings (LW) and Ingredion Inc. (INGR).",2023-06-14 12:10:00+00:00,https://www.zacks.com/stock/news/2108122/4-stocks-to-buy-amid-continued-making-volatility,Zacks Investment Research,0.5,0.5,positive,0.5,False,True,False,False,False,False,False,False,0.0,266,"['CAG', 'INGR', 'LW', 'DNUT']",LW,2023-06-14
Lamb Weston (LW) Stock Moves -0.35%: What You Should Know,"Lamb Weston (LW) closed the most recent trading day at $114.34, moving -0.35% from the previous trading session.",2023-06-16 21:45:24+00:00,https://www.zacks.com/stock/news/2109648/lamb-weston-lw-stock-moves--035-what-you-should-know,Zacks Investment Research,0.05833333333333334,0.25416666666666665,neutral,0.05833333333333334,False,False,False,False,False,False,False,False,0.0,171,['LW'],LW,2023-06-16
Is Lamb Weston (LW) a Buy as Wall Street Analysts Look Optimistic?,"Based on the average brokerage recommendation (ABR), Lamb Weston (LW) should be added to one's portfolio. Wall Street analysts' overly optimistic recommendations cast doubt on the effectiveness of this highly sought-after metric. So, is the stock worth buying?",2023-06-21 13:30:06+00:00,https://www.zacks.com/stock/news/2111175/is-lamb-weston-lw-a-buy-as-wall-street-analysts-look-optimistic,Zacks Investment Research,0.10333333333333333,0.3466666666666667,positive,0.10333333333333333,False,True,False,False,False,False,False,False,0.0,328,['LW'],LW,2023-06-21
Lamb Weston (LW) Outpaces Stock Market Gains: What You Should Know,"In the latest trading session, Lamb Weston (LW) closed at $115, marking a +1.45% move from the previous day.",2023-06-22 21:50:18+00:00,https://www.zacks.com/stock/news/2112064/lamb-weston-lw-outpaces-stock-market-gains-what-you-should-know,Zacks Investment Research,0.07777777777777779,0.3888888888888889,neutral,0.07777777777777779,False,False,False,False,False,False,False,False,0.0,176,['LW'],LW,2023-06-22
Are Consumer Staples Stocks Lagging  e.l.f. Beauty (ELF) This Year?,Here is how e.l.f. Beauty (ELF) and Lamb Weston (LW) have performed compared to their sector so far this year.,2023-06-26 13:40:13+00:00,https://www.zacks.com/stock/news/2113022/are-consumer-staples-stocks-lagging-elf-beauty-elf-this-year,Zacks Investment Research,0.1,1.0,neutral,0.1,False,False,True,False,False,False,False,False,0.0,179,"['ELF', 'LW']",LW,2023-06-26
4 Solid Stocks to Buy on Booming E-commerce Sales,"E-commerce has been driving retail sales since the COVID-19 outbreak, helping stocks like The TJX Companies, Inc. (TJX), Urban Outfitters, Inc. (URBN), The Kraft Heinz Company (KHC) and Lamb Weston Holdings, Inc. (LW).",2023-06-27 12:48:00+00:00,https://www.zacks.com/stock/news/2113617/4-solid-stocks-to-buy-on-booming-e-commerce-sales,Zacks Investment Research,0.0,0.05,neutral,0.0,False,True,False,False,False,False,False,False,0.0,269,"['TJX', 'URBN', 'KHC', 'LW']",LW,2023-06-27
Lamb Weston (LW) Stock Up 28.3% YTD: What's Driving the Rally?,"Lamb Weston (LW) is poised to benefit from its business strength, expansionary efforts, acquired assets and shareholder-friendly policies.",2023-06-27 13:06:00+00:00,https://www.zacks.com/stock/news/2113644/lamb-weston-lw-stock-up-283-ytd-whats-driving-the-rally,Zacks Investment Research,0.0,0.0,neutral,0.0,False,True,False,False,False,False,False,False,0.0,202,"['INGR', 'LW', 'NOMD', 'VITL']",LW,2023-06-27
Sysco (SYY) to Aid FreshPoint's Growth With BIX Produce Buyout,"Sysco's (SYY) specialty produce company, FreshPoint, is set to take over BIX Produce. This is likely to help FreshPoint strengthen its geographical presence and enhance its specialty produce offerings.",2023-06-27 13:15:00+00:00,https://www.zacks.com/stock/news/2113534/sysco-syy-to-aid-freshpoints-growth-with-bix-produce-buyout,Zacks Investment Research,0.0,1.0,neutral,0.0,False,True,False,False,False,False,False,False,0.0,265,"['MKC', 'SYY', 'KHC', 'LW']",LW,2023-06-27
"Sysco (SYY) Fuels Recipe for Growth, Boosts Digital Platform","Sysco's (SYY) e-commerce platform, Sysco Shop, is now available in Spanish. This highlights Sysco's commitment to Spanish customers as well as its Recipe for Growth program.",2023-06-28 11:24:00+00:00,https://www.zacks.com/stock/news/2114014/sysco-syy-fuels-recipe-for-growth-boosts-digital-platform,Zacks Investment Research,0.1,0.1,neutral,0.1,False,False,False,False,False,False,False,False,0.0,235,"['MKC', 'SYY', 'LW', 'NOMD']",LW,2023-06-28
General Mills (GIS) Q4 Earnings Surpass Estimates,"General Mills (GIS) delivered earnings and revenue surprises of 6.67% and 2.94%, respectively, for the quarter ended May 2023. Do the numbers hold clues to what lies ahead for the stock?",2023-06-28 12:15:04+00:00,https://www.zacks.com/stock/news/2114041/general-mills-gis-q4-earnings-surpass-estimates,Zacks Investment Research,0.03333333333333335,0.3666666666666667,neutral,0.03333333333333335,True,False,False,False,False,False,False,False,0.0,237,"['GIS', 'LW']",LW,2023-06-28
"General Mills (GIS) Q4 Earnings Top Estimates, Sales Rise Y/Y","General Mills' (GIS) fourth-quarter fiscal 2023 results reflect improved earnings and sales, with net price realization being a driver. Management announces a dividend hike.",2023-06-28 13:42:00+00:00,https://www.zacks.com/stock/news/2114163/general-mills-gis-q4-earnings-top-estimates-sales-rise-yy,Zacks Investment Research,0.15000000000000002,0.375,positive,0.15000000000000002,True,False,False,False,False,True,True,False,0.0,236,"['GIS', 'MKC', 'LW', 'NOMD']",LW,2023-06-28
Grocery Outlet (GO) Rides High on Growth Efforts: Apt to Hold,Grocery Outlet's (GO) store-growth endeavors and product offerings are encouraging. The company's flexible sourcing and distribution business model are also advantageous.,2023-06-28 14:19:00+00:00,https://www.zacks.com/stock/news/2114248/grocery-outlet-go-rides-high-on-growth-efforts-apt-to-hold,Zacks Investment Research,0.38,0.77,positive,0.38,False,False,False,False,True,False,False,False,0.0,233,"['MKC', 'KHC', 'GO', 'LW']",LW,2023-06-28
"Chewy (CHWY) Expands Health Programs, Up More Than 9% in a Year",Chewy's (CHWY) announces the availability of new CarePlus insurance and wellness offerings.,2023-06-28 21:22:00+00:00,https://www.zacks.com/stock/news/2114423/chewy-chwy-expands-health-programs-up-more-than-9-in-a-year,Zacks Investment Research,0.3181818181818182,0.4772727272727273,positive,0.3181818181818182,False,False,False,False,False,False,False,False,0.0,156,"['MKC', 'KHC', 'LW', 'CHWY']",LW,2023-06-28
Lamb Weston (LW) Dips More Than Broader Markets: What You Should Know,"In the latest trading session, Lamb Weston (LW) closed at $113.11, marking a -1.04% move from the previous day.",2023-06-28 21:50:22+00:00,https://www.zacks.com/stock/news/2114457/lamb-weston-lw-dips-more-than-broader-markets-what-you-should-know,Zacks Investment Research,0.18333333333333335,0.4166666666666667,positive,0.18333333333333335,False,False,False,False,False,False,False,False,0.0,182,['LW'],LW,2023-06-28
"Campbell Soup's (CPB) Snacks Business Aids, High Costs Ail","Campbell Soup's (CPB) robust Snacks business, focus on the savings program and pricing bode well amid escalated costs.",2023-06-29 12:52:00+00:00,https://www.zacks.com/stock/news/2114675/campbell-soups-cpb-snacks-business-aids-high-costs-ail,Zacks Investment Research,0.16,0.5399999999999999,positive,0.16,False,False,False,False,False,False,False,False,0.0,178,"['CPB', 'MKC', 'LW', 'NOMD']",LW,2023-06-29
McCormick (MKC) Raises Profit Guidance on Q2 Earnings Beat,"McCormick's (MKC) second-quarter fiscal 2023 results reflect gains from higher pricing, favorable demand and cost optimization. Management raises the adjusted operating income and bottom-line view.",2023-06-29 13:58:00+00:00,https://www.zacks.com/stock/news/2114802/mccormick-mkc-raises-profit-guidance-on-q2-earnings-beat,Zacks Investment Research,0.25,0.5,positive,0.25,True,False,True,False,False,False,True,False,0.0,257,"['MKC', 'CHEF', 'LW', 'NOMD']",LW,2023-06-29
4 Solid Stocks to Bet on in a Resilient Labor Market,"Given the market volatility, it would be wise to invest in defensive stocks like PPL Corporation (PPL), NiSource Inc. (NI), Ingredion Incorporated (INGR) and Lamb Weston Holdings, Inc. (LW).",2023-06-30 12:04:00+00:00,https://www.zacks.com/stock/news/2115265/4-solid-stocks-to-bet-on-in-a-resilient-labor-market,Zacks Investment Research,0.35,0.5,positive,0.35,False,False,False,False,False,False,False,False,0.0,244,"['PPL', 'NI', 'INGR', 'LW']",LW,2023-06-30
TreeHouse Foods' (THS) Latest Buyout to Enhance Coffee Business,"TreeHouse Foods (THS) concludes the buyout of Farmer Brothers' Northlake, TX, coffee facility and the non-Direct Store Delivery coffee business (known as Direct Ship).",2023-07-03 11:40:00+00:00,https://www.zacks.com/stock/news/2115841/treehouse-foods-ths-latest-buyout-to-enhance-coffee-business,Zacks Investment Research,0.3,0.65,positive,0.3,False,True,False,False,False,False,False,False,0.0,232,"['THS', 'CHEF', 'LW', 'NOMD']",LW,2023-07-03
4 Safe Stocks to Invest in as Consumer Spending Declines,"Consumer spending is declining despite a rise in personal income. Hence, investing in consumer staple stocks like Kimberly-Clark (KMB), Ingredion (INGR), Lamb Weston (LW) and McCormick & Company (MKC) is a prudent move.",2023-07-03 13:50:00+00:00,https://www.zacks.com/stock/news/2115982/4-safe-stocks-to-invest-in-as-consumer-spending-declines,Zacks Investment Research,0.25,0.4,positive,0.25,False,False,False,False,False,False,False,False,0.0,277,"['KMB', 'MKC', 'INGR', 'LW']",LW,2023-07-03
Mondelez's (MDLZ) Focus on Buyouts & Core Categories Bodes Well,"Mondelez (MDLZ) gains from its prudent acquisitions, a focus on core categories and pricing amid cost inflation.",2023-07-04 14:06:00+00:00,https://www.zacks.com/stock/news/2116491/mondelezs-mdlz-focus-on-buyouts-core-categories-bodes-well,Zacks Investment Research,0.0,0.0,neutral,0.0,False,True,False,False,False,False,False,False,0.0,177,"['MDLZ', 'LW', 'NOMD', 'CELH']",LW,2023-07-04
Strategic Plan Aids International Flavors (IFF) Amid Low Volumes,"International Flavors (IFF) is set to gain on pricing actions, productivity initiatives and investments in growth and acquisitions.",2023-07-04 14:43:00+00:00,https://www.zacks.com/stock/news/2116519/strategic-plan-aids-international-flavors-iff-amid-low-volumes,Zacks Investment Research,0.0,0.09999999999999999,neutral,0.0,False,True,False,False,True,False,False,False,0.0,197,"['DD', 'IFF', 'ELF', 'LW']",LW,2023-07-04
Monster Beverage (MNST) Inks Deal to Buy Rival Bang Energy,"Monster Beverage (MNST) entered an asset purchase deal to buy all assets of Bang Energy, which is battling bankruptcy. The move is expected to be accretive to its growing energy drink portfolio.",2023-07-04 14:45:00+00:00,https://www.zacks.com/stock/news/2116569/monster-beverage-mnst-inks-deal-to-buy-rival-bang-energy,Zacks Investment Research,-0.1,0.4,neutral,0.1,False,True,False,False,False,False,False,False,0.0,254,"['MNST', 'LW', 'NOMD', 'CELH']",LW,2023-07-04
"B&G Foods (BGS) Benefits From Pricing, Portfolio Strength",B&G Foods (BGS) gains from its robust pricing strategy and focus on strengthening its portfolio through acquisitions.,2023-07-05 13:01:00+00:00,https://www.zacks.com/stock/news/2116860/bg-foods-bgs-benefits-from-pricing-portfolio-strength,Zacks Investment Research,0.0,0.0,neutral,0.0,False,True,False,False,False,False,False,False,0.0,176,"['BGS', 'LW', 'NOMD', 'CELH']",LW,2023-07-05
Lamb Weston (LW) Dips More Than Broader Markets: What You Should Know,"Lamb Weston (LW) closed the most recent trading day at $114.30, moving -0.71% from the previous trading session.",2023-07-05 21:50:19+00:00,https://www.zacks.com/stock/news/2117216/lamb-weston-lw-dips-more-than-broader-markets-what-you-should-know,Zacks Investment Research,0.14666666666666667,0.30333333333333334,positive,0.14666666666666667,False,False,False,False,False,False,False,False,0.0,183,['LW'],LW,2023-07-05
"The J.M. Smucker (SJM) Benefits From Pricing, Core Priorities",The J.M. Smucker (SJM) gains from its robust pricing strategy and focus on core priorities amid cost inflation and high SD&A costs.,2023-07-06 13:12:00+00:00,https://www.zacks.com/stock/news/2117455/the-jm-smucker-sjm-benefits-from-pricing-core-priorities,Zacks Investment Research,0.16,0.5399999999999999,positive,0.16,False,False,False,False,False,False,False,False,0.0,194,"['SJM', 'LW', 'NOMD', 'CELH']",LW,2023-07-06
"Coty (COTY) Focuses on Boosting Global Presence, Ups FY23 View","Coty (COTY) is hosting its first investor event in Paris, wherein it is set to provide details regarding the financial performance, operating landscape and growth agenda. It is also raising guidance.",2023-07-07 13:09:00+00:00,https://www.zacks.com/stock/news/2118007/coty-coty-focuses-on-boosting-global-presence-ups-fy23-view,Zacks Investment Research,0.08333333333333333,0.1111111111111111,neutral,0.08333333333333333,False,False,False,False,False,False,False,False,0.0,263,"['COTY', 'LW', 'NOMD', 'CELH']",LW,2023-07-07
3 Stocks Tailored Toward a Defensive Approach,"These companies' products have an advantageous ability to generate consistent demand in the face of many economic situations. And recently, analysts have become optimistic surrounding their outlooks.",2023-07-07 19:48:00+00:00,https://www.zacks.com/commentary/2118292/3-stocks-tailored-toward-a-defensive-approach,Zacks Investment Research,0.2375,0.3,positive,0.2375,False,False,False,False,True,False,False,False,0.0,246,"['KO', 'CLX', 'LW']",LW,2023-07-07
"Zacks Investment Ideas feature highlights: Lamb Weston, Coca-Cola and Clorox","Lamb Weston, Coca-Cola and Clorox are part of the Zacks Investment Ideas article.",2023-07-10 12:02:00+00:00,https://www.zacks.com/stock/news/2118621/zacks-investment-ideas-feature-highlights-lamb-weston-coca-cola-and-clorox,Zacks Investment Research,0.0,0.0,neutral,0.0,False,False,False,False,False,False,False,False,0.0,159,"['KO', 'CLX', 'LW']",LW,2023-07-10
US Foods (USFD) Expands Reach With Renzi Foodservice Buyout,US Foods (USFD) is constantly seeking ways to enhance its operations and broaden its customer base. The recent acquisition strengthens the company's market presence.,2023-07-10 14:59:00+00:00,https://www.zacks.com/stock/news/2118719/us-foods-usfd-expands-reach-with-renzi-foodservice-buyout,Zacks Investment Research,-0.26666666666666666,0.5277777777777778,negative,0.26666666666666666,False,True,False,False,False,False,False,False,0.0,226,"['WMT', 'USFD', 'LW', 'CELH']",LW,2023-07-10
"Helen of Troy (HELE) Q1 Earnings Top Estimates, Decline Y/Y","Helen of Troy's (HELE) first-quarter fiscal 2024 results reflect a decline in earnings and sales, amid lower consumer demand and shifts in consumer spending patterns.",2023-07-11 13:42:00+00:00,https://www.zacks.com/stock/news/2119262/helen-of-troy-hele-q1-earnings-top-estimates-decline-yy,Zacks Investment Research,0.5,0.5,positive,0.5,True,False,False,False,False,False,False,False,0.0,227,"['THS', 'HELE', 'LW', 'CELH']",LW,2023-07-11
Reasons Why TreeHouse Foods (THS) Should be in Your Portfolio,"TreeHouse Foods (THS) is likely to benefit from robust product demand, favorable pricing actions, acquisitions and its focus on debt reduction.",2023-07-11 16:16:00+00:00,https://www.zacks.com/stock/news/2119447/reasons-why-treehouse-foods-ths-should-be-in-your-portfolio,Zacks Investment Research,0.0,1.0,neutral,0.0,False,True,False,False,True,True,False,False,0.0,206,"['THS', 'INGR', 'LW', 'CELH']",LW,2023-07-11
Lamb Weston (LW) Stock Sinks As Market Gains: What You Should Know,"Lamb Weston (LW) closed at $110.51 in the latest trading session, marking a -1.54% move from the prior day.",2023-07-11 22:00:22+00:00,https://www.zacks.com/stock/news/2119530/lamb-weston-lw-stock-sinks-as-market-gains-what-you-should-know,Zacks Investment Research,0.075,0.25,neutral,0.075,False,False,False,False,False,False,False,False,0.0,175,['LW'],LW,2023-07-11
The Real Good Food (RGF) Brings Global Entrees to Publix Stores,"The Real Good Food Company (RGF) is solidifying its position as a leading provider of nutritious, low-sugar and high-protein meals in the frozen food market.",2023-07-12 14:28:00+00:00,https://www.zacks.com/stock/news/2119969/the-real-good-food-rgf-brings-global-entrees-to-publix-stores,Zacks Investment Research,0.6666666666666666,0.6000000000000001,positive,0.6666666666666666,False,False,False,False,False,False,False,False,0.0,222,"['WMT', 'LW', 'CELH', 'RGF']",LW,2023-07-12
Service Corp (SCI) Gains From Expansion Initiatives Amid Risks,"Service Corp. (SCI) benefits from end-market strength, growth investments and a focus on expansion. However, escalating costs and expenses have been affecting its margins.",2023-07-12 15:07:00+00:00,https://www.zacks.com/stock/news/2120015/service-corp-sci-gains-from-expansion-initiatives-amid-risks,Zacks Investment Research,0.0,0.0,neutral,0.0,False,False,False,False,False,False,False,False,0.0,235,"['INGR', 'SCI', 'LW', 'CELH']",LW,2023-07-12
McCormick (MKC) Gains on Prudent Buyouts & Cost Savings,"McCormick (MKC) is increasing presence through acquisitions to expand its portfolio. Also, the company benefits from cost-saving efforts.",2023-07-12 15:56:00+00:00,https://www.zacks.com/stock/news/2120146/mccormick-mkc-gains-on-prudent-buyouts-cost-savings,Zacks Investment Research,0.0,0.0,neutral,0.0,False,True,False,False,False,False,False,False,0.0,194,"['MKC', 'THS', 'LW', 'CELH']",LW,2023-07-12
Is Coca Cola Femsa (KOF) Outperforming Other Consumer Staples Stocks This Year?,Here is how Coca-Cola FEMSA (KOF) and Lamb Weston (LW) have performed compared to their sector so far this year.,2023-07-13 13:40:10+00:00,https://www.zacks.com/stock/news/2120555/is-coca-cola-femsa-kof-outperforming-other-consumer-staples-stocks-this-year,Zacks Investment Research,-0.012499999999999997,0.6875,neutral,0.012499999999999997,False,False,True,False,False,False,False,False,0.0,193,"['KOF', 'LW']",LW,2023-07-13
Inter Parfums (IPAR) Gains on Partnerships & Product Launches,Inter Parfums (IPAR) focuses on product launches to boost brand strength. The company's strength in strategic partnerships is driving growth.,2023-07-13 15:21:00+00:00,https://www.zacks.com/stock/news/2120835/inter-parfums-ipar-gains-on-partnerships-product-launches,Zacks Investment Research,0.0,0.0,neutral,0.0,False,False,False,True,True,False,False,False,0.0,204,"['THS', 'IPAR', 'LW', 'CELH']",LW,2023-07-13
"Conagra (CAG) Q4 Earnings Top Estimates, Decline Y/Y","Conagra's (CAG) fourth-quarter results reflect lower earnings on increased costs. Nevertheless, sales increased year over year on favorable pricing action.",2023-07-13 15:36:00+00:00,https://www.zacks.com/stock/news/2120851/conagra-cag-q4-earnings-top-estimates-decline-yy,Zacks Investment Research,0.3,0.3,positive,0.3,True,False,False,False,False,False,False,False,0.0,209,"['CAG', 'THS', 'LW', 'CELH']",LW,2023-07-13
General Mills (GIS) Gains From Business Strength Amid Risks,"General Mills (GIS) benefits from strength in its North America Foodservice segment, effective pricing actions and acquisitions. However, rising costs and expenses are concerning.",2023-07-13 15:44:00+00:00,https://www.zacks.com/stock/news/2120860/general-mills-gis-gains-from-business-strength-amid-risks,Zacks Investment Research,0.2333333333333333,0.6,positive,0.2333333333333333,False,True,False,False,False,False,False,False,0.0,240,"['GIS', 'INGR', 'LW', 'CELH']",LW,2023-07-13
BJ's Wholesale (BJ) Forges Ahead With a Robust Business Model,"BJ's Wholesale Club's (BJ) growth strategies, better price management, decent membership trends and digitization are likely to keep supporting comparable sales trends.",2023-07-14 12:38:00+00:00,https://www.zacks.com/stock/news/2121155/bjs-wholesale-bj-forges-ahead-with-a-robust-business-model,Zacks Investment Research,0.22916666666666666,0.6041666666666666,positive,0.22916666666666666,False,False,False,False,False,False,True,False,0.0,230,"['TJX', 'WMT', 'BJ', 'LW']",LW,2023-07-14
"Buyouts Contribute to Post Holdings (POST), Cost Woes Stay","Post Holdings (POST) strategically increases its presence through acquisitions. However, rising input and freight inflation are a concern.",2023-07-14 14:07:00+00:00,https://www.zacks.com/stock/news/2121423/buyouts-contribute-to-post-holdings-post-cost-woes-stay,Zacks Investment Research,0.0,0.0,neutral,0.0,False,True,False,False,False,False,False,False,0.0,198,"['THS', 'POST', 'LW', 'CELH']",LW,2023-07-14
Stryve Foods (SNAX) Unveils Preliminary Results for Q2,Stryve Foods (SNAX) reports Q2 preliminary results with net revenues reflecting sequential growth of 26.1-30.4%. The company announced a reverse stock split.,2023-07-17 13:46:00+00:00,https://www.zacks.com/stock/news/2122094/stryve-foods-snax-unveils-preliminary-results-for-q2,Zacks Investment Research,0.0,0.0,neutral,0.0,True,False,False,False,False,True,False,False,0.0,213,"['THS', 'LW', 'CELH', 'SNAX']",LW,2023-07-17
Here's Why Ollie's Bargain (OLLI) Is Ahead of the Curve,Ollie's Bargain's (OLLI) focus on value-driven merchandise assortments positions it well to capitalize on opportunities in the marketplace.,2023-07-17 14:54:00+00:00,https://www.zacks.com/stock/news/2122178/heres-why-ollies-bargain-olli-is-ahead-of-the-curve,Zacks Investment Research,0.0,0.0,neutral,0.0,False,False,False,False,False,False,False,False,0.0,196,"['WMT', 'OLLI', 'LW', 'CELH']",LW,2023-07-17
J.M. Smucker (SJM) Boosts Dividend for 22nd Consecutive Year,J.M. Smucker (SJM) is strategically positioning itself for growth and value creation through a range of initiatives.,2023-07-17 15:02:00+00:00,https://www.zacks.com/stock/news/2122182/jm-smucker-sjm-boosts-dividend-for-22nd-consecutive-year,Zacks Investment Research,0.0,0.0,neutral,0.0,False,False,True,False,False,True,False,False,0.0,178,"['WMT', 'SJM', 'LW', 'CELH']",LW,2023-07-17
Lamb Weston (LW) Gains But Lags Market: What You Should Know,"Lamb Weston (LW) closed the most recent trading day at $113, moving +0.26% from the previous trading session.",2023-07-17 22:00:17+00:00,https://www.zacks.com/stock/news/2122444/lamb-weston-lw-gains-but-lags-market-what-you-should-know,Zacks Investment Research,0.05833333333333334,0.25416666666666665,neutral,0.05833333333333334,False,False,False,False,False,False,False,False,0.0,171,['LW'],LW,2023-07-17
Lamb Weston (LW) is Attracting Investor Attention: Here is What You Should Know,"Lamb Weston (LW) has been one of the stocks most watched by Zacks.com users lately. So, it is worth exploring what lies ahead for the stock.",2023-07-18 13:00:11+00:00,https://www.zacks.com/stock/news/2122743/lamb-weston-lw-is-attracting-investor-attention-here-is-what-you-should-know,Zacks Investment Research,0.4,0.3,positive,0.4,False,False,False,False,False,False,False,False,0.0,221,['LW'],LW,2023-07-18
4 Food Stocks to Pick From a Thriving Food-Miscellaneous Industry,"The Zacks Food-Miscellaneous industry participants have been benefiting from robust demand environment, product innovations and pricing actions. Lamb Weston (LW), TreeHouse Foods (THS), McCormick (MKC) and Celsius Holdings (CELH) are notable stocks in the industry.",2023-07-18 13:12:00+00:00,https://www.zacks.com/commentary/2122719/4-food-stocks-to-pick-from-a-thriving-food-miscellaneous-industry,Zacks Investment Research,0.5,0.5,positive,0.5,False,False,False,False,True,False,False,False,0.0,332,"['MKC', 'THS', 'LW', 'CELH']",LW,2023-07-18
Lamb Weston (LW) Earnings Expected to Grow: What to Know Ahead of Next Week's Release,Lamb Weston (LW) doesn't possess the right combination of the two key ingredients for a likely earnings beat in its upcoming report. Get prepared with the key expectations.,2023-07-18 14:01:20+00:00,https://www.zacks.com/stock/news/2122907/lamb-weston-lw-earnings-expected-to-grow-what-to-know-ahead-of-next-weeks-release,Zacks Investment Research,0.03095238095238095,0.655952380952381,neutral,0.03095238095238095,True,False,False,False,True,False,False,False,0.0,259,['LW'],LW,2023-07-18
"Capacity Expansions Fuel Hormel Foods (HRL), High Costs Ail",Hormel Foods (HRL) intends to strengthen its business on the back of strategic acquisitions. The company is on track with stabilizing margin pressures amid cost inflation.,2023-07-18 15:18:00+00:00,https://www.zacks.com/stock/news/2123157/capacity-expansions-fuel-hormel-foods-hrl-high-costs-ail,Zacks Investment Research,0.08,0.26999999999999996,neutral,0.08,False,True,False,False,False,False,False,False,0.0,232,"['HRL', 'THS', 'LW', 'CELH']",LW,2023-07-18
"Ross Stores (ROST) Expands Footprint, Unveils 27 New Locations","Ross Stores (ROST) strengthens brand visibility, captures new customers and unlocks potential sales growth by expanding its store network.",2023-07-18 15:40:00+00:00,https://www.zacks.com/stock/news/2123073/ross-stores-rost-expands-footprint-unveils-27-new-locations,Zacks Investment Research,0.0909090909090909,0.6363636363636364,neutral,0.0909090909090909,False,False,False,False,False,False,False,False,0.0,202,"['WMT', 'ROST', 'OLLI', 'LW']",LW,2023-07-18
"Zacks Industry Outlook Highlights Lamb Weston Holdings, TreeHouse, McCormick and Celsius","Lamb Weston Holdings, TreeHouse, McCormick and Celsius have been highlighted in this Industry Outlook article.",2023-07-19 09:00:00+00:00,https://www.zacks.com/stock/news/2123372/zacks-industry-outlook-highlights-lamb-weston-holdings-treehouse-mccormick-and-celsius,Zacks Investment Research,0.0,0.0,neutral,0.0,False,False,False,False,False,False,False,False,0.0,200,"['MKC', 'THS', 'LW', 'CELH']",LW,2023-07-19
Corteva (CTVA) & Bioceres to Drive Bio Solutions in Europe,Corteva Agriscience (CTVA) and Bioceres Crop Solutions mark a significant milestone in the expansion of biological solutions in Europe.,2023-07-19 13:02:00+00:00,https://www.zacks.com/stock/news/2123545/corteva-ctva-bioceres-to-drive-bio-solutions-in-europe,Zacks Investment Research,0.375,0.875,positive,0.375,False,False,False,False,False,False,False,False,0.0,195,"['LW', 'CELH', 'BIOX', 'CTVA']",LW,2023-07-19
"Sysco (SYY) Gains on Solid Supply Chain, Recipe for Growth","Sysco (SYY) has been benefiting from its unwavering focus on growth strategies like supply-chain optimization, digital transformation and customer-centric initiatives.",2023-07-19 14:30:00+00:00,https://www.zacks.com/stock/news/2123894/sysco-syy-gains-on-solid-supply-chain-recipe-for-growth,Zacks Investment Research,0.0,0.05,neutral,0.0,False,False,False,False,False,False,False,False,0.0,227,"['SYY', 'LW', 'CELH']",LW,2023-07-19
United Natural (UNFI) Stock Down More Than 45% YTD: Here's Why,"United Natural (UNFI) continues to operate in a challenging industry backdrop with increased cost inflation, supply-chain bottlenecks and operational complexities.",2023-07-19 16:55:00+00:00,https://www.zacks.com/stock/news/2124026/united-natural-unfi-stock-down-more-than-45-ytd-heres-why,Zacks Investment Research,0.20888888888888885,0.5177777777777778,positive,0.20888888888888885,False,False,False,False,False,False,False,False,0.0,227,"['UNFI', 'THS', 'LW', 'CELH']",LW,2023-07-19
Lamb Weston (LW) Gears Up for Q4 Earnings: What's in Store?,Lamb Weston's (LW) fourth-quarter fiscal 2023 performance is likely to reflect gains from expansion efforts and effective pricing actions.,2023-07-20 13:33:00+00:00,https://www.zacks.com/stock/news/2124764/lamb-weston-lw-gears-up-for-q4-earnings-whats-in-store,Zacks Investment Research,0.3,0.9,positive,0.3,True,False,False,False,False,False,False,False,0.0,199,"['COTY', 'LW', 'CELH', 'BYND']",LW,2023-07-20
Mondelez (MDLZ) Earnings Expected to Grow: Should You Buy?,Mondelez (MDLZ) doesn't possess the right combination of the two key ingredients for a likely earnings beat in its upcoming report. Get prepared with the key expectations.,2023-07-20 14:02:18+00:00,https://www.zacks.com/stock/news/2124648/mondelez-mdlz-earnings-expected-to-grow-should-you-buy,Zacks Investment Research,0.03714285714285714,0.7871428571428571,neutral,0.03714285714285714,True,True,False,False,False,False,False,False,0.0,231,"['MDLZ', 'LW']",LW,2023-07-20
"Philip Morris (PM) Q2 Earnings Beat Estimates, Pricing Aids",Philip Morris' (PM) second-quarter 2023 results reflect gains from favorable pricing variance and strong smoke-free product volumes.,2023-07-20 14:13:00+00:00,https://www.zacks.com/stock/news/2124716/philip-morris-pm-q2-earnings-beat-estimates-pricing-aids,Zacks Investment Research,0.4333333333333333,0.7333333333333333,positive,0.4333333333333333,True,False,True,False,True,False,False,False,0.0,193,"['PM', 'THS', 'LW', 'CELH']",LW,2023-07-20
Lamb Weston (LW) Gains As Market Dips: What You Should Know,"In the latest trading session, Lamb Weston (LW) closed at $113.28, marking a +0.81% move from the previous day.",2023-07-20 21:50:21+00:00,https://www.zacks.com/stock/news/2125022/lamb-weston-lw-gains-as-market-dips-what-you-should-know,Zacks Investment Research,0.07777777777777779,0.3888888888888889,neutral,0.07777777777777779,False,False,False,False,False,False,False,False,0.0,172,['LW'],LW,2023-07-20
Helen of Troy (HELE) Up More Than 50% in 3 Months: Here's Why,"Helen of Troy (HELE) is focused on developing a global restructuring plan, Project Pegasus. Investments in its Leadership Brands are yielding.",2023-07-21 15:28:00+00:00,https://www.zacks.com/stock/news/2125579/helen-of-troy-hele-up-more-than-50-in-3-months-heres-why,Zacks Investment Research,0.25,0.25,positive,0.25,False,False,False,False,False,False,False,False,0.0,205,"['THS', 'HELE', 'LW', 'CELH']",LW,2023-07-21
Tyson Foods (TSN) Down More Than 20% in 6 Months: Here's Why,Tyson Foods (TSN) continues to operate in a challenging industry backdrop with increased costs of raw materials and labor. Weakness in the beef unit is also a concern.,2023-07-21 15:34:00+00:00,https://www.zacks.com/stock/news/2125582/tyson-foods-tsn-down-more-than-20-in-6-months-heres-why,Zacks Investment Research,0.15341880341880343,0.5626068376068376,positive,0.15341880341880343,False,False,False,False,False,False,False,False,0.0,229,"['TSN', 'THS', 'LW', 'CELH']",LW,2023-07-21
Lamb Weston (LW) Q4 Earnings and Revenues Beat Estimates,"Lamb Weston (LW) delivered earnings and revenue surprises of 16.19% and 2.49%, respectively, for the quarter ended May 2023. Do the numbers hold clues to what lies ahead for the stock?",2023-07-25 13:45:06+00:00,https://www.zacks.com/stock/news/2126896/lamb-weston-lw-q4-earnings-and-revenues-beat-estimates,Zacks Investment Research,0.0,0.1,neutral,0.0,True,False,False,False,False,False,False,False,0.0,242,"['LW', 'MDLZ']",LW,2023-07-25
Lamb Weston (LW) Q4 Earnings: How Key Metrics Compare to Wall Street Estimates,"Although the revenue and EPS for Lamb Weston (LW) give a sense of how its business performed in the quarter ended May 2023, it might be worth considering how some key metrics compare with Wall Street estimates and the year-ago numbers.",2023-07-25 14:00:09+00:00,https://www.zacks.com/stock/news/2127029/lamb-weston-lw-q4-earnings-how-key-metrics-compare-to-wall-street-estimates,Zacks Investment Research,0.09999999999999999,0.7000000000000001,neutral,0.09999999999999999,True,False,False,False,False,False,False,False,0.0,315,['LW'],LW,2023-07-25
"Lamb Weston (LW) Q4 Earnings & Sales Top Estimates, Rise Y/Y",Lamb Weston's (LW) fourth-quarter fiscal 2023 results reflect increased earnings and sales with gains from robust pricing and supply chain productivity savings.,2023-07-25 15:06:00+00:00,https://www.zacks.com/stock/news/2127176/lamb-weston-lw-q4-earnings-sales-top-estimates-rise-yy,Zacks Investment Research,0.5,0.5,positive,0.5,True,False,False,False,True,False,False,False,0.0,222,"['MKC', 'THS', 'LW', 'CELH']",LW,2023-07-25
Why Alaska Air Group Shares Are Trading Lower By 9%? Here Are Other Stocks Moving In Tuesday's Mid-Day Session,"Gainers

Aurora Acquisition Corp.  (NASDAQ: AURC) shares jumped 192% to $30.54.
Inpixon (NASDAQ: INPX) gained 117% to $0.33 after the company agreed to merge with XTI Aircraft Company.
Electra Battery Materials Corporation (NASDAQ: ELBM) shares shot up 71.5% to $2.11 after jumping 22% on Monday. Electra Battery Materials said its battery grade cobalt supply agreement with LG Energy Solution has been extended and expanded from terms initially announced in Sept. 2022.
Bullfrog AI Holdings, Inc.  (NASDAQ: BFRG) shares gained 35.3% to $4.68 after the company announced US patent for novel prodrugs of mebendazole and their use in treating cancer.
Kiniksa Pharmaceuticals, Ltd. (NASDAQ: KNSA) climbed 31.7% to $19.68 following strong quarterly results.
Yoshiharu Global Co.  (NASDAQ: YOSH) shares gained 31.5% to $0.8425.
Steakholder Foods Ltd. (NASDAQ: STKH) surged 29.4% to $1.3199. Steakholder Foods recently announced it signed its first multimillion dollar agreement with an accredited GCC governmental body to commercialize its 3D bio-printing technology.
Galecto, Inc. (NASDAQ: GLTO) gained 27.2% to $2.95.
HHG Capital Corporation (NASDAQ: HHGC) jumped 22.5% to $13.00.
Markforged Holding Corporation (NASDAQ: MKFG) jumped 21.7% to $1.9594.
American National Bankshares Inc. (NASDAQ: AMNB) gained 20.3% to $38.00 after reporting second-quarter results.
Akebia Therapeutics, Inc. (NASDAQ: AKBA) rose 19.7% to $1.46.
Rigetti Computing, Inc. (NASDAQ: RGTI) climbed 19.7% to $2.06.
Upstart Holdings, Inc. (NASDAQ: UPST) gained 19.5% to $64.19. BTIG maintained Upstart with a Buy and raised the price target from $42 to $72.
Applied Digital Corporation (NASDAQ: APLD) gained 18.5% to $10.40. Needham maintained Applied Digital with a Buy and raised the price target from $16 to $17.5.
Genelux Corporation (NASDAQ: GNLX) rose 18.4% to $23.99.
Shengfeng Development Limited (NASDAQ: SFWL) gained 17.2% to $6.09.
Dunxin Financial Holdings Limited (NYSE: DXF) climbed 16.8% to $1.73.
Pagaya Technologies Ltd. (NASDAQ: PGY) rose 15.7% to $2.2215.
Carmell Therapeutics Corporation (NASDAQ: CTCX) rose 15.4% to $4.0150 after falling over 36% on Monday.
Logitech International S.A. (NASDAQ: LOGI) rose 13.4% to $71.39 following strong quarterly results.
TeraWulf Inc. (NASDAQ: WULF) gained 12.3% to $3.83.
POSCO Holdings Inc. (NYSE: ...",2023-07-25 17:11:15+00:00,https://www.benzinga.com/news/23/07/33374823/why-alaska-air-group-shares-are-trading-lower-by-9-here-are-other-stocks-moving-in-tuesdays-mid-day,Benzinga,0.18327664399092972,0.3647959183673469,positive,0.18327664399092972,False,True,True,False,False,False,False,False,0.0,2443,"['NMTC', 'MKFG', 'PKX', 'RMNI', 'ZVIA', 'TBI', 'SPOT', 'LOV', 'HHGC', 'XRX', 'DXF', 'AMNB', 'WULF', 'ST', 'KNSA', 'FFIV', 'RGTI', 'HBM', 'STOK', 'IPAR', 'LYT', 'RTX', 'BPTS', 'IRBT', 'ELBM', 'COMP', 'NMTR', 'LOGI', 'PGY', 'UPST', 'APLD', 'CRKN', 'SIRI', 'HOUS', 'VTNR', 'RXT', 'AA', 'STKH', 'AMC', 'PXMD', 'ALK', 'YOSH', 'AKBA', 'TARS', 'CLF', 'GNLX', 'LW', 'GLTO', 'ENZ', 'BFRG', 'BLPH', 'APPH', 'GT', 'SFWL', 'INPX', 'YELL', 'MLI', 'CTCX', 'HGEN', 'AURC', 'PKG']",LW,2023-07-25
Campbell Soup (CPB) to Increase Goldfish Crackers' Production,Campbell Soup (CPB) announces investment to expand the production of Goldfish crackers.,2023-07-26 15:29:00+00:00,https://www.zacks.com/stock/news/2128036/campbell-soup-cpb-to-increase-goldfish-crackers-production,Zacks Investment Research,0.0,0.0,neutral,0.0,False,False,False,False,True,False,False,False,0.0,150,"['CPB', 'LW', 'CELH']",LW,2023-07-26
5 Safe Stocks to Buy as Fed Resumes Interest Rate Hikes,"The Fed raised interest rates again and has indicated more hikes. It would be wise to invest in stocks like Ingredion (INGR), Consolidated Water (CWCO), Lamb Weston Holdings, Inc. (LW), Entergy Corporation (ETR) and FirstEnergy (FE).",2023-07-28 12:43:00+00:00,https://www.zacks.com/stock/news/2129398/5-safe-stocks-to-buy-as-fed-resumes-interest-rate-hikes,Zacks Investment Research,0.5666666666666667,0.6333333333333333,positive,0.5666666666666667,False,True,False,False,False,False,False,False,0.0,290,"['ETR', 'FE', 'INGR', 'CWCO', 'LW']",LW,2023-07-28
"Colgate (CL) Q2 Earnings & Sales Surpass Estimates, View Up","Colgate-Palmolive's (CL) second-quarter 2023 organic sales advance 8%, with improvements in all divisions and categories.",2023-07-28 16:13:00+00:00,https://www.zacks.com/stock/news/2129595/colgate-cl-q2-earnings-sales-surpass-estimates-view-up,Zacks Investment Research,0.0,0.0,neutral,0.0,True,False,True,False,False,False,False,False,0.0,182,"['CL', 'CHD', 'POST', 'LW']",LW,2023-07-28
"Dividend Champion, Contender, And Challenger Highlights: Week Of July 30","A weekly summary of dividend activity for Dividend Champions, Contenders, and Challengers. Read more to see the companies with upcoming ex-dividend dates.",2023-07-31 05:04:10+00:00,https://seekingalpha.com/article/4621673-dividend-champion-contender-challenger-highlights-july-30,Seeking Alpha,0.5,0.5,positive,0.5,False,False,False,False,False,True,False,False,0.0,228,"['ABM', 'ABR', 'ALG', 'AMP', 'AWI', 'AWK', 'BMRC', 'BMY', 'CATC', 'CIVB', 'CLX', 'CMS', 'CQP', 'CTAS', 'CWT', 'DHI', 'DKL', 'EBMT', 'EQH', 'ETN', 'FBMS', 'FCF', 'FCFS', 'FELE', 'FIBK', 'FIX', 'FRAF', 'FUL', 'GGG', 'GHC', 'GL', 'HESM', 'HFWA', 'HSY', 'IBCP', 'IBTX', 'IDA', 'JBHT', 'K', 'KWR', 'LBAI', 'LKFN', 'LNC', 'LW', 'MAIN', 'MATW', 'MATX', 'MCK', 'MET', 'MKTX', 'MMP', 'MPLX', 'NATI', 'NEP', 'NSC', 'NWBI', 'NWFL', 'OC', 'ORRF', 'PEBO', 'PFC', 'PNR', 'PSTL', 'RGCO', 'RSG', 'RUSHA', 'RUSHB', 'SIRI', 'SSB', 'STE', 'SWK', 'SXT', 'UNB', 'UVV', 'VZ', 'WABC', 'WSFS', 'WST']",LW,2023-07-31
Factors Likely to Influence Post Holdings' (POST) Q3 Earnings,"Post Holdings' (POST) Q3 results are likely to benefit from strength across the foodservice, refrigerated retail and Post consumer brands segments amid inflationary pressure and supply-chain issues.",2023-07-31 15:43:00+00:00,https://www.zacks.com/stock/news/2130024/factors-likely-to-influence-post-holdings-post-q3-earnings,Zacks Investment Research,0.0,1.0,neutral,0.0,True,False,False,False,False,False,False,False,0.0,261,"['K', 'POST', 'LW', 'CELH']",LW,2023-07-31
"Benzinga's Top Ratings Upgrades, Downgrades For August 4, 2023","Upgrades
Citigroup upgraded the previous rating for Telephone and Data Systems Inc (NYSE:TDS) from Neutral to Buy. In the second quarter, Telephone and Data showed an EPS of $0.17, compared to $0.15 from the year-ago quarter. The current stock performance of Telephone and Data shows a 52-week-high of $17.41 and a 52-week-low of $6.43. Moreover, at the end of the last trading period, the closing price was at $7.90.   
According to Jefferies, the prior rating for BioCryst Pharmaceuticals Inc (NASDAQ:BCRX) was changed from Hold to Buy. BioCryst Pharma earned $0.24 in the second quarter, compared to $0.32 in the year-ago quarter. At the moment, the stock has a 52-week-high of $15.43 and a 52-week-low of $6.78. BioCryst Pharma closed at $7.08 at the end of the last trading period.   
Janney Montgomery Scott upgraded the previous rating for Generac Holdings Inc (NYSE:GNRC) from Neutral to Buy. Generac Hldgs earned $1.08 in the second quarter, compared to $2.99 in the year-ago quarter. The stock has a 52-week-high of $281.95 and a 52-week-low of $86.29. At the end of the last trading period, Generac Hldgs closed at $110.77.   
According to Rosenblatt, the prior rating for Amazon.com Inc (NASDAQ:AMZN) was changed from Neutral to Buy. Amazon.com earned $0.63 in the second quarter, compared to $0.18 in the year-ago quarter. The stock has a 52-week-high of $146.57 and a 52-week-low of $81.43. At the end of the last trading period, Amazon.com closed at $128.91.   
Raymond James upgraded the previous rating for Shake Shack Inc (NYSE:SHAK) from Market Perform to Outperform. Shake Shack earned $0.18 in the second quarter, compared to $0.00 in the year-ago quarter. The stock has a 52-week-high of $80.58 and a 52-week-low of $40.83. At the end of the last trading period, Shake Shack closed at $74.67.   
JP Morgan upgraded the previous rating for BRF SA (NYSE:BRFS) from Neutral to Overweight. For the first quarter, BRF had an EPS of $0.18, compared to year-ago quarter EPS of $0.30. The stock has a 52-week-high of $3.42 and a 52-week-low of $1.05. At the end of the last trading period, BRF closed at $1.99.   
Baird upgraded the previous rating for BWX Technologies Inc (NYSE:BWXT) from Neutral to Outperform. In the second quarter, BWX Technologies showed an EPS of $0.65, compared to $0.82 from the year-ago quarter. The current stock performance of BWX Technologies shows a 52-week-high of $71.94 and a 52-week-low of $49.14. Moreover, at the end of the last trading period, the closing price was at $68.62.   
For Wayfair Inc (NYSE:W), Stephens & Co. upgraded the previous rating of Equal-Weight to Overweight. For the second quarter, Wayfair had an EPS of $0.21, compared to year-ago quarter EPS of $1.94. The current stock performance of Wayfair shows a 52-week-high of $90.71 and a 52-week-low of $28.13. Moreover, at the end of the last trading period, the closing price was at $84.67.   
For FMC Corp (NYSE:FMC), Credit Suisse upgraded the previous rating of Underperform to Neutral. For the second quarter, FMC had an EPS of $0.50, compared to year-ago quarter EPS of $1.93. The current stock performance of FMC shows a 52-week-high of $134.38 and a 52-week-low of $88.77. Moreover, at the end of the last trading period, the closing price was at $90.99.   
According to Stifel, the prior rating for Lamb Weston Holdings Inc (NYSE:LW) was changed from Hold to Buy. Lamb Weston Hldgs earned $1.22 in the fourth quarter, compared to $0.65 in the year-ago quarter. At the moment, the stock has a 52-week-high of $117.38 and a 52-week-low of $74.93. Lamb Weston Hldgs closed at $102.21 at the end of the last trading period.   
Truist Securities upgraded the previous rating for Generac Holdings Inc (NYSE:GNRC) from Hold to Buy. In the second quarter, Generac Hldgs showed an EPS of $1.08, compared to $2.99 from the year-ago quarter. The stock has a 52-week-high of $281.95 and a 52-week-low of $86.29. At the end of the last trading period, Generac Hldgs closed at $110.77.   
Wolfe Research upgraded the previous rating for Remitly Global Inc (NASDAQ:RELY) from Peer Perform to Outperform. For the second quarter, Remitly ...Full story available on Benzinga.com",2023-08-04 15:01:16+00:00,https://www.benzinga.com/analyst-ratings/upgrades/23/08/33576154/benzingas-top-ratings-upgrades-downgrades-for-august-4-2023,Benzinga,-0.021428571428571425,0.11768707482993199,neutral,0.021428571428571425,False,True,True,False,False,False,False,False,0.0,4253,"['GNRC', 'MAX', 'FTNT', 'MRNA', 'HRZN', 'FTHM', 'AAPL', 'PROF', 'CLVT', 'ACLS', 'AAOI', 'CCLD', 'AMZN', 'TNDM', 'BCRX', 'W', 'CLFD', 'LW', 'ENTG', 'MERC', 'OUT', 'TNDM', 'SHAK', 'AMN', 'PYPL', 'FMC', 'SHOP', 'MWA', 'RELY', 'TDS', 'BWXT', 'BRFS', 'NVCR', 'AAPL', 'MESO']",LW,2023-08-04
Lamb Weston (LW) Gains on Pricing Action Amid Cost Inflation,"Lamb Weston (LW) benefits from robust price/mix. Also, the company is focused on undertaking strategic growth efforts like expanding capacity.",2023-08-10 16:27:00+00:00,https://www.zacks.com/stock/news/2135300/lamb-weston-lw-gains-on-pricing-action-amid-cost-inflation,Zacks Investment Research,0.1,0.1,neutral,0.1,False,False,False,False,False,False,False,False,0.0,204,"['SJM', 'POST', 'LW', 'UTZ']",LW,2023-08-10
Lamb Weston (LW) Stock Sinks As Market Gains: What You Should Know,"In the latest trading session, Lamb Weston (LW) closed at $97.99, marking a -1.35% move from the previous day.",2023-08-10 21:50:03+00:00,https://www.zacks.com/stock/news/2135380/lamb-weston-lw-stock-sinks-as-market-gains-what-you-should-know,Zacks Investment Research,0.03333333333333335,0.2916666666666667,neutral,0.03333333333333335,False,False,False,False,False,False,False,False,0.0,178,['LW'],LW,2023-08-10
Top 5 Defensive Stocks Which Could Rescue Your Portfolio This Quarter,"The most oversold stocks in the consumer staples sector presents an opportunity to buy into undervalued companies.
The RSI is a momentum indicator, which compares a stock's strength on days when prices go up to its strength on days when prices go down. When compared to a stock's price action, it can give traders a better sense of how a stock may perform in the short term. An asset is typically considered oversold when the  RSI is below 30.
Here’s the latest list of major oversold players in this sector, having an RSI near or below 30.
Vector Group Ltd.  (NYSE: VGR)

Vector Group posted worse-than-expected second-quarter results. ""Vector Group performed well in the first half of 2023 as we continued to benefit from the gradual transition of our Montego brand strategy,"" said Howard M. Lorber, President and Chief Executive Officer of Vector Group Ltd. The company’s stock has a 52-week low of $8.64 .
RSI Value: 29.17
VGR Price Action:  Shares of Vector ...",2023-08-15 12:03:30+00:00,https://www.benzinga.com/news/23/08/33856142/top-5-defensive-stocks-which-could-rescue-your-portfolio-this-quarter,Benzinga,0.15168650793650795,0.3849206349206349,positive,0.15168650793650795,False,True,True,False,False,False,False,False,0.0,1037,"['HSY', 'NUS', 'VGR', 'INGR', 'LW']",LW,2023-08-15
Is First Trust Consumer Staples AlphaDEX ETF (FXG) a Strong ETF Right Now?,Smart Beta ETF report for FXG,2023-08-15 19:02:12+00:00,https://www.zacks.com/stock/news/2136618/is-first-trust-consumer-staples-alphadex-etf-fxg-a-strong-etf-right-now,Zacks Investment Research,0.29583333333333334,0.5613095238095238,positive,0.29583333333333334,False,False,False,False,False,False,False,False,0.0,105,"['FXG', 'BG', 'DAR', 'XLP', 'VDC', 'LW']",LW,2023-08-15
Lamb Weston (LW) Dips More Than Broader Markets: What You Should Know,"Lamb Weston (LW) closed at $94.64 in the latest trading session, marking a -1.41% move from the prior day.",2023-08-16 21:50:03+00:00,https://www.zacks.com/stock/news/2137224/lamb-weston-lw-dips-more-than-broader-markets-what-you-should-know,Zacks Investment Research,0.225,0.375,positive,0.225,False,False,False,False,False,False,False,False,0.0,177,['LW'],LW,2023-08-16
Meridian Hedged Equity Fund Q2 2023 Investment Commentary,The Meridian Hedged Equity Fund advanced 3.56% (Net) during the quarter.,2023-08-17 05:26:00+00:00,https://seekingalpha.com/article/4629143-meridian-hedged-equity-fund-q2-2023-investment-commentary,Seeking Alpha,0.2,0.3,positive,0.2,False,False,False,False,False,False,False,False,0.0,131,"['AAP', 'AAPL', 'AMZN', 'DBRG', 'LEVI', 'LH', 'LW', 'LYV', 'MSFT', 'RIVN', 'SBH', 'TGT', 'ZM']",LW,2023-08-17
Lamb Weston (LW) Is a Trending Stock: Facts to Know Before Betting on It,"Lamb Weston (LW) has been one of the stocks most watched by Zacks.com users lately. So, it is worth exploring what lies ahead for the stock.",2023-08-18 13:00:06+00:00,https://www.zacks.com/stock/news/2137966/lamb-weston-lw-is-a-trending-stock-facts-to-know-before-betting-on-it,Zacks Investment Research,0.4,0.3,positive,0.4,False,False,False,False,False,False,False,False,0.0,214,['LW'],LW,2023-08-18
"Capacity Expansions Aid Lamb Weston (LW), High Costs Ail","Lamb Weston (LW) is focused on strategic growth efforts like expanding capacity. However, cost inflation for key inputs like raw potatoes, energy and labor is a downside.",2023-08-22 14:23:00+00:00,https://www.zacks.com/stock/news/2139134/capacity-expansions-aid-lamb-weston-lw-high-costs-ail,Zacks Investment Research,-0.023589743589743594,0.6671794871794873,neutral,0.023589743589743594,False,False,False,False,False,False,False,False,0.0,228,"['SJM', 'POST', 'LW', 'UTZ']",LW,2023-08-22
Lamb Weston (LW) Gains As Market Dips: What You Should Know,"In the latest trading session, Lamb Weston (LW) closed at $96.27, marking a +1.88% move from the previous day.",2023-08-22 21:50:06+00:00,https://www.zacks.com/stock/news/2139389/lamb-weston-lw-gains-as-market-dips-what-you-should-know,Zacks Investment Research,0.07777777777777779,0.3888888888888889,neutral,0.07777777777777779,False,False,False,False,False,False,False,False,0.0,171,['LW'],LW,2023-08-22
Why Is Lamb Weston (LW) Down 5% Since Last Earnings Report?,Lamb Weston (LW) reported earnings 30 days ago. What's next for the stock? We take a look at earnings estimates for some clues.,2023-08-24 15:30:48+00:00,https://www.zacks.com/stock/news/2140341/why-is-lamb-weston-lw-down-5-since-last-earnings-report,Zacks Investment Research,-0.051851851851851864,0.11851851851851852,neutral,0.051851851851851864,True,False,False,False,False,False,False,False,0.0,188,['LW'],LW,2023-08-24
"Hain Celestial (HAIN) Q4 Earnings Meet Mark, Sales Dip Y/Y","Hain Celestial (HAIN) reports sturdy results for fourth-quarter fiscal 2023.  However, sales fell 2% year over year.",2023-08-25 21:02:00+00:00,https://www.zacks.com/stock/news/2141030/hain-celestial-hain-q4-earnings-meet-mark-sales-dip-yy,Zacks Investment Research,0.0,0.0,neutral,0.0,True,False,False,False,False,False,False,False,0.0,176,"['HAIN', 'EPC', 'MGPI', 'LW']",LW,2023-08-25
Should You Invest in the Invesco S&P 500 Equal Weight Consumer Staples ETF (RSPS)?,Sector ETF report for RSPS,2023-08-28 10:20:07+00:00,https://www.zacks.com/stock/news/2141149/should-you-invest-in-the-invesco-sp-500-equal-weight-consumer-staples-etf-rsps,Zacks Investment Research,0.0,0.25,neutral,0.0,False,False,True,False,False,False,False,False,0.0,110,"['RSPS', 'TAP', 'MKC', 'XLP', 'VDC', 'LW']",LW,2023-08-28
Lamb Weston (LW) Gains But Lags Market: What You Should Know,"In the latest trading session, Lamb Weston (LW) closed at $96.41, marking a +0.06% move from the previous day.",2023-08-28 21:50:07+00:00,https://www.zacks.com/stock/news/2141603/lamb-weston-lw-gains-but-lags-market-what-you-should-know,Zacks Investment Research,0.07777777777777779,0.3888888888888889,neutral,0.07777777777777779,False,False,False,False,False,False,False,False,0.0,172,['LW'],LW,2023-08-28
Lamb Weston (LW) is Attracting Investor Attention: Here is What You Should Know,"Lamb Weston (LW) has received quite a bit of attention from Zacks.com users lately. Therefore, it is wise to be aware of the facts that can impact the stock's prospects.",2023-08-31 13:00:06+00:00,https://www.zacks.com/stock/news/2142883/lamb-weston-lw-is-attracting-investor-attention-here-is-what-you-should-know,Zacks Investment Research,0.21666666666666665,0.5833333333333334,positive,0.21666666666666665,False,False,False,False,False,False,False,False,0.0,250,['LW'],LW,2023-08-31
"Strategic Pricing Actions Aid Lamb Weston (LW), High Costs Ail",Lamb Weston (LW) benefits from robust pricing actions to counter input and manufacturing cost inflation.,2023-09-01 14:39:00+00:00,https://www.zacks.com/stock/news/2143730/strategic-pricing-actions-aid-lamb-weston-lw-high-costs-ail,Zacks Investment Research,0.16,0.5399999999999999,positive,0.16,False,False,False,False,False,False,False,False,0.0,168,"['FLO', 'MGPI', 'LW', 'UTZ']",LW,2023-09-01
Will Lamb Weston (LW) Beat Estimates Again in Its Next Earnings Report?,Lamb Weston (LW) has an impressive earnings surprise history and currently possesses the right combination of the two key ingredients for a likely beat in its next quarterly report.,2023-09-04 16:10:04+00:00,https://www.zacks.com/stock/news/2144473/will-lamb-weston-lw-beat-estimates-again-in-its-next-earnings-report,Zacks Investment Research,0.18367346938775508,0.5622448979591836,positive,0.18367346938775508,True,False,False,False,False,False,False,False,0.0,254,['LW'],LW,2023-09-04
Here's Why Lamb Weston (LW) is a Strong Value Stock,"Whether you're a value, growth, or momentum investor, finding strong stocks becomes easier with the Zacks Style Scores, a top feature of the Zacks Premium research service.",2023-09-05 13:40:06+00:00,https://www.zacks.com/stock/news/2144818/heres-why-lamb-weston-lw-is-a-strong-value-stock,Zacks Investment Research,0.45555555555555555,0.6555555555555556,positive,0.45555555555555555,False,False,False,False,False,False,False,False,0.0,225,['LW'],LW,2023-09-05
Lamb Weston Stock Has Attractive Entry Point Ahead Of Investor Day: Goldman Sachs,"Shares of Lamb Weston Holdings Inc (NYSE: LW) rose in early trading on Tuesday, after a deep decline over the past couple of months.
The underperformance of the stock, following a decline in fiscal fourth-quarter organic volumes, provides “an attractive entry point,” according to Goldman Sachs.
The Lamb Weston Analyst: Adam Samuelson upgraded the rating for Lamb Weston from Neutral to Buy, ...Full story available on Benzinga.com",2023-09-05 14:49:29+00:00,https://www.benzinga.com/analyst-ratings/analyst-color/23/09/34237166/lamb-weston-stock-has-attractive-entry-point-ahead-of-investor-day-goldman-sachs,Benzinga,0.30624999999999997,0.55,positive,0.30624999999999997,False,True,False,False,False,False,False,False,0.0,515,['LW'],LW,2023-09-05
"Benzinga's Top Ratings Upgrades, Downgrades For September 5, 2023","Upgrades
For Belden Inc (NYSE:BDC), Goldman Sachs upgraded the previous rating of Neutral to Buy. Belden earned $1.91 in the second quarter, compared to $1.60 in the year-ago quarter. At the moment, the stock has a 52-week-high of $99.13 and a 52-week-low of $58.88. Belden closed at $93.96 at the end of the last trading period.   
According to Argus Research, the prior rating for Catalent Inc (NYSE:CTLT) was changed from Hold to Buy. For the fourth quarter, Catalent had an EPS of $0.09, compared to year-ago quarter EPS of $1.08. The current stock performance of Catalent shows a 52-week-high of $97.48 and a 52-week-low of $31.45. Moreover, at the end of the last trading period, the closing price was at $50.20.   
For Equity Residential (NYSE:EQR), Wells Fargo upgraded the previous rating of Equal-Weight to Overweight. Equity Residential earned $0.94 in the second quarter, compared to $0.89 in the year-ago quarter. The stock has a 52-week-high of $77.92 and a 52-week-low of $54.60. At the end of the last trading period, Equity Residential closed at $64.00.   
According to Scotiabank, the prior rating for Brixmor Property Group Inc (NYSE:BRX) was changed from Sector Perform to Sector Outperform. Brixmor Property Group earned $0.52 in the second quarter, compared to $0.49 in the year-ago quarter. At the moment, the stock has a 52-week-high of $24.27 and a 52-week-low of $17.62. Brixmor Property Group closed at $21.99 at the end of the last trading period.   
For Valley National Bancorp (NASDAQ:VLY), Hovde Group upgraded the previous rating of Market Perform to Outperform. Valley Ntl earned $0.28 in the second quarter, compared to $0.32 in the year-ago quarter. The stock has a 52-week-high of $13.06 and a 52-week-low of $6.38. At the end of the last trading period, Valley Ntl closed at $9.44.   
Susquehanna upgraded the previous rating for NetApp Inc (NASDAQ:NTAP) from Neutral to Positive. NetApp earned $1.15 in the first quarter, compared to $1.20 in the year-ago quarter. The current stock performance of NetApp shows a 52-week-high of $80.53 and a 52-week-low of $58.08. Moreover, at the end of the last trading period, the closing price was at $77.60.   
B of A Securities upgraded the previous rating for Centene Corp (NYSE:CNC) from Underperform to Neutral. For the second quarter, Centene had an EPS of $2.10, compared to year-ago quarter EPS of $1.77. At the moment, the stock has a 52-week-high of $93.56 and a 52-week-low of $60.83. Centene closed at $61.27 at the end of the last trading period.   
B of A Securities upgraded the previous rating for AllianceBernstein Holding LP (NYSE:AB) from Neutral to Buy. In the second quarter, AllianceBernstein Holding showed an EPS of $0.61, compared to $0.71 from the year-ago quarter. The stock has a 52-week-high of $44.38 and a 52-week-low of $29.05. At the end of the last trading period, AllianceBernstein Holding closed at $31.21.   
B of A Securities upgraded the previous rating for Stryker Corp (NYSE:SYK) from Neutral to Buy. For the second quarter, Stryker had an EPS of $2.54, compared to year-ago quarter EPS of $2.25. The stock has a 52-week-high of $306.93 and a 52-week-low of $200.87. At the end of the last trading period, Stryker closed at $284.45.   
For Woodward Inc (NASDAQ:WWD), TD Cowen upgraded the previous rating of Market Perform to Outperform. For the third quarter, Woodward had an EPS of $1.37, compared to year-ago quarter EPS of $0.64. The stock has a 52-week-high of $133.15 and a 52-week-low of $79.26. At the end of the last trading period, Woodward closed at $129.85.   
Wolfe Research upgraded the previous rating for Liberty Formula One Group (NASDAQ:FWONK) from Peer Perform to Outperform. For the second quarter, Liberty Formula One Group had an EPS of $0.41, compared to year-ago quarter EPS of $0.35. The current stock performance of Liberty Formula One Group shows a 52-week-high of $80.13 and a 52-week-low of $50.13. Moreover, at the end of the last trading period, the closing price was at $69.03.   
For Hudson Pacific Properties Inc (NYSE:HPP), Piper Sandler upgraded the previous rating of Neutral to Overweight. For the second quarter, Hudson Pacific Properties had an EPS of $0.24, compared to year-ago quarter EPS of $0.51. The stock has a 52-week-high of $14.67 and a 52-week-low of $4.04. At the end of the last trading period, Hudson Pacific Properties closed at $7.02.   
Stifel upgraded the previous rating for Vail Resorts Inc (NYSE:MTN) from Hold to Buy. For the third quarter, Vail Resorts had an EPS of $8.18, compared to year-ago quarter EPS of $9.16. The stock has a 52-week-high of $268.24 and a 52-week-low of $202.00. At the end of the last trading period, Vail Resorts closed at $227.90.   
According to RBC Capital, the prior rating for American Express Co (NYSE:AXP) was changed from Sector Perform to Outperform. In the second quarter, American Express showed an EPS of $2.89, compared to $2.57 from the year-ago quarter. At the moment, the stock has a 52-week-high of $182.15 and a 52-week-low of $130.82. American Express closed at $159.62 at the end of the last trading period.   
For Associated Banc-Corp (NYSE:ASB), Baird upgraded the previous rating of Neutral to Outperform. For the second quarter, Associated Banc had an EPS of $0.56, compared to year-ago quarter EPS of $0.56. The current stock performance of Associated Banc shows a 52-week-high of $25.48 and a 52-week-low of $14.47. Moreover, at the end of the last trading period, the closing price was at $17.67.   
UBS upgraded the previous rating for Corteva Inc (NYSE:CTVA) from Neutral to Buy. In the second quarter, Corteva showed an EPS of $1.60, compared to $1.64 from the year-ago quarter. The current stock performance of Corteva shows a 52-week-high of $68.42 and a 52-week-low of $48.68. Moreover, at the end of the last trading period, the closing price was at $51.11.   
According to Raymond James, the prior rating for Retail Opportunity Investments Corp (NASDAQ:ROIC) was changed from Market Perform to Outperform. Retail Opportunity earned $0.27 in the second quarter, compared to $0.28 in the year-ago quarter. The current stock performance of Retail Opportunity shows a 52-week-high of $17.48 and a 52-week-low of $11.97. Moreover, at the end of the last trading period, the closing price was at $13.39.   
According to TD Cowen, the prior rating for Domino's Pizza Inc (NYSE:DPZ) was changed from Market Perform to Outperform. In the second quarter, Domino's Pizza showed an EPS of $3.08, compared to $2.82 from the year-ago quarter. The current stock performance of Domino's Pizza shows a 52-week-high of $409.95 and a 52-week-low of $285.84. Moreover, at the end of the last trading period, the closing price was at $391.14.   
According to Raymond James, the prior rating for Regency Centers Corp (NASDAQ:REG) was changed from Market Perform to Outperform. For the second quarter, Regency Centers had an EPS of $1.03, compared to year-ago quarter EPS of $1.00. The stock has a 52-week-high of $68.56 and a 52-week-low of $52.00. At the end of the last trading period, Regency Centers closed at $62.39.   
Bernstein upgraded the previous rating for Lowe's Companies Inc (NYSE:LOW) from Market Perform to Outperform. In the second quarter, Lowe's Companies showed an EPS of $4.56, compared to $4.67 from the year-ago quarter. The current stock performance of Lowe's Companies shows a 52-week-high of $237.21 and a 52-week-low of $176.62. Moreover, at the end of the last trading period, the closing price was at ...Full story available on Benzinga.com",2023-09-05 15:00:44+00:00,https://www.benzinga.com/analyst-ratings/upgrades/23/09/34240000/benzingas-top-ratings-upgrades-downgrades-for-september-5-2023,Benzinga,-0.025070472163495422,0.11448202959830865,neutral,0.025070472163495422,False,True,True,False,False,False,False,False,0.0,7655,"['ACER', 'DO', 'VLY', 'LUNG', 'DPZ', 'HPP', 'ASB', 'CTVA', 'ELS', 'ROIC', 'ADP', 'CABA', 'EQR', 'WWD', 'CLNE', 'EOSE', 'FMC', 'AGTI', 'LULU', 'SANA', 'FRT', 'SLRN', 'NTAP', 'NAPA', 'GIS', 'BRX', 'ORCL', 'BWMN', 'KRG', 'SYF', 'PAYX', 'LOW', 'CTLT', 'PTEN', 'PYXS', 'MAA', 'HUBS', 'LW', 'AB', 'BRZE', 'MTN', 'KEYS', 'AXP', 'REFI', 'OLN', 'IIPR', 'BDC', 'BFH', 'REG', 'SNOA', 'CNC', 'SOUN', 'RMD', 'FWONK', 'DEI', 'PHIN', 'SPR', 'ZI', 'DIN', 'SYK']",LW,2023-09-05
Lamb Weston (LW) Dips More Than Broader Markets: What You Should Know,"Lamb Weston (LW) closed the most recent trading day at $96.86, moving -0.43% from the previous trading session.",2023-09-05 21:50:17+00:00,https://www.zacks.com/stock/news/2145090/lamb-weston-lw-dips-more-than-broader-markets-what-you-should-know,Zacks Investment Research,0.14666666666666667,0.30333333333333334,positive,0.14666666666666667,False,False,False,False,False,False,False,False,0.0,182,['LW'],LW,2023-09-05
Why Lamb Weston (LW) is a Top Momentum Stock for the Long-Term,The Zacks Style Scores offers investors a way to easily find top-rated stocks based on their investing style. Here's why you should take advantage.,2023-09-08 13:50:07+00:00,https://www.zacks.com/stock/news/2146601/why-lamb-weston-lw-is-a-top-momentum-stock-for-the-long-term,Zacks Investment Research,0.3444444444444444,0.4444444444444445,positive,0.3444444444444444,False,False,False,False,False,False,False,False,0.0,211,['LW'],LW,2023-09-08
Lamb Weston (LW) Gains But Lags Market: What You Should Know,"Lamb Weston (LW) closed at $98.92 in the latest trading session, marking a +0.53% move from the prior day.",2023-09-11 21:50:18+00:00,https://www.zacks.com/stock/news/2147454/lamb-weston-lw-gains-but-lags-market-what-you-should-know,Zacks Investment Research,0.13333333333333333,0.3333333333333333,positive,0.13333333333333333,False,False,False,False,False,False,False,False,0.0,168,['LW'],LW,2023-09-11
Where Lamb Weston Hldgs Stands With Analysts,"Analysts have provided the following ratings for Lamb Weston Hldgs (NYSE:LW) within the last quarter: 




Bullish
Somewhat Bullish
Indifferent
Somewhat Bearish
Bearish




Total Ratings
2
1
1
0
0


Last 30D
0
1
0
0
0


1M Ago
1
0
0
0
0


2M Ago
1
0
1
0
0


3M Ago
0
0
0
0
0



According to 4 analyst offering 12-month price targets in the last 3 months, Lamb Weston Hldgs has an average price target of $123.0 with a high of $127.00 and a low of $115.00. 
Below is a summary of how these 4 analysts rated Lamb Weston Hldgs over the past 3 months. The greater the number of bullish ratings, the ...Full story available on Benzinga.com",2023-09-13 12:00:35+00:00,https://www.benzinga.com/analyst-ratings/23/09/34531758/where-lamb-weston-hldgs-stands-with-analysts,Benzinga,0.060000000000000005,0.3127272727272727,neutral,0.060000000000000005,False,False,False,False,False,False,False,False,0.0,680,['LW'],LW,2023-09-13
"Benzinga's Top Ratings Upgrades, Downgrades For September 13, 2023","Upgrades
For Southern Co (NYSE:SO), B of A Securities upgraded the previous rating of Underperform to Neutral. For the second quarter, Southern had an EPS of $0.79, compared to year-ago quarter EPS of $1.07. The current stock performance of Southern shows a 52-week-high of $80.32 and a 52-week-low of $58.85. Moreover, at the end of the last trading period, the closing price was at $68.60.   
According to JP Morgan, the prior rating for Immunogen Inc (NASDAQ:IMGN) was changed from Neutral to Overweight. For the second quarter, Immunogen had an EPS of $0.02, compared to year-ago quarter EPS of $0.24. The current stock performance of Immunogen shows a 52-week-high of $20.69 and a 52-week-low of $3.60. Moreover, at the end of the last trading period, the closing price was at $15.45.   
For Sealed Air Corp (NYSE:SEE), Credit Suisse upgraded the previous rating of Neutral to Outperform. For the second quarter, Sealed Air had an EPS of $0.80, compared to year-ago quarter EPS of $1.01. The current stock performance of Sealed Air shows a 52-week-high of $56.43 and a 52-week-low of $33.45. Moreover, at the end of the last trading period, the closing price was at $33.93.   
According to Piper Sandler, the prior rating for UMB Financial Corp (NASDAQ:UMBF) was changed from Neutral to Overweight. UMB Financial earned $1.93 in the second quarter, compared to $2.83 in the year-ago quarter. The stock has a 52-week-high of $92.70 and a 52-week-low of $50.68. At the end of the last trading period, UMB Financial closed at $61.87.   
See all analyst ratings upgrades.
Downgrades
For 2seventy bio Inc (NASDAQ:TSVT), Guggenheim downgraded the previous rating of Buy to Neutral. In the second quarter, 2seventy bio showed an EPS of $0.83, compared to $2.02 from the year-ago quarter. The stock has a 52-week-high of $17.52 and a 52-week-low of $4.10. At the end of the last trading period, 2seventy bio closed at $4.16.   
According to Citigroup, the prior rating for Ecopetrol SA (NYSE:EC) was changed from Buy to Neutral. In the second quarter, Ecopetrol showed an EPS of $0.45, compared to $1.30 from the year-ago quarter. At the moment, the stock has a 52-week-high of $12.41 and a 52-week-low of $8.59. Ecopetrol closed at $12.32 at the end of the last trading period.   
Goldman Sachs downgraded the previous rating for 2seventy bio Inc (NASDAQ:TSVT) from Buy to Neutral. For the second quarter, 2seventy bio had an EPS of $0.83, compared to year-ago quarter EPS of $2.02. The current stock performance of 2seventy bio shows a 52-week-high of $17.52 and a 52-week-low of $4.10. Moreover, at the end of the last trading period, the closing price was at $4.16.   
JP Morgan downgraded the previous rating for Oracle Corp (NYSE:ORCL) from Overweight to Neutral. For the first quarter, Oracle had an EPS of $1.19, compared to year-ago quarter EPS of $1.03. The stock has a 52-week-high of $127.54 and a 52-week-low of $60.78. At the end of the last trading period, Oracle closed at $109.61.   
For Sight Sciences Inc (NASDAQ:SGHT), B of A Securities downgraded the previous rating of Neutral to Underperform. For the second quarter, Sight Sciences had an EPS of $0.30, compared to year-ago quarter EPS of $0.50. At the moment, the stock has a 52-week-high of $15.29 and a 52-week-low of $3.06. Sight Sciences closed at $3.28 at the end of the last trading period.   
For Ball Corp (NYSE:BALL), Credit Suisse downgraded the previous rating of Outperform to Neutral. For the second quarter, Ball had an EPS of $0.61, compared to year-ago quarter EPS of $0.82. The current stock performance of Ball shows a 52-week-high of $62.14 and a 52-week-low of $46.00. Moreover, at the end of the last trading period, the closing price was at $51.88.   
Credit Suisse downgraded the previous rating for O-I Glass Inc (NYSE:OI) from Outperform to Neutral. O-I Glass earned $0.88 in the second quarter, compared to $0.73 in the year-ago quarter. The current stock performance of O-I Glass shows a 52-week-high of $23.57 and a 52-week-low of $12.05. Moreover, at the end of the last trading period, the closing price was at $18.55.   
For Acelyrin Inc (NASDAQ:SLRN), Morgan Stanley downgraded the previous rating of Overweight to Equal-Weight. In the second quarter, Acelyrin showed an EPS of $0.40, compared to $9.12 from the year-ago quarter. The current stock performance of Acelyrin shows a 52-week-high of $29.88 and a 52-week-low of $10.32. Moreover, at the end of the last trading period, the closing price was at $12.80.   
According to Goldman Sachs, the prior rating for Ultrapar Participacoes SA (NYSE:UGP) was changed from Buy to Neutral. For the second quarter, Ultrapar Participacoes had an EPS of $0.04, compared to year-ago quarter EPS of $0.07. The stock has a 52-week-high of $4.11 and a 52-week-low of $2.13. At the end of the last trading period, Ultrapar Participacoes closed at $3.83.   
See all analyst ratings downgrades.
Initiations
Roth MKM initiated coverage on Redwire Corp (NYSE:RDW) with a Buy rating. The price target for Redwire is set to $10.00. In the second quarter, Redwire showed an EPS of $0.16, compared to $0.20 from the year-ago quarter. At the moment, the stock has a 52-week-high of $4.58 and a 52-week-low of $1.68. Redwire closed at $3.11 at the end of the last trading period.   
With an Overweight rating, JP Morgan initiated coverage on Expro Group Holdings NV (NYSE:XPRO). The price target seems to have been set at $30.00 for Expro Gr Hldgs. For the second quarter, Expro Gr Hldgs had an EPS of $0.17, compared to year-ago quarter EPS of $0.02. At the moment, the stock has a 52-week-high of $24.50 and a 52-week-low of $11.40. Expro Gr Hldgs closed at $23.44 at the end of the last trading period.   
With a Neutral rating, JP Morgan initiated coverage on Cactus Inc (NYSE:WHD). The price target seems to have been set at $60.00 for Cactus. Cactus earned $0.84 in the second quarter, compared to $0.44 in the year-ago quarter. At the moment, the stock has a 52-week-high of $58.17 and a 52-week-low of ...Full story available on Benzinga.com",2023-09-13 15:00:43+00:00,https://www.benzinga.com/analyst-ratings/upgrades/23/09/34539930/benzingas-top-ratings-upgrades-downgrades-for-september-13-2023,Benzinga,-0.017164179104477612,0.10945273631840796,neutral,0.017164179104477612,False,True,True,False,False,False,False,False,0.0,6148,"['MDLZ', 'RIVN', 'EC', 'SLRN', 'TSVT', 'GIS', 'MDLZ', 'TKO', 'BALL', 'HSY', 'MBLY', 'FRPT', 'K', 'MBLY', 'IMGN', 'LEA', 'MGA', 'LW', 'ORCL', 'MKC', 'KHC', 'SBCF', 'OI', 'TWNK', 'TOWN', 'SEE', 'WHD', 'UMBF', 'SJM', 'BYND', 'VECO', 'SO', 'UTZ', 'AXL', 'SQM', 'VITL', 'BGS', 'THS', 'IMCR', 'BWA', 'UGP', 'SGHT', 'CAG', 'ADNT', 'RDW', 'CPB', 'VC', 'XPRO', 'DAN']",LW,2023-09-13
Lamb Weston (LW) Gains on Pricing Actions Amid High Costs,Lamb Weston (LW) is on track with strategies like pricing actions and enhancing business and product mix to counter input cost inflation.,2023-09-13 15:20:00+00:00,https://www.zacks.com/stock/news/2148485/lamb-weston-lw-gains-on-pricing-actions-amid-high-costs,Zacks Investment Research,0.16,0.5399999999999999,positive,0.16,False,False,False,False,True,False,False,False,0.0,196,"['MKC', 'FLO', 'MGPI', 'LW']",LW,2023-09-13
Lamb Weston (LW) Is a Trending Stock: Facts to Know Before Betting on It,"Lamb Weston (LW) has received quite a bit of attention from Zacks.com users lately. Therefore, it is wise to be aware of the facts that can impact the stock's prospects.",2023-09-14 13:00:06+00:00,https://www.zacks.com/stock/news/2148821/lamb-weston-lw-is-a-trending-stock-facts-to-know-before-betting-on-it,Zacks Investment Research,0.21666666666666665,0.5833333333333334,positive,0.21666666666666665,False,False,False,False,False,False,False,False,0.0,243,['LW'],LW,2023-09-14
Things to Know Before General Mills' (GIS) Q1 Earnings Release,"General Mills' (GIS) first-quarter results are likely to reflect the impacts of economic factors such as cost inflation, though the Accelerate strategy holds promise.",2023-09-15 12:45:00+00:00,https://www.zacks.com/stock/news/2149366/things-to-know-before-general-mills-gis-q1-earnings-release,Zacks Investment Research,0.06000000000000001,0.54,neutral,0.06000000000000001,True,False,False,False,True,False,False,False,0.0,230,"['GIS', 'STZ', 'FLO', 'LW']",LW,2023-09-15
Will Pet Segment Drive General Mills (GIS) in Q1 Earnings?,"General Mills (GIS) benefits from a solid Pet segment, which has been benefiting from increased pet population and more humanization and premiumization of pet food.",2023-09-18 16:30:00+00:00,https://www.zacks.com/stock/news/2152030/will-pet-segment-drive-general-mills-gis-in-q1-earnings,Zacks Investment Research,0.15000000000000002,0.4,positive,0.15000000000000002,True,False,False,False,False,False,False,False,0.0,224,"['GIS', 'STZ', 'FLO', 'LW']",LW,2023-09-18
Lamb Weston (LW) Stock Sinks As Market Gains: What You Should Know,"Lamb Weston (LW) closed at $99.10 in the latest trading session, marking a -0.49% move from the prior day.",2023-09-18 22:00:21+00:00,https://www.zacks.com/stock/news/2152162/lamb-weston-lw-stock-sinks-as-market-gains-what-you-should-know,Zacks Investment Research,0.075,0.25,neutral,0.075,False,False,False,False,False,False,False,False,0.0,174,['LW'],LW,2023-09-18
General Mills (GIS) Tops Q1 Earnings and Revenue Estimates,"General Mills (GIS) delivered earnings and revenue surprises of 0.93% and 0.82%, respectively, for the quarter ended August 2023. Do the numbers hold clues to what lies ahead for the stock?",2023-09-20 12:15:02+00:00,https://www.zacks.com/stock/news/2152931/general-mills-gis-tops-q1-earnings-and-revenue-estimates,Zacks Investment Research,0.03333333333333335,0.3666666666666667,neutral,0.03333333333333335,True,False,False,False,False,False,False,False,0.0,249,"['GIS', 'LW']",LW,2023-09-20
Looking for Stocks with Positive Earnings Momentum? Check Out These 2 Consumer Staples Names,Investors looking for ways to find stocks that are set to beat quarterly earnings estimates should check out the Zacks Earnings ESP.,2023-09-20 12:50:03+00:00,https://www.zacks.com/stock/news/2152970/looking-for-stocks-with-positive-earnings-momentum-check-out-these-2-consumer-staples-names,Zacks Investment Research,0.22727272727272727,0.5454545454545454,positive,0.22727272727272727,True,False,False,False,False,False,False,False,0.0,226,"['LW', 'BROS']",LW,2023-09-20
Things to Know Before United Natural's (UNFI) Q4 Earnings,"United Natural's (UNFI) Q4 performance will likely reflect gains from new businesses and e-commerce strength. However, a challenging operating landscape due to inflation and supply-chain issues is a concern.",2023-09-22 15:52:00+00:00,https://www.zacks.com/stock/news/2154389/things-to-know-before-united-naturals-unfi-q4-earnings,Zacks Investment Research,0.11856060606060607,0.6049242424242424,positive,0.11856060606060607,True,False,False,False,False,False,False,False,0.0,266,"['K', 'FLO', 'UNFI', 'LW']",LW,2023-09-22
Lamb Weston (LW) Dips More Than Broader Markets: What You Should Know,"Lamb Weston (LW) closed the most recent trading day at $94.05, moving -1.75% from the previous trading session.",2023-09-22 21:50:18+00:00,https://www.zacks.com/stock/news/2154462/lamb-weston-lw-dips-more-than-broader-markets-what-you-should-know,Zacks Investment Research,0.14666666666666667,0.30333333333333334,positive,0.14666666666666667,False,False,False,False,False,False,False,False,0.0,182,['LW'],LW,2023-09-22
Lamb Weston (LW) is a Top-Ranked Value Stock: Should You Buy?,"Whether you're a value, growth, or momentum investor, finding strong stocks becomes easier with the Zacks Style Scores, a top feature of the Zacks Premium research service.",2023-09-25 13:40:07+00:00,https://www.zacks.com/stock/news/2154837/lamb-weston-lw-is-a-top-ranked-value-stock-should-you-buy,Zacks Investment Research,0.4666666666666667,0.6166666666666667,positive,0.4666666666666667,False,True,False,False,False,False,False,False,0.0,235,['LW'],LW,2023-09-25
Lamb Weston (LW) Up More Than 20% in a Year: Will It Stay?,Lamb Weston (LW) benefits from strategic pricing actions amid an inflationary environment. The company is boosting production capacity to fuel long-term growth.,2023-09-25 16:05:00+00:00,https://www.zacks.com/stock/news/2155040/lamb-weston-lw-up-more-than-20-in-a-year-will-it-stay,Zacks Investment Research,0.5,0.5,positive,0.5,False,False,False,False,True,False,False,False,0.0,220,"['FLO', 'MGPI', 'LW', 'CELH']",LW,2023-09-25
Factors to Note Ahead of BlackBerry's (BB) Q2 Earnings Release,BlackBerry's (BB) fiscal Q2 performance is likely to have been affected by weakness in the Cybersecurity segment due to delay in closing of certain large government deals.,2023-09-26 11:17:00+00:00,https://www.zacks.com/stock/news/2155290/factors-to-note-ahead-of-blackberrys-bb-q2-earnings-release,Zacks Investment Research,0.07589285714285714,0.59375,neutral,0.07589285714285714,True,False,True,False,True,False,False,False,0.0,235,"['DPZ', 'CAG', 'LW', 'BB']",LW,2023-09-26
Why Lamb Weston (LW) is a Top Growth Stock for the Long-Term,"Wondering how to pick strong, market-beating stocks for your investment portfolio? Look no further than the Zacks Style Scores.",2023-09-26 13:45:06+00:00,https://www.zacks.com/stock/news/2155455/why-lamb-weston-lw-is-a-top-growth-stock-for-the-long-term,Zacks Investment Research,0.3111111111111111,0.5777777777777778,positive,0.3111111111111111,False,False,False,False,False,False,False,False,0.0,189,['LW'],LW,2023-09-26
Is Lamb Weston (LW) Stock Outpacing Its Consumer Staples Peers This Year?,Here is how Lamb Weston (LW) and Mondelez (MDLZ) have performed compared to their sector so far this year.,2023-09-27 13:40:09+00:00,https://www.zacks.com/stock/news/2156170/is-lamb-weston-lw-stock-outpacing-its-consumer-staples-peers-this-year,Zacks Investment Research,0.1,1.0,neutral,0.1,False,False,True,False,False,False,False,False,0.0,181,"['LW', 'MDLZ']",LW,2023-09-27
5 Stocks With Near Unanimous Buy Ratings: Are They Worth Buying?,,2023-09-28 07:49:00+00:00,https://www.investing.com/analysis/5-stocks-with-near-unanimous-buy-ratings-are-they-worth-buying-200642226,Investing.com,0.2,0.25,positive,0.2,False,True,False,False,False,False,False,False,0.0,66,"['LW', 'DAL', 'TRGP', 'J', 'WBD']",LW,2023-09-28
Can Constellation (STZ) Beat Q2 Earnings on Segmental Gains?,Constellation Brands' (STZ) Q2 results are expected to reflect continued gains from the strength of the beer business. The company's premiumization efforts look well-placed.,2023-09-28 12:59:00+00:00,https://www.zacks.com/stock/news/2156979/can-constellation-stz-beat-q2-earnings-on-segmental-gains,Zacks Investment Research,-0.1,0.4,neutral,0.1,True,False,False,False,False,False,False,False,0.0,235,"['CAG', 'STZ', 'KOF', 'LW']",LW,2023-09-28
What Awaits McCormick (MKC) as It Queues for Q3 Earnings?,"McCormick's (MKC) third-quarter results are likely to reflect the impacts of cost inflation and high SG&A costs. However, a focus on the CCI and GOE programs bodes well.",2023-09-28 13:47:00+00:00,https://www.zacks.com/stock/news/2157104/what-awaits-mccormick-mkc-as-it-queues-for-q3-earnings,Zacks Investment Research,0.08,0.77,neutral,0.08,True,False,False,False,False,False,False,False,0.0,228,"['HSY', 'MKC', 'FLO', 'LW']",LW,2023-09-28
Lamb Weston (LW) Reports Next Week: Wall Street Expects Earnings Growth,Lamb Weston (LW) possesses the right combination of the two key ingredients for a likely earnings beat in its upcoming report. Get prepared with the key expectations.,2023-09-28 14:00:06+00:00,https://www.zacks.com/stock/news/2157122/lamb-weston-lw-reports-next-week-wall-street-expects-earnings-growth,Zacks Investment Research,0.05714285714285714,0.7071428571428571,neutral,0.05714285714285714,True,False,False,False,False,False,False,False,0.0,239,['LW'],LW,2023-09-28
Lamb Weston (LW) Outpaces Stock Market Gains: What You Should Know,"In the latest trading session, Lamb Weston (LW) closed at $92.19, marking a +0.89% move from the previous day.",2023-09-28 22:00:17+00:00,https://www.zacks.com/stock/news/2157374/lamb-weston-lw-outpaces-stock-market-gains-what-you-should-know,Zacks Investment Research,0.07777777777777779,0.3888888888888889,neutral,0.07777777777777779,False,False,False,False,False,False,False,False,0.0,178,['LW'],LW,2023-09-28
Things to Note Before Helen of Troy's (HELE) Q2 Earnings,Helen of Troy's (HELE) second-quarter performance is likely to reflect pressure on some product categories amid lower demand and changes in buying patterns.,2023-09-29 16:02:00+00:00,https://www.zacks.com/stock/news/2158003/things-to-note-before-helen-of-troys-hele-q2-earnings,Zacks Investment Research,0.0,1.0,neutral,0.0,True,True,True,False,True,False,False,False,0.0,214,"['K', 'FLO', 'HELE', 'LW']",LW,2023-09-29
"Stocks, Bonds Shaken By September Turbulence Ahead Of Government Shutdown Deadline: The Week In The Markets","The U.S. stock market has weathered its toughest month of the year, with September adhering to its typical negative seasonality in terms of risk sentiment. Both the SPDR S&P 500 ETF Trust (NYSE:SPY) and the Nasdaq-related Invesco QQQ Trust (NASDAQ:QQQ) closed 5% lower this month. 
Bonds Sell Off: Treasury yields have experienced significant upward movements, reaching their highest levels in over 15 years. The 10-year yield has surged past 4.5%, while the 30-year yield hovered around 4.7%. 
This surge is driven by investor concerns that the Federal Reserve might keep interest rates elevated for an extended period. The iShares 20+ Year Treasury Bond ETF (NYSE:TLT) tumbled 8.7% in September, marking the worst month since April 2022, the second-worst since January 2009.  
Chart: Long-Term Treasury Bonds Just Had Their Second-Worst Month Since Global Financial Crisis

Government Shutdown Risk: On the political front, the stalemate over a deal to prevent a U.S. government shutdown continues, causing anxiety among market participants. Moody’s has issued a warning the U.S. Treasury could face adverse ...Full story available on Benzinga.com",2023-09-29 20:13:14+00:00,https://www.benzinga.com/government/23/09/35011557/stocks-bonds-shaken-by-september-turbulence-ahead-of-government-shutdown-deadline-the-week-in-the-ma,Benzinga,-0.021969696969696962,0.4113636363636364,neutral,0.021969696969696962,False,False,True,False,False,False,False,False,0.0,1258,"['SPY', 'TLT', 'XLE', 'CAG', 'JPM', 'MKC', 'RPM', 'STZ', 'XOM', 'QQQ', 'LW']",LW,2023-09-29
"Manufacturing Data Improves, Bond Yields Stay Elevated",We got some slightly better September Manufacturing numbers than expected from the final S&P PMI and ISM reports.,2023-10-02 22:04:00+00:00,https://www.zacks.com/stock/news/2158879/manufacturing-data-improves-bond-yields-stay-elevated,Zacks Investment Research,0.13333333333333333,0.6333333333333333,positive,0.13333333333333333,False,False,False,False,False,False,False,False,0.0,169,"['MCK', 'CAG', 'STZ', 'CALM', 'LW']",LW,2023-10-02
Lamb Weston (LW) Readies for Q1 Earnings: Things to Consider,Lamb Weston's (LW) first-quarter fiscal 2024 performance is likely to reflect benefits from pricing actions amid inflation. Capacity expansion efforts are also an upside.,2023-10-03 14:32:00+00:00,https://www.zacks.com/stock/news/2159340/lamb-weston-lw-readies-for-q1-earnings-things-to-consider,Zacks Investment Research,0.0,1.0,neutral,0.0,True,False,False,False,False,False,False,False,0.0,232,"['CAG', 'K', 'FLO', 'LW']",LW,2023-10-03
These 20 stocks in the S&P 500 are expected to soar after rising interest rates have pushed down valuations,Rising rates and falling stocks can spell bargains for patient investors.,2023-10-03 16:13:00+00:00,https://www.marketwatch.com/story/these-10-stocks-in-the-s-p-500-are-expected-to-roar-after-rising-interest-rates-have-pushed-down-valuations-8f840920,MarketWatch,-0.1277777777777778,0.34444444444444444,negative,0.1277777777777778,False,False,False,False,False,False,False,False,0.0,182,"['DJIA', 'COMP', 'GOOGL', 'META', 'SEDG', 'AES', 'PODD', 'UAL', 'ALK', 'TPR', 'ALB', 'DAL', 'ARE', 'LVS', 'PAYC', 'PYPL', 'SBAC', 'AMD', 'LKQ', 'SCHW', 'PHM', 'LW', 'NWSA', 'CVS']",LW,2023-10-03
"Down -7.49% in 4 Weeks, Here's Why You Should You Buy the Dip in Lamb Weston (LW)","The heavy selling pressure might have exhausted for Lamb Weston (LW) as it is technically in oversold territory now. In addition to this technical measure, strong agreement among Wall Street analysts in revising earnings estimates higher indicates that the stock is ripe for a trend reversal.",2023-10-04 13:35:05+00:00,https://www.zacks.com/stock/news/2159976/down--749-in-4-weeks-heres-why-you-should-you-buy-the-dip-in-lamb-weston-lw,Zacks Investment Research,-0.010317460317460336,0.4174603174603175,neutral,0.010317460317460336,True,True,False,False,False,False,False,False,0.0,375,['LW'],LW,2023-10-04
Is Lamb Weston (LW) A Buy Ahead of Fiscal Q1 Earnings Announcement?,This company has delivered a trailing four-quarter average earnings surprise of 44.8%.,2023-10-04 14:00:00+00:00,https://www.zacks.com/stock/news/2160077/is-lamb-weston-lw-a-buy-ahead-of-fiscal-q1-earnings-announcement,Zacks Investment Research,-0.15,0.39999999999999997,negative,0.15,True,True,False,False,False,False,False,False,0.0,155,['LW'],LW,2023-10-04
Will Pricing Actions Drive Lamb Weston's (LW) Q1 Earnings?,Lamb Weston (LW) benefits from pricing actions in every core business unit undertaken to counter input and manufacturing cost inflation.,2023-10-04 15:21:00+00:00,https://www.zacks.com/stock/news/2160225/will-pricing-actions-drive-lamb-westons-lw-q1-earnings,Zacks Investment Research,0.0,0.0,neutral,0.0,True,False,False,False,False,False,False,False,0.0,196,"['HSY', 'CAG', 'FLO', 'LW']",LW,2023-10-04
Frozen potato seller Lamb Weston's stock jumps after a big profit beat,,2023-10-05 12:37:00+00:00,https://www.marketwatch.com/story/frozen-potato-seller-lamb-weston-stock-jumps-after-a-big-profit-beat-25c4cdac,MarketWatch,0.0,0.1,neutral,0.0,True,False,False,False,False,False,False,False,0.0,72,['LW'],LW,2023-10-05
Altria (MO) Poised on Pricing Power Amid Soft Cigarette Volumes,Altria (MO) benefits from its diverse portfolio of smoke-free products and competitive pricing strategies amid soft cigarette volumes.,2023-10-05 12:50:00+00:00,https://www.zacks.com/stock/news/2160645/altria-mo-poised-on-pricing-power-amid-soft-cigarette-volumes,Zacks Investment Research,0.1,0.35,neutral,0.1,False,False,False,False,True,False,False,False,0.0,199,"['MO', 'FLO', 'KHC', 'LW']",LW,2023-10-05
Lamb Weston (LW) Q1 Earnings and Revenues Top Estimates,"Lamb Weston (LW) delivered earnings and revenue surprises of 49.54% and 4.45%, respectively, for the quarter ended August 2023. Do the numbers hold clues to what lies ahead for the stock?",2023-10-05 13:50:03+00:00,https://www.zacks.com/stock/news/2160799/lamb-weston-lw-q1-earnings-and-revenues-top-estimates,Zacks Investment Research,0.25,0.3,positive,0.25,True,False,False,False,False,False,False,False,0.0,244,"['LW', 'CHEF']",LW,2023-10-05
"Lamb Weston, SP Plus And Other Big Stocks Moving Higher On Thursday","U.S. stocks traded lower, with the Nasdaq Composite falling around 100 points on Thursday. Here are some big stocks recording gains in today’s session.

Orchard Therapeutics plc  (NASDAQ: ORTX) shares surged 97.7% to $15.98 after the company agreed to be acquired by Japan's Kyowa Kirin for $16.00 per ADS in cash plus an additional contingent value right of $1.00 per ADS.
SP Plus Corporation (NASDAQ: SP) shares jumped 47.5% to $52.24 after Metropolis Technologies announced it will acquire ...",2023-10-05 14:09:53+00:00,https://www.benzinga.com/news/23/10/35109864/lamb-weston-sp-plus-and-other-big-stocks-moving-higher-on-thursday,Benzinga,0.05178571428571429,0.3684523809523809,neutral,0.05178571428571429,False,True,False,False,False,False,False,False,0.0,565,"['URG', 'UNFI', 'TAC', 'SP', 'LOB', 'DADA', 'EURN', 'LW', 'VEON', 'ORTX', 'IMVT']",LW,2023-10-05
Conagra (CAG) Beats Q1 Earnings Estimates Despite Low Volumes,"Conagra's (CAG) first-quarter results reflect soft volumes stemming from the overall slowdown in consumption and the recent changes in consumer behavior. However, the price/mix remains an upside.",2023-10-05 14:38:00+00:00,https://www.zacks.com/stock/news/2160865/conagra-cag-beats-q1-earnings-estimates-despite-low-volumes,Zacks Investment Research,0.025,0.22499999999999998,neutral,0.025,True,False,False,False,False,False,False,False,0.0,258,"['CAG', 'FLO', 'KHC', 'LW']",LW,2023-10-05
"Lamb Weston (LW) Q1 Earnings & Sales Top Estimates, FY24 View Up",Lamb Weston's (LW) first-quarter fiscal 2024 results reflect increased earnings and sales with gains from robust pricing. Management raises the fiscal 2024 view.,2023-10-05 15:31:00+00:00,https://www.zacks.com/stock/news/2161006/lamb-weston-lw-q1-earnings-sales-top-estimates-fy24-view-up,Zacks Investment Research,0.5,0.5,positive,0.5,True,False,False,False,False,False,True,False,0.0,227,"['FLO', 'KHC', 'LW', 'CELH']",LW,2023-10-05
Dow Tumbles Over 100 Points; Constellation Brands Raises Profit Forecast,"U.S. stocks traded lower midway through trading, with the Dow Jones index falling more than 100 points on Thursday.
The Dow traded down 0.45% to 32,980.31 while the NASDAQ fell 0.62% to 13,154.24. The S&P 500 also fell, dropping, 0.57% to 4,239.60.
Check This Out:  Top 4 Financial Stocks You'll Regret Missing This Month
 
Leading and Lagging Sectors
 
Energy shares fell by just 0.2% on Thursday.
In trading on Thursday, consumer staples shares dipped by around 1.5%.
 
Top Headline
 
Constellation Brands Inc (NYSE: STZ) reported better-than-expected earnings for its second quarter.
The company reported second-quarter FY24 net sales growth of 7% year-on-year to $2.84 billion, beating the analyst consensus estimate of $2.82 billion. Comparable EPS of $3.70 beat the consensus estimate of $3.36.
Constellation raised FY24 Comparable EPS outlook from $11.70 - $12 to $12 - $12.20 versus an estimate of $11.70.
 
Equities Trading UP
 
Orchard Therapeutics plc  (NASDAQ: ORTX) shares shot up 98% to $15.98 after the company agreed to be acquired by Japan's Kyowa Kirin for $16.00 per ADS in cash plus an additional contingent value right of $1.00 per ADS.
Shares of  Lamb Weston Holdings, Inc. (NYSE: LW) got a boost, shooting 10% to $99.26 after the company reported better-than-expected first-quarter financial results.
SP Plus Corporation (NASDAQ: SP) shares were also up, gaining 46% to $51.54 after Metropolis Technologies announced ...",2023-10-05 16:10:53+00:00,https://www.benzinga.com/news/earnings/23/10/35112604/dow-tumbles-over-100-points-constellation-brands-raises-profit-forecast,Benzinga,0.12092352092352089,0.27041847041847045,positive,0.12092352092352089,True,True,True,False,False,False,False,False,0.0,1517,"['STZ', 'SP', 'LW', 'ORTX', 'CMBM', 'MXCT', 'RIVN']",LW,2023-10-05
Why Lamb Weston Stock Jumped on Thursday,This key McDonald's supplier is demonstrating exceptional pricing power.,2023-10-05 17:08:55+00:00,https://www.fool.com/investing/2023/10/05/why-lamb-weston-stock-jumped-on-thursday/,The Motley Fool,0.3333333333333333,1.0,positive,0.3333333333333333,False,False,False,False,False,False,False,False,0.0,114,"['LW', 'MCD']",LW,2023-10-05
"Helen of Troy (HELE) Q2 Earnings Top Estimates, Reaffirms View",Helen of Troy's (HELE) second-quarter fiscal 2024 results reflect a decline in earnings and sales due to lower consumer demand for certain product categories.,2023-10-05 17:21:00+00:00,https://www.zacks.com/stock/news/2161053/helen-of-troy-hele-q2-earnings-top-estimates-reaffirms-view,Zacks Investment Research,0.19642857142857142,0.48214285714285715,positive,0.19642857142857142,True,False,True,False,True,False,False,False,0.0,222,"['HELE', 'IPAR', 'LW', 'CELH']",LW,2023-10-05
Why Accolade Shares Are Trading Lower By Around 10%? Here Are Other Stocks Moving In Thursday's Mid-Day Session,"Gainers

Orchard Therapeutics plc  (NASDAQ: ORTX) shares climbed 97.7% to $15.98 after the company agreed to be acquired by Japan's Kyowa Kirin for $16.00 per ADS in cash plus an additional contingent value right of $1.00 per ADS.
Meiwu Technology Company Limited  (NASDAQ: WNW) gained 69.4% to $0.1641.
VS MEDIA Holdings Limited (NASDAQ: VSME) climbed 66% to $7.74. VS Media announced its expansion into Macau.
SP Plus Corporation (NASDAQ: SP) shares gained 47.5% to $52.24 after Metropolis Technologies announced it will acquire the company for $1.5 billion.
Camber Energy, Inc. (NYSE: CEI) jumped 40% to $0.3470.
Better Choice Company Inc. (NYSE: BTTR) shares climbed 37.5% to $0.2198 after gaining 12% on Wednesday.
Grom Social Enterprises, Inc. (NASDAQ: GROM) shares gained 32% to $2.3095 after gaining around 13% on Wednesday.
Ault Alliance, Inc. (NYSE: AULT) climbed 23% to $0.3445. Ault Alliance's subsidiary, Giga-tronics, said its third-quarter orders have eclipsed $15.4 million.
Motorsport Games Inc. (NASDAQ: MSGM) gained 19.3% to $4.0674.
Euronav NV (NYSE: EURN) surged 17.3% to $17.33. Euronav confirmed that Frontline and CMB NV, are in discussions on an integrated solution to strategic and structural deadlock in Euronav.
Oragenics, Inc. (NYSE: OGEN) climbed 15% to $3.7450. Oragenics announced plans to acquire Odyssey Health's assets related to its proprietary neurological drug therapies and technologies.
OceanPal Inc. (NASDAQ: OP) gained 13% to $2.43.
Lamb Weston Holdings, Inc. (NYSE: LW) rose 12.2% to $101.54 after the company reported better-than-expected first-quarter financial results.
Momentus Inc. (NASDAQ: MNTS) gained 11.4% to $1.2255. Momentus announced closing of $4.0 million registered direct offering priced at-the-market under Nasdaq rules.
VEON Ltd. (NASDAQ: VEON) gained 9.6% to $20.41. VEON said that its ...",2023-10-05 17:22:58+00:00,https://www.benzinga.com/news/23/10/35113855/why-accolade-shares-are-trading-lower-by-around-10-here-are-other-stocks-moving-in-thursdays-mid-day,Benzinga,0.12926587301587303,0.4260912698412698,positive,0.12926587301587303,False,True,False,False,False,False,False,False,0.0,1964,"['ZIVO', 'CNTB', 'VINO', 'GROM', 'SNES', 'MNTS', 'OMAB', 'OP', 'MXCT', 'XRTX', 'VEON', 'SGML', 'ASR', 'ORTX', 'RIVN', 'CCO', 'BTTR', 'SSU', 'CLX', 'BROG', 'ISPO', 'PAC', 'CEI', 'FSLY', 'OKYO', 'RGP', 'CMBM', 'MKUL', 'SP', 'ACCD', 'RTC', 'WHLR', 'NBTX', 'AULT', 'IPDN', 'WNW', 'BENF', 'OGEN', 'BTWN', 'VSME', 'EURN', 'MSGM', 'CDT', 'LW', 'LGVN', 'NKGN']",LW,2023-10-05
"Clorox's stock falls after detailing cyberattack hit, Rivian shares hit by convertible offer, BlackBerry slides, and other stocks on the move","Shares of Orchard Therapeutics, Clorox and Rivian Automotive were on the move.",2023-10-05 18:17:00+00:00,https://www.marketwatch.com/story/clorox-stock-falls-after-detailing-cyberattack-hit-rivian-shares-hit-by-convertible-offer-and-other-stocks-on-the-move-44db5623,MarketWatch,-0.125,0.375,negative,0.125,False,False,False,False,False,False,False,False,0.0,221,"['LW', 'ORTX', 'CLX', 'RIVN', 'BB', 'XOM']",LW,2023-10-05
Stocks On Shaky Ground As Traders Tread Lightly Ahead of Friday's Jobs Data: What's Driving Markets Thursday?,"Risk aversion returned on Thursday as stocks retraced their gains from Wednesday. Traders are now closely monitoring the eagerly anticipated non-farm payrolls data set to be unveiled by the Bureau of Labor Statistics on Friday.
By midday trading in New York, not a single S&P 500 sector registered gains, underscoring the overall prevailing weak sentiment in the market. Treasury yields exhibited relatively low volatility, and the U.S. dollar experienced a marginal decline. 
On Thursday, two Federal Reserve speakers shared their insights. San Francisco Fed President Mary Daly said the market’s expectations for interest rate hikes in both November and December seem reasonable, emphasizing the importance of not prematurely declaring victory against inflation.
Richmond Fed President Thomas Barkin commented that interest rates may appear elevated at the moment, but he believes they are not excessively high in the long-term perspective.
Cues From Thursday's Trading:
The S&P 500 fell 0.6%, while the Nasdaq 100 slipped 0.8%. Blue-chip stocks were 0.5%, same as small caps in the Russell 2000. 
                                                                US Index Performance On Wednesday
Full story available on Benzinga.com",2023-10-05 18:19:20+00:00,https://www.benzinga.com/news/earnings/23/10/35104405/nasdaq-s-p-500-futures-sag-as-traders-go-on-data-watch-analyst-flags-stronger-dollar-higher-oil-pri,Benzinga,0.0916960420531849,0.45063079777365495,neutral,0.0916960420531849,False,False,True,False,False,False,False,False,0.0,1345,"['LW', 'LEVI', 'DIA', 'FEZ', 'LCID', 'FXE', 'RIVN', 'SPY', 'TLT', 'USO', 'UUP', 'XLB', 'XLP', 'SIRI', 'CAG', 'CLX', 'STZ', 'QQQ']",LW,2023-10-05
Crude Oil Down 2%; ConAgra Brands Earnings Top Views,"U.S. stocks traded slightly lower toward the end of trading, with the Dow Jones index falling around 40 points on Thursday.
The Dow traded down 0.12% to 33,088.44 while the NASDAQ fell 0.23% to 13,206.10. The S&P 500 also fell, dropping, 0.23% to 4,253.86.
Check This Out:  Top 4 Financial Stocks You'll Regret Missing This Month
 
Leading and Lagging Sectors
 
Real estate shares rose by 0.5% on Thursday.
In trading on Thursday, consumer staples shares dipped by around 1.8%.
 
Top Headline
 
ConAgra Brands Inc (NYSE: CAG) reported better-than-expected earnings for its first quarter on Thursday.
The company posted quarterly sales of $2.90 billion, flat Y/Y, versus the consensus of $2.95 billion. Adjusted EPS increased 15.8% to $0.66, beating the consensus of $0.60.
ConAgra reaffirmed FY24 organic net sales growth of 1% and adjusted EPS of $2.70-$2.75 (consensus $2.72).
 
Equities Trading UP
 
Orchard Therapeutics plc  (NASDAQ: ORTX) shares shot up 98% to $16.00 after the company agreed to be acquired by Japan's Kyowa Kirin for $16.00 per ADS in cash plus an additional contingent value right of $1.00 per ADS.
Shares of  Lamb Weston Holdings, Inc. (NYSE: LW) got a boost, shooting 10% to $99.04 after the company reported better-than-expected first-quarter financial results.
SP Plus Corporation (NASDAQ: SP) shares were also up, gaining 45% to $51.28 after Metropolis Technologies announced it will acquire ...",2023-10-05 18:31:00+00:00,https://www.benzinga.com/news/earnings/23/10/35114988/crude-oil-down-2-conagra-brands-earnings-top-views,Benzinga,0.07840802987861813,0.36108776844070956,neutral,0.07840802987861813,True,True,True,False,False,False,False,False,0.0,1478,"['CAG', 'SP', 'LW', 'ORTX', 'CMBM', 'MXCT', 'RIVN']",LW,2023-10-05
"Demand For Sides Of French Fries Remains Steady, Boosting Optimism Amid Inflation Concerns","Despite inflation fears and a potential recession, American consumers continue to order french fries with their meals, a potentially positive sign for the U.S. economy.
According to a CNBC report, Lamb Weston Holdings (NYSE:LW), a frozen potato supplier, has observed the so-called “fry attachment rate” remain above pre-pandemic levels. This rate refers to the frequency of consumers ordering fries as a side with their fast-food meals.
“Fry attachment rate, which is the rate at which consumers order fries when visiting a restaurant or other food service outlets across our key markets, [has] remained largely steady and above pre-pandemic levels,” said CEO Tom Werner during the company’s earnings call.
See Also: Walmart Reports ‘Slight Pullback’ In Food Demand As ‘Miracle’ Weight-Loss Drug Ozempic Gains Popularity
Typically, financial pressures lead to consumers cutting back on spending, which could mean skipping fries or ...Full story available on Benzinga.com",2023-10-06 05:19:18+00:00,https://www.benzinga.com/news/23/10/35120824/demand-for-sides-of-french-fries-remains-steady-boosting-optimism-amid-inflation-concerns,Benzinga,-0.014327094474153297,0.36909536541889487,neutral,0.014327094474153297,True,False,False,False,False,False,True,False,0.0,1063,['LW'],LW,2023-10-06
"Company News for Oct 6, 2023","Companies in The News Are: CAG, CLX, LW, PEP",2023-10-06 13:26:00+00:00,https://www.zacks.com/stock/news/2161464/company-news-for-oct-6-2023,Zacks Investment Research,0.0,0.0,neutral,0.0,False,False,False,False,False,False,False,False,0.0,74,"['PEP', 'CLX', 'CAG', 'LW']",LW,2023-10-06
4 Food Stocks Poised to Gain on Prospering Industry Trends,"The Zacks Food-Miscellaneous industry participants gain from solid at-home consumption, product innovations and pricing actions. Kraft Heinz Company (KHC), Lamb Weston (LW), Celsius Holdings (CELH) and Post Holdings (POST) are notable stocks in the industry.",2023-10-06 14:25:00+00:00,https://www.zacks.com/commentary/2161607/4-food-stocks-poised-to-gain-on-prospering-industry-trends,Zacks Investment Research,0.25,0.3,positive,0.25,False,False,False,False,True,False,False,False,0.0,318,"['POST', 'KHC', 'LW', 'CELH']",LW,2023-10-06
Analyst Ratings for Lamb Weston Hldgs,"Over the past 3 months, 7 analysts have published their opinion on Lamb Weston Hldgs (NYSE:LW) stock. These analysts are typically employed by large Wall Street banks and tasked with understanding a company's business to predict how a stock will trade over the upcoming year.




Bullish
Somewhat Bullish
Indifferent
Somewhat Bearish
Bearish




Total Ratings
4
2
1
0
0


Last 30D
2
1
0
0
0


1M Ago
0
1
0
0
0


2M Ago
1
0
0
0
0


3M Ago
1
0
1
0
0



These 7 analysts have an average price target of $123.43 versus the current price of Lamb Weston Hldgs at $97.69, implying  upside.
Below is a summary of how these 7 analysts ...Full story available on Benzinga.com",2023-10-06 20:00:24+00:00,https://www.benzinga.com/analyst-ratings/23/10/35132054/analyst-ratings-for-lamb-weston-hldgs,Benzinga,0.005952380952380959,0.3994047619047619,neutral,0.005952380952380959,False,False,False,False,False,False,False,False,0.0,704,['LW'],LW,2023-10-06
Commodity Check: Time to Buy Stock in These High Inflationary Winners?,A high inflationary environment looks here to stay which makes monitoring commodity prices and stocks that can benefit accordingly very important to investors.,2023-10-07 00:30:00+00:00,https://www.zacks.com/commentary/2161930/commodity-check-time-to-buy-stock-in-these-high-inflationary-winners,Zacks Investment Research,0.28,0.6933333333333334,positive,0.28,False,True,False,False,False,False,False,False,0.2,231,"['NUE', 'CALM', 'CMC', 'LW']",LW,2023-10-07
Best Income Stocks to Buy for October 9th,"GPRK and LW made it to the Zacks Rank #1 (Strong Buy) income stocks list on October 9, 2023.",2023-10-09 06:24:00+00:00,https://www.zacks.com/commentary/2162328/best-income-stocks-to-buy-for-october-9th,Zacks Investment Research,0.2111111111111111,0.6444444444444444,positive,0.2111111111111111,False,True,False,False,False,False,False,False,0.0,135,"['GPRK', 'LW']",LW,2023-10-09
"Zacks Industry Outlook Highlights The Kraft Heinz, Lamb Weston, Celsius and Post","The Kraft Heinz, Lamb Weston, Celsius and Post are part of the Zacks Industry Outlook article.",2023-10-09 10:39:00+00:00,https://www.zacks.com/stock/news/2162417/zacks-industry-outlook-highlights-the-kraft-heinz-lamb-weston-celsius-and-post,Zacks Investment Research,0.0,0.0,neutral,0.0,False,False,False,False,False,False,False,False,0.0,176,"['POST', 'KHC', 'LW', 'CELH']",LW,2023-10-09
Looking for Earnings Beat? 5 Top-Ranked Stocks to Play,"These top-ranked stocks are likely to beat on the bottom line in their upcoming releases. Tap NVIDIA (NVDA), Lamb Weston (LW), Insulet (PODD), Asure Software (ASUR) and Palo Alto Networks (PANW).",2023-10-09 10:56:00+00:00,https://www.zacks.com/stock/news/2162433/looking-for-earnings-beat-5-top-ranked-stocks-to-play,Zacks Investment Research,0.0,1.0,neutral,0.0,True,False,False,False,True,False,False,False,0.0,251,"['NVDA', 'ASUR', 'PANW', 'PODD', 'LW']",LW,2023-10-09
3 Reasons Growth Investors Will Love Lamb Weston (LW),"Lamb Weston (LW) is well positioned to outperform the market, as it exhibits above-average growth in financials.",2023-10-09 16:45:05+00:00,https://www.zacks.com/stock/news/2162870/3-reasons-growth-investors-will-love-lamb-weston-lw,Zacks Investment Research,0.5,0.6,positive,0.5,False,False,False,False,False,False,False,False,0.0,167,['LW'],LW,2023-10-09
Best Growth Stocks to Buy for October 11th,"PANW, BAESY and LW made it to the Zacks Rank #1 (Strong Buy) growth stocks list on October 11, 2023.",2023-10-11 11:01:00+00:00,https://www.zacks.com/commentary/2164082/best-growth-stocks-to-buy-for-october-11th,Zacks Investment Research,0.2111111111111111,0.6444444444444444,positive,0.2111111111111111,False,True,False,False,False,False,False,False,0.0,144,"['PANW', 'LW']",LW,2023-10-11
Will General Mills (GIS) Accelerate Strategy Aid Amid Cost Woes?,General Mills (GIS) benefits from its Accelerate strategy and favorable net price realization amid cost inflation.,2023-10-11 13:27:00+00:00,https://www.zacks.com/stock/news/2164190/will-general-mills-gis-accelerate-strategy-aid-amid-cost-woes,Zacks Investment Research,0.03333333333333335,0.3333333333333333,neutral,0.03333333333333335,False,False,False,False,False,False,False,False,0.0,180,"['GIS', 'FLO', 'KHC', 'LW']",LW,2023-10-11
The Real Good Food Company (RGF) Announces Q3 Preliminary Results,Real Good Foods (RGF) announces preliminary results for the third quarter of 2023.,2023-10-11 13:28:00+00:00,https://www.zacks.com/stock/news/2164363/the-real-good-food-company-rgf-announces-q3-preliminary-results,Zacks Investment Research,0.6666666666666666,0.6000000000000001,positive,0.6666666666666666,False,False,False,False,False,False,False,False,0.0,149,"['FLO', 'IPAR', 'LW', 'RGF']",LW,2023-10-11
Mondelez's (MDLZ) Latest Innovation Focuses on Key Categories,Mondelez (MDLZ) takes steps to develop Toblerone with groundbreaking formats in core markets. The company has been focused on strengthening its core chocolate and biscuit categories.,2023-10-11 13:39:00+00:00,https://www.zacks.com/stock/news/2164233/mondelezs-mdlz-latest-innovation-focuses-on-key-categories,Zacks Investment Research,0.25,0.95,positive,0.25,False,False,False,False,True,False,False,False,0.2,245,"['FLO', 'MDLZ', 'KHC', 'LW']",LW,2023-10-11
Hormel Foods (HRL) Battles Supply-Chain Issues & High Costs,"Hormel Foods (HRL) continues to operate in a volatile, complex and high-cost environment. Persistent weakness in the International segment is a concern.",2023-10-11 14:05:00+00:00,https://www.zacks.com/stock/news/2164383/hormel-foods-hrl-battles-supply-chain-issues-high-costs,Zacks Investment Research,-0.04666666666666666,0.3133333333333333,neutral,0.04666666666666666,False,False,False,False,False,False,False,False,0.0,213,"['HRL', 'FLO', 'KHC', 'LW']",LW,2023-10-11
3 Solid Profitable Stocks to Invest in Using Net Income Ratio,"NVIDIA (NVDA), Lamb Weston (LW) and Orange County Bancorp (OBT) have been selected as the top picks with a high net income ratio.",2023-10-12 11:41:00+00:00,https://www.zacks.com/stock/news/2164741/3-solid-profitable-stocks-to-invest-in-using-net-income-ratio,Zacks Investment Research,0.132,0.22799999999999998,positive,0.132,True,False,False,False,False,False,False,False,0.0,192,"['NVDA', 'LW', 'OBT']",LW,2023-10-12
TreeHouse Foods' (THS) Pricing Efforts Aid Despite Cost Woes,"TreeHouse Foods' (THS) proactive pricing strategies, expanded product portfolio and strategic growth initiatives position it favorably amid cost challenges.",2023-10-12 11:59:00+00:00,https://www.zacks.com/stock/news/2164771/treehouse-foods-ths-pricing-efforts-aid-despite-cost-woes,Zacks Investment Research,0.0,0.0,neutral,0.0,False,False,False,False,True,False,False,False,0.0,218,"['FLO', 'THS', 'KHC', 'LW']",LW,2023-10-12
"Sysco (SYY) to Buy Edward Don, Recipe for Growth on Track",Sysco (SYY) reveals its intentions to take over Edward Don & Company. This is likely to help Sysco establish a specialty Equipment and Supplies platform.,2023-10-12 13:25:00+00:00,https://www.zacks.com/stock/news/2164808/sysco-syy-to-buy-edward-don-recipe-for-growth-on-track,Zacks Investment Research,0.0,1.0,neutral,0.0,False,True,False,False,False,False,False,False,0.0,212,"['SYY', 'FLO', 'KHC', 'LW']",LW,2023-10-12
"Inter Parfums (IPAR) Blossoms on Solid Products, High Demand",Inter Parfums (IPAR) has been gaining from its focus on launching new products and forming licensing agreements with renowned brands. Robust demand for fragrances is also working well.,2023-10-12 13:47:00+00:00,https://www.zacks.com/stock/news/2164900/inter-parfums-ipar-blossoms-on-solid-products-high-demand,Zacks Investment Research,0.0987878787878788,0.3648484848484848,neutral,0.0987878787878788,True,False,False,False,True,False,False,False,0.0,246,"['FLO', 'IPAR', 'KHC', 'LW']",LW,2023-10-12
Lamb Weston's (LW) Latest Move to Boost Shareholders' Wealth,Lamb Weston (LW) increases its share repurchase authorization to $500 million and targets a dividend payout ratio of 25-35% of net income.,2023-10-12 15:00:00+00:00,https://www.zacks.com/stock/news/2165072/lamb-westons-lw-latest-move-to-boost-shareholders-wealth,Zacks Investment Research,0.25,0.45,positive,0.25,False,False,False,False,False,True,False,False,0.0,200,"['FLO', 'POST', 'KHC', 'LW']",LW,2023-10-12
"Lamb Weston Is A Compelling Investment Opportunity, Says Analyst","Stifel analyst Matthew E. Smith reiterated a Buy rating on Lamb Weston Holdings Inc (NYSE: LW) with an unchanged price target of $115.
Yesterday, the company provided long-term financial targets, reiterated the FY24 outlook, and boosted share repurchase authorization.
Long-term growth targets include low-to-mid single-digit revenue growth, including balanced volume and price/mix contributions, high-single-digit EPS growth, and EBITDA growth of mid-to-high single digits each on an organic basis, noted the analyst.
Industry volumes are expected to grow 2% to 4% through 2027, and industry capacity additions are ...Full story available on Benzinga.com",2023-10-12 18:36:38+00:00,https://www.benzinga.com/analyst-ratings/analyst-color/23/10/35224434/lamb-weston-is-a-compelling-investment-opportunity-says-analyst,Benzinga,0.10571428571428572,0.32285714285714284,positive,0.10571428571428572,True,True,False,False,False,False,False,False,0.0,721,['LW'],LW,2023-10-12
Best Growth Stocks to Buy for October 13th,"PANW, SEM and LW made it to the Zacks Rank #1 (Strong Buy) growth stocks list on October 13, 2023.",2023-10-13 10:27:00+00:00,https://www.zacks.com/commentary/2165345/best-growth-stocks-to-buy-for-october-13th,Zacks Investment Research,0.15833333333333333,0.4833333333333333,positive,0.15833333333333333,False,True,False,False,False,False,False,False,0.0,142,"['PANW', 'SEM', 'LW']",LW,2023-10-13
Here's Why Lamb Weston (LW) is a Strong Growth Stock,The Zacks Style Scores offers investors a way to easily find top-rated stocks based on their investing style. Here's why you should take advantage.,2023-10-13 13:45:07+00:00,https://www.zacks.com/stock/news/2165564/heres-why-lamb-weston-lw-is-a-strong-growth-stock,Zacks Investment Research,0.32222222222222224,0.5222222222222223,positive,0.32222222222222224,False,False,False,False,False,False,False,False,0.0,201,['LW'],LW,2023-10-13
Wall Street Breakfast: What Moved Markets,"Listen on the go! A daily podcast of Wall Street Breakfast will be available this morning on Seeking Alpha, iTunes, Spotify.",2023-10-14 12:18:32+00:00,https://seekingalpha.com/article/4640819-wall-street-breakfast-what-moved-markets,Seeking Alpha,0.2,0.2,positive,0.2,False,False,False,False,False,False,False,False,0.0,167,"['JPM', 'C', 'WFC', 'XOM', 'PXD', 'BIRK', 'SKX', 'CROX', 'SHOO', 'F', 'GM', 'STLA', 'MSFT', 'ATVI', 'NOC', 'MRO', 'HII', 'EOG', 'DVN', 'DVA', 'HRL', 'BAX', 'LW', 'NCLH']",LW,2023-10-14
Is First Trust Consumer Staples AlphaDEX ETF (FXG) a Strong ETF Right Now?,Smart Beta ETF report for FXG,2023-10-16 10:20:06+00:00,https://www.zacks.com/stock/news/2166223/is-first-trust-consumer-staples-alphadex-etf-fxg-a-strong-etf-right-now,Zacks Investment Research,0.29583333333333334,0.5613095238095238,positive,0.29583333333333334,False,False,False,False,False,False,False,False,0.0,105,"['FXG', 'BG', 'DAR', 'XLP', 'VDC', 'LW']",LW,2023-10-16
Why This 1 Value Stock Could Be a Great Addition to Your Portfolio,"Wondering how to pick strong, market-beating stocks for your investment portfolio? Look no further than the Zacks Style Scores.",2023-10-16 13:40:07+00:00,https://www.zacks.com/stock/news/2166430/why-this-1-value-stock-could-be-a-great-addition-to-your-portfolio,Zacks Investment Research,0.41111111111111115,0.6611111111111111,positive,0.41111111111111115,False,False,False,False,False,False,False,False,0.0,195,['LW'],LW,2023-10-16
Best Growth Stocks to Buy for October 17th,"LW, GTLS and NSANY made it to the Zacks Rank #1 (Strong Buy) growth stocks list on October 17, 2023.",2023-10-17 07:03:00+00:00,https://www.zacks.com/commentary/2166838/best-growth-stocks-to-buy-for-october-17th,Zacks Investment Research,0.2111111111111111,0.6444444444444444,positive,0.2111111111111111,False,True,False,False,False,False,False,False,0.0,144,"['GTLS', 'LW']",LW,2023-10-17
$20M Bet On This Biotechnology Stock? Check Out These 3 Stocks Insiders Are Buying,"Although U.S. stocks closed mixed on Tuesday, there were a few notable insider trades.
When insiders purchase shares, it indicates their confidence in the company's prospects or that they view the stock as a bargain. Either way, this signals an opportunity to go long on the stock. Insider purchases should not be taken as the only indicator for making an investment or trading decision. At best, it can lend conviction to a buying decision.
Below is a look at a few recent notable insider purchases. For more, check out  Benzinga's insider transactions  platform.
Cerevel Therapeutics 

The Trade:  Cerevel Therapeutics Holdings, Inc.  (NASDAQ: CERE) Director Joseph Edelman",2023-10-18 11:03:03+00:00,https://www.benzinga.com/trading-ideas/long-ideas/23/10/35304703/20m-bet-on-this-biotechnology-stock-check-out-these-3-stocks-insiders-are-buying,Benzinga,0.17727272727272728,0.36363636363636365,positive,0.17727272727272728,False,True,False,False,False,False,True,False,0.0,759,"['CERE', 'RMAX', 'LW']",LW,2023-10-18
J.M. Smucker's (SJM) Latest Deal to Help Fuel Core Categories,"J.M. Smucker (SJM) inks a deal to divest its Bick's pickles, Habitant pickled beets, Woodman's horseradish and McLarens pickled onions brands to TreeHouse Foods.",2023-10-18 14:05:00+00:00,https://www.zacks.com/stock/news/2168099/jm-smuckers-sjm-latest-deal-to-help-fuel-core-categories,Zacks Investment Research,0.5,0.9,positive,0.5,False,False,False,False,False,False,False,False,0.0,224,"['SJM', 'THS', 'KHC', 'LW']",LW,2023-10-18
Flowers Foods (FLO) Banks on Core Priorities Amid Cost Woes,"Flowers Foods (FLO) benefits from its core priorities, which, along with the benefits derived from pricing strategies, help the company battle cost inflation.",2023-10-18 14:11:00+00:00,https://www.zacks.com/stock/news/2168103/flowers-foods-flo-banks-on-core-priorities-amid-cost-woes,Zacks Investment Research,0.0,0.0,neutral,0.0,False,False,False,False,False,False,False,False,0.0,219,"['SJM', 'FLO', 'KHC', 'LW']",LW,2023-10-18
Lamb Weston (LW) Looks Appetizing on Solid Pricing & Expansion,"Lamb Weston's (LW) global manufacturing footprint, with cutting-edge production capabilities, is yielding. The company's robust pricing actions are yielding.",2023-10-18 15:10:00+00:00,https://www.zacks.com/stock/news/2168284/lamb-weston-lw-looks-appetizing-on-solid-pricing-expansion,Zacks Investment Research,0.06666666666666667,0.2333333333333333,neutral,0.06666666666666667,False,False,False,False,True,False,False,False,0.0,221,"['SJM', 'POST', 'KHC', 'LW']",LW,2023-10-18
Best Growth Stocks to Buy for October 19th,"ASBFY, LW and ELF made it to the Zacks Rank #1 (Strong Buy) growth stocks list on October 19, 2023.",2023-10-19 07:12:00+00:00,https://www.zacks.com/commentary/2168491/best-growth-stocks-to-buy-for-october-19th,Zacks Investment Research,0.2111111111111111,0.6444444444444444,positive,0.2111111111111111,False,True,False,False,False,False,False,False,0.0,143,"['ELF', 'LW']",LW,2023-10-19
Looking for Earnings Beat? 5 Top Stocks to Play,"These top-ranked stocks are likely to beat on the bottom line in their upcoming releases. Tap NVIDIA (NVDA), Stanley Black & Decker (SWK), Lamb Weston (LW), General Electric (GE) and Dutch Bros (BROS).",2023-10-19 12:56:00+00:00,https://www.zacks.com/stock/news/2168827/looking-for-earnings-beat-5-top-stocks-to-play,Zacks Investment Research,0.09583333333333335,0.6083333333333334,neutral,0.09583333333333335,True,False,False,False,True,False,False,False,0.0,250,"['GE', 'SWK', 'NVDA', 'LW', 'BROS']",LW,2023-10-19
"Philip Morris (PM) Ups EPS View on Q3 Earnings Beat, Solid Sales",Philip Morris' (PM) third-quarter 2023 results reflect gains from favorable pricing variance and strong smoke-free unit revenues.,2023-10-19 13:58:00+00:00,https://www.zacks.com/stock/news/2168830/philip-morris-pm-ups-eps-view-on-q3-earnings-beat-solid-sales,Zacks Investment Research,0.21666666666666665,0.41666666666666663,positive,0.21666666666666665,True,False,False,False,False,False,False,False,0.0,195,"['PM', 'SJM', 'KHC', 'LW']",LW,2023-10-19
Hershey (HSY) Keen on Acquisition & Innovation: Stock to Gain?,"Hershey (HSY) is actively diversifying and strengthening its business through strategic acquisitions, production enhancements and a keen focus on evolving consumer preferences.",2023-10-19 14:59:00+00:00,https://www.zacks.com/stock/news/2169098/hershey-hsy-keen-on-acquisition-innovation-stock-to-gain,Zacks Investment Research,-0.13333333333333333,0.6,negative,0.13333333333333333,False,True,False,False,True,False,False,False,0.0,240,"['HSY', 'POST', 'KHC', 'LW']",LW,2023-10-19
"Zacks.com featured highlights NVIDIA, Stanley Black & Decker, Lamb Weston, General Electric and Dutch Bros","NVIDIA, Stanley Black & Decker, Lamb Weston, General Electric and Dutch Bros have been highlighted in this Screen of The Week article.",2023-10-20 14:00:00+00:00,https://www.zacks.com/stock/news/2169663/zackscom-featured-highlights-nvidia-stanley-black-decker-lamb-weston-general-electric-and-dutch-bros,Zacks Investment Research,-0.05833333333333333,0.4666666666666667,neutral,0.05833333333333333,False,False,False,False,False,False,False,False,0.0,242,"['GE', 'SWK', 'NVDA', 'LW', 'BROS']",LW,2023-10-20
"Bull of the Day: Lamb Weston Holdings, Inc. (LW)",LW stock is sitting at levels that might make investors want to consider diving into the frozen potato producer. Lamb Weston also recently announced plans to boost its dividend payout and stock buybacks...,2023-10-23 08:00:00+00:00,https://www.zacks.com/commentary/2169873/bull-of-the-day-lamb-weston-holdings-inc-lw,Zacks Investment Research,0.0,0.25,neutral,0.0,False,True,False,False,False,True,False,False,0.0,255,"['CAG', 'LW']",LW,2023-10-23
Best Growth Stocks to Buy for October 23rd,"BAESY, ASBFY and LW made it to the Zacks Rank #1 (Strong Buy) growth stocks list on October 23, 2023.",2023-10-23 09:29:00+00:00,https://www.zacks.com/commentary/2170075/best-growth-stocks-to-buy-for-october-23rd,Zacks Investment Research,0.2111111111111111,0.6444444444444444,positive,0.2111111111111111,False,True,False,False,False,False,False,False,0.0,145,['LW'],LW,2023-10-23
Lamb Weston and Clorox have been highlighted as Zacks Bull and Bear of the Day,Lamb Weston and Clorox have been highlighted as Zacks Bull and Bear of the Day.,2023-10-23 12:28:00+00:00,https://www.zacks.com/stock/news/2170135/lamb-weston-and-clorox-have-been-highlighted-as-zacks-bull-and-bear-of-the-day,Zacks Investment Research,0.0,0.0,neutral,0.0,False,False,False,False,False,False,False,False,0.0,159,"['F', 'PCAR', 'CLX', 'ALSN', 'LW']",LW,2023-10-23
Best Growth Stocks to Buy for October 24th,"BAESY, ASBFY and LW made it to the Zacks Rank #1 (Strong Buy) growth stocks list on October 24, 2023.",2023-10-24 10:28:00+00:00,https://www.zacks.com/commentary/2170613/best-growth-stocks-to-buy-for-october-24th,Zacks Investment Research,0.2111111111111111,0.6444444444444444,positive,0.2111111111111111,False,True,False,False,False,False,False,False,0.0,145,['LW'],LW,2023-10-24
"Kimberly-Clark (KMB) Q3 Earnings Beat Estimates, Pricing Aids",Kimberly-Clark's (KMB) third-quarter 2023 results reflect gains from revenue growth management programs like pricing. Management raises guidance for 2023.,2023-10-24 13:42:00+00:00,https://www.zacks.com/stock/news/2170795/kimberly-clark-kmb-q3-earnings-beat-estimates-pricing-aids,Zacks Investment Research,0.0,0.0,neutral,0.0,True,False,False,False,False,False,True,False,0.0,217,"['KMB', 'SJM', 'POST', 'LW']",LW,2023-10-24
Philip Morris' (PM) Efforts to Market IQOS ILUMA Bode Well,Philip Morris (PM) submits PMTAs and MRTPAs for its IQOS ILUMA heated tobacco products.,2023-10-25 12:36:00+00:00,https://www.zacks.com/stock/news/2171366/philip-morris-pm-efforts-to-market-iqos-iluma-bode-well,Zacks Investment Research,0.0,0.0,neutral,0.0,False,False,False,False,True,False,False,False,0.0,147,"['PM', 'SJM', 'POST', 'LW']",LW,2023-10-25
Lamb Weston (LW) is Attracting Investor Attention: Here is What You Should Know,"Lamb Weston (LW) has received quite a bit of attention from Zacks.com users lately. Therefore, it is wise to be aware of the facts that can impact the stock's prospects.",2023-10-25 13:00:07+00:00,https://www.zacks.com/stock/news/2171413/lamb-weston-lw-is-attracting-investor-attention-here-is-what-you-should-know,Zacks Investment Research,0.21666666666666665,0.5833333333333334,positive,0.21666666666666665,False,False,False,False,False,False,False,False,0.0,250,['LW'],LW,2023-10-25
Medifast (MED) Poised on Expansion Initiatives Amid Cost Woes,Medifast (MED) is making significant strides in its digital transformation efforts and expanding its OPTAVIA lifestyle solution to meet the increasing demand in the health and wellness market.,2023-10-25 13:49:00+00:00,https://www.zacks.com/stock/news/2171809/medifast-med-poised-on-expansion-initiatives-amid-cost-woes,Zacks Investment Research,0.1875,0.4375,positive,0.1875,False,False,False,False,False,False,False,False,0.0,255,"['POST', 'MED', 'LW', 'CELH']",LW,2023-10-25
Lamb Weston (LW) is an Incredible Growth Stock: 3 Reasons Why,"Lamb Weston (LW) is well positioned to outperform the market, as it exhibits above-average growth in financials.",2023-10-25 16:45:04+00:00,https://www.zacks.com/stock/news/2171954/lamb-weston-lw-is-an-incredible-growth-stock-3-reasons-why,Zacks Investment Research,0.7,0.95,positive,0.7,False,False,False,False,False,False,False,False,0.0,175,['LW'],LW,2023-10-25
3 Top-Ranked Stocks for Growth Investors to Buy,"Earnings growth typically indicates management decisions are yielding positive results, operations are running smoothly, and efficiency is on the rise, all of which contribute to enhancing shareholder value.",2023-10-25 22:05:00+00:00,https://www.zacks.com/commentary/2172086/3-top-ranked-stocks-for-growth-investors-to-buy,Zacks Investment Research,0.15353535353535355,0.5151515151515151,positive,0.15353535353535355,True,True,False,False,False,False,True,False,0.0,256,"['NVDA', 'ELF', 'LW']",LW,2023-10-25
Best Growth Stocks to Buy for October 26th,"BAESY, ASBFY and LW made it to the Zacks Rank #1 (Strong Buy) growth stocks list on October 26, 2023.",2023-10-26 08:38:00+00:00,https://www.zacks.com/commentary/2172318/best-growth-stocks-to-buy-for-october-26th,Zacks Investment Research,0.2111111111111111,0.6444444444444444,positive,0.2111111111111111,False,True,False,False,False,False,False,False,0.0,145,['LW'],LW,2023-10-26
Altria's (MO) Q3 Earnings Miss Estimates on Soft Volumes,"Altria's (MO) third-quarter 2023 results reflect lower shipment volumes as a result of macroeconomic pressure on ATC behavior. However, pricing remains an upside.",2023-10-26 14:27:00+00:00,https://www.zacks.com/stock/news/2172911/altrias-mo-q3-earnings-miss-estimates-on-soft-volumes,Zacks Investment Research,0.1,0.35,neutral,0.1,True,False,False,False,False,False,False,False,0.0,220,"['MO', 'SJM', 'POST', 'LW']",LW,2023-10-26
4 Safe Stocks to Buy as Consumer Sentiment Continues to Plummet,"Consumer sentiment continues to plummet. Investing in defensive stocks such as PepsiCo (PEP), The J. M. Smucker Company (SJM), The Procter & Gamble Company (PG) and Lamb Weston Holdings (LW) should be safe.",2023-10-27 11:58:00+00:00,https://www.zacks.com/stock/news/2173594/4-safe-stocks-to-buy-as-consumer-sentiment-continues-to-plummet,Zacks Investment Research,0.3333333333333333,0.5,positive,0.3333333333333333,False,True,False,False,False,False,False,False,0.0,271,"['PG', 'PEP', 'SJM', 'LW']",LW,2023-10-27
"Colgate (CL) Beats Q3 Earnings & Sales Estimates, Raises View","Colgate-Palmolive's (CL) third-quarter 2023 organic sales advance 9% y/y, with improvements in the majority of divisions and categories.",2023-10-27 16:07:00+00:00,https://www.zacks.com/stock/news/2173965/colgate-cl-beats-q3-earnings-sales-estimates-raises-view,Zacks Investment Research,0.0,0.0,neutral,0.0,True,False,False,False,False,False,False,False,0.0,199,"['CL', 'SJM', 'LW', 'CELH']",LW,2023-10-27
"Newell (NWL) Earnings Surpass Estimates in Q3, Sales Dip Y/Y",Newell (NWL) reports a sales decline in third-quarter 2023 due to a y/y core sales drop of 9.2%.,2023-10-27 18:03:00+00:00,https://www.zacks.com/stock/news/2174009/newell-nwl-earnings-surpass-estimates-in-q3-sales-dip-yy,Zacks Investment Research,-0.125,0.375,negative,0.125,True,False,False,False,False,False,False,False,0.0,158,"['NWL', 'SJM', 'KHC', 'LW']",LW,2023-10-27
Best Growth Stocks to Buy for October 30th,"BAESY, ASBFY and LW made it to the Zacks Rank #1 (Strong Buy) growth stocks list on October 30, 2023.",2023-10-30 11:05:00+00:00,https://www.zacks.com/commentary/2174225/best-growth-stocks-to-buy-for-october-30th,Zacks Investment Research,0.2111111111111111,0.6444444444444444,positive,0.2111111111111111,False,True,False,False,False,False,False,False,0.0,145,['LW'],LW,2023-10-30
Build-A-Bear Workshop and Boyd Gaming have been highlighted as Zacks Bull and Bear of the Day,Build-A-Bear Workshop and Boyd Gaming are part of the Zacks Bull and Bear of the Day article.,2023-10-30 11:57:00+00:00,https://www.zacks.com/stock/news/2174332/build-a-bear-workshop-and-boyd-gaming-have-been-highlighted-as-zacks-bull-and-bear-of-the-day,Zacks Investment Research,0.0,0.0,neutral,0.0,False,False,False,False,False,False,False,False,0.0,188,"['PEP', 'SJM', 'BYD', 'BBW', 'LW']",LW,2023-10-30
5 Safe Stocks to Buy Amid Uncertainty on Wall Street,"At this juncture, we have narrowed our search to five stocks from defensive sectors like utilities, consumer staples and healthcare. These stocks are: NJR, LW, MCK, PEP, PG.",2023-10-30 12:06:00+00:00,https://www.zacks.com/stock/news/2174375/5-safe-stocks-to-buy-amid-uncertainty-on-wall-street,Zacks Investment Research,0.5,0.5,positive,0.5,False,True,True,False,False,False,False,False,0.0,227,"['PG', 'MCK', 'PEP', 'NJR', 'LW']",LW,2023-10-30
5 Defensive Stocks to Buy Amid Growing Market Volatility,"Markets remain volatile on concerns of a slowing economy. Hence, investing in defensive stocks like Consolidated Water Co. Ltd. (CWCO), Vistra Corp. (VST), Xcel Energy Inc. (XEL), PepsiCo, Inc. (PEP) and Lamb Weston Holdings, Inc. (LW) is a safe bet.",2023-10-30 13:10:00+00:00,https://www.zacks.com/stock/news/2174573/5-defensive-stocks-to-buy-amid-growing-market-volatility,Zacks Investment Research,0.5,0.5,positive,0.5,False,True,False,False,False,False,False,False,0.0,308,"['XEL', 'PEP', 'CWCO', 'LW', 'VST']",LW,2023-10-30
"FEMSA (FMX) Q3 Earnings Beat, Revenues Lag Estimates","FEMSA's (FMX) Q3 results reflect gains from strong top-line growth across its business units, gross margin expansion and the inclusion of Proximity Europe.",2023-10-30 15:00:00+00:00,https://www.zacks.com/stock/news/2174675/femsa-fmx-q3-earnings-beat-revenues-lag-estimates,Zacks Investment Research,0.21666666666666665,0.36666666666666664,positive,0.21666666666666665,True,False,False,False,False,False,False,False,0.0,209,"['FMX', 'SJM', 'LW', 'CELH']",LW,2023-10-30
"The Zacks Analyst Blog Highlights New Jersey Resources, Lamb Weston Holdings, McKesson, PepsiCo and The Procter & Gamble","New Jersey Resources, Lamb Weston Holdings, McKesson, PepsiCo and The Procter & Gamble are part of the Zacks top Analyst Blog.",2023-10-31 11:26:00+00:00,https://www.zacks.com/stock/news/2175199/the-zacks-analyst-blog-highlights-new-jersey-resources-lamb-weston-holdings-mckesson-pepsico-and-the-procter-gamble,Zacks Investment Research,0.25757575757575757,0.4696969696969697,positive,0.25757575757575757,False,False,False,False,False,False,False,False,0.0,248,"['PG', 'MCK', 'PEP', 'NJR', 'LW']",LW,2023-10-31
Are Consumer Staples Stocks Lagging  Lamb Weston (LW) This Year?,Here is how Lamb Weston (LW) and Constellation Brands (STZ) have performed compared to their sector so far this year.,2023-10-31 13:40:08+00:00,https://www.zacks.com/stock/news/2175413/are-consumer-staples-stocks-lagging-lamb-weston-lw-this-year,Zacks Investment Research,0.1,1.0,neutral,0.1,False,False,True,False,False,False,False,False,0.0,183,"['LW', 'STZ']",LW,2023-10-31
"Sysco (SYY) Q1 Earnings Top Estimates, Volume Gains a Driver","Sysco's (SYY) first-quarter results reflect sales and earnings growth due to higher volumes, robust margin management and efficient productivity enhancements.",2023-10-31 14:44:00+00:00,https://www.zacks.com/stock/news/2175625/sysco-syy-q1-earnings-top-estimates-volume-gains-a-driver,Zacks Investment Research,0.20833333333333334,0.4583333333333333,positive,0.20833333333333334,True,False,False,False,True,False,True,False,0.0,220,"['SYY', 'THS', 'LW', 'CELH']",LW,2023-10-31
Best Growth Stocks to Buy for November 1st,"BAESY, ASBFY and LW made it to the Zacks Rank #1 (Strong Buy) growth stocks list on November 1, 2023.",2023-11-01 10:53:00+00:00,https://www.zacks.com/commentary/2176057/best-growth-stocks-to-buy-for-november-1st,Zacks Investment Research,0.2111111111111111,0.6444444444444444,positive,0.2111111111111111,False,True,False,False,False,False,False,False,0.0,145,['LW'],LW,2023-11-01
Why Lamb Weston (LW) is a Top Growth Stock for the Long-Term,"Wondering how to pick strong, market-beating stocks for your investment portfolio? Look no further than the Zacks Style Scores.",2023-11-01 13:45:06+00:00,https://www.zacks.com/stock/news/2176327/why-lamb-weston-lw-is-a-top-growth-stock-for-the-long-term,Zacks Investment Research,0.3111111111111111,0.5777777777777778,positive,0.3111111111111111,False,False,False,False,False,False,False,False,0.0,189,['LW'],LW,2023-11-01
Does Lamb Weston (LW) Have the Potential to Rally 39.83% as Wall Street Analysts Expect?,"The consensus price target hints at a 39.8% upside potential for Lamb Weston (LW). While empirical research shows that this sought-after metric is hardly effective, an upward trend in earnings estimate revisions could mean that the stock will witness an upside in the near term.",2023-11-01 13:55:13+00:00,https://www.zacks.com/stock/news/2176360/does-lamb-weston-lw-have-the-potential-to-rally-3983-as-wall-street-analysts-expect,Zacks Investment Research,0.08124999999999999,0.6645833333333334,neutral,0.08124999999999999,True,False,False,False,False,False,False,False,0.0,368,['LW'],LW,2023-11-01
Kraft Heinz (KHC) Raises Profit Guidance on Q3 Earnings Beat,"Kraft Heinz's (KHC) third-quarter 2023 results reflect improved earnings and sales due to higher sales in three key pillars - foodservice, emerging markets and U.S. Retail Grow platforms.",2023-11-01 14:23:00+00:00,https://www.zacks.com/stock/news/2176481/kraft-heinz-khc-raises-profit-guidance-on-q3-earnings-beat,Zacks Investment Research,0.041666666666666664,0.625,neutral,0.041666666666666664,True,False,False,False,False,False,False,False,0.0,249,"['THS', 'KHC', 'LW', 'CELH']",LW,2023-11-01
Mondelez (MDLZ) Ups View on Q3 Earnings Beat: Organic Sales Aid,"Mondelez's (MDLZ) third-quarter 2023 results reflect strength across categories, brands and geographies. Management raises guidance for 2023.",2023-11-02 11:16:00+00:00,https://www.zacks.com/stock/news/2177006/mondelez-mdlz-ups-view-on-q3-earnings-beat-organic-sales-aid,Zacks Investment Research,0.0,0.0,neutral,0.0,True,False,False,False,False,False,True,False,0.0,206,"['THS', 'MDLZ', 'LW', 'CELH']",LW,2023-11-02
This Top Consumer Staples Stock is a #1 (Strong Buy): Why It Should Be on Your Radar,The Zacks Rank offers investors a way to easily find top-rated stocks and build a winning investment portfolio. Here's why you should take advantage.,2023-11-02 13:00:03+00:00,https://www.zacks.com/stock/news/2177120/this-top-consumer-staples-stock-is-a-strong-buy-why-it-should-be-on-your-radar,Zacks Investment Research,0.19444444444444442,0.6194444444444445,positive,0.19444444444444442,False,True,False,False,False,False,False,False,0.0,235,['LW'],LW,2023-11-02
Molson Coors (TAP) Q3 Earnings & Sales Beat on Brand Strength,"Molson Coors' (TAP) Q3 results reflect gains from strength in its core brands and business units, solid pricing, and a favorable sales mix, offset by consumer inflationary pressures.",2023-11-02 15:42:00+00:00,https://www.zacks.com/stock/news/2177581/molson-coors-tap-q3-earnings-sales-beat-on-brand-strength,Zacks Investment Research,0.0,0.1,neutral,0.0,True,False,False,False,False,False,False,False,0.0,245,"['TAP', 'THS', 'LW', 'CELH']",LW,2023-11-02
Best Growth Stocks to Buy for November 3rd,"BAESY, ASBFY and LW made it to the Zacks Rank #1 (Strong Buy) growth stocks list on November 3, 2023.",2023-11-03 10:43:00+00:00,https://www.zacks.com/commentary/2177832/best-growth-stocks-to-buy-for-november-3rd,Zacks Investment Research,0.15833333333333333,0.4833333333333333,positive,0.15833333333333333,False,True,False,False,False,False,False,False,0.0,145,['LW'],LW,2023-11-03
"Monster Beverage (MNST) Q3 Earnings Beat, Sales Lag Estimates","Monster Beverage's (MNST) Q3 results reflect gains from a strong brand performance, innovation, product launches and pricing actions amid currency woes.",2023-11-03 15:17:00+00:00,https://www.zacks.com/stock/news/2178290/monster-beverage-mnst-q3-earnings-beat-sales-lag-estimates,Zacks Investment Research,0.4333333333333333,0.7333333333333333,positive,0.4333333333333333,True,False,False,False,True,False,False,False,0.0,215,"['SJM', 'MNST', 'LW', 'CELH']",LW,2023-11-03
5 Growth Stocks That Investors Should Buy in November,"We have narrowed our search to five growth stocks that have solid upside left for the rest of 2023. These are: LW, NVDA, VRT, PINS, APP.",2023-11-07 12:51:00+00:00,https://www.zacks.com/stock/news/2179877/5-growth-stocks-that-investors-should-buy-in-november,Zacks Investment Research,0.0,0.05,neutral,0.0,False,True,False,False,False,False,False,False,0.0,191,"['NVDA', 'APP', 'LW', 'PINS', 'VRT']",LW,2023-11-07
Post Holdings (POST) Announces Preliminary Results for Q4,"Post Holdings' (POST) fourth-quarter fiscal 2023 preliminary results suggest net sales growth of 18.8% and 2% on a year-over-year and sequential basis, respectively.",2023-11-07 13:00:00+00:00,https://www.zacks.com/stock/news/2179886/post-holdings-post-announces-preliminary-results-for-q4,Zacks Investment Research,0.0,0.05,neutral,0.0,False,False,False,False,False,False,False,False,0.0,224,"['FLO', 'POST', 'LW', 'CELH']",LW,2023-11-07
TreeHouse Foods (THS) Stock Tumbles Despite Q3 Earnings Beat,"TreeHouse Foods' (THS) third-quarter fiscal 2023 results reflect gains from pricing actions to counter cost inflation. However, management cuts sales guidance for 2023.",2023-11-07 13:49:00+00:00,https://www.zacks.com/stock/news/2179954/treehouse-foods-ths-stock-tumbles-despite-q3-earnings-beat,Zacks Investment Research,0.0,0.0,neutral,0.0,True,False,False,False,False,False,True,False,0.0,230,"['FLO', 'THS', 'LW', 'CELH']",LW,2023-11-07
Earnings-season winners: 20 companies that have grown sales while improving profit margins,"These 20 earnings-season winners not only grew sales, they showed pricing power for their products and services.",2023-11-07 15:02:00+00:00,https://www.marketwatch.com/story/earnings-season-winners-20-companies-that-have-grown-sales-while-improving-profit-margins-7d4f6532,MarketWatch,0.0,1.0,neutral,0.0,True,False,False,False,True,False,False,False,0.0,204,"['MSFT', 'AAPL', 'AMZN', 'NVDA', 'GOOGL', 'GOOG', 'META', 'TSLA', 'LVS', 'CCL', 'NCLH', 'LW', 'RCL', 'LLY', 'ANET', 'FSLR', 'PODD', 'DXCM', 'NOW', 'PCAR', 'WAB', 'GE', 'CDAY', 'ABNB', 'MDLZ', 'FTNT', 'ROP']",LW,2023-11-07
"Medifast (MED) Q3 Earnings Top Estimates, Revenues Decline Y/Y","Medifast's (MED) Q3 results reflect challenges in customer acquisition. However, cost-reduction efforts and efficiency improvements as part of the ""Fuel for the Future"" plan bode well.",2023-11-07 15:21:00+00:00,https://www.zacks.com/stock/news/2180175/medifast-med-q3-earnings-top-estimates-revenues-decline-yy,Zacks Investment Research,0.25,0.3125,positive,0.25,True,True,False,False,False,False,False,False,0.0,248,"['MED', 'MGPI', 'LW', 'VITL']",LW,2023-11-07
"International Flavors (IFF) Q3 Earnings Beat Estimates, Decline Y/Y",International Flavors' (IFF) Q3 earnings fall year over year as lower volumes offset the impact of higher pricing and productivity gains.,2023-11-07 18:04:00+00:00,https://www.zacks.com/stock/news/2180320/international-flavors-iff-q3-earnings-beat-estimates-decline-yy,Zacks Investment Research,0.08333333333333333,0.16666666666666666,neutral,0.08333333333333333,True,False,False,False,True,False,False,False,0.0,206,"['IFF', 'FLO', 'LW', 'CELH']",LW,2023-11-07
"Top Stock Picks for Week of November 6, 2023",A Top Ranked Homebuilder Exceeding Earnings Estimates and a Food Company Returning Value to Shareholders.,2023-11-07 21:44:00+00:00,https://www.zacks.com/stock/news/2180361/top-stock-picks-for-week-of-november-6-2023,Zacks Investment Research,0.5,0.5,positive,0.5,True,False,False,False,False,False,False,False,0.0,151,"['LW', 'DFH']",LW,2023-11-07
Best Growth Stocks to Buy for November 8th,"LZ, LW and ASBFY made it to the Zacks Rank #1 (Strong Buy) growth stocks list on November 8, 2023.",2023-11-08 12:29:00+00:00,https://www.zacks.com/commentary/2180643/best-growth-stocks-to-buy-for-november-8th,Zacks Investment Research,0.2111111111111111,0.6444444444444444,positive,0.2111111111111111,False,True,False,False,False,False,False,False,0.0,142,"['LZ', 'LW']",LW,2023-11-08
"Hain Celestial (HAIN) Q1 Earnings Beat Estimates, Decline Y/Y",Hain Celestial's (HAIN) first-quarter fiscal 2024 results reflect lackluster performance from its North America segment due to softness in personal care and baby & kids business units.,2023-11-08 12:37:00+00:00,https://www.zacks.com/stock/news/2180652/hain-celestial-hain-q1-earnings-beat-estimates-decline-yy,Zacks Investment Research,-0.0625,0.3375,neutral,0.0625,True,False,False,False,False,False,False,False,0.0,247,"['HAIN', 'FLO', 'MGPI', 'LW']",LW,2023-11-08
The J.M. Smucker's (SJM) Latest Acquisition Expands Portfolio,The J.M. Smucker (SJM) acquires Hostess Brands to increase its presence. Management forms a new strategic business area to support its expanded brand portfolio.,2023-11-08 13:04:00+00:00,https://www.zacks.com/stock/news/2180680/the-jm-smuckers-sjm-latest-acquisition-expands-portfolio,Zacks Investment Research,0.3181818181818182,0.6772727272727272,positive,0.3181818181818182,False,True,False,False,False,False,True,False,0.0,223,"['SJM', 'FLO', 'KHC', 'LW']",LW,2023-11-08
Lamb Weston (LW) Is a Trending Stock: Facts to Know Before Betting on It,"Recently, Zacks.com users have been paying close attention to Lamb Weston (LW). This makes it worthwhile to examine what the stock has in store.",2023-11-08 14:00:06+00:00,https://www.zacks.com/stock/news/2180753/lamb-weston-lw-is-a-trending-stock-facts-to-know-before-betting-on-it,Zacks Investment Research,0.25,0.375,positive,0.25,False,False,False,False,False,False,False,False,0.0,218,['LW'],LW,2023-11-08
Kellanova (K) Stock Up on Former Kellogg's Q3 Earnings Beat,Kellanova (K) delivers third-quarter 2023 results for the company that formerly operated as Kellogg Company. Management offers fourth-quarter guidance for Kellanova.,2023-11-08 15:55:00+00:00,https://www.zacks.com/stock/news/2180973/kellanova-k-stock-up-on-former-kelloggs-q3-earnings-beat,Zacks Investment Research,0.03333333333333333,0.0,neutral,0.03333333333333333,True,False,False,False,False,False,True,False,0.0,226,"['K', 'FLO', 'LW', 'CELH']",LW,2023-11-08
"Inter Parfums (IPAR) Beats on Q3 Earnings, Ups FY23 EPS View","Inter Parfums' (IPAR) robust Q3 performance positions it for continued success, with a strategic focus on innovation, market expansion and prudent financial management in the fragrance industry.",2023-11-08 16:40:00+00:00,https://www.zacks.com/stock/news/2181017/inter-parfums-ipar-beats-on-q3-earnings-ups-fy23-eps-view,Zacks Investment Research,0.15,0.0,positive,0.15,True,False,False,False,True,False,True,False,0.0,256,"['IPAR', 'ELF', 'LW', 'VITL']",LW,2023-11-08
Monster Beverages (MNST) Approves $500M Share Repurchase Plan,Monster Beverages (MNST) approves a share repurchase program worth $500 million. This is likely to strengthen its financial position to stay afloat in this ongoing macroeconomic environment.,2023-11-09 18:03:00+00:00,https://www.zacks.com/stock/news/2181874/monster-beverages-mnst-approves-500m-share-repurchase-plan,Zacks Investment Research,0.075,0.30000000000000004,neutral,0.075,False,False,False,False,False,False,False,False,0.0,253,"['SJM', 'MNST', 'LW', 'CELH']",LW,2023-11-09
Service Corp (SCI) Announces Stock Repurchase Program Expansion,"Service Corp's (SCI) holistic approach, balancing share repurchases and dividends, reflects its commitment to shareholders while maintaining financial sustainability.",2023-11-09 18:08:00+00:00,https://www.zacks.com/stock/news/2181883/service-corp-sci-announces-stock-repurchase-program-expansion,Zacks Investment Research,0.0,0.0,neutral,0.0,False,False,False,False,False,True,False,False,0.0,231,"['SCI', 'MGPI', 'LW', 'VITL']",LW,2023-11-09
"WK Kellogg (KLG) Q3 Earnings Top Estimates, Sales Down Y/Y","WK Kellogg's (KLG) third-quarter 2023 results reflect the rise in earnings. However, net sales decline on reduced volumes.",2023-11-09 18:15:00+00:00,https://www.zacks.com/stock/news/2181890/wk-kellogg-klg-q3-earnings-top-estimates-sales-down-yy,Zacks Investment Research,0.11481481481481481,0.262962962962963,positive,0.11481481481481481,True,False,False,False,False,False,False,False,0.0,182,"['FLO', 'KHC', 'LW', 'KLG']",LW,2023-11-09
5 Must-Buy Profitable Stocks Using Net Income Ratio,"e.l.f. Beauty (ELF), Lamb Weston (LW), Perdoceo Education (PRDO), NVIDIA (NVDA) and VICI Properties (VICI) have been selected as the top picks with a high net income ratio.",2023-11-10 12:20:00+00:00,https://www.zacks.com/stock/news/2182147/5-must-buy-profitable-stocks-using-net-income-ratio,Zacks Investment Research,0.165,0.26,positive,0.165,True,True,False,False,False,False,True,False,0.0,225,"['NVDA', 'ELF', 'LW', 'VICI', 'PRDO']",LW,2023-11-10
"Flowers Foods (FLO) Q3 Earnings Top Estimates, Sales View Down","Flowers Foods' (FLO) third-quarter fiscal 2023 results reflect increased sales on effective pricing actions. However, earnings fall year over year.",2023-11-10 13:54:00+00:00,https://www.zacks.com/stock/news/2182242/flowers-foods-flo-q3-earnings-top-estimates-sales-view-down,Zacks Investment Research,0.3148148148148148,0.5296296296296297,positive,0.3148148148148148,True,False,False,False,False,False,False,False,0.0,211,"['FLO', 'KHC', 'LW', 'CELH']",LW,2023-11-10
General Mills (GIS) Boosts Pet Portfolio With Fera Pets Buyout,"General Mills (GIS) unveils the buyout of Fera Pets, which will introduce health-focused products to its pet portfolio. This move marks the company's foray into the pet supplement space.",2023-11-10 16:57:00+00:00,https://www.zacks.com/stock/news/2182469/general-mills-gis-boosts-pet-portfolio-with-fera-pets-buyout,Zacks Investment Research,0.05000000000000002,0.5,neutral,0.05000000000000002,False,True,False,False,True,False,False,False,0.0,250,"['GIS', 'FLO', 'KHC', 'LW']",LW,2023-11-10
"Zacks.com featured highlights include e.l.f. Beauty, Lamb Weston, Perdoceo Education, NVIDIA and VICI Properties","e.l.f. Beauty, Lamb Weston, Perdoceo Education, NVIDIA and VICI Properties are part of the Zacks Screen of the Week article.",2023-11-13 13:10:00+00:00,https://www.zacks.com/stock/news/2183145/zackscom-featured-highlights-include-elf-beauty-lamb-weston-perdoceo-education-nvidia-and-vici-properties,Zacks Investment Research,0.0,0.0,neutral,0.0,False,False,False,False,False,False,True,False,0.0,238,"['NVDA', 'ELF', 'LW', 'VICI', 'PRDO']",LW,2023-11-13
Here's Why Constellation Brands (STZ) Marches Ahead of Industry,"Despite high packaging and raw material costs, Constellation Brands (STZ) looks well-poised for growth ahead on the back of a solid beer unit, strong demand and the premiumization strategy.",2023-11-13 14:21:00+00:00,https://www.zacks.com/stock/news/2183241/heres-why-constellation-brands-stz-marches-ahead-of-industry,Zacks Investment Research,0.07251282051282051,0.3669743589743589,neutral,0.07251282051282051,False,False,False,False,False,False,False,False,0.0,254,"['SJM', 'STZ', 'LW', 'CELH']",LW,2023-11-13
Lamb Weston (LW) Stock Up on Strategic Pricing & Expansions,Lamb Weston (LW) is benefiting from strategic pricing actions. The company is boosting production capacity to fuel long-term growth.,2023-11-14 13:41:00+00:00,https://www.zacks.com/stock/news/2183847/lamb-weston-lw-stock-up-on-strategic-pricing-expansions,Zacks Investment Research,0.0,0.0,neutral,0.0,False,False,False,False,True,False,False,False,0.0,193,"['POST', 'KHC', 'LW', 'VITL']",LW,2023-11-14
COTY Declares Share Repurchase Authorization Worth $600M,"COTY approves a share repurchase program worth $600 million, bringing the total share repurchase authority close to a substantial $1 billion.",2023-11-14 14:11:00+00:00,https://www.zacks.com/stock/news/2183909/coty-declares-share-repurchase-authorization-worth-600m,Zacks Investment Research,0.19999999999999998,0.31666666666666665,positive,0.19999999999999998,False,False,False,False,False,False,False,False,0.0,199,"['PG', 'COTY', 'POST', 'LW']",LW,2023-11-14
"Energizer (ENR) Q4 Earnings & Sales Beat Estimates, Up Y/Y","Energizer's (ENR) fourth-quarter fiscal 2023 results reflect a 2.6% increase in net sales, driven by solid performance from its Batteries & Lights and Auto Care segments.",2023-11-15 14:35:00+00:00,https://www.zacks.com/stock/news/2184604/energizer-enr-q4-earnings-sales-beat-estimates-up-yy,Zacks Investment Research,0.0,0.05,neutral,0.0,True,False,False,False,False,False,False,False,0.0,230,"['ENR', 'OLLI', 'MGPI', 'LW']",LW,2023-11-15
Church & Dwight (CHD) Gains on Portfolio Strength Amid Cost Woes,"Brand strength, efficient pricing and productivity gains work well for Church & Dwight (CHD) amid cost inflation and high SG&A expenses.",2023-11-16 12:07:00+00:00,https://www.zacks.com/stock/news/2185120/church-dwight-chd-gains-on-portfolio-strength-amid-cost-woes,Zacks Investment Research,0.16,0.5399999999999999,positive,0.16,False,False,False,False,True,False,False,False,0.0,202,"['CHD', 'SYY', 'KHC', 'LW']",LW,2023-11-16
Is Dutch Bros (BROS) Stock Outpacing Its Consumer Staples Peers This Year?,Here is how Dutch Bros (BROS) and Lamb Weston (LW) have performed compared to their sector so far this year.,2023-11-16 14:40:09+00:00,https://www.zacks.com/stock/news/2185332/is-dutch-bros-bros-stock-outpacing-its-consumer-staples-peers-this-year,Zacks Investment Research,0.1,1.0,neutral,0.1,False,False,True,False,False,False,False,False,0.0,184,"['BROS', 'LW']",LW,2023-11-16
"Post Holdings (POST) Q4 Earnings Beat, Sales Increase Y/Y",Post Holdings' (POST) fourth-quarter fiscal 2023 results reflect increased earnings and sales from gains in Post Consumer Brands and Weetabix units.,2023-11-17 16:20:00+00:00,https://www.zacks.com/stock/news/2186130/post-holdings-post-q4-earnings-beat-sales-increase-yy,Zacks Investment Research,0.0,0.0,neutral,0.0,True,False,False,False,False,False,False,False,0.0,207,"['POST', 'KHC', 'LW', 'VITL']",LW,2023-11-17
Sysco (SYY) Shows Promise Courtesy of Recipe for Growth Program,Sysco (SYY) is enhancing its efficiency through supply-chain productivity and structural cost-containment efforts. Its Recipe for Growth strategy is yielding favorably.,2023-11-20 12:07:00+00:00,https://www.zacks.com/stock/news/2186438/sysco-syy-shows-promise-courtesy-of-recipe-for-growth-program,Zacks Investment Research,0.0,0.0,neutral,0.0,False,False,False,False,True,False,False,True,0.0,233,"['SYY', 'POST', 'KHC', 'LW']",LW,2023-11-20
Hain Celestial (HAIN) Displays Strong Prospects Amid Risks,"Hain Celestial (HAIN) is poised to benefit from strategic priorities, strength in the International unit and its focus on operational execution. However, escalating operating expenses remain a concern.",2023-11-20 14:53:00+00:00,https://www.zacks.com/stock/news/2186646/hain-celestial-hain-displays-strong-prospects-amid-risks,Zacks Investment Research,0.21666666666666665,0.36666666666666664,positive,0.21666666666666665,False,False,False,False,False,False,False,False,0.0,261,"['HAIN', 'KHC', 'LW', 'VITL']",LW,2023-11-20
Inter Parfums (IPAR) Gains on Solid Brands & Product Launches,"Inter Parfums (IPAR) appears well-positioned in the booming fragrance market, courtesy of a solid brand portfolio and innovations.",2023-11-20 16:08:00+00:00,https://www.zacks.com/stock/news/2186736/inter-parfums-ipar-gains-on-solid-brands-product-launches,Zacks Investment Research,0.0,0.1,neutral,0.0,False,False,False,False,True,False,False,True,0.0,193,"['IPAR', 'KHC', 'ELF', 'LW']",LW,2023-11-20
Mondelez's (MDLZ) Core Category Strength Aids Amid High Costs,Mondelez (MDLZ) looks well-positioned for growth due to its focus on the core chocolate and biscuit categories. The company's pricing actions help it battle cost inflation.,2023-11-21 12:00:00+00:00,https://www.zacks.com/stock/news/2187053/mondelezs-mdlz-core-category-strength-aids-amid-high-costs,Zacks Investment Research,0.0175,0.45749999999999996,neutral,0.0175,False,False,False,False,False,False,False,False,0.0,235,"['MDLZ', 'POST', 'KHC', 'LW']",LW,2023-11-21
The Zacks Rank Explained: How to Find Strong Buy Consumer Staples Stocks,"Finding strong, market-beating stocks with a positive earnings outlook becomes easier with the Zacks Rank.",2023-11-21 14:00:07+00:00,https://www.zacks.com/stock/news/2187168/the-zacks-rank-explained-how-to-find-strong-buy-consumer-staples-stocks,Zacks Investment Research,-0.10121212121212124,0.7624242424242424,negative,0.10121212121212124,True,True,False,False,False,False,False,False,0.0,180,['LW'],LW,2023-11-21
Lamb Weston (LW) is Attracting Investor Attention: Here is What You Should Know,"Recently, Zacks.com users have been paying close attention to Lamb Weston (LW). This makes it worthwhile to examine what the stock has in store.",2023-11-21 14:00:07+00:00,https://www.zacks.com/stock/news/2187170/lamb-weston-lw-is-attracting-investor-attention-here-is-what-you-should-know,Zacks Investment Research,0.25,0.375,positive,0.25,False,False,False,False,False,False,False,False,0.0,225,['LW'],LW,2023-11-21
"Central Garden & Pet (CENT) Q4 Earnings Top Estimates, Rise Y/Y",Central Garden & Pet's (CENT) fourth-quarter results reflect a net sales increase of 10% in the Pet segment. The company has been taking steps to strengthen its position.,2023-11-21 14:55:00+00:00,https://www.zacks.com/stock/news/2187296/central-garden-pet-cent-q4-earnings-top-estimates-rise-yy,Zacks Investment Research,0.125,0.25,positive,0.125,True,False,False,False,False,False,False,False,0.0,235,"['CENT', 'POST', 'OLLI', 'LW']",LW,2023-11-21
Hormel Foods (HRL) Rewards Investors With Dividend Hike,"Hormel Foods (HRL) hikes its annual dividend by 3% to $1.13 per share, marking its 58th consecutive annual dividend increase.",2023-11-21 15:52:00+00:00,https://www.zacks.com/stock/news/2187352/hormel-foods-hrl-rewards-investors-with-dividend-hike,Zacks Investment Research,0.0,0.0,neutral,0.0,False,False,True,False,False,True,False,False,0.0,182,"['HRL', 'POST', 'KHC', 'LW']",LW,2023-11-21
Why the Market Dipped But Lamb Weston (LW) Gained Today,"In the most recent trading session, Lamb Weston (LW) closed at $98.14, indicating a +0.83% shift from the previous trading day.",2023-11-21 22:50:10+00:00,https://www.zacks.com/stock/news/2187526/why-the-market-dipped-but-lamb-weston-lw-gained-today,Zacks Investment Research,0.05833333333333334,0.25416666666666665,neutral,0.05833333333333334,False,False,False,False,False,False,False,False,0.0,184,['LW'],LW,2023-11-21
Bet on Potential Earnings Beat With 5 Top-Ranked Stocks,"These top-ranked stocks are likely to beat on the bottom line in their upcoming releases. Tap Lamb Weston (LW), The Gap (GPS), NVIDIA (NVDA) Pinterest (PINS) and Block (SQ).",2023-11-22 12:11:00+00:00,https://www.zacks.com/stock/news/2187666/bet-on-potential-earnings-beat-with-5-top-ranked-stocks,Zacks Investment Research,0.0,1.0,neutral,0.0,True,False,False,False,True,False,False,False,0.0,230,"['NVDA', 'GPS', 'SQ', 'LW', 'PINS']",LW,2023-11-22
Inter Parfums (IPAR) Expects Sales & Earnings Growth in 2024,Inter Parfums (IPAR) has been gaining from a solid fragrance market and its focus on innovation. It expects net sales and earnings per share to grow year over year in 2024.,2023-11-22 12:54:00+00:00,https://www.zacks.com/stock/news/2187690/inter-parfums-ipar-expects-sales-earnings-growth-in-2024,Zacks Investment Research,0.0,0.05,neutral,0.0,True,False,False,False,True,False,False,False,0.0,234,"['IPAR', 'POST', 'KHC', 'LW']",LW,2023-11-22
Here's Why Lamb Weston (LW) is a Strong Growth Stock,"Wondering how to pick strong, market-beating stocks for your investment portfolio? Look no further than the Zacks Style Scores.",2023-11-22 14:45:07+00:00,https://www.zacks.com/stock/news/2187873/heres-why-lamb-weston-lw-is-a-strong-growth-stock,Zacks Investment Research,0.28888888888888886,0.6555555555555556,positive,0.28888888888888886,False,False,False,False,False,False,False,False,0.0,181,['LW'],LW,2023-11-22
"Post Holdings (POST) Gains From Acquisitions, SG&A Costs High","Post Holdings (POST) gains from its focus on acquisitions and efficient pricing, which aids the company amid high SG&A costs and supply-chain hurdles.",2023-11-23 10:52:00+00:00,https://www.zacks.com/stock/news/2188206/post-holdings-post-gains-from-acquisitions-sga-costs-high,Zacks Investment Research,0.16,0.5399999999999999,positive,0.16,False,True,False,False,False,False,False,False,0.0,213,"['POST', 'KHC', 'LW', 'VITL']",LW,2023-11-23
4 Grocery Stocks to Boost Your Portfolio on Soaring Sales,"Online grocery sales are increasing, helping stocks like The Kraft Heinz Company (KHC), Lamb Weston Holdings, Inc. (LW), Freshpet, Inc. (FRPT) and Vital Farms, Inc. (VITL).",2023-11-23 13:15:00+00:00,https://www.zacks.com/stock/news/2188290/4-grocery-stocks-to-boost-your-portfolio-on-soaring-sales,Zacks Investment Research,0.1,0.4,neutral,0.1,False,False,False,False,False,False,False,False,0.0,231,"['FRPT', 'KHC', 'LW', 'VITL']",LW,2023-11-23
"E-commerce Efforts Aid United Natural (UNFI), Retail Unit Hurts","United Natural (UNFI) is benefiting from its e-commerce strength thanks to its increased digital solutions. However, the company continues to battle softness in the Retail business.",2023-11-23 16:30:00+00:00,https://www.zacks.com/stock/news/2188601/e-commerce-efforts-aid-united-natural-unfi-retail-unit-hurts,Zacks Investment Research,0.1,0.25,neutral,0.1,False,False,False,False,False,False,False,False,0.0,246,"['UNFI', 'KHC', 'LW', 'VITL']",LW,2023-11-23
"General Mills' (GIS) Strategic Priorities Aid, High Costs Hurt",General Mills (GIS) gains from favorable net price realization and initiatives as part of its Accelerate strategy amid cost inflation.,2023-11-24 12:12:00+00:00,https://www.zacks.com/stock/news/2188859/general-mills-gis-strategic-priorities-aid-high-costs-hurt,Zacks Investment Research,0.065,0.385,neutral,0.065,False,False,False,False,False,False,False,False,0.0,198,"['GIS', 'KHC', 'LW', 'VITL']",LW,2023-11-24
Ollie's Bargain (OLLI) Thrives on Customer-Centric Endeavors,Ollie's Bargain's (OLLI) focus on value-driven merchandise assortments positions it well to capitalize on opportunities in the marketplace.,2023-11-24 13:14:00+00:00,https://www.zacks.com/stock/news/2188892/ollies-bargain-olli-thrives-on-customer-centric-endeavors,Zacks Investment Research,0.0,0.0,neutral,0.0,False,False,False,False,False,False,False,False,0.0,201,"['KR', 'KHC', 'OLLI', 'LW']",LW,2023-11-24
Medifast (MED) Poised on OPTAVIA ACTIVE Line Amid Cost Woes,"Medifast (MED) is proactively positioning itself to tap into the increasing demand for weight loss medications, showcasing a commitment to staying in touch with market trends.",2023-11-24 16:03:00+00:00,https://www.zacks.com/stock/news/2189090/medifast-med-poised-on-optavia-active-line-amid-cost-woes,Zacks Investment Research,-0.13333333333333333,0.6,negative,0.13333333333333333,True,False,False,False,False,False,False,False,0.0,236,"['MED', 'KHC', 'LW', 'CELH']",LW,2023-11-24
Kraft Heinz (KHC) Gains on Pricing Actions & Growth Pillars,Kraft Heinz (KHC) is undertaking strategic pricing initiatives to improve performance. The company has been benefiting from strength in its three key pillars.,2023-11-24 17:15:00+00:00,https://www.zacks.com/stock/news/2189252/kraft-heinz-khc-gains-on-pricing-actions-growth-pillars,Zacks Investment Research,0.0,1.0,neutral,0.0,False,False,False,False,False,False,False,False,0.0,219,"['KHC', 'LW', 'CELH', 'VITL']",LW,2023-11-24
Hershey (HSY) Looks Promising on Pricing Actions & Innovations,Hershey (HSY) continues to invest in its brands and capabilities to drive growth. Management is undertaking strategic pricing initiatives to improve its performance.,2023-11-24 17:17:00+00:00,https://www.zacks.com/stock/news/2189254/hershey-hsy-looks-promising-on-pricing-actions-innovations,Zacks Investment Research,0.2,0.5,positive,0.2,False,False,False,False,True,False,True,False,0.0,229,"['HSY', 'KHC', 'LW', 'VITL']",LW,2023-11-24
"Dividend Champion, Contender, And Challenger Highlights: Week Of November 26","Weekly summary of dividend activity for Dividend Champions, Contenders, Challengers. Read more to see the companies with upcoming ex-dividend dates.",2023-11-27 05:43:37+00:00,https://seekingalpha.com/article/4654239-dividend-champion-contender-and-challenger-highlights-week-of-november-26,Seeking Alpha,0.5,0.5,positive,0.5,False,False,False,False,False,True,False,False,0.0,226,"['ABR', 'ADC', 'ADI', 'AEM', 'AFL', 'AGO', 'AIRC', 'AIT', 'AJG', 'ALE', 'ALL', 'AMNB', 'AMSF', 'AROW', 'ASB', 'ASH', 'ATRI', 'AWK', 'AWR', 'AY', 'BAC', 'BAH', 'BAM', 'BAX', 'BKH', 'BMO', 'BOKF', 'BPRN', 'CARD', 'CARU', 'CASS', 'CBOE', 'CBSH', 'CCBG', 'CFR', 'CGNX', 'CHD', 'CHDN', 'CHE', 'CHRW', 'CMS', 'CNA', 'CNOB', 'CNS', 'COP', 'CPF', 'CSL', 'CSX', 'CTRA', 'CTVA', 'CW', 'DCI', 'DHI', 'DOV', 'EBAY', 'EBMT', 'EBTC', 'EQH', 'ESNT', 'ETR', 'EXPD', 'FCFS', 'FDS', 'FLO', 'FMBH', 'FNCB', 'FRME', 'GAIN', 'GBCI', 'GCBC', 'GOLF', 'GPC', 'GS', 'GWW', 'HBB', 'HD', 'HIG', 'HLI', 'HNI', 'HON', 'HRB', 'HRL', 'HTBI', 'HTH', 'HTLF', 'HUBB', 'HWKN', 'HY', 'IDA', 'IPG', 'ITT', 'JEF', 'JKHY', 'K', 'KLAC', 'KNSL', 'KO', 'KR', 'LANC', 'LAND', 'LARK', 'LCII', 'LCNB', 'LHX', 'LIN', 'LMAT', 'LMT', 'LNN', 'LSTR', 'LW', 'LYB', 'MAN', 'MBCN', 'MBWM', 'MCD', 'MCK', 'MGA', 'MGEE', 'MLM', 'MOFG', 'MSCI', 'MSEX', 'MTB', 'MVBF', 'NBTB', 'NC', 'NKE', 'NNI', 'NPO', 'NSP', 'O', 'OBK', 'OGS', 'ORI', 'OTEX', 'PAYX', 'PEP', 'PFE', 'PFG', 'PFIS', 'PH', 'PII', 'PNW', 'POWI', 'PRGO', 'PSTL', 'PSX', 'QCOM', 'RBA', 'RGA', 'RLI', 'RS', 'RZB', 'RZC', 'SCL', 'SF', 'SFB', 'SHNY', 'SIGI', 'SIRI', 'SJM', 'SJW', 'SLGN', 'SMBC', 'SSNC', 'STAG', 'SWK', 'SWX', 'TAIT', 'TEL', 'TFC', 'TFSL', 'TKR', 'TPL', 'TSN', 'TTEK', 'UBCP', 'UFPI', 'UNH', 'UPS', 'UTL', 'V', 'VMC', 'WCN', 'WEC', 'WM', 'WMS', 'WTIU', 'WTRG', 'WTS', 'ZTS']",LW,2023-11-27
4 Must-Buy Profitable Stocks Using Net Income Ratio,"Lamb Weston (LW), e.l.f. Beauty (ELF), Novo Nordisk (NVO), and NVIDIA (NVDA) have been selected as the top picks with a high net income ratio.",2023-11-27 12:36:00+00:00,https://www.zacks.com/stock/news/2189538/4-must-buy-profitable-stocks-using-net-income-ratio,Zacks Investment Research,0.165,0.26,positive,0.165,True,True,False,False,False,False,False,False,0.0,195,"['NVO', 'NVDA', 'ELF', 'LW']",LW,2023-11-27
Why the Market Dipped But Lamb Weston (LW) Gained Today,"In the closing of the recent trading day, Lamb Weston (LW) stood at $99.68, denoting a +0.47% change from the preceding trading day.",2023-11-27 22:50:10+00:00,https://www.zacks.com/stock/news/2189999/why-the-market-dipped-but-lamb-weston-lw-gained-today,Zacks Investment Research,0.0,0.25,neutral,0.0,False,False,False,False,False,False,False,False,0.0,189,['LW'],LW,2023-11-27
Why You Should Bet on 5 Top-Ranked Stocks With Rising P/E,"Tap four stocks with increasing P/E ratios to try out an out-of-the-box approach. These stocks include AMC Entertainment (AMC), DocuSign (DOCU), Vivid Seats (SEAT), Lamb Weston (LW) and Fiverr International (FVRR).",2023-11-28 12:11:00+00:00,https://www.zacks.com/stock/news/2190129/why-you-should-bet-on-5-top-ranked-stocks-with-rising-pe,Zacks Investment Research,0.0625,0.375,neutral,0.0625,False,False,False,False,False,False,False,False,0.0,273,"['AMC', 'LW', 'DOCU', 'FVRR', 'SEAT']",LW,2023-11-28
Are You a Value Investor? This 1 Stock Could Be the Perfect Pick,"Whether you're a value, growth, or momentum investor, finding strong stocks becomes easier with the Zacks Style Scores, a top feature of the Zacks Premium research service.",2023-11-28 14:40:06+00:00,https://www.zacks.com/stock/news/2190342/are-you-a-value-investor-this-1-stock-could-be-the-perfect-pick,Zacks Investment Research,0.6444444444444445,0.7444444444444445,positive,0.6444444444444445,False,False,False,False,False,False,False,False,0.0,238,['LW'],LW,2023-11-28
Kraft Heinz (KHC) Rewards Shareholders With Buyback Plan,"Kraft Heinz's (KHC) new share repurchase program aligns with its commitment to value creation, profitable growth and shareholder returns amid evolving market conditions.",2023-11-28 16:52:00+00:00,https://www.zacks.com/stock/news/2190454/kraft-heinz-khc-rewards-shareholders-with-buyback-plan,Zacks Investment Research,0.13636363636363635,0.45454545454545453,positive,0.13636363636363635,True,True,False,False,False,True,False,False,0.0,227,"['FRPT', 'KHC', 'LW', 'CELH']",LW,2023-11-28
"Zacks.com featured highlights AMC Entertainment, DocuSign, Vivid Seats, Lamb Weston and Fiverr International","AMC Entertainment, DocuSign, Vivid Seats, Lamb Weston and Fiverr International have been highlighted in this Screen of The Week article.",2023-11-29 08:49:00+00:00,https://www.zacks.com/stock/news/2190594/zackscom-featured-highlights-amc-entertainment-docusign-vivid-seats-lamb-weston-and-fiverr-international,Zacks Investment Research,0.0625,0.375,neutral,0.0625,False,False,False,False,False,False,False,False,0.0,246,"['AMC', 'LW', 'DOCU', 'FVRR', 'SEAT']",LW,2023-11-29
"Hormel Foods (HRL) Q4 Earnings & Sales Lag Estimates, Drop Y/Y","Hormel Foods' (HRL) fourth-quarter fiscal 2023 results reflect soft sales in the Retail and International segments, whereas Foodservice remains strong. The company is on track with its six strategic priorities.",2023-11-29 15:23:00+00:00,https://www.zacks.com/stock/news/2190952/hormel-foods-hrl-q4-earnings-sales-lag-estimates-drop-yy,Zacks Investment Research,0.17777777777777778,0.3611111111111111,positive,0.17777777777777778,True,False,False,False,False,False,False,False,0.0,274,"['HRL', 'KHC', 'LW', 'VITL']",LW,2023-11-29
TreeHouse Foods (THS) Poised on Customer-Centric Excellence,"TreeHouse Foods (THS) is expanding into lucrative markets, refining its portfolio through strategic acquisitions and divestitures, and implementing effective pricing strategies.",2023-11-29 16:14:00+00:00,https://www.zacks.com/stock/news/2190970/treehouse-foods-ths-poised-on-customer-centric-excellence,Zacks Investment Research,0.6,0.8,positive,0.6,False,True,False,False,False,False,False,False,0.0,238,"['FRPT', 'THS', 'LW', 'CELH']",LW,2023-11-29
McCormick (MKC) Rewards Investors With 7.7% Dividend Hike,"McCormick (MKC) continues to uphold its commitment to rewarding its shareholders, as evidenced by its latest dividend increase. The company hikes its dividend rate for the 38th time.",2023-11-29 16:16:00+00:00,https://www.zacks.com/stock/news/2190971/mccormick-mkc-rewards-investors-with-77-dividend-hike,Zacks Investment Research,0.5,0.95,positive,0.5,False,False,False,False,False,True,False,False,0.0,241,"['FRPT', 'MKC', 'LW', 'CELH']",LW,2023-11-29
Tyson Foods (TSN) Fosters Growth With New Production Facility,"Tyson Foods' (TSN) new production facility in Danville, VA, marks its most automated plant to date. It is likely to help the company serve the rising demand for its brand products.",2023-11-30 12:46:00+00:00,https://www.zacks.com/stock/news/2191313/tyson-foods-tsn-fosters-growth-with-new-production-facility,Zacks Investment Research,0.19318181818181818,0.6022727272727273,positive,0.19318181818181818,False,False,False,False,True,False,False,False,0.0,243,"['TSN', 'KHC', 'LW', 'VITL']",LW,2023-11-30
Recession Fears Fade on Dwindling Inflation: 5 Top Picks,"We have narrowed our search to five growth stocks that have solid upside left for 2024. These are: PGR, PINS, PLTR, VRT, LW.",2023-12-01 13:07:00+00:00,https://www.zacks.com/stock/news/2192044/recession-fears-fade-on-dwindling-inflation-5-top-picks,Zacks Investment Research,0.16666666666666666,0.19999999999999998,positive,0.16666666666666666,False,False,False,False,False,False,False,False,0.0,182,"['PGR', 'LW', 'PINS', 'VRT', 'PLTR']",LW,2023-12-01
"The Zacks Analyst Blog Highlights The Progressive, Pinterest, Lamb Weston, Palantir and Vertiv","The Progressive, Pinterest, Lamb Weston, Palantir and Vertiv are included in this Analyst Blog.",2023-12-04 09:47:00+00:00,https://www.zacks.com/stock/news/2192681/the-zacks-analyst-blog-highlights-the-progressive-pinterest-lamb-weston-palantir-and-vertiv,Zacks Investment Research,0.0,0.0,neutral,0.0,False,False,False,False,False,False,False,False,0.0,191,"['PGR', 'LW', 'PINS', 'VRT', 'PLTR']",LW,2023-12-04
Lamb Weston (LW) is Attracting Investor Attention: Here is What You Should Know,"Lamb Weston (LW) has been one of the stocks most watched by Zacks.com users lately. So, it is worth exploring what lies ahead for the stock.",2023-12-04 14:00:05+00:00,https://www.zacks.com/stock/news/2192883/lamb-weston-lw-is-attracting-investor-attention-here-is-what-you-should-know,Zacks Investment Research,0.4,0.3,positive,0.4,False,False,False,False,False,False,False,False,0.0,221,['LW'],LW,2023-12-04
Are Consumer Staples Stocks Lagging  Dutch Bros (BROS) This Year?,Here is how Dutch Bros (BROS) and Lamb Weston (LW) have performed compared to their sector so far this year.,2023-12-04 14:40:08+00:00,https://www.zacks.com/stock/news/2192953/are-consumer-staples-stocks-lagging-dutch-bros-bros-this-year,Zacks Investment Research,0.1,1.0,neutral,0.1,False,False,True,False,False,False,False,False,0.0,175,"['BROS', 'LW']",LW,2023-12-04
Greif (GEF) to Report Q4 Earnings: What's in the Offing?,Greif's (GEF) fourth-quarter fiscal 2023 results are likely to reflect the impacts of lower volumes across its segments.,2023-12-04 16:48:00+00:00,https://www.zacks.com/stock/news/2193095/greif-gef-to-report-q4-earnings-whats-in-the-offing,Zacks Investment Research,0.0,1.0,neutral,0.0,True,False,False,False,False,False,False,False,0.0,178,"['CAKE', 'GEF', 'CASY', 'LW']",LW,2023-12-04
Casey's (CASY) Gains From Its Customer-Centric Approach,"Casey's (CASY) commitment to enhancing customer experiences and boosting operational efficiency, combined with expansion plans, solidifies its position in the convenience store industry.",2023-12-04 16:51:00+00:00,https://www.zacks.com/stock/news/2193098/caseys-casy-gains-from-its-customer-centric-approach,Zacks Investment Research,0.0,0.0,neutral,0.0,False,False,False,False,False,False,False,False,0.0,243,"['TGT', 'CASY', 'LW', 'CELH']",LW,2023-12-04
Post Holdings (POST) to Shut Lancaster Unit to Optimize Network,Post Holdings (POST) will shut down the Post Consumer Brands cereal production unit in Lancaster by September-end.,2023-12-04 16:55:00+00:00,https://www.zacks.com/stock/news/2193101/post-holdings-post-to-shut-lancaster-unit-to-optimize-network,Zacks Investment Research,-0.15555555555555559,0.2888888888888889,negative,0.15555555555555559,False,False,False,False,True,False,False,False,0.0,179,"['POST', 'KHC', 'LW', 'VITL']",LW,2023-12-04
Lamb Weston (LW) Increases Despite Market Slip: Here's What You Need to Know,"Lamb Weston (LW) concluded the recent trading session at $102.46, signifying a +1.53% move from its prior day's close.",2023-12-04 22:50:12+00:00,https://www.zacks.com/stock/news/2193263/lamb-weston-lw-increases-despite-market-slip-heres-what-you-need-to-know,Zacks Investment Research,0.0,0.125,neutral,0.0,False,False,False,False,False,False,False,False,0.0,196,['LW'],LW,2023-12-04
Want Better Returns? Don?t Ignore These 2 Consumer Staples Stocks Set to Beat Earnings,Investors looking for ways to find stocks that are set to beat quarterly earnings estimates should check out the Zacks Earnings ESP.,2023-12-05 13:50:02+00:00,https://www.zacks.com/stock/news/2193481/want-better-returns-dont-ignore-these-2-consumer-staples-stocks-set-to-beat-earnings,Zacks Investment Research,0.5,0.5,positive,0.5,True,False,False,False,False,False,False,False,0.0,220,"['LW', 'IFF']",LW,2023-12-05
Why Lamb Weston (LW) is Poised to Beat Earnings Estimates Again,Lamb Weston (LW) has an impressive earnings surprise history and currently possesses the right combination of the two key ingredients for a likely beat in its next quarterly report.,2023-12-05 17:10:04+00:00,https://www.zacks.com/stock/news/2193744/why-lamb-weston-lw-is-poised-to-beat-earnings-estimates-again,Zacks Investment Research,0.21428571428571427,0.655952380952381,positive,0.21428571428571427,True,False,False,False,False,False,False,False,0.0,246,['LW'],LW,2023-12-05
Lamb Weston (LW) Beats Stock Market Upswing: What Investors Need to Know,"The latest trading day saw Lamb Weston (LW) settling at $102.61, representing a +1.63% change from its previous close.",2023-12-11 22:50:15+00:00,https://www.zacks.com/stock/news/2196443/lamb-weston-lw-beats-stock-market-upswing-what-investors-need-to-know,Zacks Investment Research,0.16666666666666669,0.5333333333333333,positive,0.16666666666666669,False,False,False,False,False,False,False,False,0.0,192,['LW'],LW,2023-12-11
"Mama's Creations, Inc. (MAMA) Q3 Earnings and Revenues Top Estimates","Mama's Creations, Inc. (MAMA) delivered earnings and revenue surprises of 25% and 9.55%, respectively, for the quarter ended October 2023. Do the numbers hold clues to what lies ahead for the stock?",2023-12-12 22:15:02+00:00,https://www.zacks.com/stock/news/2197018/mamas-creations-inc-mama-q3-earnings-and-revenues-top-estimates,Zacks Investment Research,0.25,0.3,positive,0.25,True,False,False,False,False,False,False,False,0.0,268,"['MAMA', 'LW']",LW,2023-12-12
Why You Should Bet on 5 Top-Ranked Stocks With Rising P/E,"Tap five stocks with increasing P/E ratios to try out an out-of-the-box approach. These stocks include The Duckhorn Portfolio (NAPA), PepsiCo (PEP), Lamb Weston (LW), Consolidated Edison (ED) and GameStop (GME).",2023-12-13 11:51:00+00:00,https://www.zacks.com/stock/news/2197152/why-you-should-bet-on-5-top-ranked-stocks-with-rising-pe,Zacks Investment Research,0.0,0.0,neutral,0.0,False,False,False,False,False,False,False,False,0.0,270,"['ED', 'PEP', 'GME', 'LW', 'NAPA']",LW,2023-12-13
Lamb Weston (LW) Crossed Above the 200-Day Moving Average: What That Means for Investors,Good things could be on the horizon when a stock surpasses the 200-day simple moving average. How should investors react?,2023-12-13 14:30:03+00:00,https://www.zacks.com/stock/news/2197330/lamb-weston-lw-crossed-above-the-200-day-moving-average-what-that-means-for-investors,Zacks Investment Research,0.07999999999999999,0.37142857142857144,neutral,0.07999999999999999,False,False,False,False,False,False,False,False,0.0,211,['LW'],LW,2023-12-13
"Is Lamb Weston (LW) a Solid Growth Stock? 3 Reasons to Think ""Yes""","Lamb Weston (LW) possesses solid growth attributes, which could help it handily outperform the market.",2023-12-13 17:45:06+00:00,https://www.zacks.com/stock/news/2197558/is-lamb-weston-lw-a-solid-growth-stock-3-reasons-to-think-yes,Zacks Investment Research,0.19999999999999998,0.3666666666666667,positive,0.19999999999999998,False,False,False,False,False,False,False,False,0.0,170,['LW'],LW,2023-12-13
General Mills (GIS) Q2 Earnings Coming Up: Factors to Note,General Mills' (GIS) second-quarter results are likely to reflect gains from the Accelerate strategy and a moderating inflationary landscape.,2023-12-14 14:19:00+00:00,https://www.zacks.com/stock/news/2197939/general-mills-gis-q2-earnings-coming-up-factors-to-note,Zacks Investment Research,0.03333333333333335,0.6666666666666666,neutral,0.03333333333333335,True,False,True,False,False,False,False,False,0.0,201,"['GIS', 'CL', 'MDLZ', 'LW']",LW,2023-12-14
Here is What to Know Beyond Why Lamb Weston (LW) is a Trending Stock,"Zacks.com users have recently been watching Lamb Weston (LW) quite a bit. Thus, it is worth knowing the facts that could determine the stock's prospects.",2023-12-15 14:00:06+00:00,https://www.zacks.com/stock/news/2198564/here-is-what-to-know-beyond-why-lamb-weston-lw-is-a-trending-stock,Zacks Investment Research,0.15,0.175,positive,0.15,False,False,False,False,False,False,False,False,0.0,223,['LW'],LW,2023-12-15
Lamb Weston (LW) Rewards Investors With a Dividend Hike,"Lamb Weston (LW) hikes its quarterly dividend by 29% to 36 cents per share. The hiked dividend is payable on Mar 1, 2024.",2023-12-18 12:36:00+00:00,https://www.zacks.com/stock/news/2199225/lamb-weston-lw-rewards-investors-with-a-dividend-hike,Zacks Investment Research,0.0,0.0,neutral,0.0,False,False,False,False,False,True,False,False,0.0,178,"['MGPI', 'LW', 'CELH', 'VITL']",LW,2023-12-18
Clorox's (CLX) Growth Strategies Seem Encouraging: Here's Why,"Clorox's (CLX) IGNITE strategy bodes well. The company's pricing and cost-saving initiatives are aiding margins and, in turn, profitability.",2023-12-19 19:11:00+00:00,https://www.zacks.com/stock/news/2200167/cloroxs-clx-growth-strategies-seem-encouraging-heres-why,Zacks Investment Research,0.0,0.0,neutral,0.0,True,False,False,False,False,False,False,False,0.0,203,"['CLX', 'SJM', 'LW', 'CELH']",LW,2023-12-19
Lamb Weston (LW) Stock Falls Amid Market Uptick: What Investors Need to Know,"Lamb Weston (LW) closed at $105.92 in the latest trading session, marking a -1.24% move from the prior day.",2023-12-19 22:50:19+00:00,https://www.zacks.com/stock/news/2200228/lamb-weston-lw-stock-falls-amid-market-uptick-what-investors-need-to-know,Zacks Investment Research,0.13333333333333333,0.3333333333333333,positive,0.13333333333333333,False,False,False,False,False,False,False,False,0.0,185,['LW'],LW,2023-12-19
General Mills (GIS) Beats Q2 Earnings Estimates,"General Mills (GIS) delivered earnings and revenue surprises of 8.70% and 3.71%, respectively, for the quarter ended November 2023. Do the numbers hold clues to what lies ahead for the stock?",2023-12-20 13:10:02+00:00,https://www.zacks.com/stock/news/2200434/general-mills-gis-beats-q2-earnings-estimates,Zacks Investment Research,0.03333333333333335,0.3666666666666667,neutral,0.03333333333333335,True,False,False,False,False,False,False,False,0.0,240,"['GIS', 'LW']",LW,2023-12-20
"Limoneira (LMNR) Reports Q4 Loss, Tops Revenue Estimates","Limoneira (LMNR) delivered earnings and revenue surprises of 0% and 13.01%, respectively, for the quarter ended October 2023. Do the numbers hold clues to what lies ahead for the stock?",2023-12-21 22:15:02+00:00,https://www.zacks.com/stock/news/2201248/limoneira-lmnr-reports-q4-loss-tops-revenue-estimates,Zacks Investment Research,0.0,0.1,neutral,0.0,True,False,False,False,False,False,False,False,0.0,243,"['LMNR', 'LW']",LW,2023-12-21
Lamb Weston (LW) Laps the Stock Market: Here's Why,"Lamb Weston (LW) closed at $108.13 in the latest trading session, marking a +0.58% move from the prior day.",2023-12-28 23:00:17+00:00,https://www.zacks.com/stock/news/2203393/lamb-weston-lw-laps-the-stock-market-heres-why,Zacks Investment Research,0.13333333333333333,0.3333333333333333,positive,0.13333333333333333,False,False,False,False,False,False,False,False,0.0,159,['LW'],LW,2023-12-28
How Will Earnings Estimates Evolve in 2024?,"The economy's resilience in the face of the Fed's extraordinary tightening has been a pleasant surprise. That said, it makes sense for growth to moderate going forward to reflect the cumulative effect of monetary policy tightening.",2023-12-29 16:31:00+00:00,https://www.zacks.com/commentary/2203732/how-will-earnings-estimates-evolve-in-2024,Zacks Investment Research,0.35555555555555557,0.888888888888889,positive,0.35555555555555557,True,False,False,False,False,False,False,False,0.0,276,"['CAG', 'STZ', 'WBA', 'LW']",LW,2023-12-29
"Conagra, Lamb Weston, Walgreens Boots Alliance and Constellation Brands are part of Zacks Earnings Preview","Conagra, Lamb Weston, Walgreens Boots Alliance and Constellation Brands are highlights of Zacks Earnings Preview article.",2024-01-02 12:57:00+00:00,https://www.zacks.com/stock/news/2204345/conagra-lamb-weston-walgreens-boots-alliance-and-constellation-brands-are-part-of-zacks-earnings-preview,Zacks Investment Research,0.0,0.0,neutral,0.0,True,False,False,False,False,False,False,False,0.0,229,"['CAG', 'STZ', 'WBA', 'LW']",LW,2024-01-02
Lamb Weston (LW) Q2 Earnings Coming Up: Factors to Note,Lamb Weston's (LW) second-quarter fiscal 2024 performance is likely to reflect benefits from effective pricing and a solid operating momentum. Capacity expansion efforts are also an upside.,2024-01-02 17:13:00+00:00,https://www.zacks.com/stock/news/2204582/lamb-weston-lw-q2-earnings-coming-up-factors-to-note,Zacks Investment Research,0.19999999999999998,0.6333333333333334,positive,0.19999999999999998,True,False,True,False,False,False,False,False,0.0,246,"['PM', 'CL', 'MDLZ', 'LW']",LW,2024-01-02
"Walgreens, Conagra Brands And 3 Stocks To Watch Heading Into Thursday","With U.S. stock futures trading higher this morning on Thursday, some of the stocks that may grab investor focus today are as follows:

Wall Street expects  Walgreens Boots Alliance, Inc. (NASDAQ: WBA) to report quarterly earnings at 63 cents per share on revenue of $34.86 billion before the opening bell. Walgreens shares fell 4.1% to close at $25.57 on Wednesday.
Cal-Maine Foods, Inc.  (NASDAQ: CALM) reported downbeat ...",2024-01-04 08:28:05+00:00,https://www.benzinga.com/news/earnings/24/01/36484761/walgreens-conagra-brands-and-3-stocks-to-watch-heading-into-thursday,Benzinga,0.275,0.625,positive,0.275,True,False,False,False,False,False,False,False,0.0,497,"['CALM', 'CAG', 'RGP', 'LW', 'WBA']",LW,2024-01-04
Fear & Greed Index Moves To 'Greed' Zone; Nasdaq Tumbles For 4th Consecutive Day,"The CNN Money Fear and Greed index showed a further decline in overall market sentiment, with the index moving to the ""Greed"" zone on Wednesday.
U.S. stocks closed lower on Wednesday following the release of Fed minutes, with the Nasdaq Composite recording losses for a fourth straight session.
The Fed’s latest minutes from the December meeting showed that policymakers acknowledged that interest rates are likely at or near the cycle’s peak, indicating a potential shift in monetary policy as the economic landscape evolves.
Major indices recorded sharp gains last year, with the S&P 500 surging over 24% and the Nasdaq gaining 43% in 2023.
Shares of UniFirst Corporation (NYSE: UNF) fell around 7% on Wednesday after the company released ...",2024-01-04 08:55:54+00:00,https://www.benzinga.com/news/earnings/24/01/36484759/fear-greed-index-moves-to-greed-zone-nasdaq-tumbles-for-4th-consecutive-day,Benzinga,0.05982142857142857,0.4226190476190476,neutral,0.05982142857142857,True,False,True,False,True,False,False,False,0.0,826,"['CAG', 'UNF', 'LW', 'WBA']",LW,2024-01-04
"Lamb Weston Posts Upbeat Results, Joins Omega Therapeutics, Allstate And Other Big Stocks Moving Higher On Thursday","U.S. stocks traded mostly higher, with the Dow Jones index gaining around 150 points on Thursday.
Shares of Lamb Weston Holdings, Inc. (NYSE: LW) rose during Thursday’s session following better-than-expected quarterly results.
Lamb Weston posted adjusted earnings of $1.45 per share, beating market estimates of $1.41 per share. The company’s quarterly sales came in at $1.73 billion versus estimates of $1.70 billion.
Lamb Weston shares gained 4.7% to $109.86 on Thursday.
Here are some other big stocks recording gains in today’s session.

Omega Therapeutics, Inc.  (NASDAQ: OMGA) gained 92.7% to $5.26 after Novo Nordisk entered into a research collaboration with the company.
QuantumScape Corporation (NYSE: QS) jumped 18.5% to $7.70.
Keros Therapeutics, Inc. (NASDAQ: KROS) rose 15.7% to $47.72. Keros Therapeutics priced upsized $140 million public offering of ...",2024-01-04 15:12:36+00:00,https://www.benzinga.com/news/24/01/36491962/lamb-weston-posts-upbeat-results-joins-omega-therapeutics-allstate-and-other-big-stocks-moving-highe,Benzinga,0.145,0.40166666666666667,positive,0.145,True,False,False,False,False,False,False,False,0.0,987,"['RXRX', 'OMGA', 'ARWR', 'INSP', 'ALL', 'SEM', 'AGTI', 'TMC', 'DYN', 'LW', 'QS', 'XERS', 'PTON', 'KROS', 'NKLA', 'MNSO']",LW,2024-01-04
"Lamb Weston (LW) Q2 Earnings & Sales Top Estimates, Up Y/Y",Lamb Weston's (LW) second-quarter fiscal 2024 results reflect increased earnings and sales with gains from robust pricing. Management raises fiscal 2024 bottom-line view.,2024-01-04 16:12:00+00:00,https://www.zacks.com/stock/news/2205759/lamb-weston-lw-q2-earnings-sales-top-estimates-up-yy,Zacks Investment Research,0.5,0.5,positive,0.5,True,False,True,False,False,False,True,False,0.0,230,"['SYY', 'MGPI', 'LW', 'VITL']",LW,2024-01-04
Time to Buy Lamb Weston's (LW) Stock After Solid Quarterly Results?,"After posting favorable results for its fiscal second quarter on Thursday, investors may be wondering if it's time to buy Lamb Weston's (LW) stock.",2024-01-05 01:41:00+00:00,https://www.zacks.com/stock/news/2205979/time-to-buy-lamb-westons-lw-stock-after-solid-quarterly-results,Zacks Investment Research,0.0,0.05,neutral,0.0,False,True,True,False,False,False,False,False,0.0,216,"['LW', 'GIS', 'HRL']",LW,2024-01-05
"Compared to Estimates, Lamb Weston (LW) Q2 Earnings: A Look at Key Metrics","Although the revenue and EPS for Lamb Weston (LW) give a sense of how its business performed in the quarter ended November 2023, it might be worth considering how some key metrics compare with Wall Street estimates and the year-ago numbers.",2024-01-05 03:30:02+00:00,https://www.zacks.com/stock/news/2205995/compared-to-estimates-lamb-weston-lw-q2-earnings-a-look-at-key-metrics,Zacks Investment Research,0.09999999999999999,0.7000000000000001,neutral,0.09999999999999999,True,False,False,False,False,False,False,False,0.0,316,['LW'],LW,2024-01-05
"Stock Market News for Jan 5, 2024",U.S. stock markets closed mostly lower on Thursday following strong labor market data.,2024-01-05 13:07:00+00:00,https://www.zacks.com/stock/news/2206134/stock-market-news-for-jan-5-2024,Zacks Investment Research,0.20833333333333331,0.3583333333333333,positive,0.20833333333333331,False,False,False,False,False,False,False,False,0.0,121,"['CAG', 'SMPL', 'LW']",LW,2024-01-05
These 2 Consumer Staples Stocks Could Beat Earnings: Why They Should Be on Your Radar,Finding stocks expected to beat quarterly earnings estimates becomes an easier task with our Zacks Earnings ESP.,2024-01-05 13:50:06+00:00,https://www.zacks.com/stock/news/2206185/these-2-consumer-staples-stocks-could-beat-earnings-why-they-should-be-on-your-radar,Zacks Investment Research,-0.1,0.4,neutral,0.1,True,False,False,False,False,False,False,False,0.0,199,"['KMB', 'LW']",LW,2024-01-05
Investors Heavily Search Lamb Weston (LW): Here is What You Need to Know,"Zacks.com users have recently been watching Lamb Weston (LW) quite a bit. Thus, it is worth knowing the facts that could determine the stock's prospects.",2024-01-11 14:00:06+00:00,https://www.zacks.com/stock/news/2208817/investors-heavily-search-lamb-weston-lw-here-is-what-you-need-to-know,Zacks Investment Research,0.033333333333333326,0.2833333333333333,neutral,0.033333333333333326,False,False,False,False,False,False,False,False,0.0,227,['LW'],LW,2024-01-11
What Makes Lamb Weston (LW) a New Buy Stock,"Lamb Weston (LW) has been upgraded to a Zacks Rank #2 (Buy), reflecting growing optimism about the company's earnings prospects. This might drive the stock higher in the near term.",2024-01-12 17:00:05+00:00,https://www.zacks.com/stock/news/2209665/what-makes-lamb-weston-lw-a-new-buy-stock,Zacks Investment Research,-0.07840909090909093,0.5636363636363636,neutral,0.07840909090909093,True,True,False,False,False,False,False,False,0.0,225,['LW'],LW,2024-01-12
Lamb Weston (LW) Benefits From Pricing & Expansion Efforts,Lamb Weston's (LW) top line benefits from robust price/mix. The company's efforts to expand capacity enable it to meet rising demand conditions for snacks and fries effectively.,2024-01-15 16:12:00+00:00,https://www.zacks.com/stock/news/2210286/lamb-weston-lw-benefits-from-pricing-expansion-efforts,Zacks Investment Research,0.55,0.65,positive,0.55,False,False,False,False,False,False,False,False,0.0,237,"['SYY', 'INGR', 'LW', 'NOMD']",LW,2024-01-15
"Conagra (CAG) Navigates a Complex Landscape, Hurt by Volumes","Conagra (CAG) witnesses soft volumes due to the slowdown in overall consumption. Additionally, the company has been grappling with cost inflation.",2024-01-17 13:17:00+00:00,https://www.zacks.com/stock/news/2211294/conagra-cag-navigates-a-complex-landscape-hurt-by-volumes,Zacks Investment Research,-0.08124999999999999,0.28125,neutral,0.08124999999999999,False,False,False,False,False,False,False,False,0.0,208,"['CAG', 'SYY', 'INGR', 'LW']",LW,2024-01-17
"The J.M. Smucker (SJM) Gains From Efficient Portfolio, Pricing","The J.M. Smucker (SJM) benefits from its core priorities, which include driving commercial excellence and reshaping its portfolio, among others. Pricing aids amid elevated costs.",2024-01-17 13:21:00+00:00,https://www.zacks.com/stock/news/2211297/the-jm-smucker-sjm-gains-from-efficient-portfolio-pricing,Zacks Investment Research,0.0,0.0,neutral,0.0,False,False,False,False,False,False,False,False,0.0,242,"['SJM', 'SYY', 'INGR', 'LW']",LW,2024-01-17
Tyson Foods (TSN) Up More Than 15% in 3 Months: Here's Why,"Tyson Foods' (TSN) growth strategy is based on three main pillars, including driving growth in the core protein platform. Management is focused on merchandising and advertising to support its brands.",2024-01-17 17:00:00+00:00,https://www.zacks.com/stock/news/2211637/tyson-foods-tsn-up-more-than-15-in-3-months-heres-why,Zacks Investment Research,0.3333333333333333,0.41666666666666663,positive,0.3333333333333333,False,False,False,False,False,False,True,False,0.0,259,"['TSN', 'SYY', 'INGR', 'LW']",LW,2024-01-17
"United Natural (UNFI) Gains on Network Optimization, Automation","United Natural (UNFI) demonstrates strategic growth through network optimization, e-commerce expansion and value creation initiatives despite a modest decline in retail sales.",2024-01-17 17:10:00+00:00,https://www.zacks.com/stock/news/2211649/united-natural-unfi-gains-on-network-optimization-automation,Zacks Investment Research,0.10000000000000002,0.5666666666666668,positive,0.10000000000000002,False,False,False,False,False,False,False,False,0.0,240,"['FRPT', 'SYY', 'UNFI', 'LW']",LW,2024-01-17
3 Reasons Why Growth Investors Shouldn't Overlook Lamb Weston (LW),Lamb Weston (LW) could produce exceptional returns because of its solid growth attributes.,2024-01-17 17:45:03+00:00,https://www.zacks.com/stock/news/2211665/3-reasons-why-growth-investors-shouldnt-overlook-lamb-weston-lw,Zacks Investment Research,0.3333333333333333,0.55,positive,0.3333333333333333,False,False,False,False,False,False,False,False,0.0,158,['LW'],LW,2024-01-17
Inter Parfums' (IPAR) Strategies Poise it for Growth in 2024,"Buoyed by robust momentum in the fragrance space and gains from product newness, Inter Parfums (IPAR) is set to witness another record year in 2024.",2024-01-18 16:20:00+00:00,https://www.zacks.com/stock/news/2212255/inter-parfums-ipar-strategies-poise-it-for-growth-in-2024,Zacks Investment Research,0.0,0.0,neutral,0.0,False,False,False,False,True,False,False,False,0.0,210,"['INGR', 'IPAR', 'ELF', 'LW']",LW,2024-01-18
"Hormel Foods (HRL) is in a Tough Spot for 2024, Hurt by Costs","Hormel Foods (HRL) is battling weakness in the International segment. In addition, inflationary headwinds continue to hurt.",2024-01-22 18:41:00+00:00,https://www.zacks.com/stock/news/2213707/hormel-foods-hrl-is-in-a-tough-spot-for-2024-hurt-by-costs,Zacks Investment Research,-0.19444444444444445,0.4166666666666667,negative,0.19444444444444445,False,False,False,False,False,False,False,False,0.0,186,"['HRL', 'SYY', 'INGR', 'LW']",LW,2024-01-22
"Kimberly-Clark (KMB) Q4 Earnings Lag Estimates, Inflation Hurts",Kimberly-Clark's (KMB) fourth-quarter 2023 results reflect reduced earnings on adverse impact from inflationary headwinds. Management announces a hike in quarterly dividend.,2024-01-24 17:32:00+00:00,https://www.zacks.com/stock/news/2215218/kimberly-clark-kmb-q4-earnings-lag-estimates-inflation-hurts,Zacks Investment Research,0.0,0.0,neutral,0.0,True,False,False,False,False,True,True,False,0.0,238,"['KMB', 'SYY', 'INGR', 'LW']",LW,2024-01-24
9 Upcoming Dividend Increases,Read more about upcoming dividend increases from companies with consistent dividend growth history and compare their returns to SCHD ETF.,2024-01-26 05:32:23+00:00,https://seekingalpha.com/article/4665195-9-upcoming-dividend-increases,Seeking Alpha,0.375,0.375,positive,0.375,False,False,False,False,False,True,False,False,0.0,168,"['APOG', 'EPD', 'LNT', 'FELE', 'FAST', 'AES', 'GHC', 'PNM', 'LW', 'SCHD', 'AESC']",LW,2024-01-26
Expect more deals in the food sector this year as companies grapple with low-volume world,Stifel analysts are expecting food companies to focus on spinoffs or acquisitions this year as they look to boost growth.,2024-01-26 12:45:00+00:00,https://www.marketwatch.com/story/expect-more-deals-in-the-food-sector-this-year-as-companies-grapple-with-low-volume-world-a9014e9d,MarketWatch,0.5,0.5,positive,0.5,False,True,True,False,False,False,False,False,0.0,212,"['K', 'HSY', 'BRBR', 'GIS', 'KHC', 'LW', 'MDLZ', 'POST', 'SMPL', 'VITL', 'WEST', 'CAG', 'CPB', 'HAIN', 'KLG', 'MKC', 'SJM', 'SOVO', 'THS']",LW,2024-01-26
Why Lamb Weston (LW) is a Top Value Stock for the Long-Term,The Zacks Style Scores offers investors a way to easily find top-rated stocks based on their investing style. Here's why you should take advantage.,2024-01-26 14:40:06+00:00,https://www.zacks.com/stock/news/2216507/why-lamb-weston-lw-is-a-top-value-stock-for-the-long-term,Zacks Investment Research,0.3444444444444444,0.4444444444444445,positive,0.3444444444444444,False,False,False,False,False,False,False,False,0.0,208,['LW'],LW,2024-01-26
Kraft Heinz's (KHC) Pricing & Transformation Efforts Solid,"Kraft Heinz (KHC) is benefiting from strength in its three key pillars, namely, Foodservice, Emerging Markets and U.S. Retail Grow platforms.",2024-01-27 03:15:00+00:00,https://www.zacks.com/stock/news/2216724/kraft-heinzs-khc-pricing-transformation-efforts-solid,Zacks Investment Research,0.0,0.55,neutral,0.0,False,False,False,False,False,False,False,False,0.0,201,"['SYY', 'FLO', 'KHC', 'LW']",LW,2024-01-27
"Sysco (SYY) Q2 Earnings Top Estimates, Volume Gains a Driver","Sysco's (SYY) second-quarter results reflect higher sales and earnings on improvements in volume growth, supply chain productivity and efficient implementation of structural cost-cut action.",2024-01-30 19:04:00+00:00,https://www.zacks.com/stock/news/2218226/sysco-syy-q2-earnings-top-estimates-volume-gains-a-driver,Zacks Investment Research,0.2833333333333333,0.3666666666666667,positive,0.2833333333333333,True,False,True,False,True,False,False,False,0.0,252,"['SYY', 'FLO', 'INGR', 'LW']",LW,2024-01-30
"Mondelez (MDLZ) Q4 Earnings & Revenues Beat, Increase Y/Y","Mondelez's (MDLZ) fourth-quarter 2023 results reflect increased net revenues sales and earnings on strength across categories, brands and geographies.",2024-01-31 16:19:00+00:00,https://www.zacks.com/stock/news/2218883/mondelez-mdlz-q4-earnings-revenues-beat-increase-yy,Zacks Investment Research,0.0,0.0,neutral,0.0,True,False,False,False,False,False,False,False,0.0,209,"['FLO', 'INGR', 'MDLZ', 'LW']",LW,2024-01-31
"Altria's (MO) Q4 Earnings Top Estimates, Revenues Decline Y/Y","Altria's (MO) fourth-quarter 2023 results reflect lower cigarette shipment volumes as a result of macroeconomic pressure on ATC behavior. However, pricing remains an upside.",2024-02-01 14:31:00+00:00,https://www.zacks.com/stock/news/2219434/altrias-mo-q4-earnings-top-estimates-revenues-decline-yy,Zacks Investment Research,0.5,0.5,positive,0.5,True,False,False,False,False,False,False,False,0.0,236,"['MO', 'SYY', 'THS', 'LW']",LW,2024-02-01
Why Lamb Weston (LW) is a Top Growth Stock for the Long-Term,"Whether you're a value, growth, or momentum investor, finding strong stocks becomes easier with the Zacks Style Scores, a top feature of the Zacks Premium research service.",2024-02-02 14:45:08+00:00,https://www.zacks.com/stock/news/2220304/why-lamb-weston-lw-is-a-top-growth-stock-for-the-long-term,Zacks Investment Research,0.4777777777777778,0.5777777777777778,positive,0.4777777777777778,False,False,False,False,False,False,False,False,0.0,234,['LW'],LW,2024-02-02
"Church & Dwight (CHD) Tops Q4 Earnings Estimate, Hikes Dividend",Church & Dwight's (CHD) fourth-quarter 2023 results reflect higher sales and earnings on favorable consumer demand. Management announces a 4% hike in the quarterly dividend.,2024-02-02 18:00:00+00:00,https://www.zacks.com/stock/news/2220508/church-dwight-chd-tops-q4-earnings-estimate-hikes-dividend,Zacks Investment Research,0.25,0.5,positive,0.25,True,False,False,False,False,True,True,False,0.0,238,"['CHD', 'FLO', 'INGR', 'LW']",LW,2024-02-02
Lamb Weston (LW) is Attracting Investor Attention: Here is What You Should Know,"Recently, Zacks.com users have been paying close attention to Lamb Weston (LW). This makes it worthwhile to examine what the stock has in store.",2024-02-06 14:00:06+00:00,https://www.zacks.com/stock/news/2221661/lamb-weston-lw-is-attracting-investor-attention-here-is-what-you-should-know,Zacks Investment Research,0.25,0.375,positive,0.25,False,False,False,False,False,False,False,False,0.0,225,['LW'],LW,2024-02-06
COTY Unveils Partnership With Luxury Fashion Brand Marni,"COTY's collaboration with Marni, which will be launched in fiscal 2026, aims to bolster its luxury segment with innovative beauty products, reflecting its strategy for growth and market expansion.",2024-02-06 15:14:00+00:00,https://www.zacks.com/stock/news/2221880/coty-unveils-partnership-with-luxury-fashion-brand-marni,Zacks Investment Research,0.5,1.0,positive,0.5,False,False,False,True,True,False,False,False,0.0,254,"['THS', 'IPAR', 'COTY', 'LW']",LW,2024-02-06
"Central Garden & Pet (CENT) Q1 Earnings Top, Margin Expands",Central Garden & Pet's (CENT) first-quarter results reflect a net sales increase of 6% in the Garden segment. The company has been containing costs and simplifying the business.,2024-02-08 12:52:00+00:00,https://www.zacks.com/stock/news/2223123/central-garden-pet-cent-q1-earnings-top-margin-expands,Zacks Investment Research,0.125,0.25,positive,0.125,True,False,False,False,False,False,False,False,0.0,238,"['CENT', 'CASY', 'LW', 'CHWY']",LW,2024-02-08
"Flowers Foods (FLO) Q4 Earnings Match Estimates, Sales Up Y/Y",Flowers Foods' (FLO) fourth-quarter fiscal 2023 results reflect gains from pricing and the Papa Pita acquisition amid soft volumes.,2024-02-09 13:18:00+00:00,https://www.zacks.com/stock/news/2223904/flowers-foods-flo-q4-earnings-match-estimates-sales-up-yy,Zacks Investment Research,0.1,0.35,neutral,0.1,True,True,False,False,False,False,False,False,0.0,194,"['FLO', 'CASY', 'LW', 'CHWY']",LW,2024-02-09
"Service Corporation (SCI) Q4 Earnings Top Estimates, Revenues Up",Service Corporation's (SCI) fourth-quarter 2023 results reflect higher earnings and sales owing to elevated preneed cemetery sales production.,2024-02-13 13:10:00+00:00,https://www.zacks.com/stock/news/2225281/service-corporation-sci-q4-earnings-top-estimates-revenues-up,Zacks Investment Research,0.375,0.5,positive,0.375,True,False,False,False,True,False,False,False,0.0,208,"['CASY', 'SCI', 'LW', 'CHWY']",LW,2024-02-13
Lamb Weston (LW) Gains on Solid Pricing & Expansion Efforts,Lamb Weston's (LW) sturdy balance sheet enables it to boost production capacity and fuel long-term growth. The company's net sales are benefiting from robust price/mix.,2024-02-13 13:54:00+00:00,https://www.zacks.com/stock/news/2225321/lamb-weston-lw-gains-on-solid-pricing-expansion-efforts,Zacks Investment Research,0.0,0.05,neutral,0.0,False,False,False,False,True,False,False,False,0.0,229,"['MDLZ', 'POST', 'LW', 'VITL']",LW,2024-02-13
General Mills' (GIS) HMM Strategy Aids Despite Troubled Pet Unit,"General Mills' (GIS) HMM strategy and innovations position it for growth despite challenges, particularly in the Pet segment.",2024-02-13 14:38:00+00:00,https://www.zacks.com/stock/news/2225465/general-mills-gis-hmm-strategy-aids-despite-troubled-pet-unit,Zacks Investment Research,-0.05833333333333331,0.5833333333333334,neutral,0.05833333333333331,False,False,False,False,True,False,False,False,0.0,191,"['GIS', 'THS', 'IPAR', 'LW']",LW,2024-02-13
Lamb Weston (LW) Stock Declines While Market Improves: Some Information for Investors,"In the closing of the recent trading day, Lamb Weston (LW) stood at $102.85, denoting a -0.72% change from the preceding trading day.",2024-02-14 22:50:14+00:00,https://www.zacks.com/stock/news/2226439/lamb-weston-lw-stock-declines-while-market-improves-some-information-for-investors,Zacks Investment Research,0.0,0.25,neutral,0.0,False,False,False,False,False,False,False,False,0.0,220,['LW'],LW,2024-02-14
FEMSA (FMX) Unveils Capital Plan Under Forward Strategy,"FEMSA (FMX) outlines insights into its FEMSA Forward strategy, providing capital allocation plans for the next few years.",2024-02-16 12:57:00+00:00,https://www.zacks.com/stock/news/2227419/femsa-fmx-unveils-capital-plan-under-forward-strategy,Zacks Investment Research,-0.1,0.05,neutral,0.1,False,False,False,False,False,False,False,False,0.0,178,"['FMX', 'TAP', 'SAM', 'LW']",LW,2024-02-16
Service Corp (SCI) Hikes Dividend: What Else Should You Know?,"Service Corp (SCI) announces a dividend increase, showcasing its commitment to delivering value to its shareholders.",2024-02-16 16:40:00+00:00,https://www.zacks.com/stock/news/2227491/service-corp-sci-hikes-dividend-what-else-should-you-know,Zacks Investment Research,0.0,0.0,neutral,0.0,False,False,False,False,False,True,False,False,0.0,179,"['IPAR', 'SCI', 'ELF', 'LW']",LW,2024-02-16
Helen of Troy (HELE) Benefits From Brand Strength & Project Pegasus,"Helen of Troy (HELE) is on track with Project Pegasus, which aims to expand operating margins via improved efficiency and lower costs.",2024-02-19 15:30:00+00:00,https://www.zacks.com/stock/news/2228013/helen-of-troy-hele-benefits-from-brand-strength-project-pegasus,Zacks Investment Research,0.0,0.0,neutral,0.0,False,False,False,False,False,False,False,False,0.0,203,"['HELE', 'IPAR', 'ELF', 'LW']",LW,2024-02-19
Investors Heavily Search Lamb Weston (LW): Here is What You Need to Know,"Zacks.com users have recently been watching Lamb Weston (LW) quite a bit. Thus, it is worth knowing the facts that could determine the stock's prospects.",2024-02-20 14:00:05+00:00,https://www.zacks.com/stock/news/2228417/investors-heavily-search-lamb-weston-lw-here-is-what-you-need-to-know,Zacks Investment Research,0.033333333333333326,0.2833333333333333,neutral,0.033333333333333326,False,False,False,False,False,False,False,False,0.0,227,['LW'],LW,2024-02-20
Post Holdings (POST) Up More Than 20% in 3 Months: Here's Why,Post Holdings (POST) is benefiting from effective pricing actions and contributions from its prudent acquisitions.,2024-02-20 18:29:00+00:00,https://www.zacks.com/stock/news/2228762/post-holdings-post-up-more-than-20-in-3-months-heres-why,Zacks Investment Research,0.55,0.65,positive,0.55,False,True,False,False,False,False,False,False,0.0,177,"['MDLZ', 'POST', 'LW', 'VITL']",LW,2024-02-20
Top 5 Consumer Staples Stocks for a Stable Portfolio in 2024,"We have narrowed our search to five consumer staples stocks with strong growth potential for 2024. These are: TSN, TAP, CHD, CL, LW.",2024-02-21 13:02:00+00:00,https://www.zacks.com/stock/news/2229072/top-5-consumer-staples-stocks-for-a-stable-portfolio-in-2024,Zacks Investment Research,0.3111111111111111,0.7444444444444445,positive,0.3111111111111111,False,False,False,False,False,False,False,False,0.0,194,"['CL', 'CHD', 'TAP', 'TSN', 'LW']",LW,2024-02-21
"Medifast (MED) Q4 Earnings Beat Estimates, Revenues Dip Y/Y","Medifast's (MED) Q4 results reflect the impacts of poor customer acquisition. However, it is showing resilience, banking on its strategic focus on medically supported weight loss, indicating potential for growth.",2024-02-21 17:04:00+00:00,https://www.zacks.com/stock/news/2229533/medifast-med-q4-earnings-beat-estimates-revenues-dip-yy,Zacks Investment Research,-0.13333333333333333,0.5333333333333333,negative,0.13333333333333333,True,True,False,False,False,False,False,False,0.0,273,"['IPAR', 'MED', 'LW', 'VITL']",LW,2024-02-21
"The Zacks Analyst Blog Highlights Molson Coors Beverage, Tyson Foods, Lamb Weston Holdings, Colgate-Palmolive and Church & Dwight","Molson Coors Beverage, Tyson Foods, Lamb Weston Holdings, Colgate-Palmolive and Church & Dwight are included in this Analyst Blog.",2024-02-22 09:29:00+00:00,https://www.zacks.com/stock/news/2229807/the-zacks-analyst-blog-highlights-molson-coors-beverage-tyson-foods-lamb-weston-holdings-colgate-palmolive-and-church-dwight,Zacks Investment Research,0.0,0.0,neutral,0.0,False,False,False,False,False,False,False,False,0.0,261,"['CL', 'CHD', 'TAP', 'TSN', 'LW']",LW,2024-02-22
5 Solid Stocks to Buy on Jump in Online Grocery Sales,"Stocks like Post Holdings (POST), Lancaster Colony (LANC), Lamb Weston (LW), Tyson Foods (TSN) and The Simply Good Foods Company (SMPL) are likely to benefit from the jump in online grocery sales.",2024-02-23 14:31:00+00:00,https://www.zacks.com/stock/news/2230874/5-solid-stocks-to-buy-on-jump-in-online-grocery-sales,Zacks Investment Research,0.2333333333333333,0.5666666666666668,positive,0.2333333333333333,False,True,False,False,False,False,False,False,0.0,251,"['TSN', 'POST', 'SMPL', 'LANC', 'LW']",LW,2024-02-23
5 Consumer Staple Stocks to Buy Amid Ongoing Market Volatility,"Consumer staple stocks like Colgate-Palmolive Company (CL), Church & Dwight Co., Inc. (CHD), Inter Parfums, Inc. (IPAR), Lamb Weston Holdings, Inc. (LW) and Molson Coors Beverage Company (TAP) are a safe bet amid the ongoing market volatility.",2024-02-23 14:32:00+00:00,https://www.zacks.com/stock/news/2230871/5-consumer-staple-stocks-to-buy-amid-ongoing-market-volatility,Zacks Investment Research,0.5,0.5,positive,0.5,False,True,False,False,False,False,False,False,0.0,307,"['CL', 'CHD', 'TAP', 'IPAR', 'LW']",LW,2024-02-23
Here's Why Lamb Weston (LW) is a Strong Value Stock,"Whether you're a value, growth, or momentum investor, finding strong stocks becomes easier with the Zacks Style Scores, a top feature of the Zacks Premium research service.",2024-02-23 14:40:12+00:00,https://www.zacks.com/stock/news/2230934/heres-why-lamb-weston-lw-is-a-strong-value-stock,Zacks Investment Research,0.45555555555555555,0.6555555555555556,positive,0.45555555555555555,False,False,False,False,False,False,False,False,0.0,225,['LW'],LW,2024-02-23
"The Zacks Analyst Blog Highlights Colgate-Palmolive, Church & Dwight, Inter Parfums, Lamb Weston and Molson Coors Beverage","Colgate-Palmolive, Church & Dwight, Inter Parfums, Lamb Weston and Molson Coors Beverage are part of the Zacks top Analyst Blog.",2024-02-26 14:37:00+00:00,https://www.zacks.com/stock/news/2231679/the-zacks-analyst-blog-highlights-colgate-palmolive-church-dwight-inter-parfums-lamb-weston-and-molson-coors-beverage,Zacks Investment Research,0.5,0.5,positive,0.5,False,False,False,False,False,False,False,False,0.0,252,"['CL', 'CHD', 'TAP', 'IPAR', 'LW']",LW,2024-02-26
"FEMSA (FMX) Q4 Earnings Miss Estimates, Revenues Surpass",FEMSA's (FMX) Q4 results reflect gains across its business units and an improved gross margin.,2024-02-26 17:18:00+00:00,https://www.zacks.com/stock/news/2231943/femsa-fmx-q4-earnings-miss-estimates-revenues-surpass,Zacks Investment Research,0.0,0.0,neutral,0.0,True,False,False,False,False,False,False,False,0.0,152,"['FMX', 'TAP', 'MDLZ', 'LW']",LW,2024-02-26
Lamb Weston (LW) Registers a Bigger Fall Than the Market: Important Facts to Note,"In the latest trading session, Lamb Weston (LW) closed at $102.05, marking a -0.6% move from the previous day.",2024-02-26 22:50:09+00:00,https://www.zacks.com/stock/news/2232016/lamb-weston-lw-registers-a-bigger-fall-than-the-market-important-facts-to-note,Zacks Investment Research,0.12666666666666668,0.5333333333333333,positive,0.12666666666666668,False,False,False,False,False,False,False,False,0.2,193,['LW'],LW,2024-02-26
"The J.M. Smucker (SJM) Q3 Earnings Beat Estimates, Volumes Up",The J.M. Smucker's (SJM) third-quarter fiscal 2024 results reflect gains from favorable volumes and positive net price realization.,2024-02-27 14:23:00+00:00,https://www.zacks.com/stock/news/2232354/the-jm-smucker-sjm-q3-earnings-beat-estimates-volumes-up,Zacks Investment Research,0.11363636363636363,0.2727272727272727,positive,0.11363636363636363,True,False,False,False,False,False,False,False,0.0,194,"['SJM', 'POST', 'LW', 'VITL']",LW,2024-02-27
"Freshpet (FRPT) Q4 Earnings Top Estimates, Sales Rise Y/Y","Freshpet's (FRPT) impressive quarterly results, along with strategic improvements and an optimistic 2024 outlook, indicate a bright future for the company.",2024-02-27 15:24:00+00:00,https://www.zacks.com/stock/news/2232542/freshpet-frpt-q4-earnings-top-estimates-sales-rise-yy,Zacks Investment Research,0.55,0.60625,positive,0.55,True,False,False,False,False,False,False,False,0.0,214,"['FRPT', 'IPAR', 'LW', 'VITL']",LW,2024-02-27
"Pilgrim's Pride (PPC) Q4 Earnings Beat Estimates, Rise Y/Y","Pilgrim's Pride (PPC) reports impressive fourth-quarter 2023 results, with earnings and revenues increasing year over year on solid operations across all regions.",2024-02-27 17:27:00+00:00,https://www.zacks.com/stock/news/2232659/pilgrims-pride-ppc-q4-earnings-beat-estimates-rise-yy,Zacks Investment Research,0.5,0.55,positive,0.5,True,False,False,False,False,False,False,False,0.0,222,"['PPC', 'POST', 'LW', 'VITL']",LW,2024-02-27
"B&G Foods (BGS) Q4 Earnings Top Estimates, Sales Decline Y/Y","B&G Foods' (BGS) fourth-quarter fiscal 2023 results reflect the impacts of lower unit volumes stemming from divestitures, whereas moderation of input cost inflation aids.",2024-02-28 10:47:00+00:00,https://www.zacks.com/stock/news/2232877/bg-foods-bgs-q4-earnings-top-estimates-sales-decline-yy,Zacks Investment Research,0.5,0.5,positive,0.5,True,False,False,False,False,False,False,False,0.0,232,"['BGS', 'POST', 'LW', 'VITL']",LW,2024-02-28
"Inter Parfums (IPAR) Lags Q4 Earnings Estimate, Sales Rise Y/Y","Inter Parfums (IPAR) reports fourth-quarter 2023 performance, with earnings declining year over year. Net sales increase on continued demand for its brands.",2024-02-28 12:43:00+00:00,https://www.zacks.com/stock/news/2232976/inter-parfums-ipar-lags-q4-earnings-estimate-sales-rise-yy,Zacks Investment Research,0.0,0.0,neutral,0.0,True,False,False,False,False,False,False,False,0.0,220,"['IPAR', 'POST', 'LW', 'VITL']",LW,2024-02-28
"Boston Beer (SAM) Stock Declines on Q4 Loss, Revenue Miss","Boston Beer's (SAM) Q4 results reflect the impacts of continued soft trends in Truly hard seltzer, which hurt the top line.",2024-02-28 13:34:00+00:00,https://www.zacks.com/stock/news/2233031/boston-beer-sam-stock-declines-on-q4-loss-revenue-miss,Zacks Investment Research,0.10277777777777779,0.46388888888888885,positive,0.10277777777777779,True,False,False,False,False,False,False,False,0.0,182,"['FMX', 'TAP', 'SAM', 'LW']",LW,2024-02-28
Mondelez's (MDLZ) Core Category Strength Aids Amid High Costs,"Mondelez's (MDLZ) emphasis on the snacking category, regular innovation, acquisitions and effective pricing strategies bodes well amid rising costs.",2024-02-29 12:29:00+00:00,https://www.zacks.com/stock/news/2233638/mondelezs-mdlz-core-category-strength-aids-amid-high-costs,Zacks Investment Research,0.25333333333333335,0.4723076923076923,positive,0.25333333333333335,False,True,False,False,True,False,False,False,0.0,211,"['MDLZ', 'POST', 'LW', 'VITL']",LW,2024-02-29
Nu Skin (NUS) Down More Than 25% in 3 Months: Here's Why,"Nu Skin (NUS) is battling macroeconomic challenges, with inflation putting pressure on consumer spending and customer acquisition. Management expects revenues to decline in 2024.",2024-02-29 12:32:00+00:00,https://www.zacks.com/stock/news/2233640/nu-skin-nus-down-more-than-25-in-3-months-heres-why,Zacks Investment Research,0.17222222222222222,0.3944444444444445,positive,0.17222222222222222,True,True,False,False,False,False,True,False,0.0,236,"['NUS', 'POST', 'LW', 'VITL']",LW,2024-02-29
"AB InBev (BUD) Q4 Earnings Beat Estimates, Revenues Miss","AB InBev's (BUD) Q4 results reflect gains from positive business trends on continued consumer demand, investment in its brands and accelerated digital transformation.",2024-02-29 17:42:00+00:00,https://www.zacks.com/stock/news/2234145/ab-inbev-bud-q4-earnings-beat-estimates-revenues-miss,Zacks Investment Research,0.11363636363636363,0.2727272727272727,positive,0.11363636363636363,True,False,False,False,False,False,False,False,0.0,224,"['FMX', 'TAP', 'BUD', 'LW']",LW,2024-02-29
"Hormel Foods (HRL) Q1 Earnings & Sales Beat Estimates, Up Y/Y",Hormel Foods' (HRL) first-quarter fiscal 2024 results reflect increased sales and earnings on the back of the solid Foodservice segment.,2024-03-01 14:27:00+00:00,https://www.zacks.com/stock/news/2234525/hormel-foods-hrl-q1-earnings-sales-beat-estimates-up-yy,Zacks Investment Research,0.0,0.05,neutral,0.0,True,False,False,False,False,False,False,False,0.0,199,"['HRL', 'POST', 'LW', 'VITL']",LW,2024-03-01
COTY Benefits From Solid Beauty Trends and Partnerships,Coty (COTY) is well-positioned to capitalize on favorable beauty trends. The company is making several strategic partnerships to enhance its brand portfolio.,2024-03-01 14:34:00+00:00,https://www.zacks.com/stock/news/2234544/coty-benefits-from-solid-beauty-trends-and-partnerships,Zacks Investment Research,0.0,0.05,neutral,0.0,False,False,False,True,False,False,False,False,0.0,214,"['IPAR', 'COTY', 'ELF', 'LW']",LW,2024-03-01
Lamb Weston (LW) Is a Trending Stock: Facts to Know Before Betting on It,"Zacks.com users have recently been watching Lamb Weston (LW) quite a bit. Thus, it is worth knowing the facts that could determine the stock's prospects.",2024-03-04 14:00:11+00:00,https://www.zacks.com/stock/news/2235212/lamb-weston-lw-is-a-trending-stock-facts-to-know-before-betting-on-it,Zacks Investment Research,0.15,0.175,positive,0.15,False,False,False,False,False,False,False,False,0.0,227,['LW'],LW,2024-03-04
Lamb Weston (LW) Gains As Market Dips: What You Should Know,"Lamb Weston (LW) closed the most recent trading day at $102.24, moving +0.19% from the previous trading session.",2024-03-04 22:50:16+00:00,https://www.zacks.com/stock/news/2235676/lamb-weston-lw-gains-as-market-dips-what-you-should-know,Zacks Investment Research,0.05833333333333334,0.25416666666666665,neutral,0.05833333333333334,False,False,False,False,False,False,False,False,0.0,173,['LW'],LW,2024-03-04
Is It Worth Investing in Lamb Weston (LW) Based on Wall Street's Bullish Views?,"The average brokerage recommendation (ABR) for Lamb Weston (LW) is equivalent to a Buy. The overly optimistic recommendations of Wall Street analysts make the effectiveness of this highly sought-after metric questionable. So, is it worth buying the stock?",2024-03-05 14:30:10+00:00,https://www.zacks.com/stock/news/2235984/is-it-worth-investing-in-lamb-weston-lw-based-on-wall-streets-bullish-views,Zacks Investment Research,0.022,0.42800000000000005,neutral,0.022,False,True,False,False,False,False,False,False,0.0,336,['LW'],LW,2024-03-05
Why Lamb Weston (LW) is a Top Value Stock for the Long-Term,"Whether you're a value, growth, or momentum investor, finding strong stocks becomes easier with the Zacks Style Scores, a top feature of the Zacks Premium research service.",2024-03-11 13:40:11+00:00,https://www.zacks.com/stock/news/2238610/why-lamb-weston-lw-is-a-top-value-stock-for-the-long-term,Zacks Investment Research,0.4777777777777778,0.5777777777777778,positive,0.4777777777777778,False,False,False,False,False,False,False,False,0.0,233,['LW'],LW,2024-03-11
Lamb Weston (LW) Gains As Market Dips: What You Should Know,"Lamb Weston (LW) closed the most recent trading day at $102.20, moving +1% from the previous trading session.",2024-03-11 22:00:18+00:00,https://www.zacks.com/stock/news/2238926/lamb-weston-lw-gains-as-market-dips-what-you-should-know,Zacks Investment Research,0.05833333333333334,0.25416666666666665,neutral,0.05833333333333334,False,False,False,False,False,False,False,False,0.0,170,['LW'],LW,2024-03-11
Here's Why Lamb Weston (LW) is a Strong Momentum Stock,The Zacks Style Scores offers investors a way to easily find top-rated stocks based on their investing style. Here's why you should take advantage.,2024-03-12 13:50:07+00:00,https://www.zacks.com/stock/news/2239283/heres-why-lamb-weston-lw-is-a-strong-momentum-stock,Zacks Investment Research,0.32222222222222224,0.5222222222222223,positive,0.32222222222222224,False,False,False,False,False,False,False,False,0.0,203,['LW'],LW,2024-03-12
Nvidia is no longer Wall Street’s favorite stock. This company is.,"Late in December, Nvidia Corp. topped a list of favorite stocks among analysts working for brokerage firms. But with the stock continuing to soar this year, running the same screen of the S&P 500 produces a different result, with Nvidia no longer even making the top 20.",2024-03-14 14:15:00+00:00,https://www.marketwatch.com/story/nvidia-is-no-longer-wall-streets-favorite-stock-this-company-is-02131ab9,MarketWatch,0.19999999999999998,0.6375000000000001,positive,0.19999999999999998,False,False,False,False,False,False,False,False,0.0,338,"['NVDA', 'UAL', 'FSLR', 'PODD', 'APTV', 'SLB', 'HAL', 'ZTS', 'MGM', 'BKR', 'LW', 'CCL', 'DAL', 'VICI', 'UNH', 'TTWO', 'NWSA', 'LVS', 'SBAC', 'TDY', 'NEE']",LW,2024-03-14
Lamb Weston (LW) Suffers a Larger Drop Than the General Market: Key Insights,"Lamb Weston (LW) closed at $101.33 in the latest trading session, marking a -1.56% move from the prior day.",2024-03-14 21:50:17+00:00,https://www.zacks.com/stock/news/2241047/lamb-weston-lw-suffers-a-larger-drop-than-the-general-market-key-insights,Zacks Investment Research,-0.021428571428571415,0.5285714285714286,neutral,0.021428571428571415,False,False,False,False,False,False,False,False,0.0,185,['LW'],LW,2024-03-14
"With second-quarter results due soon, here are stocks analysts like the most","It’s no secret that lots of analysts like tech behemoths like Amazon.com Inc., Microsoft Corp. and Nvidia Corp. amid the AI gold rush. But as of Friday, they liked one just a bit more, at least based on the percentage of ‘buy’ recommendations: Delta Air Lines Inc.",2024-03-17 14:01:00+00:00,https://www.marketwatch.com/story/with-second-quarter-results-around-the-corner-here-are-the-stocks-that-analysts-like-the-most-9e663529,MarketWatch,0.22916666666666663,0.5458333333333333,positive,0.22916666666666663,False,True,True,False,False,False,False,False,0.0,342,"['DAL', 'AMZN', 'MSFT', 'NVDA', 'TRGP', 'SLB', 'LW', 'ARE', 'NI', 'UBER', 'AAL', 'UAL', 'GIS', 'CHWY', 'WGO', 'THO', 'LULU', 'MU', 'KBH', 'FDX']",LW,2024-03-17
Lamb Weston (LW) is Attracting Investor Attention: Here is What You Should Know,"Recently, Zacks.com users have been paying close attention to Lamb Weston (LW). This makes it worthwhile to examine what the stock has in store.",2024-03-18 13:00:10+00:00,https://www.zacks.com/stock/news/2242005/lamb-weston-lw-is-attracting-investor-attention-here-is-what-you-should-know,Zacks Investment Research,0.25,0.375,positive,0.25,False,False,False,False,False,False,False,False,0.0,225,['LW'],LW,2024-03-18
Lamb Weston (LW) Stock Falls Amid Market Uptick: What Investors Need to Know,"In the closing of the recent trading day, Lamb Weston (LW) stood at $103.18, denoting a -0.59% change from the preceding trading day.",2024-03-20 22:00:18+00:00,https://www.zacks.com/stock/news/2243766/lamb-weston-lw-stock-falls-amid-market-uptick-what-investors-need-to-know,Zacks Investment Research,0.0,0.25,neutral,0.0,False,False,False,False,False,False,False,False,0.0,211,['LW'],LW,2024-03-20
"Scholastic (SCHL) Reports Q3 Loss, Lags Revenue Estimates","Scholastic (SCHL) delivered earnings and revenue surprises of 0% and 1.67%, respectively, for the quarter ended February 2024. Do the numbers hold clues to what lies ahead for the stock?",2024-03-21 21:10:02+00:00,https://www.zacks.com/stock/news/2244438/scholastic-schl-reports-q3-loss-lags-revenue-estimates,Zacks Investment Research,0.0,0.1,neutral,0.0,True,False,False,False,False,False,False,False,0.0,245,"['SCHL', 'LW']",LW,2024-03-21
Wall Street Bulls Look Optimistic About Lamb Weston (LW): Should You Buy?,"The average brokerage recommendation (ABR) for Lamb Weston (LW) is equivalent to a Buy. The overly optimistic recommendations of Wall Street analysts make the effectiveness of this highly sought-after metric questionable. So, is it worth buying the stock?",2024-03-22 13:30:10+00:00,https://www.zacks.com/stock/news/2244755/wall-street-bulls-look-optimistic-about-lamb-weston-lw-should-you-buy,Zacks Investment Research,-0.0475,0.51,neutral,0.0475,False,True,False,False,False,False,False,False,0.0,330,['LW'],LW,2024-03-22
Lamb Weston (LW) Rises As Market Takes a Dip: Key Facts,"In the most recent trading session, Lamb Weston (LW) closed at $103.17, indicating a +0.42% shift from the previous trading day.",2024-03-22 21:50:18+00:00,https://www.zacks.com/stock/news/2245183/lamb-weston-lw-rises-as-market-takes-a-dip-key-facts,Zacks Investment Research,0.046666666666666676,0.4033333333333333,neutral,0.046666666666666676,False,False,False,False,False,False,False,False,0.0,185,['LW'],LW,2024-03-22
Lamb Weston (LW) on Track With Pricing Actions Amid High Costs,"Lamb Weston (LW) is benefiting from effective pricing actions and revenue growth management. However, the company is not immune to cost inflation.",2024-03-25 11:10:00+00:00,https://www.zacks.com/stock/news/2245302/lamb-weston-lw-on-track-with-pricing-actions-amid-high-costs,Zacks Investment Research,0.38,0.6699999999999999,positive,0.38,True,False,False,False,False,False,True,False,0.0,210,"['CAG', 'SYY', 'FLO', 'LW']",LW,2024-03-25
"4 Stocks Trading Well Below Intrinsic Value, Poised for Big Returns",,2024-03-26 12:39:00+00:00,https://www.investing.com/analysis/4-stocks-trading-well-below-intrinsic-value-poised-for-big-returns-200647112,Investing.com,0.0,0.1,neutral,0.0,False,False,False,False,False,False,False,False,0.0,69,"['DAL', 'LUV', 'AAL', 'ALK', 'SLB', 'LW', 'BRBR', 'KHC', 'MDLZ', 'APTV', 'JPM']",LW,2024-03-26
Analysts Estimate Lamb Weston (LW) to Report a Decline in Earnings: What to Look Out for,Lamb Weston (LW) doesn't possess the right combination of the two key ingredients for a likely earnings beat in its upcoming report. Get prepared with the key expectations.,2024-03-28 14:00:07+00:00,https://www.zacks.com/stock/news/2247428/analysts-estimate-lamb-weston-lw-to-report-a-decline-in-earnings-what-to-look-out-for,Zacks Investment Research,0.07142857142857142,0.8839285714285714,neutral,0.07142857142857142,True,False,False,False,False,False,False,False,0.0,262,['LW'],LW,2024-03-28
Lamb Weston (LW) Rises Higher Than Market: Key Facts,"Lamb Weston (LW) concluded the recent trading session at $106.53, signifying a +0.22% move from its prior day's close.",2024-03-28 22:00:18+00:00,https://www.zacks.com/stock/news/2247759/lamb-weston-lw-rises-higher-than-market-key-facts,Zacks Investment Research,0.0625,0.4375,neutral,0.0625,False,False,False,False,False,False,False,False,0.0,172,['LW'],LW,2024-03-28
Lamb Weston (LW) is Attracting Investor Attention: Here is What You Should Know,"Recently, Zacks.com users have been paying close attention to Lamb Weston (LW). This makes it worthwhile to examine what the stock has in store.",2024-03-29 13:00:12+00:00,https://www.zacks.com/stock/news/2247845/lamb-weston-lw-is-attracting-investor-attention-here-is-what-you-should-know,Zacks Investment Research,0.25,0.375,positive,0.25,False,False,False,False,False,False,False,False,0.0,225,['LW'],LW,2024-03-29
Wall Street Breakfast: The Week Ahead,Stay informed with the latest financial news and updates.,2024-03-31 11:38:40+00:00,https://seekingalpha.com/article/4681350-wall-street-breakfast-week-ahead,Seeking Alpha,0.25,0.45,positive,0.25,False,False,False,False,False,False,False,False,0.0,96,"['LEVI', 'BB', 'TSLA', 'DIS', 'PVH', 'CALM', 'PAYX', 'PLAY', 'AYI', 'SPWH', 'LW', 'LNN', 'CAG', 'GBX', 'DJT', 'EME', 'KLG', 'PEGR', 'SIRI', 'ZVIA', 'RYDE', 'LGCL', 'SYT', 'SFWL', 'RDDT', 'BDTX', 'ILMN', 'NEO', 'CARM']",LW,2024-03-31
Lamb Weston (LW) Readies for Q3 Earnings: What to Expect?,Lamb Weston's (LW) third-quarter results are likely to reflect gains from pricing and capacity expansion endeavors amid cost and volume concerns.,2024-04-02 12:40:00+00:00,https://www.zacks.com/stock/news/2248931/lamb-weston-lw-readies-for-q3-earnings-what-to-expect,Zacks Investment Research,0.0,1.0,neutral,0.0,True,False,False,False,False,False,False,False,0.0,204,"['NWL', 'HSY', 'CHD', 'LW']",LW,2024-04-02
"Levi Strauss, Conagra Brands And 3 Stocks To Watch Heading Into Thursday","With U.S. stock futures trading higher this morning on Thursday, some of the stocks that may grab investor focus today are as follows:
Wall Street expects  Conagra Brands, Inc. (NYSE: CAG) to report quarterly earnings at 65 cents per share on revenue of $3.01 billion before the opening bell, according to data from Benzinga Pro. Conagra shares gained 1.2% to $29.41 in after-hours trading.
Levi Strauss & Co.  (NYSE: LEVI) reported upbeat earnings for ...",2024-04-04 05:53:13+00:00,https://www.benzinga.com/news/earnings/24/04/38084045/levi-strauss-conagra-brands-and-3-stocks-to-watch-heading-into-thursday,Benzinga,0.25,0.5,positive,0.25,True,False,False,False,False,False,False,False,0.0,530,"['SLP', 'CAG', 'RPM', 'LW', 'LEVI']",LW,2024-04-04
Investor Optimism Improves; But Dow Falls For Third Session,"The CNN Money Fear and Greed index showed some improvement in overall market sentiment on Wednesday, but it remained in the ""Greed"" zone.
U.S. stocks closed mixed on Wednesday, with the Dow Jones index recording losses for the third consecutive session.
On the economic data front, private businesses in the U.S. added 184,000 workers in March, compared to a revised 155,000 gain in February and topping market estimates of 148,000. The ISM services PMI declined to 51.4 in March, compared to February’s reading of 52.6 and market estimates of 52.7.
Intel Corporation (NASDAQ: INTC) shares dipped more than 8% on Wednesday after the company disclosed its foundry segment ...",2024-04-04 07:56:06+00:00,https://www.benzinga.com/news/earnings/24/04/38084077/investor-optimism-improves-but-dow-falls-for-third-session,Benzinga,0.075,0.178125,neutral,0.075,True,False,True,False,False,False,False,False,0.0,735,"['INTC', 'AYI', 'CAG', 'RPM', 'LW']",LW,2024-04-04
"Simulations Plus Posts Upbeat, Joins Levi Strauss, BlackBerry And Other Big Stocks Moving Higher In Thursday's Pre-Market Session","U.S. stock futures were higher this morning, with the Dow futures gaining by around 90 points on Thursday.
Shares of  Simulations Plus, Inc. (NASDAQ: SLP) rose sharply in today’s pre-market trading after the company posted better-than-expected results for its second quarter.
Simulations Plus posted adjusted earnings of 20 cents per share, beating market estimates of 19 cents per share. The company’s quarterly sales came in at $18.300 million versus expectations of $17.283 million, according to data from Benzinga Pro.
The company also said it sees FY24 earnings of 66 cents to 68 cents per share on revenue ...",2024-04-04 09:18:40+00:00,https://www.benzinga.com/news/24/04/38085469/simulations-plus-posts-upbeat-joins-levi-strauss-blackberry-and-other-big-stocks-moving-higher-in-th,Benzinga,0.12142857142857143,0.45357142857142857,positive,0.12142857142857143,True,False,True,False,False,False,False,False,0.0,746,"['SLP', 'BB', 'MGNX', 'LW', 'ACB', 'CRON', 'LEVI', 'MNMD', 'DXYZ']",LW,2024-04-04
Lamb Weston (LW) Q3 Earnings and Revenues Lag Estimates,"Lamb Weston (LW) delivered earnings and revenue surprises of -14.29% and 10.47%, respectively, for the quarter ended February 2024. Do the numbers hold clues to what lies ahead for the stock?",2024-04-04 13:40:02+00:00,https://www.zacks.com/stock/news/2250453/lamb-weston-lw-q3-earnings-and-revenues-lag-estimates,Zacks Investment Research,0.0,0.1,neutral,0.0,True,False,False,False,False,False,False,False,0.0,248,"['LW', 'POST']",LW,2024-04-04
"Lamb Weston Reports Weak Earnings, Joins Paragon 28, Resources Connection And Other Big Stocks Moving Lower On Thursday","U.S. stocks were higher, with the Dow Jones gaining over 150 points on Thursday.
Shares of  Lamb Weston Holdings, Inc. (NYSE: LW) fell sharply during Thursday’s session after the company reported weak third-quarter results and cut its FY24 outlook.
Lamb Weston posted adjusted earnings of $1.20 per share, missing market estimates of $1.45 per share. The company’s quarterly sales came in at $1.46 billion versus expectations of $1.65 billion, according to data from Benzinga Pro.
Lamb Weston shares tumbled 17.5% to $83.40 on Thursday.
Here are some other big stocks ...",2024-04-04 14:44:23+00:00,https://www.benzinga.com/news/24/04/38093369/lamb-weston-reports-weak-earnings-joins-paragon-28-resources-connection-and-other-big-stocks-moving,Benzinga,-0.11944444444444444,0.3888888888888889,negative,0.11944444444444444,True,False,False,False,False,False,False,False,0.0,692,"['RENT', 'FNA', 'HTZ', 'RGP', 'ALPN', 'GCTS', 'PARA', 'LW', 'AQST', 'SMXT', 'HIMS', 'FAAS']",LW,2024-04-04
"Lamb Weston (LW) Q3 Earnings Lag Estimates, Guidance Lowered","Lamb Weston's (LW) third-quarter fiscal 2024 results reflect the impacts of the implementation of a new enterprise resource planning system in North America and soft restaurant traffic, while pricing aids.",2024-04-04 15:32:00+00:00,https://www.zacks.com/stock/news/2250612/lamb-weston-lw-q3-earnings-lag-estimates-guidance-lowered,Zacks Investment Research,0.11818181818181818,0.4022727272727272,positive,0.11818181818181818,True,False,False,False,False,False,False,False,0.0,267,"['CHEF', 'LW', 'VITL', 'UTZ']",LW,2024-04-04
Why STAAR Surgical Shares Are Trading Higher By Around 13%? Here Are Other Stocks Moving In Thursday's Mid-Day Session,"Shares of  STAAR Surgical Company (NASDAQ: STAA) rose sharply during Thursday’s session after the company issued strong preliminary first-quarter net sales guidance.
STAAR Surgical shares jumped 13.3% to $44.30 on Thursday.
Here are some other stocks moving in today's mid-day session.
Gainers

TC Biopharm (Holdings) Plc (NASDAQ: TCBP) shares climbed 130.1% to $2.9790. TCBP announced execution of non-binding letter of intent for acquisition of NK Platform Technologies.
Allurion Technologies Inc.  (NASDAQ: ALUR) gained 70% to $2.8801 after the company announced the commercial availability of its Virtual Care Suite in the United States. Also, Chardan Capital initiated coverage on the stock with a Buy rating and announced a $5 price target.
Tevogen Bio Holdings Inc. (NASDAQ: TVGN) shares climbed 40.6% to $3.58. Tevogen Bio, on Wednesday, appointed Tapan V Shah as Head of Investor Relations and Corporate Development.
HWH International Inc. (NASDAQ: HWH) gained 38.8% to $2.1765.
Candel Therapeutics, Inc. (NASDAQ: CADL) rose 36.3% to $2.2899 after the company announced interim data from the randomized phase 2 clinical trial of CAN-2409 in non-metastatic prostate cancer.
MacroGenics, Inc. (NASDAQ: MGNX) climbed 27.8% to $17.47. MacroGenics announced TAMARACK study data will not be presented at the ASCO Annual Meeting.
E-Home Household Service Holdings Limited (NASDAQ: EJH) gained 27% to $2.22.
Reliance Global Group, Inc. (NASDAQ: RELI) gained 24.6% to $0.46 after the company reported FY23 earnings.
Simulations Plus, Inc. (NASDAQ: SLP) rose 22.5% to $47.12 after the company posted better-than-expected results for its second quarter.
Vast Renewables Limited (NASDAQ: VSTE) gained 22.3% to $8.81.
Sportsman's Warehouse Holdings, Inc. (NASDAQ: SPWH) gained 21.3% to $3.7950 following a narrower-than-expected quarterly loss.
Gorilla Technology Group Inc. (NASDAQ: GRRR) jumped 19% to $0.8729 after the company reported a year-over-year increase in FY23 sales results.
Levi Strauss & Co.  (NYSE: LEVI) shares rose 18.3% to $22.10 after the company reported upbeat earnings ...",2024-04-04 17:21:21+00:00,https://www.benzinga.com/news/24/04/38097023/why-staar-surgical-shares-are-trading-higher-by-around-13-here-are-other-stocks-moving-in-thursdays,Benzinga,0.09327380952380952,0.435952380952381,neutral,0.09327380952380952,True,True,True,False,False,False,False,False,0.0,2211,"['GCTS', 'ACHL', 'PARA', 'EJH', 'NVX', 'MGNX', 'CADL', 'ABIO', 'SPWH', 'EFTR', 'AXTI', 'HUBS', 'TCBP', 'CASA', 'LW', 'LGVC', 'MSTR', 'EIGR', 'KYCH', 'GRRR', 'RENT', 'ZETA', 'SLNA', 'SLP', 'VSTE', 'KWE', 'STAA', 'FLGC', 'FAAS', 'GTI', 'AQST', 'ALUR', 'MXL', 'RELI', 'TVGN', 'ONMD', 'SMXT', 'HWH', 'BB', 'LEVI', 'XTIA', 'ENPH', 'ADXN', 'DXYZ', 'VIEW', 'KTRA']",LW,2024-04-04
"S&P 500, Nasdaq 100 Eye Record Close As Magnificent 7 Rally, Bitcoin Rebounds: What's Driving Markets Thursday?","Thursday saw U.S. equities embracing a risk-on sentiment, with major averages all showing gains as investors anticipated a potentially slowing labor market pace in March, which could bolster the case for rate cuts starting in June.
Data released this morning revealed a surge in last week’s unemployment claims, exceeding predictions at 221,000 compared to the expected 214,000. Economists anticipate a moderation in nonfarm payrolls from 274,000 in February to 200,000 in March, along with a further easing in average hourly earnings growth from 4.3% to 4.1% year-on-year.
At midday trading in New York, the S&P 500 surged by 0.8% to 5,250 points, poised to achieve a record-high close. Similarly, the Nasdaq 100 rose by 1% to 18,350 points, also on track for a record closing. All S&P 500 sectors traded in the green. 
AI-related stocks outperformed, evidenced by the Global X Artificial Intelligence & Technology ETF (NYSE:Full story available on Benzinga.com",2024-04-04 17:50:02+00:00,https://www.benzinga.com/analyst-ratings/analyst-color/24/04/38097724/s-p-500-nasdaq-100-eye-record-close-as-magnificent-7-rally-bitcoin-rebounds-whats-d,Benzinga,0.0765909090909091,0.4980808080808081,neutral,0.0765909090909091,True,False,True,False,True,False,False,False,0.0,1075,"['QQQ', 'BB', 'DIA', 'ENPH', 'SPY', 'LW', 'TAN', 'META', 'XLI', 'LEVI', 'XLK', 'NKLA', 'XLP', 'XLV', 'XLY', 'FSLR', 'MAGS', 'AIQ', 'CAG', 'RPM', 'TSLA']",LW,2024-04-04
Alerted - Not Alarmed - By Market Pullback,A -2% pullback might be seen as a re-firming of saner valuations considering these myriad issues in play.,2024-04-04 21:54:00+00:00,https://www.zacks.com/stock/news/2250759/alerted---not-alarmed---by-market-pullback,Zacks Investment Research,0.0,0.0,neutral,0.0,False,False,False,False,False,False,False,False,0.2,149,"['ULTA', 'LULU', 'PVH', 'LW']",LW,2024-04-04
Why Lamb Weston Holdings Stock Plunged Today,Lamb Weston blamed a new ERP system for missing estimates this quarter.,2024-04-04 22:16:00+00:00,https://www.fool.com/investing/2024/04/04/why-lamb-weston-holdings-stock-plunged-today/,The Motley Fool,-0.03181818181818183,0.25227272727272726,neutral,0.03181818181818183,False,False,False,False,False,False,False,False,0.0,117,['LW'],LW,2024-04-04
"Company News for Apr 5, 2024","Companies In The News Are: LEVI, LW, CAG, SMPL.",2024-04-05 07:52:00+00:00,https://www.zacks.com/stock/news/2250833/company-news-for-apr-5-2024,Zacks Investment Research,0.0,0.0,neutral,0.0,False,False,False,False,False,False,False,False,0.0,77,"['CAG', 'SMPL', 'LW', 'LEVI']",LW,2024-04-05
Fear & Greed Index Moves To 'Neutral' Zone Ahead Of Jobs Report; Dow Records Worst Session Since March 2023,"The CNN Money Fear and Greed index showed a decline in the overall market sentiment, with the index moving to the ""Neutral"" zone on Thursday.
U.S. stocks closed lower on Thursday, with the Dow Jones index recording its worst session since March 2023 and also logging losses for the fourth straight day.
The S&P 500 fell 2% so far this week, while the 30-stock Dow has declined around 3% week-to-date.
On the economic data front, U.S. jobless claims rose by 11,000 from the previous week’s revised reading to 221,000 on March, the most in two months. U.S. trade deficit increased to $68.9 billion in February versus a revised $67.6 billion gap in the previous ...",2024-04-05 09:36:34+00:00,https://www.benzinga.com/news/earnings/24/04/38104774/fear-greed-index-moves-to-neutral-zone-ahead-of-jobs-report-dow-records-worst-session-since-march-2,Benzinga,-0.06944444444444445,0.45694444444444454,neutral,0.06944444444444445,True,False,False,False,False,False,False,False,0.0,771,"['GBX', 'RPM', 'LW', 'BYRN']",LW,2024-04-05
Wall Street Breakfast: What Moved Markets,The benchmark S&P 500 (SP500) posted its worst weekly performance of the year on Friday as strong economic data tempered rate cut expectations. Read more here.,2024-04-06 10:55:25+00:00,https://seekingalpha.com/article/4682493-wall-street-breakfast,Seeking Alpha,0.03333333333333334,0.6083333333333334,neutral,0.03333333333333334,False,False,False,False,False,False,False,False,0.0,202,"['DIS', 'GE', 'GEV', 'GEHC', 'GOOG', 'GOOGL', 'FSLR', 'MKC', 'FDX', 'DPZ', 'LW', 'ULTA', 'INTC', 'WBA', 'AAL']",LW,2024-04-06
Brokers Suggest Investing in Lamb Weston (LW): Read This Before Placing a Bet,"The average brokerage recommendation (ABR) for Lamb Weston (LW) is equivalent to a Buy. The overly optimistic recommendations of Wall Street analysts make the effectiveness of this highly sought-after metric questionable. So, is it worth buying the stock?",2024-04-08 13:30:10+00:00,https://www.zacks.com/stock/news/2251847/brokers-suggest-investing-in-lamb-weston-lw-read-this-before-placing-a-bet,Zacks Investment Research,-0.0475,0.51,neutral,0.0475,False,True,False,False,False,False,False,False,0.0,334,['LW'],LW,2024-04-08
Lamb Weston (LW) Down More Than 25% in 3 Months: Here's Why,Lamb Weston (LW) is grappling with higher cost inflation for key inputs. Soft restaurant traffic trends pose a threat to its volumes.,2024-04-15 14:49:00+00:00,https://www.zacks.com/stock/news/2255493/lamb-weston-lw-down-more-than-25-in-3-months-heres-why,Zacks Investment Research,0.1388888888888889,0.5277777777777778,positive,0.1388888888888889,False,False,False,False,False,False,False,False,0.0,194,"['CHEF', 'LW', 'VITL', 'UTZ']",LW,2024-04-15
Spring Cleaning: How I Manage My Portfolio And 3 Fantastic Dividend Stocks,Spring is a good time for investors to review and clean up their portfolios. Find out 3 potential dividend (growth) stocks I expect to outperform the market,2024-04-16 11:00:00+00:00,https://seekingalpha.com/article/4683966-how-i-manage-my-portfolio-3-fantastic-dividend-stocks,Seeking Alpha,0.3666666666666667,0.8,positive,0.3666666666666667,False,False,False,False,False,True,False,False,0.0,232,"['ELS', 'LW', 'MCO']",LW,2024-04-16
Is Trending Stock Lamb Weston (LW) a Buy Now?,"Zacks.com users have recently been watching Lamb Weston (LW) quite a bit. Thus, it is worth knowing the facts that could determine the stock's prospects.",2024-04-18 13:00:14+00:00,https://www.zacks.com/stock/news/2257470/is-trending-stock-lamb-weston-lw-a-buy-now,Zacks Investment Research,0.15,0.175,positive,0.15,False,True,False,False,False,False,False,False,0.0,200,['LW'],LW,2024-04-18
1 Magnificent Dividend Stock Down 30% to Buy Right Now Near a Once-in-a-Decade Valuation,"Lamb Weston may not be the most exciting investment, but the world's love for french fries and the company's discounted price may be too appealing to pass up.",2024-04-24 14:30:00+00:00,https://www.fool.com/investing/2024/04/24/1-magnificent-dividend-stock-down-30-to-buy-right/,The Motley Fool,0.33668430335097,0.5138447971781305,positive,0.33668430335097,False,True,False,False,False,True,False,False,0.0,248,['LW'],LW,2024-04-24
A Once-in-a-Decade Opportunity: 3 Magnificent Dividend Stocks Down Between 19% and 28% to Buy Now and Hold Forever,"These three low-volatility, dividend-growth stocks offer the potential to rebound while trading near decade-low valuations.",2024-05-12 07:20:00+00:00,https://www.fool.com/investing/2024/05/12/a-once-in-a-decade-opportunity-3-magnificent-divid/,The Motley Fool,0.28888888888888886,0.7377777777777778,positive,0.28888888888888886,False,True,False,False,False,True,False,False,0.0,239,"['UL', 'HSY', 'LW']",LW,2024-05-12
Lamb Weston (LW) Continues Pricing Strategy Amid Cost Pressures,Lamb Weston (LW) has been capitalizing on a favorable pricing environment amid inflationary headwinds.,2024-05-14 14:41:00+00:00,https://www.zacks.com/stock/news/2273633/lamb-weston-lw-continues-pricing-strategy-amid-cost-pressures,Zacks Investment Research,0.0,0.0,neutral,0.0,False,False,False,False,False,False,False,False,0.0,167,"['SJM', 'MKC', 'LW', 'UTZ']",LW,2024-05-14
Lamb Weston (LW) Counters Cost Challenges With Pricing Strategy,"High input cost inflation and SG&A expenses threaten Lamb Weston's (LW) performance. Nevertheless, a favorable pricing environment is offering respite.",2024-05-22 17:07:00+00:00,https://www.zacks.com/stock/news/2277536/lamb-weston-lw-counters-cost-challenges-with-pricing-strategy,Zacks Investment Research,0.16,0.5399999999999999,positive,0.16,False,False,False,False,False,False,False,False,0.0,216,"['MKC', 'LW', 'VITL', 'UTZ']",LW,2024-05-22
High Yields And Low Multiples - 3 Of My Favorite Dividend Stocks To Buy Right Now,JPMorgan CEO Jamie Dimon warns of prolonged higher interest rates due to inflation concerns. See three undervalued dividend stocks I expect to beat the market.,2024-05-24 11:30:00+00:00,https://seekingalpha.com/article/4695340-high-yields-and-low-multiples-3-of-my-favorite-dividend-stocks-to-buy-right-now,Seeking Alpha,0.17845238095238095,0.5417857142857142,positive,0.17845238095238095,False,True,False,False,False,True,True,False,0.0,242,"['ABBV', 'LW', 'TPZEF']",LW,2024-05-24
"Dividend Champion, Contender, And Challenger Highlights: Week Of May 26","Stay up-to-date on dividend activity, changes, ex-dividend dates, and pay dates for Dividend Champions, Contenders, and Challengers in our weekly summary.",2024-05-25 05:51:36+00:00,https://seekingalpha.com/article/4695629-dividend-champion-contender-challenger-highlights-week-may-26,Seeking Alpha,0.0,0.0,neutral,0.0,False,False,False,False,False,True,False,False,0.0,227,"['EQH', 'FLO', 'HLNE', 'LII', 'LYB', 'MDT', 'MTB', 'NSP', 'O', 'UVV', 'CCFN', 'GFF', 'RBA', 'BEP', 'BPOP', 'CHE', 'FBP', 'GS', 'HD', 'QCOM', 'SSTK', 'TSN', 'XYL', 'ADC', 'ALL', 'ASH', 'AY', 'BAX', 'BIP', 'CBOE', 'CBT', 'CFR', 'CPKF', 'CSX', 'DOV', 'EBAY', 'ESNT', 'EVR', 'FDS', 'GLW', 'HBB', 'HII', 'HUBB', 'HWKN', 'HY', 'JBSS', 'KNSL', 'LCII', 'LCNB', 'MBCN', 'MGEE', 'NBHC', 'NC', 'NNI', 'OTEX', 'PFIS', 'POWI', 'PRGO', 'RLI', 'SCL', 'STAG', 'TNC', 'UCBI', 'UNP', 'WMS', 'WTS', 'ASB', 'BCC', 'CWEN', 'EXPD', 'FNCB', 'HIG', 'HLI', 'ITT', 'K', 'LMT', 'MAN', 'MCK', 'MLM', 'MOFG', 'NBTB', 'NKE', 'PATK', 'PEBK', 'PFG', 'PII', 'RF', 'SF', 'SLGN', 'SSNC', 'TPL', 'UFPI', 'ABR', 'AFL', 'AGO', 'AIT', 'ALE', 'ALSN', 'ARTNA', 'AWK', 'AWR', 'BKH', 'BMO', 'BOKF', 'BPRN', 'CGNX', 'CHD', 'CMS', 'CNOB', 'COP', 'CSL', 'CTRA', 'CTSH', 'EBTC', 'ETR', 'FBK', 'FCFS', 'FMBH', 'GCBC', 'GWRS', 'GWW', 'HONT', 'HTBI', 'HTLF', 'IDA', 'IEX', 'IOSP', 'JEF', 'KLAC', 'KR', 'LARK', 'LMAT', 'LNN', 'LW', 'MGA', 'MSCI', 'MSEX', 'MUSA', 'OBK', 'OSK', 'PAYX', 'PNW', 'POOL', 'PSTL', 'PSX', 'RGA', 'SBUX', 'SIGI', 'SIRI', 'SJM', 'SJW', 'SMBC', 'TAIT', 'TFC', 'TKR', 'TTEK', 'UPS', 'UTL', 'V', 'WD', 'WEC', 'WTRG']",LW,2024-05-25
3 Oversold S&P 500 Stocks Down at Least 15% to Buy in June,Today's episode of Full Court Finance digs into a few reasons behind the recent market dip to close out May. We then explore three oversold S&P 500 stocks that are down at least 15% in 2024 that investors might want to buy now.,2024-05-31 10:00:00+00:00,https://www.zacks.com/stock/news/2281779/3-oversold-sp-500-stocks-down-at-least-15-to-buy-in-june,Zacks Investment Research,-0.1451388888888889,0.3722222222222222,negative,0.1451388888888889,False,True,False,False,False,False,False,True,0.0,287,"['WMT', 'DG', 'DLTR', 'MCD', 'LW']",LW,2024-05-31
"Zacks Investment Ideas feature highlights: Dollar Tree, Walmart, Dollar General, McDonald's and Lamb Weston","Dollar Tree, Walmart, Dollar General, McDonald's and Lamb Weston are part of the Zacks Investment Ideas article.",2024-06-03 12:34:00+00:00,https://www.zacks.com/stock/news/2282608/zacks-investment-ideas-feature-highlights-dollar-tree-walmart-dollar-general-mcdonalds-and-lamb-weston,Zacks Investment Research,0.05000000000000002,0.5,neutral,0.05000000000000002,False,False,False,False,False,False,False,False,0.0,221,"['WMT', 'DG', 'DLTR', 'MCD', 'LW']",LW,2024-06-03
Pricing Actions Drive Lamb Weston (LW) Amid High Costs,"Lamb Weston (LW) is on track with strategic pricing actions amid a high-cost environment. Also, soft restaurant traffic trends across North America are a headwind.",2024-06-10 16:33:00+00:00,https://www.zacks.com/stock/news/2286226/pricing-actions-drive-lamb-weston-lw-amid-high-costs,Zacks Investment Research,0.13,0.44499999999999995,positive,0.13,False,False,False,False,False,False,False,False,0.0,219,"['CAG', 'LW', 'VITL', 'UTZ']",LW,2024-06-10
4 Food Stocks to Keep an Eye on as Industry Trends Appear Rosy,"The Zacks Food-Miscellaneous industry players have been benefiting from prudent pricing and brand-building strategies amid inflation and volume concerns. Mondelez International (MDLZ), Conagra Brands (CAG), Lamb Weston (LW) and Ingredion Incorporated (INGR) look well-positioned.",2024-06-12 14:38:00+00:00,https://www.zacks.com/commentary/2287165/4-food-stocks-to-keep-an-eye-on-as-industry-trends-appear-rosy,Zacks Investment Research,0.0,0.0,neutral,0.0,False,False,False,False,False,False,False,False,0.0,343,"['MDLZ', 'CAG', 'INGR', 'LW']",LW,2024-06-12
"Zacks Industry Outlook Mondelez, Conagra Brands, Lamb Weston and Ingredion","Mondelez, Conagra Brands, Lamb Weston and Ingredion have been highlighted in this Industry Outlook article.",2024-06-13 10:01:00+00:00,https://www.zacks.com/stock/news/2287622/zacks-industry-outlook-mondelez-conagra-brands-lamb-weston-and-ingredion,Zacks Investment Research,0.0,0.0,neutral,0.0,False,False,False,False,False,False,False,False,0.0,183,"['CAG', 'INGR', 'MDLZ', 'LW']",LW,2024-06-13
LW vs. CELH: Which Stock Should Value Investors Buy Now?,LW vs. CELH: Which Stock Is the Better Value Option?,2024-06-14 15:40:09+00:00,https://www.zacks.com/stock/news/2288595/lw-vs-celh-which-stock-should-value-investors-buy-now,Zacks Investment Research,0.5,0.5,positive,0.5,False,True,False,False,False,False,False,False,0.0,110,"['LW', 'CELH']",LW,2024-06-14
"Profit Recovery Aids Estee Lauder (EL), Soft Asia Region Ails","Estee Lauder's (EL) Profit Recovery Plan is aimed at fortifying profitability, fostering accelerated sales growth and enhancing agility. However, softness in the mainland China region is a concern.",2024-06-18 13:40:00+00:00,https://www.zacks.com/stock/news/2289880/profit-recovery-aids-estee-lauder-el-soft-asia-region-ails,Zacks Investment Research,0.1,0.35,neutral,0.1,True,False,False,False,False,False,False,False,0.0,260,"['EL', 'LW', 'VITL', 'UTZ']",LW,2024-06-18
Buying A Dollar For 60 Cents - 3 Highly Attractive Dividend Stocks To Buy,"S&P 500's recent gains are concentrated in a few stocks, raising diversification concerns and making stock picking more attractive. Explore more details here.",2024-06-26 11:30:00+00:00,https://seekingalpha.com/article/4701089-three-highly-attractive-dividend-stocks-to-buy,Seeking Alpha,0.4000000000000001,0.5583333333333333,positive,0.4000000000000001,False,True,False,False,False,True,False,False,0.0,233,"['CNQ', 'LNG', 'LW']",LW,2024-06-26
LAMB WESTON SHAREHOLDER ALERT BY FORMER LOUISIANA ATTORNEY - GlobeNewswire,"Lamb Weston Holdings, Inc. is facing a class action lawsuit due to its failure to disclose material information about problems with its new ERP software system, which caused significant financial losses.",2024-07-03 02:39:00+00:00,https://www.globenewswire.com/news-release/2024/07/03/2907900/0/en/LAMB-WESTON-SHAREHOLDER-ALERT-BY-FORMER-LOUISIANA-ATTORNEY-GENERAL-KAHN-SWICK-FOTI-LLC-REMINDS-INVESTORS-WITH-LOSSES-IN-EXCESS-OF-100-000-of-Lead-Plaintiff-Deadline-in-Class-Action.html,GlobeNewswire Inc.,0.02424242424242424,0.30064935064935067,neutral,0.02424242424242424,True,False,False,False,False,False,False,True,0.2,279,['LW'],LW,2024-07-03
"ROSEN, A TOP RANKED LAW FIRM, Encourages Lamb Weston Holdings, Inc. Investors to Secure Counsel Before ... - GlobeNewswire","Rosen Law Firm is encouraging investors who purchased Lamb Weston Holdings, Inc. common stock between July 25, 2023 and April 3, 2024 to join a securities class action lawsuit. The lawsuit alleges that Lamb Weston made material misrepresentations and omissions regarding the design and implementation of its new Enterprise Resource Planning (ERP) system.",2024-07-08 22:53:10+00:00,https://www.globenewswire.com/news-release/2024/07/08/2910015/0/en/ROSEN-A-TOP-RANKED-LAW-FIRM-Encourages-Lamb-Weston-Holdings-Inc-Investors-to-Secure-Counsel-Before-Important-Deadline-in-Securities-Class-Action-LW.html,GlobeNewswire Inc.,0.062337662337662324,0.4220779220779221,neutral,0.062337662337662324,False,False,True,False,False,False,False,True,0.0,478,['LW'],LW,2024-07-08
LAMB WESTON SHAREHOLDER ALERT BY FORMER LOUISIANA ATTORNEY - GlobeNewswire,"Lamb Weston Holdings, Inc. is facing a class action lawsuit due to its failure to disclose material information about problems with its new ERP software system, which caused significant financial losses.",2024-07-10 02:47:00+00:00,https://www.globenewswire.com/news-release/2024/07/10/2910828/0/en/LAMB-WESTON-SHAREHOLDER-ALERT-BY-FORMER-LOUISIANA-ATTORNEY-GENERAL-KAHN-SWICK-FOTI-LLC-REMINDS-INVESTORS-WITH-LOSSES-IN-EXCESS-OF-100-000-of-Lead-Plaintiff-Deadline-in-Class-Action.html,GlobeNewswire Inc.,0.02424242424242424,0.30064935064935067,neutral,0.02424242424242424,True,False,False,False,False,False,False,True,0.2,279,['LW'],LW,2024-07-10
"ROSEN, A TRUSTED AND LEADING LAW FIRM, Encourages Lamb - GlobeNewswire","Rosen Law Firm is encouraging investors who purchased Lamb Weston Holdings, Inc. common stock between July 25, 2023 and April 3, 2024 to join a securities class action lawsuit. The lawsuit alleges that the company made material misrepresentations and omissions regarding the design and implementation of its new Enterprise Resource Planning system.",2024-07-11 23:30:52+00:00,https://www.globenewswire.com/news-release/2024/07/11/2912186/0/en/ROSEN-A-TRUSTED-AND-LEADING-LAW-FIRM-Encourages-Lamb-Weston-Holdings-Inc-Investors-to-Secure-Counsel-Before-Important-Deadline-in-Securities-Class-Action-LW.html,GlobeNewswire Inc.,-0.09272727272727273,0.37090909090909097,neutral,0.09272727272727273,False,False,True,False,False,False,False,True,0.0,420,['LW'],LW,2024-07-11
"ROSEN, A LEADING INVESTOR RIGHTS LAW FIRM, Encourages Lamb - GlobeNewswire","Lamb Weston Holdings, Inc. is facing a securities class action lawsuit due to alleged misrepresentations and omissions regarding the design and implementation of its new Enterprise Resource Planning (ERP) system.",2024-07-14 12:22:40+00:00,https://www.globenewswire.com/news-release/2024/07/14/2912720/673/en/ROSEN-A-LEADING-INVESTOR-RIGHTS-LAW-FIRM-Encourages-Lamb-Weston-Holdings-Inc-Investors-to-Secure-Counsel-Before-Important-Deadline-in-Securities-Class-Action-LW.html,GlobeNewswire Inc.,-0.037727272727272734,0.2859090909090909,neutral,0.037727272727272734,False,False,True,False,False,False,False,True,0.0,288,['LW'],LW,2024-07-14
LW INVESTOR ALERT: Kirby McInerney LLP Notifies Lamb Weston - GlobeNewswire,"Lamb Weston Holdings, Inc. reported significant problems with its transition to a new Enterprise Resource Planning (ERP) software system, which caused the company to lose over $130 million in sales during the third quarter. The unsuccessful ERP transition resulted in reduced visibility into finished goods inventory and negatively impacted the company's ability to fulfill customer orders.",2024-07-15 21:28:16+00:00,https://www.globenewswire.com/news-release/2024/07/15/2913417/0/en/LW-INVESTOR-ALERT-Kirby-McInerney-LLP-Notifies-Lamb-Weston-Holdings-Inc-Investors-of-Upcoming-Lead-Plaintiff-Deadline-in-Class-Action-Lawsuit.html,GlobeNewswire Inc.,0.05284090909090909,0.4323863636363636,neutral,0.05284090909090909,False,False,False,False,False,False,False,False,0.2,467,['LW'],LW,2024-07-15
INVESTOR ALERT: Shareholder Class Action Lawsuit Filed - GlobeNewswire,"A class action lawsuit has been filed against Lamb Weston Holdings, Inc. (NYSE: LW) for allegedly making false statements about the implementation of its new Enterprise Resource Planning (ERP) system, which caused significant challenges and financial losses for the company.",2024-07-16 23:15:49+00:00,https://www.globenewswire.com/news-release/2024/07/16/2914224/0/en/INVESTOR-ALERT-Shareholder-Class-Action-Lawsuit-Filed-Against-Lamb-Weston-Holdings-Inc-NYSE-LW-Investors-with-Losses-Encouraged-to-Discuss-Their-Options-with-Counsel.html,GlobeNewswire Inc.,0.030194805194805188,0.3185064935064935,neutral,0.030194805194805188,True,False,False,False,False,False,False,True,0.2,346,['LW'],LW,2024-07-16
LAMB WESTON SHAREHOLDER ALERT BY FORMER LOUISIANA ATTORNEY - GlobeNewswire,"Lamb Weston Holdings, Inc. is facing a class action lawsuit due to its failure to disclose material information about problems with its new ERP software system, which caused significant financial losses.",2024-07-17 02:37:00+00:00,https://www.globenewswire.com/news-release/2024/07/17/2914233/0/en/LAMB-WESTON-SHAREHOLDER-ALERT-BY-FORMER-LOUISIANA-ATTORNEY-GENERAL-KAHN-SWICK-FOTI-LLC-REMINDS-INVESTORS-WITH-LOSSES-IN-EXCESS-OF-100-000-of-Lead-Plaintiff-Deadline-in-Class-Action.html,GlobeNewswire Inc.,0.02424242424242424,0.30064935064935067,neutral,0.02424242424242424,True,False,False,False,False,False,False,True,0.2,279,['LW'],LW,2024-07-17
"ROSEN, A HIGHLY RECOGNIZED LAW FIRM, Encourages Lamb Weston - GlobeNewswire","Rosen Law Firm is encouraging investors who purchased Lamb Weston Holdings, Inc. common stock between July 25, 2023 and April 3, 2024 to join a securities class action lawsuit. The lawsuit alleges that Lamb Weston made material misrepresentations and omissions regarding the design and implementation of its new Enterprise Resource Planning system.",2024-07-20 15:08:40+00:00,https://www.globenewswire.com/news-release/2024/07/20/2916161/0/en/ROSEN-A-HIGHLY-RECOGNIZED-LAW-FIRM-Encourages-Lamb-Weston-Holdings-Inc-Investors-to-Secure-Counsel-Before-Important-Deadline-in-Securities-Class-Action-LW.html,GlobeNewswire Inc.,-0.05060606060606062,0.3990909090909091,neutral,0.05060606060606062,False,False,True,False,False,False,False,True,0.0,425,['LW'],LW,2024-07-20
Glancy Prongay & Murray LLP Reminds Investors of Looming - GlobeNewswire,"Lamb Weston Holdings, Inc. is facing a class action lawsuit due to issues with its new Enterprise Resource Planning (ERP) software system, which caused a significant loss in sales and a lowered sales guidance for the fiscal year.",2024-07-22 16:00:57+00:00,https://www.globenewswire.com/news-release/2024/07/22/2916703/0/en/Glancy-Prongay-Murray-LLP-Reminds-Investors-of-Looming-Deadline-in-the-Class-Action-Lawsuit-Against-Lamb-Weston-Holdings-Inc-LW.html,GlobeNewswire Inc.,0.12159090909090908,0.4511363636363636,positive,0.12159090909090908,True,False,False,False,False,False,False,True,0.0,303,['LW'],LW,2024-07-22
LAMB WESTON SHAREHOLDER ALERT BY FORMER LOUISIANA ATTORNEY - GlobeNewswire,"Lamb Weston Holdings, Inc. is facing a class action lawsuit due to its failure to disclose material information about problems with its transition to a new ERP software system, which caused significant financial losses.",2024-07-24 02:47:00+00:00,https://www.globenewswire.com/news-release/2024/07/24/2917682/6713/en/LAMB-WESTON-SHAREHOLDER-ALERT-BY-FORMER-LOUISIANA-ATTORNEY-GENERAL-KAHN-SWICK-FOTI-LLC-REMINDS-INVESTORS-WITH-LOSSES-IN-EXCESS-OF-100-000-of-Lead-Plaintiff-Deadline-in-Class-Action.html,GlobeNewswire Inc.,0.02424242424242424,0.30064935064935067,neutral,0.02424242424242424,True,False,False,False,False,False,False,True,0.2,295,['LW'],LW,2024-07-24
Lamb Weston shares tumble 16% on disappointing Q4 results and weak outlook - Investing.com,"Lamb Weston reported weaker-than-expected Q4 earnings and provided a disappointing outlook for fiscal 2025, leading to a 16% drop in its stock price.",2024-07-24 12:57:20+00:00,https://www.investing.com/news/stock-market-news/lamb-weston-shares-tumble-16-on-disappointing-q4-results-and-weak-outlook-93CH-3533502,Investing.com,-0.525,0.6749999999999999,negative,0.525,True,False,False,False,False,False,False,False,0.0,241,['LW'],LW,2024-07-24
Why Lamb Weston Stock Was Plummeting This Week,"Lamb Weston, a potato products supplier, reported disappointing Q4 results, leading to a 32% drop in its share price. Analysts cut their price targets and downgraded their recommendations on the stock due to lower-than-expected price/mix results, market share losses, and a slowdown in restaurant traffic.",2024-07-26 11:49:30+00:00,https://www.fool.com/investing/2024/07/26/why-lamb-weston-stock-was-plummeting-this-week/?source=iedfolrf0000001,The Motley Fool,-0.3625,0.5375,negative,0.3625,True,False,False,False,True,False,False,False,0.0,353,['LW'],LW,2024-07-26
"Bragar Eagel & Squire, P.C. Reminds Investors That Class Action Lawsuits Have Been Filed Against Marinus, 2U, Humana, and Lamb Weston and Encourages Investors to Contact the Firm","The article discusses class action lawsuits filed against Marinus Pharmaceuticals, 2U, Humana, and Lamb Weston. The lawsuits allege that the companies made false or misleading statements about their business operations and financial performance.",2024-07-28 01:00:00+00:00,https://www.globenewswire.com/news-release/2024/07/28/2919963/0/en/Bragar-Eagel-Squire-P-C-Reminds-Investors-That-Class-Action-Lawsuits-Have-Been-Filed-Against-Marinus-2U-Humana-and-Lamb-Weston-and-Encourages-Investors-to-Contact-the-Firm.html,GlobeNewswire Inc.,-0.08000000000000002,0.24,neutral,0.08000000000000002,False,False,False,False,False,False,False,True,0.0,425,"['MRNS', 'TWOU', 'HUM', 'LW']",LW,2024-07-28
"Global Frozen Potato Market Analysis Report 2024: An $89.5+ Billion Industry by 2029, Fueled by Expansion of E-commerce, Innovative Product Offerings, & Growing Preference for RTE Snacks","The global frozen potato market is expected to grow at a CAGR of 5% from 2024 to 2029, driven by the expansion of the foodservice industry, westernization of diets, and the rise of e-commerce and online grocery shopping.",2024-07-29 10:57:00+00:00,https://www.globenewswire.com/news-release/2024/07/29/2920146/28124/en/Global-Frozen-Potato-Market-Analysis-Report-2024-An-89-5-Billion-Industry-by-2029-Fueled-by-Expansion-of-E-commerce-Innovative-Product-Offerings-Growing-Preference-for-RTE-Snacks.html,GlobeNewswire Inc.,0.1,0.35,neutral,0.1,False,False,False,False,True,False,False,False,0.0,408,"['KHC', 'LW']",LW,2024-07-29
"DEADLINE ALERT for SMG, CRGE, TWOU, LW: Law Offices of Howard G. Smith Reminds Investors of Class Actions on Behalf of Shareholders","Law Offices of Howard G. Smith has filed class action lawsuits on behalf of shareholders of The Scotts Miracle-Gro Company, Charge Enterprises, Inc., 2U, Inc., and Lamb Weston Holdings, Inc. The lawsuits allege that the companies made false and/or misleading statements during the respective class periods.",2024-07-31 16:56:00+00:00,https://www.globenewswire.com/news-release/2024/07/31/2922116/3448/en/DEADLINE-ALERT-for-SMG-CRGE-TWOU-LW-Law-Offices-of-Howard-G-Smith-Reminds-Investors-of-Class-Actions-on-Behalf-of-Shareholders.html,GlobeNewswire Inc.,-0.10000000000000002,0.26666666666666666,negative,0.10000000000000002,False,False,False,False,False,False,False,True,0.2,439,"['SMG', 'TWOU', 'LW']",LW,2024-07-31
"Potato Flake Market is projected to reach USD 12,824.10 million by 2034, growing at a CAGR of 4.8% during the forecast period 2024 to 2034 | Future Market Insights","The potato flake market is expected to grow significantly over the next decade, driven by the increasing popularity of processed foods and the rising demand for vegan and vegetarian products. Key players in the market are focused on expanding production facilities to meet the growing demand.",2024-08-02 00:30:00+00:00,https://www.globenewswire.com/news-release/2024/08/02/2923346/0/en/Potato-Flake-Market-is-projected-to-reach-USD-12-824-10-million-by-2034-growing-at-a-CAGR-of-4-8-during-the-forecast-period-2024-to-2034-Future-Market-Insights.html,GlobeNewswire Inc.,0.05500000000000001,0.48,neutral,0.05500000000000001,False,False,False,False,True,False,False,False,0.0,457,['LW'],LW,2024-08-02
Bear of the Day: Lamb Weston (LW),"Lamb Weston, a leading global manufacturer of frozen potato products, has reported weak quarterly results, missing earnings and revenue expectations. Analysts have taken a bearish stance on the company's earnings outlook, leading to a Zacks Rank #5 (Strong Sell) rating.",2024-08-02 09:00:00+00:00,https://www.zacks.com/commentary/2314860/bear-of-the-day-lamb-weston-lw?cid=CS-ZC-FT-bear_of_the_day-2314860,Zacks Investment Research,-0.18833333333333332,0.4616666666666667,negative,0.18833333333333332,True,False,False,False,True,False,False,False,0.0,305,['LW'],LW,2024-08-02
"LW DEADLINE: ROSEN, NATIONAL TRIAL COUNSEL, Encourages Lamb Weston Holdings, Inc. Investors with Losses in Excess of $100K to Secure Counsel Before Important August 12 Deadline in Securities Class Action – LW","Lamb Weston Holdings, Inc. is facing a securities class action lawsuit due to alleged misrepresentations about the implementation of its new Enterprise Resource Planning (ERP) system, which caused the company's stock to trade at artificially inflated prices.",2024-08-04 18:57:00+00:00,https://www.globenewswire.com/news-release/2024/08/04/2924006/673/en/LW-DEADLINE-ROSEN-NATIONAL-TRIAL-COUNSEL-Encourages-Lamb-Weston-Holdings-Inc-Investors-with-Losses-in-Excess-of-100K-to-Secure-Counsel-Before-Important-August-12-Deadline-in-Securi.html,GlobeNewswire Inc.,0.03892045454545455,0.46619318181818187,neutral,0.03892045454545455,True,False,True,False,False,False,False,True,0.2,468,['LW'],LW,2024-08-04
"LAMB WESTON SHAREHOLDER ALERT BY FORMER LOUISIANA ATTORNEY GENERAL: KAHN SWICK & FOTI, LLC REMINDS INVESTORS WITH LOSSES IN EXCESS OF $100,000 of Lead Plaintiff Deadline in Class Action Lawsuits Against Lamb Weston Holdings, Inc. - LW","Lamb Weston Holdings, Inc. is facing class action lawsuits due to issues with its transition to a new Enterprise Resource Planning (ERP) software system, which caused significant financial losses and reduced guidance.",2024-08-07 02:50:00+00:00,https://www.globenewswire.com/news-release/2024/08/07/2925618/6713/en/LAMB-WESTON-SHAREHOLDER-ALERT-BY-FORMER-LOUISIANA-ATTORNEY-GENERAL-KAHN-SWICK-FOTI-LLC-REMINDS-INVESTORS-WITH-LOSSES-IN-EXCESS-OF-100-000-of-Lead-Plaintiff-Deadline-in-Class-Action.html,GlobeNewswire Inc.,0.07954545454545454,0.3005681818181818,neutral,0.07954545454545454,True,False,False,False,False,False,False,True,0.2,453,['LW'],LW,2024-08-07
"Bragar Eagel & Squire, P.C. Reminds Investors That Class Action Lawsuits Have Been Filed Against Seritage, 2U, Teradata, and Lamb Weston and Encourages Investors to Contact the Firm","The article discusses class action lawsuits filed against Seritage, 2U, Teradata, and Lamb Weston, alleging various financial and operational issues at these companies.",2024-08-08 01:00:00+00:00,https://www.globenewswire.com/news-release/2024/08/08/2926525/0/en/Bragar-Eagel-Squire-P-C-Reminds-Investors-That-Class-Action-Lawsuits-Have-Been-Filed-Against-Seritage-2U-Teradata-and-Lamb-Weston-and-Encourages-Investors-to-Contact-the-Firm.html,GlobeNewswire Inc.,0.0,0.22000000000000003,neutral,0.0,False,False,False,False,False,False,False,True,0.0,351,"['SRG', 'SRGpA', 'TWOU', 'TDC', 'LW']",LW,2024-08-08
"LW DEADLINE NOTICE: ROSEN, NATIONAL TRIAL LAWYERS, Encourages Lamb Weston Holdings, Inc. Investors with Losses in Excess of $100K to Secure Counsel Before Important August 12 Deadline in Securities Class Action – LW","Lamb Weston Holdings, Inc. is facing a securities class action lawsuit due to alleged misrepresentations about the implementation of its new Enterprise Resource Planning (ERP) system, which caused the company's stock to trade at artificially inflated prices.",2024-08-09 02:55:00+00:00,https://www.globenewswire.com/news-release/2024/08/09/2927517/673/en/LW-DEADLINE-NOTICE-ROSEN-NATIONAL-TRIAL-LAWYERS-Encourages-Lamb-Weston-Holdings-Inc-Investors-with-Losses-in-Excess-of-100K-to-Secure-Counsel-Before-Important-August-12-Deadline-in.html,GlobeNewswire Inc.,0.03892045454545455,0.46619318181818187,neutral,0.03892045454545455,True,False,True,False,False,False,False,True,0.2,475,['LW'],LW,2024-08-09
"LW DEADLINE TOMORROW: ROSEN, NATIONAL TRIAL COUNSEL, Encourages Lamb Weston Holdings, Inc. Investors to Secure Counsel Before Important August 12 Deadline in Securities Class Action – LW","Lamb Weston Holdings, Inc. is facing a securities class action lawsuit due to alleged misrepresentations about the implementation of its new Enterprise Resource Planning (ERP) system. The lawsuit claims that the company downplayed issues with the ERP system and provided inaccurate financial guidance, leading to artificially inflated stock prices.",2024-08-11 15:29:00+00:00,https://www.globenewswire.com/news-release/2024/08/11/2928048/673/en/LW-DEADLINE-TOMORROW-ROSEN-NATIONAL-TRIAL-COUNSEL-Encourages-Lamb-Weston-Holdings-Inc-Investors-to-Secure-Counsel-Before-Important-August-12-Deadline-in-Securities-Class-Action-LW.html,GlobeNewswire Inc.,0.0345959595959596,0.4143939393939394,neutral,0.0345959595959596,False,False,True,False,False,False,False,True,0.2,536,['LW'],LW,2024-08-11
Why Lamb Weston Stock Was Climbing Today,"Lamb Weston, a major frozen potato producer, saw its shares rise after activist investor Jana Partners disclosed a 5% stake in the company. Jana aims to push Lamb Weston to consider a sale, citing the company's underperformance and opportunities to improve operations.",2024-10-18 16:30:40+00:00,https://www.fool.com/investing/2024/10/18/why-lamb-weston-stock-was-climbing-today/?source=iedfolrf0000001,The Motley Fool,0.0625,0.5,neutral,0.0625,False,False,False,False,False,False,False,False,0.0,310,['LW'],LW,2024-10-18
"Stocks Tumble As Traders Rethink Santa Rally, Crude Tops $70, Bitcoin Slips To $94,000: What's Driving Markets Friday?","Stocks tumbled on Friday as investors rethought the Santa Rally, with the Nasdaq 100 falling 2% and the S&P 500 and Dow also declining. Crude oil topped $70 per barrel, while Bitcoin slipped to $94,000.",2024-12-27 18:16:21+00:00,https://www.benzinga.com/24/12/42708116/stocks-tumble-as-traders-rethink-santa-rally-crude-tops-70-bitcoin-slips-to-94000-whats-driving-markets-friday,Benzinga,-0.7,1.0,negative,0.7,False,False,False,False,False,False,False,False,0.0,322,"['QQQ', 'SPY', 'DIA', 'COIN', 'MSTR', 'KULR', 'LW', 'TSLA']",LW,2024-12-27
