title,description,published_utc,article_url,publisher,sentiment_polarity,sentiment_subjectivity,sentiment_label,sentiment_confidence,keywords_earnings,keywords_acquisition,keywords_regulation,keywords_partnership,keywords_product,keywords_financial,keywords_leadership,keywords_lawsuit,urgency_score,text_length,tickers,ticker,date
Stocks That Hit 52-Week Highs On Tuesday,"Before 10 a.m. ET on Tuesday, 166 companies hit new 52-week highs.
Interesting Facts:

The company with the largest market cap to set a new 52-week high was UnitedHealth Group (NYSE:UNH).
The smallest company by market cap to set a new 52-week high was High Income Securities (NYSE:PCF).
BioLine Rx (NASDAQ:BLRX)'s stock saw the most upside, trading up 83.7% to reach a new 52-week high.

Here is a list of stocks that set new 52-week highs as of 10 a.m. ET on Tuesday:

UnitedHealth Group (NYSE:UNH) stock set a new 52-week high of $407.48 Tuesday morning. Over the session, the stock traded down 0.16%.
AbbVie (NYSE:ABBV) shares were up 0.2% on Tuesday to hit a new 52-week high of $115.57 for a change of up 0.2%.
United Parcel Service (NYSE:UPS) shares achieved a new 52-week high on Tuesday morning, hitting $214.11 with a daily change of up 0.43%.
Raytheon Technologies (NYSE:RTX) shares broke to $84.59 on Tuesday, setting a new 52-week high with a change of down 0.48%.
CVS Health (NYSE:CVS) stock set a new 52-week high of $80.17 Tuesday morning. Over the session, the stock traded up 2.29%.
Enbridge (NYSE:ENB) shares achieved a new 52-week high on Tuesday morning, hitting $39.01 with a daily change of up 0.03%.
Waste Management (NYSE:WM) shares were up 0.09% for the day, having made a 52-week high of $141.20.
Northrop Grumman (NYSE:NOC) shares were up 0.99% on Tuesday to hit a new 52-week high of $365.64 for a change of up 0.99%.
Vodafone Group (NASDAQ:VOD) shares broke to a new 52-week high of $19.46 on Tuesday. Shares of the company traded up 0.4%.
Kraft Heinz (NASDAQ:KHC) shares were down 0.12% on Tuesday morning to hit a new 52-week high of $42.32.
Public Storage (NYSE:PSA) shares broke to a new 52-week high of $282.62 on Tuesday. Shares of the company traded up 1.36%.
TC Energy (NYSE:TRP) shares hit $50.28 on Tuesday morning, setting a new 52-week high for a change of up 0.06%.
Thomson Reuters (NYSE:TRI) shares hit a new 52-week high of $98.88. The stock traded up 4.45% on the session.
IHS Markit (NYSE:INFO) shares hit a new 52-week high of $108.79. The stock traded down 0.21% on the session.
Johnson Controls Intl (NYSE:JCI) shares broke to a new 52-week high of $64.31 on Tuesday. Shares of the company traded down 0.17%.
BioNTech (NASDAQ:BNTX) shares achieved a new 52-week high on Tuesday morning, hitting $213.00 with a daily change of down 9.68%.
Bank of New York Mellon (NYSE:BK) stock on Tuesday broke to a yearly high of $50.65. Shares traded up 0.29%.
L3Harris Technologies (NYSE:LHX) shares broke to a new 52-week high of $214.00 on Tuesday. Shares of the company traded up 0.94%.
Archer-Daniels Midland (NYSE:ADM) shares reached a new 52-week high of $65.19 on Tuesday morning, moving up 0.15%.
Yum Brands (NYSE:YUM) shares set a new yearly high of $120.69 this morning. The stock was up 0.02% on the session.
Republic Services (NYSE:RSG) stock set a new 52-week high of $108.70 Tuesday morning. Over the session, the stock traded up 0.28%.
Stanley Black & Decker (NYSE:SWK) shares were up 0.5% on Tuesday morning to hit a new 52-week high of $212.42.
Waste Connections (NYSE:WCN) shares were up 0.31% on Tuesday to hit a new 52-week high of $121.30 for a change of up 0.31%.
Williams Companies (NYSE:WMB) shares were up 1.25% on Tuesday to hit a new 52-week high of $25.32 for a change of up 1.25%.
Old Dominion Freight Line (NASDAQ:ODFL) stock made a new 52-week high of $263.90 Tuesday. The stock was up 0.25% for the day.
MPLX (NYSE:MPLX) shares were up 0.48% on Tuesday to hit a new 52-week high of $28.03 for a change of up 0.48%.
Laboratory Corp (NYSE:LH) shares set a new 52-week high of $270.21 on Tuesday, moving up 0.65%.
Nucor (NYSE:NUE) shares hit $86.98 on Tuesday morning, setting a new 52-week high for a change of up 0.72%.
Vulcan Materials (NYSE:VMC) stock made a new 52-week high of $183.53 Tuesday. The stock was up 1.65% for the day.
Northern Trust (NASDAQ:NTRS) shares hit $115.76 on Tuesday morning, setting a new 52-week high for a change of down 0.22%.
Hess (NYSE:HES) shares hit $78.36 on Tuesday morning, setting a new 52-week high for a change of down 0.44%.
International Paper (NYSE:IP) shares reached a new 52-week high of $59.75 on Tuesday morning, moving up 0.81%.
Martin Marietta Materials (NYSE:MLM) stock hit a yearly high price of $363.60. The stock was up 1.97% for the day.
Imperial Oil (AMEX:IMO) shares set a new 52-week high of $30.84 on Tuesday, moving down 0.92%.
KeyCorp (NYSE:KEY) shares reached a new 52-week high of $22.20 on Tuesday morning, moving down 0.59%.
Xylem (NYSE:XYL) stock hit a yearly high price of $115.59. The stock was up 1.48% for the day.
Gartner (NYSE:IT) shares hit a new 52-week high of $239.09. The stock traded up 18.47% on the session.
Cheniere Energy (AMEX:LNG) shares achieved a new 52-week high on Tuesday morning, hitting $80.74 with a daily change of up 0.82%.
Expeditors International (NASDAQ:EXPD) shares hit a yearly high of $114.39. The stock traded down 0.5% on the session.
Sun Communities (NYSE:SUI) shares achieved a new 52-week high on Tuesday morning, hitting $168.24 with a daily change of up 0.09%.
Cincinnati Financial (NASDAQ:CINF) shares reached a new 52-week high of $115.70 on Tuesday morning, moving up 0.07%.
Omnicom Group (NYSE:OMC) shares hit a new 52-week high of $84.18. The stock traded down 0.39% on the session.
Pembina Pipeline (NYSE:PBA) stock on Tuesday broke to a yearly high of $31.49. Shares traded up 0.24%.
Domino's Pizza (NYSE:DPZ) shares broke to $436.58 on Tuesday, setting a new 52-week high with a change of down 0.1%.
Masco (NYSE:MAS) shares set a new yearly high of $65.43 this morning. The stock was up 0.06% on the session.
Quest Diagnostics (NYSE:DGX) shares set a new yearly high of $135.54 this morning. The stock was up 1.39% on the session.
WestRock (NYSE:WRK) shares were up 0.66% on Tuesday morning to hit a new 52-week high of $58.19.
Dentsply Sirona (NASDAQ:XRAY) shares achieved a new 52-week high on Tuesday morning, hitting $68.91 with a ...Full story available on Benzinga.com",2021-05-04 14:12:02+00:00,https://www.benzinga.com/news/21/05/20940304/stocks-that-hit-52-week-highs-on-tuesday,Benzinga,0.10679508260903625,0.4321995145250954,positive,0.10679508260903625,False,False,True,False,False,False,True,False,0.0,6098,"['RS', 'NZF', 'VMC', 'VRTS', 'NMIH', 'RSG', 'PBA', 'VOD', 'WIRE', 'PGRE', 'SCI', 'RIV', 'WCN', 'XRAY', 'UE', 'SEE', 'UMH', 'WEA', 'NNN', 'WRK', 'SON', 'MYRG', 'WMB', 'NOC', 'VEDL', 'NGVT', 'SSD', 'NFBK', 'YUM', 'NUE', 'TYHT', 'SUI', 'NTRS', 'WM', 'OI', 'PRPO', 'SUN', 'ODFL', 'TRGP', 'OLP', 'TIGO', 'SWK', 'OTTR', 'WWD', 'OMC', 'NTST', 'TAP', 'PANL', 'RTX', 'PCF', 'TRI', 'PRFT', 'WETF', 'PFL', 'PFN', 'TRP', 'SBLK', 'TCFC', 'PKG', 'UHS', 'SCHN', 'MUI', 'PSA', 'UNH', 'STLD', 'XYL', 'RL', 'UPS', 'TBBK', 'SIBN', 'RNP', 'VHI', 'TWIN', 'MPLX']",TRGP,2021-05-04
Stocks That Hit 52-Week Highs On Wednesday,"Wednesday's morning session saw 275 companies set new 52-week highs.
Noteworthy Mentions:

Home Depot (NYSE:HD) was the largest firm on a market cap basis to set a new 52-week high.
Tortoise Energy (NYSE:NDP) was the smallest company when considering market cap to set a new 52-week high.
Rocky Brands (NASDAQ:RCKY) saw the largest move of the companies, as it moved 21.97% to hit a new 52-week high.

The following stocks created new 52-week highs as of 10 a.m. ET on Wednesday:

Home Depot (NYSE:HD) shares hit a yearly high of $335.71. The stock traded up 0.36% on the session.
Bank of America (NYSE:BAC) shares achieved a new 52-week high on Wednesday morning, hitting $41.23 with a daily change of down 0.1%.
BlackRock (NYSE:BLK) stock set a new 52-week high of $842.54 Wednesday morning. Over the session, the stock traded up 0.54%.
CVS Health (NYSE:CVS) shares broke to $82.44 on Wednesday, setting a new 52-week high with a change of up 0.62%.
Target (NYSE:TGT) stock hit a yearly high price of $213.43. The stock was up 0.15% for the day.
S&P Global (NYSE:SPGI) shares hit $397.67 on Wednesday morning, setting a new 52-week high for a change of down 0.46%.
Cigna (NYSE:CI) shares hit $259.94 on Wednesday morning, setting a new 52-week high for a change of down 0.38%.
PNC Financial Services Gr (NYSE:PNC) shares reached a new 52-week high of $194.52 on Wednesday morning, moving down 0.04%.
FedEx (NYSE:FDX) shares hit $309.29 on Wednesday morning, setting a new 52-week high for a change of up 0.75%.
Enbridge (NYSE:ENB) shares broke to $39.69 on Wednesday, setting a new 52-week high with a change of up 1.63%.
Norfolk Southern (NYSE:NSC) stock set a new 52-week high of $290.34 Wednesday morning. Over the session, the stock traded up 0.61%.
Capital One Financial (NYSE:COF) shares hit a yearly high of $153.49. The stock traded up 0.28% on the session.
Progressive (NYSE:PGR) shares achieved a new 52-week high on Wednesday morning, hitting $103.39 with a daily change of down 0.31%.
Northrop Grumman (NYSE:NOC) shares hit a yearly high of $369.59. The stock traded down 0.03% on the session.
Freeport-McMoRan (NYSE:FCX) shares hit a yearly high of $40.78. The stock traded up 2.92% on the session.
Aon (NYSE:AON) shares were up 0.28% on Wednesday morning to hit a new 52-week high of $254.88.
MetLife (NYSE:MET) shares were up 0.56% on Wednesday to hit a new 52-week high of $64.98 for a change of up 0.56%.
Vodafone Group (NASDAQ:VOD) shares broke to a new 52-week high of $19.58 on Wednesday. Shares of the company traded up 0.96%.
Canadian Imperial Bank (NYSE:CM) stock hit a yearly high price of $105.00. The stock was up 0.44% for the day.
IHS Markit (NYSE:INFO) stock made a new 52-week high of $109.57 Wednesday. The stock was down 0.5% for the day.
EOG Resources (NYSE:EOG) shares were up 1.69% on Wednesday to hit a new 52-week high of $77.19 for a change of up 1.69%.
Bank of New York Mellon (NYSE:BK) stock made a new 52-week high of $50.77 Wednesday. The stock was down 0.04% for the day.
BCE (NYSE:BCE) shares were up 0.45% for the day, having made a 52-week high of $47.88.
Trane Technologies (NYSE:TT) shares hit $179.55 on Wednesday morning, setting a new 52-week high for a change of up 1.76%.
Prudential Financial (NYSE:PRU) shares broke to $103.78 on Wednesday, setting a new 52-week high with a change of up 1.68%.
CRH (NYSE:CRH) shares broke to a new 52-week high of $50.00 on Wednesday. Shares of the company traded up 3.71%.
Aflac (NYSE:AFL) shares hit a yearly high of $55.07. The stock traded up 0.08% on the session.
Intl Flavors & Fragrances (NYSE:IFF) shares set a new yearly high of $146.04 this morning. The stock was 0.0% (flat) on the session.
Discover Financial (NYSE:DFS) shares were up 0.05% on Wednesday morning to hit a new 52-week high of $116.31.
Republic Services (NYSE:RSG) shares were down 0.2% on Wednesday morning to hit a new 52-week high of $108.98.
Fortinet (NASDAQ:FTNT) stock on Wednesday broke to a yearly high of $210.49. Shares traded up 0.95%.
Waste Connections (NYSE:WCN) stock set a new 52-week high of $122.45 Wednesday morning. Over the session, the stock traded up 0.02%.
Old Dominion Freight Line (NASDAQ:ODFL) shares were down 0.12% on Wednesday morning to hit a new 52-week high of $266.36.
MPLX (NYSE:MPLX) shares reached a new 52-week high of $28.58 on Wednesday morning, moving up 1.19%.
Fifth Third Bancorp (NASDAQ:FITB) stock hit a yearly high price of $41.48. The stock was down 0.21% for the day.
Equifax (NYSE:EFX) shares were up 0.07% on Wednesday morning to hit a new 52-week high of $238.13.
Arthur J. Gallagher (NYSE:AJG) shares hit a new 52-week high of $145.98. The stock traded down 0.33% on the session.
Nucor (NYSE:NUE) shares hit a yearly high of $90.84. The stock traded up 0.99% on the session.
Nasdaq (NASDAQ:NDAQ) stock made a new 52-week high of $164.25 Wednesday. The stock was down 0.13% for the day.
Synchrony Finl (NYSE:SYF) shares hit a new 52-week high of $45.13. The stock traded down 0.09% on the session.
EPAM Systems (NYSE:EPAM) shares broke to a new 52-week high of $463.62 on Wednesday. Shares of the company traded up 0.4%.
POSCO (NYSE:PKX) shares were up 0.63% on Wednesday morning to hit a new 52-week high of $85.11.
Vulcan Materials (NYSE:VMC) shares reached a new 52-week high of $190.82 on Wednesday morning, moving down 0.08%.
DISH Network (NASDAQ:DISH) shares were up 0.44% on Wednesday to hit a new 52-week high of $46.33 for a change of up 0.44%.
Hess (NYSE:HES) shares broke to $80.29 on Wednesday, setting a new 52-week high with a change of up 2.08%.
Northern Trust (NASDAQ:NTRS) shares achieved a new 52-week high on Wednesday morning, hitting $116.26 with a daily change of up 0.58%.
W.W. Grainger (NYSE:GWW) shares broke to a new 52-week high of $459.57 on Wednesday. Shares of the company traded up 0.07%.
Martin Marietta Materials (NYSE:MLM) stock hit a yearly high price of $376.27. The stock was up 0.18% for the day.
CarMax (NYSE:KMX) shares reached a new 52-week high of $138.73 on Wednesday morning, moving up 0.51%.
Tractor Supply (NASDAQ:TSCO) shares hit $195.39 on Wednesday morning, setting a new 52-week high for a change of down 0.31%.
KeyCorp (NYSE:KEY) shares were up 0.11% on Wednesday morning to hit a new 52-week high of $22.55.
Xylem (NYSE:XYL) stock set a new 52-week high of $117.68 Wednesday morning. Over the session, the stock traded up 0.4%.
Citizens Financial Group (NYSE:CFG) shares hit $48.33 on Wednesday morning, setting a new 52-week high for a change of down 0.21%.
Broadridge Financial Soln (NYSE:BR) shares set a new 52-week high of $164.76 on Wednesday, moving up 0.22%.
Waters (NYSE:WAT) shares were up 1.24% for the day, having made a 52-week high of $311.91.
Genuine Parts (NYSE:GPC) shares reached a new 52-week high of $130.49 on Wednesday morning, moving down 0.67%.
Cincinnati Financial (NASDAQ:CINF) shares reached a new 52-week high of $116.61 on Wednesday morning, moving down 0.11%.
Celanese (NYSE:CE) shares achieved a new 52-week high on Wednesday morning, hitting $166.38 with a daily change of up 0.33%.
Jacobs Engineering Group (NYSE:J) shares broke to a new 52-week high of $138.82 on Wednesday. Shares of the company traded up 0.34%.
Pool (NASDAQ:POOL) shares hit a new 52-week high of $439.78. The stock traded up 1.24% on the session.
Pembina Pipeline (NYSE:PBA) shares achieved a new 52-week high on Wednesday morning, hitting $31.81 with a daily change of up 1.37%.
Domino's Pizza (NYSE:DPZ) shares were down 0.28% on Wednesday to hit a new 52-week high of $436.83 for a change of down 0.28%.
Franklin Resources (NYSE:BEN) stock on Wednesday broke to a yearly high of $33.09. Shares traded up 2.87%.
Eastman Chemical (NYSE:EMN) shares hit $122.16 on Wednesday morning, setting a new 52-week high for a change of up 0.58%.
Quest Diagnostics (NYSE:DGX) shares were down 0.9% on Wednesday to hit a new 52-week high of $137.00 for a change of down 0.9%.
XPO Logistics (NYSE:XPO) shares set a new 52-week high of $145.95 on Wednesday, moving up 2.04%.
PulteGroup (NYSE:PHM) shares were down 0.2% on Wednesday morning to hit a new 52-week high of $61.45.
Carlyle Group (NASDAQ:CG) shares broke to $43.66 on Wednesday, setting a new 52-week high with a change of up 0.93%.
Whirlpool (NYSE:WHR) stock made a new 52-week high of $246.45 Wednesday. The stock was up 1.2% for the day.
Molina Healthcare (NYSE:MOH) shares set a new 52-week high of $265.40 on Wednesday, moving down 1.37%.
Packaging Corp of America (NYSE:PKG) stock on Wednesday broke to a yearly high of $151.99. Shares traded down 0.62%.
Vedanta (NYSE:VEDL) shares set a new yearly high of $14.57 this morning. The stock was up 2.18% on the session.
Snap-on (NYSE:SNA) stock hit a yearly high price of $244.00. The stock was up 0.5% for the day.
Westlake Chemical (NYSE:WLK) shares broke to $101.07 on Wednesday, setting a new 52-week high with a change of up 2.79%.
Invesco (NYSE:IVZ) shares achieved a new 52-week high on Wednesday morning, hitting $27.82 with a daily change of up 0.94%.
Interpublic Gr of Cos (NYSE:IPG) shares were down 0.98% on Wednesday to hit a new 52-week high of $32.62 for a change of down 0.98%.
Steel Dynamics (NASDAQ:STLD) shares hit a new 52-week high of $60.05. The stock traded up 0.86% on the session.
Cemex (NYSE:CX) stock made a new 52-week high of $8.59 Wednesday. The stock was up 3.89% for the day.
Newell Brands (NASDAQ:NWL) stock on Wednesday broke to a yearly high of $28.29. Shares traded up 0.14%.
Under Armour (NYSE:UAA) shares hit a new 52-week high of $26.18. The stock traded up 9.24% on the session.
A.O. Smith (NYSE:AOS) shares set a new 52-week high of $72.00 on Wednesday, moving down 0.35%.
Pentair (NYSE:PNR) ...Full story available on Benzinga.com",2021-05-05 14:06:29+00:00,https://www.benzinga.com/news/21/05/20965397/stocks-that-hit-52-week-highs-on-wednesday,Benzinga,0.09198710405021102,0.42369397862116354,neutral,0.09198710405021102,False,False,False,False,False,False,False,False,0.0,9788,"['SYF', 'NOG', 'SLM', 'UAA', 'STLD', 'WHR', 'PFN', 'SFBS', 'NRK', 'SNA', 'SBOW', 'TSCO', 'WLK', 'PGR', 'PCI', 'NVG', 'SRV', 'UFPI', 'WLL', 'PHM', 'PKG', 'OEC', 'NXE', 'SUN', 'UMPQ', 'WWW', 'PKX', 'NVT', 'NXJ', 'TEX', 'WTBA', 'XEC', 'PNC', 'NTP', 'NZF', 'TGT', 'NOA', 'OAS', 'PNR', 'PRAH', 'PBA', 'THC', 'NOC', 'TRGP', 'PRU', 'SUM', 'SMM', 'TOL', 'NSC', 'TT', 'PTY', 'NSA', 'SXC', 'UA', 'NUE', 'NRGX', 'PVH', 'PVBC', 'XPO', 'VHI', 'NWL', 'TROX', 'R', 'VEDL', 'NTRS', 'VMC', 'OC', 'RCON', 'RL', 'PEN', 'ODFL', 'VMO', 'ODP', 'XYL', 'RS', 'PSN', 'POOL', 'VOD', 'OI', 'VSPR', 'RM', 'RSG', 'SITE', 'RCKY', 'VTA', 'OLN', 'TPH', 'SCI', 'SPGI', 'RUTH', 'WAT', 'PEO', 'NMIH', 'SEE', 'VVV', 'SHOO', 'WCN', 'PFL']",TRGP,2021-05-05
"Earnings Scheduled For May 6, 2021","Companies Reporting Before The Bell
• ViacomCBS (NASDAQ:VIAC) is projected to report quarterly earnings at $1.22 per share on revenue of $7.30 billion.
• Cohen & Co (AMEX:COHN) is likely to report earnings for its first quarter.
• PAE (NASDAQ:PAE) is projected to report quarterly earnings at $0.11 per share on revenue of $735.44 million.
• Domtar (NYSE:UFS) is expected to report earnings for its first quarter.
• ADC Therapeutics (NYSE:ADCT) is likely to report earnings for its first quarter.
• Ranpak Holdings (NYSE:PACK) is expected to report quarterly loss at $0.02 per share on revenue of $71.98 million.
• Syros Pharmaceuticals (NASDAQ:SYRS) is expected to report quarterly loss at $0.46 per share on revenue of $2.67 million.
• Lifetime Brands (NASDAQ:LCUT) is expected to report quarterly loss at $0.22 per share on revenue of $153.76 million.
• Iron Mountain (NYSE:IRM) is likely to report quarterly earnings at $0.25 per share on revenue of $1.07 billion.
• PQ Group Holdings (NYSE:PQG) is expected to report earnings for its first quarter.
• Builders FirstSource (NASDAQ:BLDR) is estimated to report quarterly earnings at $0.71 per share on revenue of $3.78 billion.
• Cardinal Health (NYSE:CAH) is estimated to report quarterly earnings at $1.55 per share on revenue of $40.09 billion.
• Perma-Fix Envirn Servs (NASDAQ:PESI) is estimated to report earnings for its first quarter.
• GP Strategies (NYSE:GPX) is expected to report quarterly earnings at $0.16 per share on revenue of $113.66 million.
• Xenia Hotels & Resorts (NYSE:XHR) is likely to report quarterly loss at $0.55 per share on revenue of $80.22 million.
• Reata Pharmaceuticals (NASDAQ:RETA) is estimated to report quarterly loss at $2.10 per share on revenue of $1.19 million.
• VYNE Therapeutics (NASDAQ:VYNE) is expected to report quarterly loss at $0.41 per share on revenue of $5.31 million.
• Intercept Pharmaceuticals (NASDAQ:ICPT) is projected to report quarterly loss at $1.44 per share on revenue of $81.20 million.
• Horizon Global (NYSE:HZN) is estimated to report earnings for its first quarter.
• Fulcrum Therapeutics (NASDAQ:FULC) is expected to report quarterly loss at $0.66 per share on revenue of $1.42 million.
• ICL Group (NYSE:ICL) is expected to report earnings for its first quarter.
• Adaptimmune Therapeutics (NASDAQ:ADAP) is projected to report quarterly loss at $0.25 per share on revenue of $1.83 million.
• Axcella Health (NASDAQ:AXLA) is expected to report earnings for its first quarter.
• Nova Measuring (NASDAQ:NVMI) is likely to report quarterly earnings at $0.62 per share on revenue of $79.79 million.
• SSR Mining (NASDAQ:SSRM) is projected to report earnings for its first quarter.
• CareCloud (NASDAQ:MTBC) is projected to report quarterly loss at $0.39 per share on revenue of $29.39 million.
• First Industrial Realty (NYSE:FR) is projected to report quarterly earnings at $0.07 per share on revenue of $122.00 million.
• First Trust Switzerland AlphaDEX Fund (NASDAQ:FSZ) is projected to report quarterly earnings at $0.32 per share on revenue of $165.74 million.
• InfuSystems Holdings (AMEX:INFU) is likely to report quarterly earnings at $0.04 per share on revenue of $24.50 million.
• AG Mortgage Investment (NYSE:MITT) is expected to report quarterly earnings at $0.04 per share on revenue of $12.03 million.
• TherapeuticsMD (NASDAQ:TXMD) is likely to report quarterly loss at $0.12 per share on revenue of $19.77 million.
• Primo Water (NYSE:PRMW) is expected to report quarterly earnings at $0.05 per share on revenue of $477.96 million.
• VEREIT (NYSE:VER) is expected to report quarterly earnings at $0.27 per share on revenue of $287.76 million.
• Canadian Natural Res (NYSE:CNQ) is projected to report quarterly earnings at $0.84 per share on revenue of $6.01 billion.
• Shift4 Payments (NYSE:FOUR) is estimated to report earnings for its first quarter.
• Prestige Consumer (NYSE:PBH) is expected to report quarterly earnings at $0.69 per share on revenue of $1.01 billion.
• MFA Finl (NYSE:MFA) is estimated to report quarterly earnings at $0.07 per share on revenue of $26.55 million.
• DigitalOcean Holdings (NYSE:DOCN) is estimated to report quarterly earnings at $0.01 per share on revenue of $90.28 million.
• Home Point Capital (NASDAQ:HMPT) is expected to report quarterly earnings at $0.75 per share on revenue of $372.31 million.
• Vontier (NYSE:VNT) is projected to report quarterly earnings at $0.55 per share on revenue of $671.17 million.
• Clearway Energy, Inc. Class A Common Stock (NYSE:CWEN) is projected to report quarterly loss at $0.15 per share on revenue of $269.46 million.
• Karooooo (NASDAQ:KARO) is expected to report earnings for its first quarter.
• Kirkland Lake Gold (NYSE:KL) is likely to report quarterly earnings at $0.65 per share on revenue of $546.25 million.
• X4 Pharmaceuticals (NASDAQ:XFOR) is likely to report earnings for its first quarter.
• MISTRAS Group (NYSE:MG) is likely to report earnings for its first quarter.
• Colony Capital (NYSE:CLNY) is estimated to report quarterly loss at $0.20 per share on revenue of $377.97 million.
• 22nd Century Group (AMEX:XXII) is likely to report earnings for its first quarter.
• Option Care Health (NASDAQ:OPCH) is expected to report quarterly earnings at $0.02 per share on revenue of $752.47 million.
• Provention Bio (NASDAQ:PRVB) is estimated to report quarterly loss at $0.46 per share on revenue of $4.35 million.
• Oaktree Specialty Lending (NASDAQ:OCSL) is estimated to report quarterly earnings at $0.14 per share on revenue of $39.53 million.
• Nomad Foods (NYSE:NOMD) is estimated to report quarterly earnings at $0.47 per share on revenue of $841.22 million.
• Newmark Group (NASDAQ:NMRK) is expected to report quarterly earnings at $0.11 per share on revenue of $404.87 million.
• Moderna (NASDAQ:MRNA) is estimated to report quarterly earnings at $2.39 per share on revenue of $2.04 billion.
• Intellia Therapeutics (NASDAQ:NTLA) is expected to report quarterly loss at $0.67 per share on revenue of $8.57 million.
• Nine Energy Service (NYSE:NINE) is expected to report quarterly loss at $0.72 per share on revenue of $67.77 million.
• Kimbell Royalty Partners (NYSE:KRP) is expected to report quarterly earnings at $0.07 per share on revenue of $31.72 million.
• Kontoor Brands (NYSE:KTB) is expected to report quarterly earnings at $0.87 per share on revenue of $605.88 million.
• Linde (NYSE:LIN) is expected to report quarterly earnings at $2.25 per share on revenue of $7.04 billion.
• Heska (NASDAQ:HSKA) is estimated to report quarterly loss at $0.41 per share on revenue of $52.45 million.
• Iamgold (NYSE:IAG) is projected to report quarterly earnings at $1.81 per share on revenue of $784.00 million.
• International Seaways (NYSE:INSW) is expected to report quarterly loss at $0.55 per share on revenue of $48.84 million.
• GasLog Partners (NYSE:GLOP) is projected to report quarterly earnings at $0.30 per share on revenue of $79.82 million.
• Fidelity National Info (NYSE:FIS) is estimated to report quarterly earnings at $1.24 per share on revenue of $3.16 billion.
• Euronav (NYSE:EURN) is likely to report quarterly loss at $0.30 per share on revenue of $106.04 million.
• Goodrich Petroleum (AMEX:GDP) is estimated to report quarterly earnings at $0.35 per share on revenue of $31.95 million.
• Focus Financial Partners (NASDAQ:FOCS) is expected to report quarterly earnings at $0.87 per share on revenue of $382.82 million.
• Fiverr International (NYSE:FVRR) is estimated to report quarterly loss at $0.12 per share on revenue of $65.14 million.
• ChannelAdvisor (NYSE:ECOM) is expected to report quarterly earnings at $0.17 per share on revenue of $37.43 million.
• Aldeyra Therapeutics (NASDAQ:ALDX) is expected to report earnings for its first quarter.
• Autolus Therapeutics (NASDAQ:AUTL) is expected to report quarterly loss at $0.60 per share on revenue of $340.00 thousand.
• Cascade Acquisition (NYSE:CAS) is expected to report quarterly earnings at $0.35 per share on revenue of $1.24 billion.
• National Energy Services (NASDAQ:NESR) is likely to report quarterly earnings at $0.14 per share on revenue of $204.12 million.
• Global Net Lease (NYSE:GNL) is estimated to report earnings for its first quarter.
• Ironwood Pharmaceuticals (NASDAQ:IRWD) is expected to report quarterly earnings at $0.21 per share on revenue of $95.20 million.
• STORE Capital (NYSE:STOR) is expected to report quarterly earnings at $0.22 per share on revenue of $170.77 million.
• eXp World Holdings (NASDAQ:EXPI) is likely to report quarterly earnings at $0.04 per share on revenue of $552.49 million.
• Evergy (NYSE:EVRG) is estimated to report quarterly earnings at $0.48 per share on revenue of $1.12 billion.
• Welbilt (NYSE:WBT) is projected to report quarterly earnings at $0.03 per share on revenue of $291.19 million.
• Rush Street Interactive (NYSE:RSI) is expected to report quarterly earnings at $0.09 per share on revenue of $222.40 million.
• Aptiv (NYSE:APTV) is expected to report quarterly earnings at $0.78 per share on revenue of $3.62 billion.
• Harvard Bioscience (NASDAQ:HBIO) is likely to report quarterly earnings at $0.03 per share on revenue of $25.73 million.
• Starwood Property Trust (NYSE:STWD) is estimated to report quarterly earnings at $0.49 per share on revenue of $279.80 million.
• Epizyme (NASDAQ:EPZM) is likely to report quarterly loss at $0.58 per share on revenue of $6.56 million.
• AdaptHealth (NASDAQ:AHCO) is estimated to report quarterly earnings at $0.23 per share on revenue of $486.34 million.
• Bio-Techne (NASDAQ:TECH) is likely to report quarterly earnings at $1.55 per share on revenue of $228.22 million.
• Select Interior Concepts (NASDAQ:SIC) is likely to report quarterly loss at $0.11 per share on revenue of $136.20 million.
• BGSF (NYSE:BGSF) is projected to report quarterly earnings at $0.12 per share on revenue of $68.19 million.
• Insmed (NASDAQ:INSM) is projected to report quarterly loss at $0.88 per share on revenue of $41.64 million.
• Chimerix (NASDAQ:CMRX) is expected to report quarterly loss at $0.41 per share on revenue of $450.00 thousand.
• World Acceptance (NASDAQ:WRLD) is estimated to report quarterly earnings at $5.08 per share on revenue of $150.81 million.
• InterDigital (NASDAQ:IDCC) is projected to report earnings for its first quarter.
• Vonage Hldgs (NASDAQ:VG) is expected to report quarterly earnings at $0.04 per share on revenue of $317.12 million.
• Walker & Dunlop (NYSE:WD) is expected to report quarterly earnings at $1.94 per share on revenue of $248.50 million.
• US Physical Therapy (NYSE:USPH) is projected to report quarterly earnings at $0.46 per share on revenue of $110.90 million.
• Denbury (NYSE:DEN) is likely to report quarterly earnings at $0.30 per share on revenue of $204.61 million.
• Agenus (NASDAQ:AGEN) is estimated to report quarterly loss at $0.31 per share on revenue of $14.53 million.
• BioCryst Pharmaceuticals (NASDAQ:BCRX) is likely to report quarterly loss at $0.27 per share on revenue of $8.89 million.
• Proto Labs (NYSE:PRLB) is projected to report quarterly earnings at $0.42 per share on revenue of $113.22 million.
• Regis (NYSE:RGS) is projected to report quarterly loss at $0.01 per share on revenue of $123.65 million.
• Norwegian Cruise Line (NYSE:NCLH) is expected to report quarterly loss at $2.05 per share on revenue of $10.52 million.
• Gogo (NASDAQ:GOGO) is estimated to report quarterly loss at $0.13 per share on revenue of $73.85 million.
• II-VI (NASDAQ:IIVI) is likely to report quarterly earnings at $0.88 per share on revenue of $772.27 million.
• Vista Outdoor (NYSE:VSTO) is estimated to report quarterly earnings at $0.64 per share on revenue of $530.15 million.
• Atlantica Sustainable (NASDAQ:AY) is projected to report quarterly loss at $0.08 per share on revenue of $248.23 million.
• Targa Resources (NYSE:TRGP) is projected to report quarterly earnings at $0.17 per share on revenue of $2.47 billion.
• Amyris (NASDAQ:AMRS) is likely to report quarterly loss at $0.02 per share on revenue of $73.36 million.
• Dentsply Sirona (NASDAQ:XRAY) is expected to report quarterly earnings at $0.56 per share on revenue of $948.71 million.
• New Jersey Resources (NYSE:NJR) is likely to report quarterly earnings at $1.13 per share on revenue of $646.00 million.
• Treehouse Foods (NYSE:THS) is expected to report quarterly earnings at $0.32 per share on revenue of $1.09 billion.
• The Middleby (NASDAQ:MIDD) is likely to report quarterly earnings at $1.62 per share on revenue of $728.70 million.
• SeaWorld Entertainment (NYSE:SEAS) is expected to report quarterly loss at $0.77 per share on revenue of $123.62 million.
• EVO Payments (NASDAQ:EVOP) is estimated to report quarterly earnings at $0.12 per share on revenue of $104.59 million.
• Quanta Services (NYSE:PWR) is estimated to report quarterly earnings at $0.73 per share on revenue of $2.73 billion.
• EchoStar (NASDAQ:SATS) is projected to report quarterly loss at $0.04 per share on revenue of $466.90 million.
• NRG Energy (NYSE:NRG) is expected to report quarterly earnings at $0.13 per share on revenue of $3.00 billion.
• NetScout Systems (NASDAQ:NTCT) is likely to report quarterly earnings at $0.44 per share on revenue of $215.09 million.
• OGE Energy (NYSE:OGE) is projected to report quarterly earnings at $0.22 per share on revenue of $479.04 million.
• Penn National Gaming (NASDAQ:PENN) is projected to report quarterly earnings at $0.29 per share on revenue of $1.14 billion.
• Suburban Propane Partners (NYSE:SPH) is estimated to report quarterly earnings at $1.73 per share on revenue of $431.89 million.
• Shyft Group (NASDAQ:SHYF) is estimated to report quarterly earnings at $0.33 per share on revenue of $192.66 million.
• Terminix Global Hldgs (NYSE:TMX) is expected to report quarterly earnings at $0.22 per share on revenue of $466.89 million.
• Insight Enterprises (NASDAQ:NSIT) is estimated to report quarterly earnings at $1.43 per share on revenue of $2.15 billion.
• Sprague Resources (NYSE:SRLP) is estimated to report quarterly earnings at $0.77 per share on revenue of $697.20 million.
• Acushnet Holdings (NYSE:GOLF) is estimated to report quarterly earnings at $0.63 per share on revenue of $497.73 million.
• Hain Celestial Group (NASDAQ:HAIN) is estimated to report quarterly earnings at $0.38 per share on revenue of $507.95 million.
• GasLog (NYSE:GLOG) is likely to report quarterly earnings at $0.34 per share on revenue of $200.60 million.
• Hecla Mining (NYSE:HL) is projected to report quarterly earnings at $0.04 per share on revenue of $209.04 million.
• Liquidity Services (NASDAQ:LQDT) is projected to report quarterly earnings at $0.11 per share on revenue of $55.36 million.
• Laureate Education (NASDAQ:LAUR) is expected to report quarterly loss at $0.44 per share on revenue of $190.80 million.
• Maximus (NYSE:MMS) is likely to report quarterly earnings at $0.82 per share on revenue of $850.65 million.
• Houghton Mifflin Harcourt (NASDAQ:HMHC) is estimated to report quarterly loss at $0.51 per share on revenue of $121.00 million.
• Himax Technologies (NASDAQ:HIMX) is expected to report quarterly earnings at $0.35 per share on revenue of $299.17 million.
• Triple-S Management (NYSE:GTS) is projected to report earnings for its first quarter.
• EPAM Systems (NYSE:EPAM) is projected to report quarterly earnings at $1.68 per share on revenue of $763.88 million.
• Deluxe (NYSE:DLX) is estimated to report quarterly earnings at $1.13 per share on revenue of $440.45 million.
• Edgewell Personal Care (NYSE:EPC) is expected to report quarterly earnings at $0.59 per share on revenue of $532.95 million.
• Core-Mark Holding Co (NASDAQ:CORE) is estimated to report quarterly earnings at $0.22 per share on revenue of $3.93 billion.
• BioDelivery Sciences Intl (NASDAQ:BDSI) is expected to report quarterly earnings at $0.07 per share on revenue of $41.34 million.
• Sally Beauty Holdings (NYSE:SBH) is likely to report quarterly earnings at $0.15 per share on revenue of $824.97 million.
• AAON (NASDAQ:AAON) is expected to report quarterly earnings at $0.27 per share on revenue of $113.79 million.
• ACI Worldwide (NASDAQ:ACIW) is projected to report quarterly loss at $0.09 per share on revenue of $276.66 ...Full story available on Benzinga.com",2021-05-06 08:16:53+00:00,https://www.benzinga.com/news/earnings/21/05/20981905/earnings-scheduled-for-may-6-2021,Benzinga,0.011138411138411125,0.5095862095862091,neutral,0.011138411138411125,True,True,False,False,False,False,True,True,0.0,16396,"['SRLP', 'TCX', 'WTRH', 'THS', 'PLNT', 'SPRO', 'WD', 'VNTR', 'PPL', 'PBPB', 'UMH', 'PTON', 'TMX', 'VER', 'STFC', 'USCR', 'SSRM', 'PWR', 'REPH', 'PCTI', 'XFOR', 'TPL', 'SPXC', 'STMP', 'ZGNX', 'ROKU', 'RC', 'TSE', 'PDFS', 'PTMN', 'TWI', 'SQ', 'SYNA', 'YELP', 'PQG', 'REG', 'PCTY', 'PENN', 'PGNY', 'UFS', 'TRHC', 'TACT', 'POST', 'TPR', 'RGA', 'RGS', 'TRUE', 'PESI', 'SHYF', 'UIS', 'RETA', 'TECH', 'PRLB', 'VCTR', 'SBH', 'TMST', 'PODD', 'VYNE', 'USM', 'VEL', 'TRIN', 'XXII', 'WFG', 'SFE', 'TTOO', 'PRAA', 'VNT', 'UTI', 'SRTS', 'UEIC', 'TXMD', 'PRVB', 'SPH', 'W', 'PZZA', 'TVTX', 'VG', 'SYRS', 'UEPS', 'SCM', 'TCDA', 'SWX', 'RSI', 'QDEL', 'WCC', 'TPIC', 'USPH', 'PBYI', 'SVMK', 'SIC', 'SXI', 'STOR', 'REFR', 'Y', 'PRDO', 'WLDN', 'SEAS', 'YMAB', 'TC', 'SHAK', 'REGN', 'SEM', 'PK', 'WPRT', 'ZTS', 'REZI', 'TDC', 'VSTO', 'SALM', 'PMT', 'UNIT', 'WRLD', 'PFSI', 'RVLV', 'TDS', 'XHR', 'SATS', 'STWD', 'WBT', 'XRAY', 'SFM', 'TWST', 'TDW', 'VRAY', 'SCOR', 'PRMW', 'VIAC', 'ZIOP', 'RMAX', 'VIR', 'TEN', 'RPD', 'SIGA', 'TRGP', 'WPM', 'PHX', 'XLRN']",TRGP,2021-05-06
Targa Resources Corp (TRGP) Q1 2021 Earnings Call Transcript,"TRGP earnings call for the period ending March 31, 2021.",2021-05-07 01:00:48+00:00,https://www.fool.com/earnings/call-transcripts/2021/05/06/targa-resources-corp-trgp-q1-2021-earnings-call-tr/?source=iedfolrf0000001,The Motley Fool,0.0,0.0,neutral,0.0,True,False,False,False,False,False,False,False,0.0,118,['TRGP'],TRGP,2021-05-07
Stocks That Hit 52-Week Highs On Monday,"This morning 792 companies reached new 52-week highs.
Points of Interest:

JPMorgan Chase (NYSE: JPM) was the largest company by market cap to set a new 52-week high.
The smallest company when looking at market cap to set a new 52-week high was Tortoise Energy (NYSE: NDP).
Protagenic Therapeutics (NASDAQ: PTIX)'s stock gained the most, trading up 48.0% to reach a new 52-week high.

The stocks that set new 52-week highs during the first half-hour of trading on Monday:

JPMorgan Chase (NYSE: JPM) shares hit $163.60 on Monday morning, setting a new 52-week high for a change of up 1.27%.
UnitedHealth Group (NYSE: UNH) shares were up 1.25% for the day, having made a 52-week high of $424.24.
Home Depot (NYSE: HD) shares were up 1.15% for the day, having made a 52-week high of $344.55.
Bank of America (NYSE: BAC) stock made a new 52-week high of $42.94 Monday. The stock was up 1.39% for the day.
Comcast (NASDAQ: CMCSA) shares reached a new 52-week high of $59.11 on Monday morning, moving up 0.82%.
Exxon Mobil (NYSE: XOM) shares hit a yearly high of $64.02. The stock traded up 1.24% on the session.
Coca-Cola (NYSE: KO) shares set a new 52-week high of $55.49 on Monday, moving up 1.44%.
Cisco Systems (NASDAQ: CSCO) shares reached a new 52-week high of $54.14 on Monday morning, moving up 0.7%.
Chevron (NYSE: CVX) shares hit $113.10 on Monday morning, setting a new 52-week high for a change of up 1.0%.
AbbVie (NYSE: ABBV) shares achieved a new 52-week high on Monday morning, hitting $117.18 with a daily change of up 0.53%.
BHP Group (NYSE: BHP) shares hit a new 52-week high of $82.07. The stock traded up 2.19% on the session.
Wells Fargo (NYSE: WFC) shares hit a new 52-week high of $47.35. The stock traded up 1.14% on the session.
United Parcel Service (NYSE: UPS) stock hit a yearly high price of $219.57. The stock was up 0.84% for the day.
Novo Nordisk (NYSE: NVO) shares set a new 52-week high of $76.65 on Monday, moving up 0.85%.
BHP Gr (NYSE: BBL) shares reached a new 52-week high of $68.05 on Monday morning, moving up 1.8%.
Morgan Stanley (NYSE: MS) shares reached a new 52-week high of $88.87 on Monday morning, moving down 0.21%.
Citigroup (NYSE: C) shares hit a yearly high of $76.78. The stock traded up 1.93% on the session.
Linde (NYSE: LIN) shares set a new yearly high of $303.73 this morning. The stock was up 0.88% on the session.
Rio Tinto (NYSE: RIO) shares were up 2.2% on Monday to hit a new 52-week high of $95.97 for a change of up 2.2%.
Philip Morris Intl (NYSE: PM) shares reached a new 52-week high of $98.62 on Monday morning, moving up 1.0%.
Union Pacific (NYSE: UNP) shares hit a new 52-week high of $231.26. The stock traded up 0.29% on the session.
Lowe's Companies (NYSE: LOW) stock made a new 52-week high of $213.43 Monday. The stock was up 2.03% for the day.
Royal Bank of Canada (NYSE: RY) stock made a new 52-week high of $100.33 Monday. The stock was up 1.15% for the day.
Charles Schwab (NYSE: SCHW) shares were up 0.92% for the day, having made a 52-week high of $72.53.
BlackRock (NYSE: BLK) shares broke to a new 52-week high of $880.67 on Monday. Shares of the company traded up 0.55%.
Caterpillar (NYSE: CAT) shares were up 1.48% on Monday morning to hit a new 52-week high of $245.75.
Charter Communications (NASDAQ: CHTR) shares were up 0.88% for the day, having made a 52-week high of $700.97.
Raytheon Technologies (NYSE: RTX) shares achieved a new 52-week high on Monday morning, hitting $87.04 with a daily change of up 0.95%.
HSBC Holdings (NYSE: HSBC) shares were up 1.41% on Monday to hit a new 52-week high of $32.17 for a change of up 1.41%.
Toronto-Dominion Bank (NYSE: TD) shares hit a new 52-week high of $71.67. The stock traded up 0.84% on the session.
American Express (NYSE: AXP) stock hit a yearly high price of $160.68. The stock was up 0.6% for the day.
Goldman Sachs Group (NYSE: GS) shares broke to $376.95 on Monday, setting a new 52-week high with a change of up 1.02%.
Deere (NYSE: DE) shares broke to a new 52-week high of $400.34 on Monday. Shares of the company traded up 0.67%.
3M (NYSE: MMM) stock made a new 52-week high of $208.30 Monday. The stock was up 2.37% for the day.
Vale (NYSE: VALE) stock made a new 52-week high of $23.02 Monday. The stock was up 2.6% for the day.
CVS Health (NYSE: CVS) shares set a new yearly high of $86.98 this morning. The stock was up 1.95% on the session.
Diageo (NYSE: DEO) stock hit a yearly high price of $184.66. The stock was up 0.51% for the day.
Target (NYSE: TGT) shares hit $216.90 on Monday morning, setting a new 52-week high for a change of up 0.73%.
Anthem (NYSE: ANTM) shares broke to $405.23 on Monday, setting a new 52-week high with a change of up 1.43%.
Cigna (NYSE: CI) shares were up 3.91% for the day, having made a 52-week high of $271.74.
U.S. Bancorp (NYSE: USB) shares were up 1.21% on Monday to hit a new 52-week high of $62.26 for a change of up 1.21%.
TJX Companies (NYSE: TJX) stock on Monday broke to a yearly high of $74.64. Shares traded up 0.93%.
Mondelez International (NASDAQ: MDLZ) shares achieved a new 52-week high on Monday morning, hitting $62.67 with a daily change of up 0.89%.
Prologis (NYSE: PLD) stock on Monday broke to a yearly high of $117.48. Shares traded up 1.24%.
PNC Financial Services Gr (NYSE: PNC) shares hit a yearly high of $203.88. The stock traded up 1.42% on the session.
FedEx (NYSE: FDX) shares broke to $317.00 on Monday, setting a new 52-week high with a change of up 0.25%.
Truist Financial (NYSE: TFC) stock set a new 52-week high of $62.10 Monday morning. Over the session, the stock traded up 0.35%.
Enbridge (NYSE: ENB) shares hit a new 52-week high of $40.35. The stock traded up 1.17% on the session.
Bank of Nova Scotia (NYSE: BNS) shares hit $66.12 on Monday morning, setting a new 52-week high for a change of up 0.83%.
Duke Energy (NYSE: DUK) shares were up 1.84% on Monday to hit a new 52-week high of $102.95 for a change of up 1.84%.
CSX (NASDAQ: CSX) shares were up 0.75% on Monday to hit a new 52-week high of $104.38 for a change of up 0.75%.
Illinois Tool Works (NYSE: ITW) shares were up 1.41% on Monday morning to hit a new 52-week high of $241.71.
Westpac Banking (NYSE: WBK) shares set a new 52-week high of $20.79 on Monday, moving up 1.07%.
PetroChina Co (NYSE: PTR) shares broke to $41.60 on Monday, setting a new 52-week high with a change of up 3.6%.
Norfolk Southern (NYSE: NSC) shares hit a new 52-week high of $294.25. The stock traded up 1.09% on the session.
Brookfield Asset Mgmt (NYSE: BAM) shares broke to a new 52-week high of $47.01 on Monday. Shares of the company traded up 0.75%.
Capital One Financial (NYSE: COF) shares achieved a new 52-week high on Monday morning, hitting $160.31 with a daily change of up 0.81%.
Southern (NYSE: SO) shares were up 0.94% for the day, having made a 52-week high of $66.89.
Marsh & McLennan (NYSE: MMC) shares reached a new 52-week high of $139.08 on Monday morning, moving up 0.77%.
Equinor (NYSE: EQNR) stock set a new 52-week high of $22.02 Monday morning. Over the session, the stock traded down 0.5%.
HCA Healthcare (NYSE: HCA) shares broke to $213.34 on Monday, setting a new 52-week high with a change of up 1.12%.
Banco Santander (NYSE: SAN) shares were up 2.04% on Monday morning to hit a new 52-week high of $4.04.
Freeport-McMoRan (NYSE: FCX) shares hit a new 52-week high of $46.10. The stock traded up 0.13% on the session.
Blackstone Group (NYSE: BX) shares hit $91.41 on Monday morning, setting a new 52-week high for a change of up 0.52%.
Bank of Montreal (NYSE: BMO) stock on Monday broke to a yearly high of $98.13. Shares traded up 0.94%.
Southern Copper (NYSE: SCCO) shares were up 6.62% for the day, having made a 52-week high of $83.29.
Progressive (NYSE: PGR) shares hit a yearly high of $107.15. The stock traded up 1.18% on the session.
Waste Management (NYSE: WM) stock made a new 52-week high of $144.43 Monday. The stock was up 2.07% for the day.
Northrop Grumman (NYSE: NOC) shares were up 1.5% on Monday morning to hit a new 52-week high of $377.52.
Eaton Corp (NYSE: ETN) shares were up 1.23% for the day, having made a 52-week high of $149.31.
MetLife (NYSE: MET) stock set a new 52-week high of $67.45 Monday morning. Over the session, the stock traded down 0.31%.
Prudential (NYSE: PUK) stock hit a yearly high price of $44.94. The stock was up 0.48% for the day.
Aon (NYSE: AON) shares achieved a new 52-week high on Monday morning, hitting $260.97 with a daily change of up 0.64%.
Emerson Electric (NYSE: EMR) stock hit a yearly high price of $96.90. The stock was up 1.64% for the day.
Vodafone Group (NASDAQ: VOD) shares reached a new 52-week high of $20.35 on Monday morning, moving up 1.52%.
General Dynamics (NYSE: GD) shares broke to $197.42 on Monday, setting a new 52-week high with a change of up 1.19%.
Canadian Pacific Railway (NYSE: CP) stock on Monday broke to a yearly high of $401.57. Shares traded up 0.71%.
Kraft Heinz (NASDAQ: KHC) shares were up 0.39% for the day, having made a 52-week high of $44.06.
ING Groep (NYSE: ING) shares set a new yearly high of $13.48 this morning. The stock was up 1.05% on the session.
Dow (NYSE: DOW) shares were up 1.29% on Monday morning to hit a new 52-week high of $70.60.
Keurig Dr Pepper (NASDAQ: KDP) stock on Monday broke to a yearly high of $36.81. Shares traded down 0.22%.
TC Energy (NYSE: TRP) shares broke to $51.92 on Monday, setting a new 52-week high with a change of up 0.86%.
EOG Resources (NYSE: EOG) shares were up 2.0% on Monday to hit a new 52-week high of $86.56 for a change of up 2.0%.
Canadian Imperial Bank (NYSE: CM) shares hit $108.72 on Monday morning, setting a new 52-week high for a change of up 0.71%.
Ross Stores (NASDAQ: ROST) shares were up 0.62% on Monday to hit a new 52-week high of $134.22 for a change of up 0.62%.
Johnson Controls Intl (NYSE: JCI) stock on Monday broke to a yearly high of $66.38. Shares traded up 0.75%.
Lloyds Banking Group (NYSE: LYG) stock set a new 52-week high of $2.68 Monday morning. Over the session, the stock traded up 3.09%.
National Grid (NYSE: NGG) stock set a new 52-week high of $65.70 Monday morning. Over the session, the stock traded up 1.0%.
Bank of New York Mellon (NYSE: BK) shares broke to $52.66 on Monday, setting a new 52-week high with a change of up 1.36%.
TE Connectivity (NYSE: TEL) shares reached a new 52-week high of $138.91 on Monday morning, moving down 0.32%.
Schlumberger (NYSE: SLB) stock on Monday broke to a yearly high of $32.87. Shares traded up 1.85%.
Eni (NYSE: E) stock hit a yearly high price of $25.50. The stock was up 0.08% for the day.
L3Harris Technologies (NYSE: LHX) shares were up 0.15% for the day, having made a 52-week high of $221.49.
American Intl Gr (NYSE: AIG) shares were up 1.19% on Monday morning to hit a new 52-week high of $52.45.
Trane Technologies (NYSE: TT) shares reached a new 52-week high of $186.77 on Monday morning, moving up 1.52%.
BCE (NYSE: BCE) shares broke to a new 52-week high of $49.32 on Monday. Shares of the company traded up 1.08%.
HP (NYSE: HPQ) shares achieved a new 52-week high on Monday morning, hitting $36.00 with a daily change of down 0.2%.
T. Rowe Price Gr (NASDAQ: TROW) shares set a new 52-week high of $191.63 on Monday, moving up 0.85%.
PPG Industries (NYSE: PPG) shares set a new 52-week high of $181.35 on Monday, moving up 0.68%.
Prudential Financial (NYSE: PRU) shares set a new 52-week high of $107.48 on Monday, moving up 1.12%.
Simon Property Group (NYSE: SPG) shares hit a new 52-week high of $127.63. The stock traded up 1.82% on the session.
Wipro (NYSE: WIT) stock hit a yearly high price of $7.69. The stock was up 1.19% for the day.
Parker Hannifin (NYSE: PH) shares reached a new 52-week high of $324.68 on Monday morning, moving up 0.99%.
Pioneer Natural Resources (NYSE: PXD) stock on Monday broke to a yearly high of $175.37. Shares traded up 1.39%.
Kinder Morgan (NYSE: KMI) stock hit a yearly high price of $18.22. The stock was up 2.05% for the day.
Travelers Companies (NYSE: TRV) shares reached a new 52-week high of $162.44 on Monday morning, moving up 0.83%.
Canadian Natural Res (NYSE: CNQ) stock set a new 52-week high of $34.75 Monday morning. Over the session, the stock traded down 0.17%.
Allstate (NYSE: ALL) shares set a new 52-week high of $136.18 on Monday, moving up 2.7%.
CRH (NYSE: CRH) shares reached a new 52-week high of $51.42 on Monday morning, moving up 0.47%.
BBVA (NYSE: BBVA) shares set a new yearly high of $6.05 this morning. The stock was up 1.27% on the session.
O'Reilly Automotive (NASDAQ: ORLY) shares reached a new 52-week high of $568.61 on Monday morning, moving up 0.81%.
Carrier Global (NYSE: CARR) shares were up 1.45% for the day, having made a 52-week high of $45.51.
Marathon Petroleum (NYSE: MPC) shares broke to a new 52-week high of $61.10 on Monday. Shares of the company traded up 0.52%.
Aflac (NYSE: AFL) shares were up 1.61% for the day, having made a 52-week high of $57.20.
LyondellBasell Industries (NYSE: LYB) shares hit a new 52-week high of $116.77. The stock traded up 0.07% on the session.
D.R. Horton (NYSE: DHI) shares hit a new 52-week high of $106.14. The stock traded up 1.84% on the session.
Archer-Daniels Midland (NYSE: ADM) shares broke to a new 52-week high of $68.53 on Monday. Shares of the company traded up 1.77%.
Paychex (NASDAQ: PAYX) stock on Monday broke to a yearly high of $102.61. Shares traded up 1.32%.
Discover Financial (NYSE: DFS) stock made a new 52-week high of $121.44 Monday. The stock was up 0.63% for the day.
Yum Brands (NYSE: YUM) shares reached a new 52-week high of $122.43 on Monday morning, moving up 0.87%.
Stanley Black & Decker (NYSE: SWK) stock hit a yearly high price of $224.82. The stock was up 2.25% for the day.
Republic Services (NYSE: RSG) shares set a new 52-week high of $113.00 on Monday, moving up 1.61%.
ArcelorMittal (NYSE: MT) stock hit a yearly high price of $33.95. The stock was up 1.62% for the day.
Suncor Energy (NYSE: SU) shares set a new 52-week high of $24.11 on Monday, moving down 0.17%.
Nutrien (NYSE: NTR) stock on Monday broke to a yearly high of $62.31. Shares traded up 1.22%.
Hershey (NYSE: HSY) shares broke to a new 52-week high of $170.84 on Monday. Shares of the company traded up 1.18%.
Willis Towers Watson (NASDAQ: WLTW) shares set a new yearly high of $271.87 this morning. The stock was up 0.44% on the session.
Lennar (NYSE: LEN) stock hit a yearly high price of $109.86. The stock was up 1.28% for the day.
Motorola Solutions (NYSE: MSI) shares reached a new 52-week high of $202.99 on Monday morning, moving up 1.53%.
AutoZone (NYSE: AZO) shares achieved a new 52-week high on Monday morning, hitting $1,538.38 with a daily change of up 1.51%.
First Republic Bank (NYSE: FRC) shares achieved a new 52-week high on Monday morning, hitting $190.70 with a daily change of up 1.21%.
Waste Connections (NYSE: WCN) shares hit a yearly high of $124.82. The stock traded up 1.03% on the session.
McKesson (NYSE: MCK) shares reached a new 52-week high of $204.66 on Monday morning, moving up 3.4%.
Liberty Broadband (NASDAQ: LBRDK) shares achieved a new 52-week high on Monday morning, hitting $168.19 with a daily change of up 0.61%.
NatWest Group (NYSE: NWG) shares hit $5.79 on Monday morning, setting a new 52-week high for a change of down 0.53%.
Sun Life Financial (NYSE: SLF) shares were up 0.57% on Monday morning to hit a new 52-week high of $55.02.
SVB Finl Gr (NASDAQ: SIVB) shares reached a new 52-week high of $592.34 on Monday morning, moving up 0.27%.
AMETEK (NYSE: AME) shares were up 0.95% on Monday morning to hit a new 52-week high of $138.86.
Best Buy Co (NYSE: BBY) shares were up 3.75% on Monday morning to hit a new 52-week high of $128.16.
Old Dominion Freight Line (NASDAQ: ODFL) stock hit a yearly high price of $274.77. The stock was up 1.65% for the day.
Liberty Broadband (NASDAQ: LBRDA) shares set a new 52-week high of $162.86 on Monday, moving up 0.53%.
Weyerhaeuser (NYSE: WY) shares reached a new 52-week high of $41.67 on Monday morning, moving up 3.87%.
Ameriprise Financial (NYSE: AMP) shares were up 0.71% for the day, having made a 52-week high of $268.74.
Williams Companies (NYSE: WMB) stock set a new 52-week high of $25.62 Monday morning. Over the session, the stock traded up 0.93%.
State Street (NYSE: STT) shares were up 1.57% on Monday to hit a new 52-week high of $88.70 for a change of up 1.57%.
Nucor (NYSE: NUE) shares reached a new 52-week high of $103.96 on Monday morning, moving up 4.24%.
Fifth Third Bancorp (NASDAQ: FITB) shares broke to $43.06 on Monday, setting a new 52-week high with a change of up 0.66%.
Arthur J. Gallagher (NYSE: AJG) shares set a new 52-week high of $153.95 on Monday, moving up 1.63%.
TELUS (NYSE: TU) shares broke to $21.91 on Monday, setting a new 52-week high with a change of up 1.1%.
CBRE Group (NYSE: CBRE) stock on Monday broke to a yearly high of $88.24. Shares traded up 1.01%.
Equifax (NYSE: EFX) shares hit a new 52-week high of $242.03. The stock traded up 0.69% on the session.
DTE Energy (NYSE: DTE) stock hit a yearly high price of $145.17. The stock was up 2.16% for the day.
Kansas City Southern (NYSE: KSU) shares reached a new 52-week high of $308.90 on Monday morning, moving up 1.05%.
Garmin (NASDAQ: GRMN) shares set a new 52-week high of $144.89 on Monday, moving up 0.8%.
POSCO (NYSE: PKX) shares hit a yearly high of $92.15. The stock traded up 2.09% on the session.
AvalonBay Communities (NYSE: AVB) shares were up 1.5% on Monday morning to hit a new 52-week high of $199.48.
Laboratory Corp (NYSE: LH) stock on Monday broke to a yearly high of $280.69. Shares traded up 0.87%.
Synchrony Finl (NYSE: SYF) stock made a new 52-week high of $47.21 Monday. The stock was up 2.15% for the day.
Nasdaq (NASDAQ: NDAQ) shares hit a yearly high of $166.79. The stock traded up 0.75% on the session.
Ryanair Holdings (NASDAQ: RYAAY) shares hit a yearly high of $120.96. The stock traded up 0.56% on the session.
Alexandria Real Estate (NYSE: ARE) shares hit $181.70 on Monday morning, setting a new 52-week high for a change of up 1.93%.
Coca-Cola European (NYSE: CCEP) stock set a new 52-week high of $57.61 Monday morning. Over the session, the stock traded up 0.44%.
Vulcan Materials (NYSE: VMC) shares hit $193.84 on Monday morning, setting a new 52-week high for a change of up 1.0%.
Hess (NYSE: HES) shares hit a new 52-week high of $84.27. The stock traded up 1.14% on the session.
United Rentals (NYSE: URI) shares hit a yearly high of $353.88. The stock traded up 1.4% on the session.
Northern Trust (NASDAQ: NTRS) shares were up 1.35% for the day, having made a 52-week high of $121.22.
W.W. Grainger (NYSE: GWW) stock on Monday broke to a yearly high of $478.60. Shares traded up 2.71%.
DISH Network (NASDAQ: DISH) stock on Monday broke to a yearly high of $47.04. Shares traded up 0.11%.
International Paper (NYSE: IP) stock on Monday broke to a yearly high of $62.66. Shares traded up 1.4%.
ONEOK (NYSE: OKE) shares were up 1.82% on Monday to hit a new 52-week high of $54.62 for a change of up 1.82%.
Martin Marietta Materials (NYSE: MLM) shares broke to a new 52-week high of $382.70 on Monday. Shares of the company traded up 1.04%.
Tractor Supply (NASDAQ: TSCO) shares broke to $199.25 on Monday, setting a new 52-week high with a change of up 1.67%.
Imperial Oil (AMEX: IMO) shares were down 0.03% for the day, having made a 52-week high of $31.90.
CNH Industrial (NYSE: CNHI) stock on Monday broke to a yearly high of $17.13. Shares traded up 0.77%.
KeyCorp (NYSE: KEY) stock on Monday broke to a yearly high of $23.42. Shares traded up 0.98%.
CGI (NYSE: GIB) stock made a new 52-week high of $91.33 Monday. The stock was down 0.86% for the day.
Dover (NYSE: DOV) shares broke to $155.33 on Monday, setting a new 52-week high with a change of up 1.36%.
Burlington Stores (NYSE: BURL) shares were up 0.46% on Monday morning to hit a new 52-week high of $333.60.
Regions Financial (NYSE: RF) shares hit a new 52-week high of $23.26. The stock traded up 0.57% on the session.
Xylem (NYSE: XYL) shares were up 0.75% on Monday to hit a new 52-week high of $120.73 for a change of up 0.75%.
Caesars Entertainment (NASDAQ: CZR) shares were down 2.02% on Monday to hit a new 52-week high of $106.85 for a change of down 2.02%.
Hewlett Packard (NYSE: HPE) stock set a new 52-week high of $16.74 Monday morning. Over the session, the stock traded up 0.21%.
Fortis (NYSE: FTS) shares set a new yearly high of $45.86 this morning. The stock was up 0.95% on the session.
M&T Bank (NYSE: MTB) stock hit a yearly high price of $166.06. The stock was up 1.44% for the day.
Citizens Financial Group (NYSE: CFG) stock set a new 52-week high of $50.24 Monday morning. Over the session, the stock traded up 0.46%.
Cheniere Energy (AMEX: LNG) shares set a new 52-week high of $83.35 on Monday, moving down 0.34%.
KB Financial Group (NYSE: KB) stock set a new 52-week high of $53.67 Monday morning. Over the session, the stock traded up 0.25%.
Expeditors International (NASDAQ: EXPD) stock on Monday broke to a yearly high of $120.84. Shares traded up 1.25%.
SK Telecom Co (NYSE: SKM) stock set a new 52-week high of $31.80 Monday morning. Over the session, the stock traded up 1.05%.
Ally Financial (NYSE: ALLY) shares were up 0.85% on Monday to hit a new 52-week high of $55.14 for a change of up 0.85%.
Invitation Homes (NYSE: INVH) shares were up 1.11% for the day, having made a 52-week high of $35.48.
Shinhan Financial Group (NYSE: SHG) stock set a new 52-week high of $38.49 Monday morning. Over the session, the stock traded up 2.91%.
Waters (NYSE: WAT) shares were up 1.42% on Monday to hit a new 52-week high of $319.60 for a change of up 1.42%.
L Brands (NYSE: LB) stock made a new 52-week high of $70.66 Monday. The stock was up 4.5% for the day.
Genuine Parts (NYSE: GPC) shares hit a yearly high of $135.79. The stock traded up 1.25% on the session.
Amcor (NYSE: AMCR) shares were up 1.65% on Monday to hit a new 52-week high of $12.72 for a change of up 1.65%.
Cincinnati Financial (NASDAQ: CINF) shares set a new 52-week high of $122.80 on Monday, moving up 0.34%.
Broadridge Financial Soln (NYSE: BR) stock made a new 52-week high of $167.27 Monday. The stock was up 1.63% for the day.
JB Hunt Transport Servs (NASDAQ: JBHT) stock set a new 52-week high of $183.55 Monday morning. Over the session, the stock traded up 2.49%.
Tradeweb Markets (NASDAQ: TW) stock hit a yearly high price of $83.23. The stock was up 0.62% for the day.
NVR (NYSE: NVR) shares hit $5,301.80 on Monday morning, setting a new 52-week high for a change of up 1.38%.
Celanese (NYSE: CE) shares reached a new 52-week high of $171.00 on Monday morning, moving down 0.09%.
Raymond James Financial (NYSE: RJF) stock made a new 52-week high of $138.12 Monday. The stock was up 0.77% for the day.
Jacobs Engineering Group (NYSE: J) shares hit a new 52-week high of $145.32. The stock traded up 3.0% on the session.
Avery Dennison (NYSE: AVY) shares were up 1.68% on Monday to hit a new 52-week high of $225.34 for a change of up 1.68%.
Omnicom Group (NYSE: OMC) shares were up 1.08% on Monday to hit a new 52-week high of $86.14 for a change of up 1.08%.
Mid-America Apartment (NYSE: MAA) shares achieved a new 52-week high on Monday morning, hitting $160.52 with a daily change of up 2.07%.
Principal Financial Gr (NASDAQ: PFG) shares were up 1.05% for the day, having made a 52-week high of $67.67.
Pool (NASDAQ: POOL) stock hit a yearly high price of $447.45. The stock was up 0.52% for the day.
Devon Energy (NYSE: DVN) shares were up 0.31% on Monday to hit a new 52-week high of $27.31 for a change of up 0.31%.
Franklin Resources (NYSE: BEN) shares were up 3.32% on Monday morning to hit a new 52-week high of $35.35.
Pembina Pipeline (NYSE: PBA) shares reached a new 52-week high of $32.38 on Monday morning, moving up 1.18%.
Masco (NYSE: MAS) shares set a new yearly high of $68.23 this morning. The stock was up 1.9% on the session.
Quest Diagnostics (NYSE: DGX) stock hit a yearly high price of $142.26. The stock was up 2.15% for the day.
Eastman Chemical (NYSE: EMN) shares hit $127.44 on Monday morning, setting a new 52-week high for a change of up 1.01%.
Boston Properties (NYSE: BXP) shares hit a yearly high of $110.54. The stock traded up 1.48% on the session.
Markel (NYSE: MKL) shares were up 1.82% for the day, having made a 52-week high of $1,249.24.
WPP (NYSE: WPP) shares were up 0.53% for the day, having made a 52-week high of $70.12.
PulteGroup (NYSE: PHM) shares hit $63.63 on Monday morning, setting a new 52-week high for a change of up 2.61%.
XPO Logistics (NYSE: XPO) shares were up 1.05% for the day, having made a 52-week high of $149.34.
Whirlpool (NYSE: WHR) shares were up 1.46% on Monday to hit a new 52-week high of $257.36 for a change of up 1.46%.
Mohawk Industries (NYSE: MHK) shares hit a yearly high of $231.56. The stock traded down 0.12% on the session.
Molina Healthcare (NYSE: MOH) shares were up 0.94% on Monday to hit a new 52-week high of $271.47 for a change of up 0.94%.
WestRock (NYSE: WRK) shares set a new 52-week high of $60.56 on Monday, moving up 0.17%.
Fortune Brands Home (NYSE: FBHS) shares set a new yearly high of $113.45 this morning. The stock was up 1.36% on the session.
Textron (NYSE: TXT) shares were up 1.19% for the day, having made a 52-week high of $69.11.
Loews (NYSE: L) shares were up 1.08% for the day, having made a 52-week high of $59.19.
Brown & Brown (NYSE: BRO) stock set a new 52-week high of $54.35 Monday morning. Over the session, the stock traded up 0.75%.
LKQ (NASDAQ: LKQ) shares set a new yearly high of $50.66 this morning. The stock was up 1.26% on the session.
Dentsply Sirona (NASDAQ: XRAY) stock on Monday broke to a yearly high of $69.47. Shares traded up 1.26%.
Shaw Communications (NYSE: SJR) stock hit a yearly high price of $30.00. The stock was up 1.4% for the day.
Vedanta (NYSE: VEDL) shares broke to a new 52-week high of $16.32 on Monday. Shares of the company traded up 1.87%.
Packaging Corp of America (NYSE: PKG) stock made a new 52-week high of $155.71 Monday. The stock was up 1.4% for the day.
WR Berkley (NYSE: WRB) shares set a new 52-week high of $82.41 on Monday, moving up 0.86%.
Howmet Aerospace (NYSE: HWM) shares hit a yearly high of $33.89. The stock traded down 0.24% on the session.
Williams-Sonoma (NYSE: WSM) shares hit a yearly high of $193.41. The stock traded up 2.41% on the session.
Quanta Services (NYSE: PWR) shares were up 1.34% on Monday to hit a new 52-week high of $101.90 for a change of up 1.34%.
Tenaris (NYSE: TS) stock set a new 52-week high of $24.02 Monday morning. Over the session, the stock traded down 0.04%.
Snap-on (NYSE: SNA) shares were up 2.53% for the day, having made a 52-week high of $258.42.
Mosaic (NYSE: ...Full story available on Benzinga.com",2021-05-10 15:26:09+00:00,https://www.benzinga.com/news/21/05/21035954/stocks-that-hit-52-week-highs-on-monday,Benzinga,0.12787941268353506,0.4525923149015941,positive,0.12787941268353506,False,True,False,False,False,False,True,False,0.0,26901,"['JACK', 'RGP', 'HLIO', 'NVO', 'EQT', 'UFS', 'VBTX', 'UFPT', 'VLRS', 'KB', 'BHP', 'RJF', 'GMS', 'CRESY', 'GSM', 'MEC', 'BDC', 'MPA', 'CVS', 'PAYX', 'LKQ', 'PDT', 'FCX', 'APO', 'VTA', 'AVNT', 'AFG', 'PBFX', 'LH', 'BXP', 'SJR', 'HPQ', 'FUND', 'TRGP', 'ARGO', 'NCR', 'DSX', 'THC', 'PCI', 'SCHN', 'PDI', 'PNC', 'FSS', 'ANDE', 'WRB', 'ATKR', 'AVB', 'MET', 'CMA', 'TD', 'ITT', 'TDS', 'ITW', 'JBHT', 'SOLY', 'LHX', 'NVR', 'ERF', 'UGI', 'CFG', 'UMBF', 'CTT', 'KBH', 'BIF', 'RL', 'GNK', 'CROX', 'BBVA', 'SBOW', 'BDJ', 'MS', 'CVX', 'PFBI', 'ALSN', 'PEO', 'FDX', 'EML', 'VTN', 'DIAX', 'AFL', 'SYF', 'LII', 'BZH', 'SKM', 'HPS', 'FWRD', 'KMF', 'EQNR', 'NFG', 'DTE', 'THG', 'AR', 'SCHW', 'JRI', 'PNI', 'FT', 'ATAX', 'WRI', 'YETI', 'AVK', 'MFM', 'CMC', 'CMU', 'TEL', 'IVZ', 'LAMR', 'JTD', 'RPT', 'NWL', 'ERJ', 'UHS', 'BOOT', 'UMPQ', 'BURL', 'KBR', 'BK', 'RPM', 'GPC', 'CSCO', 'CBOE', 'JHG', 'BEN', 'MSB', 'CX', 'PGC', 'RM', 'PFG', 'FFA', 'JRS', 'VVR', 'SPXX', 'AIG', 'SFBS', 'LNC', 'C', 'SLB', 'HRB', 'GIII', 'AGRO', 'HWC', 'NGG', 'DUK', 'TJX', 'ALLY', 'SCVL', 'MDLZ', 'PNR', 'FUL', 'BBSI', 'WSM', 'HRI', 'AVT', 'MGU', 'MHK', 'CNA', 'TEN', 'JCI', 'LBAI', 'TROX', 'XPEL', 'NX', 'ESI', 'UNH', 'IHRT', 'WERN', 'CNHI', 'KEX', 'BKD', 'RRC', 'GPK', 'CWST', 'BH', 'CSSE', 'BFZ', 'MSM', 'DCI', 'PGTI', 'RXN', 'PFL', 'FGB', 'MCB', 'WAT', 'MIE', 'AIT', 'NAVI', 'LOW', 'CAL', 'SLF', 'HSC', 'GOLF', 'NLSN', 'GRIN', 'NI', 'DVA', 'TKR', 'CCS', 'SEIC', 'BERY', 'PPG', 'GAB', 'BECN', 'WSO', 'VVV', 'AVY', 'AWI', 'MHN', 'CNO', 'TEX', 'JLL', 'LECO', 'BCX', 'BRBR', 'OC', 'ETG', 'UNM', 'AXTA', 'WIRE', 'COMM', 'KEY', 'BKE', 'RS', 'GRX', 'DCOM', 'AON', 'CPLG', 'BG', 'MT', 'DDF', 'POOL', 'RPAI', 'PFN', 'FHI', 'MVF', 'WBK', 'APLE', 'AJG', 'BWFG', 'LPX', 'CAT', 'SLM', 'HSY', 'GOOD', 'FEI', 'KDP', 'NJR', 'DVN', 'TNC', 'PLYM', 'SHOO', 'TPH', 'PRU', 'GAM', 'BGFV', 'WTS', 'ARNC', 'WWW', 'OPP', 'AXP', 'MHO', 'CNQ', 'TFC', 'JPM', 'LIVE', 'DPG', 'CARR', 'OI', 'ETN', 'UNP', 'LBRDA', 'WSBC', 'GLPI', 'KF', 'BLK', 'RSG', 'GS', 'DISH', 'TW', 'BHF', 'BGR', 'MTB', 'DE', 'PPBI', 'MRC', 'PFS', 'FHN', 'NZF', 'WCC', 'LBRDK', 'AKR', 'VNOM', 'LXP', 'CBT', 'SNA', 'HTD', 'GPRE', 'HCA', 'CWK', 'NLY', 'E', 'TOL', 'CHX', 'SIVB', 'TRQ', 'PTR', 'GBL', 'BHLB', 'BLDR', 'WY', 'TECK', 'AXR', 'MIY', 'COF', 'TGT', 'JTA', 'LSTR', 'GNT', 'HWM', 'OII', 'ETO', 'UPS', 'ANTM', 'WTBA', 'BRX', 'KIM', 'BMO', 'RY', 'GT', 'EGLE', 'CEM', 'OMP', 'BGY', 'MTH', 'DEO', 'PRFT', 'ACRE', 'PGR', 'FIF', 'PBA', 'WCN', 'KHC', 'ALG', 'TGLS', 'LYG', 'CE', 'SO', 'HUN', 'GRMN', 'TT', 'SIC', 'NNN', 'EFX', 'TPL', 'TMST', 'SMBC', 'CNOB', 'PTY', 'GCO', 'PUK', 'GD', 'BPFH', 'X', 'FDEU', 'AXS', 'MKL', 'CP', 'MLHR', 'JSD', 'CVLG', 'OKE', 'ETW', 'URI', 'FRPH', 'XRAY', 'LGIH', 'KNL', 'BNS', 'RYN', 'GTY', 'ELTK', 'LYB', 'BPMP', 'MTW', 'DEX', 'PSTL', 'GATX', 'PH', 'FIX', 'RIV', 'WES', 'WRK', 'ALL', 'MAA', 'CF', 'SPG', 'HZO', 'HAFC', 'ARCO', 'CPRI', 'NOA', 'ELS', 'TRP', 'ARCB', 'STLD', 'BCC', 'PVH', 'GDV', 'BPOP', 'XEC', 'CNDT', 'AYI', 'MLI', 'CPE', 'NDAQ', 'SCU', 'NWG', 'OLN', 'EVF', 'USB', 'GHY', 'ZION', 'ALLE', 'KNX', 'BOE', 'SAN', 'GWW', 'ESEA', 'CZR', 'CEIX', 'MTX', 'DFS', 'PTIX', 'INGR', 'PHK', 'FL', 'SMM', 'WFC', 'EPC', 'AME', 'MAN', 'CFR', 'SRV', 'IDA', 'HCCI', 'HSBC', 'AMTB', 'NOC', 'EME', 'TRV', 'CEN', 'TAYD', 'ABBV', 'PWR', 'GEF', 'BRKL', 'XOM', 'KRP', 'AZO', 'MLM', 'CPT', 'NFBK', 'FBHS', 'NTST', 'OMC', 'EVN', 'USM', 'ARDC', 'AA', 'LB', 'KO', 'BR', 'SCD', 'HBI', 'EXPD', 'CHTR', 'NMRK', 'MTZ', 'DGX', 'ROST', 'DEN', 'PHM', 'FLR', 'SXC', 'WHR', 'RILY', 'AMG', 'MAS', 'CHH', 'SSD', 'IDT', 'HIBB', 'STNG', 'CCEP', 'NOV', 'EMN', 'TS', 'NVT', 'TBBK', 'LAND', 'TOWN', 'ATH', 'PXD', 'GER', 'CENTA', 'YUM', 'HVBC', 'BAC', 'MMC', 'CR', 'NTRS', 'EYE', 'EBC', 'ORI', 'EVR', 'VALE', 'HIE', 'AAP', 'NVGS', 'KRG', 'BRO', 'SCL', 'HD', 'FCBC', 'KMI', 'NTR', 'MUJ', 'DHI', 'RUTH', 'NDP', 'PKG', 'FLS', 'UMH', 'WIT', 'VEDL', 'AMP', 'MCK', 'CI', 'STC', 'IGA', 'HOMB', 'HEQ', 'FSK', 'NPO', 'EMO', 'TTI', 'UNVR', 'TU', 'SLCT', 'TRMD', 'CSTM', 'R', 'GES', 'CINF', 'TRNO', 'INVH', 'BAM', 'MMM', 'CRH', 'ODFL', 'XYL', 'CIXX', 'OSK', 'EVT', 'VLY', 'UE', 'ACC', 'SAFM', 'KSU', 'BTO', 'SCX', 'HE', 'FELE', 'FRC', 'GTES', 'MUR', 'DIN', 'RYAAY', 'CLAR', 'PKO', 'FMO', 'XPO', 'WIW', 'HPE', 'ANF', 'MCN', 'CII', 'STL', 'ING', 'HTBK', 'NRGX', 'TIGO', 'NQP', 'EMR', 'ENB', 'TWI', 'NHF', 'TROW', 'CPTA', 'REG', 'GFF', 'CMCSA', 'WM', 'TFII', 'BBL', 'MMU', 'CSL', 'ORLY', 'CUBE', 'PAG', 'EXG', 'VMC', 'ESXB', 'ACH', 'NWHM', 'KYN', 'BTU', 'SEE', 'HEP', 'FITB', 'HBM', 'VCTR', 'MVT', 'DKS', 'SAIA', 'GNTY', 'PKX', 'FNF', 'AAWW', 'WLK', 'GDEN', 'AOS', 'MDC', 'CIM', 'STT', 'IP', 'HUBG', 'FTS', 'DBI', 'NSC', 'NSL', 'EOD', 'TXT', 'NTP', 'TSCO', 'CBRE', 'RF', 'GGB', 'CNTY', 'SCCO', 'J', 'BBY', 'MOD', 'CSX', 'OSBC', 'HBP', 'PCH', 'EXP', 'VMI', 'GOGL', 'ADM', 'SC', 'L', 'BWA', 'SHG', 'HES', 'FLIC', 'MSI', 'QRTEA', 'MWA', 'DLX', 'SASR', 'FRBA', 'PLD', 'FOF', 'AGNC', 'WLL', 'NBLX', 'ARE', 'MDU', 'CLF', 'SU', 'IPG', 'III', 'RTX', 'MNRL', 'NTG', 'EOG', 'TY', 'PGRE', 'UBSI', 'AMH', 'RHI', 'GGG', 'CODI', 'CC', 'GL', 'BC', 'MOH', 'CTB', 'OTTR', 'MTDR', 'PCM', 'FAF', 'VMO', 'NSA', 'ADS', 'AMRK', 'LEG', 'BX', 'SID', 'HIX', 'FLOW', 'HHC', 'OXSQ', 'MYN', 'DOV', 'SBLK', 'CAAP', 'PM', 'FPL', 'AINV', 'WMB', 'WLTW', 'ATI', 'MED', 'CLH', 'SWK', 'IRM', 'IIIN', 'MPC', 'PTMN', 'NUE', 'EOI', 'TYG', 'GWB', 'UFPI', 'LIN', 'RIO', 'GIB', 'CRAI', 'SPB', 'DXC', 'BCE', 'MOS', 'CTR', 'PACW', 'POST', 'PDS', 'FBP', 'VOD', 'BXMX', 'ADX', 'ENBL', 'LEN', 'BXC', 'SIG', 'HNI', 'FRBK', 'ROIC', 'EAF', 'NAD', 'DOW', 'SBSI', 'AMEH', 'PMM', 'FRT', 'ANAT', 'WPP', 'SITE', 'ATR', 'MEI', 'CM', 'TAP', 'IRR', 'IMKTA', 'FDUS', 'AMCR']",TRGP,2021-05-10
Stocks That Hit 52-Week Highs On Monday,"Before 10 a.m. ET on Monday, 131 companies set new 52-week highs.
Areas of Significance:

The largest company by market cap to set a new 52-week high was JPMorgan Chase (NYSE:JPM).
Data Storage was the smallest company by market cap to set a new 52-week high.
Dillard's (NYSE:DDS) traded up 11.02% to reach its 52-week high, making it the biggest gainer.
Here is a list of stocks that set new 52-week highs as of 10 a.m. ET on Monday:


JPMorgan Chase (NYSE:JPM) shares broke to a new 52-week high of $164.50 on Monday. Shares of the company traded down 0.34%.
AT&T (NYSE:T) shares hit $33.87 on Monday morning, setting a new 52-week high for a change of up 4.61%.
Wells Fargo (NYSE:WFC) stock set a new 52-week high of $47.39 Monday morning. Over the session, the stock traded down 0.17%.
Novo Nordisk (NYSE:NVO) shares were up 1.15% for the day, having made a 52-week high of $80.57.
Citigroup (NYSE:C) shares were down 0.01% for the day, having made a 52-week high of $76.95.
Toronto-Dominion Bank (NYSE:TD) shares broke to $72.75 on Monday, setting a new 52-week high with a change of up 0.17%.
Diageo (NYSE:DEO) shares set a new yearly high of $190.34 this morning. The stock was up 0.22% on the session.
Brookfield Asset Mgmt (NYSE:BAM) shares reached a new 52-week high of $48.70 on Monday morning, moving up 0.39%.
Bank of Montreal (NYSE:BMO) shares set a new yearly high of $99.96 this morning. The stock was down 0.05% on the session.
Dow (NYSE:DOW) shares achieved a new 52-week high on Monday morning, hitting $70.62 with a daily change of up 0.13%.
Canadian Imperial Bank (NYSE:CM) shares set a new 52-week high of $109.87 on Monday, moving up 0.16%.
National Grid (NYSE:NGG) shares reached a new 52-week high of $66.22 on Monday morning, moving up 0.26%.
Schlumberger (NYSE:SLB) stock made a new 52-week high of $33.12 Monday. The stock was down 0.35% for the day.
T. Rowe Price Gr (NASDAQ:TROW) shares achieved a new 52-week high on Monday morning, hitting $192.12 with a daily change of down 0.47%.
Kinder Morgan (NYSE:KMI) shares achieved a new 52-week high on Monday morning, hitting $18.54 with a daily change of up 0.08%.
Canadian Natural Res (NYSE:CNQ) shares broke to $34.78 on Monday, setting a new 52-week high with a change of up 0.15%.
Alexion Pharmaceuticals (NASDAQ:ALXN) shares were up 0.46% on Monday to hit a new 52-week high of $174.54 for a change of up 0.46%.
Orange (NYSE:ORAN) shares hit $13.09 on Monday morning, setting a new 52-week high for a change of up 1.24%.
Williams Companies (NYSE:WMB) shares hit a yearly high of $26.20. The stock traded up 0.19% on the session.
Nucor (NYSE:NUE) shares reached a new 52-week high of $104.28 on Monday morning, moving up 0.83%.
Coca-Cola Europacific (NYSE:CCEP) stock set a new 52-week high of $61.86 Monday morning. Over the session, the stock traded up 0.98%.
Energy Transfer (NYSE:ET) shares set a new yearly high of $10.40 this morning. The stock was up 1.3% on the session.
Hess (NYSE:HES) stock made a new 52-week high of $85.35 Monday. The stock was down 0.18% for the day.
International Paper (NYSE:IP) shares set a new yearly high of $63.40 this morning. The stock was up 0.46% on the session.
ONEOK (NYSE:OKE) stock set a new 52-week high of $54.89 Monday morning. Over the session, the stock traded down 0.4%.
Imperial Oil (AMEX:IMO) shares were up 0.5% on Monday to hit a new 52-week high of $32.60 for a change of up 0.5%.
CNH Industrial (NYSE:CNHI) shares broke to a new 52-week high of $17.34 on Monday. Shares of the company traded up 0.65%.
Seagate Technology (NASDAQ:STX) shares achieved a new 52-week high on Monday morning, hitting $101.24 with a daily change of up 3.08%.
KeyCorp (NYSE:KEY) shares set a new 52-week high of $23.48 on Monday, moving down 0.47%.
Citizens Financial Group (NYSE:CFG) shares broke to a new 52-week high of $50.71 on Monday. Shares of the company traded down 0.56%.
Cheniere Energy (AMEX:LNG) shares were down 0.44% for the day, having made a 52-week high of $84.58.
Tradeweb Markets (NASDAQ:TW) shares set a new 52-week high of $84.64 on Monday, moving up 0.2%.
Eastman Chemical (NYSE:EMN) stock on Monday broke to a yearly high of $130.07. Shares traded down 0.3%.
Elanco Animal Health (NYSE:ELAN) shares set a new yearly high of $35.12 this morning. The stock was up 0.5% on the session.
Liberty Global (NASDAQ:LBTYK) shares hit a new 52-week high of $28.63. The stock traded up 0.81% on the session.
WestRock (NYSE:WRK) stock hit a yearly high price of $61.14. The stock was down 0.26% for the day.
Liberty Global (NASDAQ:LBTYA) shares were up 0.64% on Monday morning to hit a ...Full story available on Benzinga.com",2021-05-17 14:05:24+00:00,https://www.benzinga.com/news/21/05/21153610/stocks-that-hit-52-week-highs-on-monday,Benzinga,0.09743897306397313,0.42781355218855177,neutral,0.09743897306397313,False,False,False,False,False,False,False,False,0.0,4691,"['TOWN', 'TMQ', 'TROW', 'SWN', 'T', 'TD', 'UHS', 'UNM', 'UVV', 'VRS', 'WFC', 'WMB', 'TW', 'TRGP', 'TPZ', 'UNVR', 'WRK']",TRGP,2021-05-17
"Targa (TRGP) Stock Up on Q1 Earnings Beat, Solid Guidance",Targa Resources' (TRGP) adjusted EBITDA jumps from $428.1 million a year earlier to $515.7 million in the first quarter of 2021.,2021-05-17 17:20:00+00:00,http://www.zacks.com/stock/news/1566329/targa-trgp-stock-up-on-q1-earnings-beat-solid-guidance?cid=CS-ZC-FT-analyst_blog|earnings_article-1566329,Zacks Investment Research,0.08333333333333333,0.3111111111111111,neutral,0.08333333333333333,True,False,False,False,False,False,False,False,0.0,187,"['CLR', 'TRGP', 'MTDR', 'WLL']",TRGP,2021-05-17
"Here Is Why Bargain Hunters Would Love Fast-paced Mover Targa Resources, Inc. (TRGP)","If you are looking for stocks that have gained strong momentum recently but are still trading at reasonable prices, Targa Resources, Inc. (TRGP) could be a great choice. It is one of the several stocks that passed through our 'Fast-Paced Momentum at a Bargain' screen.",2021-05-19 12:16:00+00:00,http://www.zacks.com/stock/news/1575774/here-is-why-bargain-hunters-would-love-fast-paced-mover-targa-resources-inc-trgp?cid=CS-ZC-FT-tale_of_the_tape|fast_paced_momentum_at_a_bargain-1575774,Zacks Investment Research,0.32222222222222224,0.4888888888888889,positive,0.32222222222222224,False,False,False,False,False,False,False,False,0.0,354,['TRGP'],TRGP,2021-05-19
"What Makes Targa Resources, Inc. (TRGP) a Strong Momentum Stock: Buy Now?","Does Targa Resources, Inc. (TRGP) have what it takes to be a top stock pick for momentum investors? Let's find out.",2021-05-19 16:00:06+00:00,http://www.zacks.com/stock/news/1576526/what-makes-targa-resources-inc-trgp-a-strong-momentum-stock-buy-now?cid=CS-ZC-FT-tale_of_the_tape|yseop_template_10-1576526,Zacks Investment Research,0.4666666666666667,0.6166666666666667,positive,0.4666666666666667,False,True,False,False,False,False,False,False,0.0,190,['TRGP'],TRGP,2021-05-19
TechnipFMC (FTI) Obtains Subsea Contract for Stage 2 EOR Expansion,TechnipFMC (FTI) acquires an EPCI contract from Ithaca Energy for the Captain EOR stage two project to maximize the recovery of hydrocarbons from the UK Continental Shelf.,2021-05-19 16:15:00+00:00,http://www.zacks.com/stock/news/1576846/technipfmc-fti-obtains-subsea-contract-for-stage-2-eor-expansion?cid=CS-ZC-FT-analyst_blog|company_news_-_energy_sector-1576846,Zacks Investment Research,0.0,0.0,neutral,0.0,False,True,False,False,False,False,False,False,0.0,239,"['FTI', 'TRGP', 'BCEI', 'SBOW']",TRGP,2021-05-19
5 Low Leverage Stocks to Buy if You Want to Invest Safely,"The debt level of a company is an important point of consideration while making an investment decision You may buy HZO, TITN, DAR, SATS and TRGP.",2021-05-24 12:36:00+00:00,http://www.zacks.com/stock/news/1598205/5-low-leverage-stocks-to-buy-if-you-want-to-invest-safely?cid=CS-ZC-FT-analyst_blog|rw-1598205,Zacks Investment Research,0.3,0.6,positive,0.3,False,True,False,False,False,True,False,False,0.2,204,"['SATS', 'HZO', 'DAR', 'TITN', 'TRGP']",TRGP,2021-05-24
"Zacks.com featured highlights include: MarineMax, Titan Machinery, Darling Ingredients, EchoStar and Targa Resources","Zacks.com featured highlights include: MarineMax, Titan Machinery, Darling Ingredients, EchoStar and Targa Resources",2021-05-25 10:52:00+00:00,http://www.zacks.com/stock/news/1602705/zackscom-featured-highlights-include-marinemax-titan-machinery-darling-ingredients-echostar-and-targa-resources?cid=CS-ZC-FT-press_releases-1602705,Zacks Investment Research,0.0,0.0,neutral,0.0,False,False,False,False,False,False,False,False,0.0,234,"['SATS', 'HZO', 'DAR', 'TITN', 'TRGP']",TRGP,2021-05-25
Stocks That Hit 52-Week Highs On Tuesday,"Tuesday's morning session saw 391 companies set new 52-week highs.
Noteworthy Mentions:

The largest company by market cap to set a new 52-week high was JPMorgan Chase (NYSE:JPM).
The company with the smallest market cap to set a new 52-week high was Mexico Equity and Income (NYSE:MXE).
Vertex Energy (NASDAQ:VTNR)'s stock gained the most, trading up 18.06% to reach a new 52-week high.

Here are all the stocks that set new 52-week highs as of 10 a.m. ET on Tuesday:

JPMorgan Chase (NYSE:JPM) shares were up 1.0% for the day, having made a 52-week high of $166.70.
NVIDIA (NASDAQ:NVDA) shares were down 0.81% on Tuesday to hit a new 52-week high of $651.50 for a change of down 0.81%.
ASML Holding (NASDAQ:ASML) shares were up 1.14% on Tuesday morning to hit a new 52-week high of $688.09.
Toyota Motor (NYSE:TM) shares broke to $172.68 on Tuesday, setting a new 52-week high with a change of up 3.96%.
PepsiCo (NASDAQ:PEP) shares broke to $148.85 on Tuesday, setting a new 52-week high with a change of down 0.05%.
Morgan Stanley (NYSE:MS) shares hit $93.10 on Tuesday morning, setting a new 52-week high for a change of up 1.98%.
Citigroup (NYSE:C) shares reached a new 52-week high of $80.08 on Tuesday morning, moving up 1.49%.
Honeywell International (NASDAQ:HON) shares broke to a new 52-week high of $233.69 on Tuesday. Shares of the company traded up 0.57%.
Linde (NYSE:LIN) stock set a new 52-week high of $305.71 Tuesday morning. Over the session, the stock traded up 0.91%.
Anheuser-Busch InBev (NYSE:BUD) shares were up 0.75% for the day, having made a 52-week high of $76.42.
Royal Bank of Canada (NYSE:RY) shares broke to $104.87 on Tuesday, setting a new 52-week high with a change of up 0.71%.
Charles Schwab (NYSE:SCHW) shares reached a new 52-week high of $75.14 on Tuesday morning, moving up 1.23%.
Raytheon Technologies (NYSE:RTX) shares hit a yearly high of $89.92. The stock traded up 0.55% on the session.
BlackRock (NYSE:BLK) stock set a new 52-week high of $888.77 Tuesday morning. Over the session, the stock traded up 0.78%.
American Express (NYSE:AXP) shares reached a new 52-week high of $162.83 on Tuesday morning, moving up 1.12%.
Goldman Sachs Group (NYSE:GS) shares hit a new 52-week high of $380.12. The stock traded up 1.76% on the session.
Diageo (NYSE:DEO) stock on Tuesday broke to a yearly high of $194.29. Shares traded up 0.05%.
Lam Research (NASDAQ:LRCX) shares hit a yearly high of $673.80. The stock traded up 2.43% on the session.
Bank of Nova Scotia (NYSE:BNS) shares broke to $68.00 on Tuesday, setting a new 52-week high with a change of down 0.55%.
Brookfield Asset Mgmt (NYSE:BAM) shares were up 0.32% on Tuesday to hit a new 52-week high of $50.74 for a change of up 0.32%.
CME Group (NASDAQ:CME) shares achieved a new 52-week high on Tuesday morning, hitting $221.82 with a daily change of down 0.49%.
PetroChina Co (NYSE:PTR) shares hit a new 52-week high of $42.62. The stock traded up 2.88% on the session.
Capital One Financial (NYSE:COF) shares hit $165.70 on Tuesday morning, setting a new 52-week high for a change of up 2.42%.
Equinor (NYSE:EQNR) shares hit $22.80 on Tuesday morning, setting a new 52-week high for a change of up 3.7%.
Banco Santander (NYSE:SAN) stock made a new 52-week high of $4.27 Tuesday. The stock was up 1.13% for the day.
Marsh & McLennan (NYSE:MMC) shares set a new 52-week high of $139.41 on Tuesday, moving up 0.34%.
ABB (NYSE:ABB) shares were up 1.89% on Tuesday to hit a new 52-week high of $34.87 for a change of up 1.89%.
Bank of Montreal (NYSE:BMO) shares hit $106.27 on Tuesday morning, setting a new 52-week high for a change of up 0.83%.
Blackstone Group (NYSE:BX) shares were up 0.84% for the day, having made a 52-week high of $94.15.
Analog Devices (NASDAQ:ADI) shares were up 0.1% on Tuesday morning to hit a new 52-week high of $166.32.
UBS Group (NYSE:UBS) shares hit $16.55 on Tuesday morning, setting a new 52-week high for a change of up 1.04%.
Emerson Electric (NYSE:EMR) shares achieved a new 52-week high on Tuesday morning, hitting $97.24 with a daily change of up 0.91%.
Ambev (NYSE:ABEV) shares broke to a new 52-week high of $3.54 on Tuesday. Shares of the company traded up 1.99%.
ING Groep (NYSE:ING) shares achieved a new 52-week high on Tuesday morning, hitting $14.26 with a daily change of up 1.79%.
Canadian Imperial Bank (NYSE:CM) shares were up 0.32% on Tuesday morning to hit a new 52-week high of $118.66.
America Movil (NYSE:AMX) shares hit $15.59 on Tuesday morning, setting a new 52-week high for a change of up 0.59%.
Public Storage (NYSE:PSA) stock set a new 52-week high of $284.43 Tuesday morning. Over the session, the stock traded up 0.34%.
Johnson Controls Intl (NYSE:JCI) shares were up 1.31% for the day, having made a 52-week high of $68.32.
Bank of New York Mellon (NYSE:BK) shares hit $52.90 on Tuesday morning, setting a new 52-week high for a change of up 0.88%.
American Intl Gr (NYSE:AIG) stock set a new 52-week high of $53.83 Tuesday morning. Over the session, the stock traded up 1.06%.
BCE (NYSE:BCE) shares were up 1.11% on Tuesday morning to hit a new 52-week high of $50.32.
Trane Technologies (NYSE:TT) stock on Tuesday broke to a yearly high of $189.93. Shares traded up 1.8%.
T. Rowe Price Gr (NASDAQ:TROW) shares set a new 52-week high of $193.79 on Tuesday, moving up 0.4%.
Wipro (NYSE:WIT) stock set a new 52-week high of $8.00 Tuesday morning. Over the session, the stock traded up 0.5%.
Simon Property Group (NYSE:SPG) shares hit a new 52-week high of $131.95. The stock traded up 2.28% on the session.
Canadian Natural Res (NYSE:CNQ) shares hit $36.34 on Tuesday morning, setting a new 52-week high for a change of up 4.46%.
PPG Industries (NYSE:PPG) shares set a new yearly high of $182.95 this morning. The stock was up 0.31% on the session.
Prudential Financial (NYSE:PRU) shares achieved a new 52-week high on Tuesday morning, hitting $108.59 with a daily change of up 1.21%.
BBVA (NYSE:BBVA) stock made a new 52-week high of $6.38 Tuesday. The stock was up 2.17% for the day.
Agilent Technologies (NYSE:A) stock hit a yearly high price of $140.32. The stock was down 0.66% for the day.
CRH (NYSE:CRH) shares broke to a new 52-week high of $53.08 on Tuesday. Shares of the company traded up 1.57%.
Marathon Petroleum (NYSE:MPC) shares broke to a new 52-week high of $63.05 on Tuesday. Shares of the company traded up 0.94%.
Carrier Global (NYSE:CARR) shares broke to $47.09 on Tuesday, setting a new 52-week high with a change of up 1.81%.
Aflac (NYSE:AFL) shares were up 0.92% on Tuesday to hit a new 52-week high of $57.52 for a change of up 0.92%.
TransDigm Gr (NYSE:TDG) shares set a new 52-week high of $659.39 on Tuesday, moving up 1.44%.
Carnival (NYSE:CCL) stock on Tuesday broke to a yearly high of $30.75. Shares traded up 2.6%.
Nutrien (NYSE:NTR) shares hit $63.21 on Tuesday morning, setting a new 52-week high for a change of up 1.34%.
Motorola Solutions (NYSE:MSI) stock on Tuesday broke to a yearly high of $206.54. Shares traded up 0.03%.
First Republic Bank (NYSE:FRC) shares set a new yearly high of $193.84 this morning. The stock was up 0.42% on the session.
NatWest Group (NYSE:NWG) shares hit a yearly high of $5.96. The stock traded down 0.08% on the session.
Otis Worldwide (NYSE:OTIS) shares hit $79.83 on Tuesday morning, setting a new 52-week high for a change of up 0.59%.
Williams Companies (NYSE:WMB) shares were up 1.46% on Tuesday morning to hit a new 52-week high of $26.80.
SVB Finl Gr (NASDAQ:SIVB) shares hit $596.82 on Tuesday morning, setting a new 52-week high for a change of up 1.22%.
TELUS (NYSE:TU) shares were up 1.06% on Tuesday to hit a new 52-week high of $22.81 for a change of up 1.06%.
Magna International (NYSE:MGA) shares hit a new 52-week high of $102.01. The stock traded up 1.25% on the session.
Carnival (NYSE:CUK) stock on Tuesday broke to a yearly high of $26.30. Shares traded up 2.8%.
Equity Residential (NYSE:EQR) shares achieved a new 52-week high on Tuesday morning, hitting $78.38 with a daily change of up 0.67%.
AvalonBay Communities (NYSE:AVB) shares were down 0.1% on Tuesday morning to hit a new 52-week high of $208.09.
Yum China Holdings (NYSE:YUMC) stock on Tuesday broke to a yearly high of $69.41. Shares traded up 1.29%.
Synchrony Finl (NYSE:SYF) stock set a new 52-week high of $48.63 Tuesday morning. Over the session, the stock traded up 2.32%.
Maxim Integrated Products (NASDAQ:MXIM) stock hit a yearly high price of $102.88. The stock was down 0.08% for the day.
Nasdaq (NASDAQ:NDAQ) shares achieved a new 52-week high on Tuesday morning, hitting $168.62 with a daily change of down 0.57%.
EPAM Systems (NYSE:EPAM) shares were up 0.98% on Tuesday to hit a new 52-week high of $487.64 for a change of up 0.98%.
Hess (NYSE:HES) shares hit $87.50 on Tuesday morning, setting a new 52-week high for a change of up 3.3%.
Imperial Oil (AMEX:IMO) shares were up 6.24% on Tuesday to hit a new 52-week high of $35.20 for a change of up 6.24%.
Northern Trust (NASDAQ:NTRS) stock hit a yearly high price of $123.10. The stock was up 0.84% for the day.
CNH Industrial (NYSE:CNHI) stock on Tuesday broke to a yearly high of $17.77. Shares traded up 2.86%.
Regions Financial (NYSE:RF) stock on Tuesday broke to a yearly high of $23.81. Shares traded up 1.24%.
CGI (NYSE:GIB) shares were up 2.29% for the day, having made a 52-week high of $91.62.
Caesars Entertainment (NASDAQ:CZR) shares achieved a new 52-week high on Tuesday morning, hitting $109.28 with a daily change of up 0.96%.
SK Telecom Co (NYSE:SKM) stock hit a yearly high price of $33.26. The stock was up 3.46% for the day.
Expeditors International (NASDAQ:EXPD) shares were down 1.28% on Tuesday morning to hit a new 52-week high of $126.56.
Ally Financial (NYSE:ALLY) stock set a new 52-week high of $55.83 Tuesday morning. Over the session, the stock traded up 1.46%.
Shinhan Financial Group (NYSE:SHG) shares were up 2.25% for the day, having made a 52-week high of $39.04.
Extra Space Storage (NYSE:EXR) shares achieved a new 52-week high on Tuesday morning, hitting $150.28 with a daily change of 0.0% (flat).
Devon Energy (NYSE:DVN) shares hit a yearly high of $30.34. The stock traded up 11.03% on the session.
Cincinnati Financial (NASDAQ:CINF) stock on Tuesday broke to a yearly high of $122.99. Shares traded up 0.46%.
Boston Properties (NYSE:BXP) shares hit a new 52-week high of $119.04. The stock traded up 0.65% on the session.
Cenovus Energy (NYSE:CVE) stock hit a yearly high price of $8.93. The stock was up 8.61% for the day.
Brookfield Prop Partners (NASDAQ:BPY) shares were up 0.05% on Tuesday to hit a new 52-week high of $18.86 for a change of up 0.05%.
WPP (NYSE:WPP) shares were up 3.64% on Tuesday to hit a new 52-week high of $71.76 for a change of up 3.64%.
XPO Logistics (NYSE:XPO) shares set a new yearly high of $150.88 this morning. The stock was up 2.32% on the session.
Brookfield Infr Partners (NYSE:BIP) shares hit a new 52-week high of $55.69. The stock traded up 1.53% on the session.
Textron (NYSE:TXT) stock made a new 52-week high of $69.55 Tuesday. The stock was up 1.34% for the day.
Howmet Aerospace (NYSE:HWM) shares were up 0.68% on Tuesday to hit a new 52-week high of $36.01 for a change of up 0.68%.
CenterPoint Energy (NYSE:CNP) shares set a new yearly high of $25.39 this morning. The stock was down 0.4% on the session.
Centrais Eletricas (NYSE:EBR) shares achieved a new 52-week high on Tuesday morning, hitting $8.68 with a daily change of up 3.62%.
Lincoln National (NYSE:LNC) shares reached a new 52-week high of $71.37 on Tuesday morning, moving up 1.29%.
Interpublic Gr of Cos (NYSE:IPG) shares set a new 52-week high of $34.41 on Tuesday, moving up 0.45%.
Annaly Capital Management (NYSE:NLY) stock hit a yearly high price of $9.42. The stock was up 1.38% for the day.
Nordson (NASDAQ:NDSN) shares broke to $224.27 on Tuesday, setting a new 52-week high with a change of up 0.6%.
Continental Resources (NYSE:CLR) stock hit a yearly high price of $35.81. The stock was up 8.07% for the day.
Athene Holding (NYSE:ATH) shares set a new yearly high of $63.63 this morning. The stock was up 0.02% on the session.
Lear (NYSE:LEA) stock made a new 52-week high of $197.94 Tuesday. The stock was up 1.29% for the day.
Santander Consumer USA (NYSE:SC) shares broke to $38.50 on Tuesday, setting a new 52-week high with a change of up 1.46%.
Pentair (NYSE:PNR) shares set a new 52-week high of $70.36 on Tuesday, moving up 1.46%.
American Financial Group (NYSE:AFG) shares set a new 52-week high of $136.39 on Tuesday, moving up 1.48%.
Magellan Midstream (NYSE:MMP) shares hit a new 52-week high of $50.06. The stock traded up 1.42% on the session.
Comerica (NYSE:CMA) shares set a new 52-week high of $79.86 on Tuesday, moving up 1.21%.
Marathon Oil (NYSE:MRO) shares broke to a new 52-week high of $13.50 on Tuesday. Shares of the company traded up 10.16%.
SEI Investments (NASDAQ:SEIC) shares set a new 52-week high of $64.59 on Tuesday, moving up 0.68%.
Targa Resources (NYSE:TRGP) shares reached a new 52-week high of $39.85 on Tuesday morning, moving up 2.55%.
TFI International (NYSE:TFII) stock set a new 52-week high of $96.27 Tuesday morning. Over the session, the stock traded down 0.83%.
CubeSmart (NYSE:CUBE) shares were up 0.21% on Tuesday morning to hit a new 52-week high of $44.04.
Vertiv Holdings (NYSE:VRT) shares set a new yearly high of $25.04 this morning. The stock was up 0.22% on the session.
Cameco (NYSE:CCJ) shares set a new yearly high of $21.36 this morning. The stock was up 6.71% on the session.
Old Republic Intl (NYSE:ORI) shares were up 0.25% on Tuesday to hit a new 52-week high of $26.55 for a ...Full story available on Benzinga.com",2021-06-01 14:27:01+00:00,https://www.benzinga.com/news/21/06/21369800/stocks-that-hit-52-week-highs-on-tuesday,Benzinga,0.12110706299637614,0.4380590253681865,positive,0.12110706299637614,False,False,False,False,True,False,True,False,0.0,13757,"['SAN', 'SELF', 'SMM', 'TU', 'VRT', 'WSTG', 'RTX', 'SCD', 'PRTK', 'XPO', 'TXT', 'WLMS', 'WTBA', 'TPZ', 'SHG', 'SZC', 'PSEC', 'TYG', 'VCIF', 'PPG', 'TRTX', 'SKM', 'UE', 'RELL', 'UBS', 'RSF', 'PRU', 'RM', 'SLG', 'SUM', 'SCHL', 'UNM', 'RADI', 'PSA', 'RPAI', 'TLYS', 'SM', 'SGRY', 'SCHN', 'VKQ', 'PTR', 'SMID', 'SPG', 'VVV', 'SCHW', 'WEA', 'PTY', 'WRAP', 'STL', 'YUMC', 'SEIC', 'WIT', 'RCS', 'VTNR', 'SWN', 'TMQ', 'SGMS', 'WIW', 'RF', 'TILE', 'TDG', 'PVAC', 'SIVB', 'WLL', 'RMT', 'SC', 'TEN', 'TVTY', 'TFSL', 'WMB', 'RNP', 'RQI', 'SYF', 'TGH', 'TELL', 'TROW', 'WPP', 'RRC', 'SFBS', 'TGI', 'TFII', 'USNA', 'WW', 'RRD', 'TGLS', 'TGP', 'SBOW', 'VRTS', 'TRGP', 'RRR', 'TSQ', 'TM', 'RBB', 'VSEC', 'TT', 'RY', 'UNVR', 'TTI', 'RNGR', 'WASH', 'STK']",TRGP,2021-06-01
Stocks That Hit 52-Week Highs On Thursday,"Before 10 a.m. ET on Thursday, 86 companies set new 52-week highs.
Noteworthy Mentions:

The largest company on a market cap basis to set a new 52-week high was Bank of America (NYSE:BAC).
Zivo Bioscience (NASDAQ:ZIVO) was the smallest company by market cap to set a new 52-week high.
Community Bankers Trust (NASDAQ:ESXB)'s stock moved significantly upwards, trading 30.22% up to reach a new 52-week high.

The following stocks set new 52-week highs during the first half-hour of trading on Thursday:

Bank of America (NYSE:BAC) shares were up 0.92% for the day, having made a 52-week high of $43.43.
Toyota Motor (NYSE:TM) shares were up 0.86% on Thursday to hit a new 52-week high of $178.90 for a change of up 0.86%.
Goldman Sachs Group (NYSE:GS) stock made a new 52-week high of $385.26 Thursday. The stock was up 0.12% for the day.
Target (NYSE:TGT) shares reached a new 52-week high of $229.50 on Thursday morning, moving up 0.21%.
Moderna (NASDAQ:MRNA) shares were up 0.17% on Thursday to hit a new 52-week high of $196.69 for a change of up 0.17%.
Banco Santander (NYSE:SAN) stock set a new 52-week high of $4.28 Thursday morning. Over the session, the stock traded up 0.12%.
Ford Motor (NYSE:F) shares hit a new 52-week high of $15.58. The stock traded up 2.92% on the session.
Honda Motor Co (NYSE:HMC) stock made a new 52-week high of $32.71 Thursday. The stock was up 0.74% for the day.
Canadian Imperial Bank (NYSE:CM) stock made a new 52-week high of $120.64 Thursday. The stock was up 0.03% for the day.
BioNTech (NASDAQ:BNTX) shares set a new 52-week high of $220.78 on Thursday, moving down 1.32%.
EOG Resources (NYSE:EOG) shares were up 1.48% for the day, having made a 52-week high of $87.24.
Schlumberger (NYSE:SLB) shares broke to $36.40 on Thursday, setting a new 52-week high with a change of up 1.13%.
BBVA (NYSE:BBVA) shares hit a new 52-week high of $6.41. The stock traded up 0.39% on the session.
Williams Companies (NYSE:WMB) shares set a new yearly high of $27.44 this morning. The stock was down 0.11% on the session.
TELUS (NYSE:TU) shares were down 0.09% on Thursday to hit a new 52-week high of $22.91 for a change of down 0.09%.
Alexandria Real Estate (NYSE:ARE) stock made a new 52-week high of $183.00 Thursday. The stock was down 0.55% for the day.
CNH Industrial (NYSE:CNHI) shares hit a yearly high of $17.79. The stock traded up 0.34% on the session.
Halliburton (NYSE:HAL) shares broke to a new 52-week high of $24.83 on Thursday. Shares of the company traded up 0.25%.
Invitation Homes (NYSE:INVH) shares broke to $36.99 on Thursday, setting a new 52-week high with a change of down 0.84%.
Sun Communities (NYSE:SUI) shares broke to a new 52-week high of $171.66 on Thursday. Shares of the company traded up 0.02%.
Lear (NYSE:LEA) shares achieved a new 52-week high on Thursday morning, hitting $200.12 with a daily change of down 0.19%.
American Financial Group (NYSE:AFG) shares set a new 52-week high of $137.95 on Thursday, moving up 0.16%.
Regency Centers (NASDAQ:REG) shares set a new 52-week high of $67.59 on Thursday, moving down 0.64%.
Gaming and Leisure Props (NASDAQ:GLPI) ...Full story available on Benzinga.com",2021-06-03 14:12:14+00:00,https://www.benzinga.com/news/21/06/21411187/stocks-that-hit-52-week-highs-on-thursday,Benzinga,0.11268129051711148,0.4436280717623996,positive,0.11268129051711148,False,False,False,False,False,False,False,False,0.0,3211,"['GLPI', 'IGR', 'RVLV', 'EVV', 'VTN', 'PTEN', 'KIN', 'LEA', 'CTRM', 'MCF', 'VVI', 'AFG', 'ENLC', 'MDP', 'MRNA', 'NXJ', 'WMB', 'ARE', 'CIO', 'MRO', 'BNTX', 'VMM', 'BBVA', 'BAC', 'CUBI', 'NAD', 'OVV', 'ANDE', 'GHG', 'CLB', 'ECC', 'NTG', 'FCRD', 'AVID', 'FXNC', 'CM', 'DDS', 'ZIVO', 'PDS', 'BCRX', 'PAM', 'DEI', 'ESXB', 'REG', 'BGFV', 'TRGP', 'EOG', 'GNL', 'SAN', 'BKCC', 'OXLC', 'F', 'SMBK', 'SD', 'CONN', 'AAT', 'FLO', 'TWNK', 'SLB', 'FCFS', 'RCON', 'GS', 'PVAC', 'SUI', 'MGPI', 'BNL', 'HAL', 'INVH', 'SUP', 'MTEX', 'PCOM', 'HMC', 'TELL', 'TGT', 'NEWT', 'HCI', 'HPS', 'LOMA', 'TM', 'PGC', 'SRC', 'HTY', 'VRT', 'TU', 'PSEC', 'CNHI']",TRGP,2021-06-03
Here's Why It is Worth Betting on Targa Resources (TRGP) Now,Targa Resources' (TRGP) better-than-expected earnings in Q1 can be attributed to strong volumes across the company's Permian gathering and processing systems.,2021-06-03 16:44:00+00:00,http://www.zacks.com/stock/news/1650466/heres-why-it-is-worth-betting-on-targa-resources-trgp-now?cid=CS-ZC-FT-analyst_blog|rank_focused-1650466,Zacks Investment Research,0.36666666666666664,0.41666666666666663,positive,0.36666666666666664,True,False,False,False,False,False,False,False,0.0,220,"['CLR', 'SRLP', 'TRGP', 'SBOW']",TRGP,2021-06-03
Stocks That Hit 52-Week Highs On Friday,"Before 10 a.m. ET on Friday, 216 companies hit new 52-week highs.
Significant Points:

The largest company by market cap to hit a new 52-week high was NVIDIA (NASDAQ:NVDA).
Taitron Components (NASDAQ:TAIT) was the smallest, in terms of market cap, to set a new 52-week high.
SemiLEDs (NASDAQ:LEDS) was the biggest gainer, trading up 49.4% to reach its 52-week high.

Here is a list of stocks that set new 52-week highs as of 10 a.m. ET on Friday:

NVIDIA (NASDAQ:NVDA) shares were up 2.2% for the day, having made a 52-week high of $701.89.
Toyota Motor (NYSE:TM) shares were up 0.91% on Friday to hit a new 52-week high of $182.34 for a change of up 0.91%.
Coca-Cola (NYSE:KO) stock on Friday broke to a yearly high of $56.48. Shares traded up 1.3%.
Oracle (NYSE:ORCL) stock made a new 52-week high of $83.18 Friday. The stock was up 2.0% for the day.
T-Mobile US (NASDAQ:TMUS) shares reached a new 52-week high of $143.53 on Friday morning, moving up 0.7%.
Morgan Stanley (NYSE:MS) stock hit a yearly high price of $94.17. The stock was up 0.15% for the day.
Charles Schwab (NYSE:SCHW) shares broke to $76.37 on Friday, setting a new 52-week high with a change of down 0.36%.
Caterpillar (NYSE:CAT) shares broke to $246.64 on Friday, setting a new 52-week high with a change of up 1.12%.
American Express (NYSE:AXP) shares reached a new 52-week high of $165.73 on Friday morning, moving up 0.4%.
Goldman Sachs Group (NYSE:GS) shares set a new yearly high of $391.42 this morning. The stock was down 0.04% on the session.
Intuit (NASDAQ:INTU) stock on Friday broke to a yearly high of $458.88. Shares traded up 1.27%.
Target (NYSE:TGT) stock set a new 52-week high of $230.28 Friday morning. Over the session, the stock traded up 0.18%.
General Motors (NYSE:GM) stock on Friday broke to a yearly high of $63.88. Shares traded down 1.04%.
Prologis (NYSE:PLD) shares hit $122.52 on Friday morning, setting a new 52-week high for a change of up 0.09%.
Crown Castle Intl (NYSE:CCI) stock made a new 52-week high of $196.06 Friday. The stock was up 0.33% for the day.
Moderna (NASDAQ:MRNA) shares hit $202.98 on Friday morning, setting a new 52-week high for a change of up 3.71%.
PetroChina Co (NYSE:PTR) shares broke to $43.85 on Friday, setting a new 52-week high with a change of up 0.97%.
Capital One Financial (NYSE:COF) stock set a new 52-week high of $168.00 Friday morning. Over the session, the stock traded up 0.34%.
Equinor (NYSE:EQNR) shares hit $23.06 on Friday morning, setting a new 52-week high for a change of up 0.66%.
ABB (NYSE:ABB) shares were up 0.98% on Friday to hit a new 52-week high of $34.99 for a change of up 0.98%.
Bank of Montreal (NYSE:BMO) stock set a new 52-week high of $106.88 Friday morning. Over the session, the stock traded up 0.05%.
Ford Motor (NYSE:F) shares set a new 52-week high of $16.45 on Friday, moving up 1.28%.
Emerson Electric (NYSE:EMR) shares broke to a new 52-week high of $98.74 on Friday. Shares of the company traded up 1.04%.
Honda Motor Co (NYSE:HMC) stock made a new 52-week high of $33.15 Friday. The stock was down 0.18% for the day.
BioNTech (NASDAQ:BNTX) shares achieved a new 52-week high on Friday morning, hitting $226.00 with a daily change of up 4.31%.
TC Energy (NYSE:TRP) stock made a new 52-week high of $52.29 Friday. The stock was up 0.77% for the day.
Schlumberger (NYSE:SLB) shares hit a yearly high of $36.87. The stock traded down 0.16% on the session.
EOG Resources (NYSE:EOG) shares broke to a new 52-week high of $87.89 on Friday. Shares of the company traded up 0.45%.
Public Storage (NYSE:PSA) shares set a new 52-week high of $291.00 on Friday, moving up 0.19%.
BCE (NYSE:BCE) shares were up 0.48% on Friday morning to hit a new 52-week high of $50.47.
L3Harris Technologies (NYSE:LHX) shares broke to a new 52-week high of $222.00 on Friday. Shares of the company traded up 0.91%.
Canadian Natural Res (NYSE:CNQ) shares reached a new 52-week high of $37.60 on Friday morning, moving up 1.14%.
Marathon Petroleum (NYSE:MPC) shares were up 0.58% on Friday morning to hit a new 52-week high of $63.88.
Phillips 66 (NYSE:PSX) shares hit $90.88 on Friday morning, setting a new 52-week high for a change of up 1.59%.
Archer-Daniels Midland (NYSE:ADM) shares hit a yearly high of $68.98. The stock traded up 0.57% on the session.
Discover Financial (NYSE:DFS) shares achieved a new 52-week high on Friday morning, hitting $123.56 with a daily change of up 0.46%.
Paychex (NASDAQ:PAYX) shares hit $102.66 on Friday morning, setting a new 52-week high for a change of up 0.32%.
TransDigm Gr (NYSE:TDG) shares broke to a new 52-week high of $668.03 on Friday. Shares of the company traded up 0.97%.
Nutrien (NYSE:NTR) shares achieved a new 52-week high on Friday morning, hitting $64.52 with a daily change of up 2.21%.
Motorola Solutions (NYSE:MSI) shares reached a new 52-week high of $211.71 on Friday morning, moving up 0.52%.
Williams Companies (NYSE:WMB) shares were up 0.45% on Friday morning to hit a new 52-week high of $27.82.
Rockwell Automation (NYSE:ROK) shares hit a yearly high of $276.89. The stock traded up 0.63% on the session.
TELUS (NYSE:TU) shares were up 0.48% for the day, having made a 52-week high of $22.99.
Synchrony Finl (NYSE:SYF) stock hit a yearly high price of $50.23. The stock was up 0.33% for the day.
Energy Transfer (NYSE:ET) shares set a new 52-week high of $10.59 on Friday, moving up 0.74%.
Alexandria Real Estate (NYSE:ARE) shares were up 0.34% on Friday morning to hit a new 52-week high of $184.71.
Arista Networks (NYSE:ANET) shares set a new yearly high of $348.54 this morning. The stock was up 0.59% on the session.
International Paper (NYSE:IP) shares reached a new 52-week high of $65.27 on Friday morning, moving up 1.24%.
CNH Industrial (NYSE:CNHI) shares broke to a new 52-week high of $17.92 on Friday. Shares of the company traded up 1.1%.
Western Digital (NASDAQ:WDC) stock made a new 52-week high of $78.19 Friday. The stock was up 1.13% for the day.
Caesars Entertainment (NASDAQ:CZR) shares were up 0.81% on Friday morning to hit a new 52-week high of $111.00.
Cheniere Energy (AMEX:LNG) shares were up 0.84% on Friday to hit a new 52-week high of $88.15 for a change of up 0.84%.
Devon Energy (NYSE:DVN) shares were up 1.01% on Friday morning to hit a new 52-week high of $31.78.
Extra Space Storage (NYSE:EXR) stock on Friday broke to a yearly high of $154.80. Shares traded up 0.25%.
Essex Property Trust (NYSE:ESS) stock set a new 52-week high of $309.35 Friday morning. Over the session, the stock traded down 0.3%.
Cincinnati Financial (NASDAQ:CINF) shares hit a new 52-week high of $124.18. The stock traded down 0.58% on the session.
Heico (NYSE:HEI) shares reached a new 52-week high of $146.18 on Friday morning, moving up 0.84%.
Cenovus Energy (NYSE:CVE) stock on Friday broke to a yearly high of $9.37. Shares traded up 2.02%.
Mid-America Apartment (NYSE:MAA) shares were up 0.57% on Friday morning to hit a new 52-week high of $166.22.
Franklin Resources (NYSE:BEN) shares were down 0.2% on Friday to hit a new 52-week high of $35.72 for a change of down 0.2%.
Nuance Communications (NASDAQ:NUAN) shares set a new 52-week high of $54.91 on Friday, moving up 2.45%.
Bentley Systems (NASDAQ:BSY) shares set a new yearly high of $60.91 this morning. The stock was up 0.71% on the session.
Natura &Co Holding (NYSE:NTCO) shares achieved a new 52-week high on Friday morning, hitting $21.13 with a daily change of up 1.29%.
Upstart Holdings (NASDAQ:UPST) shares set a new yearly high of $183.82 this morning. The stock was up 10.11% on the session.
Westlake Chemical (NYSE:WLK) shares achieved a new 52-week high ...Full story available on Benzinga.com",2021-06-04 14:13:08+00:00,https://www.benzinga.com/news/21/06/21430180/stocks-that-hit-52-week-highs-on-friday,Benzinga,0.12090610047846902,0.4465181419457731,positive,0.12090610047846902,False,False,False,False,False,False,False,False,0.0,7734,"['STRL', 'WLK', 'TAIT', 'WMB', 'USAP', 'WTS', 'SUN', 'TRGP', 'TDG', 'TLYS', 'TGT', 'UPST', 'TM', 'TMUS', 'TRP', 'SYF', 'VVV', 'TU', 'SWCH', 'TYG', 'VRT', 'UGI', 'VLT', 'VTN', 'VVR', 'WDC', 'WF']",TRGP,2021-06-04
"Targa Resources, Inc. (TRGP) is a Great Momentum Stock: Should You Buy?","Does Targa Resources, Inc. (TRGP) have what it takes to be a top stock pick for momentum investors? Let's find out.",2021-06-04 16:00:05+00:00,https://www.zacks.com/stock/news/1655813/targa-resources-inc-trgp-is-a-great-momentum-stock-should-you-buy,Zacks Investment Research,0.65,0.625,positive,0.65,False,True,False,False,False,False,False,False,0.0,188,['TRGP'],TRGP,2021-06-04
Why Shares of Targa Resources Are Trading Higher Today,The company will soon join the S&P MidCap 400 Index.,2021-06-04 18:58:21+00:00,https://www.fool.com/investing/2021/06/04/why-shares-of-targa-resources-are-trading-higher-t/,The Motley Fool,0.25,0.5,positive,0.25,False,False,False,False,False,False,False,False,0.0,108,['TRGP'],TRGP,2021-06-04
"Strength Seen in Targa Resources, Inc. (TRGP): Can Its 12.3% Jump Turn into More Strength?","Targa Resources, Inc. (TRGP) was a big mover last session on higher-than-average trading volume. The latest trend in earnings estimate revisions might help the stock continue moving higher in the near term.",2021-06-07 12:40:00+00:00,https://www.zacks.com/stock/news/1669367/strength-seen-in-targa-resources-inc-trgp-can-its-123-jump-turn-into-more-strength,Zacks Investment Research,0.225,0.41111111111111104,positive,0.225,True,False,False,False,False,False,False,False,0.0,298,['TRGP'],TRGP,2021-06-07
10 Biggest Price Target Changes For Monday,"Needham raised  OrthoPediatrics Corp. (NASDAQ: KIDS) price target from $70 to $77. Vertex Pharmaceuticals shares rose 0.2% to close at $63.51 on Friday.
HC Wainwright & Co. lifted the price target on  Novan, Inc. (NASDAQ: NOVN) from $20 to $28. Novan shares rose 9.3% to $16.05 in pre-market trading.
SVB Leerink reduced the price target on  Vertex Pharmaceuticals Incorporated (NASDAQ: VRTX) from $250 to $200. Vertex Pharmaceuticals shares rose 1% to $194.99 in pre-market trading.
HC Wainwright & Co. raised  ...Full story available on Benzinga.com",2021-06-14 13:31:53+00:00,https://www.benzinga.com/markets/penny-stocks/21/06/21549112/10-biggest-price-target-changes-for-monday,Benzinga,0.5499999999999999,0.8124999999999999,positive,0.5499999999999999,False,False,False,False,False,False,False,False,0.0,595,"['NOVN', 'VRTX', 'CAR', 'CLB', 'NUE', 'KIDS', 'TRGP', 'SNOW', 'CRSP', 'PHIO']",TRGP,2021-06-14
2 Great Dividend Picks For A Rich Retirement,DIY should not mean you never finish the project. Retirement comes if you're ready or not. Read about two great dividend picks here.,2021-06-16 12:35:00+00:00,https://seekingalpha.com/article/4434813-2-great-dividend-picks-for-a-rich-retirement,Seeking Alpha,0.46624999999999994,0.6875,positive,0.46624999999999994,False,False,False,False,False,True,False,False,0.0,178,"['AM', 'AR', 'ARCC', 'BIZD', 'FSK', 'MAIN', 'PSEC', 'TRGP']",TRGP,2021-06-16
Choose These 5 Low Leverage Stocks to Avoid Debt-Related Risk,"A risk-averse investor should buy stocks that bear low leverage since a debt-free corporation is rare to find. You may consider buying IMO, SCL, PIPR, DQ, and TRGP.",2021-06-24 12:02:00+00:00,https://www.zacks.com/stock/news/1753512/choose-these-5-low-leverage-stocks-to-avoid-debt-related-risk,Zacks Investment Research,0.09999999999999999,0.5,neutral,0.09999999999999999,False,True,False,False,False,True,False,False,0.0,227,"['IMO', 'DQ', 'TRGP', 'SCL', 'PIPR']",TRGP,2021-06-24
MLPs And The Biden Tax Proposal: What You Need To Know,"Under the Biden tax proposal, MLPs would be taxed as C corporations and would have to pay taxes at the MLP level. Yet, there are many bright spots for long-term LP investors. Read more here.",2021-06-24 12:35:00+00:00,https://seekingalpha.com/article/4435999-mlps-and-the-biden-tax-proposal-what-you-need-to-know,Seeking Alpha,0.5666666666666668,0.6,positive,0.5666666666666668,False,False,False,False,False,False,False,False,0.0,246,"['AM', 'EPD', 'MPLX', 'TRGP']",TRGP,2021-06-24
Why Targa Resources (TRGP) Stock Might be a Great Pick,"Targa Resources (TRGP) has seen solid earnings estimate revision activity over the past month, and belongs to a strong industry as well.",2021-06-25 12:37:00+00:00,https://www.zacks.com/stock/news/1754180/why-targa-resources-trgp-stock-might-be-a-great-pick,Zacks Investment Research,0.24583333333333335,0.45833333333333337,positive,0.24583333333333335,True,False,False,False,False,False,False,False,0.0,192,['TRGP'],TRGP,2021-06-25
"Here's Why Targa Resources, Inc. (TRGP) is a Great Momentum Stock to Buy","Does Targa Resources, Inc. (TRGP) have what it takes to be a top stock pick for momentum investors? Let's find out.",2021-07-02 16:00:05+00:00,https://www.zacks.com/stock/news/1757234/heres-why-targa-resources-inc-trgp-is-a-great-momentum-stock-to-buy,Zacks Investment Research,0.65,0.625,positive,0.65,False,True,False,False,False,False,False,False,0.0,189,['TRGP'],TRGP,2021-07-02
These 4 Refining & Marketing MLP Stocks Are Worth a Closer Look,"The Zacks Oil and Gas - Refining & Marketing MLP operators like TRGP, SUN, GLP and NGL are well positioned to capitalize on stabilized production and rebounding energy demand.",2021-07-22 11:33:00+00:00,https://www.zacks.com/commentary/1765624/these-4-refining-marketing-mlp-stocks-are-worth-a-closer-look,Zacks Investment Research,0.3,0.1,positive,0.3,False,False,False,False,True,False,False,False,0.0,240,"['TRGP', 'SUN', 'NGL', 'GLP']",TRGP,2021-07-22
Energy Transfer (ET) to Post Q2 Earnings: What's in Store?,Energy Transfer LP's (ET) second-quarter earnings are likely to have benefited from fee-based contracts and completion of organic growth projects.,2021-08-02 13:57:00+00:00,https://www.zacks.com/stock/news/1772462/energy-transfer-et-to-post-q2-earnings-whats-in-store,Zacks Investment Research,0.0,1.0,neutral,0.0,True,False,True,False,False,False,False,False,0.0,206,"['XEC', 'ET', 'TRGP', 'WTTR']",TRGP,2021-08-02
Targa Resources Corp. Reports Second Quarter 2021 Financial Results and Increases 2021 Financial Outlook,"HOUSTON, Aug.  05, 2021  (GLOBE NEWSWIRE) -- Targa Resources Corp. (NYSE: TRGP) (“TRC”, the “Company” or “Targa”) today reported second quarter 2021 results.",2021-08-05 10:00:00+00:00,https://www.globenewswire.com/news-release/2021/08/05/2275312/14074/en/Targa-Resources-Corp-Reports-Second-Quarter-2021-Financial-Results-and-Increases-2021-Financial-Outlook.html,GlobeNewswire Inc.,0.0,0.0,neutral,0.0,False,False,True,False,False,False,False,False,0.0,263,['TRGP'],TRGP,2021-08-05
Targa Resources Corp (TRGP) Q2 2021 Earnings Call Transcript,"TRGP earnings call for the period ending June 30, 2021.",2021-08-05 22:31:41+00:00,https://www.fool.com/earnings/call-transcripts/2021/08/05/targa-resources-corp-trgp-q2-2021-earnings-call-tr/,The Motley Fool,0.0,0.0,neutral,0.0,True,False,False,False,False,False,False,False,0.0,117,['TRGP'],TRGP,2021-08-05
Targa Resources Corp. to Participate in Investor Conferences,"HOUSTON, Aug.  09, 2021  (GLOBE NEWSWIRE) -- Targa Resources Corp. (NYSE: TRGP) (""Targa"" or the ""Company"") announced today that representatives from the Company will participate in meetings via video conference at the following investor conferences:",2021-08-09 21:48:00+00:00,https://www.globenewswire.com/news-release/2021/08/09/2277513/14074/en/Targa-Resources-Corp-to-Participate-in-Investor-Conferences.html,GlobeNewswire Inc.,0.0,0.1,neutral,0.0,False,False,False,False,False,False,False,False,0.0,311,['TRGP'],TRGP,2021-08-09
Targa Resources Is Back on Track. Does That Make Its Stock a Buy?,The midstream company is making excellent progress on its turnaround strategy.,2021-08-10 14:36:00+00:00,https://www.fool.com/investing/2021/08/10/targa-resources-is-back-on-track-does-that-make-it/,The Motley Fool,0.5,0.5,positive,0.5,False,True,False,False,False,False,False,False,0.0,145,['TRGP'],TRGP,2021-08-10
Targa (TRGP) Stock Leaves No Mark Missing on Q2 Earnings,Targa Resources' (TRGP) adjusted EBITDA jumps from $351.2 million a year earlier to $460 million in the second quarter of 2021.,2021-08-20 18:20:00+00:00,https://www.zacks.com/stock/news/1784864/targa-trgp-stock-leaves-no-mark-missing-on-q2-earnings,Zacks Investment Research,-0.06666666666666667,0.18333333333333335,neutral,0.06666666666666667,True,False,True,False,False,False,False,False,0.0,185,"['DVN', 'CLR', 'MTDR', 'TRGP']",TRGP,2021-08-20
Targa Resources Corp. to Participate in Barclays CEO Energy-Power Conference,"HOUSTON, Sept.  07, 2021  (GLOBE NEWSWIRE) -- Targa Resources Corp. (NYSE: TRGP) (""Targa"" or the ""Company"") announced today that representatives from the Company will participate in investor meetings via video conference at the Barclays CEO Energy-Power Conference on Wednesday, September 8, 2021.",2021-09-07 20:30:00+00:00,https://www.globenewswire.com/news-release/2021/09/07/2292937/14074/en/Targa-Resources-Corp-to-Participate-in-Barclays-CEO-Energy-Power-Conference.html,GlobeNewswire Inc.,0.0,0.0,neutral,0.0,False,False,False,False,False,False,True,False,0.0,375,['TRGP'],TRGP,2021-09-07
Energy stocks are on a big run — and still have some catching up to do,Energy stocks have lagged behind commodities prices as the world economy has rebounded.,2021-09-11 14:12:00+00:00,https://www.marketwatch.com/story/energy-stocks-are-on-a-big-run-and-still-have-some-catching-up-to-do-11631277434,MarketWatch,0.06666666666666665,0.5666666666666667,neutral,0.06666666666666665,False,False,False,False,False,False,False,False,0.0,159,"['AMLP', 'WMB', 'LNG', 'COP', 'FANG', 'BKR', 'VLO', 'DVN', 'MPC', 'TRGP', 'PXD', 'SLB', 'EOG', 'PSX', 'EQT', 'HAL', 'DTM', 'CVX', 'HES', 'XEC', 'NOV', 'MRO', 'APA', 'COG', 'OXY', 'HFC', 'XOM', 'CLR', 'KMI', 'OKE', 'AM']",TRGP,2021-09-11
Wall Street sees as much as 70% upside for these highly rated energy stocks in rally mode,"Crude oil shot up more than 3% in only one day amid rising demand and a supply disruption, while many oil and gas stocks were up even more.",2021-09-18 23:56:00+00:00,https://www.marketwatch.com/story/wall-street-sees-as-much-as-70-upside-for-these-highly-rated-energy-stocks-in-rally-mode-11631720833,MarketWatch,0.16571428571428573,0.6057142857142858,positive,0.16571428571428573,False,False,False,False,False,False,False,False,0.0,230,"['ESTE', 'REGI', 'FLMN', 'PVAC', 'NESR', 'LPG', 'FANG', 'NOG', 'PDCE', 'TALO', 'GPRE', 'EOG', 'BCEI', 'NEX', 'MTDR', 'DVN', 'PXD', 'COP', 'VLO', 'OAS', 'DEN', 'SLB', 'MPC', 'CHX', 'TRGP', 'WHD', 'CHK', 'LNG', 'WMB', 'BKR', 'WLL', 'EFR']",TRGP,2021-09-18
Targa Resources Corp. Releases Sustainability Report,"HOUSTON, Sept.  29, 2021  (GLOBE NEWSWIRE) -- Targa Resources Corp. (NYSE: TRGP) (""Targa"" or the ""Company"") announced today that its Sustainability Report for 2020 is now available on the Company’s website at https://www.targaresources.com/sustainability. The report advances Targa’s sustainability disclosures and provides a review of Targa’s performance against various environmental, social, and governance topics that are important to our industry.",2021-09-29 11:05:00+00:00,https://www.globenewswire.com/news-release/2021/09/29/2305229/14074/en/Targa-Resources-Corp-Releases-Sustainability-Report.html,GlobeNewswire Inc.,0.20833333333333334,0.4916666666666667,positive,0.20833333333333334,False,False,False,False,True,False,False,False,0.2,506,['TRGP'],TRGP,2021-09-29
"Targa Resources Corp. to Participate in Wolfe Research Utilities, Midstream & Clean Energy Conference","HOUSTON, Sept.  29, 2021  (GLOBE NEWSWIRE) -- Targa Resources Corp. (NYSE: TRGP) (""Targa"" or the ""Company"") announced today that representatives from the Company will participate in investor meetings via video conference at the Wolfe Research Utilities, Midstream & Clean Energy Conference on Thursday, September 30, 2021.",2021-09-29 20:30:00+00:00,https://www.globenewswire.com/news-release/2021/09/29/2305795/14074/en/Targa-Resources-Corp-to-Participate-in-Wolfe-Research-Utilities-Midstream-Clean-Energy-Conference.html,GlobeNewswire Inc.,0.3666666666666667,0.7000000000000001,positive,0.3666666666666667,False,False,False,False,False,False,False,False,0.0,425,['TRGP'],TRGP,2021-09-29
Why This 1 Growth Stock Could Be a Great Addition to Your Portfolio,The Zacks Style Scores offers investors a way to easily find top-rated stocks based on their investing style. Here's why you should take advantage.,2021-10-04 14:00:06+00:00,https://www.zacks.com/stock/news/1804434/why-this-1-growth-stock-could-be-a-great-addition-to-your-portfolio,Zacks Investment Research,0.4444444444444445,0.5277777777777778,positive,0.4444444444444445,False,False,False,False,False,False,False,False,0.0,216,['TRGP'],TRGP,2021-10-04
Targa Resources Corp. Announces Quarterly Dividends and Timing of Third Quarter 2021 Earnings Webcast,"HOUSTON, Oct.  14, 2021  (GLOBE NEWSWIRE) -- Targa Resources Corp. (NYSE: TRGP) (""Targa"" or the ""Company"") announced its quarterly dividend on common shares and its quarterly dividend on Series A preferred shares with respect to the third quarter of 2021.",2021-10-14 22:03:00+00:00,https://www.globenewswire.com/news-release/2021/10/14/2314704/14074/en/Targa-Resources-Corp-Announces-Quarterly-Dividends-and-Timing-of-Third-Quarter-2021-Earnings-Webcast.html,GlobeNewswire Inc.,-0.09999999999999999,0.16666666666666666,neutral,0.09999999999999999,True,False,False,False,False,True,False,False,0.0,358,['TRGP'],TRGP,2021-10-14
"Here's Why Targa Resources, Inc. (TRGP) is a Strong Growth Stock","Wondering how to pick strong, market-beating stocks for your investment portfolio? Look no further than the Zacks Style Scores.",2021-10-22 14:00:06+00:00,https://www.zacks.com/stock/news/1815033/heres-why-targa-resources-inc-trgp-is-a-strong-growth-stock,Zacks Investment Research,0.28888888888888886,0.6555555555555556,positive,0.28888888888888886,False,False,False,False,False,False,False,False,0.0,193,['TRGP'],TRGP,2021-10-22
Best Momentum Stocks to Buy for October 26th,"REI, TRGP, TSLA, and LNG made it to the Zacks Rank #1 (Strong Buy) momentum stocks list on October 26, 2021.",2021-10-26 14:08:00+00:00,https://www.zacks.com/commentary/1816649/best-momentum-stocks-to-buy-for-october-26th,Zacks Investment Research,0.2111111111111111,0.6444444444444444,positive,0.2111111111111111,False,True,False,False,False,False,False,False,0.0,154,"['TSLA', 'LNG', 'REI', 'TRGP']",TRGP,2021-10-26
Shell (RDS.A) Begins Production at UK's Arran Offshore Project,"Shell (RDS.A) begins production at the Arran gas condensate field, which is expected to produce 100 million standard cubic feet per day of gas and 4,000 barrels per day of condensate.",2021-10-26 15:05:00+00:00,https://www.zacks.com/stock/news/1816823/shell-rdsa-begins-production-at-uks-arran-offshore-project,Zacks Investment Research,-0.05,0.2,neutral,0.05,False,False,False,False,True,False,False,False,0.0,247,"['RDS.A', 'SM', 'AR', 'TRGP']",TRGP,2021-10-26
How is Williams Companies (WMB) Placed Ahead of Q3 Earnings?,Williams Companies' (WMB) Transmission & Gulf of Mexico segment comprising its Transco Pipeline and assets in the Gulf Coast area is likely to have performed well in the third quarter.,2021-10-27 17:29:00+00:00,https://www.zacks.com/stock/news/1817805/how-is-williams-companies-wmb-placed-ahead-of-q3-earnings,Zacks Investment Research,0.0,0.5,neutral,0.0,True,False,False,False,False,False,False,False,0.0,246,"['WMB', 'TRP', 'WLL', 'TRGP']",TRGP,2021-10-27
Is a Beat Likely for Diamondback (FANG) in Q3 Earnings?,Expected increase in output as well as in average price realization of crude oil is likely to boost Diamondback's (FANG) overall results for the third quarter.,2021-10-27 17:31:00+00:00,https://www.zacks.com/stock/news/1817807/is-a-beat-likely-for-diamondback-fang-in-q3-earnings,Zacks Investment Research,-0.1357142857142857,0.5428571428571428,negative,0.1357142857142857,True,False,False,False,False,False,False,False,0.0,216,"['TRP', 'FANG', 'WLL', 'TRGP']",TRGP,2021-10-27
Is a Beat in Store for Marathon Petroleum's (MPC) Q3 Earnings?,"Marathon Petroleum's (MPC) midstream unit is likely to have benefited from stable, fee-based revenues, contained operating expenses and a contribution from organic growth projects in Q3.",2021-10-28 17:11:00+00:00,https://www.zacks.com/stock/news/1819015/is-a-beat-in-store-for-marathon-petroleums-mpc-q3-earnings,Zacks Investment Research,0.0,1.0,neutral,0.0,True,False,False,False,False,False,False,False,0.0,250,"['MPC', 'MPLX', 'WLL', 'TRGP']",TRGP,2021-10-28
How is Ovintiv (OVV) Placed Ahead of Q3 Earnings Release?,Higher commodity price realizations are expected to have boosted Ovintiv's (OVV) Q3 earnings and cash flows.,2021-10-28 17:12:00+00:00,https://www.zacks.com/stock/news/1819016/how-is-ovintiv-ovv-placed-ahead-of-q3-earnings-release,Zacks Investment Research,0.075,0.45,neutral,0.075,True,False,False,False,True,False,False,False,0.0,167,"['TRP', 'WLL', 'TRGP', 'OVV']",TRGP,2021-10-28
Factors Likely to Impact Marathon Oil (MRO) in Q3 Earnings,Higher commodity price realizations are expected to have boosted Marathon Oil's (MRO) Q3 earnings and cash flows.,2021-10-29 17:31:00+00:00,https://www.zacks.com/stock/news/1820200/factors-likely-to-impact-marathon-oil-mro-in-q3-earnings,Zacks Investment Research,0.049999999999999996,0.6333333333333333,neutral,0.049999999999999996,True,False,False,False,False,False,False,False,0.0,173,"['MRO', 'TRP', 'WLL', 'TRGP']",TRGP,2021-10-29
APA to Announce Q3 Earnings: A Beat in Store for the Stock?,"APA is likely to have gained from higher commodity prices in Q3 as it expects average realized crude oil price in the United States to be $70 per barrel, 76.7% above the prior-year actual of $39.60.",2021-10-29 17:33:00+00:00,https://www.zacks.com/stock/news/1820202/apa-to-announce-q3-earnings-a-beat-in-store-for-the-stock,Zacks Investment Research,-0.09999999999999999,0.5166666666666667,neutral,0.09999999999999999,True,False,False,False,False,False,False,False,0.0,259,"['APA', 'TRP', 'WLL', 'TRGP']",TRGP,2021-10-29
Expect an Earnings Beat From These 5 Energy Companies in Q3,"Energy stocks such as APA Corporation (APA), EOG Resources (EOG), Targa Resources (TRGP), Continental Resources (CLR) and Whiting Petroleum (WLL) are likely to have benefited from higher commodity prices.",2021-11-01 10:37:00+00:00,https://www.zacks.com/stock/news/1820561/expect-an-earnings-beat-from-these-5-energy-companies-in-q3,Zacks Investment Research,0.08333333333333333,0.6666666666666666,neutral,0.08333333333333333,True,False,False,False,False,False,False,False,0.0,265,"['RDS.A', 'APA', 'EOG', 'KMI', 'CLR', 'WLL', 'TRGP']",TRGP,2021-11-01
Why Continental (CLR) is Likely to Deliver Q3 Earnings Beat,Continental Resources' (CLR) third-quarter earnings are likely to have been boosted by higher oil and gas prices.,2021-11-01 16:37:00+00:00,https://www.zacks.com/stock/news/1821023/why-continental-clr-is-likely-to-deliver-q3-earnings-beat,Zacks Investment Research,0.08333333333333333,0.8333333333333334,neutral,0.08333333333333333,True,False,False,False,False,False,False,False,0.0,174,"['EOG', 'CLR', 'MPLX', 'TRGP']",TRGP,2021-11-01
Is a Beat in Store for Whiting Petroleum (WLL) in Q3 Earnings?,Production rise is likely to have contributed to the third-quarter revenues and cash flows of Whiting Petroleum (WLL).,2021-11-01 17:08:00+00:00,https://www.zacks.com/stock/news/1821090/is-a-beat-in-store-for-whiting-petroleum-wll-in-q3-earnings,Zacks Investment Research,0.0,1.0,neutral,0.0,True,False,False,False,True,False,False,False,0.0,182,"['EOG', 'TRP', 'WLL', 'TRGP']",TRGP,2021-11-01
Canadian Natural (CNQ) to Report Q3 Earnings: What to Expect,This commodity price rise is likely to have boosted the third-quarter revenues and cash flows of Canadian Natural (CNQ).,2021-11-01 17:15:00+00:00,https://www.zacks.com/stock/news/1821095/canadian-natural-cnq-to-report-q3-earnings-what-to-expect,Zacks Investment Research,0.06666666666666667,0.6,neutral,0.06666666666666667,True,False,False,False,False,False,False,False,0.0,182,"['CNQ', 'TRP', 'WLL', 'TRGP']",TRGP,2021-11-01
 Targa Resources Announces Power Purchase Agreement With Concho Valley Solar To Provide Renewable Electricity For Its West Texas Assets,"HOUSTON, Nov.  01, 2021  (GLOBE NEWSWIRE) --  Targa Resources Corp. (NYSE: TRGP) (""Targa"" or the ""Company"") today announced it has entered into agreements to source renewable electricity from Concho Valley Solar, LLC (“Concho Valley Solar”) to provide power to Targa’s natural gas processing infrastructure in the Permian Basin in West Texas. Concho Valley Solar is a joint development between Merit SI and Komipo America, Inc.",2021-11-01 23:10:00+00:00,https://www.globenewswire.com/news-release/2021/11/01/2324939/14074/en/Targa-Resources-Announces-Power-Purchase-Agreement-With-Concho-Valley-Solar-To-Provide-Renewable-Electricity-For-Its-West-Texas-Assets.html,GlobeNewswire Inc.,0.1,0.4,neutral,0.1,False,False,False,True,False,False,False,False,0.0,564,['TRGP'],TRGP,2021-11-01
What to Look for in Cheniere Energy's (LNG) Q3 Earnings?,"Cheniere Energy (LNG) beat the Zacks Consensus Estimate twice in the last four quarters and missed in the other two, ending up with an earnings surprise of 4.43%, on average.",2021-11-02 11:17:00+00:00,https://www.zacks.com/stock/news/1821497/what-to-look-for-in-cheniere-energys-lng-q3-earnings,Zacks Investment Research,-0.09166666666666667,0.2805555555555555,neutral,0.09166666666666667,True,False,False,False,False,False,False,False,0.0,232,"['EOG', 'LNG', 'WLL', 'TRGP']",TRGP,2021-11-02
What Awaits Pioneer Natural (PXD) This Earnings Season?,Pioneer Natural Resources' (PXD) third-quarter results might be supported by increased output and commodity prices.,2021-11-02 14:01:00+00:00,https://www.zacks.com/stock/news/1821708/what-awaits-pioneer-natural-pxd-this-earnings-season,Zacks Investment Research,0.1,0.4,neutral,0.1,True,False,False,False,False,False,False,False,0.0,172,"['PXD', 'SM', 'MTDR', 'TRGP']",TRGP,2021-11-02
Why EOG Resources (EOG) is Likely to Post Q3 Earnings Beat,EOG Resources' (EOG) third-quarter 2021 results are likely to be backed by higher production volumes and increased commodity price levels.,2021-11-02 14:03:00+00:00,https://www.zacks.com/stock/news/1821709/why-eog-resources-eog-is-likely-to-post-q3-earnings-beat,Zacks Investment Research,0.08333333333333333,0.8333333333333334,neutral,0.08333333333333333,True,False,False,False,True,False,False,False,0.0,198,"['EOG', 'SM', 'MTDR', 'TRGP']",TRGP,2021-11-02
Should You Buy Targa Resources (TRGP) Ahead of Earnings?,Targa Resources (TRGP) is seeing favorable earnings estimate revision activity and has a positive Zacks Earnings ESP heading into earnings season.,2021-11-03 14:03:00+00:00,https://www.zacks.com/stock/news/1822753/should-you-buy-targa-resources-trgp-ahead-of-earnings,Zacks Investment Research,0.22727272727272727,0.5454545454545454,positive,0.22727272727272727,True,True,False,False,False,False,False,False,0.0,204,['TRGP'],TRGP,2021-11-03
Targa Resources Corp. Reports Third Quarter 2021 Financial Results,Increases 2021 Financial Outlook and Announces Updated Capital Allocation Strategy Increases 2021 Financial Outlook and Announces Updated Capital Allocation Strategy,2021-11-04 10:00:00+00:00,https://www.globenewswire.com/news-release/2021/11/04/2327178/14074/en/Targa-Resources-Corp-Reports-Third-Quarter-2021-Financial-Results.html,GlobeNewswire Inc.,0.0,0.0,neutral,0.0,False,False,False,False,False,False,False,False,0.0,233,['TRGP'],TRGP,2021-11-04
Targa Resources Corp (TRGP) Q3 2021 Earnings Call Transcript,"TRGP earnings call for the period ending September 30, 2021.",2021-11-04 18:31:34+00:00,https://www.fool.com/earnings/call-transcripts/2021/11/04/targa-resources-corp-trgp-q3-2021-earnings-call-tr/,The Motley Fool,0.0,0.0,neutral,0.0,True,False,False,False,False,False,False,False,0.0,122,['TRGP'],TRGP,2021-11-04
What to Expect From Enbridge's (ENB) Q3 Earnings Report,Enbridge's (ENB) third-quarter profits are likely to have been boosted by higher commodity flows.,2021-11-05 09:54:00+00:00,http://www.zacks.com/stock/news/1822775/what-to-expect-from-enbridge-s-enb-q3-earnings-report?cid=CS-ZC-FT-analyst_blog|earnings_preview-1822775,Zacks Investment Research,0.125,0.75,positive,0.125,True,False,False,False,False,False,False,False,0.0,154,"['ENB', 'KMI', 'TRGP', 'DCP']",TRGP,2021-11-05
4 Factors Likely to Drive Year-End Wall Street Rally: 5 Picks,"We have narrowed down our search to five large-cap stocks that have strong growth potential for the rest of 2021. These are: DOW, COP, CAR, TRGP and WLK.",2021-11-09 12:11:00+00:00,https://www.zacks.com/stock/news/1825622/4-factors-likely-to-drive-year-end-wall-street-rally-5-picks,Zacks Investment Research,0.06944444444444442,0.7555555555555555,neutral,0.06944444444444442,False,False,False,False,False,False,False,False,0.0,216,"['WLK', 'COP', 'CAR', 'DOW', 'TRGP']",TRGP,2021-11-09
"The Zacks Analyst Blog Highlights: Dow, ConocoPhillips, Westlake Chemical, Avis Budget and Targa Resources","The Zacks Analyst Blog Highlights: Dow, ConocoPhillips, Westlake Chemical, Avis Budget and Targa Resources",2021-11-10 12:16:00+00:00,https://www.zacks.com/stock/news/1826407/the-zacks-analyst-blog-highlights-dow-conocophillips-westlake-chemical-avis-budget-and-targa-resources,Zacks Investment Research,0.0,0.0,neutral,0.0,False,False,False,False,False,False,False,False,0.0,214,"['WLK', 'COP', 'CAR', 'DOW', 'TRGP']",TRGP,2021-11-10
Targa Resources Corp. to Participate in Investor Conferences,"HOUSTON, Nov.  15, 2021  (GLOBE NEWSWIRE) -- Targa Resources Corp. (NYSE: TRGP) (""Targa"" or the ""Company"") announced today that representatives from the Company will participate in investor meetings at the following investor conferences:",2021-11-15 21:30:00+00:00,https://www.globenewswire.com/news-release/2021/11/15/2334801/14074/en/Targa-Resources-Corp-to-Participate-in-Investor-Conferences.html,GlobeNewswire Inc.,0.0,0.1,neutral,0.0,False,False,False,False,False,False,False,False,0.0,299,['TRGP'],TRGP,2021-11-15
Targa NGL Pipeline Company Launches Open Season,"HOUSTON, Nov.  18, 2021  (GLOBE NEWSWIRE) -- Targa Resources Corp. (NYSE: TRGP) (""Targa"" or the ""Company"") announced today that Targa NGL Pipeline Company LLC (“Targa NGL Pipeline”), a wholly owned subsidiary of the Company, has launched an open season commencing November 18, 2021 and closing December 17, 2021 to gauge shipper interest in committed interstate transportation service for natural gas liquids (“NGLs”) from a planned interconnection with upstream pipeline facilities in Stephens and Grady counties, Oklahoma to Mont Belvieu, Texas.",2021-11-18 14:00:00+00:00,https://www.globenewswire.com/news-release/2021/11/18/2337435/14074/en/Targa-NGL-Pipeline-Company-Launches-Open-Season.html,GlobeNewswire Inc.,0.03333333333333333,0.4666666666666666,neutral,0.03333333333333333,False,False,False,False,True,False,False,False,0.0,596,['TRGP'],TRGP,2021-11-18
Targa (TRGP) Stock Leaves No Mark Despite Beating on Q3 Earnings,Targa Resources' (TRGP) adjusted EBITDA jumps from $419.1 million a year earlier to $505.9 million in the third quarter of 2021.,2021-11-19 21:42:00+00:00,https://www.zacks.com/stock/news/1830062/targa-trgp-stock-leaves-no-mark-despite-beating-on-q3-earnings,Zacks Investment Research,0.0,0.25,neutral,0.0,True,False,False,False,False,False,False,False,0.0,194,"['COP', 'EOG', 'FANG', 'TRGP']",TRGP,2021-11-19
Targa Resources Corp. to Participate in Wells Fargo Midstream Utilities & Renewables Symposium,"HOUSTON, Dec.  06, 2021  (GLOBE NEWSWIRE) -- Targa Resources Corp. (NYSE: TRGP) (""Targa"" or the ""Company"") announced today that representatives from the Company will participate in investor meetings via video conference at the Wells Fargo Midstream Utilities & Renewables Symposium on Wednesday, December 8, 2021.",2021-12-06 21:30:00+00:00,https://www.globenewswire.com/news-release/2021/12/06/2346957/14074/en/Targa-Resources-Corp-to-Participate-in-Wells-Fargo-Midstream-Utilities-Renewables-Symposium.html,GlobeNewswire Inc.,0.0,0.0,neutral,0.0,False,False,False,False,False,False,False,False,0.0,409,['TRGP'],TRGP,2021-12-06
How Targa Resources (TRGP) Stock Stands Out in a Strong Industry,"Targa Resources (TRGP) has seen solid earnings estimate revision activity over the past month, and belongs to a strong industry as well.",2021-12-13 16:00:00+00:00,https://www.zacks.com/stock/news/1838621/how-targa-resources-trgp-stock-stands-out-in-a-strong-industry,Zacks Investment Research,0.15416666666666665,0.4541666666666666,positive,0.15416666666666665,True,False,False,False,False,False,False,False,0.0,202,['TRGP'],TRGP,2021-12-13
Targa Resources Corp. to Participate in UBS Winter Infrastructure & Energy Virtual Conference,"HOUSTON, Jan.  10, 2022  (GLOBE NEWSWIRE) -- Targa Resources Corp. (NYSE: TRGP) (""Targa"" or the ""Company"") announced today that representatives from the Company will participate in investor meetings via video conference at the UBS Winter Infrastructure & Energy Virtual Conference on Tuesday, January 11, 2022.",2022-01-10 15:38:00+00:00,https://www.globenewswire.com/news-release/2022/01/10/2364220/14074/en/Targa-Resources-Corp-to-Participate-in-UBS-Winter-Infrastructure-Energy-Virtual-Conference.html,GlobeNewswire Inc.,0.0,0.0,neutral,0.0,False,False,False,False,False,False,False,False,0.0,405,['TRGP'],TRGP,2022-01-10
This 'cash cow' value-stock strategy can fatten your portfolio even if you fear the Fed,A rising-rate environment spells risk for overvalued stocks. Companies with high cash flows can give investors some protection.,2022-01-10 17:14:00+00:00,https://www.marketwatch.com/story/this-cash-cow-value-stock-strategy-can-fatten-your-portfolio-even-if-you-fear-the-fed-11641492520,MarketWatch,0.013333333333333336,0.3533333333333333,neutral,0.013333333333333336,False,False,False,False,False,False,False,False,0.0,216,"['COWZ', 'SPY', 'AAPL', 'MSFT', 'AMZN', 'GOOGL', 'GOOG', 'TSLA', 'PFE', 'XOM', 'ABBV', 'INTC', 'CVS', 'BMY', 'IBM', 'COP', 'GILD', 'MO', 'AM', 'LUMN', 'DOW', 'LYB', 'HRB', 'XRX', 'LOPE', 'LYLT', 'TRGP', 'LH', 'LAD', 'LKQ', 'FANG', 'OLN', 'NXST', 'BYD', 'VSCO']",TRGP,2022-01-10
 Targa Resources Corp. Executes Agreements to Acquire its Development Company Joint Venture Interests ,"HOUSTON, Jan.  10, 2022  (GLOBE NEWSWIRE) -- Targa Resources Corp. (NYSE: TRGP) (“Targa” or the “Company”) announced today that it has executed agreements to repurchase interests in its development company joint ventures (“DevCo JVs”) from investment vehicles affiliated with Stonepeak Partners LP (“Stonepeak”) for approximately $925 million. Targa had approximately $3.2 billion of available liquidity at December 31, 2021 and intends to fund the DevCo acquisition using available liquidity.",2022-01-10 21:10:00+00:00,https://www.globenewswire.com/news-release/2022/01/10/2364390/14074/en/Targa-Resources-Corp-Executes-Agreements-to-Acquire-its-Development-Company-Joint-Venture-Interests.html,GlobeNewswire Inc.,0.0,0.5,neutral,0.0,False,True,False,True,False,False,False,False,0.0,597,['TRGP'],TRGP,2022-01-10
Oil And Gas Stocks Expected To Remain Strong: 5 Top Midstream Energy Stock Picks For 2022,"Oil and gas stocks had a great year in 2021, and analysts expect the favorable energy market environment to continue in 2022. On Tuesday, Bank of America analyst Chase Mulvehill chose his five top stock picks for 2022 in the midstream oil and gas and MLP group.
Gas Exports: Mulvehill said the return of U.S. shale production growth will be a key midstream theme in 2022. While that growth will be driven largely by Permian (Western Texas) oil, Mulvehill said investors should focus more on derivative plays surrounding Permian associated gas.
Related Link: Analyst Downgrades Devon Energy, Marathon Oil; Names Top Oil And Gas Stocks For 2022 
Mulvehill is anticipating a sharp rise in U.S. natural gas ...",2022-01-11 20:27:37+00:00,https://www.benzinga.com/analyst-ratings/analyst-color/22/01/25005002/oil-and-gas-stocks-expected-to-remain-strong-5-top-midstream-energy-stock-picks-for,Benzinga,0.2555860805860806,0.5278388278388279,positive,0.2555860805860806,False,False,False,False,True,False,False,False,0.0,797,"['EPD', 'WES', 'WMB', 'TRGP', 'ET']",TRGP,2022-01-11
Targa Resources Corp. Declares Increase to Quarterly Common Dividend,Announces Quarterly Dividends and Timing of Fourth Quarter 2021 Earnings Webcast Announces Quarterly Dividends and Timing of Fourth Quarter 2021 Earnings Webcast,2022-01-20 22:16:00+00:00,https://www.globenewswire.com/news-release/2022/01/20/2370638/14074/en/Targa-Resources-Corp-Declares-Increase-to-Quarterly-Common-Dividend.html,GlobeNewswire Inc.,-0.09999999999999999,0.16666666666666666,neutral,0.09999999999999999,True,False,False,False,False,True,False,False,0.0,231,['TRGP'],TRGP,2022-01-20
Targa Resources Corp. Executes Agreements to Sell its Equity Interest in Gulf Coast Express Pipeline,"HOUSTON, Feb.  03, 2022  (GLOBE NEWSWIRE) -- Targa Resources Corp. (NYSE: TRGP) (“Targa” or the “Company”) announced today that it has executed agreements selling its wholly-owned subsidiary that holds a 25 percent equity interest in the Gulf Coast Express Pipeline (“GCX”) for $857 million. Targa expects to receive the full proceeds from the sale in the second quarter of 2022 following a customary call right period in favor of the other members of GCX.",2022-02-03 21:40:00+00:00,https://www.globenewswire.com/news-release/2022/02/03/2378948/14074/en/Targa-Resources-Corp-Executes-Agreements-to-Sell-its-Equity-Interest-in-Gulf-Coast-Express-Pipeline.html,GlobeNewswire Inc.,0.10214285714285713,0.31214285714285717,positive,0.10214285714285713,False,False,True,False,False,False,False,False,0.0,558,['TRGP'],TRGP,2022-02-03
"Here's Why Targa Resources, Inc. (TRGP) is a Strong Momentum Stock",The Zacks Style Scores offers investors a way to easily find top-rated stocks based on their investing style. Here's why you should take advantage.,2022-02-07 15:00:05+00:00,https://www.zacks.com/stock/news/1863419/heres-why-targa-resources-inc-trgp-is-a-strong-momentum-stock,Zacks Investment Research,0.32222222222222224,0.5222222222222223,positive,0.32222222222222224,False,False,False,False,False,False,False,False,0.0,215,['TRGP'],TRGP,2022-02-07
Targa Resources (TRGP) Sells Its 25% GCX Stake for $875M,"In a deal worth $857 million, the midstream giant, Targa Resources (TRGP), sells its stake in the Gulf Coast Express Pipeline to an anonymous buyer.",2022-02-08 12:19:00+00:00,https://www.zacks.com/stock/news/1863880/targa-resources-trgp-sells-its-25-gcx-stake-for-875m,Zacks Investment Research,0.15,0.55,positive,0.15,False,True,False,False,False,False,False,False,0.0,206,"['XOM', 'E', 'TRGP', 'CDEV']",TRGP,2022-02-08
Should You Buy Targa Resources (TRGP) Ahead of Earnings?,Targa Resources (TRGP) is seeing favorable earnings estimate revision activity and has a positive Zacks Earnings ESP heading into earnings season.,2022-02-16 17:47:00+00:00,https://www.zacks.com/stock/news/1868652/should-you-buy-targa-resources-trgp-ahead-of-earnings,Zacks Investment Research,0.22727272727272727,0.5454545454545454,positive,0.22727272727272727,True,True,False,False,False,False,False,False,0.0,204,['TRGP'],TRGP,2022-02-16
Targa Resources Corp. Reports Fourth Quarter and Full Year 2021 Financial Results and Provides 2022 Operational and Financial Outlook,"HOUSTON, Feb.  24, 2022  (GLOBE NEWSWIRE) -- Targa Resources Corp. (NYSE: TRGP) (“TRC”, the “Company” or “Targa”) today reported fourth quarter and full year 2021 results.",2022-02-24 11:00:00+00:00,https://www.globenewswire.com/news-release/2022/02/24/2391138/14074/en/Targa-Resources-Corp-Reports-Fourth-Quarter-and-Full-Year-2021-Financial-Results-and-Provides-2022-Operational-and-Financial-Outlook.html,GlobeNewswire Inc.,0.11666666666666665,0.18333333333333335,positive,0.11666666666666665,False,False,False,False,False,False,False,False,0.0,306,['TRGP'],TRGP,2022-02-24
"Why Targa Resources, Inc. (TRGP) is a Top Value Stock for the Long-Term",The Zacks Style Scores offers investors a way to easily find top-rated stocks based on their investing style. Here's why you should take advantage.,2022-02-24 15:00:04+00:00,https://www.zacks.com/stock/news/1872620/why-targa-resources-inc-trgp-is-a-top-value-stock-for-the-long-term,Zacks Investment Research,0.3444444444444444,0.4444444444444445,positive,0.3444444444444444,False,False,False,False,False,False,False,False,0.0,220,['TRGP'],TRGP,2022-02-24
Expert Ratings For Targa Resources,"Over the past 3 months, 5 analysts have published their opinion on Targa Resources (NYSE:TRGP) stock. These analysts are typically employed by large Wall Street banks and tasked with understanding a company's business to predict how a stock will trade over the upcoming year.




Bullish
Somewhat Bullish
Indifferent
Somewhat Bearish
Bearish




Total Ratings
3
2
0
0
0


Last 30D
1
0
0
0
0


1M Ago
0
0
0
0
0


2M Ago
2
1
0
0
0


3M Ago
0
1
0
0
0



These 5 analysts have an average price target of $72.6 versus the current price of Targa Resources at $63.6, implying  upside.
Below is ...Full story available on Benzinga.com",2022-02-25 20:10:15+00:00,https://www.benzinga.com/analyst-ratings/22/02/25850100/expert-ratings-for-targa-resources,Benzinga,0.005952380952380959,0.3994047619047619,neutral,0.005952380952380959,False,False,False,False,False,False,False,False,0.0,662,['TRGP'],TRGP,2022-02-25
Targa Resources Corp. Announces Form 10-K Available,"HOUSTON, Feb.  28, 2022  (GLOBE NEWSWIRE) -- Targa Resources Corp. (NYSE: TRGP) (""TRC"" or the ""Company"") has filed its Form 10-K with the Securities and Exchange Commission (SEC) for the year ended December 31, 2021. The report may be accessed at www.sec.gov.",2022-02-28 23:31:00+00:00,https://www.globenewswire.com/news-release/2022/02/28/2393772/14074/en/Targa-Resources-Corp-Announces-Form-10-K-Available.html,GlobeNewswire Inc.,0.15000000000000002,0.5,positive,0.15000000000000002,False,False,True,False,False,False,False,False,0.0,312,['TRGP'],TRGP,2022-02-28
Targa Resources Corp. to Participate in Investor Conferences,"HOUSTON, Feb.  28, 2022  (GLOBE NEWSWIRE) -- Targa Resources Corp. (NYSE: TRGP) (""Targa"" or the ""Company"") announced today that representatives from the Company will participate in investor meetings at the following investor conferences:",2022-02-28 23:34:00+00:00,https://www.globenewswire.com/news-release/2022/02/28/2393773/14074/en/Targa-Resources-Corp-to-Participate-in-Investor-Conferences.html,GlobeNewswire Inc.,0.0,0.1,neutral,0.0,False,False,False,False,False,False,False,False,0.0,299,['TRGP'],TRGP,2022-02-28
"Targa (TRGP) Earnings Miss, Revenues Beat Estimates in Q4","Targa Resources' (TRGP) fourth-quarter earnings lag the consensus mark, while revenues beat estimates.",2022-03-01 12:49:00+00:00,https://www.zacks.com/stock/news/1875081/targa-trgp-earnings-miss-revenues-beat-estimates-in-q4,Zacks Investment Research,0.0,0.0,neutral,0.0,True,False,False,False,False,False,False,False,0.0,161,"['COP', 'MRO', 'CVE', 'TRGP']",TRGP,2022-03-01
"Why Targa Resources, Inc. (TRGP) is a Top Momentum Stock for the Long-Term",The Zacks Style Scores offers investors a way to easily find top-rated stocks based on their investing style. Here's why you should take advantage.,2022-03-08 15:00:07+00:00,https://www.zacks.com/stock/news/1879084/why-targa-resources-inc-trgp-is-a-top-momentum-stock-for-the-long-term,Zacks Investment Research,0.3444444444444444,0.4444444444444445,positive,0.3444444444444444,False,False,False,False,False,False,False,False,0.0,223,['TRGP'],TRGP,2022-03-08
Targa Resources Corp. to Participate in Evercore ISI Elite Energy & Materials Summit,"HOUSTON, March  08, 2022  (GLOBE NEWSWIRE) -- Targa Resources Corp. (NYSE: TRGP) (""Targa"" or the ""Company"") announced today that representatives from the Company will participate in investor meetings via video conference at the Evercore ISI Elite Energy & Materials Summit on Wednesday, March 9, 2022.",2022-03-08 22:37:00+00:00,https://www.globenewswire.com/news-release/2022/03/08/2399496/14074/en/Targa-Resources-Corp-to-Participate-in-Evercore-ISI-Elite-Energy-Materials-Summit.html,GlobeNewswire Inc.,0.0,0.0,neutral,0.0,False,False,False,False,False,False,False,False,0.0,387,['TRGP'],TRGP,2022-03-08
Tom Lee Says Energy Over Oil: Here Are 15 Stocks To Play The Idea,"Tom Lee is a managing partner and head of research at Fundstrat Global Advisors. On CNBC’s ""Fast Money,"" he continued his bullish bias Tuesday on energy stocks over oil stocks by comparing oil prices to household items by the barrel.
Oil is still cheap and the burden is quite small comparatively, he said. 
“If you’re paying ...",2022-03-15 20:45:17+00:00,https://www.benzinga.com/personal-finance/financial-advisors/22/03/26152206/tom-lee-says-energy-over-oil-here-are-15-stocks-to-play-the-idea,Benzinga,0.08750000000000002,0.42499999999999993,neutral,0.08750000000000002,False,False,False,False,False,False,False,False,0.0,396,"['LNG', 'GLNG', 'GPRE', 'PLUG', 'CCJ', 'CLR', 'COP', 'DVN', 'HEP', 'KO', 'MRO', 'PXD', 'XOM', 'TRGP']",TRGP,2022-03-15
Targa Resources Corp. Executes Agreements to Acquire Bolt-On Assets for $200 Million,"HOUSTON, March  17, 2022  (GLOBE NEWSWIRE) -- Targa Resources Corp. (NYSE: TRGP) (“Targa” or the “Company”) announced today that it has executed agreements to acquire Southcross Energy Operating LLC and its subsidiaries in South Texas for $200 million.",2022-03-17 20:30:00+00:00,https://www.globenewswire.com/news-release/2022/03/17/2405674/14074/en/Targa-Resources-Corp-Executes-Agreements-to-Acquire-Bolt-On-Assets-for-200-Million.html,GlobeNewswire Inc.,0.0,0.0,neutral,0.0,False,True,False,False,False,False,False,False,0.0,338,['TRGP'],TRGP,2022-03-17
10 Biggest Price Target Changes For Friday,"Keybanc cut the price target on  AMETEK, Inc.  (NYSE: AME) from $160 to $155. AMETEK shares rose 1% to close at $132.75 on Thursday.
Piper Sandler lowered  Wingstop Inc.  (NASDAQ: WING) price target from $195 to $102. Wingstop shares slipped 3.3% to $117.11 in pre-market trading.
Telsey Advisory Group raised the price target on  Dollar General Corporation  (NYSE: DG) from $260 to $265. Dollar General shares fell 0.5% to $220.74 in pre-market trading.
Piper Sandler reduced the price target ...Full story available on Benzinga.com",2022-03-18 11:53:02+00:00,https://www.benzinga.com/markets/penny-stocks/22/03/26198476/10-biggest-price-target-changes-for-friday,Benzinga,0.275,0.5875,positive,0.275,False,False,False,False,False,False,False,False,0.0,577,"['ACN', 'AME', 'FDX', 'TRU', 'DG', 'TRGP', 'WING', 'SYBX', 'MDB', 'CABA']",TRGP,2022-03-18
Where Targa Resources Stands With Analysts,"Analysts have provided the following ratings for Targa Resources (NYSE:TRGP) within the last quarter: 




Bullish
Somewhat Bullish
Indifferent
Somewhat Bearish
Bearish




Total Ratings
4
1
0
0
0


Last 30D
1
0
0
0
0


1M Ago
1
0
0
0
0


2M Ago
2
1
0
0
0


3M Ago
0
0
0
0
0



According to 5 analyst offering 12-month price targets in the last 3 months, Targa Resources has an average price target of $75.8 with a high of $85.00 and a low of $70.00. 
Below is a summary of how these 5 analysts rated Targa Resources over the past 3 months. The greater the number of bullish ratings, the ...Full story available on Benzinga.com",2022-03-18 14:00:05+00:00,https://www.benzinga.com/analyst-ratings/22/03/26199745/where-targa-resources-stands-with-analysts,Benzinga,0.060000000000000005,0.3127272727272727,neutral,0.060000000000000005,False,False,False,False,False,False,False,False,0.0,671,['TRGP'],TRGP,2022-03-18
"Benzinga's Top Ratings Upgrades, Downgrades For March 18, 2022","Upgrades

For United Airlines Holdings Inc (NASDAQ:UAL), Exane BNP Paribas upgraded the previous rating of Underperform to Neutral. United Airlines Holdings earned $1.60 in the fourth quarter, compared to $7.00 in the year-ago quarter. The stock has a 52-week-high of $63.70 and a 52-week-low of $30.54. At the end of the last trading period, United Airlines Holdings closed at $41.42.
Argus Research upgraded the previous rating for Omnicom Group Inc (NYSE:OMC) from Hold to Buy. Omnicom Group earned $1.95 in the fourth quarter, compared to $1.90 in the year-ago quarter. The current stock performance of Omnicom Group shows a 52-week-high of $91.61 and a 52-week-low of $65.76. Moreover, at the end of the last trading period, the closing price was at $84.74.
For Allstate Corp (NYSE:ALL), Raymond James upgraded the previous rating of Outperform to Strong Buy. In the fourth quarter, Allstate showed an EPS of $2.75, compared to $5.87 from the year-ago quarter. The current stock performance of Allstate shows a 52-week-high of $140.00 and a 52-week-low of $106.11. Moreover, at the end of the last trading period, the closing price was at $130.92.
For Garmin Ltd (NYSE:GRMN), B of A Securities upgraded the previous rating of Neutral to Buy. In the fourth quarter, Garmin showed an EPS of $1.55, compared to $1.73 from the year-ago quarter. At the moment, the stock has a 52-week-high of $178.81 and a 52-week-low of $106.66. Garmin closed at $116.51 at the end of the last trading period.
Oppenheimer upgraded the previous rating for Tractor Supply Co (NASDAQ:TSCO) from Perform to Outperform. Tractor Supply earned $1.93 in the fourth quarter, compared to $1.64 in the year-ago quarter. The stock has a 52-week-high of $239.86 and a 52-week-low of $165.10. At the end of the last trading period, Tractor Supply closed at $232.60.
For Staar Surgical Co (NASDAQ:STAA), BTIG upgraded the previous rating of Neutral to Buy. In the fourth quarter, Staar Surgical showed an EPS of $0.19, compared to $0.14 from the year-ago quarter. The current stock performance of Staar Surgical shows a 52-week-high of $163.08 and a 52-week-low of $55.36. Moreover, at the end of the last trading period, the closing price was at $69.74.
According to JMP Securities, the prior rating for Guidewire Software Inc (NYSE:GWRE) was changed from Market Perform to Market Outperform. Guidewire Software earned $0.06 in the second quarter, compared to $0.11 in the year-ago quarter. The current stock performance of Guidewire Software shows a 52-week-high of $130.95 and a 52-week-low of $81.38. Moreover, at the end of the last trading period, the closing price was at $90.08.
Mizuho upgraded the previous rating for Targa Resources Corp (NYSE:TRGP) from Neutral to Buy. The current stock performance of Targa Resources shows a 52-week-high of $72.03 and a 52-week-low of $29.95. Moreover, at the end of the last trading period, the closing price was at $67.63.
UBS upgraded the previous rating for MongoDB Inc (NASDAQ:MDB) from Neutral to Buy. MongoDB earned $0.09 in the fourth quarter, compared to $0.33 in the year-ago quarter. The stock has a 52-week-high of $590.00 and a 52-week-low of $238.01. At the ...Full story available on Benzinga.com",2022-03-18 14:13:03+00:00,https://www.benzinga.com/analyst-ratings/upgrades/22/03/26200824/benzingas-top-ratings-upgrades-downgrades-for-march-18-2022,Benzinga,-0.008333333333333328,0.16111111111111115,neutral,0.008333333333333328,False,True,True,False,False,False,False,False,0.0,3292,"['GRMN', 'GWRE', 'NNBR', 'FTCH', 'PKOH', 'NDLS', 'WING', 'RENT', 'HONE', 'STAA', 'MDB', 'TSCO', 'SFIX', 'ALL', 'DDOG', 'AMX', 'POSH', 'CMI', 'JOAN', 'GMS', 'TDUP', 'OMC', 'UDMY', 'TRU', 'BIRD', 'UAL', 'EQRX', 'REAL', 'ZIMV', 'TRGP', 'PFGC']",TRGP,2022-03-18
Targa (TRGP) to Acquire Southcross Energy for $200 Million,"In a transaction worth $200 million, Targa Resources Corp. (TRGP) to take over Southcross Energy and its subsidiaries in South Texas.",2022-03-22 14:15:00+00:00,https://www.zacks.com/stock/news/1885576/targa-trgp-to-acquire-southcross-energy-for-200-million,Zacks Investment Research,0.3,0.1,positive,0.3,False,True,False,False,False,False,False,False,0.0,193,"['SM', 'IMO', 'TRGP', 'CDEV']",TRGP,2022-03-22
Targa Resources Corp. Prices $1.5 Billion Offering of Senior Notes,"HOUSTON, March  23, 2022  (GLOBE NEWSWIRE) -- Targa Resources Corp. (“Targa” or the “Company”) (NYSE: TRGP), announced today the pricing of an underwritten public offering (the “Offering”) of $750 million aggregate principal amount of its 4.200% senior notes due 2033 and $750 million aggregate principal amount of its 4.950% senior notes due 2052 at a price to the public of 99.815% and 99.333%, respectively, of their face value. The Offering is expected to close on April 6, 2022, subject to customary closing conditions. The Company intends to use a portion of the net proceeds from the Offering to fund the previously announced purchase (the “Tender Offer”) of 5 7/8% Senior Notes due 2026 (the “2026 Notes”) of Targa Resources Partners LP or to fund the previously announced redemption of any 2026 Notes not purchased in the Tender Offer, with the remaining net proceeds to be used to repay a portion of the amounts outstanding under the Company’s revolving credit facility. The Offering is not conditioned on the consummation of the Tender Offer. The Tender Offer is conditioned on, among other things, the Offering.",2022-03-23 21:26:00+00:00,https://www.globenewswire.com/news-release/2022/03/23/2409034/14074/en/Targa-Resources-Corp-Prices-1-5-Billion-Offering-of-Senior-Notes.html,GlobeNewswire Inc.,-0.04285714285714285,0.2625,neutral,0.04285714285714285,False,False,False,False,False,False,False,False,0.0,1191,['TRGP'],TRGP,2022-03-23
Targa Resources Corp. to Participate in Investor Conferences,"HOUSTON, March  29, 2022  (GLOBE NEWSWIRE) -- Targa Resources Corp. (NYSE: TRGP) (""Targa"" or the ""Company"") announced today that representatives from the Company will participate in investor meetings at the following investor conferences:",2022-03-29 22:00:00+00:00,https://www.globenewswire.com/news-release/2022/03/29/2412403/14074/en/Targa-Resources-Corp-to-Participate-in-Investor-Conferences.html,GlobeNewswire Inc.,0.0,0.1,neutral,0.0,False,False,False,False,False,False,False,False,0.0,300,['TRGP'],TRGP,2022-03-29
Oil & Gas Stock Roundup: BP's EV Investment & Eni's Discovery Take Center Stage,"Apart from BP plc (BP) and Eni (E), there was news regarding Targa Resources (TRGP) and Baker Hughes (BKR) during the week.",2022-03-30 12:21:00+00:00,https://www.zacks.com/stock/news/1889663/oil-gas-stock-roundup-bps-ev-investment-enis-discovery-take-center-stage,Zacks Investment Research,-0.1,0.1,neutral,0.1,False,False,False,False,False,False,False,False,0.0,204,"['BP', 'E', 'BKR', 'TRGP']",TRGP,2022-03-30
"The Zacks Analyst Blog Highlights BP, Eni, Targa Resources and Baker Hughes","BP, Eni, Targa Resources and Baker Hughes have been included in this Analyst Blog.",2022-03-31 10:56:00+00:00,https://www.zacks.com/stock/news/1890228/the-zacks-analyst-blog-highlights-bp-eni-targa-resources-and-baker-hughes,Zacks Investment Research,0.0,0.0,neutral,0.0,False,False,False,False,False,False,False,False,0.0,159,"['BP', 'E', 'BKR', 'TRGP']",TRGP,2022-03-31
Are You a Growth Investor? This 1 Stock Could Be the Perfect Pick,The Zacks Style Scores offers investors a way to easily find top-rated stocks based on their investing style. Here's why you should take advantage.,2022-04-04 14:18:19+00:00,https://www.zacks.com/stock/news/1892350/are-you-a-growth-investor-this-1-stock-could-be-the-perfect-pick,Zacks Investment Research,0.5111111111111112,0.6111111111111112,positive,0.5111111111111112,False,False,False,False,False,False,False,False,0.0,214,['TRGP'],TRGP,2022-04-04
These 3 Refining & Marketing MLP Stocks Are Worth a Closer Look,"Notwithstanding high gasoline prices and supply chain challenges, the Zacks Oil and Gas - Refining & Marketing MLP operators like Targa Resources (TRGP), Western Midstream Partners, LP (GLP) and Sunoco LP (SU) should enjoy some upside momentum.",2022-04-05 12:44:00+00:00,https://www.zacks.com/commentary/1892917/these-3-refining-marketing-mlp-stocks-are-worth-a-closer-look,Zacks Investment Research,0.215,0.285,positive,0.215,False,False,False,False,False,False,False,False,0.0,309,"['TRGP', 'SUN', 'WES']",TRGP,2022-04-05
"Zacks Industry Outlook Highlights Sunoco, Targa Resources, and Western Midstream Partners","Sunoco, Targa Resources, and Western Midstream Partners are part of today's Industry Outlook article.",2022-04-06 10:07:00+00:00,https://www.zacks.com/stock/news/1893860/zacks-industry-outlook-highlights-sunoco-targa-resources-and-western-midstream-partners,Zacks Investment Research,0.0,0.0,neutral,0.0,False,False,False,False,False,False,False,False,0.0,192,"['SUN', 'WES', 'TRGP']",TRGP,2022-04-06
Targa Resources Partners LP Announces Expiration and Final Results of Tender Offer for its 5.875% Senior Notes due 2026,"HOUSTON, April  06, 2022  (GLOBE NEWSWIRE) -- Targa Resources Partners LP (“Targa Resources Partners” or the “Partnership”), a subsidiary of Targa Resources Corp. (NYSE: TRGP) announced today that its previously announced cash tender offer (the “Tender Offer”) to purchase any and all of its 5.875% Senior Notes due 2026 (the “2026 Notes”) expired at 5:00 p.m., New York City time, on April 5, 2022, (the “Expiration Time”). As of the Expiration Time, $482,158,000 aggregate principal amount of the 2026 Notes (50.06%) were validly tendered, which excludes $2,804,000 aggregate principal amount of the 2026 Notes that remain subject to guaranteed delivery procedures. The Partnership expects to accept for payment all such 2026 Notes validly tendered and not validly withdrawn in the Tender Offer and expects to make payment for the 2026 Notes on April 6, 2022, subject to TRGP’s successful completion of its previously announced underwritten public offering of (i) $750,000,000 in aggregate principal amount of TRGP’s 4.200% Senior Notes due 2033 and (ii) $750,000,000 in aggregate principal amount of TRGP’s 4.950% Senior Notes due 2052 (the “Financing Condition”), which is expected to close today. The settlement date for any notes tendered pursuant to a Notice of Guaranteed Delivery is expected to be on April 8, 2022. Concurrently with the launch of the Tender Offer, the Partnership exercised its right to optionally redeem, on April 22, 2022, any 2026 Notes not validly tendered and purchased in the Tender Offer at a redemption price of 102.938% of the principal amount thereof plus accrued interest, pursuant to the terms of the Indenture relating to the 2026 Notes, conditioned upon and subject to satisfaction of the Financing Condition.",2022-04-06 12:45:00+00:00,https://www.globenewswire.com/news-release/2022/04/06/2417628/14074/en/Targa-Resources-Partners-LP-Announces-Expiration-and-Final-Results-of-Tender-Offer-for-its-5-875-Senior-Notes-due-2026.html,GlobeNewswire Inc.,-0.021250318309141827,0.4200152788388083,neutral,0.021250318309141827,False,False,False,True,True,False,False,True,0.0,1871,['TRGP'],TRGP,2022-04-06
5 Pipeline Stocks to Hedge Your Portfolio Against Inflation,"SUN, DCP, DKL, MPLX and TRGP are among the best inflation-protected investments in today's markets.",2022-04-14 12:47:00+00:00,https://www.zacks.com/stock/news/1899471/5-pipeline-stocks-to-hedge-your-portfolio-against-inflation,Zacks Investment Research,1.0,0.3,positive,1.0,False,False,False,False,False,False,False,False,0.0,160,"['SUN', 'MPLX', 'DKL', 'TRGP', 'DCP']",TRGP,2022-04-14
Targa Resources Corp. Announces Quarterly Dividends and Timing of First Quarter 2022 Earnings Webcast,"HOUSTON, April  14, 2022  (GLOBE NEWSWIRE) -- Targa Resources Corp. (NYSE: TRGP) (""Targa"" or the ""Company"") announced its quarterly dividend on common shares and its quarterly dividend on Series A preferred shares with respect to the first quarter of 2022.",2022-04-14 22:00:00+00:00,https://www.globenewswire.com/news-release/2022/04/14/2423149/14074/en/Targa-Resources-Corp-Announces-Quarterly-Dividends-and-Timing-of-First-Quarter-2022-Earnings-Webcast.html,GlobeNewswire Inc.,0.06666666666666667,0.38888888888888884,neutral,0.06666666666666667,True,False,False,False,False,True,False,False,0.0,359,['TRGP'],TRGP,2022-04-14
Targa Resources Corp. Announces Full Redemption of its 9.5% Series A Preferred Stock,"HOUSTON, April  18, 2022  (GLOBE NEWSWIRE) -- Targa Resources Corp. (NYSE: TRGP), a Delaware corporation (the “Company”), today announced that it will deliver a notice of redemption to the holders of 9.5% Series A Preferred Stock (the “Series A Preferred Stock”) of the Company to call for redemption on May 3, 2022 (the “Redemption Date”) all of the issued and outstanding Series A Preferred Stock pursuant to and in accordance with that certain Certificate of Designations of Series A Preferred Stock of the Company, dated as of March 16, 2016. Following the redemption, there will be no Series A Preferred Stock outstanding, dividends on the Series A Preferred Stock will cease to accumulate and all rights of the holders of shares of Series A Preferred Stock will terminate, except the right of such holders to receive the Redemption Consideration (as defined below).",2022-04-18 10:20:00+00:00,https://www.globenewswire.com/news-release/2022/04/18/2423571/14074/en/Targa-Resources-Corp-Announces-Full-Redemption-of-its-9-5-Series-A-Preferred-Stock.html,GlobeNewswire Inc.,0.2642857142857143,0.5724489795918367,positive,0.2642857142857143,False,False,False,False,False,True,False,False,0.0,957,['TRGP'],TRGP,2022-04-18
Executives Sell Over $740M Of 4 Stocks,"Although US crude oil futures traded lower on Tuesday, there were a few notable insider trades.
When insiders sell shares, it indicates their concern in the company’s prospects or that they view the stock as being overpriced. Either way, this signals an opportunity to go short on the stock. Insider sales should not be taken as the only indicator for making an investment or trading decision. At best, it can lend conviction to a selling decision.
Below is a look at a few recent notable insider sales. For more, check out  Benzinga's insider transactions  platform.
Callon Petroleum 

The Trade:  Callon Petroleum Company (NYSE: CPE) 10% owner Stephen Schwarzman  sold a total of 193,099 shares  at an average price of $61.60. The insider received around $11.9 million from selling those shares.
What’s Happening: The company’s stock has gained around 20% since ...",2022-04-19 12:21:50+00:00,https://www.benzinga.com/news/22/04/26685349/executives-sell-over-740m-of-4-stocks,Benzinga,0.10416666666666669,0.4750000000000001,positive,0.10416666666666669,False,False,False,False,False,False,False,False,0.0,907,"['CPE', 'PCG', 'TRGP', 'VNOM']",TRGP,2022-04-19
Expert Ratings for Targa Resources,"Targa Resources (NYSE:TRGP) has observed the following analyst ratings within the last quarter: 




Bullish
Somewhat Bullish
Indifferent
Somewhat Bearish
Bearish




Total Ratings
4
0
0
0
0


Last 30D
1
0
0
0
0


1M Ago
0
0
0
0
0


2M Ago
2
0
0
0
0


3M Ago
1
0
0
0
0



These 4 analysts have an average price target of $81.75 versus the current price of Targa Resources at $79.035, implying  upside.
Below is a summary of how these 4 analysts rated Targa Resources over the past 3 months. The greater the number of bullish ...Full story available on Benzinga.com",2022-04-20 13:46:57+00:00,https://www.benzinga.com/analyst-ratings/22/04/26710710/expert-ratings-for-targa-resources,Benzinga,0.05555555555555555,0.3259259259259259,neutral,0.05555555555555555,False,False,False,False,False,False,False,False,0.0,600,['TRGP'],TRGP,2022-04-20
"Are You Looking for a Top Momentum Pick? Why Targa Resources, Inc. (TRGP) is a Great Choice","Does Targa Resources, Inc. (TRGP) have what it takes to be a top stock pick for momentum investors? Let's find out.",2022-04-20 16:00:06+00:00,https://www.zacks.com/stock/news/1903528/are-you-looking-for-a-top-momentum-pick-why-targa-resources-inc-trgp-is-a-great-choice,Zacks Investment Research,0.6,0.5833333333333334,positive,0.6,False,False,False,False,False,False,False,False,0.0,208,['TRGP'],TRGP,2022-04-20
Targa Resources Corp. Completes Acquisition of Bolt-On Assets,"HOUSTON, April  21, 2022  (GLOBE NEWSWIRE) -- Targa Resources Corp. (NYSE: TRGP) (“Targa” or the “Company”) announced today that it has completed the previously announced acquisition of Southcross Energy Operating LLC and its subsidiaries in South Texas.",2022-04-21 18:01:00+00:00,https://www.globenewswire.com/news-release/2022/04/21/2426873/14074/en/Targa-Resources-Corp-Completes-Acquisition-of-Bolt-On-Assets.html,GlobeNewswire Inc.,-0.16666666666666666,0.16666666666666666,negative,0.16666666666666666,False,True,False,False,False,False,False,False,0.0,317,['TRGP'],TRGP,2022-04-21
"Targa Resources: More Dividend Growth Coming, Could Even Quadruple Next Year","Targa Resources continued to defy expectations with a very strong performance during 2021, which helped their dividends increase by 250%. Click here to know why I rate it as a Buy.",2022-04-23 04:24:13+00:00,https://seekingalpha.com/article/4503104-targa-resources-dividend-growth-coming-could-quadruple-next-year,Seeking Alpha,0.3544444444444445,0.4844444444444444,positive,0.3544444444444445,False,True,False,False,False,True,False,False,0.0,258,['TRGP'],TRGP,2022-04-23
Targa (TRGP) Completes $200 Million Southcross Energy Takeover,"Targa Resources (TRGP) completes the earlier announced acquisition, which was to be closed by the second quarter of 2022.",2022-04-25 10:25:00+00:00,https://www.zacks.com/stock/news/1906640/targa-trgp-completes-200-million-southcross-energy-takeover,Zacks Investment Research,-0.03333333333333333,0.19999999999999998,neutral,0.03333333333333333,False,True,True,False,False,False,False,False,0.0,185,"['SM', 'IMO', 'TRGP', 'CDEV']",TRGP,2022-04-25
Should SPDR S&P MidCap 400 ETF (MDY) Be on Your Investing Radar?,Style Box ETF report for MDY,2022-05-03 10:20:07+00:00,https://www.zacks.com/stock/news/1914092/should-spdr-sp-midcap-400-etf-mdy-be-on-your-investing-radar,Zacks Investment Research,0.0,0.0,neutral,0.0,False,False,False,False,False,False,False,False,0.0,94,"['MDY', 'AA', 'CPT', 'TRGP', 'IJH', 'VO']",TRGP,2022-05-03
Targa Resources Corp. Reports First Quarter 2022 Financial Results,"HOUSTON, May  05, 2022  (GLOBE NEWSWIRE) -- Targa Resources Corp. (NYSE: TRGP) (“TRGP,” the “Company” or “Targa”) today reported first quarter 2022 results.",2022-05-05 10:00:00+00:00,https://www.globenewswire.com/news-release/2022/05/05/2436483/14074/en/Targa-Resources-Corp-Reports-First-Quarter-2022-Financial-Results.html,GlobeNewswire Inc.,0.16666666666666666,0.2222222222222222,positive,0.16666666666666666,False,False,False,False,False,False,False,False,0.0,224,['TRGP'],TRGP,2022-05-05
Targa Resources Corp. to Participate in Investor Conferences,"HOUSTON, May  06, 2022  (GLOBE NEWSWIRE) -- Targa Resources Corp. (NYSE: TRGP) (""Targa"" or the ""Company"") announced today that representatives from the Company will participate in investor meetings at the following investor conferences:",2022-05-06 21:30:00+00:00,https://www.globenewswire.com/news-release/2022/05/06/2438070/14074/en/Targa-Resources-Corp-to-Participate-in-Investor-Conferences.html,GlobeNewswire Inc.,0.0,0.1,neutral,0.0,False,False,False,False,False,False,False,False,0.0,298,['TRGP'],TRGP,2022-05-06
Targa (TRGP) Stock Down 2% Since Q1 Earnings & Sales Miss,Targa Resources' (TRGP) share price dips after its first-quarter earnings and revenues lag the consensus mark.,2022-05-18 12:34:00+00:00,https://www.zacks.com/stock/news/1925846/targa-trgp-stock-down-2-since-q1-earnings-sales-miss,Zacks Investment Research,-0.15555555555555559,0.2888888888888889,negative,0.15555555555555559,True,False,False,False,False,False,False,False,0.0,169,"['COP', 'MRO', 'CVE', 'TRGP']",TRGP,2022-05-18
Should SPDR S&P 400 Mid Cap Growth ETF (MDYG) Be on Your Investing Radar?,Style Box ETF report for MDYG,2022-05-20 10:20:08+00:00,https://www.zacks.com/stock/news/1926928/should-spdr-sp-400-mid-cap-growth-etf-mdyg-be-on-your-investing-radar,Zacks Investment Research,0.0,0.0,neutral,0.0,False,False,False,False,False,False,False,False,0.0,104,"['MDYG', 'STLD', 'CPT', 'TRGP', 'IWP', 'VOT']",TRGP,2022-05-20
Wells Fargo Maintains Overweight Rating for Targa Resources: Here's What You Need To Know,"Wells Fargo has decided to maintain its Overweight rating of Targa Resources (NYSE:TRGP) and lower its price target from $86.00 to $83.00.
Shares of Targa Resources are trading up 0.45% over the last 24 hours, at $69.22 per share.
A move to $83.00 would account for a 19.91% increase from the current share price.
About Targa Resources
Targa Resources is a midstream firm that primarily operates gathering and processing assets with substantial positions in the Permian, Stack, Scoop, and Bakken plays. It has 840,000 barrels a day of gross fractionation capacity at Mont Belvieu and ...Full story available on Benzinga.com",2022-05-20 16:56:21+00:00,https://www.benzinga.com/analyst-ratings/22/05/27327197/wells-fargo-maintains-overweight-rating-for-targa-resources-heres-what-you-need-to-know,Benzinga,0.10000000000000002,0.29444444444444445,positive,0.10000000000000002,False,False,False,False,False,False,False,False,0.0,714,['TRGP'],TRGP,2022-05-20
Expert Ratings for Targa Resources,"Targa Resources (NYSE:TRGP) has observed the following analyst ratings within the last quarter:



 
Bullish
Somewhat Bullish
Indifferent
Somewhat Bearish
Bearish




Total Ratings
4
3
0
0
0


Last 30D
0
1
0
0
0


1M Ago
2
2
0
0
0


2M Ago
0
0
0
0
0


3M Ago
2
0
0
0
0



These 7 analysts have an average price target of $86.71 versus the current price of Targa Resources at $68.52, implying upside.
Below is a summary of how these 7 analysts rated Targa Resources over the past 3 months. The greater the number of bullish ratings, the more positive analysts are on the stock ...Full story available on Benzinga.com",2022-05-20 19:47:05+00:00,https://www.benzinga.com/analyst-ratings/22/05/27330342/expert-ratings-for-targa-resources,Benzinga,0.1115702479338843,0.3617079889807162,positive,0.1115702479338843,False,False,False,False,False,False,False,False,0.0,651,['TRGP'],TRGP,2022-05-20
Should Vanguard S&P MidCap 400 Growth ETF (IVOG) Be on Your Investing Radar?,Style Box ETF report for IVOG,2022-05-23 10:20:06+00:00,https://www.zacks.com/stock/news/1927640/should-vanguard-sp-midcap-400-growth-etf-ivog-be-on-your-investing-radar,Zacks Investment Research,0.0,0.0,neutral,0.0,False,False,False,False,False,False,False,False,0.0,107,"['IVOG', 'BLDR', 'CPT', 'TRGP', 'IWP', 'VOT']",TRGP,2022-05-23
Targa Resources Corp. to Participate in Bank of America Energy Credit Conference,"HOUSTON, June  06, 2022  (GLOBE NEWSWIRE) -- Targa Resources Corp. (NYSE: TRGP) (""Targa"" or the ""Company"") announced today that representatives from the Company will participate in investor meetings at the Bank of America Energy Credit Conference on Wednesday, June 8, 2022 in New York City.",2022-06-06 21:30:00+00:00,https://www.globenewswire.com/news-release/2022/06/06/2457218/14074/en/Targa-Resources-Corp-to-Participate-in-Bank-of-America-Energy-Credit-Conference.html,GlobeNewswire Inc.,0.13636363636363635,0.45454545454545453,positive,0.13636363636363635,False,False,False,False,False,False,False,False,0.0,373,['TRGP'],TRGP,2022-06-06
Should SPDR Portfolio S&P 400 Mid Cap ETF (SPMD) Be on Your Investing Radar?,Style Box ETF report for SPMD,2022-06-13 10:20:08+00:00,https://www.zacks.com/stock/news/1937930/should-spdr-portfolio-sp-400-mid-cap-etf-spmd-be-on-your-investing-radar,Zacks Investment Research,0.0,0.0,neutral,0.0,False,False,False,False,False,False,False,False,0.0,107,"['SPMD', 'AA', 'CPT', 'TRGP', 'IJH', 'VO']",TRGP,2022-06-13
Targa Resources Corp. to Acquire Lucid Energy from Riverstone Holdings and Goldman Sachs Asset Management for $3.55bn; Provides Updated 2022 Standalone Financial Outlook,"HOUSTON and DALLAS and NEW YORK, June  16, 2022  (GLOBE NEWSWIRE) -- Targa Resources Corp. (NYSE: TRGP) (“Targa” or the “Company”) and Lucid Energy Group, a leading privately held natural gas processor in the Permian Basin, announced today a definitive agreement under which a wholly-owned subsidiary of Targa will acquire Lucid Energy Delaware, LLC (“Lucid”) from Riverstone Holdings LLC (“Riverstone”) and Goldman Sachs Asset Management (“Goldman Sachs”), for $3.55 billion in cash.",2022-06-16 20:41:00+00:00,https://www.globenewswire.com/news-release/2022/06/16/2464369/14074/en/Targa-Resources-Corp-to-Acquire-Lucid-Energy-from-Riverstone-Holdings-and-Goldman-Sachs-Asset-Management-for-3-55bn-Provides-Updated-2022-Standalone-Financial-Outlook.html,GlobeNewswire Inc.,0.05909090909090909,0.3073863636363636,neutral,0.05909090909090909,False,True,False,False,False,False,True,False,0.0,655,['TRGP'],TRGP,2022-06-16
Targa (TRGP) to Buy Lucid Energy in a $3.55B Transaction,Targa Resources (TRGP) looks to expand its Permian Basin footprint with the $3.55-billion acquisition of Lucid Energy.,2022-06-21 11:14:00+00:00,https://www.zacks.com/stock/news/1941512/targa-trgp-to-buy-lucid-energy-in-a-355b-transaction,Zacks Investment Research,0.0,0.0,neutral,0.0,False,True,False,False,False,False,False,False,0.0,176,"['TRGP', 'CIVI', 'ESTE', 'SBOW']",TRGP,2022-06-21
Targa Resources Corp. Prices $1.25 Billion Offering of Senior Notes,"HOUSTON, June  22, 2022  (GLOBE NEWSWIRE) -- Targa Resources Corp. (“Targa” or the “Company”) (NYSE: TRGP), announced today the pricing of an underwritten public offering (the “Offering”) of $750 million aggregate principal amount of its 5.200% senior notes due 2027 (the “2027 notes”) and $500 million aggregate principal amount of its 6.250% senior notes due 2052 (the “2052 notes” and, together with the 2027 notes, the “notes”) at a price to the public of 99.849% and 99.773% of their face value, respectively. The Offering is expected to close on July 7, 2022, subject to customary closing conditions.",2022-06-22 20:23:00+00:00,https://www.globenewswire.com/news-release/2022/06/22/2467516/14074/en/Targa-Resources-Corp-Prices-1-25-Billion-Offering-of-Senior-Notes.html,GlobeNewswire Inc.,-0.0738095238095238,0.24523809523809523,neutral,0.0738095238095238,False,False,False,False,False,False,False,False,0.0,675,['TRGP'],TRGP,2022-06-22
Implied Volatility Surging for Targa Resources (TRGP) Stock Options,Investors need to pay close attention to Targa Resources (TRGP) stock based on the movements in the options market lately.,2022-06-27 12:44:00+00:00,https://www.zacks.com/stock/news/1944133/implied-volatility-surging-for-targa-resources-trgp-stock-options,Zacks Investment Research,-0.3,0.6,negative,0.3,False,False,False,False,False,False,False,False,0.0,191,['TRGP'],TRGP,2022-06-27
Oil & Gas Stock Roundup: Targa's Acquisition & ExxonMobil's LNG Expansion Take Center Stage,"Apart from Targa Resources (TRGP) and ExxonMobil (XOM), Diamondback Energy (FANG), Chesapeake Energy (CHK) and Southwestern Energy (SWN) hog the limelight during the week.",2022-06-30 12:13:00+00:00,https://www.zacks.com/stock/news/1946175/oil-gas-stock-roundup-targas-acquisition-exxonmobils-lng-expansion-take-center-stage,Zacks Investment Research,-0.1,0.1,neutral,0.1,False,True,False,False,False,False,False,False,0.0,264,"['XOM', 'CHK', 'SWN', 'FANG', 'TRGP']",TRGP,2022-06-30
"The Zacks Analyst Blog Highlights Targa Resources, ExxonMobil, Diamondback Energy, Chesapeake Energy and Southwestern Energy","Targa Resources, ExxonMobil, Diamondback Energy, Chesapeake Energy and Southwestern Energy are part of Zacks top Analyst Blog.",2022-07-01 10:52:00+00:00,https://www.zacks.com/stock/news/1946629/the-zacks-analyst-blog-highlights-targa-resources-exxonmobil-diamondback-energy-chesapeake-energy-and-southwestern-energy,Zacks Investment Research,0.5,0.5,positive,0.5,False,False,False,False,False,False,False,False,0.0,252,"['XOM', 'CHK', 'SWN', 'FANG', 'TRGP']",TRGP,2022-07-01
Should SPDR S&P MidCap 400 ETF (MDY) Be on Your Investing Radar?,Style Box ETF report for MDY,2022-07-05 13:19:17+00:00,https://www.zacks.com/stock/news/1947920/should-spdr-sp-midcap-400-etf-mdy-be-on-your-investing-radar,Zacks Investment Research,0.0,0.0,neutral,0.0,False,False,False,False,False,False,False,False,0.0,94,"['MDY', 'AA', 'CPT', 'TRGP', 'IJH', 'VO']",TRGP,2022-07-05
Should iShares S&P MidCap 400 Growth ETF (IJK) Be on Your Investing Radar?,Style Box ETF report for IJK,2022-07-11 10:20:06+00:00,https://www.zacks.com/stock/news/1950249/should-ishares-sp-midcap-400-growth-etf-ijk-be-on-your-investing-radar,Zacks Investment Research,0.0,0.0,neutral,0.0,False,False,False,False,False,False,False,False,0.0,104,"['IJK', 'BLDR', 'CPT', 'TRGP', 'IWP', 'VOT']",TRGP,2022-07-11
Apple To $173? Here's The Biggest Price Target Changes For Tuesday,"Citigroup cut  JPMorgan Chase & Co. (NYSE: JPM) price target from $145 to $135. JPMorgan shares fell 0.6% to $112.22 in pre-market trading. JPMorgan is expected to release Q2 earnings on Thursday.
Credit Suisse lowered  The Gap, Inc.  (NYSE: GPS) price target from $10 to $8. Gap shares fell 5.7% to $8.26 in pre-market trading.
Morgan Stanley cut the price target on  American Express Company  (NYSE: AXP) from $223 to $143. American Express shares fell 2.6% to $136.97 in pre-market trading.
Citigroup cut  NVIDIA Corporation  ...",2022-07-12 12:10:50+00:00,https://www.benzinga.com/analyst-ratings/price-target/22/07/28031186/apple-to-173-heres-the-biggest-price-target-changes-for-tuesday,Benzinga,-0.03333333333333333,0.13333333333333333,neutral,0.03333333333333333,True,False,False,False,True,False,False,False,0.0,600,"['AAPL', 'NVDA', 'AXP', 'GPS', 'JPM', 'PEG', 'SAP', 'TYL', 'TRGP', 'JD']",TRGP,2022-07-12
Targa Resources Corp. Announces Quarterly Dividend and Timing of Second Quarter 2022 Earnings Webcast,"HOUSTON, July  14, 2022  (GLOBE NEWSWIRE) -- Targa Resources Corp. (NYSE: TRGP) (""Targa"" or the ""Company"") announced its quarterly dividend on common shares with respect to the second quarter of 2022.",2022-07-14 21:20:00+00:00,https://www.globenewswire.com/news-release/2022/07/14/2480133/14074/en/Targa-Resources-Corp-Announces-Quarterly-Dividend-and-Timing-of-Second-Quarter-2022-Earnings-Webcast.html,GlobeNewswire Inc.,-0.09999999999999999,0.16666666666666666,neutral,0.09999999999999999,True,False,True,False,False,True,False,False,0.0,303,['TRGP'],TRGP,2022-07-14
"Targa Resources, Inc. (TRGP) Just Reclaimed the 200-Day Moving Average",Good things could be on the horizon when a stock surpasses the 200-day simple moving average. How should investors react?,2022-07-21 13:30:03+00:00,https://www.zacks.com/stock/news/1955755/targa-resources-inc-trgp-just-reclaimed-the-200-day-moving-average,Zacks Investment Research,0.09999999999999998,0.4392857142857143,neutral,0.09999999999999998,False,False,False,False,False,False,False,False,0.0,193,['TRGP'],TRGP,2022-07-21
"Wall Street Analysts See a 36% Upside in Targa Resources, Inc. (TRGP): Can the Stock Really Move This High?","The consensus price target hints at a 36.2% upside potential for Targa Resources, Inc. (TRGP). While empirical research shows that this sought-after metric is hardly effective, an upward trend in earnings estimate revisions could mean that the stock will witness an upside in the near term.",2022-07-21 13:55:14+00:00,https://www.zacks.com/stock/news/1955791/wall-street-analysts-see-a-36-upside-in-targa-resources-inc-trgp-can-the-stock-really-move-this-high,Zacks Investment Research,0.12107142857142858,0.5325,positive,0.12107142857142858,True,False,False,False,False,False,False,False,0.0,399,['TRGP'],TRGP,2022-07-21
Should SPDR S&P 400 Mid Cap Growth ETF (MDYG) Be on Your Investing Radar?,Style Box ETF report for MDYG,2022-07-22 10:20:05+00:00,https://www.zacks.com/stock/news/1956207/should-spdr-sp-400-mid-cap-growth-etf-mdyg-be-on-your-investing-radar,Zacks Investment Research,0.0,0.0,neutral,0.0,False,False,False,False,False,False,False,False,0.0,104,"['MDYG', 'STLD', 'CSL', 'TRGP', 'IWP', 'VOT']",TRGP,2022-07-22
Should Vanguard S&P MidCap 400 ETF (IVOO) Be on Your Investing Radar?,Style Box ETF report for IVOO,2022-07-26 10:20:06+00:00,https://www.zacks.com/stock/news/1957583/should-vanguard-sp-midcap-400-etf-ivoo-be-on-your-investing-radar,Zacks Investment Research,0.0,0.0,neutral,0.0,False,False,False,False,False,False,False,False,0.0,100,"['IVOO', 'STLD', 'EQT', 'TRGP', 'IJH', 'VO']",TRGP,2022-07-26
Should Vanguard S&P MidCap 400 Growth ETF (IVOG) Be on Your Investing Radar?,Style Box ETF report for IVOG,2022-07-27 10:20:06+00:00,https://www.zacks.com/stock/news/1958415/should-vanguard-sp-midcap-400-growth-etf-ivog-be-on-your-investing-radar,Zacks Investment Research,0.0,0.0,neutral,0.0,False,False,False,False,False,False,False,False,0.0,107,"['IVOG', 'STLD', 'CSL', 'TRGP', 'IWP', 'VOT']",TRGP,2022-07-27
Targa Resources Corp. Completes Acquisition of Lucid Energy,"HOUSTON, July  29, 2022  (GLOBE NEWSWIRE) -- Targa Resources Corp. (NYSE: TRGP) (“Targa” or the “Company”) announced today that one of its wholly-owned subsidiaries has completed the previously announced acquisition of Lucid Energy Delaware, LLC (“Lucid”) for $3.55 billion. This acquisition extends and further strengthens Targa’s position in the core of the Delaware Basin.",2022-07-29 20:04:00+00:00,https://www.globenewswire.com/news-release/2022/07/29/2488967/14074/en/Targa-Resources-Corp-Completes-Acquisition-of-Lucid-Energy.html,GlobeNewswire Inc.,-0.08333333333333333,0.3333333333333333,neutral,0.08333333333333333,False,True,False,False,False,False,False,False,0.0,436,['TRGP'],TRGP,2022-07-29
Targa Resources Corp. Reports Second Quarter 2022 Financial Results and Increases Full Year 2022 Financial Outlook,"HOUSTON, Aug.  04, 2022  (GLOBE NEWSWIRE) -- Targa Resources Corp. (NYSE: TRGP) (“TRGP,” the “Company” or “Targa”) today reported second quarter 2022 results.",2022-08-04 10:00:00+00:00,https://www.globenewswire.com/news-release/2022/08/04/2492051/14074/en/Targa-Resources-Corp-Reports-Second-Quarter-2022-Financial-Results-and-Increases-Full-Year-2022-Financial-Outlook.html,GlobeNewswire Inc.,0.06999999999999999,0.11000000000000001,neutral,0.06999999999999999,False,False,True,False,False,False,False,False,0.0,274,['TRGP'],TRGP,2022-08-04
3 Stocks to Leverage Strong Refining & Marketing MLP Fundamentals,"With refining margins on a tear, the Zacks Oil and Gas - Refining & Marketing MLP operators like TRGP, CLMT and GLP should enjoy plenty of upside momentum.",2022-08-08 12:19:00+00:00,https://www.zacks.com/commentary/1965170/3-stocks-to-leverage-strong-refining-marketing-mlp-fundamentals,Zacks Investment Research,0.41666666666666663,0.6166666666666667,positive,0.41666666666666663,False,False,False,False,False,False,False,False,0.0,222,"['TRGP', 'CLMT', 'GLP']",TRGP,2022-08-08
"Zacks Industry Outlook Highlights Targa Resources, Calumet Specialty Products Partners and Global Partners","Targa Resources, Calumet Specialty Products Partners and Global Partners are part of Zacks Industry Outlook article.",2022-08-09 12:57:00+00:00,https://www.zacks.com/stock/news/1966067/zacks-industry-outlook-highlights-targa-resources-calumet-specialty-products-partners-and-global-partners,Zacks Investment Research,0.0,0.0,neutral,0.0,False,False,False,False,True,False,False,False,0.0,224,"['CLMT', 'GLP', 'TRGP']",TRGP,2022-08-09
"Wall Street Analysts Think Targa Resources, Inc. (TRGP) Could Surge 35%: Read This Before Placing a Bet","The average of price targets set by Wall Street analysts indicates a potential upside of 35.5% in Targa Resources, Inc. (TRGP). While the effectiveness of this highly sought-after metric is questionable, the positive trend in earnings estimate revisions might translate into an upside in the stock.",2022-08-09 13:55:24+00:00,https://www.zacks.com/stock/news/1966049/wall-street-analysts-think-targa-resources-inc-trgp-could-surge-35-read-this-before-placing-a-bet,Zacks Investment Research,-0.05254545454545454,0.6970909090909091,neutral,0.05254545454545454,True,False,False,False,False,False,False,False,0.0,403,['TRGP'],TRGP,2022-08-09
Expert Ratings for Targa Resources,"Analysts have provided the following ratings for Targa Resources (NYSE:TRGP) within the last quarter:



 
Bullish
Somewhat Bullish
Indifferent
Somewhat Bearish
Bearish




Total Ratings
1
4
0
0
0


Last 30D
1
0
0
0
0


1M Ago
0
3
0
0
0


2M Ago
0
0
0
0
0


3M Ago
0
1
0
0
0



According to 5 analyst offering 12-month price targets in the last 3 months, Targa Resources has an average price target of $93.2 with a high of $105.00 and a low of $83.00.
Below is a summary of how these 5 analysts rated Targa Resources over the past 3 months. The greater the ...Full story available on Benzinga.com",2022-08-09 19:10:06+00:00,https://www.benzinga.com/analyst-ratings/22/08/28424245/expert-ratings-for-targa-resources,Benzinga,0.060000000000000005,0.3127272727272727,neutral,0.060000000000000005,False,False,False,False,False,False,False,False,0.0,632,['TRGP'],TRGP,2022-08-09
"Targa Resources, Inc. (TRGP) Is Attractively Priced Despite Fast-paced Momentum","Targa Resources, Inc. (TRGP) made it through our 'Fast-Paced Momentum at a Bargain' screen and could be a great choice for investors looking for stocks that have gained strong momentum recently but are still trading at reasonable prices.",2022-08-12 12:50:06+00:00,https://www.zacks.com/stock/news/1967627/targa-resources-inc-trgp-is-attractively-priced-despite-fast-paced-momentum,Zacks Investment Research,0.44666666666666666,0.6666666666666667,positive,0.44666666666666666,False,False,False,False,False,False,False,False,0.0,318,['TRGP'],TRGP,2022-08-12
Targa Resources Corp. to Participate in Investor Conferences,"HOUSTON, Aug.  12, 2022  (GLOBE NEWSWIRE) -- Targa Resources Corp. (NYSE: TRGP) (""Targa"" or the ""Company"") announced today that representatives from the Company will participate in investor meetings at the following investor conferences:",2022-08-12 20:30:00+00:00,https://www.globenewswire.com/news-release/2022/08/12/2497820/14074/en/Targa-Resources-Corp-to-Participate-in-Investor-Conferences.html,GlobeNewswire Inc.,0.0,0.1,neutral,0.0,False,False,False,False,False,False,False,False,0.0,299,['TRGP'],TRGP,2022-08-12
Should SPDR Portfolio S&P 400 Mid Cap ETF (SPMD) Be on Your Investing Radar?,Style Box ETF report for SPMD,2022-08-15 10:20:08+00:00,https://www.zacks.com/stock/news/1967999/should-spdr-portfolio-sp-400-mid-cap-etf-spmd-be-on-your-investing-radar,Zacks Investment Research,0.0,0.0,neutral,0.0,False,False,False,False,False,False,False,False,0.0,107,"['SPMD', 'STLD', 'CSL', 'TRGP', 'IJH', 'VO']",TRGP,2022-08-15
Targa (TRGP) Stock Shines SInce Q2 Earnings Beat: Here's Why,"Targa Resources (TRGP) paid out a dividend of 35 cents per share, while adjusted free cash flow rose 30.5% from the second quarter of 2021 to $334.1 million.",2022-08-26 11:46:00+00:00,https://www.zacks.com/stock/news/1972801/targa-trgp-stock-shines-since-q2-earnings-beat-heres-why,Zacks Investment Research,0.3333333333333333,0.5833333333333334,positive,0.3333333333333333,True,False,True,False,False,True,False,False,0.0,219,"['XOM', 'TRGP', 'ESTE', 'EQNR']",TRGP,2022-08-26
"How Much Upside is Left in Targa Resources, Inc. (TRGP)? Wall Street Analysts Think 26%","The average of price targets set by Wall Street analysts indicates a potential upside of 26.2% in Targa Resources, Inc. (TRGP). While the effectiveness of this highly sought-after metric is questionable, the positive trend in earnings estimate revisions might translate into an upside in the stock.",2022-08-29 13:55:24+00:00,https://www.zacks.com/stock/news/1973445/how-much-upside-is-left-in-targa-resources-inc-trgp-wall-street-analysts-think-26,Zacks Investment Research,-0.00896103896103896,0.5264935064935065,neutral,0.00896103896103896,True,False,False,False,False,False,False,False,0.0,387,['TRGP'],TRGP,2022-08-29
Targa Resources Corp. to Participate in Investor Conferences,"HOUSTON, Sept.  06, 2022  (GLOBE NEWSWIRE) -- Targa Resources Corp. (NYSE: TRGP) (""Targa"" or the ""Company"") announced today that representatives from the Company will participate in investor meetings at the following investor conferences in New York City, NY:",2022-09-06 10:00:00+00:00,https://www.globenewswire.com/news-release/2022/09/06/2510130/14074/en/Targa-Resources-Corp-to-Participate-in-Investor-Conferences.html,GlobeNewswire Inc.,0.06818181818181818,0.2772727272727273,neutral,0.06818181818181818,False,False,False,False,False,False,False,False,0.0,321,['TRGP'],TRGP,2022-09-06
Should SPDR S&P MidCap 400 ETF (MDY) Be on Your Investing Radar?,Style Box ETF report for MDY,2022-09-06 10:20:06+00:00,https://www.zacks.com/stock/news/1976744/should-spdr-sp-midcap-400-etf-mdy-be-on-your-investing-radar,Zacks Investment Research,0.0,0.0,neutral,0.0,False,False,False,False,False,False,False,False,0.0,94,"['MDY', 'STLD', 'CSL', 'TRGP', 'IJH', 'VO']",TRGP,2022-09-06
5 High Earnings Yield Value Picks to Counter a Dicey September,"In what is historically viewed as the worst month for the stock markets, stay safe by investing in high earnings yield value companies like ALB, WCC, STNG, EWBC and TRGP.",2022-09-06 12:31:00+00:00,https://www.zacks.com/stock/news/1976808/5-high-earnings-yield-value-picks-to-counter-a-dicey-september,Zacks Investment Research,-0.03599999999999999,0.516,neutral,0.03599999999999999,True,False,False,False,False,False,False,False,0.0,234,"['WCC', 'ALB', 'EWBC', 'TRGP', 'STNG']",TRGP,2022-09-06
Should Invesco S&P MidCap Momentum ETF (XMMO) Be on Your Investing Radar?,Style Box ETF report for XMMO,2022-09-07 10:20:06+00:00,https://www.zacks.com/stock/news/1977269/should-invesco-sp-midcap-momentum-etf-xmmo-be-on-your-investing-radar,Zacks Investment Research,0.0,0.0,neutral,0.0,False,False,False,False,False,False,False,False,0.0,104,"['XMMO', 'LSI', 'CSL', 'TRGP', 'IWP', 'VOT']",TRGP,2022-09-07
"Fast-paced Momentum Stock Targa Resources, Inc. (TRGP) Is Still Trading at a Bargain","Targa Resources, Inc. (TRGP) could be a great choice for investors looking to buy stocks that have gained strong momentum recently but are still trading at reasonable prices. It is one of the several stocks that made it through our 'Fast-Paced Momentum at a Bargain' screen.",2022-09-07 12:50:04+00:00,https://www.zacks.com/stock/news/1977348/fast-paced-momentum-stock-targa-resources-inc-trgp-is-still-trading-at-a-bargain,Zacks Investment Research,0.2866666666666667,0.4666666666666667,positive,0.2866666666666667,False,True,False,False,False,False,False,False,0.0,360,['TRGP'],TRGP,2022-09-07
Should iShares Core S&P MidCap ETF (IJH) Be on Your Investing Radar?,Style Box ETF report for IJH,2022-09-13 10:20:08+00:00,https://www.zacks.com/stock/news/1979630/should-ishares-core-sp-midcap-etf-ijh-be-on-your-investing-radar,Zacks Investment Research,0.0,0.0,neutral,0.0,False,False,False,False,False,False,False,False,0.0,98,"['IJH', 'STLD', 'CSL', 'TRGP', 'VO', 'IWR']",TRGP,2022-09-13
Should iShares S&P MidCap 400 Growth ETF (IJK) Be on Your Investing Radar?,Style Box ETF report for IJK,2022-09-14 10:20:09+00:00,https://www.zacks.com/stock/news/1980234/should-ishares-sp-midcap-400-growth-etf-ijk-be-on-your-investing-radar,Zacks Investment Research,0.0,0.0,neutral,0.0,False,False,False,False,False,False,False,False,0.0,104,"['IJK', 'STLD', 'CSL', 'TRGP', 'IWP', 'VOT']",TRGP,2022-09-14
Should Vanguard S&P MidCap 400 ETF (IVOO) Be on Your Investing Radar?,Style Box ETF report for IVOO,2022-09-26 10:20:06+00:00,https://www.zacks.com/stock/news/1984657/should-vanguard-sp-midcap-400-etf-ivoo-be-on-your-investing-radar,Zacks Investment Research,0.0,0.0,neutral,0.0,False,False,False,False,False,False,False,False,0.0,100,"['IVOO', 'STLD', 'CSL', 'TRGP', 'IJH', 'VO']",TRGP,2022-09-26
Should Vanguard S&P MidCap 400 Growth ETF (IVOG) Be on Your Investing Radar?,Style Box ETF report for IVOG,2022-09-26 10:20:07+00:00,https://www.zacks.com/stock/news/1984656/should-vanguard-sp-midcap-400-growth-etf-ivog-be-on-your-investing-radar,Zacks Investment Research,0.0,0.0,neutral,0.0,False,False,False,False,False,False,False,False,0.0,107,"['IVOG', 'STLD', 'CSL', 'TRGP', 'IWP', 'VOT']",TRGP,2022-09-26
"Targa Resources Corp. to Participate in Wolfe Research Utilities, Midstream & Clean Energy Conference","HOUSTON, Sept.  29, 2022  (GLOBE NEWSWIRE) -- Targa Resources Corp. (NYSE: TRGP) (""Targa"" or the ""Company"") announced today that representatives from the Company will participate in investor meetings via video conference at the Wolfe Research Utilities, Midstream & Clean Energy Conference on Friday, September 30, 2022.",2022-09-29 22:00:00+00:00,https://www.globenewswire.com/news-release/2022/09/29/2525674/14074/en/Targa-Resources-Corp-to-Participate-in-Wolfe-Research-Utilities-Midstream-Clean-Energy-Conference.html,GlobeNewswire Inc.,0.3666666666666667,0.7000000000000001,positive,0.3666666666666667,False,False,False,False,False,False,False,False,0.0,423,['TRGP'],TRGP,2022-09-29
New Strong Buy Stocks for October 4th,"CHS, PUMP, TRGP, EC, and RWEOY have been added to the Zacks Rank #1 (Strong Buy) List on October 4, 2022.",2022-10-04 10:54:00+00:00,https://www.zacks.com/commentary/1987500/new-strong-buy-stocks-for-october-4th,Zacks Investment Research,0.05075757575757571,0.7053030303030303,neutral,0.05075757575757571,False,True,False,False,False,False,False,False,0.0,144,"['CHS', 'EC', 'TRGP', 'PUMP']",TRGP,2022-10-04
5 Stocks to Buy for October After a Dreadful September,"We have narrowed our search to five U.S. corporates that have strong growth potential for the rest of 2022. These are: BLDR, BJ, DINO, CHK, TRGP.",2022-10-05 10:08:00+00:00,https://www.zacks.com/stock/news/1988032/5-stocks-to-buy-for-october-after-a-dreadful-september,Zacks Investment Research,-0.18888888888888888,0.9111111111111111,negative,0.18888888888888888,False,True,False,False,False,False,False,False,0.0,201,"['CHK', 'BJ', 'BLDR', 'TRGP', 'DINO']",TRGP,2022-10-05
"The Zacks Analyst Blog Highlights HF Sinclair, BJ's Wholesale Club, Builders FirstSource, Targa Resources and Chesapeake Energy","HF Sinclair, BJ's Wholesale Club, Builders FirstSource, Targa Resources and Chesapeake Energy are part of the the Zacks top Analyst Blog.",2022-10-06 12:24:00+00:00,https://www.zacks.com/stock/news/1988547/the-zacks-analyst-blog-highlights-hf-sinclair-bjs-wholesale-club-builders-firstsource-targa-resources-and-chesapeake-energy,Zacks Investment Research,0.5,0.5,positive,0.5,False,False,False,False,False,False,False,False,0.0,266,"['CHK', 'BJ', 'BLDR', 'TRGP', 'DINO']",TRGP,2022-10-06
Top 5 Large-Cap Stocks Flying High YTD in Terrible 2022,"We have narrowed our search to five large-cap stocks that have popped more than 20% year to date. These are: DINO, ENPH, LPLA, SWAV and TRGP.",2022-10-07 13:31:00+00:00,https://www.zacks.com/stock/news/1989137/top-5-large-cap-stocks-flying-high-ytd-in-terrible-2022,Zacks Investment Research,0.04000000000000001,0.635,neutral,0.04000000000000001,False,False,False,False,False,False,False,False,0.0,198,"['LPLA', 'ENPH', 'TRGP', 'SWAV', 'DINO']",TRGP,2022-10-07
10 energy stocks that are analysts' favorites as OPEC makes oil-production cuts,Simon Wong of Gabelli also names a floor price for oil to keep domestic shale producers profitable.,2022-10-08 13:16:00+00:00,https://www.marketwatch.com/story/10-energy-stocks-that-are-analysts-favorites-as-opec-makes-oil-production-cuts-11664983557,MarketWatch,0.0,0.1,neutral,0.0,True,False,False,False,True,False,False,False,0.0,180,"['XLE', 'XOM', 'CVX', 'MID', 'GPRE', 'HAL', 'PDCE', 'BKR', 'TRGP', 'EQT', 'TALO', 'CHX', 'CIVI', 'FANG']",TRGP,2022-10-08
 Targa Resources Corp. Announces Quarterly Dividend and Timing of Third Quarter 2022 Earnings Webcast,"HOUSTON, Oct.  13, 2022  (GLOBE NEWSWIRE) -- Targa Resources Corp. (NYSE: TRGP) (""Targa"" or the ""Company"") announced its quarterly dividend on common shares with respect to the third quarter of 2022.",2022-10-13 21:15:00+00:00,https://www.globenewswire.com/news-release/2022/10/13/2534343/14074/en/Targa-Resources-Corp-Announces-Quarterly-Dividend-and-Timing-of-Third-Quarter-2022-Earnings-Webcast.html,GlobeNewswire Inc.,-0.09999999999999999,0.16666666666666666,neutral,0.09999999999999999,True,False,False,False,False,True,False,False,0.0,302,['TRGP'],TRGP,2022-10-13
Should SPDR Portfolio S&P 400 Mid Cap ETF (SPMD) Be on Your Investing Radar?,Style Box ETF report for SPMD,2022-10-17 10:20:06+00:00,https://www.zacks.com/stock/news/1992525/should-spdr-portfolio-sp-400-mid-cap-etf-spmd-be-on-your-investing-radar,Zacks Investment Research,0.0,0.0,neutral,0.0,False,False,False,False,False,False,False,False,0.0,107,"['SPMD', 'STLD', 'CSL', 'TRGP', 'IJH', 'VO']",TRGP,2022-10-17
"This Wall Street Analyst Sees An Upside For Cheniere, Natural Gas Players: Here's Why","Cheniere Energy Inc. (AMEX: LNG) provides clean, secure and affordable liquified natural gas to integrated energy companies, utilities and energy trading companies. It also owns a stake in Cheniere Energy Partners (AMEX: CQP).
The Analysts: Raymond James analysts Justin Jenkins maintains a Strong Buy rating on Cheniere Energy upgrading its price target from $178 to $210 per share.
Why It Matters: Noting that there may be a negative stretch for midstream stocks which could be attributed to the 15% decline quarter-over-quarter in benchmark natural gas liquid prices.
Also Read: China Cashes In - Energy Companies Reroute US LNG Tankers For Profit
It is important to note that historically during the third quarter, investors are looking for 2023 guidance, although the midstream segment is typically hesitant about delivering full-year guidance in the third quarter, the analysts reported.
Meanwhile, Jenkins reported that ...Full story available on Benzinga.com",2022-10-24 15:45:55+00:00,https://www.benzinga.com/news/large-cap/22/10/29362487/this-wall-street-analyst-sees-an-upside-for-cheniere-natural-gas-players-heres-why,Benzinga,0.14102564102564102,0.4256410256410256,positive,0.14102564102564102,True,True,True,False,False,False,False,False,0.2,1053,"['CQP', 'LNG', 'WMB', 'TRGP', 'ET']",TRGP,2022-10-24
"Calumet Specialty Products Partners, L.P. (CLMT) Stock Jumps 5.5%: Will It Continue to Soar?","Calumet Specialty Products Partners, L.P. (CLMT) saw its shares surge in the last session with trading volume being higher than average. The latest trend in earnings estimate revisions could translate into further price increase in the near term.",2022-10-28 07:08:00+00:00,https://www.zacks.com/stock/news/2003162/calumet-specialty-products-partners-lp-clmt-stock-jumps-55-will-it-continue-to-soar,Zacks Investment Research,0.11666666666666665,0.4611111111111111,positive,0.11666666666666665,True,False,False,False,True,False,False,False,0.0,340,"['CLMT', 'TRGP']",TRGP,2022-10-28
"Why Fast-paced Mover Targa Resources, Inc. (TRGP) Is a Great Choice for Value Investors","Targa Resources, Inc. (TRGP) made it through our 'Fast-Paced Momentum at a Bargain' screen and could be a great choice for investors looking for stocks that have gained strong momentum recently but are still trading at reasonable prices.",2022-10-31 12:50:06+00:00,https://www.zacks.com/stock/news/2010941/why-fast-paced-mover-targa-resources-inc-trgp-is-a-great-choice-for-value-investors,Zacks Investment Research,0.44666666666666666,0.6166666666666667,positive,0.44666666666666666,False,False,False,False,False,False,False,False,0.0,326,['TRGP'],TRGP,2022-10-31
These Energy Stocks Are Making Strides to Prevent Their Extinction,Energy companies are increasingly looking to make fossil fuel production more sustainable.,2022-11-02 12:26:00+00:00,https://www.fool.com/investing/2022/11/02/these-energy-stocks-are-making-strides-to-prevent/,The Motley Fool,0.5,0.5,positive,0.5,False,False,False,False,True,False,False,False,0.0,158,"['PXD', 'CVX', 'WMB', 'ET', 'NEE', 'TRGP', 'AQN']",TRGP,2022-11-02
Targa Resources Corp. Reports Third Quarter 2022 Financial Results,"HOUSTON, Nov.  03, 2022  (GLOBE NEWSWIRE) -- Targa Resources Corp. (NYSE: TRGP) (“TRGP,” the “Company” or “Targa”) today reported third quarter 2022 results.",2022-11-03 10:00:00+00:00,https://www.globenewswire.com/news-release/2022/11/03/2547325/14074/en/Targa-Resources-Corp-Reports-Third-Quarter-2022-Financial-Results.html,GlobeNewswire Inc.,0.0,0.0,neutral,0.0,False,False,False,False,False,False,False,False,0.0,225,['TRGP'],TRGP,2022-11-03
This energy stock stands to benefit if GOP wins the midterm elections,"“XLE” – the Energy Select Sector SPDR Fund is already up more than 20% for the year but energy stocks are not out of room to run just yet, says Al Rabil. He’s the Co-Founder and Chief Executive of Kayne Anderson Capital Advisors. Rabil sees more upside in energy stocks His bullish view is predicated, […]
The post This energy stock stands to benefit if GOP wins the midterm elections appeared first on Invezz.",2022-11-08 20:33:04+00:00,https://invezz.com/news/2022/11/08/targa-resources-to-benefit-from-gop-victory/,Invezz,0.37,0.3466666666666666,positive,0.37,False,False,True,False,False,False,False,False,0.0,481,['TRGP'],TRGP,2022-11-08
Should SPDR S&P MidCap 400 ETF (MDY) Be on Your Investing Radar?,Style Box ETF report for MDY,2022-11-11 11:20:07+00:00,https://www.zacks.com/stock/news/2017119/should-spdr-sp-midcap-400-etf-mdy-be-on-your-investing-radar,Zacks Investment Research,0.0,0.0,neutral,0.0,False,False,False,False,False,False,False,False,0.0,94,"['MDY', 'STLD', 'CSL', 'TRGP', 'IJH', 'VO']",TRGP,2022-11-11
Targa (TRGP) Stock Rises 4% Despite Q3 Earnings & Sales Lag,Targa (TRGP) shares rise 4.2% despite its third-quarter earnings and sales missing estimates.,2022-11-14 12:27:00+00:00,https://www.zacks.com/stock/news/2017665/targa-trgp-stock-rises-4-despite-q3-earnings-sales-lag,Zacks Investment Research,-0.2,0.05,negative,0.2,True,False,False,False,False,False,False,False,0.0,154,"['WMB', 'OII', 'MPLX', 'TRGP']",TRGP,2022-11-14
4 Solid Stocks to Play the Refining & Marketing MLP Industry,"With refining margins remaining extremely healthy, the Zacks Oil and Gas - Refining & Marketing MLP operators like TRGP, CLMT, GLP and  NGL should continue to enjoy upside momentum.",2022-11-14 14:28:00+00:00,https://www.zacks.com/commentary/2017710/4-solid-stocks-to-play-the-refining-marketing-mlp-industry,Zacks Investment Research,0.3,0.3666666666666667,positive,0.3,False,False,False,False,False,False,False,False,0.0,243,"['TRGP', 'NGL', 'CLMT', 'GLP']",TRGP,2022-11-14
Targa Resources Corp. to Participate in RBC Capital Markets Midstream and Energy Infrastructure Conference,"HOUSTON, Nov.  14, 2022  (GLOBE NEWSWIRE) -- Targa Resources Corp. (NYSE: TRGP) (""Targa"" or the ""Company"") announced today that representatives from the Company will participate in investor meetings at the RBC Capital Markets Midstream and Energy Infrastructure Conference on Wednesday, November 16, 2022 in Dallas, TX.",2022-11-14 23:15:00+00:00,https://www.globenewswire.com/news-release/2022/11/14/2555596/14074/en/Targa-Resources-Corp-to-Participate-in-RBC-Capital-Markets-Midstream-and-Energy-Infrastructure-Conference.html,GlobeNewswire Inc.,0.0,0.0,neutral,0.0,False,False,False,False,False,False,False,False,0.0,427,['TRGP'],TRGP,2022-11-14
"Zacks Industry Outlook Highlights Targa Resources, Calumet Specialty Products Partners, Global Partners and NGL Energy Partners","Targa Resources, Calumet Specialty Products Partners, Global Partners and NGL Energy Partners have been highlighted in this Industry Outlook article.",2022-11-15 11:03:00+00:00,https://www.zacks.com/stock/news/2018211/zacks-industry-outlook-highlights-targa-resources-calumet-specialty-products-partners-global-partners-and-ngl-energy-partners,Zacks Investment Research,0.0,0.0,neutral,0.0,False,False,False,False,True,False,False,False,0.0,278,"['NGL', 'CLMT', 'GLP', 'TRGP']",TRGP,2022-11-15
Should iShares Core S&P MidCap ETF (IJH) Be on Your Investing Radar?,Style Box ETF report for IJH,2022-11-15 11:20:08+00:00,https://www.zacks.com/stock/news/2018222/should-ishares-core-sp-midcap-etf-ijh-be-on-your-investing-radar,Zacks Investment Research,0.0,0.0,neutral,0.0,False,False,False,False,False,False,False,False,0.0,98,"['IJH', 'STLD', 'CSL', 'TRGP', 'VO', 'IWR']",TRGP,2022-11-15
Should iShares S&P MidCap 400 Growth ETF (IJK) Be on Your Investing Radar?,Style Box ETF report for IJK,2022-11-17 11:20:07+00:00,https://www.zacks.com/stock/news/2019211/should-ishares-sp-midcap-400-growth-etf-ijk-be-on-your-investing-radar,Zacks Investment Research,0.0,0.0,neutral,0.0,False,False,False,False,False,False,False,False,0.0,104,"['IJK', 'STLD', 'CSL', 'TRGP', 'IWP', 'VOT']",TRGP,2022-11-17
Should SPDR S&P 400 Mid Cap Growth ETF (MDYG) Be on Your Investing Radar?,Style Box ETF report for MDYG,2022-11-22 11:20:08+00:00,https://www.zacks.com/stock/news/2020716/should-spdr-sp-400-mid-cap-growth-etf-mdyg-be-on-your-investing-radar,Zacks Investment Research,0.0,0.0,neutral,0.0,False,False,False,False,False,False,False,False,0.0,104,"['MDYG', 'STLD', 'CSL', 'TRGP', 'IWP', 'VOT']",TRGP,2022-11-22
Should Vanguard S&P MidCap 400 ETF (IVOO) Be on Your Investing Radar?,Style Box ETF report for IVOO,2022-11-29 11:20:08+00:00,https://www.zacks.com/stock/news/2023078/should-vanguard-sp-midcap-400-etf-ivoo-be-on-your-investing-radar,Zacks Investment Research,0.0,0.0,neutral,0.0,False,False,False,False,False,False,False,False,0.0,100,"['IVOO', 'STLD', 'CSL', 'TRGP', 'IJH', 'VO']",TRGP,2022-11-29
Should Vanguard S&P MidCap 400 Growth ETF (IVOG) Be on Your Investing Radar?,Style Box ETF report for IVOG,2022-12-01 11:20:09+00:00,https://www.zacks.com/stock/news/2023959/should-vanguard-sp-midcap-400-growth-etf-ivog-be-on-your-investing-radar,Zacks Investment Research,0.0,0.0,neutral,0.0,False,False,False,False,False,False,False,False,0.0,107,"['IVOG', 'STLD', 'CSL', 'TRGP', 'IWP', 'VOT']",TRGP,2022-12-01
Targa Resources Corp. to Participate in Capital One Securities 17th Annual Energy Conference,"HOUSTON, Dec.  06, 2022  (GLOBE NEWSWIRE) -- Targa Resources Corp. (NYSE: TRGP) (""Targa"" or the ""Company"") announced today that representatives from the Company will participate in investor meetings at the Capital One Securities 17th Annual Energy Conference on Wednesday, December 7, 2022 in Houston, TX.",2022-12-06 22:30:00+00:00,https://www.globenewswire.com/news-release/2022/12/06/2568837/14074/en/Targa-Resources-Corp-to-Participate-in-Capital-One-Securities-17th-Annual-Energy-Conference.html,GlobeNewswire Inc.,0.0,0.0,neutral,0.0,False,False,True,False,False,False,False,False,0.0,399,['TRGP'],TRGP,2022-12-06
"The crude-oil rally of 2022 has flamed out. Still, these investors expect more gains for oil and gas stocks",Underinvestment in the production of oil and gas will buoy commodity prices.,2022-12-07 17:06:00+00:00,https://www.marketwatch.com/story/the-crude-oil-rally-of-2022-has-flamed-out-still-these-investors-expect-more-gains-for-oil-and-gas-stocks-11670432795,MarketWatch,0.5,0.5,positive,0.5,False,False,False,False,True,False,False,False,0.0,185,"['XLE', 'XOM', 'CVX', 'SLB', 'EOG', 'COP', 'GAB', 'CHRD', 'LNG', 'OXY', 'PXD', 'TRGP', 'EPD', 'HAL']",TRGP,2022-12-07
Where Targa Resources Stands With Analysts,"Targa Resources (NYSE:TRGP) has observed the following analyst ratings within the last quarter: 




Bullish
Somewhat Bullish
Indifferent
Somewhat Bearish
Bearish




Total Ratings
3
1
0
0
0


Last 30D
1
0
0
0
0


1M Ago
1
0
0
0
0


2M Ago
1
1
0
0
0


3M Ago
0
0
0
0
0



According to 4 analyst offering 12-month price targets in the last 3 months, Targa Resources has an average price target of $96.25 with a high of $108.00 and a low of $90.00. 
Below is a summary of how these 4 analysts rated Targa Resources over the past 3 months. The greater the number ...Full story available on Benzinga.com",2022-12-09 15:01:23+00:00,https://www.benzinga.com/analyst-ratings/22/12/30022931/where-targa-resources-stands-with-analysts,Benzinga,0.060000000000000005,0.3127272727272727,neutral,0.060000000000000005,False,False,False,False,False,False,False,False,0.0,643,['TRGP'],TRGP,2022-12-09
Are Options Traders Betting on a Big Move in Targa Resources (TRGP) Stock?,Investors need to pay close attention to Targa Resources (TRGP) stock based on the movements in the options market lately.,2022-12-14 13:58:00+00:00,https://www.zacks.com/stock/news/2028614/are-options-traders-betting-on-a-big-move-in-targa-resources-trgp-stock,Zacks Investment Research,-0.15,0.35,negative,0.15,False,False,False,False,False,False,False,False,0.0,198,['TRGP'],TRGP,2022-12-14
UBS Maintains Buy Rating for Targa Resources: Here's What You Need To Know,"UBS has decided to maintain its Buy rating of Targa Resources (NYSE:TRGP) and lower its price target from $107.00 to $106.00.
Shares of Targa Resources are trading down 3.53% over the last 24 hours, at $70.69 per share.
A move to $106.00 would account for a 49.96% increase from the current share price.
About Targa Resources
Targa Resources is a midstream firm that primarily operates gathering and processing assets with substantial positions in the Permian, Stack, Scoop, and Bakken plays. It has 840,000 barrels a day of gross fractionation capacity at Mont Belvieu and operates ...Full story available on Benzinga.com",2022-12-15 17:00:30+00:00,https://www.benzinga.com/analyst-ratings/22/12/30096540/ubs-maintains-buy-rating-for-targa-resources-heres-what-you-need-to-know,Benzinga,0.06349206349206349,0.2936507936507936,neutral,0.06349206349206349,False,True,False,False,False,False,False,False,0.0,698,['TRGP'],TRGP,2022-12-15
Should SPDR Portfolio S&P 400 Mid Cap ETF (SPMD) Be on Your Investing Radar?,Style Box ETF report for SPMD,2022-12-19 11:20:08+00:00,https://www.zacks.com/stock/news/2029882/should-spdr-portfolio-sp-400-mid-cap-etf-spmd-be-on-your-investing-radar,Zacks Investment Research,0.0,0.0,neutral,0.0,False,False,False,False,False,False,False,False,0.0,107,"['SPMD', 'STLD', 'CSL', 'TRGP', 'IJH', 'VO']",TRGP,2022-12-19
5 Stock Picks For Last Week From Benzinga's Most Accurate Analysts,"Wall Street analysts make new stock picks on a daily basis. Unfortunately for investors, not all analysts have particularly impressive track records at predicting market movements. Even when it comes to one single stock, analyst ratings and price targets can vary widely, leaving investors confused about which analyst's opinion to trust.
Benzinga's Analyst Ratings API is a collection of the highest-quality stock ratings curated by the Benzinga news desk via direct partnerships with major sell-side banks. Benzinga displays overnight ratings changes on a daily basis three hours prior to the U.S. equity market opening. Data specialists at investment dashboard provider Toggle.ai recently uncovered that the analyst insights Benzinga Pro subscribers and Benzinga readers regularly receive can successfully be used as trading indicators to outperform the stock market.
Top Analyst Picks: Fortunately, any Benzinga reader can access the latest analyst ratings on ...Full story available on Benzinga.com",2022-12-19 11:38:55+00:00,https://www.benzinga.com/trading-ideas/long-ideas/22/12/30125014/5-stock-picks-for-last-week-from-benzingas-most-accurate-analysts,Benzinga,0.17511595547309833,0.45932163075020227,positive,0.17511595547309833,False,False,False,True,False,False,False,False,0.0,1071,"['MMC', 'MUR', 'TRGP', 'LPI']",TRGP,2022-12-19
These 20 energy stocks are worth a look if you think oil prices will soar in 2023,The long-term supply and demand mix for oil and natural gas appears may set up a ripe play for investors.,2022-12-31 14:59:00+00:00,https://www.marketwatch.com/story/these-20-energy-stocks-are-worth-a-look-if-you-think-oil-prices-will-soar-in-2023-11672248470,MarketWatch,0.2,0.25,positive,0.2,False,False,False,False,False,False,False,False,0.0,188,"['OXY', 'XLE', 'IXC', 'XOM', 'CVX', 'SHEL', 'TTE', 'COP', 'MID', 'EQT', 'GPRE', 'CCO', 'TALO', 'ROCC', 'CIVI', 'FANG', 'MTDR', 'TRGP', 'CVE', 'EOG', 'HAL', 'MPC']",TRGP,2022-12-31
5 On-The-Money Stock Picks From Benzinga's Most Accurate Analysts,"Wall Street analysts make new stock picks on a daily basis. Unfortunately for investors, not all analysts have particularly impressive track records at predicting market movements. Even when it comes to one single stock, analyst ratings and price targets can vary widely, leaving investors confused about which analyst's opinion to trust.
Benzinga's Analyst Ratings API is a collection of the highest-quality stock ratings curated by the Benzinga news desk via direct partnerships with major sell-side banks. Benzinga displays overnight ratings changes on a daily basis three hours prior to the U.S. equity market opening. Data specialists at investment dashboard provider Toggle.ai recently uncovered that the analyst insights Benzinga Pro subscribers and Benzinga readers regularly receive can successfully be used as trading indicators to outperform the stock market.
Top Analyst Picks: Fortunately, any Benzinga reader can access the latest analyst ...Full story available on Benzinga.com",2023-01-03 12:30:20+00:00,https://www.benzinga.com/news/23/01/30255240/5-on-the-money-stock-picks-for-december-from-benzingas-most-accurate-analysts,Benzinga,0.18387175324675326,0.47895437895437903,positive,0.18387175324675326,False,False,False,True,False,False,False,False,0.0,1059,"['MKSI', 'NKE', 'TRGP', 'CHRA', 'NUTX']",TRGP,2023-01-03
Targa Resources Corp. Prices $1.75 Billion Offering of Senior Notes,"HOUSTON, Jan.  03, 2023  (GLOBE NEWSWIRE) -- Targa Resources Corp. (“Targa” or the “Company”) (NYSE: TRGP), announced today the pricing of an underwritten public offering (the “Offering”) of $900 million aggregate principal amount of its 6.125% senior notes due 2033 and $850 million aggregate principal amount of its 6.500% senior notes due 2053 at a price to the public of 99.858% and 97.843% of their face value, respectively. The Offering is expected to close on January 9, 2023, subject to customary closing conditions.",2023-01-03 22:16:00+00:00,https://www.globenewswire.com/news-release/2023/01/03/2582562/14074/en/Targa-Resources-Corp-Prices-1-75-Billion-Offering-of-Senior-Notes.html,GlobeNewswire Inc.,-0.0738095238095238,0.24523809523809523,neutral,0.0738095238095238,False,False,False,False,False,False,False,False,0.0,593,['TRGP'],TRGP,2023-01-03
Targa (TRGP) to Purchase Grand Prix Pipeline Stake for $1B,"The Blackstone pact will help to simplify Targa Resources' (TRGP) operations and, at the same time, augment its fee-based cash flow stream.",2023-01-09 18:37:00+00:00,https://www.zacks.com/stock/news/2036958/targa-trgp-to-purchase-grand-prix-pipeline-stake-for-1b,Zacks Investment Research,0.25,0.5625,positive,0.25,False,False,False,False,False,False,False,False,0.0,199,"['PTEN', 'HP', 'MUSA', 'TRGP']",TRGP,2023-01-09
Targa Resources Corp. Completes Acquisition of 25% Interest in Grand Prix NGL Pipeline,"HOUSTON, Jan.  09, 2023  (GLOBE NEWSWIRE) -- Targa Resources Corp. (NYSE: TRGP) (""Targa"" or the ""Company"") announced today that it has completed the previously announced acquisition of Blackstone Energy Partners’ 25 percent interest in Targa’s Grand Prix NGL Pipeline (“Grand Prix”) for $1.05 billion in cash. The acquisition has an effective date of January 1, 2023, with Targa now owning 100 percent of Grand Prix.",2023-01-09 21:50:00+00:00,https://www.globenewswire.com/news-release/2023/01/09/2585704/14074/en/Targa-Resources-Corp-Completes-Acquisition-of-25-Interest-in-Grand-Prix-NGL-Pipeline.html,GlobeNewswire Inc.,0.4055555555555556,0.8277777777777778,positive,0.4055555555555556,False,True,False,False,False,False,False,False,0.0,504,['TRGP'],TRGP,2023-01-09
Should Invesco S&P MidCap Momentum ETF (XMMO) Be on Your Investing Radar?,Style Box ETF report for XMMO,2023-01-11 11:20:06+00:00,https://www.zacks.com/stock/news/2037718/should-invesco-sp-midcap-momentum-etf-xmmo-be-on-your-investing-radar,Zacks Investment Research,0.0,0.0,neutral,0.0,False,False,False,False,False,False,False,False,0.0,104,"['XMMO', 'LSI', 'CSL', 'TRGP', 'IWP', 'VOT']",TRGP,2023-01-11
Targa Resources Corp. Announces Quarterly Dividend and Timing of Fourth Quarter 2022 Earnings Webcast,"HOUSTON, Jan.  19, 2023  (GLOBE NEWSWIRE) -- Targa Resources Corp. (NYSE: TRGP) (""Targa"" or the ""Company"") announced its quarterly dividend on common shares with respect to the fourth quarter of 2022.",2023-01-19 23:02:00+00:00,https://www.globenewswire.com/news-release/2023/01/19/2592191/14074/en/Targa-Resources-Corp-Announces-Quarterly-Dividend-and-Timing-of-Fourth-Quarter-2022-Earnings-Webcast.html,GlobeNewswire Inc.,-0.09999999999999999,0.16666666666666666,neutral,0.09999999999999999,True,False,False,False,False,True,False,False,0.0,303,['TRGP'],TRGP,2023-01-19
Should Vanguard SmallCap ETF (VB) Be on Your Investing Radar?,Style Box ETF report for VB,2023-01-23 11:20:05+00:00,https://www.zacks.com/stock/news/2042473/should-vanguard-smallcap-etf-vb-be-on-your-investing-radar,Zacks Investment Research,0.0,0.0,neutral,0.0,False,False,False,False,False,False,False,False,0.0,90,"['VB', 'STLD', 'IEX', 'IWM', 'TRGP', 'IJR']",TRGP,2023-01-23
Targa Resources Corp. to Participate in U.S. Capital Advisors Midstream Corporate Access Day,"HOUSTON, Jan.  23, 2023  (GLOBE NEWSWIRE) -- Targa Resources Corp. (NYSE: TRGP) (“Targa” or the “Company”) announced today that representatives from the Company will participate in investor meetings at the U.S. Capital Advisors Midstream Corporate Access Day on Tuesday, January 24, 2023 in Houston, TX.",2023-01-23 22:15:00+00:00,https://www.globenewswire.com/news-release/2023/01/23/2593708/14074/en/Targa-Resources-Corp-to-Participate-in-U-S-Capital-Advisors-Midstream-Corporate-Access-Day.html,GlobeNewswire Inc.,0.0,0.0,neutral,0.0,False,False,False,False,False,False,False,False,0.0,397,['TRGP'],TRGP,2023-01-23
Should You Invest in the First Trust Energy AlphaDEX ETF (FXN)?,Sector ETF report for FXN,2023-01-24 11:20:08+00:00,https://www.zacks.com/stock/news/2043040/should-you-invest-in-the-first-trust-energy-alphadex-etf-fxn,Zacks Investment Research,0.25,0.3333333333333333,positive,0.25,False,False,True,False,False,False,False,False,0.0,90,"['FXN', 'HAL', 'XLE', 'PDCE', 'TRGP', 'VDE']",TRGP,2023-01-24
"3 Reasons Why Growth Investors Shouldn't Overlook Targa Resources, Inc. (TRGP)","Targa Resources, Inc. (TRGP) is well positioned to outperform the market, as it exhibits above-average growth in financials.",2023-01-25 17:45:07+00:00,https://www.zacks.com/stock/news/2044279/3-reasons-why-growth-investors-shouldnt-overlook-targa-resources-inc-trgp,Zacks Investment Research,0.0,0.0,neutral,0.0,False,False,False,False,False,False,False,False,0.0,204,['TRGP'],TRGP,2023-01-25
Time to Buy these Top-Rated Growth Stocks at a Discount?,These three stocks have seen stellar EPS growth over the last five years and their attractive valuations make them appear to have more short-term upside in addition to being solid long-term investments.,2023-01-25 23:18:00+00:00,https://www.zacks.com/commentary/2044333/time-to-buy-these-top-rated-growth-stocks-at-a-discount,Zacks Investment Research,0.31,0.38333333333333336,positive,0.31,False,True,False,False,False,False,False,False,0.0,260,"['SB', 'TRGP', 'CLVT', 'AMD']",TRGP,2023-01-25
Analyst Expectations for Targa Resources's Future,"Within the last quarter, Targa Resources (NYSE:TRGP) has observed the following analyst ratings: 




Bullish
Somewhat Bullish
Indifferent
Somewhat Bearish
Bearish




Total Ratings
5
0
0
0
0


Last 30D
1
0
0
0
0


1M Ago
0
0
0
0
0


2M Ago
2
0
0
0
0


3M Ago
2
0
0
0
0



These 5 analysts have an average price target of $95.4 versus the current price of Targa Resources at $74.69, implying  upside.
Below is a summary of how these 5 analysts rated Targa Resources over the past 3 months. The greater the number of bullish ratings, the ...Full story available on Benzinga.com",2023-02-02 18:00:37+00:00,https://www.benzinga.com/analyst-ratings/23/02/30693822/analyst-expectations-for-targa-resourcess-future,Benzinga,0.05,0.3058333333333333,neutral,0.05,False,False,False,False,False,False,False,False,0.0,627,['TRGP'],TRGP,2023-02-02
"If I Could Only Invest in ETFs, Here Are the 5 I Would Buy","Even if you don't buy individual stocks, you can set yourself up for excellent long-term returns with ETFs like these.",2023-02-03 11:22:00+00:00,https://www.fool.com/investing/2023/02/03/if-i-could-only-invest-in-etfs-here-are-the-5-i-wo/,The Motley Fool,0.3333333333333333,0.7999999999999999,positive,0.3333333333333333,False,True,False,False,False,False,False,False,0.0,178,"['VOO', 'MSFT', 'AAPL', 'AMZN', 'STLD', 'BRK.B', 'FSLR', 'TIP', 'VB', 'BND', 'EQIX', 'VNQ', 'PLD', 'IEX', 'AMT', 'TRGP', 'ATO']",TRGP,2023-02-03
Is First Trust Energy AlphaDEX ETF (FXN) a Strong ETF Right Now?,Smart Beta ETF report for FXN,2023-02-06 11:20:07+00:00,https://www.zacks.com/stock/news/2050155/is-first-trust-energy-alphadex-etf-fxn-a-strong-etf-right-now,Zacks Investment Research,0.29583333333333334,0.5613095238095238,positive,0.29583333333333334,False,False,False,False,False,False,False,False,0.0,95,"['FXN', 'HAL', 'XLE', 'PDCE', 'TRGP', 'VDE']",TRGP,2023-02-06
4 Refining & Marketing MLP Stocks Still Showing Potential,"Despite some concerns, investors could still bet on the Zacks Oil and Gas - Refining & Marketing MLP operators like TRGP, SUN, CLMT and NGL.",2023-02-07 13:15:00+00:00,https://www.zacks.com/commentary/2050774/4-refining-marketing-mlp-stocks-still-showing-potential,Zacks Investment Research,0.0,1.0,neutral,0.0,False,False,False,False,False,False,False,False,0.0,199,"['TRGP', 'SUN', 'NGL', 'CLMT']",TRGP,2023-02-07
"Zacks Industry Outlook Highlights Targa Resources, Sunoco, Calumet Specialty Products Partners and NGL Energy Partners","Targa Resources, Sunoco, Calumet Specialty Products Partners and NGL Energy Partners have been highlighted in this Industry Outlook article.",2023-02-08 14:25:00+00:00,https://www.zacks.com/stock/news/2051602/zacks-industry-outlook-highlights-targa-resources-sunoco-calumet-specialty-products-partners-and-ngl-energy-partners,Zacks Investment Research,0.0,0.0,neutral,0.0,False,False,False,False,True,False,False,False,0.0,260,"['SUN', 'NGL', 'CLMT', 'TRGP']",TRGP,2023-02-08
"Targa Resources Corp. Reports Fourth Quarter and Full Year 2022 Financial Results and Provides 2023 Operational, Financial, and Capital Return Outlook","HOUSTON, Feb.  22, 2023  (GLOBE NEWSWIRE) --  Targa Resources Corp. (NYSE: TRGP) (“TRGP,” the “Company” or “Targa”) today reported record results for the fourth quarter and full year 2022.",2023-02-22 11:00:00+00:00,https://www.globenewswire.com/news-release/2023/02/22/2612954/14074/en/Targa-Resources-Corp-Reports-Fourth-Quarter-and-Full-Year-2022-Financial-Results-and-Provides-2023-Operational-Financial-and-Capital-Return-Outlook.html,GlobeNewswire Inc.,0.11666666666666665,0.18333333333333335,positive,0.11666666666666665,False,False,False,False,False,False,False,False,0.0,340,['TRGP'],TRGP,2023-02-22
"Energy Transfer: 9.48% Yield, C-Corp Currency Possible, Undervalued By Roughly 50%","Energy Transfer is my favorite energy infrastructure company, and management gave us a lot to be thankful for in 2022. Click here to see why ET stock still looks undervalued.",2023-02-22 14:00:00+00:00,https://seekingalpha.com/article/4580164-energy-transfer-9-48-percent-yield-c-corp-currency-possible-undervalued-by-roughly-50-percent,Seeking Alpha,0.13333333333333333,0.7999999999999999,positive,0.13333333333333333,False,False,False,False,False,False,True,False,0.0,258,"['EPD', 'KMI', 'MMP', 'OKE', 'PAA', 'TRGP', 'WMB', 'ET']",TRGP,2023-02-22
Targa Resources Corp. Announces Form 10-K Available,"HOUSTON, Feb.  22, 2023  (GLOBE NEWSWIRE) -- Targa Resources Corp. (NYSE: TRGP) (""TRGP"" or the ""Company"" or ""Targa"") has filed its Form 10-K with the Securities and Exchange Commission (SEC) for the year ended December 31, 2022. The report may be accessed at www.sec.gov.",2023-02-23 00:28:00+00:00,https://www.globenewswire.com/news-release/2023/02/23/2613842/14074/en/Targa-Resources-Corp-Announces-Form-10-K-Available.html,GlobeNewswire Inc.,0.15000000000000002,0.5,positive,0.15000000000000002,False,False,True,False,False,False,False,False,0.0,324,['TRGP'],TRGP,2023-02-23
Is Targa Resources (TRGP) Stock Outpacing Its Oils-Energy Peers This Year?,"Here is how Targa Resources, Inc. (TRGP) and YPF Sociedad Anonima (YPF) have performed compared to their sector so far this year.",2023-02-24 14:40:11+00:00,https://www.zacks.com/stock/news/2058748/is-targa-resources-trgp-stock-outpacing-its-oils-energy-peers-this-year,Zacks Investment Research,0.1,1.0,neutral,0.1,False,False,True,False,False,False,False,False,0.0,205,"['TRGP', 'YPF']",TRGP,2023-02-24
Targa Resources Corp. to Participate in Morgan Stanley Global Energy and Power Conference,"HOUSTON, Feb.  27, 2023  (GLOBE NEWSWIRE) -- Targa Resources Corp. (NYSE: TRGP) (""Targa"" or the ""Company"") announced today that representatives from the Company will participate in investor meetings at the Morgan Stanley Global Energy and Power Conference on Wednesday, March 1, 2023 in New York City.",2023-02-27 22:00:00+00:00,https://www.globenewswire.com/news-release/2023/02/27/2616542/14074/en/Targa-Resources-Corp-to-Participate-in-Morgan-Stanley-Global-Energy-and-Power-Conference.html,GlobeNewswire Inc.,0.04545454545454545,0.15151515151515152,neutral,0.04545454545454545,False,False,False,False,False,False,False,False,0.0,392,['TRGP'],TRGP,2023-02-27
"Targa's (TRGP) Q4 Earnings Beat Estimates, Revenues Miss","Targa Resources' (TRGP) 2023 adjusted EBITDA stands at $2.95-$3.5 billion, growth capex at $1.8-$1.9 billion, and net maintenance capex at $175 million.",2023-03-02 11:03:00+00:00,https://www.zacks.com/stock/news/2060793/targas-trgp-q4-earnings-beat-estimates-revenues-miss,Zacks Investment Research,0.0,0.0,neutral,0.0,True,False,False,False,False,False,False,False,0.0,210,"['HAL', 'NGL', 'ET', 'TRGP']",TRGP,2023-03-02
Should Vanguard Small-Cap Growth ETF (VBK) Be on Your Investing Radar?,Style Box ETF report for VBK,2023-03-14 10:20:07+00:00,https://www.zacks.com/stock/news/2065163/should-vanguard-small-cap-growth-etf-vbk-be-on-your-investing-radar,Zacks Investment Research,0.0,0.0,neutral,0.0,False,False,False,False,False,False,False,False,0.0,100,"['VBK', 'FICO', 'TRGP', 'IWO', 'IJT', 'TPL']",TRGP,2023-03-14
"Why Is Targa Resources, Inc. (TRGP) Down 12.6% Since Last Earnings Report?","Targa Resources, Inc. (TRGP) reported earnings 30 days ago. What's next for the stock? We take a look at earnings estimates for some clues.",2023-03-24 15:30:46+00:00,https://www.zacks.com/stock/news/2070234/why-is-targa-resources-inc-trgp-down-126-since-last-earnings-report,Zacks Investment Research,-0.051851851851851864,0.11851851851851852,neutral,0.051851851851851864,True,False,False,False,False,False,False,False,0.0,215,['TRGP'],TRGP,2023-03-24
Should Vanguard Small-Cap ETF (VB) Be on Your Investing Radar?,Style Box ETF report for VB,2023-03-27 10:20:09+00:00,https://www.zacks.com/stock/news/2070605/should-vanguard-small-cap-etf-vb-be-on-your-investing-radar,Zacks Investment Research,0.0,0.0,neutral,0.0,False,False,False,False,False,False,False,False,0.0,91,"['VB', 'STLD', 'IEX', 'IWM', 'TRGP', 'IJR']",TRGP,2023-03-27
Should You Invest in the First Trust Energy AlphaDEX ETF (FXN)?,Sector ETF report for FXN,2023-03-28 10:20:06+00:00,https://www.zacks.com/stock/news/2071155/should-you-invest-in-the-first-trust-energy-alphadex-etf-fxn,Zacks Investment Research,0.25,0.3333333333333333,positive,0.25,False,False,True,False,False,False,False,False,0.0,90,"['FXN', 'HAL', 'XLE', 'PDCE', 'TRGP', 'VDE']",TRGP,2023-03-28
4 Stocks With Consensus Buy Ratings on InvestingPro,,2023-03-30 13:00:00+00:00,https://www.investing.com/analysis/4-stocks-with-consensus-buy-ratings-on-investingpro-200636760,Investing.com,0.0,0.0,neutral,0.0,False,True,False,False,False,False,False,False,0.0,53,"['DAL', 'AAL', 'SNPS', 'BIO', 'TRGP']",TRGP,2023-03-30
Targa Resources Corp. to Participate in J.P. Morgan Midwest Utilities & Midstream 1x1 Forum,"HOUSTON, April  04, 2023  (GLOBE NEWSWIRE) -- Targa Resources Corp. (NYSE: TRGP) (""Targa"" or the ""Company"") announced today that representatives from the Company will participate in investor meetings at the J.P. Morgan Midwest Utilities & Midstream 1x1 Forum on Thursday, April 6, 2023 in Chicago, IL.",2023-04-04 20:10:00+00:00,https://www.globenewswire.com/news-release/2023/04/04/2641214/14074/en/Targa-Resources-Corp-to-Participate-in-J-P-Morgan-Midwest-Utilities-Midstream-1x1-Forum.html,GlobeNewswire Inc.,0.0,0.0,neutral,0.0,False,False,False,False,False,False,False,False,0.0,394,['TRGP'],TRGP,2023-04-04
Expert Ratings for Targa Resources,"Over the past 3 months, 4 analysts have published their opinion on Targa Resources (NYSE:TRGP) stock. These analysts are typically employed by large Wall Street banks and tasked with understanding a company's business to predict how a stock will trade over the upcoming year.




Bullish
Somewhat Bullish
Indifferent
Somewhat Bearish
Bearish




Total Ratings
3
1
0
0
0


Last 30D
1
0
0
0
0


1M Ago
0
0
0
0
0


2M Ago
1
1
0
0
0


3M Ago
1
0
0
0
0



In the last 3 months, 4 analysts have offered 12-month price targets for Targa Resources. The company has an average price target of $97.75 with a high of $108.00 and a low of $94.00. 
Below is a summary ...Full story available on Benzinga.com",2023-04-06 14:00:24+00:00,https://www.benzinga.com/analyst-ratings/23/04/31698436/expert-ratings-for-targa-resources,Benzinga,0.020761904761904766,0.3701904761904762,neutral,0.020761904761904766,False,False,False,False,False,False,False,False,0.0,730,['TRGP'],TRGP,2023-04-06
Is First Trust Energy AlphaDEX ETF (FXN) a Strong ETF Right Now?,Smart Beta ETF report for FXN,2023-04-10 10:20:12+00:00,https://www.zacks.com/stock/news/2076045/is-first-trust-energy-alphadex-etf-fxn-a-strong-etf-right-now,Zacks Investment Research,0.29583333333333334,0.5613095238095238,positive,0.29583333333333334,False,False,False,False,False,False,False,False,0.0,95,"['FXN', 'HAL', 'XLE', 'PDCE', 'TRGP', 'VDE']",TRGP,2023-04-10
Targa Resources Corp. Declares Increase to Quarterly Common Dividend and Announces Timing of First Quarter 2023 Earnings Webcast,"HOUSTON, April  13, 2023  (GLOBE NEWSWIRE) -- Targa Resources Corp. (NYSE: TRGP) (""Targa"" or the ""Company"") announced today that its board of directors has declared an increase to its quarterly cash dividend to $0.50 per common share, or $2.00 per common share on an annualized basis, for the first quarter of 2023, consistent with previously disclosed expectations. This dividend represents a 43 percent increase over the common dividend declared with respect to the first quarter of 2022. This cash dividend will be paid May 15, 2023 on all outstanding common shares to holders of record as of the close of business on April 28, 2023.",2023-04-13 21:47:00+00:00,https://www.globenewswire.com/news-release/2023/04/13/2646763/14074/en/Targa-Resources-Corp-Declares-Increase-to-Quarterly-Common-Dividend-and-Announces-Timing-of-First-Quarter-2023-Earnings-Webcast.html,GlobeNewswire Inc.,-0.015151515151515133,0.43560606060606055,neutral,0.015151515151515133,True,False,False,False,False,True,True,False,0.0,766,['TRGP'],TRGP,2023-04-13
Targa Resources Corp. Announces the Appointment of Joel Thomas to Senior Vice President - Finance and Treasurer,"HOUSTON, April  17, 2023  (GLOBE NEWSWIRE) -- Targa Resources Corp. (NYSE: TRGP) (""Targa"" or the ""Company"") announced today that Joel Thomas has been appointed Senior Vice President - Finance and Treasurer of the Company effective April 13, 2023.",2023-04-17 12:55:00+00:00,https://www.globenewswire.com/news-release/2023/04/17/2647976/14074/en/Targa-Resources-Corp-Announces-the-Appointment-of-Joel-Thomas-to-Senior-Vice-President-Finance-and-Treasurer.html,GlobeNewswire Inc.,0.6,0.8,positive,0.6,False,False,False,False,False,False,False,False,0.0,359,['TRGP'],TRGP,2023-04-17
4 Stocks to Watch on Dividend Hikes as Inflation Softens,"Investors may keep a tab on stocks like AON, ST, TRGP and BUD, which have lately hiked their dividend payments.",2023-04-19 11:28:00+00:00,https://www.zacks.com/stock/news/2080891/4-stocks-to-watch-on-dividend-hikes-as-inflation-softens,Zacks Investment Research,-0.3,0.6,negative,0.3,False,False,False,False,False,True,False,False,0.0,169,"['ST', 'AON', 'BUD', 'TRGP']",TRGP,2023-04-19
"Targa Resources, Inc. (TRGP) Is Attractively Priced Despite Fast-paced Momentum","Targa Resources, Inc. (TRGP) could be a great choice for investors looking to buy stocks that have gained strong momentum recently but are still trading at reasonable prices. It is one of the several stocks that made it through our 'Fast-Paced Momentum at a Bargain' screen.",2023-04-26 12:50:06+00:00,https://www.zacks.com/stock/news/2084800/targa-resources-inc-trgp-is-attractively-priced-despite-fast-paced-momentum,Zacks Investment Research,0.37222222222222223,0.5555555555555556,positive,0.37222222222222223,False,True,False,False,False,False,False,False,0.0,355,['TRGP'],TRGP,2023-04-26
"Wall Street Analysts Believe Targa Resources, Inc. (TRGP) Could Rally 27.4%: Here's is How to Trade","The average of price targets set by Wall Street analysts indicates a potential upside of 27.4% in Targa Resources, Inc. (TRGP). While the effectiveness of this highly sought-after metric is questionable, the positive trend in earnings estimate revisions might translate into an upside in the stock.",2023-04-26 13:55:08+00:00,https://www.zacks.com/stock/news/2084980/wall-street-analysts-believe-targa-resources-inc-trgp-could-rally-274-heres-is-how-to-trade,Zacks Investment Research,-0.05254545454545454,0.6970909090909091,neutral,0.05254545454545454,True,False,False,False,False,False,False,False,0.0,399,['TRGP'],TRGP,2023-04-26
"Here is Why Growth Investors Should Buy Targa Resources, Inc. (TRGP) Now","Targa Resources, Inc. (TRGP) could produce exceptional returns because of its solid growth attributes.",2023-04-26 16:45:08+00:00,https://www.zacks.com/stock/news/2085284/here-is-why-growth-investors-should-buy-targa-resources-inc-trgp-now,Zacks Investment Research,0.3333333333333333,0.55,positive,0.3333333333333333,False,True,False,False,False,False,False,False,0.0,176,['TRGP'],TRGP,2023-04-26
Will Transocean's (RIG) Revenue Efficiency Boost Q1 Earnings?,"While strong revenue efficiency is likely to have boosted Transocean's (RIG) first-quarter results, escalation in costs might have neutralized those gains.",2023-04-27 11:18:00+00:00,https://www.zacks.com/stock/news/2085731/will-transoceans-rig-revenue-efficiency-boost-q1-earnings,Zacks Investment Research,0.21666666666666665,0.8666666666666667,positive,0.21666666666666665,True,False,False,False,False,False,False,False,0.0,218,"['RIG', 'SUN', 'CNQ', 'TRGP']",TRGP,2023-04-27
Select Energy (WTTR) Q1 Earnings Preview: Here's What to Watch,"While the strong performance from its key Water Services unit is likely to have boosted Select Energy Services' (WTTR) Q1 profit, escalation in costs might have offset some of the positives.",2023-04-27 11:18:00+00:00,https://www.zacks.com/stock/news/2085732/select-energy-wttr-q1-earnings-preview-heres-what-to-watch,Zacks Investment Research,0.14444444444444443,0.9111111111111111,positive,0.14444444444444443,True,False,False,False,False,False,False,False,0.0,254,"['SUN', 'CNQ', 'TRGP', 'WTTR']",TRGP,2023-04-27
Are Cheniere's (LNG) Q1 Earnings Poised to Beat Expectations?,Strong natural gas shipments to overseas customers are likely to have boosted Cheniere Energy's (LNG) profit levels in the first quarter.,2023-04-28 13:47:00+00:00,https://www.zacks.com/stock/news/2086968/are-chenieres-lng-q1-earnings-poised-to-beat-expectations,Zacks Investment Research,0.19583333333333333,0.6166666666666667,positive,0.19583333333333333,True,False,False,False,False,False,False,False,0.0,200,"['SUN', 'EOG', 'LNG', 'TRGP']",TRGP,2023-04-28
4 Refining & Marketing MLP Stocks That Should be on Investors' Radar,"The fundamental picture for the Zacks Oil and Gas - Refining & Marketing MLP industry continues to show signs of tightening. This bodes well for firms like TRGP, SUN, CLMT and NGL.",2023-05-01 12:41:00+00:00,https://www.zacks.com/commentary/2087329/4-refining-marketing-mlp-stocks-that-should-be-on-investors-radar,Zacks Investment Research,0.0,0.0,neutral,0.0,False,False,False,False,False,False,False,False,0.0,250,"['TRGP', 'SUN', 'NGL', 'CLMT']",TRGP,2023-05-01
"Zacks Industry Outlook Highlights Targa Resources, Sunoco, Calumet Specialty Products Partners and NGL Energy Partners","Targa Resources, Sunoco, Calumet Specialty Products Partners and NGL Energy Partners have been highlighted in this Industry Outlook article.",2023-05-02 09:05:00+00:00,https://www.zacks.com/stock/news/2087808/zacks-industry-outlook-highlights-targa-resources-sunoco-calumet-specialty-products-partners-and-ngl-energy-partners,Zacks Investment Research,0.0,0.0,neutral,0.0,False,False,False,False,True,False,False,False,0.0,260,"['SUN', 'NGL', 'CLMT', 'TRGP']",TRGP,2023-05-02
Targa Resources Corp. Reports First Quarter 2023 Financial Results,"HOUSTON, May  04, 2023  (GLOBE NEWSWIRE) -- Targa Resources Corp. (NYSE: TRGP) (“TRGP,” the “Company” or “Targa”) today reported first quarter 2023 results.",2023-05-04 10:00:00+00:00,https://www.globenewswire.com/news-release/2023/05/04/2661218/14074/en/Targa-Resources-Corp-Reports-First-Quarter-2023-Financial-Results.html,GlobeNewswire Inc.,0.16666666666666666,0.2222222222222222,positive,0.16666666666666666,False,False,False,False,False,False,False,False,0.0,224,['TRGP'],TRGP,2023-05-04
Targa's (TRGP) Q1 Earnings & Revenues Miss Estimates,"Targa (TRGP) expects an adjusted EBITDA of $3.5-$3.7 billion, growth capital expenditures of $2-$2.2 billion and net maintenance capital spending of $175 million for 2023.",2023-05-15 12:18:00+00:00,https://www.zacks.com/stock/news/2095207/targas-trgp-q1-earnings-revenues-miss-estimates,Zacks Investment Research,0.0,0.0,neutral,0.0,True,False,False,False,False,False,False,False,0.0,225,"['EPM', 'TRGP', 'AROC', 'RNGR']",TRGP,2023-05-15
Should Vanguard Small-Cap Growth ETF (VBK) Be on Your Investing Radar?,Style Box ETF report for VBK,2023-05-16 10:20:06+00:00,https://www.zacks.com/stock/news/2095593/should-vanguard-small-cap-growth-etf-vbk-be-on-your-investing-radar,Zacks Investment Research,0.0,0.0,neutral,0.0,False,False,False,False,False,False,False,False,0.0,100,"['VBK', 'FICO', 'TRGP', 'IWO', 'IJT', 'AXON']",TRGP,2023-05-16
Targa Resources Corp. to Participate in Investor Conferences,"HOUSTON, May  16, 2023  (GLOBE NEWSWIRE) -- Targa Resources Corp. (NYSE: TRGP) (""Targa"" or the ""Company"") announced today that representatives from the Company will participate in investor meetings at the following investor conferences:",2023-05-16 21:00:00+00:00,https://www.globenewswire.com/news-release/2023/05/16/2670497/14074/en/Targa-Resources-Corp-to-Participate-in-Investor-Conferences.html,GlobeNewswire Inc.,0.0,0.1,neutral,0.0,False,False,False,False,False,False,False,False,0.0,298,['TRGP'],TRGP,2023-05-16
Should You Invest in the First Trust Energy AlphaDEX ETF (FXN)?,Sector ETF report for FXN,2023-05-29 10:20:06+00:00,https://www.zacks.com/stock/news/2100735/should-you-invest-in-the-first-trust-energy-alphadex-etf-fxn,Zacks Investment Research,0.25,0.3333333333333333,positive,0.25,False,False,True,False,False,False,False,False,0.0,90,"['FXN', 'XLE', 'PDCE', 'TRGP', 'VDE', 'CTRA']",TRGP,2023-05-29
"The bull market has left these 20 companies behind, but they are primed for growth","Starbucks, Cigna and Enphase are among the companies expected to have strong sales through 2025 — even though they've been left out of the S&P 500's 8-month rally.",2023-06-17 12:51:00+00:00,https://www.marketwatch.com/story/the-bull-market-has-left-these-20-companies-behind-but-they-are-primed-for-growth-4f8546af,MarketWatch,-0.013333333333333341,0.3666666666666667,neutral,0.013333333333333341,False,False,False,False,False,False,False,False,0.0,247,"['SPY', 'NVDA', 'AAPL', 'MSFT', 'AMZN', 'GOOGL', 'ENPH', 'PODD', 'OKE', 'TRGP', 'CI', 'EPAM', 'HES', 'SCHW', 'TECH', 'INCY', 'MTCH', 'MKTX', 'SBUX', 'EL', 'ETSY', 'SLB', 'BLK', 'MOH', 'RVTY', 'CRL']",TRGP,2023-06-17
"Targa Resources Corp. to Participate in J.P. Morgan Energy, Power and Renewables Conference","]HOUSTON, June  19, 2023  (GLOBE NEWSWIRE) -- Targa Resources Corp. (NYSE: TRGP) (""Targa"" or the ""Company"") announced today that representatives from the Company will present at the J.P. Morgan Energy, Power and Renewables Conference in New York City at 1:35 p.m. Eastern Time (12:35 p.m. Central Time) on Wednesday, June 21, 2023. Representatives from the Company will also participate in investor meetings at the conference on Wednesday, June 21, 2023.",2023-06-19 22:00:00+00:00,https://www.globenewswire.com/news-release/2023/06/19/2690638/14074/en/Targa-Resources-Corp-to-Participate-in-J-P-Morgan-Energy-Power-and-Renewables-Conference.html,GlobeNewswire Inc.,0.04545454545454545,0.23484848484848486,neutral,0.04545454545454545,False,False,False,False,False,False,False,False,0.0,547,['TRGP'],TRGP,2023-06-19
What 8 Analyst Ratings Have To Say About Targa Resources,"Over the past 3 months, 8 analysts have published their opinion on Targa Resources (NYSE:TRGP) stock. These analysts are typically employed by large Wall Street banks and tasked with understanding a company's business to predict how a stock will trade over the upcoming year.




Bullish
Somewhat Bullish
Indifferent
Somewhat Bearish
Bearish




Total Ratings
5
3
0
0
0


Last 30D
1
0
0
0
0


1M Ago
0
0
0
0
0


2M Ago
1
2
0
0
0


3M Ago
3
1
0
0
0



These 8 analysts have an average price target of $97.88 versus the current price of Targa Resources at $74.11, implying  upside.
Below is a summary ...Full story available on Benzinga.com",2023-06-28 21:00:41+00:00,https://www.benzinga.com/analyst-ratings/23/06/33051207/what-8-analyst-ratings-have-to-say-about-targa-resources,Benzinga,0.005952380952380959,0.3994047619047619,neutral,0.005952380952380959,False,False,False,False,False,False,False,False,0.0,696,['TRGP'],TRGP,2023-06-28
4 Stocks With Unanimous Wall Street Support,,2023-07-06 09:17:00+00:00,https://www.investing.com/analysis/4-stocks-with-unanimous-wall-street-support-200639708,Investing.com,0.0,0.0,neutral,0.0,False,False,False,False,False,False,False,False,0.0,45,"['TRGP', 'AXON', 'DAL', 'ALK']",TRGP,2023-07-06
Targa Resources Corp. Announces Quarterly Dividend and Timing of Second Quarter 2023 Earnings Webcast,"HOUSTON, July  13, 2023  (GLOBE NEWSWIRE) -- Targa Resources Corp. (NYSE: TRGP) (""Targa"" or the ""Company"") announced its quarterly dividend on common shares with respect to the second quarter of 2023.",2023-07-13 21:45:00+00:00,https://www.globenewswire.com/news-release/2023/07/13/2704770/14074/en/Targa-Resources-Corp-Announces-Quarterly-Dividend-and-Timing-of-Second-Quarter-2023-Earnings-Webcast.html,GlobeNewswire Inc.,-0.09999999999999999,0.16666666666666666,neutral,0.09999999999999999,True,False,True,False,False,True,False,False,0.0,303,['TRGP'],TRGP,2023-07-13
Should Vanguard Small-Cap Growth ETF (VBK) Be on Your Investing Radar?,Style Box ETF report for VBK,2023-07-17 10:20:07+00:00,https://www.zacks.com/stock/news/2121853/should-vanguard-small-cap-growth-etf-vbk-be-on-your-investing-radar,Zacks Investment Research,0.0,0.0,neutral,0.0,False,False,False,False,False,False,False,False,0.0,100,"['VBK', 'FICO', 'TRGP', 'IWO', 'IJT', 'AXON']",TRGP,2023-07-17
4 Refining & Marketing MLP Stocks on Solid Ground,"TRGP, SUN, CLMT and NGL present an opportunity for stability and reliable returns in the Zacks Oil and Gas - Refining & Marketing MLP industry.",2023-07-20 12:56:00+00:00,https://www.zacks.com/commentary/2124432/4-refining-marketing-mlp-stocks-on-solid-ground,Zacks Investment Research,0.0,0.05,neutral,0.0,False,False,False,False,False,False,False,False,0.0,194,"['TRGP', 'SUN', 'NGL', 'CLMT']",TRGP,2023-07-20
Analyst Expectations for Targa Resources's Future,"Targa Resources (NYSE:TRGP) has observed the following analyst ratings within the last quarter: 




Bullish
Somewhat Bullish
Indifferent
Somewhat Bearish
Bearish




Total Ratings
4
3
0
0
0


Last 30D
0
1
0
0
0


1M Ago
3
0
0
0
0


2M Ago
0
0
0
0
0


3M Ago
1
2
0
0
0



In the last 3 months, 7 analysts have offered 12-month price targets for Targa Resources. The company has an average price target of $97.71 with a high of $106.00 and a low of $90.00. 
Below is a summary of how these 7 analysts rated Targa Resources over the past 3 months. The greater the number of bullish ratings, the more positive analysts ...Full story available on Benzinga.com",2023-07-20 17:00:45+00:00,https://www.benzinga.com/analyst-ratings/23/07/33308572/analyst-expectations-for-targa-resourcess-future,Benzinga,0.09909090909090909,0.3293181818181818,neutral,0.09909090909090909,False,False,False,False,False,False,False,False,0.0,706,['TRGP'],TRGP,2023-07-20
"Nasdaq, J.B. Hunt Transport And 2 Other Stocks Insiders Are Selling","The Nasdaq 100 closed higher on Tuesday. Investors, meanwhile, focused on some notable insider trades.
When insiders sell shares, it could be a preplanned sale, or could indicate their concern in the company’s prospects or that they view the stock as being overpriced. Insider sales should not be taken as the only indicator for making an investment or trading decision. At best, it can lend conviction to a selling decision.
Below is a look at a few recent notable insider sales. For more, check out  Benzinga's insider transactions  platform.
Nasdaq 

The Trade:  Nasdaq, Inc.  (NASDAQ: NDAQ) Executive Vice President Ann Dennison  sold a total of 5,100 shares  at an average price of $50.05. The insider received around $255,255 from selling those shares.
What’s Happening: Nasdaq reported a second-quarter revenue increase of 4% Y/Y to $925 million, beating ...",2023-07-26 12:03:34+00:00,https://www.benzinga.com/news/23/07/33390020/nasdaq-j-b-hunt-transport-and-2-other-stocks-insiders-are-selling,Benzinga,0.18125000000000002,0.4395833333333334,positive,0.18125000000000002,True,False,True,False,False,False,False,False,0.0,934,"['JBHT', 'NDAQ', 'CNS', 'TRGP']",TRGP,2023-07-26
Civitas (CIVI) Q2 Earnings Preview: What Investors Can Expect,"Lower commodity prices are likely to have hurt Civitas Resources' (CIVI) Q2 bottom line. However, an impressive production profile might have aided the results somewhat.",2023-07-31 15:29:00+00:00,https://www.zacks.com/stock/news/2130005/civitas-civi-q2-earnings-preview-what-investors-can-expect,Zacks Investment Research,0.5,1.0,positive,0.5,True,False,False,False,True,False,False,False,0.0,232,"['MUSA', 'PBA', 'TRGP', 'CIVI']",TRGP,2023-07-31
Targa Resources Corp. Reports Second Quarter 2023 Financial Results,"HOUSTON, Aug.  03, 2023  (GLOBE NEWSWIRE) -- Targa Resources Corp. (NYSE: TRGP) (“TRGP,” the “Company” or “Targa”) today reported second quarter 2023 results.",2023-08-03 10:00:00+00:00,https://www.globenewswire.com/news-release/2023/08/03/2717746/14074/en/Targa-Resources-Corp-Reports-Second-Quarter-2023-Financial-Results.html,GlobeNewswire Inc.,0.0,0.0,neutral,0.0,False,False,True,False,False,False,False,False,0.0,227,['TRGP'],TRGP,2023-08-03
Targa Resources Corp. to Participate in Investor Conferences,"HOUSTON, Aug.  15, 2023  (GLOBE NEWSWIRE) -- Targa Resources Corp. (NYSE: TRGP) (""Targa"" or the ""Company"") announced today that representatives from the Company will participate in investor meetings at the following investor conferences:",2023-08-15 22:00:00+00:00,https://www.globenewswire.com/news-release/2023/08/15/2725966/14074/en/Targa-Resources-Corp-to-Participate-in-Investor-Conferences.html,GlobeNewswire Inc.,0.0,0.1,neutral,0.0,False,False,False,False,False,False,False,False,0.0,299,['TRGP'],TRGP,2023-08-15
"Targa (TRGP) Q2 Earnings Surpass Estimates, Revenues Miss","Targa (TRGP) anticipates adjusted EBITDA in the $3.5-$3.7 billion range, growth capital expenditures in the $2.2-$2 billion range, and net maintenance capital expenditures of $175 million for 2023.",2023-08-17 13:37:00+00:00,https://www.zacks.com/stock/news/2137577/targa-trgp-q2-earnings-surpass-estimates-revenues-miss,Zacks Investment Research,0.0,0.0,neutral,0.0,True,False,False,False,False,False,False,False,0.0,256,"['CVI', 'EPM', 'TRGP', 'AROC']",TRGP,2023-08-17
Is Invesco S&P 500 Equal Weight Energy ETF (RSPG) a Strong ETF Right Now?,Smart Beta ETF report for RSPG,2023-08-29 10:20:06+00:00,https://www.zacks.com/stock/news/2141678/is-invesco-sp-500-equal-weight-energy-etf-rspg-a-strong-etf-right-now,Zacks Investment Research,0.2333333333333333,0.5404761904761904,positive,0.2333333333333333,False,False,False,False,False,False,False,False,0.0,105,"['RSPG', 'APA', 'MPC', 'XLE', 'TRGP', 'VDE']",TRGP,2023-08-29
What 7 Analyst Ratings Have To Say About Targa Resources,"Analysts have provided the following ratings for Targa Resources (NYSE:TRGP) within the last quarter: 




Bullish
Somewhat Bullish
Indifferent
Somewhat Bearish
Bearish




Total Ratings
4
3
0
0
0


Last 30D
0
1
0
0
0


1M Ago
1
1
0
0
0


2M Ago
2
1
0
0
0


3M Ago
1
0
0
0
0



In the last 3 months, 7 analysts have offered 12-month price targets for Targa Resources. The company has an average price target of $102.43 with a high of $114.00 and a low of $95.00. 
Below is a summary of how these 7 analysts rated Targa Resources over the past 3 months. The greater the ...Full story available on Benzinga.com",2023-08-29 14:00:55+00:00,https://www.benzinga.com/analyst-ratings/23/08/34091148/what-7-analyst-ratings-have-to-say-about-targa-resources,Benzinga,0.060000000000000005,0.3127272727272727,neutral,0.060000000000000005,False,False,False,False,False,False,False,False,0.0,666,['TRGP'],TRGP,2023-08-29
Should You Invest in the Invesco S&P 500 Equal Weight Energy ETF (RSPG)?,Sector ETF report for RSPG,2023-08-30 15:48:12+00:00,https://www.zacks.com/stock/news/2142509/should-you-invest-in-the-invesco-sp-500-equal-weight-energy-etf-rspg,Zacks Investment Research,0.0,0.25,neutral,0.0,False,False,True,False,False,False,False,False,0.0,100,"['RSPG', 'APA', 'MPC', 'XLE', 'TRGP', 'VDE']",TRGP,2023-08-30
Is Invesco S&P 500 Pure Growth ETF (RPG) a Strong ETF Right Now?,Smart Beta ETF report for RPG,2023-08-30 15:48:52+00:00,https://www.zacks.com/stock/news/2142514/is-invesco-sp-500-pure-growth-etf-rpg-a-strong-etf-right-now,Zacks Investment Research,0.2869047619047619,0.6029761904761904,positive,0.2869047619047619,False,False,False,False,False,False,False,False,0.0,95,"['RPG', 'NUE', 'QQQ', 'FANG', 'TRGP', 'VUG']",TRGP,2023-08-30
Top 5 Energy Stocks That May Implode This Quarter,"The most overbought stocks in the energy sector presents an opportunity to go short on these overvalued companies.
The RSI is a momentum indicator, which compares a stock's strength on days when prices go up to its strength on days when prices go down. When compared to a stock's price action, it can give traders a better sense of how a stock may perform in the short term. An asset is typically considered overbought when the  RSI is above 70.
Here’s the latest list of major overbought players in this sector.
Profire Energy, Inc.  (NASDAQ: PFIE)

Profire Energy posted better-than-expected quarterly results. “Our second quarter results reflect the sustained momentum across our business which contributed to a 50 percent increase in revenue over the prior year and the highest quarterly net income and EBITDA in company history,” said Ryan Oviatt, Co-Chief Executive Officer and CFO of Profire Energy. The company’s stock has a 52-week high of $2.93. .
RSI Value: 78.97
PFIE Price Action:  Shares ...",2023-09-01 12:53:39+00:00,https://www.benzinga.com/news/23/09/34170758/top-5-energy-stocks-that-may-implode-this-quarter,Benzinga,0.13126736111111112,0.32055555555555554,positive,0.13126736111111112,True,False,True,False,False,False,True,False,0.0,1056,"['UEC', 'HLX', 'RIO', 'SFL', 'TRGP', 'PFIE']",TRGP,2023-09-01
Targa Resources Corp. to Participate in Investor Conferences,"HOUSTON, Sept.  05, 2023  (GLOBE NEWSWIRE) -- Targa Resources Corp. (NYSE: TRGP) (""Targa"" or the ""Company"") announced today that representatives from the Company will participate in investor meetings at the following investor conferences in New York City, NY:",2023-09-05 11:00:00+00:00,https://www.globenewswire.com/news-release/2023/09/05/2737172/14074/en/Targa-Resources-Corp-to-Participate-in-Investor-Conferences.html,GlobeNewswire Inc.,0.06818181818181818,0.2772727272727273,neutral,0.06818181818181818,False,False,False,False,False,False,False,False,0.0,321,['TRGP'],TRGP,2023-09-05
Pinterest To Rally Around 45%? Here Are 10 Other Analyst Forecasts For Wednesday,"Rosenblatt increased the price target for  Pinterest, Inc.  (NYSE: PINS) from $35 to $38. Rosenblatt analyst Barton Crockett maintained a Buy rating. Pinterest shares rose 3.2% to close at $26.21 on Tuesday.
Morgan Stanley slashed  NextEra Energy Partners, LP  (NYSE: NEP) price target from $81 to $65. Morgan Stanley analyst Stephen Byrd maintained an Equal-Weight rating. NextEra Energy Partners shares rose 3.7% to $51.50 in pre-market trading.
Piper Sandler cut the price target for  Revance Therapeutics, Inc.  (NASDAQ: RVNC) from $50 to $44. Piper Sandler analyst David Amsellem maintained an Overweight rating. Revance Therapeutics shares fell 2% to $13.54 in pre-market trading.
Wells Fargo lowered the price target for  Rocket Lab USA, Inc.  (NASDAQ:",2023-09-20 12:59:04+00:00,https://www.benzinga.com/news/23/09/34760465/pinterest-to-rally-around-45-here-are-10-other-analyst-forecasts-for-wednesday,Benzinga,0.35833333333333334,0.7583333333333333,positive,0.35833333333333334,False,True,False,False,False,False,False,False,0.0,841,"['XPO', 'AZO', 'DIS', 'NKE', 'STZ', 'TRGP', 'MPC', 'PINS', 'RVNC', 'NEP', 'RKLB']",TRGP,2023-09-20
What 8 Analyst Ratings Have To Say About Targa Resources,"Analysts have provided the following ratings for Targa Resources (NYSE:TRGP) within the last quarter: 




Bullish
Somewhat Bullish
Indifferent
Somewhat Bearish
Bearish




Total Ratings
5
3
0
0
0


Last 30D
1
0
0
0
0


1M Ago
0
1
0
0
0


2M Ago
1
1
0
0
0


3M Ago
3
1
0
0
0



According to 8 analyst offering 12-month price targets in the last 3 months, Targa Resources has an average price target of $102.75 with a high of $114.00 and a low of $95.00. 
Below is a summary of how these 8 analysts rated Targa Resources over the past ...Full story available on Benzinga.com",2023-09-20 13:01:18+00:00,https://www.benzinga.com/analyst-ratings/23/09/34760760/what-8-analyst-ratings-have-to-say-about-targa-resources,Benzinga,0.016000000000000004,0.29399999999999993,neutral,0.016000000000000004,False,False,False,False,False,False,False,False,0.0,631,['TRGP'],TRGP,2023-09-20
Should Vanguard Small-Cap Growth ETF (VBK) Be on Your Investing Radar?,Style Box ETF report for VBK,2023-09-22 10:20:06+00:00,https://www.zacks.com/stock/news/2154018/should-vanguard-small-cap-growth-etf-vbk-be-on-your-investing-radar,Zacks Investment Research,0.0,0.0,neutral,0.0,False,False,False,False,False,False,False,False,0.0,100,"['VBK', 'ENTG', 'FICO', 'TRGP', 'IWO', 'IJT']",TRGP,2023-09-22
"Targa Resources Corp. to Participate in Wolfe Research Utilities, Midstream and Clean Energy Conference","HOUSTON, Sept.  25, 2023  (GLOBE NEWSWIRE) -- Targa Resources Corp. (NYSE: TRGP) (""Targa"" or the ""Company"") announced today that representatives from the Company will participate in investor meetings at the Wolfe Research Utilities, Midstream and Clean Energy Conference on Wednesday, September 27, 2023 in New York City, NY.",2023-09-25 22:50:00+00:00,https://www.globenewswire.com/news-release/2023/09/25/2749068/14074/en/Targa-Resources-Corp-to-Participate-in-Wolfe-Research-Utilities-Midstream-and-Clean-Energy-Conference.html,GlobeNewswire Inc.,0.28989898989898993,0.6181818181818183,positive,0.28989898989898993,False,False,False,False,False,False,False,False,0.0,430,['TRGP'],TRGP,2023-09-25
5 Stocks With Near Unanimous Buy Ratings: Are They Worth Buying?,,2023-09-28 07:49:00+00:00,https://www.investing.com/analysis/5-stocks-with-near-unanimous-buy-ratings-are-they-worth-buying-200642226,Investing.com,0.2,0.25,positive,0.2,False,True,False,False,False,False,False,False,0.0,66,"['LW', 'DAL', 'TRGP', 'J', 'WBD']",TRGP,2023-09-28
Strength Seen in Sunoco LP (SUN): Can Its 8.3% Jump Turn into More Strength?,Sunoco LP (SUN) saw its shares surge in the last session with trading volume being higher than average. The latest trend in earnings estimate revisions may not translate into further price increase in the near term.,2023-09-29 14:00:00+00:00,https://www.zacks.com/stock/news/2157835/strength-seen-in-sunoco-lp-sun-can-its-83-jump-turn-into-more-strength,Zacks Investment Research,0.17142857142857146,0.4666666666666667,positive,0.17142857142857146,True,False,False,False,False,False,False,False,0.0,293,"['SUN', 'TRGP']",TRGP,2023-09-29
Where Targa Resources Stands With Analysts,"Over the past 3 months, 6 analysts have published their opinion on Targa Resources (NYSE:TRGP) stock. These analysts are typically employed by large Wall Street banks and tasked with understanding a company's business to predict how a stock will trade over the upcoming year.




Bullish
Somewhat Bullish
Indifferent
Somewhat Bearish
Bearish




Total Ratings
3
3
0
0
0


Last 30D
1
0
0
0
0


1M Ago
1
0
0
0
0


2M Ago
1
1
0
0
0


3M Ago
0
2
0
0
0



These 6 analysts have an average price target of $105.67 versus the current price of Targa Resources at $80.3, implying  upside.
Below is a summary ...Full story available on Benzinga.com",2023-10-06 14:00:39+00:00,https://www.benzinga.com/analyst-ratings/23/10/35126613/where-targa-resources-stands-with-analysts,Benzinga,0.005952380952380959,0.3994047619047619,neutral,0.005952380952380959,False,False,False,False,False,False,False,False,0.0,682,['TRGP'],TRGP,2023-10-06
Targa Resources Corp. Releases Sustainability Report,"HOUSTON, Oct.  09, 2023  (GLOBE NEWSWIRE) -- Targa Resources Corp. (NYSE: TRGP) (""Targa"" or the ""Company"") announced today that its Sustainability Report for 2022 is now available on the Company’s website at https://www.targaresources.com/sustainability. The report advances Targa’s sustainability disclosures and provides a review of Targa’s performance for calendar year 2022 against various environmental, social, and governance topics that are important to our industry and our business.",2023-10-09 20:54:00+00:00,https://www.globenewswire.com/news-release/2023/10/09/2757052/14074/en/Targa-Resources-Corp-Releases-Sustainability-Report.html,GlobeNewswire Inc.,0.20833333333333334,0.4916666666666667,positive,0.20833333333333334,False,False,False,False,True,False,False,False,0.2,545,['TRGP'],TRGP,2023-10-09
3 Stocks to Watch From the Refining & Marketing MLP Industry,"Following a careful analysis of the Zacks Oil and Gas - Refining & Marketing MLP industry, we advise focusing on companies like TRGP, SUN and CAPL.",2023-10-10 12:03:00+00:00,https://www.zacks.com/commentary/2163185/3-stocks-to-watch-from-the-refining-marketing-mlp-industry,Zacks Investment Research,-0.05,0.55,neutral,0.05,False,False,False,False,False,False,False,False,0.0,209,"['TRGP', 'SUN', 'CAPL']",TRGP,2023-10-10
"Zacks Industry Outlook Highlights Targa Resources, Sunoco and CrossAmerica Partners","Targa Resources, Sunoco and CrossAmerica Partners are part of the Zacks Industry Outlook article.",2023-10-11 11:42:00+00:00,https://www.zacks.com/stock/news/2164138/zacks-industry-outlook-highlights-targa-resources-sunoco-and-crossamerica-partners,Zacks Investment Research,0.0,0.0,neutral,0.0,False,False,False,False,False,False,False,False,0.0,182,"['SUN', 'TRGP', 'CAPL']",TRGP,2023-10-11
Targa Resources Corp. Announces Quarterly Dividend and Timing of Third Quarter 2023 Earnings Webcast,"HOUSTON, Oct.  12, 2023  (GLOBE NEWSWIRE) -- Targa Resources Corp. (NYSE: TRGP) (""Targa"" or the ""Company"") announced its quarterly dividend on common shares with respect to the third quarter of 2023.",2023-10-12 21:32:00+00:00,https://www.globenewswire.com/news-release/2023/10/12/2759715/14074/en/Targa-Resources-Corp-Announces-Quarterly-Dividend-and-Timing-of-Third-Quarter-2023-Earnings-Webcast.html,GlobeNewswire Inc.,-0.09999999999999999,0.16666666666666666,neutral,0.09999999999999999,True,False,False,False,False,True,False,False,0.0,301,['TRGP'],TRGP,2023-10-12
Should Invesco S&P 500 Pure Growth ETF (RPG) Be on Your Investing Radar?,Style Box ETF report for RPG,2023-10-26 10:20:05+00:00,https://www.zacks.com/stock/news/2172339/should-invesco-sp-500-pure-growth-etf-rpg-be-on-your-investing-radar,Zacks Investment Research,0.21428571428571427,0.5,positive,0.21428571428571427,False,False,False,False,False,False,False,False,0.0,102,"['RPG', 'QQQ', 'FANG', 'TRGP', 'VUG', 'CTRA']",TRGP,2023-10-26
Targa Resources Corp. Reports Third Quarter 2023 Financial Results and Announces Expectations for a 50% Year-Over-Year Increase to 2024 Common Dividend,"HOUSTON, Nov.  02, 2023  (GLOBE NEWSWIRE) --  Targa Resources Corp. (NYSE: TRGP) (“TRGP,” the “Company” or “Targa”) today reported third quarter 2023 results.",2023-11-02 10:00:00+00:00,https://www.globenewswire.com/news-release/2023/11/02/2772036/14074/en/Targa-Resources-Corp-Reports-Third-Quarter-2023-Financial-Results-and-Announces-Expectations-for-a-50-Year-Over-Year-Increase-to-2024-Common-Dividend.html,GlobeNewswire Inc.,-0.075,0.125,neutral,0.075,False,False,False,False,False,True,False,False,0.0,311,['TRGP'],TRGP,2023-11-02
Is Invesco S&P 500 Pure Growth ETF (RPG) a Strong ETF Right Now?,Smart Beta ETF report for RPG,2023-11-02 10:20:07+00:00,https://www.zacks.com/stock/news/2176973/is-invesco-sp-500-pure-growth-etf-rpg-a-strong-etf-right-now,Zacks Investment Research,0.2869047619047619,0.6029761904761904,positive,0.2869047619047619,False,False,False,False,False,False,False,False,0.0,95,"['RPG', 'QQQ', 'FANG', 'TRGP', 'VUG', 'CTRA']",TRGP,2023-11-02
"Compared to Estimates, Targa Resources, Inc. (TRGP) Q3 Earnings: A Look at Key Metrics","The headline numbers for Targa Resources, Inc. (TRGP) give insight into how the company performed in the quarter ended September 2023, but it may be worthwhile to compare some of its key metrics to Wall Street estimates and the year-ago actuals.",2023-11-02 23:30:13+00:00,https://www.zacks.com/stock/news/2177739/compared-to-estimates-targa-resources-inc-trgp-q3-earnings-a-look-at-key-metrics,Zacks Investment Research,0.16666666666666666,0.8333333333333334,positive,0.16666666666666666,True,False,False,False,False,False,False,False,0.0,333,['TRGP'],TRGP,2023-11-02
"Stock Market News for Nov 03, 2023","Wall Street ended sharply higher on Thursday, driven by positive economic data that boosted investor confidence.",2023-11-03 12:31:00+00:00,https://www.zacks.com/stock/news/2178064/stock-market-news-for-nov-03-2023,Zacks Investment Research,0.22575757575757574,0.4151515151515151,positive,0.22575757575757574,False,False,False,False,False,False,False,False,0.0,148,"['HES', 'TRGP']",TRGP,2023-11-03
6 Analysts Have This to Say About Targa Resources,"Over the past 3 months, 6 analysts have published their opinion on Targa Resources (NYSE:TRGP) stock. These analysts are typically employed by large Wall Street banks and tasked with understanding a company's business to predict how a stock will trade over the upcoming year.




Bullish
Somewhat Bullish
Indifferent
Somewhat Bearish
Bearish




Total Ratings
4
2
0
0
0


Last 30D
1
0
0
0
0


1M Ago
0
1
0
0
0


2M Ago
2
0
0
0
0


3M Ago
1
1
0
0
0



According to 6 analyst offering 12-month price targets in the last 3 months, Targa Resources has ...Full story available on Benzinga.com",2023-11-06 18:00:18+00:00,https://www.benzinga.com/analyst-ratings/23/11/35626247/6-analysts-have-this-to-say-about-targa-resources,Benzinga,0.02823129251700681,0.3517006802721089,neutral,0.02823129251700681,False,False,False,False,False,False,False,False,0.0,638,['TRGP'],TRGP,2023-11-06
Targa Resources Corp. Prices $2.0 Billion Offering of Senior Notes,"HOUSTON, Nov.  06, 2023  (GLOBE NEWSWIRE) -- Targa Resources Corp. (“Targa” or the “Company”) (NYSE: TRGP), announced today the pricing of an underwritten public offering (the “Offering”) of $1.0 billion aggregate principal amount of its 6.150% Senior Notes due 2029 and $1.0 billion aggregate principal amount of its 6.500% Senior Notes due 2034 at a price to the public of 99.779% and 99.949% of their face value, respectively. The Offering is expected to close on November 9, 2023, subject to the satisfaction of customary closing conditions.",2023-11-06 21:43:00+00:00,https://www.globenewswire.com/news-release/2023/11/06/2774575/14074/en/Targa-Resources-Corp-Prices-2-0-Billion-Offering-of-Senior-Notes.html,GlobeNewswire Inc.,-0.0738095238095238,0.24523809523809523,neutral,0.0738095238095238,False,False,False,False,False,False,False,False,0.0,613,['TRGP'],TRGP,2023-11-06
Targa's (TRGP) Q3 Earnings and Revenues Miss Estimates,"Targa (TRGP) expects 2023 adjusted EBITDA to be in the $3.5-$3.7 billion range, with capital expenditures between $2 billion and $2.2 billion, and net maintenance capital spending of $200 million.",2023-11-13 12:44:00+00:00,https://www.zacks.com/stock/news/2183119/targas-trgp-q3-earnings-and-revenues-miss-estimates,Zacks Investment Research,0.0,0.0,neutral,0.0,True,False,False,False,False,False,False,False,0.0,252,"['CVI', 'DK', 'TRGP', 'LBRT']",TRGP,2023-11-13
Targa Resources Corp. to Participate in BofA Securities Global Energy Conference,"HOUSTON, Nov.  13, 2023  (GLOBE NEWSWIRE) -- Targa Resources Corp. (NYSE: TRGP) (""Targa"" or the ""Company"") announced today that representatives from the Company will participate in investor meetings at the BofA Securities Global Energy Conference on Wednesday, November 15, 2023 in Houston, TX.",2023-11-14 01:41:00+00:00,https://www.globenewswire.com/news-release/2023/11/14/2779658/14074/en/Targa-Resources-Corp-to-Participate-in-BofA-Securities-Global-Energy-Conference.html,GlobeNewswire Inc.,0.0,0.0,neutral,0.0,False,False,True,False,False,False,False,False,0.0,376,['TRGP'],TRGP,2023-11-14
Should Vanguard Small-Cap Growth ETF (VBK) Be on Your Investing Radar?,Style Box ETF report for VBK,2023-11-23 11:20:06+00:00,https://www.zacks.com/stock/news/2188228/should-vanguard-small-cap-growth-etf-vbk-be-on-your-investing-radar,Zacks Investment Research,0.0,0.0,neutral,0.0,False,False,False,False,False,False,False,False,0.0,100,"['VBK', 'FICO', 'TRGP', 'IWO', 'IJT']",TRGP,2023-11-23
Targa Resources Corp. to Participate in Investor Conferences,"HOUSTON, Dec.  01, 2023  (GLOBE NEWSWIRE) -- Targa Resources Corp. (NYSE: TRGP) (""Targa"" or the ""Company"") announced today that representatives from the Company will participate in investor meetings at the following investor conferences in New York City, NY:",2023-12-01 22:00:00+00:00,https://www.globenewswire.com/news-release/2023/12/01/2789560/14074/en/Targa-Resources-Corp-to-Participate-in-Investor-Conferences.html,GlobeNewswire Inc.,0.06818181818181818,0.2772727272727273,neutral,0.06818181818181818,False,False,False,False,False,False,False,False,0.0,320,['TRGP'],TRGP,2023-12-01
"Peter Lynch Says Forget Tech Stocks, The Bargains Are Here: IWM Vs. VB",Peter Lynch recently pointed out that mega-cap tech stocks are likely overvalued. Click here for more on IWM and VB ETFs.,2023-12-13 17:05:17+00:00,https://seekingalpha.com/article/4657707-peter-lynch-says-forget-tech-stocks-the-bargains-are-here-iwm-vs-vb,Seeking Alpha,0.16666666666666666,0.5833333333333334,positive,0.16666666666666666,False,False,False,False,False,False,False,False,0.0,193,"['VOO', 'SPSM', 'SMCI', 'SSD', 'LNW', 'RMBS', 'IMGN', 'QLYS', 'FIX', 'UFPI', 'ONTO', 'TRGP', 'PTC', 'ATO', 'BG', 'BAH', 'DECK', 'JBL', 'RS', 'AXON', 'IEX', 'IWM', 'VB', 'BRBR']",TRGP,2023-12-13
5 Analysts Have This to Say About Targa Resources,"Targa Resources (NYSE:TRGP) has observed the following analyst ratings within the last quarter: 




Bullish
Somewhat Bullish
Indifferent
Somewhat Bearish
Bearish




Total Ratings
4
1
0
0
0


Last 30D
1
0
0
0
0


1M Ago
0
0
0
0
0


2M Ago
1
1
0
0
0


3M Ago
2
0
0
0
0



According to 5 analyst offering 12-month price targets in the last 3 months, Targa Resources has an average price target of $102.8 with a high of $109.00 and a low of $94.00. 
Below is a summary of how ...Full story available on Benzinga.com",2023-12-14 20:00:14+00:00,https://www.benzinga.com/analyst-ratings/23/12/36245854/5-analysts-have-this-to-say-about-targa-resources,Benzinga,0.04555555555555556,0.2988888888888888,neutral,0.04555555555555556,False,False,False,False,False,False,False,False,0.0,564,['TRGP'],TRGP,2023-12-14
Should Invesco S&P 500 Pure Growth ETF (RPG) Be on Your Investing Radar?,Style Box ETF report for RPG,2023-12-26 11:20:06+00:00,https://www.zacks.com/stock/news/2202011/should-invesco-sp-500-pure-growth-etf-rpg-be-on-your-investing-radar,Zacks Investment Research,0.21428571428571427,0.5,positive,0.21428571428571427,False,False,False,False,False,False,False,False,0.0,102,"['RPG', 'QQQ', 'FANG', 'TRGP', 'VUG', 'CTRA']",TRGP,2023-12-26
Nvidia tops list of Wall Street's 20 favorite stocks for 2024,,2023-12-30 11:37:00+00:00,https://www.marketwatch.com/story/nvidia-tops-list-of-wall-streets-20-favorite-stocks-for-2024-f0ba98c4,MarketWatch,0.5,1.0,positive,0.5,False,False,False,False,False,False,False,False,0.0,63,"['L', 'NVDA', 'FSLR', 'HAL', 'BG', 'BIO', 'LVS', 'SLB', 'LKQ', 'APTV', 'DAL', 'TRGP', 'CTVA', 'STZ', 'BIIB', 'BKR', 'LYV', 'MGM', 'ELV', 'J', 'SNPS']",TRGP,2023-12-30
Is Invesco S&P 500 Pure Growth ETF (RPG) a Strong ETF Right Now?,Smart Beta ETF report for RPG,2024-01-05 11:20:05+00:00,https://www.zacks.com/stock/news/2206063/is-invesco-sp-500-pure-growth-etf-rpg-a-strong-etf-right-now,Zacks Investment Research,0.2869047619047619,0.6029761904761904,positive,0.2869047619047619,False,False,False,False,False,False,False,False,0.0,95,"['RPG', 'QQQ', 'FANG', 'TRGP', 'VUG', 'CTRA']",TRGP,2024-01-05
"US Energy Stocks Dive On Crude, Natural Gas Price Slump: Contrarian Analyst Says 'Own Commodities' In 2024","The U.S. oil and gas sector witnessed a significant downturn on Monday, with industry stocks falling sharply alongside a decline in oil and natural gas prices.
The Energy Select Sector SPDR Fund (NYSE:XLE), a gauge for energy equities, dropped nearly 3%, signaling a broad-based retreat from last week’s 1% gain. Industry-specific ETFs, including the SPDR Oil & Gas Exploration and Production ETF (NYSE:XOP) and the VanEck Oil Services ETF (NYSE:OIH), also recorded steep declines. 
WTI crude prices plummeted by nearly 5% to $70 per barrel on Monday. The catalyst for the fall can be traced back to Saudi Arabia’s decision to slash crude prices across all regions for February, reflecting concerns over waning demand. 
Concurrently, increasing oil production from both OPEC and non-OPEC countries has heightened the prospect of a market surplus. According to a Reuters survey, OPEC’s output in December saw an uptick of 70,000 barrels ...Full story available on Benzinga.com",2024-01-08 15:54:33+00:00,https://www.benzinga.com/analyst-ratings/analyst-color/24/01/36536911/us-energy-stocks-dive-on-crude-natural-gas-price-slump-contrarian-analyst-says-own-,Benzinga,-0.03461538461538461,0.5916666666666668,neutral,0.03461538461538461,False,False,True,False,True,False,False,False,0.0,1083,"['BKR', 'DBC', 'OIH', 'XLE', 'XOP', 'HAL', 'MRO', 'SLB', 'XOM', 'TRGP']",TRGP,2024-01-08
Stocks To Watch: Energy Market Drama And Financial Earnings Headline Holiday Week,Stay informed of upcoming market events with Seeking Alpha's Stocks to Watch.,2024-01-13 15:30:00+00:00,https://seekingalpha.com/article/4662596-stocks-to-watch-energy-market-drama-and-financial-earnings-headline-holiday-week,Seeking Alpha,0.0,0.0,neutral,0.0,True,False,False,False,False,False,False,False,0.0,160,"['AA', 'ABVX', 'ALCE', 'BIRK', 'CMA', 'COLL', 'LGCB', 'MNST', 'NVTA', 'O', 'ODD', 'PXD', 'RYZB', 'NRG', 'TRGP']",TRGP,2024-01-13
Energy Transfer: Top 5 Big-Yield MLPs (IRA Or Taxable Account),"Considering Energy Transfer's attractive valuation and 9.0% yield, this article explores its potential as an investment for a high-income portfolio.",2024-01-14 17:03:13+00:00,https://seekingalpha.com/article/4662793-energy-transfer-top-5-big-yield-mlps-ira-taxable-account,Seeking Alpha,0.43333333333333335,0.8333333333333334,positive,0.43333333333333335,False,False,False,False,False,False,False,False,0.0,212,"['ENB', 'EPD', 'KMI', 'MPLX', 'OKE', 'PAA', 'PBA', 'TRGP', 'TRP', 'WES', 'WMB', 'ET']",TRGP,2024-01-14
Barclays Maintains Overweight Rating for Targa Resources: Here's What You Need To Know,"Barclays has decided to maintain its Overweight rating of Targa Resources (NYSE:TRGP) and raise its price target from $94.00 to $105.00.
Shares of Targa Resources are trading down 0.64% over the last 24 hours, at $82.00 per share.
A move to $105.00 would account for a 28.05% increase from the current share price.
About Targa Resources
Targa Resources is a midstream firm that primarily operates gathering and processing assets with substantial positions in the Permian, Stack, Scoop, and Bakken plays. It has 843,000 barrels a day of gross fractionation capacity at Mont Belvieu and operates ...Full story available on Benzinga.com",2024-01-17 17:00:14+00:00,https://www.benzinga.com/analyst-ratings/24/01/36663975/barclays-maintains-overweight-rating-for-targa-resources-heres-what-you-need-to-know,Benzinga,0.06349206349206349,0.2936507936507936,neutral,0.06349206349206349,False,False,False,False,False,False,False,False,0.0,721,['TRGP'],TRGP,2024-01-17
Critical Insights From Targa Resources Analyst Ratings: What You Need To Know,"Analysts' ratings for Targa Resources (NYSE:TRGP) over the last quarter vary from bullish to bearish, as provided by 4 analysts.
The table below provides a concise overview of recent ratings by analysts, offering insights into the changing sentiments over the past 30 days and drawing comparisons with the preceding months for a holistic perspective.




Bullish
Somewhat Bullish
Indifferent
Somewhat Bearish
Bearish




Total Ratings
3
1
0
0
0


Last 30D
1
0
0
0
0


1M Ago
0
1
0
0
0


2M Ago
1
0
0
0
0


3M Ago
1
0
0
0
0



Analysts have recently evaluated Targa Resources and provided 12-month price targets. The average target is $106.75, accompanied by a high estimate of $109.00 and a low estimate of $105.00. Surpassing the previous average price target of $103.50, the current average has increased by 3.14%.

Exploring Analyst Ratings: An In-Depth Overview
In examining recent analyst actions, we gain insights into how financial experts perceive Targa Resources. The following summary outlines key analysts, their recent evaluations, and adjustments to ratings and price targets.



Analyst
Analyst Firm
Action Taken
Rating
Current Price Target
Prior Price Target




Shneur Gershuni
UBS
Lowers
Buy
$108.00
$109.00


Theresa Chen
Barclays
Raises
Overweight
$105.00
$94.00


Shneur Gershuni
UBS
Lowers
Buy
$109.00
$116.00


Neal Dingmann
Truist Securities
Raises
Buy
$105.00
$95.00



Key Insights:

Action Taken: Analysts frequently update their recommendations based on evolving market conditions and company performance. Whether they 'Maintain', 'Raise' or 'Lower' their stance, it ...Full story available on Benzinga.com",2024-01-18 16:00:16+00:00,https://www.benzinga.com/insights/analyst-ratings/24/01/36680570/critical-insights-from-targa-resources-analyst-ratings-what-you-need-to-know,Benzinga,-0.0038095238095238104,0.35500000000000004,neutral,0.0038095238095238104,False,True,True,False,False,False,False,False,0.2,1712,['TRGP'],TRGP,2024-01-18
Targa Resources Corp. Announces Quarterly Dividend and Timing of Fourth Quarter 2023 Earnings Webcast,"HOUSTON, Jan.  18, 2024  (GLOBE NEWSWIRE) -- Targa Resources Corp. (NYSE: TRGP) (""Targa"" or the ""Company"") announced its quarterly dividend on common shares with respect to the fourth quarter of 2023.",2024-01-18 23:44:00+00:00,https://www.globenewswire.com/news-release/2024/01/18/2812040/0/en/Targa-Resources-Corp-Announces-Quarterly-Dividend-and-Timing-of-Fourth-Quarter-2023-Earnings-Webcast.html,GlobeNewswire Inc.,-0.09999999999999999,0.16666666666666666,neutral,0.09999999999999999,True,False,False,False,False,True,False,False,0.0,303,['TRGP'],TRGP,2024-01-18
Targa Resources Corp. to Participate in U.S. Capital Advisors Midstream Corporate Access Day,"HOUSTON, Jan.  22, 2024  (GLOBE NEWSWIRE) -- Targa Resources Corp. (NYSE: TRGP) (""Targa"" or the ""Company"") announced today that representatives from the Company will participate in investor meetings at the U.S. Capital Advisors Midstream Corporate Access Day in Houston, TX on Tuesday, January 23, 2024.",2024-01-22 22:17:00+00:00,https://www.globenewswire.com/news-release/2024/01/22/2813526/14074/en/Targa-Resources-Corp-to-Participate-in-U-S-Capital-Advisors-Midstream-Corporate-Access-Day.html,GlobeNewswire Inc.,0.0,0.0,neutral,0.0,False,False,False,False,False,False,False,False,0.0,397,['TRGP'],TRGP,2024-01-22
Should Vanguard Small-Cap Growth ETF (VBK) Be on Your Investing Radar?,Style Box ETF report for VBK,2024-01-23 11:20:07+00:00,https://www.zacks.com/stock/news/2213912/should-vanguard-small-cap-growth-etf-vbk-be-on-your-investing-radar,Zacks Investment Research,0.0,0.0,neutral,0.0,False,False,False,False,False,False,False,False,0.0,100,"['VBK', 'DECK', 'PTC', 'TRGP', 'IWO', 'IJT']",TRGP,2024-01-23
Targa Resources Corp. Reports Record Fourth Quarter and Full Year 2023 Financial Results and Provides Outlook for 2024 and Positioning in 2025,"HOUSTON, Feb.  15, 2024  (GLOBE NEWSWIRE) -- Targa Resources Corp. (NYSE: TRGP) (“TRGP,” the “Company” or “Targa”) today reported fourth quarter and full year 2023 results.",2024-02-15 11:00:00+00:00,https://www.globenewswire.com/news-release/2024/02/15/2829753/14074/en/Targa-Resources-Corp-Reports-Record-Fourth-Quarter-and-Full-Year-2023-Financial-Results-and-Provides-Outlook-for-2024-and-Positioning-in-2025.html,GlobeNewswire Inc.,0.13999999999999999,0.22000000000000003,positive,0.13999999999999999,False,False,False,False,False,False,False,False,0.0,316,['TRGP'],TRGP,2024-02-15
Targa Resources Corp. Announces Form 10-K Available,"HOUSTON, Feb.  15, 2024  (GLOBE NEWSWIRE) -- Targa Resources Corp. (NYSE: TRGP) (""TRGP"" or the ""Company"" or ""Targa"") has filed its Form 10-K with the Securities and Exchange Commission (SEC) for the year ended December 31, 2023. The report may be accessed at www.sec.gov.",2024-02-15 22:15:00+00:00,https://www.globenewswire.com/news-release/2024/02/15/2830445/14074/en/Targa-Resources-Corp-Announces-Form-10-K-Available.html,GlobeNewswire Inc.,0.15000000000000002,0.5,positive,0.15000000000000002,False,False,True,False,False,False,False,False,0.0,324,['TRGP'],TRGP,2024-02-15
"Targa Resources, Inc. (TRGP) Reports Q4 Earnings: What Key Metrics Have to Say","Although the revenue and EPS for Targa Resources, Inc. (TRGP) give a sense of how its business performed in the quarter ended December 2023, it might be worth considering how some key metrics compare with Wall Street estimates and the year-ago numbers.",2024-02-16 00:30:02+00:00,https://www.zacks.com/stock/news/2227241/targa-resources-inc-trgp-reports-q4-earnings-what-key-metrics-have-to-say,Zacks Investment Research,0.09999999999999999,0.7000000000000001,neutral,0.09999999999999999,True,False,False,False,False,False,False,False,0.0,332,['TRGP'],TRGP,2024-02-16
Targa (TRGP) Q4 Earnings and Revenues Miss Estimates,"Targa (TRGP) expects 2024 growth capital expenditures between $2.3 billion and $2.5 billion, with net maintenance capital spending of $225 million.",2024-02-16 14:33:00+00:00,https://www.zacks.com/stock/news/2227362/targa-trgp-q4-earnings-and-revenues-miss-estimates,Zacks Investment Research,0.0,0.0,neutral,0.0,True,False,False,False,False,False,False,False,0.0,201,"['MUSA', 'ET', 'TRGP']",TRGP,2024-02-16
Wall Street Breakfast: What Moved Markets,"Listen on the go! A daily podcast of Wall Street Breakfast will be available this morning on Seeking Alpha, iTunes, Spotify.",2024-02-17 12:05:03+00:00,https://seekingalpha.com/article/4671185-wall-street-breakfast-what-moved-markets,Seeking Alpha,0.2,0.2,positive,0.2,False,False,False,False,False,False,False,False,0.0,167,"['FANG', 'XOM', 'PXD', 'CVX', 'HES', 'OXY', 'APA', 'CPE', 'BRK.B', 'GOOG', 'GOOGL', 'AAPL', 'ORCL', 'NVDA', 'F', 'TSLA', 'TRMB', 'VTRS', 'TRGP', 'DVA', 'AKAM', 'ADBE', 'WST', 'BIIB', 'MGM']",TRGP,2024-02-17
"Nvidia is expected to be the best performer in the S&P 500 through 2025, by this measure",Next Wednesday’s earnings report could be another catalyst as Nvidia continues to dominate the AI hardware build-out.,2024-02-17 12:15:00+00:00,https://www.marketwatch.com/story/nvidia-is-expected-to-be-the-best-performer-in-the-s-p-500-through-2025-by-this-measure-ab6d6b4e,MarketWatch,0.3,0.2333333333333333,positive,0.3,True,False,False,False,False,False,False,False,0.0,207,"['NVDA', 'MU', 'FSLR', 'NEM', 'BX', 'FANG', 'LLY', 'TTWO', 'AVGO', 'NOW', 'AXON', 'AMD', 'PODD', 'DXCM', 'OKE', 'PANW', 'TSLA', 'TRGP', 'EXR', 'WDC']",TRGP,2024-02-17
Should Vanguard Small-Cap ETF (VB) Be on Your Investing Radar?,Style Box ETF report for VB,2024-02-19 11:20:08+00:00,https://www.zacks.com/stock/news/2227678/should-vanguard-small-cap-etf-vb-be-on-your-investing-radar,Zacks Investment Research,0.0,0.0,neutral,0.0,False,False,False,False,False,False,False,False,0.0,91,"['VB', 'DECK', 'IWM', 'PTC', 'TRGP', 'IJR']",TRGP,2024-02-19
Analyst Scoreboard: 4 Ratings For Targa Resources,"Targa Resources (NYSE:TRGP) underwent analysis by 4 analysts in the last quarter, revealing a spectrum of viewpoints from bullish to bearish.
The following table encapsulates their recent ratings, offering a glimpse into the evolving sentiments over the past 30 days and comparing them to the preceding months.




Bullish
Somewhat Bullish
Indifferent
Somewhat Bearish
Bearish




Total Ratings
3
1
0
0
0


Last 30D
1
0
0
0
0


1M Ago
0
0
0
0
0


2M Ago
1
1
0
0
0


3M Ago
1
0
0
0
0



In the assessment of 12-month price targets, analysts unveil insights for Targa Resources, presenting an average target of $108.5, a high estimate of $112.00, and a low estimate of $105.00. Surpassing the previous average price target of $105.75, the current average has increased by 2.6%.

Deciphering Analyst Ratings: An In-Depth Analysis
A comprehensive examination of how financial experts perceive Targa Resources is derived from recent analyst actions. The following is a detailed summary of key analysts, their recent evaluations, and adjustments to ratings and price targets.



Analyst
Analyst Firm
Action Taken
Rating
Current Price Target
Prior Price Target




Spiro Dounis
Citigroup
Raises
Buy
$112.00
$104.00


Shneur Gershuni
UBS
Lowers
Buy
$108.00
$109.00


Theresa Chen
Barclays
Raises
Overweight
$105.00
$94.00


Shneur Gershuni
UBS
Lowers
Buy
$109.00
$116.00



Key Insights:

Action Taken: Responding to changing market dynamics and company performance, analysts update their recommendations. Whether they 'Maintain', 'Raise', or 'Lower' their stance, it signifies ...Full story available on Benzinga.com",2024-02-21 17:00:51+00:00,https://www.benzinga.com/insights/analyst-ratings/24/02/37240932/analyst-scoreboard-4-ratings-for-targa-resources,Benzinga,0.0035897435897435915,0.33999999999999997,neutral,0.0035897435897435915,False,True,False,False,False,False,False,False,0.0,1660,['TRGP'],TRGP,2024-02-21
Forget Nvidia FOMO: 8 Underdog Stocks With Greater Earnings Growth Potential,,2024-02-26 13:59:00+00:00,https://www.investing.com/analysis/forget-nvidia-fomo-8-underdog-stocks-with-greater-earnings-growth-potential-200646343,Investing.com,0.25,0.75,positive,0.25,True,False,False,False,False,False,False,False,0.0,78,"['NVDA', 'AAPL', 'META', 'CELH', 'AR', 'RRC', 'BLDR', 'SWAV', 'EQT', 'AMD', 'ALL', 'MRK', 'SWK', 'EL', 'TSN', 'PARA', 'LLY', 'TRGP', 'MAGS', 'AMZN', 'MSFT', 'GOOGL', 'TSLA']",TRGP,2024-02-26
Targa Resources Corp. to Participate in Morgan Stanley Energy & Power Conference,"HOUSTON, March  01, 2024  (GLOBE NEWSWIRE) -- Targa Resources Corp. (NYSE: TRGP) (""Targa"" or the ""Company"") announced today that representatives from the Company will participate in investor meetings at the Morgan Stanley Energy & Power Conference in New York City, NY on Wednesday, March 6, 2024.",2024-03-01 22:00:00+00:00,https://www.globenewswire.com/news-release/2024/03/01/2839095/14074/en/Targa-Resources-Corp-to-Participate-in-Morgan-Stanley-Energy-Power-Conference.html,GlobeNewswire Inc.,0.13636363636363635,0.45454545454545453,positive,0.13636363636363635,False,False,False,False,False,False,False,False,0.0,379,['TRGP'],TRGP,2024-03-01
Targa: 2024 Shaping Up To Be A Good Year,"Targa Resources (TRGP) is poised for strong growth in 2024 and 2025, backed by solid Q4 results and new projects in the Permian Basin. Read an analysis here.",2024-03-06 06:51:59+00:00,https://seekingalpha.com/article/4676215-targa-2024-shaping-up-to-be-a-good-year,Seeking Alpha,0.3174242424242424,0.47196969696969704,positive,0.3174242424242424,False,False,False,False,False,False,False,False,0.0,199,['TRGP'],TRGP,2024-03-06
"With second-quarter results due soon, here are stocks analysts like the most","It’s no secret that lots of analysts like tech behemoths like Amazon.com Inc., Microsoft Corp. and Nvidia Corp. amid the AI gold rush. But as of Friday, they liked one just a bit more, at least based on the percentage of ‘buy’ recommendations: Delta Air Lines Inc.",2024-03-17 14:01:00+00:00,https://www.marketwatch.com/story/with-second-quarter-results-around-the-corner-here-are-the-stocks-that-analysts-like-the-most-9e663529,MarketWatch,0.22916666666666663,0.5458333333333333,positive,0.22916666666666663,False,True,True,False,False,False,False,False,0.0,342,"['DAL', 'AMZN', 'MSFT', 'NVDA', 'TRGP', 'SLB', 'LW', 'ARE', 'NI', 'UBER', 'AAL', 'UAL', 'GIS', 'CHWY', 'WGO', 'THO', 'LULU', 'MU', 'KBH', 'FDX']",TRGP,2024-03-17
Where Targa Resources Stands With Analysts,"Targa Resources (NYSE:TRGP) has been analyzed by 6 analysts in the last three months, revealing a diverse range of perspectives from bullish to bearish.
The table below offers a condensed view of their recent ratings, showcasing the changing sentiments over the past 30 days and comparing them to the preceding months.




Bullish
Somewhat Bullish
Indifferent
Somewhat Bearish
Bearish




Total Ratings
2
4
0
0
0


Last 30D
0
1
0
0
0


1M Ago
1
2
0
0
0


2M Ago
0
0
0
0
0


3M Ago
1
1
0
0
0



The 12-month price targets assessed by analysts reveal further insights, featuring an average target of $112.5, a high estimate of $125.00, and a low estimate of $105.00. This current average has increased by 5.47% from the previous average price target of $106.67. 

Interpreting Analyst Ratings: A Closer Look
The analysis of recent analyst actions sheds light on the perception of Targa Resources by financial experts. The following summary presents key analysts, their recent evaluations, and adjustments to ratings and price targets.



Analyst
Analyst Firm
Action Taken
Rating
Current Price Target
Prior Price Target




Christine Cho
Barclays
Raises
Overweight
$116.00
$105.00


Jeremy Tonet
JP Morgan
Raises
Overweight
$125.00
$122.00


Elvira Scotto
RBC Capital
Raises
Outperform
$109.00
$106.00


Spiro Dounis
Citigroup
Raises
Buy
$112.00
$104.00


Shneur Gershuni
UBS
Lowers
Buy
$108.00
$109.00


Theresa Chen
Barclays
Raises
Overweight
$105.00
$94.00



Key Insights:

Action Taken: Analysts adapt their recommendations to changing market conditions and company performance. Whether they 'Maintain', 'Raise' or 'Lower' their stance, it reflects their ...Full story available on Benzinga.com",2024-03-19 18:00:24+00:00,https://www.benzinga.com/insights/analyst-ratings/24/03/37829241/where-targa-resources-stands-with-analysts,Benzinga,0.007160493827160496,0.34037037037037043,neutral,0.007160493827160496,False,True,False,False,False,False,False,False,0.0,1740,['TRGP'],TRGP,2024-03-19
Keep a Tab On These 3 Broker-Recommended Energy Stocks,"Considering the unpredictability and volatility of the energy space, we advise focusing on broker-favored stocks like Halliburton (HAL), Valero Energy (VLO) and Targa Resources (TRGP).",2024-03-22 15:36:00+00:00,https://www.zacks.com/stock/news/2245011/keep-a-tab-on-these-3-broker-recommended-energy-stocks,Zacks Investment Research,0.0,0.0,neutral,0.0,False,False,False,False,False,False,False,False,0.0,240,"['HAL', 'VLO', 'TRGP']",TRGP,2024-03-22
"The Zacks Analyst Blog Highlights Halliburton, Valero Energy and Targa Resources","Halliburton, Valero Energy and Targa Resources are part of the Zacks top Analyst Blog.",2024-03-25 14:33:00+00:00,https://www.zacks.com/stock/news/2245591/the-zacks-analyst-blog-highlights-halliburton-valero-energy-and-targa-resources,Zacks Investment Research,0.5,0.5,positive,0.5,False,False,False,False,False,False,False,False,0.0,168,"['HAL', 'VLO', 'TRGP']",TRGP,2024-03-25
Targa Resources Corp. to Participate in J.P. Morgan Midwest Utilities & Midstream 1x1 Forum,"HOUSTON, March  26, 2024  (GLOBE NEWSWIRE) -- Targa Resources Corp. (NYSE: TRGP) (""Targa"" or the ""Company"") announced today that representatives from the Company will participate in investor meetings at the J.P. Morgan Midwest Utilities & Midstream 1x1 Forum in Chicago, IL on Thursday, March 28, 2024.",2024-03-26 20:10:00+00:00,https://www.globenewswire.com/news-release/2024/03/26/2852747/14074/en/Targa-Resources-Corp-to-Participate-in-J-P-Morgan-Midwest-Utilities-Midstream-1x1-Forum.html,GlobeNewswire Inc.,0.0,0.0,neutral,0.0,False,False,False,False,False,False,False,False,0.0,395,['TRGP'],TRGP,2024-03-26
Should Vanguard Small-Cap Growth ETF (VBK) Be on Your Investing Radar?,Style Box ETF report for VBK,2024-03-28 10:20:06+00:00,https://www.zacks.com/stock/news/2247092/should-vanguard-small-cap-growth-etf-vbk-be-on-your-investing-radar,Zacks Investment Research,0.0,0.0,neutral,0.0,False,False,False,False,False,False,False,False,0.0,100,"['VBK', 'DECK', 'PTC', 'TRGP', 'IWO', 'IJT']",TRGP,2024-03-28
"S&P 500's Q1 Standouts: Energy, Communication Sectors In The Lead — 10 Top-Performing Stocks","The first quarter of 2024 proved to be an eventful period for investors as the S&P 500 Index exhibited significant growth, surging by 9.94%. Among the various sectors comprising the index, two sectors stood out for their remarkable performance: energy and communication services. 
The S&P 500 Index is widely tracked by the SPDR S&P 500 ETF (NYSE:SPY), the iShares Core S&P 500 ETF (NYSE:IVV) and the Vanguard S&P 500 ETF (NYSE:VOO).
Also Read: Goldman Sachs Predicts 15% Upside For S&P 500, AI Boom Could Drive Market To 6,000
Let’s delve deeper into the standout sectors and the top-performing stocks within each.
Energy Sector: A Strong Rally (+13.47%)
The energy sector, represented by the SPDR Energy Select Sector Fund (NYSE:XLE), experienced a notable upswing with a growth rate of 13.47% during Q1. This surge can be attributed to multiple factors, including the ongoing global economic recovery, increased demand for oil and gas, and supply chain disruptions impacting the sector.

Chart: Benzinga Pro
Leading the charge in the energy sector were several key stocks that significantly contributed to its impressive performance:

Marathon Petroleum Corp. (NYSE:MPC): With a remarkable surge of 37.78%, Marathon Petroleum stock has emerged as one of the top-performing stocks in the energy sector. The company, which engages in refining, marketing, and transportation of petroleum products, benefited from rising oil prices and strong demand for refined products.
Valero Energy Corp (NYSE:VLO): Valero Energy stock recorded a substantial gain of 32.80% during ...Full story available on Benzinga.com",2024-04-02 14:56:44+00:00,https://www.benzinga.com/trading-ideas/long-ideas/24/04/38049934/s-p-500s-q1-standouts-energy-communication-sectors-in-the-lead-10-top-performing-stocks,Benzinga,0.34259259259259267,0.5527777777777777,positive,0.34259259259259267,False,False,True,False,True,False,False,False,0.0,1700,"['PSX', 'FANG', 'IVV', 'META', 'SPY', 'XLE', 'XLF', 'XLI', 'NFLX', 'DIS', 'OMC', 'VLO', 'VZ', 'VOO', 'TRGP', 'MPC', 'XLC']",TRGP,2024-04-02
Analyst Scoreboard: 9 Ratings For Targa Resources,"In the latest quarter, 9 analysts provided ratings for Targa Resources (NYSE:TRGP), showcasing a mix of bullish and bearish perspectives.
The following table encapsulates their recent ratings, offering a glimpse into the evolving sentiments over the past 30 days and comparing them to the preceding months.




Bullish
Somewhat Bullish
Indifferent
Somewhat Bearish
Bearish




Total Ratings
5
4
0
0
0


Last 30D
1
0
0
0
0


1M Ago
2
2
0
0
0


2M Ago
1
1
0
0
0


3M Ago
1
1
0
0
0



Analysts have recently evaluated Targa Resources and provided 12-month price targets. The average target is $115.78, accompanied by a high estimate of $130.00 and a low estimate of $105.00. This current average has increased by 9.11% from the previous average price target of $106.11. 

Investigating Analyst Ratings: An Elaborate Study
A clear picture of Targa Resources's perception among financial experts is painted with a thorough analysis of recent analyst actions. The summary below outlines key analysts, their recent evaluations, and adjustments to ratings and price targets.



Analyst
Analyst Firm
Action Taken
Rating
Current Price Target
Prior Price Target




John Mackay
Goldman Sachs
Raises
Buy
$117.00
$105.00


Gabriel Moreen
Mizuho
Raises
Buy
$130.00
$105.00


Neal Dingmann
Truist Securities
Raises
Buy
$120.00
$105.00


Christine Cho
Barclays
Raises
Overweight
$116.00
$105.00


Jeremy Tonet
JP Morgan
Raises
Overweight
$125.00
$122.00


Elvira Scotto
RBC Capital
Raises
Outperform
$109.00
$106.00


Spiro Dounis
Citigroup
Raises
Buy
$112.00
$104.00


Shneur Gershuni
UBS
Lowers
Buy
$108.00
$109.00


Theresa Chen
Barclays
Raises
Overweight
$105.00
$94.00



Key Insights:

Action Taken: Analysts adapt their recommendations to changing market conditions and company performance. Whether they 'Maintain', 'Raise' or 'Lower' their stance, it ...Full story available on Benzinga.com",2024-04-04 21:01:52+00:00,https://www.benzinga.com/insights/analyst-ratings/24/04/38101554/analyst-scoreboard-9-ratings-for-targa-resources,Benzinga,0.029382716049382716,0.38728395061728405,neutral,0.029382716049382716,False,True,True,False,False,False,False,False,0.0,1933,['TRGP'],TRGP,2024-04-04
Targa Resources Corp. Declares Increase to Quarterly Common Dividend and Announces Timing of First Quarter 2024 Earnings Webcast,"HOUSTON, April  11, 2024  (GLOBE NEWSWIRE) -- Targa Resources Corp. (NYSE: TRGP) (""Targa"" or the ""Company"") announced today that its board of directors has declared an increase to its quarterly cash dividend to $0.75 per common share, or $3.00 per common share on an annualized basis, for the first quarter of 2024, consistent with previously disclosed expectations. This dividend represents a 50 percent increase over the common dividend declared with respect to the first quarter of 2023. This cash dividend will be paid May 15, 2024 on all outstanding common shares to holders of record as of the close of business on April 30, 2024.",2024-04-11 21:00:00+00:00,https://www.globenewswire.com/news-release/2024/04/11/2861907/14074/en/Targa-Resources-Corp-Declares-Increase-to-Quarterly-Common-Dividend-and-Announces-Timing-of-First-Quarter-2024-Earnings-Webcast.html,GlobeNewswire Inc.,-0.015151515151515133,0.43560606060606055,neutral,0.015151515151515133,True,False,False,False,False,True,True,False,0.0,766,['TRGP'],TRGP,2024-04-11
Oil Prices Spike Above $90 A Barrel As Iran-Israel Tensions Escalate: US Energy Stocks Eye 9th Week Of Gains,"U.S. energy stocks, as tracked by the Energy Select Sector SPDR Fund (NYSE:XLE), could potentially notch their ninth straight positive week, marking the longest pace of weekly gains since May 2007. 
Oil prices surged sharply on Friday following reports suggesting that an Iranian assault on Israel could potentially occur within the next 48 hours. The Times of Israel reported that “Iran attack of 100 drones, dozens of missiles could be launched at Israel today.”
The Israeli Minister of National Security convened a meeting with top officials from the police, civil defense, and emergency services to ensure their readiness for a potential Iranian strike, as reported by Sky News Arabia.
The White House confirmed on Friday that Iran’s threats to Israel are ...Full story available on Benzinga.com",2024-04-12 16:08:42+00:00,https://www.benzinga.com/markets/equities/24/04/38223912/us-energy-stocks-eye-9th-week-of-gains-as-iran-israel-tensions-escalate-oil-prices-spike-above-9,Benzinga,0.12325174825174824,0.5227272727272727,positive,0.12325174825174824,False,False,True,False,True,False,False,False,0.0,909,"['USO', 'XLE', 'APA', 'COP', 'DVN', 'EQT', 'MRO', 'OXY', 'PXD', 'XOM', 'TRGP', 'FANG']",TRGP,2024-04-12
Investors' Guide to Targa Resources' (TRGP) Dividend Hike,"Targa Resources' (TRGP) current dividend yield of 2.6% might not be the best going around, but it is well ahead of the S&P 500's 1.3%  and is well protected with a payout ratio of 52.",2024-04-15 12:59:00+00:00,https://www.zacks.com/stock/news/2255337/investors-guide-to-targa-resources-trgp-dividend-hike,Zacks Investment Research,0.5,0.35,positive,0.5,False,False,False,False,False,True,False,False,0.0,242,"['PSX', 'TRGP', 'MGY', 'HPK']",TRGP,2024-04-15
5 Stocks in Focus That Just Increased Their Dividends,"Investors may keep a tab on stocks like CSWI, TRGP, STZ, FUL and SKT, which have lately hiked their dividend payments.",2024-04-16 12:47:00+00:00,https://www.zacks.com/stock/news/2256051/5-stocks-in-focus-that-just-increased-their-dividends,Zacks Investment Research,-0.3,0.6,negative,0.3,False,False,False,False,False,True,False,False,0.0,173,"['STZ', 'SKT', 'FUL', 'TRGP', 'CSWI']",TRGP,2024-04-16
"Targa Resources, Inc. (TRGP) Could Be a Great Choice","Dividends are one of the best benefits to being a shareholder, but finding a great dividend stock is no easy task. Does Targa Resources, Inc. (TRGP) have what it takes? Let's find out.",2024-04-30 15:45:03+00:00,https://www.zacks.com/stock/news/2265270/targa-resources-inc-trgp-could-be-a-great-choice,Zacks Investment Research,0.5958333333333333,0.6583333333333333,positive,0.5958333333333333,False,False,False,False,False,True,False,False,0.0,238,['TRGP'],TRGP,2024-04-30
"What Makes Targa Resources, Inc. (TRGP) a Strong Momentum Stock: Buy Now?","Does Targa Resources, Inc. (TRGP) have what it takes to be a top stock pick for momentum investors? Let's find out.",2024-05-01 16:00:04+00:00,https://www.zacks.com/stock/news/2266266/what-makes-targa-resources-inc-trgp-a-strong-momentum-stock-buy-now,Zacks Investment Research,0.4666666666666667,0.6166666666666667,positive,0.4666666666666667,False,True,False,False,False,False,False,False,0.0,190,['TRGP'],TRGP,2024-05-01
Targa Resources Corp. Reports First Quarter 2024 Financial Results,"HOUSTON, May  02, 2024  (GLOBE NEWSWIRE) -- Targa Resources Corp. (NYSE: TRGP) (“TRGP,” the “Company” or “Targa”) today reported first quarter 2024 results.",2024-05-02 10:00:00+00:00,https://www.globenewswire.com/news-release/2024/05/02/2873969/14074/en/Targa-Resources-Corp-Reports-First-Quarter-2024-Financial-Results.html,GlobeNewswire Inc.,0.16666666666666666,0.2222222222222222,positive,0.16666666666666666,False,False,False,False,False,False,False,False,0.0,224,['TRGP'],TRGP,2024-05-02
"Targa Resources (TRGP) Q1 Earnings Miss Estimates, Rise Y/Y","Targa (TRGP) expects 2024 growth capital expenditures between $2.3 billion and $2.5 billion, with net maintenance capital spending of $225 million.",2024-05-07 12:23:00+00:00,https://www.zacks.com/stock/news/2269496/targa-resources-trgp-q1-earnings-miss-estimates-rise-yy,Zacks Investment Research,0.0,0.0,neutral,0.0,True,False,False,False,False,False,False,False,0.0,208,"['SLB', 'VLO', 'EOG', 'TRGP']",TRGP,2024-05-07
4 Energy Companies That Recently Pumped Up Their Dividends,"Amid concerns over cyclical fluctuations in the energy sector, dividends are flourishing. We delve into the recent payout increases from MUSA, TRGP, CVE and PSX.",2024-05-14 14:30:00+00:00,https://www.zacks.com/stock/news/2273614/4-energy-companies-that-recently-pumped-up-their-dividends,Zacks Investment Research,0.0,0.25,neutral,0.0,False,False,True,False,False,True,False,False,0.0,221,"['CVE', 'MUSA', 'PSX', 'TRGP']",TRGP,2024-05-14
"The Zacks Analyst Blog Highlights Murphy USA, Targa Resources, Cenovus Energy and Phillips 66","Murphy USA, Targa Resources, Cenovus Energy and Phillips 66 are included in this Analyst Blog.",2024-05-15 10:34:00+00:00,https://www.zacks.com/stock/news/2273865/the-zacks-analyst-blog-highlights-murphy-usa-targa-resources-cenovus-energy-and-phillips-66,Zacks Investment Research,0.0,0.0,neutral,0.0,False,False,False,False,False,False,False,False,0.0,189,"['CVE', 'MUSA', 'PSX', 'TRGP']",TRGP,2024-05-15
The Analyst Verdict: Targa Resources In The Eyes Of 12 Experts,"Throughout the last three months, 12 analysts have evaluated Targa Resources (NYSE:TRGP), offering a diverse set of opinions from bullish to bearish.
Summarizing their recent assessments, the table below illustrates the evolving sentiments in the past 30 days and compares them to the preceding months.




Bullish
Somewhat Bullish
Indifferent
Somewhat Bearish
Bearish




Total Ratings
5
7
0
0
0


Last 30D
0
1
0
0
0


1M Ago
1
1
0
0
0


2M Ago
3
3
0
0
0


3M Ago
1
2
0
0
0



Providing deeper insights, analysts have established 12-month price targets, indicating an average target of $121.75, along with a high estimate of $130.00 and a low estimate of $109.00. This upward trend is evident, with the current average reflecting a 10.43% increase from the previous average price target of $110.25.

Exploring Analyst Ratings: An In-Depth Overview
The standing of Targa Resources among financial experts is revealed through an in-depth exploration of recent analyst actions. The summary below outlines key analysts, their recent evaluations, and adjustments to ratings and price targets.



Analyst
Analyst Firm
Action Taken
Rating
Current Price Target
Prior Price Target




Elvira Scotto
RBC Capital
Raises
Outperform
$128.00
$123.00


Michael Blum
Wells Fargo
Raises
Overweight
$124.00
$109.00


Selman Akyol
Stifel
Raises
Buy
$130.00
$111.00


Tristan Richardson
Scotiabank
Raises
Sector Outperform
$128.00
$112.00


Christine Cho
Barclays
Raises
Overweight
$122.00
$116.00


John Mackay
Goldman Sachs
Raises
Buy
$117.00
$105.00


Gabriel Moreen
Mizuho
Raises
Buy
$130.00
$105.00


Neal Dingmann
Truist Securities
Raises
Buy
$120.00
$105.00


Christine Cho
Barclays
Raises
Overweight
$116.00
$105.00


Jeremy Tonet
JP Morgan
Raises
Overweight
$125.00
$122.00


Elvira Scotto
RBC Capital
Raises
Outperform
$109.00
$106.00


Spiro Dounis
Citigroup
Raises
Buy
$112.00
$104.00



Key Insights:

Action Taken: Analysts frequently update their recommendations based on evolving market conditions and company performance. Whether they 'Maintain', 'Raise' or 'Lower' their stance, ...Full story available on Benzinga.com",2024-05-16 16:00:40+00:00,https://www.benzinga.com/insights/analyst-ratings/24/05/38877665/the-analyst-verdict-targa-resources-in-the-eyes-of-12-experts,Benzinga,0.001733333333333329,0.33759999999999996,neutral,0.001733333333333329,False,True,True,False,False,False,False,False,0.0,2181,['TRGP'],TRGP,2024-05-16
Targa Resources Corp. to Participate in 21st Annual Energy Infrastructure CEO & Investor Conference,"HOUSTON, May  20, 2024  (GLOBE NEWSWIRE) -- Targa Resources Corp. (NYSE: TRGP) (""Targa"" or the ""Company"") announced today that representatives from the Company will participate in investor meetings at the 21st Annual Energy Infrastructure CEO & Investor Conference in Aventura, FL on Wednesday, May 22, 2024.",2024-05-20 22:00:00+00:00,https://www.globenewswire.com/news-release/2024/05/20/2885192/14074/en/Targa-Resources-Corp-to-Participate-in-21st-Annual-Energy-Infrastructure-CEO-Investor-Conference.html,GlobeNewswire Inc.,0.0,0.0,neutral,0.0,False,False,False,False,False,False,True,False,0.0,409,['TRGP'],TRGP,2024-05-20
1 Overlooked Sector That's Helping Fuel the S&P 500 to Record Highs,Energy stocks have been strong performers this year.,2024-05-23 09:17:00+00:00,https://www.fool.com/investing/2024/05/23/1-overlooked-sector-thats-helping-fuel-the-sp-500/,The Motley Fool,0.4333333333333333,0.7333333333333333,positive,0.4333333333333333,False,False,True,False,False,False,False,False,0.0,121,"['XOM', 'VLO', 'FANG', 'XLE', 'TRGP']",TRGP,2024-05-23
"Brokers Love These Energy Stocks, It's Time You Take a Look","Considering the unpredictability and volatility of the energy space, we advise focusing on broker-favored stocks like Halliburton (HAL), Valero Energy (VLO) and Targa Resources (TRGP).",2024-05-24 13:43:00+00:00,https://www.zacks.com/stock/news/2278584/brokers-love-these-energy-stocks-its-time-you-take-a-look,Zacks Investment Research,0.5,0.6,positive,0.5,False,False,False,False,False,False,False,False,0.0,245,"['HAL', 'VLO', 'TRGP']",TRGP,2024-05-24
This Little-Known Dividend Stock Is Crushing the S&P 500 This Year (and Could Have Plenty of Fuel to Continue Rising in 2025),Targa Resources expects its free cash flow to surge next year.,2024-05-26 09:19:00+00:00,https://www.fool.com/investing/2024/05/26/this-little-known-dividend-stock-is-crushing-the-s/,The Motley Fool,0.26666666666666666,0.5666666666666668,positive,0.26666666666666666,False,False,False,False,False,True,False,False,0.0,189,['TRGP'],TRGP,2024-05-26
10 Best Vanguard Funds to Buy Right Now,These 10 Vanguard stock ETFs can help you build a top-notch portfolio.,2024-05-27 12:30:00+00:00,https://www.fool.com/investing/2024/05/27/10-best-vanguard-funds-to-buy-right-now/,The Motley Fool,0.7619047619047619,0.6119047619047618,positive,0.7619047619047619,False,True,False,False,False,False,False,False,0.0,111,"['VOO', 'NVDA', 'MSFT', 'AAPL', 'AMZN', 'LLY', 'BRK.B', 'JPM', 'TM', 'JNJ', 'UNH', 'VIG', 'AVGO', 'NSRGY', 'AXON', 'TDG', 'VTI', 'VB', 'APH', 'VGT', 'VUG', 'VHT', 'VO', 'BLDR', 'TRGP', 'VTV', 'VYMI', 'SHEL', 'CEG']",TRGP,2024-05-27
MoneyLion and Charter Communications have been highlighted as Zacks Bull and Bear of the Day,MoneyLion and Charter Communications are part of the Zacks Bull and Bear of the Day article.,2024-05-28 11:17:00+00:00,https://www.zacks.com/stock/news/2279844/moneylion-and-charter-communications-have-been-highlighted-as-zacks-bull-and-bear-of-the-day,Zacks Investment Research,0.0,0.0,neutral,0.0,False,False,False,False,False,False,False,False,0.0,186,"['HAL', 'VLO', 'CHTR', 'TRGP', 'ML']",TRGP,2024-05-28
Why Is Sunoco LP (SUN) Down 2.4% Since Last Earnings Report?,Sunoco LP (SUN) reported earnings 30 days ago. What's next for the stock? We take a look at earnings estimates for some clues.,2024-06-07 15:30:53+00:00,https://www.zacks.com/stock/news/2285467/why-is-sunoco-lp-sun-down-24-since-last-earnings-report,Zacks Investment Research,-0.051851851851851864,0.11851851851851852,neutral,0.051851851851851864,True,False,False,False,False,False,False,False,0.0,188,"['SUN', 'TRGP']",TRGP,2024-06-07
Decoding 10 Analyst Evaluations For Targa Resources,"In the latest quarter, 10 analysts provided ratings for Targa Resources (NYSE:TRGP), showcasing a mix of bullish and bearish perspectives.
The table below summarizes their recent ratings, showcasing the evolving sentiments within the past 30 days and comparing them to the preceding months.




Bullish
Somewhat Bullish
Indifferent
Somewhat Bearish
Bearish




Total Ratings
4
6
0
0
0


Last 30D
0
1
0
0
0


1M Ago
0
1
0
0
0


2M Ago
1
3
0
0
0


3M Ago
3
1
0
0
0



Analysts have recently evaluated Targa Resources and provided 12-month price targets. The average target is $125.5, accompanied by a high estimate of $140.00 and a low estimate of $116.00. This current average has increased by 11.95% from the previous average price target of $112.10. 

Investigating Analyst Ratings: An Elaborate Study
The perception of Targa Resources by financial experts is analyzed through recent analyst actions. The following summary presents key analysts, their recent evaluations, and adjustments to ratings and price targets.



Analyst
Analyst Firm
Action Taken
Rating
Current Price Target
Prior Price Target




Jeremy Tonet
JP Morgan
Raises
Overweight
$140.00
$130.00


Elvira Scotto
RBC Capital
Raises
Outperform
$128.00
$123.00


Michael Blum
Wells Fargo
Raises
Overweight
$124.00
$109.00


Selman Akyol
Stifel
Raises
Buy
$130.00
$111.00


Tristan Richardson
Scotiabank
Raises
Sector Outperform
$128.00
$112.00


Christine Cho
Barclays
Raises
Overweight
$122.00
$116.00


John Mackay
Goldman Sachs
Raises
Buy
$117.00
$105.00


Gabriel Moreen
Mizuho
Raises
Buy
$130.00
$105.00


Neal Dingmann
Truist Securities
Raises
Buy
$120.00
$105.00


Christine Cho
Barclays
Raises
Overweight
$116.00
$105.00



Key Insights:

Action Taken: In response to dynamic market conditions and company performance, analysts update their recommendations. Whether they ...Full story available on Benzinga.com",2024-06-07 19:01:25+00:00,https://www.benzinga.com/insights/analyst-ratings/24/06/39234405/decoding-10-analyst-evaluations-for-targa-resources,Benzinga,0.025679012345679014,0.37925925925925924,neutral,0.025679012345679014,False,True,True,False,False,False,False,False,0.0,1936,['TRGP'],TRGP,2024-06-07
AMD To Rally Over 19%? Here Are 10 Top Analyst Forecasts For Monday,"Top Wall Street analysts changed their outlook on these top names. For a complete view of all analyst rating changes, including upgrades and downgrades, please see our analyst ratings page.

Susquehanna boosted the price target for Advanced Micro Devices, Inc. (NASDAQ:AMD) from $185 to $200. Susquehanna analyst Christopher Rolland maintained a Positive rating. AMD shares gained 0.7% to close at $167.87 on Friday. See how other analysts view this stock.
TD Cowen cut the price target for Delek US Holdings, Inc. (NYSE:DK) from $25 to $20. TD Cowen analyst Jason Gabelman downgraded the stock from Hold to Sell. Delek US Holdings shares fell 0.6% to close at $25.28 on Friday. See how other analysts view this stock.
Benchmark increased Boot Barn Holdings, Inc. (NYSE:BOOT) price target from $110 to $140. Benchmark analyst John Lawrence maintained a Buy rating. Boot Barn shares fell 0.5% to close at $128.01 on Friday. See how other analysts view this stock.
Truist Securities raised the ...Full story available on Benzinga.com",2024-06-10 11:54:37+00:00,https://www.benzinga.com/news/24/06/39248002/amd-to-rally-over-19-here-are-10-top-analyst-forecasts-for-monday,Benzinga,0.2252272727272727,0.45704545454545453,positive,0.2252272727272727,False,True,True,False,False,False,False,False,0.0,1100,"['BOOT', 'TNDM', 'ABM', 'AMD', 'CE', 'DK', 'APDN', 'TRGP', 'CHWY', 'DNUT']",TRGP,2024-06-10
"Targa Resources, Inc. (TRGP) is a Top Dividend Stock Right Now: Should You Buy?","Dividends are one of the best benefits to being a shareholder, but finding a great dividend stock is no easy task. Does Targa Resources, Inc. (TRGP) have what it takes? Let's find out.",2024-06-10 15:45:09+00:00,https://www.zacks.com/stock/news/2286165/targa-resources-inc-trgp-is-a-top-dividend-stock-right-now-should-you-buy,Zacks Investment Research,0.47380952380952374,0.5838095238095238,positive,0.47380952380952374,False,True,False,False,False,True,False,False,0.0,265,['TRGP'],TRGP,2024-06-10
Alphabet To Rally Over 28%? Here Are 10 Top Analyst Forecasts For Tuesday,"Top Wall Street analysts changed their outlook on these top names. For a complete view of all analyst rating changes, including upgrades and downgrades, please see our analyst ratings page.

JP Morgan slashed the price target for Nucor Corporation (NYSE:NUE) from $190 to $180. JP Morgan analyst Bill Peterson maintained a Neutral rating. Nucor shares fell 2.3% to close at $157.31 on Monday. See how other analysts view this stock.
Needham increased the price target for PAR Technology Corporation (NYSE:PAR) from $53 to $57. Needham analyst Mayank Tandon maintained a Buy rating. PAR Technology shares gained 6.1% to close at $45.57 on Monday. See how other analysts view this stock.
Wedbush slashed Darden Restaurants, Inc. (NYSE:DRI) price target from $181 to $170. Wedbush analyst Nick Setyan maintained an Outperform rating. Darden shares fell 0.6% to close at $147.68 on Monday. See how other analysts view this stock.
Baird raised the price target for First Solar, ...Full story available on Benzinga.com",2024-06-11 12:53:07+00:00,https://www.benzinga.com/news/24/06/39269848/alphabet-to-rally-over-28-here-are-10-top-analyst-forecasts-for-tuesday,Benzinga,0.20833333333333334,0.41759259259259257,positive,0.20833333333333334,False,True,False,False,False,False,False,False,0.0,1087,"['FRPT', 'FSLR', 'VRTX', 'DRI', 'NUE', 'PAR', 'WDC', 'TRGP', 'GOOGL', 'OCS']",TRGP,2024-06-11
3 Refining & Marketing MLP Stocks That Are Worth a Look,"Following a careful analysis of the Zacks Oil and Gas - Refining & Marketing MLP industry, we advise focusing on companies like TRGP, SUN and NGL,",2024-06-14 11:56:00+00:00,https://www.zacks.com/commentary/2288276/3-refining-marketing-mlp-stocks-that-are-worth-a-look,Zacks Investment Research,0.06666666666666667,0.39999999999999997,neutral,0.06666666666666667,False,False,False,False,False,False,False,False,0.0,203,"['TRGP', 'SUN', 'NGL']",TRGP,2024-06-14
"Targa Resources Corp. to Participate in J.P. Morgan Energy, Power and Renewables Conference","HOUSTON, June  14, 2024  (GLOBE NEWSWIRE) -- Targa Resources Corp. (NYSE: TRGP) (""Targa"" or the ""Company"") announced today that representatives from the Company will participate in investor meetings at the J.P. Morgan Energy, Power and Renewables Conference in New York City on Tuesday, June 18, 2024.",2024-06-14 21:01:00+00:00,https://www.globenewswire.com/news-release/2024/06/14/2899200/14074/en/Targa-Resources-Corp-to-Participate-in-J-P-Morgan-Energy-Power-and-Renewables-Conference.html,GlobeNewswire Inc.,0.13636363636363635,0.45454545454545453,positive,0.13636363636363635,False,False,False,False,False,False,False,False,0.0,394,['TRGP'],TRGP,2024-06-14
"Zacks Industry Outlook Highlights Targa Resources, Sunoco LP and NGL Energy Partners","Targa Resources, Sunoco LP and NGL Energy Partners are part of the Zacks Industry Outlook article.",2024-06-17 11:50:00+00:00,https://www.zacks.com/stock/news/2288981/zacks-industry-outlook-highlights-targa-resources-sunoco-lp-and-ngl-energy-partners,Zacks Investment Research,0.0,0.0,neutral,0.0,False,False,False,False,False,False,False,False,0.0,184,"['SUN', 'NGL', 'TRGP']",TRGP,2024-06-17
Targa Resources Corp. Announces Organizational Changes,"HOUSTON, June  24, 2024  (GLOBE NEWSWIRE) -- Targa Resources Corp. (NYSE: TRGP) (“Targa” or the “Company”) announced today the following organizational changes, with the changes approved by Targa’s Board of Directors effective July 22, 2024. As part of Targa’s long-term development plans, Jennifer R. Kneale, current Chief Financial Officer (“CFO”), will become President - Finance and Administration. Jen will continue to report to Matthew J. Meloy, Targa’s Chief Executive Officer. William A. Byers will join Targa as Chief Financial Officer, reporting to Jen. Will previously served as CFO at Manchester Energy, LLC (“Manchester”) and Executive Vice President and CFO at Navitas Midstream Partners, LLC (“Navitas”).",2024-06-24 20:13:00+00:00,https://www.globenewswire.com/news-release/2024/06/24/2903353/14074/en/Targa-Resources-Corp-Announces-Organizational-Changes.html,GlobeNewswire Inc.,0.07222222222222223,0.24444444444444446,neutral,0.07222222222222223,False,False,False,False,False,False,True,False,0.0,775,['TRGP'],TRGP,2024-06-24
Decoding 12 Analyst Evaluations For Targa Resources,"12 analysts have shared their evaluations of Targa Resources (NYSE:TRGP) during the recent three months, expressing a mix of bullish and bearish perspectives.
In the table below, you'll find a summary of their recent ratings, revealing the shifting sentiments over the past 30 days and comparing them to the previous months.




Bullish
Somewhat Bullish
Indifferent
Somewhat Bearish
Bearish




Total Ratings
6
6
0
0
0


Last 30D
1
0
0
0
0


1M Ago
2
2
0
0
0


2M Ago
0
2
0
0
0


3M Ago
3
2
0
0
0



The 12-month price targets, analyzed by analysts, offer insights with an average target of $130.92, a high estimate of $147.00, and a low estimate of $117.00. This upward trend is apparent, with the current average reflecting a 12.43% increase from the previous average price target of $116.45.

Analyzing Analyst Ratings: A Detailed Breakdown
The perception of Targa Resources by financial experts is analyzed through recent analyst actions. The following summary presents key analysts, their recent evaluations, and adjustments to ratings and price targets.



Analyst
Analyst Firm
Action Taken
Rating
Current Price Target
Prior Price Target




John Staszak
Argus Research
Announces
Buy
$140.00
-


Shneur Gershuni
UBS
Raises
Buy
$147.00
$116.00


Robert Kad
Morgan Stanley
Raises
Overweight
$140.00
$134.00


Neal Dingmann
Truist Securities
Raises
Buy
$125.00
$120.00


Jeremy Tonet
JP Morgan
Raises
Overweight
$140.00
$130.00


Elvira Scotto
RBC Capital
Raises
Outperform
$128.00
$123.00


Michael Blum
Wells Fargo
Raises
Overweight
$124.00
$109.00


Selman Akyol
Stifel
Raises
Buy
$130.00
$111.00


Tristan Richardson
Scotiabank
Raises
Sector Outperform
$128.00
$112.00


Christine Cho
Barclays
Raises
Overweight
$122.00
$116.00


John Mackay
Goldman Sachs
Raises
Buy
$117.00
$105.00


Gabriel Moreen
Mizuho
Raises
Buy
$130.00
$105.00



Key Insights:

Action Taken: Analysts adapt their recommendations to changing market conditions ...Full story available on Benzinga.com",2024-06-26 13:00:44+00:00,https://www.benzinga.com/insights/analyst-ratings/24/06/39501373/decoding-12-analyst-evaluations-for-targa-resources,Benzinga,-0.0008641975308641969,0.3496296296296297,neutral,0.0008641975308641969,False,True,True,False,False,False,False,False,0.0,2032,['TRGP'],TRGP,2024-06-26
"Why Targa Resources, Inc. (TRGP) is a Top Dividend Stock for Your Portfolio","Dividends are one of the best benefits to being a shareholder, but finding a great dividend stock is no easy task. Does Targa Resources, Inc. (TRGP) have what it takes? Let's find out.",2024-06-26 15:45:12+00:00,https://www.zacks.com/stock/news/2293814/why-targa-resources-inc-trgp-is-a-top-dividend-stock-for-your-portfolio,Zacks Investment Research,0.5208333333333333,0.5958333333333333,positive,0.5208333333333333,False,False,False,False,False,True,False,False,0.0,261,['TRGP'],TRGP,2024-06-26
3 Broker-Recommended Stocks That Energy Investors Must Track,"Considering the unpredictability and volatility of the energy space, we advise focusing on broker-favored stocks like Halliburton (HAL), Valero Energy (VLO) and Targa Resources (TRGP).",2024-07-02 12:39:00+00:00,https://www.zacks.com/stock/news/2296125/3-broker-recommended-stocks-that-energy-investors-must-track,Zacks Investment Research,0.0,0.0,neutral,0.0,False,False,False,False,False,False,False,False,0.0,246,"['HAL', 'VLO', 'TRGP']",TRGP,2024-07-02
Like Enterprise Products Partners But Want More Growth? You Should Check Out This Higher-Octane Rival. - The Motley Fool,"Enterprise Products Partners is a steady, high-yielding MLP, while Targa Resources offers higher growth potential with faster earnings, free cash flow, and dividend growth, making it a better option for those seeking faster wealth growth.",2024-07-05 09:44:00+00:00,https://www.fool.com/investing/2024/07/05/like-enterprise-products-partners-but-want-more-gr/,The Motley Fool,0.3145833333333334,0.5875,positive,0.3145833333333334,True,False,False,False,True,True,False,False,0.0,360,"['EPD', 'TRGP']",TRGP,2024-07-05
Are You Looking for a High-Growth Dividend Stock?,"Targa Resources, Inc. is a Houston-based company in the Oils-Energy sector. The stock has seen a 51.46% price increase since the start of the year. The company has a dividend yield of 2.28%, which is lower than the industry average but higher than the S&P 500 average. Targa Resources' dividend has grown by 15.22% annually over the last 5 years, and the company is expected to see solid earnings growth in 2024.",2024-07-29 15:45:06+00:00,https://www.zacks.com/stock/news/2311128/are-you-looking-for-a-high-growth-dividend-stock?cid=CS-ZC-FT-tale_of_the_tape|yseop_template_5-2311128,Zacks Investment Research,-0.024999999999999998,0.3111111111111111,neutral,0.024999999999999998,True,False,True,False,False,True,False,False,0.0,463,['TRGP'],TRGP,2024-07-29
Should Vanguard Small-Cap Growth ETF (VBK) Be on Your Investing Radar?,"The Vanguard Small-Cap Growth ETF (VBK) provides broad exposure to the small-cap growth segment of the US equity market. It has low costs, diversified holdings, and a medium risk profile, making it a suitable option for investors seeking exposure to this market segment.",2024-07-30 10:20:07+00:00,https://www.zacks.com/stock/news/2311492/should-vanguard-small-cap-growth-etf-vbk-be-on-your-investing-radar?cid=CS-ZC-FT-style_box_etf-2311492,Zacks Investment Research,0.2041666666666667,0.45416666666666666,positive,0.2041666666666667,False,False,False,False,False,False,False,False,0.0,342,"['TRGP', 'AAXN', 'AXON', 'DECK', 'IJT', 'IWO', 'VBK']",TRGP,2024-07-30
Targa Resources Corp. Prices $1.0 Billion Offering of Senior Notes,"Targa Resources Corp. announced the pricing of a $1.0 billion public offering of 5.500% Senior Notes due 2035. The company plans to use the net proceeds for general corporate purposes, including repaying borrowings under its commercial paper program and a prior term loan facility.",2024-08-06 19:59:00+00:00,https://www.globenewswire.com/news-release/2024/08/06/2925383/14074/en/Targa-Resources-Corp-Prices-1-0-Billion-Offering-of-Senior-Notes.html,GlobeNewswire Inc.,-0.010714285714285713,0.13452380952380952,neutral,0.010714285714285713,False,False,False,False,False,False,False,False,0.0,349,['TRGP'],TRGP,2024-08-06
Targa Resources Corp. to Participate in Barclays CEO Energy & Power Conference,"Targa Resources Corp. announced that it will participate in investor meetings at the Barclays CEO Energy & Power Conference on September 4, 2024. The company is a leading provider of midstream services and one of the largest independent midstream infrastructure companies in North America.",2024-08-30 11:00:00+00:00,https://www.globenewswire.com/news-release/2024/08/30/2938423/14074/en/Targa-Resources-Corp-to-Participate-in-Barclays-CEO-Energy-Power-Conference.html,GlobeNewswire Inc.,0.0,0.125,neutral,0.0,False,False,False,False,False,False,True,False,0.0,369,['TRGP'],TRGP,2024-08-30
These High-Yield Dividend Stocks Are Turning to Acquisitions to Supercharge Their Growth Engines,Several pipeline companies have made accretive acquisitions to enhance their existing assets and increase their high-yielding dividends. The midstream sector's consolidation wave is expected to continue as companies seek to grow through M&A.,2024-09-07 08:45:00+00:00,https://www.fool.com/investing/2024/09/07/these-high-yield-dividend-stocks-are-turning-to-ac/?source=iedfolrf0000001,The Motley Fool,-0.05,0.2,neutral,0.05,False,True,True,False,False,True,False,False,0.0,339,"['ET', 'ETpI', 'OKE', 'EPD', 'WMB', 'TRGP', 'WES']",TRGP,2024-09-07
"Kayne Anderson Energy Infrastructure Fund Provides Unaudited Balance Sheet Information and Announces Its Net Asset Value and Asset Coverage Ratios at September 30, 2024","The Kayne Anderson Energy Infrastructure Fund reported its unaudited balance sheet, net asset value, and asset coverage ratios as of September 30, 2024. The fund's net assets were $2.1 billion, with a net asset value per share of $12.37. The fund's asset coverage ratios were 632% for senior securities and 456% for total leverage.",2024-10-01 21:51:00+00:00,https://www.globenewswire.com/news-release/2024/10/01/2956637/0/en/Kayne-Anderson-Energy-Infrastructure-Fund-Provides-Unaudited-Balance-Sheet-Information-and-Announces-Its-Net-Asset-Value-and-Asset-Coverage-Ratios-at-September-30-2024.html,GlobeNewswire Inc.,0.0,0.15,neutral,0.0,False,False,True,False,False,False,False,False,0.0,501,"['WMB', 'MPLX', 'ET', 'ETpI', 'EPD', 'OKE', 'TRGP', 'LNG', 'WES', 'EP', 'EPpC', 'KMI', 'PBA']",TRGP,2024-10-01
Targa Resources Corp. Announces Quarterly Dividend and Timing of Third Quarter 2024 Earnings Webcast,"Targa Resources Corp. announced a quarterly cash dividend of $0.75 per common share for the third quarter of 2024 and will report its financial results on November 5, 2024.",2024-10-10 21:00:43+00:00,https://www.benzinga.com/pressreleases/24/10/g41282219/targa-resources-corp-announces-quarterly-dividend-and-timing-of-third-quarter-2024-earnings-webcas,Benzinga,-0.075,0.125,neutral,0.075,True,False,False,False,False,True,False,False,0.0,274,['TRGP'],TRGP,2024-10-10
"Kayne Anderson Energy Infrastructure Fund Provides Unaudited Balance Sheet Information and Announces Its Net Asset Value and Asset Coverage Ratios at October 31, 2024","The Kayne Anderson Energy Infrastructure Fund reported its unaudited balance sheet, net asset value, and asset coverage ratios as of October 31, 2024. The fund's net assets were $2.2 billion, with a net asset value per share of $12.97. The fund's asset coverage ratios were 675% for senior securities and 483% for total leverage.",2024-11-01 22:35:00+00:00,https://www.globenewswire.com/news-release/2024/11/01/2973596/0/en/Kayne-Anderson-Energy-Infrastructure-Fund-Provides-Unaudited-Balance-Sheet-Information-and-Announces-Its-Net-Asset-Value-and-Asset-Coverage-Ratios-at-October-31-2024.html,GlobeNewswire Inc.,0.0,0.15,neutral,0.0,False,False,True,False,False,False,False,False,0.0,497,"['WMB', 'ET', 'ETpI', 'MPLX', 'EPD', 'OKE', 'TRGP', 'LNG', 'EP', 'EPpC', 'KMI', 'WES', 'PBA']",TRGP,2024-11-01
Targa Resources Corp. to Participate in BofA Securities Global Energy Conference,"Targa Resources Corp. announced that it will participate in investor meetings at the BofA Securities Global Energy Conference in Houston, TX on November 13, 2024. The company is a leading provider of midstream services and one of the largest independent midstream infrastructure companies in North America.",2024-11-11 22:00:00+00:00,https://www.globenewswire.com/news-release/2024/11/11/2978607/14074/en/Targa-Resources-Corp-to-Participate-in-BofA-Securities-Global-Energy-Conference.html,GlobeNewswire Inc.,0.0,0.041666666666666664,neutral,0.0,False,False,True,False,False,False,False,False,0.0,388,['TRGP'],TRGP,2024-11-11
"3 No-Brainer Energy Stocks to Buy With $1,000 Right Now","The article discusses how a surge in power demand in the U.S. over the next decade will benefit natural gas infrastructure stocks like Kinder Morgan, Williams, and Targa Resources. These companies are well-positioned to grow their earnings and dividends as they expand their natural gas pipeline and processing networks to meet the increased demand.",2024-11-21 10:28:00+00:00,https://www.fool.com/investing/2024/11/21/3-no-brainer-energy-stocks-to-buy-with-1000-right/?source=iedfolrf0000001,The Motley Fool,0.12142857142857141,0.33392857142857146,positive,0.12142857142857141,True,True,False,False,False,True,False,False,0.0,406,"['EP', 'EPpC', 'KMI', 'WMB', 'TRGP']",TRGP,2024-11-21
7 US Natural Gas Stocks To Watch As Henry Hub Prices Surge 50% In November,"U.S. natural gas prices have surged 50% in November, reaching $3.40/MMBtu - the highest level in over a year. This has led to a rally in natural gas stocks like EQT, Cheniere Energy, and Kinder Morgan, which are poised to benefit from higher prices and increased demand.",2024-11-21 16:59:57+00:00,https://www.benzinga.com/news/global/24/11/42118286/7-us-natural-gas-stocks-to-watch-as-henry-hub-prices-surge-50-in-november,Benzinga,0.1375,0.42500000000000004,positive,0.1375,False,False,False,False,False,False,False,False,0.0,346,"['AR', 'EQT', 'OKE', 'TRGP', 'EP', 'EPpC', 'KMI', 'LNG', 'WMB']",TRGP,2024-11-21
This Energy Stock Rocketed More Than 100% in 2024. Does It Have the Fuel to Continue Rallying in 2025?,"Targa Resources, a midstream energy company, saw its stock price surge over 105% in 2024 due to strong demand and expansion projects. The company is expected to continue growing in 2025 with lower capital spending, allowing it to return more cash to shareholders.",2024-12-29 11:28:00+00:00,https://www.fool.com/investing/2024/12/29/this-energy-stock-rocketed-more-than-100-in-2024-d/?source=iedfolrf0000001,The Motley Fool,0.2416666666666667,0.5016666666666667,positive,0.2416666666666667,False,False,False,False,False,False,False,False,0.0,367,['TRGP'],TRGP,2024-12-29
