title,description,published_utc,article_url,publisher,sentiment_polarity,sentiment_subjectivity,sentiment_label,sentiment_confidence,keywords_earnings,keywords_acquisition,keywords_regulation,keywords_partnership,keywords_product,keywords_financial,keywords_leadership,keywords_lawsuit,urgency_score,text_length,tickers,ticker,date
"Dow, S&P Jump Over 3% on Encouraging Vaccine Data","Dow, S&P Jump Over 3% on Encouraging Vaccine Data",2020-05-19 13:15:00+00:00,https://www.zacks.com/registration/ultimatetrader/welcome/eoffer/30c3?adid=ZU_CONTENT_SYND&cid=CS-ZC-FT-zucommentary-25390,Zacks Investment Research,0.0,0.0,neutral,0.0,False,False,False,False,False,False,False,False,0.0,100,"['CVX', 'COG', 'SIMO', 'GSKY', 'AINV', 'NVDA', 'SDOW', 'SPXS', 'NOMD', 'CNX', 'FLO', 'HUM', 'HEXO', 'CCL', 'UAL', 'DAL', 'LUV', 'C', 'WFC', 'BAC', 'JPM', 'MRNA', 'WMT', 'HD']",UAL,2020-05-19
Dow Jumps Over 2% for Another Strong Start to the Week,Dow Jumps Over 2% for Another Strong Start to the Week,2020-05-27 13:15:00+00:00,https://www.zacks.com/registration/ultimatetrader/welcome/eoffer/30c3?adid=ZU_CONTENT_SYND&cid=CS-ZC-FT-zucommentary-25457,Zacks Investment Research,0.4333333333333333,0.7333333333333333,positive,0.4333333333333333,False,False,False,False,False,False,False,False,0.0,110,"['RHP', 'APTV', 'INCY', 'TWTR', 'BERY', 'HUM', 'DVA', 'KR', 'TNK', 'UNFI', 'DG', 'W', 'VIRT', 'VST', 'ASC', 'MGIC', 'MAXR', 'ALT', 'C', 'WFC', 'BAC', 'JPM', 'CCL', 'UAL', 'AAL', 'DAL', 'GOOG', 'MRNA', 'NVAX', 'MRK', 'AAPL']",UAL,2020-05-27
Stocks Jump More Than 1% on Revived Stimulus Hopes,Stocks Jump More Than 1% on Revived Stimulus Hopes,2020-10-08 14:15:00+00:00,https://www.zacks.com/registration/ultimatetrader/welcome/eoffer/30c3?adid=ZU_CONTENT_SYND&cid=CS-ZC-FT-zucommentary-26906,Zacks Investment Research,0.5,0.5,positive,0.5,False,False,False,False,False,False,False,False,0.0,102,"['WSO', 'EGAN', 'ZS', 'MODN', 'G', 'NTLA', 'QDEL', 'AAL', 'UAL', 'CCL', 'RCL', 'NFLX', 'AMZN', 'AAPL']",UAL,2020-10-08
Market Rises for Third Time in Four Days,Market Rises for Third Time in Four Days,2020-10-09 14:15:00+00:00,https://www.zacks.com/registration/ultimatetrader/welcome/eoffer/30c3?adid=ZU_CONTENT_SYND&cid=CS-ZC-FT-zucommentary-26920,Zacks Investment Research,0.0,0.0,neutral,0.0,False,False,False,False,False,False,False,False,0.0,82,"['RPD', 'LOGI', 'LASR', 'DSGX', 'FFIN', 'THO', 'LL', 'UCTT', 'KEYS', 'CGC', 'UAL', 'DAL', 'LUV']",UAL,2020-10-09
Dow Plunges 650 Points as Coronavirus Cases Jump,Dow Plunges 650 Points as Coronavirus Cases Jump,2020-10-27 14:15:00+00:00,https://www.zacks.com/registration/ultimatetrader/welcome/eoffer/30c3?adid=ZU_CONTENT_SYND&cid=CS-ZC-FT-zucommentary-27101,Zacks Investment Research,0.0,0.0,neutral,0.0,False,False,False,False,False,False,False,False,0.0,98,"['SNDR', 'HRI', 'WMT', 'JBL', 'CHRW', 'HBI', 'KBR', 'SEE', 'COP', 'STNE', 'TWTR', 'RCL', 'CCL', 'UAL', 'AAL', 'MSFT', 'AMD', 'AAPL', 'FB', 'AMZN', 'GOOG']",UAL,2020-10-27
Wall Street Breakfast: Up In Smoke,"Listen on the go! A daily podcast of Wall Street Breakfast will be available by 8:00 a.m. on Seeking Alpha, iTunes, Stitcher and Spotify.",2021-04-20 11:18:30+00:00,https://seekingalpha.com/article/4419960-wall-street-breakfast-up-in-smoke?source=feed,Seeking Alpha,0.2,0.2,positive,0.2,False,False,False,False,False,False,False,False,0.0,173,"['TWTR', 'MO', 'PM', 'JNJ', 'LMT', 'PG', 'NFLX', 'KO', 'HOG', 'UAL', 'IBM', 'AAPL', 'GOOG', 'GOOGL', 'AMZN', 'AVAV', 'NVDA', 'FB', 'MCD', 'PYPL', 'XOM', 'TSLA', 'COIN']",UAL,2021-04-20
American Airlines Earnings: High Costs Mar Revenue Recovery,"The airline giant is consistently losing more money than its top rivals, even though its revenue has recovered faster over the past year.",2021-04-23 12:22:00+00:00,https://www.fool.com/investing/2021/04/23/american-airlines-earnings-high-costs-mar-revenue/?source=iedfolrf0000001,The Motley Fool,0.16571428571428573,0.4342857142857143,positive,0.16571428571428573,True,False,False,False,False,False,False,False,0.0,198,"['AAL', 'UAL', 'DAL']",UAL,2021-04-23
United Airlines (UAL) to Add Over 480 Domestic Flights for June,"Anticipating an increase in air-travel demand during summers, United Airlines (UAL) intends to offer more than 3,100 daily domestic flights on average to over 240 U.S. destinations in June.",2021-04-26 12:30:00+00:00,http://www.zacks.com/stock/news/1456044/united-airlines-ual-to-add-over-480-domestic-flights-for-june?cid=CS-ZC-FT-analyst_blog|company_news_-_corporate_actions-1456044,Zacks Investment Research,0.06999999999999999,0.21999999999999997,neutral,0.06999999999999999,False,False,False,False,False,False,False,False,0.0,254,"['UAL', 'LSTR', 'NMM', 'CVLG']",UAL,2021-04-26
American Airlines Covered Call Could Protect Gains If Profit-Taking Weighs,,2021-04-28 13:17:00+00:00,https://www.investing.com/analysis/american-airlines-covered-call-could-protect-gains-if-profittaking-weighs-200575808,Investing.com,0.0,0.0,neutral,0.0,True,False,False,False,False,False,False,False,0.0,76,"['AAL', 'DAL', 'UAL', 'JETS']",UAL,2021-04-28
"May Outlook: A Very Different May Day Than A Year Ago As Economic, Earnings Strength Eyed","What a difference a year makes.
Unlike last May, there’s arguably lots to look forward to as vaccinations gain steam. People are back at baseball stadiums, and the Kentucky Derby and Memorial Day picnics loom. Oh yeah, we’ve also got the April jobs report straight ahead.
OK, so maybe jobs data aren’t as exciting as a famous race or a full picnic basket after a year without many fun events. Having said that, the April non-farm payrolls data scheduled for Friday, May 7, could help set the tone in a big way for stocks and bonds this coming month, which makes it more than just another hum-drum economic report.
Payrolls, along with the aftermath of April’s Federal Open Market Committee (FOMC) meeting, could affect trading in the days and weeks ahead, giving a sense of whether jobs strength continued from March and if it’s strong enough to get investors worrying more about potential economic overheating.
There’s a lot to May beyond the jobs report and anything Fed governors may say in their upcoming presentations, but it’s hard to argue those aren’t two key factors. Other things to watch include continued Q1 earnings, progress fighting the pandemic both in the U.S. and overseas, any developments with the Biden infrastructure plan, and any news in what’s been an active M&A scene.

FIGURE 1: TECH OUTPACED. This year-to-date chart of the S&P 500 Index (SPX—  candlestick) vs. the Nasdaq-100 (NDX—purple line) shows the broader market generally out-pacing the Tech-heavy NDX so far in 2021. Does this pattern continue in May, or can Tech find new traction? Data Sources: Nasdaq, S&P Dow Jones Indices. Chart source: The thinkorswim® platform. For illustrative purposes only. Past performance does not guarantee future results.
From Famine To Feast With Employment Data
Last May started off with whatever the opposite of a “bang” might be. The April payrolls report released then showed more than 20 million Americans losing their jobs and the unemployment rate skyrocketing to 14.7%. We were all basically at the mercy of an unseen enemy.
Fast-forward to this March. Job growth hit 916,000 and the unemployment rate fell to 6%. That rate is still way above pre-pandemic unemployment, and you can’t forget that millions remain jobless. Even considering all that, it was a really good sign of improvement that could set the stage to see if positive growth continued into April.
Early signals look solid. We’ve just seen two of the lowest initial weekly jobless claims data since before Covid, at under 600,000. That’s still a lot, but remember it was over a million for a while last year. It’s early to make predictions on April payrolls, but these newer numbers continue to see the trend move in the right direction and that’s what you want.
The question is whether another huge payrolls number—which isn’t assured, in part because some March gains might have reflected hiring delays from weather-related ...Full story available on Benzinga.com",2021-04-28 14:04:37+00:00,https://www.benzinga.com/news/earnings/21/04/20838606/may-outlook-a-very-different-may-day-than-a-year-ago-as-economic-earnings-strength-eyed,Benzinga,0.1564246359700905,0.44297077922077926,positive,0.1564246359700905,True,False,False,False,True,False,False,False,0.0,3046,"['AMZN', 'BBBY', 'CME', 'NFLX', 'CSX', 'DE', 'KMB', 'KO', 'PFE', 'WMT', 'UAL', 'TMUS', 'UBER', 'LYFT', 'MRNA']",UAL,2021-04-28
JetBlue Airways (JBLU) Posts Q1 Loss Amid Coronavirus Woes,Low passenger revenues hurt JetBlue's (JBLU) Q1 results.,2021-04-28 16:18:00+00:00,http://www.zacks.com/stock/news/1468452/jetblue-airways-jblu-posts-q1-loss-amid-coronavirus-woes?cid=CS-ZC-FT-analyst_blog|earnings_article-1468452,Zacks Investment Research,0.0,0.3,neutral,0.0,True,False,False,False,False,False,False,False,0.0,116,"['JBLU', 'DAL', 'UAL', 'AAL']",UAL,2021-04-28
"Airline Stock Roundup: AAL, LUV & Others Report Q1 Loss Amid Coronavirus Woes","The year-over-year decline in passenger revenues hurts the Q1 results of American Airlines (AAL), Alaska Air Group (ALK), Southwest Airlines (LUV), Spirit Airlines (SAVE) and JetBlue (JBLU).",2021-04-28 16:46:00+00:00,http://www.zacks.com/stock/news/1468569/airline-stock-roundup-aal-luv-others-report-q1-loss-amid-coronavirus-woes?cid=CS-ZC-FT-analyst_blog|stock_roundup-1468569,Zacks Investment Research,0.0,0.0,neutral,0.0,True,False,False,False,False,False,False,False,0.0,269,"['LUV', 'JBLU', 'DAL', 'UAL', 'AAL', 'SKYW', 'ALK', 'SAVE']",UAL,2021-04-28
Airlines Earnings Mixed: What Lies ahead of ETF?,How will airlines ETF perform ahead as earnings came in mixed and fuel rise is a concern.,2021-04-28 18:30:00+00:00,http://www.zacks.com/stock/news/1468713/airlines-earnings-mixed-what-lies-ahead-of-etf?cid=CS-ZC-FT-etf_news_and_commentary-1468713,Zacks Investment Research,0.0,0.25,neutral,0.0,True,False,False,False,False,False,False,False,0.0,139,"['LUV', 'JBLU', 'DAL', 'UAL', 'AAL', 'ALK', 'JETS']",UAL,2021-04-28
"SkyWest (SKYW) Q1 Earnings Miss Estimates, Increase Y/Y","Coronavirus-led reduction in the number of scheduled flights weighs on SkyWest's (SKYW) Q1 results. However, drop in operating expenses supports the bottom line.",2021-04-30 13:19:00+00:00,http://www.zacks.com/stock/news/1479010/skywest-skyw-q1-earnings-miss-estimates-increase-y-y?cid=CS-ZC-FT-analyst_blog|earnings_article-1479010,Zacks Investment Research,0.0,0.0,neutral,0.0,True,False,False,False,False,False,False,False,0.0,218,"['LUV', 'UAL', 'SKYW', 'ALK']",UAL,2021-04-30
10 Key Takeaways From Warren Buffett and Charlie Munger at Berkshire Hathaway's 2021 Shareholder Meeting,The dynamic duo was back in action and had plenty to share.,2021-05-01 23:00:00+00:00,https://www.fool.com/investing/2021/05/01/10-key-takeaways-from-warren-buffett-and-charlie-m/?source=iedfolrf0000001,The Motley Fool,0.025,0.3166666666666667,neutral,0.025,False,False,False,False,False,False,False,False,0.0,165,"['BRK.B', 'BRK.A', 'AAPL', 'TSLA', 'LUV', 'UAL', 'AXP', 'DAL', 'AAL', 'BTC']",UAL,2021-05-01
"Gol Linhas' (GOL) Q1 Loss Wider Than Expected, Revenues Miss",Gol Linhas' (GOL) Q1 results are hurt by significant decline in passenger revenues due to coronavirus-led travel demand woes.,2021-05-03 13:22:00+00:00,http://www.zacks.com/stock/news/1493620/gol-linhas-gol-q1-loss-wider-than-expected-revenues-miss?cid=CS-ZC-FT-analyst_blog|earnings_article-1493620,Zacks Investment Research,0.05000000000000001,0.5499999999999999,neutral,0.05000000000000001,True,False,False,False,False,False,False,False,0.0,187,"['LUV', 'GOL', 'UAL', 'ALK']",UAL,2021-05-03
U.S. Airlines' Q1 Earnings Show Progress: Rosy Days Ahead?,Focus on cargo revenues boosts the top lines of carriers like American Airlines (AAL) and United Airlines (UAL) in Q1.,2021-05-03 16:08:00+00:00,http://www.zacks.com/stock/news/1494360/us-airlines-q1-earnings-show-progress-rosy-days-ahead?cid=CS-ZC-FT-analyst_blog|industry_focus-1494360,Zacks Investment Research,0.25,0.25,positive,0.25,True,False,False,False,False,False,False,False,0.0,178,"['LUV', 'JBLU', 'DAL', 'UAL', 'AAL', 'ALGT', 'ALK']",UAL,2021-05-03
Mixed Q1 Earnings Put Transport ETFs in Focus,Total earnings for the sector that have been reported so far are down 181.3% on 7.8% lower revenues.,2021-05-04 15:15:00+00:00,http://www.zacks.com/stock/news/1499253/mixed-q1-earnings-put-transport-etfs-in-focus?cid=CS-ZC-FT-etf_news_and_commentary-1499253,Zacks Investment Research,-0.013888888888888895,0.5722222222222222,neutral,0.013888888888888895,True,False,True,False,False,False,False,False,0.0,147,"['UNP', 'KSU', 'UPS', 'DAL', 'NSC', 'UAL', 'JBHT', 'IYT', 'XTN', 'FTXR']",UAL,2021-05-04
Why Airline Stocks Are Falling Today,This industry doesn't want to see a rate hike.,2021-05-04 19:39:00+00:00,https://www.fool.com/investing/2021/05/04/why-airline-stocks-are-falling-today/?source=iedfolrf0000001,The Motley Fool,0.0,0.0,neutral,0.0,False,False,False,False,False,False,False,False,0.0,84,"['DAL', 'UAL', 'AAL']",UAL,2021-05-04
Copa Holdings (CPA) Incurs Narrower-Than-Expected Loss in Q1,Copa Holdings' (CPA) Q1 results are hurt by 69.9% year over year decline in passenger revenues due to the effects of coronavirus on the aviation industry.,2021-05-06 16:03:00+00:00,http://www.zacks.com/stock/news/1510923/copa-holdings-cpa-incurs-narrower-than-expected-loss-in-q1?cid=CS-ZC-FT-analyst_blog|earnings_article-1510923,Zacks Investment Research,-0.125,0.375,negative,0.125,True,False,False,False,False,False,False,False,0.0,216,"['LUV', 'UAL', 'CPA', 'ALK']",UAL,2021-05-06
American Airlines Courts Danger With Partnership Strategy,"JetBlue may be helping American Airlines today, but its long-term expansion plans could turn it into a dangerous competitor in a few years.",2021-05-09 16:12:00+00:00,https://www.fool.com/investing/2021/05/09/american-airlines-courts-danger-with-partnership-s/?source=iedfolrf0000001,The Motley Fool,-0.2,0.25,negative,0.2,False,False,False,True,False,False,False,True,0.0,198,"['AAL', 'JBLU', 'UAL', 'DAL', 'ALK']",UAL,2021-05-09
Should You Invest in the U.S. Global Jets ETF (JETS)?,Sector ETF report for JETS,2021-05-10 10:20:03+00:00,http://www.zacks.com/stock/news/1529115/should-you-invest-in-the-us-global-jets-etf-jets?cid=CS-ZC-FT-sector_etf-1529115,Zacks Investment Research,0.0,0.0,neutral,0.0,False,False,True,False,False,False,False,False,0.0,81,"['JETS', 'LUV', 'UAL', 'AAL', 'IYT', 'FTXR']",UAL,2021-05-10
3 Airline Stocks to Watch out for Despite Industry Headwinds,3 Airline Stocks to Watch out for Despite Industry Headwinds,2021-05-10 15:01:00+00:00,http://www.zacks.com/commentary/1529565/3-airline-stocks-to-watch-out-for-despite-industry-headwinds?cid=CS-ZC-FT-industry_outlook-1529565,Zacks Investment Research,0.0,0.0,neutral,0.0,False,False,False,False,False,False,False,False,0.0,122,"['UAL', 'LUV', 'JBLU', 'DAL', 'ALK', 'ALGT', 'AAL']",UAL,2021-05-10
United Airlines (UAL) to Reduce India Flights on COVID-19 Spike,United Airlines (UAL) intends to temporarily suspend its Chicago-New Delhi flights and postpone the launch of its San Francisco-Bangalore flights as coronavirus cases surge in India.,2021-05-11 13:37:00+00:00,http://www.zacks.com/stock/news/1535630/united-airlines-ual-to-reduce-india-flights-on-covid-19-spike?cid=CS-ZC-FT-analyst_blog|company_news_-_corporate_actions-1535630,Zacks Investment Research,0.0,0.0,neutral,0.0,False,False,False,False,True,False,False,False,0.0,247,"['UPS', 'CHRW', 'UAL', 'ARCB']",UAL,2021-05-11
Companies In Desperate Hunt For Aircraft To Move Cargo,"The airfreight market is so saturated that companies without precommitments, or the stomach to pay premiums, are having difficulty finding aircraft to move their goods. And import cargo keeps coming, on top of record volumes for air and ocean shipping, further straining an air logistics system stretched by a shortage of equipment and airport labor.

Logistics professionals and analysts say capacity is rapidly tightening as more shippers turn to air for cross-border transport, sending air cargo rates sharply higher. The market is already running at peak levels five months before peak season normally starts. 

Shipping demand is high across the board, from manufacturing and pharmaceuticals to e-commerce, electronics and food products. The IHS Purchasing Managers' Index for the U.S. reached 63.7 before ticking down last week, showing the steepest expansion for the manufacturing sector since 2007. On a global basis, manufacturing reached a 10-year high in March of 55 (readings above 50 signal growth) and global export orders rose to 53.4 from 51 in February. 

The PMI is a leading indicator for airfreight tonnage, which means that more manufactured goods are likely to be moved by air during the second quarter. 

The International Air Transport Association now forecasts air cargo demand for 2021 will increase 13% from last year and be 2.8% above the 2019 total.

""There has been a big bounce back from the slowdown we saw in March with prices strengthening, driven by demand outstripping capacity in several markets, with some lanes recording higher pricing levels versus the highs seen in 2020,"" said Gareth Sinclair, a revenue management adviser at price data provider TAC Index, in a monthly industry update.

The sticking point is the limited number of international passenger flights as travel remains muted over COVID concerns. Long-haul routes typically use widebody aircraft that collectively carry more than 50% of global volumes in their holds. But international travel demand through March was 88% below precrisis levels, with little improvement from the fourth quarter of last year, IATA reported last week. Even though there are about 1,100 pure freighters flying today — about 240 more than at the start of 2020 — it's not enough to make up for the 39% loss of cargo capacity in passenger aircraft. 

High load factors are a direct indicator of the constrained space for air cargo. Aircraft are 71% filled with cargo, based on a dimensional weight calculation, 10 points higher than in 2019 and 4 points above last year's level, according to a new report from CLIVE Data Services.


	
	


After stalling in March, global air cargo volumes moved up again in April. (Source: CLIVE Data Services)

Air cargo volumes grew 1% in April compared to 2019 after dipping 3% in March and was up 84% year-over-year. Growth accelerated in the second half of the month, with demand 6% above the same period two years ago, it said.

Most analysts are normalizing results against the two-year benchmark because 2020 was distorted by a rare pandemic that caused global trade to shrivel when economies shut down for public safety.

Although cargo throughput is nearly the same as in 2019, overall capacity is 18% lower. 

And the capacity gap could widen because international airlines won't augment their fleets as they normally do for the busy summer season, said CLIVE Managing Director Niall van de Wouw.

For its part, IATA said March air cargo demand exceeded pre-COVID levels by 4.4%, a slowdown from the heady 9% growth in February against the 2019 benchmark, but the highest March demand since measurements began in 1990. IATA also measured capacity at negative 12%. In North America, demand increased 17.5% from two years ago with only a 3.8% in capacity.

The air cargo sector completed its recovery from the depths of the pandemic in January amid a surge in COVID medical and e-commerce shipments. It's a big difference from the passenger side of the business, which remains depressed notwithstanding pockets of domestic travel resurgence in large domestic markets like the U.S. and China.

IATA's analysis broadly validates the strength of the air cargo market, but lags CLIVE by a month and uses a different methodology. CLIVE reports on cargo tons sold, while IATA reports on cargo tons flown. The former approach counts each ton once, while the latter does so each time the shipment is transshipped through an intermediate airport and reloaded on another airplane. IATA also calculates volume with a distance component — cargo ton kilometers — so if the share of the long-distance route increases the IATA numbers increase even if the same amount of tons are moved. 

Supply chain challenges are particularly pronounced on major trade lanes. 

Demand from Asia to the U.S. is 44% higher year-over-year, according to freight forwarder Flexport.

Volumes from China to Europe were 18% higher in April than in 2019, with load ...Full story available on Benzinga.com",2021-05-11 15:09:37+00:00,https://www.benzinga.com/news/earnings/21/05/21055415/companies-in-desperate-hunt-for-aircraft-to-move-cargo,Benzinga,0.07636998374340147,0.3090031873892632,neutral,0.07636998374340147,True,False,True,False,True,False,True,False,0.0,5047,"['AAWW', 'DAL', 'UAL']",UAL,2021-05-11
"Airline Stock Roundup: AZUL's Q1 Underperformance, Gol's Dull Traffic & More",Azul's (AZUL) Q1 results suffer coronavirus woes. Another Brazilian carrier GOL Linhas' (GOL) April traffic figures decline from the March levels as the second COVID-19 wave grips the nation.,2021-05-11 16:34:00+00:00,http://www.zacks.com/stock/news/1536412/airline-stock-roundup-azuls-q1-underperformance-gols-dull-traffic-more?cid=CS-ZC-FT-analyst_blog|stock_roundup-1536412,Zacks Investment Research,0.06944444444444443,0.3333333333333333,neutral,0.06944444444444443,False,False,True,False,False,False,False,False,0.0,269,"['DAL', 'GOL', 'UAL', 'ALGT', 'CPA', 'AZUL']",UAL,2021-05-11
Why Airline Stocks Are Under Pressure Today,Add interest rates and fuel shortages to the list of issues airline CEOs have to worry about.,2021-05-11 18:21:33+00:00,https://www.fool.com/investing/2021/05/11/why-airline-stocks-are-under-pressure-today/?source=iedfolrf0000001,The Motley Fool,0.0,0.0,neutral,0.0,False,False,False,False,False,False,True,False,0.0,138,"['LUV', 'JBLU', 'UAL', 'DAL', 'SAVE', 'AAL']",UAL,2021-05-11
NerdWallet: Don’t expect these pandemic travel trends to go away soon,COVID-19 caused some big shakeups in the travel world. Here are some of the changes that may never go back to pre-pandemic “normal.”,2021-05-12 09:03:00+00:00,http://www.marketwatch.com/news/story.asp?guid=%7B20C05575-04D4-B545-7400-9C00B7CFE6E4%7D&siteid=rss&rss=1,MarketWatch,0.049999999999999996,0.24999999999999997,neutral,0.049999999999999996,False,False,False,False,False,False,False,False,0.0,203,"['UAL', 'DAL']",UAL,2021-05-12
Wall Street Breakfast: Is It Transitory?,"Listen on the go! A daily podcast of Wall Street Breakfast will be available by 8:00 a.m. on Seeking Alpha, iTunes, Stitcher and Spotify.",2021-05-12 11:18:40+00:00,https://seekingalpha.com/article/4427734-wall-street-breakfast-is-transitory?source=feed,Seeking Alpha,0.2,0.2,positive,0.2,False,False,False,False,False,False,False,False,0.0,179,"['CHK', 'EA', 'MAC', 'PLTR', 'QS', 'TSLA', 'NIO', 'BMBL', 'LB', 'PLUG', 'JNJ', 'ARKK', 'AAPL', 'SHLX', 'LUV', 'UAL', 'HD', 'LOW', 'WMT', 'TGT']",UAL,2021-05-12
Allegiant (ALGT) to Hire 184 Pilots to Meet Increased Demand,"With air-travel demand continuing to recover, Allegiant (ALGT) intends to hire 184 pilots in the coming months.",2021-05-13 07:49:00+00:00,http://www.zacks.com/stock/news/1544687/allegiant-algt-to-hire-184-pilots-to-meet-increased-demand?cid=CS-ZC-FT-analyst_blog|company_news_-_corporate_actions-1544687,Zacks Investment Research,0.0,0.0,neutral,0.0,False,False,False,False,False,False,False,False,0.0,173,"['LUV', 'DAL', 'UAL', 'ALGT']",UAL,2021-05-13
Alaska Air (ALK) Arm Aims to Grow Fleet As Travel Demand Rises,Alaska Air's (ALK) unit Alaska Airlines orders 17 new Embraer 175 jets and 13 Boeing 737-9 MAX aircraft to cater to the anticipated recovery in air-travel demand in the coming years.,2021-05-14 13:30:00+00:00,http://www.zacks.com/stock/news/1550920/alaska-air-alk-arm-aims-to-grow-fleet-as-travel-demand-rises?cid=CS-ZC-FT-analyst_blog|company_news_-_corporate_actions-1550920,Zacks Investment Research,0.13636363636363635,0.45454545454545453,positive,0.13636363636363635,False,False,False,False,False,False,False,False,0.0,246,"['LUV', 'BA', 'UAL', 'ALK']",UAL,2021-05-14
Jets Are Lifting,,2021-05-14 18:44:00+00:00,https://www.investing.com/analysis/jets-are-lifting-200580229,Investing.com,0.0,0.0,neutral,0.0,False,False,False,False,False,False,False,False,0.0,18,"['ALK', 'UAL', 'AAL', 'DAL', 'JETS']",UAL,2021-05-14
Why Airline Stocks Are Up Today,Masks off and ready to fly!,2021-05-14 19:14:28+00:00,https://www.fool.com/investing/2021/05/14/why-airline-stocks-are-up-today/?source=iedfolrf0000001,The Motley Fool,0.6,0.7,positive,0.6,False,False,False,False,False,False,False,False,0.0,60,"['DAL', 'JBLU', 'UAL', 'SAVE', 'AAL']",UAL,2021-05-14
Carnival And American Airlines Soar As The SPY Closes Higher,"U.S. indices traded sharply higher Friday as stocks continued to rebound following a sell-off earlier in the week.

The SPDR S&P 500 ETF Trust (NASDAQ: SPY) closed higher by 1.54% at $416.58.
The Invesco QQQ Trust Series 1 (NASDAQ: QQQ) finished higher by 2.21% at $326.39.
The SPDR Dow Jones Industrial Average ETF Trust (NASDAQ: DIA) finished higher by 1.12% at $344.26.

Here are the day's winners and losers from the SPY, according to data from Benzinga Pro.
Among the top leaders for the S&P 500 ...Full story available on Benzinga.com",2021-05-14 20:43:33+00:00,https://www.benzinga.com/trading-ideas/long-ideas/21/05/21134823/carnival-and-american-airlines-soar-as-the-spy-closes-higher,Benzinga,0.13076923076923078,0.36153846153846164,positive,0.13076923076923078,False,False,False,False,False,False,False,False,0.0,602,"['CCL', 'DIS', 'K', 'UAL', 'GEVO', 'FOX', 'AAL']",UAL,2021-05-14
"Dow, S&P 500 and Nasdaq snap 2-day win streak as tech stocks slide anew","U.S. stocks close modestly lower Monday, but off the session lows, extending a slump for equities after all three main benchmarks notch their worst week in about three months amid fears of rising inflation.",2021-05-17 20:36:00+00:00,http://www.marketwatch.com/news/story.asp?guid=%7B20C05575-04D4-B545-7425-A878E81BB68C%7D&siteid=rss&rss=1,MarketWatch,0.016666666666666663,0.6583333333333333,neutral,0.016666666666666663,False,False,False,False,False,False,False,False,0.0,279,"['COMP', 'AAPL', 'FB', 'MSFT', 'NFLX', 'ABNB', 'AMC', 'NVVE', 'UAL', 'BYND', 'YUM']",UAL,2021-05-17
"Ryanair (RYAAY) Q4 Loss Wider Than Expected, Revenues Beat",Ryanair's (RYAAY) Q4 results are hurt by significant decline in revenues due to coronavirus-induced disruptions to air-travel demand.,2021-05-18 12:07:00+00:00,http://www.zacks.com/stock/news/1570541/ryanair-ryaay-q4-loss-wider-than-expected-revenues-beat?cid=CS-ZC-FT-analyst_blog|earnings_article-1570541,Zacks Investment Research,0.05000000000000001,0.5499999999999999,neutral,0.05000000000000001,True,False,False,False,False,False,False,False,0.0,193,"['LUV', 'RYAAY', 'UAL', 'ALK']",UAL,2021-05-18
"Company News for May 18, 2021","Companies In The News Are: HOME, MPC, UAL, APLS",2021-05-18 13:39:00+00:00,http://www.zacks.com/stock/news/1570713/company-news-for-may-18-2021?cid=CS-ZC-FT-corporate_summary-1570713,Zacks Investment Research,0.0,0.0,neutral,0.0,False,False,False,False,False,False,False,False,0.0,78,"['UAL', 'MPC', 'HOME', 'APLS']",UAL,2021-05-18
United Airlines (UAL) to Boost July Domestic Schedule by 17%,United Airlines (UAL) expects to operate 80% of its pre-coronavirus U.S. schedule in July as air-travel demand continues to improve. This represents a 17% increase from June.,2021-05-18 14:25:00+00:00,http://www.zacks.com/stock/news/1571206/united-airlines-ual-to-boost-july-domestic-schedule-by-17?cid=CS-ZC-FT-analyst_blog|company_news_-_corporate_actions-1571206,Zacks Investment Research,0.0,0.1,neutral,0.0,False,False,False,False,False,False,False,False,0.0,236,"['UPS', 'CHRW', 'UAL', 'ARCB']",UAL,2021-05-18
Tech Stock Correction: Buy These 2 Healthcare Stocks on the Dip,"They promise revenue growth, profit -- and safety.",2021-05-19 10:15:00+00:00,https://www.fool.com/investing/2021/05/19/tech-stock-correction-buy-these-2-healthcare-stock/?source=iedfolrf0000001,The Motley Fool,0.0,0.0,neutral,0.0,True,True,False,False,False,False,False,False,0.0,115,"['ISRG', 'ABT', 'UAL']",UAL,2021-05-19
United (UAL) Up 12.1% Since Last Earnings Report: Can It Continue?,United (UAL) reported earnings 30 days ago. What's next for the stock? We take a look at earnings estimates for some clues.,2021-05-19 15:30:13+00:00,http://www.zacks.com/stock/news/1576437/united-ual-up-121-since-last-earnings-report-can-it-continue?cid=CS-ZC-FT-realtime_blog-1576437,Zacks Investment Research,0.0,0.03333333333333333,neutral,0.0,True,False,False,False,False,False,False,False,0.0,191,['UAL'],UAL,2021-05-19
"Airline Stock Roundup: RYAAY's Q4 Loss, UAL's Expansion Update & More","Owing to improving air-travel demand in the United States, United Airlines (UAL) announces expansion of its domestic schedule for July while Allegiant (ALGT) aims to hire 184 pilots.",2021-05-19 17:36:00+00:00,http://www.zacks.com/stock/news/1577103/airline-stock-roundup-ryaays-q4-loss-uals-expansion-update-more?cid=CS-ZC-FT-analyst_blog|stock_roundup-1577103,Zacks Investment Research,0.25,0.3,positive,0.25,True,False,False,False,False,False,False,False,0.0,253,"['RYAAY', 'DAL', 'GOL', 'UAL', 'ALGT', 'CPA', 'ALK']",UAL,2021-05-19
Southwest Airlines (LUV) Gives Bullish Cash Burn Update for Q2,Capacity at Southwest Airlines (LUV) is expected to increase around 87% year over year in Q2.,2021-05-20 17:25:00+00:00,http://www.zacks.com/stock/news/1582620/southwest-airlines-luv-gives-bullish-cash-burn-update-for-q2?cid=CS-ZC-FT-analyst_blog|company_news_-_corporate_actions-1582620,Zacks Investment Research,-0.1,0.4,neutral,0.1,False,False,False,False,False,False,False,False,0.0,157,"['LUV', 'DAL', 'UAL', 'AAL']",UAL,2021-05-20
"Apple overtakes Amazon to become world’s most valuable brand, while Tesla is the fastest-growing","Apple has overtaken Amazon to become the world’s most valuable brand for the first time in five years, according to a global report.",2021-05-22 12:53:00+00:00,http://www.marketwatch.com/news/story.asp?guid=%7B21005575-02D4-D4B5-4572-D22C24075151%7D&siteid=rss&rss=1,MarketWatch,0.3125,0.3333333333333333,positive,0.3125,False,False,False,False,False,False,False,False,0.0,230,"['AAPL', 'AMZN', 'GOOG', 'MSFT', 'WMT', 'FB', 'UBER', 'TSLA', 'BA', 'AAL', 'UAL', 'DAL', 'AIR', 'SAF', 'HLT', 'MAR', 'ABNB', 'BP', 'RACE']",UAL,2021-05-22
"Stock Market News for May 25, 2021","U.S. stocks closed sharply higher on Monday, led by a rally in tech stocks as investors shook of concerns of inflation, and took to investing in stocks that had taken a battering during the pandemic.",2021-05-25 12:32:00+00:00,http://www.zacks.com/stock/news/1603415/stock-market-news-for-may-25-2021?cid=CS-ZC-FT-market_news-1603415,Zacks Investment Research,0.075,0.3,neutral,0.075,False,False,False,False,False,False,False,False,0.0,235,"['CCL', 'UAL', 'AAL', 'FB', 'GOOGL']",UAL,2021-05-25
"Toll Brothers, Nordstrom Ahead as Stocks Flex Muscles on Receding Inflation Fears",,2021-05-25 14:16:00+00:00,https://www.investing.com/analysis/toll-brothers-nordstrom-ahead-as-stocks-flex-muscles-on-receding-inflation-fears-200582222,Investing.com,0.0,0.0,neutral,0.0,False,False,False,False,False,False,False,False,0.0,83,"['TOL', 'JWN', 'UAL', 'FB', 'GOOGL', 'F']",UAL,2021-05-25
Why Airline Stocks Are Higher Today,Management teams are growing more and more optimistic about the post-pandemic surge.,2021-05-25 19:51:01+00:00,https://www.fool.com/investing/2021/05/25/why-airline-stocks-are-higher-today/?source=iedfolrf0000001,The Motley Fool,0.4166666666666667,0.5,positive,0.4166666666666667,False,False,False,False,False,False,True,False,0.0,121,"['UAL', 'JBLU', 'DAL', 'AAL', 'AZUL']",UAL,2021-05-25
"United Airlines (UAL) Improves Q2 TRASM View, Shares Pop",United Airlines (UAL) improves TRASM and adjusted EBITDA margin guidance for the second quarter owing to acceleration in ticketed yields.,2021-05-26 13:11:00+00:00,http://www.zacks.com/stock/news/1608850/united-airlines-ual-improves-q2-trasm-view-shares-pop?cid=CS-ZC-FT-analyst_blog|company_news_-_corporate_actions-1608850,Zacks Investment Research,0.0,0.0,neutral,0.0,False,False,True,False,False,False,False,False,0.0,195,"['UPS', 'CHRW', 'UAL', 'CVLG']",UAL,2021-05-26
1 Airline Giant Just Raised Its Guidance as the Air Travel Recovery Continues,Improving revenue trends are driving rapid sequential improvement in United Airlines' profitability.,2021-05-26 13:52:00+00:00,https://www.fool.com/investing/2021/05/26/1-airline-giant-just-raised-guidance-air-travel/?source=iedfolrf0000001,The Motley Fool,0.0,1.0,neutral,0.0,True,False,False,False,False,False,False,False,0.0,179,['UAL'],UAL,2021-05-26
United Airlines (UAL) Outpaces Stock Market Gains: What You Should Know,"United Airlines (UAL) closed the most recent trading day at $58.01, moving +1.81% from the previous trading session.",2021-05-26 21:50:10+00:00,http://www.zacks.com/stock/news/1610528/united-airlines-ual-outpaces-stock-market-gains-what-you-should-know?cid=CS-ZC-FT-tale_of_the_tape|yseop_template_6v1-1610528,Zacks Investment Research,0.05833333333333334,0.25416666666666665,neutral,0.05833333333333334,False,False,False,False,False,False,False,False,0.0,189,['UAL'],UAL,2021-05-26
Are U.S. Airlines Set to Make a Comeback in 2021?,"Demand for air travel is making a comeback, thanks to a rapid vaccination drive, allowing companies like American Airlines (AAL), JetBlue Airways (JBLU) and United Airlines (UAL) to benefit",2021-05-27 09:43:00+00:00,http://www.zacks.com/stock/news/1613101/are-us-airlines-set-to-make-a-comeback-in-2021?cid=CS-ZC-FT-analyst_blog|industry_focus-1613101,Zacks Investment Research,0.1,0.1,neutral,0.1,False,False,False,False,False,False,False,False,0.0,240,"['JBLU', 'UAL', 'AAL']",UAL,2021-05-27
United Airlines (UAL) to Resume Services to Spain in July,"United Airlines (UAL) to restore flights to Spain from New York/Newark in July, following the country's decision to reopen to vaccinated travelers from Jun 7 onward.",2021-05-27 14:05:00+00:00,http://www.zacks.com/stock/news/1613993/united-airlines-ual-to-resume-services-to-spain-in-july?cid=CS-ZC-FT-analyst_blog|company_news_-_corporate_actions-1613993,Zacks Investment Research,0.06818181818181818,0.2772727272727273,neutral,0.06818181818181818,False,False,False,False,False,False,False,False,0.0,224,"['LUV', 'UAL', 'AAL', 'SAVE']",UAL,2021-05-27
EasyJet: FTSE Airline In Focus As Europe Returns To Air Travel,,2021-05-28 06:53:00+00:00,https://www.investing.com/analysis/easyjet-ftse-airline-in-focus-as-europe-returns-to-air-travel-200582869,Investing.com,0.0,0.0,neutral,0.0,False,False,False,False,False,False,False,False,0.0,64,"['AAL', 'DAL', 'UAL', 'EZJ', 'PXF', 'EWUS', 'JETS']",UAL,2021-05-28
Can US Airlines Bounce Back in Summer as Restrictions Ease?,,2021-05-28 12:18:00+00:00,https://www.investing.com/analysis/can-us-airlines-bounce-back-in-summer-as-restrictions-ease-200582996,Investing.com,0.0,0.0,neutral,0.0,False,False,False,False,False,False,False,False,0.0,61,"['LUV', 'AAL', 'UAL', 'DAL', 'JBLU', 'SAM', 'NVDA']",UAL,2021-05-28
Can US Airlines Bounce Back in Summer as Restrictions Ease?,"American Airlines Group (AAL), United Airlines (UAL) and Southwest Airlines Co (LUV) are all confident about making a comeback this summer as passenger traffic continues to increase.",2021-05-28 12:18:00+00:00,http://www.zacks.com/stock/news/1619093/can-us-airlines-bounce-back-in-summer-as-restrictions-ease?cid=CS-ZC-FT-analyst_blog|industry_focus-1619093,Zacks Investment Research,0.16666666666666666,0.2777777777777778,positive,0.16666666666666666,False,False,False,False,False,False,False,False,0.0,243,"['LUV', 'JBLU', 'DAL', 'UAL', 'AAL']",UAL,2021-05-28
"Summer travel is back, but will it be enough to boost flagging U.S. airlines? Probably not, analysts say","Cooped-up U.S. residents may be ready to take to the skies again, but a growing demand for air travel ahead of the summer is not guarantee for U.S. airlines.",2021-05-29 13:02:00+00:00,http://www.marketwatch.com/news/story.asp?guid=%7B20C05575-04D4-B545-7456-3CDDAF571A7C%7D&siteid=rss&rss=1,MarketWatch,0.06666666666666667,0.3333333333333333,neutral,0.06666666666666667,False,False,False,False,False,False,False,False,0.0,263,"['AAL', 'UAL', 'JBLU', 'DAL', 'LUV', 'JETS']",UAL,2021-05-29
"7.6% Yield, 32% Insider Ownership, Set To Soar: Enterprise Products Partners",EPD faces strong tailwinds with tight demand for commodities and a super-charged economy. It boasts 22 years of consistent distribution hikes and 1.6 times distribution coverage.,2021-05-30 13:35:00+00:00,https://seekingalpha.com/article/4431958-7-6-percent-yield-32-percent-insider-ownership-set-to-soar-enterprise-products?source=feed,Seeking Alpha,0.16825396825396824,0.423015873015873,positive,0.16825396825396824,False,False,False,False,True,False,False,False,0.0,256,"['OXY', 'RDS.A', 'RDS.B', 'UAL', 'XOM', 'EPD']",UAL,2021-05-30
"The Zacks Analyst Blog Highlights: Southwest Airlines, American Airlines, United Airlines, Delta Air Lines and JetBlue Airways","The Zacks Analyst Blog Highlights: Southwest Airlines, American Airlines, United Airlines, Delta Air Lines and JetBlue Airways",2021-06-01 12:38:00+00:00,http://www.zacks.com/stock/news/1638802/the-zacks-analyst-blog-highlights-southwest-airlines-american-airlines-united-airlines-delta-air-lines-and-jetblue-airways?cid=CS-ZC-FT-press_releases-1638802,Zacks Investment Research,0.0,0.0,neutral,0.0,False,False,False,False,False,False,False,False,0.0,254,"['LUV', 'JBLU', 'DAL', 'UAL', 'AAL']",UAL,2021-06-01
"Airline Stock Roundup: UAL & HA Give Bullish Q2 Updates, JBLU in Focus","Riding on improved air-travel demand in the United States, United Airlines (UAL) and Hawaiian Holdings (HA) issue encouraging updates for Q2.",2021-06-01 16:05:00+00:00,http://www.zacks.com/stock/news/1639896/airline-stock-roundup-ual-ha-give-bullish-q2-updates-jblu-in-focus?cid=CS-ZC-FT-analyst_blog|stock_roundup-1639896,Zacks Investment Research,0.0,0.0,neutral,0.0,False,False,False,False,False,False,False,False,0.0,213,"['LUV', 'JBLU', 'RYAAY', 'DAL', 'UAL', 'ALGT', 'SAVE', 'HA']",UAL,2021-06-01
The Sky Appears Sunnier Ahead for U.S. Airlines: Here's Why,U.S. carriers like United Airlines (UAL) and Allegiant Travel (ALGT) decide to bolster their networks with new routes to meet the highly anticipated demand surge during the imminent summer.,2021-06-01 16:48:00+00:00,http://www.zacks.com/stock/news/1640041/the-sky-appears-sunnier-ahead-for-us-airlines-heres-why?cid=CS-ZC-FT-analyst_blog|industry_focus-1640041,Zacks Investment Research,0.1481818181818182,0.4972727272727272,positive,0.1481818181818182,False,False,False,False,False,False,False,False,0.0,250,"['LUV', 'JBLU', 'DAL', 'UAL', 'ALGT', 'ALK', 'HA']",UAL,2021-06-01
United Airlines Is Going Supersonic,The airline has signed a commercial agreement to buy supersonic jets from a Denver-based aerospace company.,2021-06-03 14:10:26+00:00,https://www.fool.com/investing/2021/06/03/united-airlines-is-going-supersonic/?source=iedfolrf0000001,The Motley Fool,0.0,0.0,neutral,0.0,False,True,False,False,False,False,False,False,0.0,144,['UAL'],UAL,2021-06-03
"United is going supersonic, but airline stocks fall on  mixed guidance and broader worries about troubled sector","United Airlines Holdings Inc. rocks the airline world Thursday with news it would bring back supersonic jets to passenger air travel, but airline stocks trade lower amid mixed guidance for American Airlines Group Inc. and lingering concerns about the industry.",2021-06-03 15:59:00+00:00,http://www.marketwatch.com/news/story.asp?guid=%7B20C05575-04D4-B545-7479-FE400EB34B53%7D&siteid=rss&rss=1,MarketWatch,-0.1,0.3,neutral,0.1,False,False,True,False,False,False,False,False,0.0,374,"['UAL', 'DAL', 'AAL', 'JETS']",UAL,2021-06-03
Tesla And Baidu Lead The QQQ Lower Thursday,"U.S. indices were trading lower Thursday despite slightly better-than-expected U.S. jobs data. Positive data has potentially raised concerns the Fed could eventually taper stimulus measures. Speculative retail trading in some names has also increased volatility.

The Invesco QQQ Trust Series 1 (NASDAQ: QQQ) finished lower by 1.04% to $330.
The SPDR Dow Jones Industrial Average ETF Trust (NASDAQ: DIA) finished lower by 0.1% to $346.02.
The SPDR S&P 500 ETF Trust (NASDAQ: SPY) closed lower by 0.37% to $418.77.

Here are ...Full story available on Benzinga.com",2021-06-03 20:32:44+00:00,https://www.benzinga.com/trading-ideas/long-ideas/21/06/21418348/tesla-and-baidu-lead-the-qqq-lower-thursday,Benzinga,0.035101010101010105,0.4353535353535353,neutral,0.035101010101010105,False,False,False,False,False,False,False,False,0.0,608,"['DIA', 'SPY', 'BIDU', 'DLTR', 'INTU', 'NVDA', 'TSLA', 'UAL', 'QQQ', 'TWTR']",UAL,2021-06-03
Delta Air Lines' (DAL) Revenue Guidance for Q2 Improves ,,2021-06-04 11:11:00+00:00,https://www.investing.com/analysis/delta-air-lines-dal-revenue-guidance-for-q2-improves-200584242,Investing.com,0.0,0.0,neutral,0.0,True,False,False,False,False,False,False,False,0.0,58,"['DAL', 'AAL', 'LUV', 'UAL']",UAL,2021-06-04
Delta Air Lines' (DAL) Revenue Guidance for Q2 Improves,Delta Air Lines' (DAL) expects scheduled capacity for second-quarter 2021 to decline approximately 32% from the second-quarter 2019 actuals.,2021-06-04 11:11:00+00:00,http://www.zacks.com/stock/news/1654280/delta-air-lines-dal-revenue-guidance-for-q2-improves?cid=CS-ZC-FT-analyst_blog|company_news_-_corporate_actions-1654280,Zacks Investment Research,-0.4,0.6,negative,0.4,True,False,True,False,False,False,False,False,0.0,197,"['LUV', 'DAL', 'UAL', 'AAL']",UAL,2021-06-04
"Wall Street Breakfast: Jobs, Jobs, Jobs","Listen on the go! A daily podcast of Wall Street Breakfast will be available by 8:00 a.m. on Seeking Alpha, iTunes, Stitcher and Spotify.",2021-06-04 11:24:43+00:00,https://seekingalpha.com/article/4433078-wall-street-breakfast-jobs-jobs-jobs,Seeking Alpha,0.2,0.2,positive,0.2,False,False,False,False,False,False,False,False,0.0,178,"['AMC', 'GM', 'TSLA', 'PSTH', 'COST', 'XOM', 'SJM', 'AVGO', 'CRWD', 'DOCU', 'LULU', 'WORK', 'BBBY', 'KOSS', 'GME', 'FB', 'AGC', 'BB', 'UAL', 'BA', 'RTX', 'SPR']",UAL,2021-06-04
United Airlines (UAL) Stock Sinks As Market Gains: What You Should Know,"In the latest trading session, United Airlines (UAL) closed at $56.93, marking a -1.39% move from the previous day.",2021-06-04 21:50:20+00:00,https://www.zacks.com/stock/news/1657035/united-airlines-ual-stock-sinks-as-market-gains-what-you-should-know,Zacks Investment Research,0.03333333333333335,0.2916666666666667,neutral,0.03333333333333335,False,False,False,False,False,False,False,False,0.0,188,['UAL'],UAL,2021-06-04
United wants to fly a new generation of Concorde-style supersonic jets. Will you be able to afford a ticket?,United Airlines is set to buy 15 supersonic jets from startup Boom Technology that could travel between San Francisco and Tokyo in just six hours.,2021-06-05 18:40:00+00:00,http://www.marketwatch.com/news/story.asp?guid=%7B20C05575-04D4-B545-747E-9DE8EBB36281%7D&siteid=rss&rss=1,MarketWatch,0.40909090909090906,0.5198863636363636,positive,0.40909090909090906,False,True,False,False,False,False,False,False,0.0,256,"['UAL', 'BA']",UAL,2021-06-05
United Airlines Makes a Dubious Bet on Supersonic Jets,United Airlines just announced a deal to buy supersonic jets to serve key international markets. But can it make money flying faster than the speed of sound?,2021-06-06 13:05:00+00:00,https://www.fool.com/investing/2021/06/06/united-airlines-makes-dubious-bet-supersonic-jets/,The Motley Fool,0.13333333333333333,0.4666666666666666,positive,0.13333333333333333,False,True,False,False,False,False,False,False,0.0,213,['UAL'],UAL,2021-06-06
Wall Street Breakfast: Global Tax Deal,"Listen on the go! A daily podcast of Wall Street Breakfast will be available by 8:00 a.m. on Seeking Alpha, iTunes, Stitcher and Spotify.",2021-06-07 11:06:40+00:00,https://seekingalpha.com/article/4433420-wall-street-breakfast-global-minimum-tax,Seeking Alpha,0.13333333333333333,0.13333333333333333,positive,0.13333333333333333,False,False,False,False,False,False,False,False,0.0,177,"['TSLA', 'BIIB', 'AMC', 'BB', 'GME', 'AAPL', 'FB', 'UAL', 'DAL']",UAL,2021-06-07
United Airlines (UAL) Inks Agreement With Boom Supersonic,United Airlines (UAL) aims to purchase 15 of Boom Supersonics' Overture jets. The carrier has the option to buy 35 more such planes.,2021-06-07 14:17:00+00:00,https://www.zacks.com/stock/news/1669808/united-airlines-ual-inks-agreement-with-boom-supersonic,Zacks Investment Research,0.25,0.5,positive,0.25,False,True,False,False,False,False,False,False,0.0,191,"['UAL', 'LSTR', 'HRI', 'TRTN']",UAL,2021-06-07
Delta (DAL) to Boost French Footprint With Multiple Routes,Delta (DAL) intends to start operating flights connecting Paris with Boston on Aug 5.,2021-06-08 16:20:00+00:00,https://www.zacks.com/stock/news/1675784/delta-dal-to-boost-french-footprint-with-multiple-routes,Zacks Investment Research,0.0,0.0,neutral,0.0,False,False,False,False,False,False,False,False,0.0,145,"['LUV', 'DAL', 'UAL', 'AAL']",UAL,2021-06-08
"Airline Stock Roundup: DAL's Bullish Q2 Revenue Update, GOL's Traffic & More",Better air-travel demand in the United States prompts Delta (DAL) to give an optimistic Q2 revenue view. Gol Linhas' (GOL) May traffic report also reflects positivity as vaccination picks up in Brazil.,2021-06-08 16:39:00+00:00,https://www.zacks.com/stock/news/1675835/airline-stock-roundup-dals-bullish-q2-revenue-update-gols-traffic-more,Zacks Investment Research,0.5,0.5,positive,0.5,True,False,False,False,False,False,False,False,0.0,279,"['RYAAY', 'DAL', 'GOL', 'UAL', 'AAL', 'ALGT', 'HA']",UAL,2021-06-08
"Airlines demand trans-Atlantic travel restarts, as Biden prepares for G-7 trip","The bosses of six airlines offering U.S.-U.K. passenger services have called for trans-Atlantic travel restrictions to be lifted, saying high COVID-19 vaccination rates in both countries should allow travel to restart safely.",2021-06-08 20:00:00+00:00,https://www.marketwatch.com/story/airlines-demand-trans-atlantic-travel-restarts-as-biden-prepares-for-g-7-trip-11623145864,MarketWatch,0.33,0.52,positive,0.33,False,False,False,False,False,False,False,False,0.0,305,"['AAL', 'IAG', 'DAL', 'JBLU', 'UAL']",UAL,2021-06-08
"Stock Market News for Jun 9, 2021","Benchmarks closed mixed on Tuesday as investors struggled to make decision and continued to wait for another round of inflation data, scheduled for release later this week",2021-06-09 13:46:00+00:00,https://www.zacks.com/stock/news/1680045/stock-market-news-for-jun-9-2021,Zacks Investment Research,-0.07500000000000001,0.1875,neutral,0.07500000000000001,False,False,False,False,True,False,False,False,0.0,206,"['GME', 'MRVL', 'BBBY', 'DAL', 'SIRI', 'UAL', 'PG', 'WBA', 'WKHS', 'CLOV']",UAL,2021-06-09
Vaccinated and need a vacation? CDC relaxes guidance for Americans traveling to more than 100 countries.,"The CDC updated its country-by-country travel recommendations on Monday, allowing fully COVID-19 vaccinated Americans to visit a number of new countries, including France, Italy, Spain and Germany.",2021-06-09 19:53:00+00:00,https://www.marketwatch.com/story/vaccinated-and-need-a-vacation-cdc-relaxes-travel-advice-for-americans-to-more-than-100-countries-11623239561,MarketWatch,0.3181818181818182,0.4772727272727273,positive,0.3181818181818182,False,False,False,False,False,False,False,False,0.0,303,"['IAG', 'UAL', 'AAL']",UAL,2021-06-09
"Thinking About Buying Stock Or Options In Delta, United Or American Airlines?","One of the most common questions traders have about stocks is “Why Is It Moving?”
That’s why Benzinga created the Why Is It Moving, or WIIM, feature in Benzinga Pro. WIIMs are a one-sentence description as to why that stock is moving.
Analysts and brokerage firms often use ...Full story available on Benzinga.com",2021-06-10 13:03:38+00:00,https://www.benzinga.com/analyst-ratings/analyst-color/21/06/21509366/thinking-about-buying-stock-or-options-in-delta-united-or-american-airlines,Benzinga,0.15000000000000002,0.35,positive,0.15000000000000002,False,True,False,False,False,False,False,False,0.0,392,"['DAL', 'UAL', 'AAL']",UAL,2021-06-10
"Benzinga's Top Ratings Upgrades, Downgrades For June 10, 2021","Upgrades

According to Argus Research, the prior rating for Zoom Video Communications Inc (NASDAQ:ZM) was changed from Hold to Buy. Zoom Video Communications earned $1.32 in the first quarter, compared to $0.20 in the year-ago quarter. At the moment, the stock has a 52-week-high of $588.84 and a 52-week-low of $202.93. Zoom Video Communications closed at $333.63 at the end of the last trading period.
For Sherwin-Williams Co (NYSE:SHW), B of A Securities upgraded the previous rating of Neutral to Buy. In the first quarter, Sherwin-Williams showed an EPS of $2.06, compared to $4.08 from the year-ago quarter. The stock has a 52-week-high of $768.00 and a 52-week-low of $244.67. At the end of the last trading period, Sherwin-Williams closed at $276.96.
Evercore ISI Group upgraded the previous rating for PubMatic Inc (NASDAQ:PUBM) from In-Line to Outperform. In the first quarter, PubMatic earned $0.09. The current stock performance of PubMatic shows a 52-week-high of $76.96 and a 52-week-low of $22.42. Moreover, at the end of the last trading period, the closing price was at $32.13.
According to William Blair, the prior rating for NetApp Inc (NASDAQ:NTAP) was changed from Market Perform to Outperform. NetApp earned $1.17 in the fourth quarter, compared to $1.19 in the year-ago quarter. The current stock performance of NetApp shows a 52-week-high of $82.28 and a 52-week-low of $39.96. Moreover, at the end of the last trading period, the closing price was at $82.01.
According to BTIG, the prior rating for Wingstop Inc (NASDAQ:WING) was changed from Neutral to Buy. Wingstop earned $0.44 in the first quarter, compared to $0.27 in the year-ago quarter. At the moment, the stock has a 52-week-high of $172.87 and a 52-week-low of $112.47. Wingstop closed at $146.54 at the end of the last trading period.
For Telefonica SA (NYSE:TEF), Berenberg upgraded the previous rating of Hold to Buy. In the first quarter, Telefonica showed an EPS of $0.22, compared to $0.07 from the year-ago quarter. The stock has a 52-week-high of $5.58 and a 52-week-low of $3.22. At the end of the last trading period, Telefonica closed at $4.90.
For Dun & Bradstreet Holdings Inc (NYSE:DNB), Raymond James upgraded the previous rating of Market Perform to Outperform. Interestingly, in the first quarter, Dun & Bradstreet Hldgs's EPS was $0.23. At the moment, the stock has a 52-week-high of $29.55 and a 52-week-low of $20.72. Dun & Bradstreet Hldgs closed at $20.85 at the end of the last trading period.
RBC Capital upgraded the previous rating for Community Health Systems Inc (NYSE:CYH) from Sector Perform to Outperform. For the first quarter, Community Health Systems had an EPS of $0.36, compared to year-ago quarter EPS of $1.59. The current stock performance of Community Health Systems shows a 52-week-high of $16.78 and a 52-week-low of $2.68. Moreover, at the end of the last trading period, the closing price was at $15.32.
According to JP Morgan, the prior rating for United Parcel Service Inc (NYSE:UPS) was changed from Neutral to Overweight. United Parcel Service earned $2.77 in the first quarter, compared to $1.15 in the year-ago quarter. The stock has a 52-week-high of $219.59 and a 52-week-low of $99.59. At the end of the last trading period, United Parcel Service closed at $201.06.
According to RBC Capital, the prior rating for Marathon Oil Corp (NYSE:MRO) was changed from Sector Perform to Outperform. Marathon Oil earned $0.21 in the first quarter, compared to $0.16 in the year-ago quarter. The stock has a 52-week-high of $14.16 and a 52-week-low of $3.73. At the end of the last trading period, Marathon Oil closed at $13.36.
For Pennant Group Inc (NASDAQ:PNTG), RBC Capital upgraded the previous rating of Market Perform to Outperform. Pennant Group earned $0.11 in the first quarter, compared to $0.16 in the year-ago quarter. The stock has a 52-week-high of $69.56 and a 52-week-low of $19.80. At the end of the last trading period, Pennant Group closed at $36.17.
According to Credit Suisse, the prior rating for F5 Networks Inc (NASDAQ:FFIV) was changed from Neutral to Outperform. For the second quarter, F5 Networks had an EPS of $2.50, compared to year-ago quarter EPS of $2.23. The stock has a 52-week-high of $216.15 and a 52-week-low of $116.79. At the end of the last trading period, F5 Networks closed at $187.74.

See all analyst ratings upgrades.
 
Downgrades

According to Atlantic Equities, the prior rating for CME Group Inc (NASDAQ:CME) was changed from Overweight to Neutral. For the first quarter, CME Group had an EPS of $1.79, compared to year-ago quarter EPS of $2.33. At the moment, the stock has a 52-week-high of $221.82 and a 52-week-low of $146.89. CME Group closed at $215.51 at the end of the last trading period.
According to RBC Capital, the prior rating for Continental Resources Inc (NYSE:CLR) was changed from Outperform to Sector Perform. In the first quarter, Continental Resources showed an EPS of $0.77, compared to $0.08 from the year-ago quarter. The stock has a 52-week-high of $36.45 and a 52-week-low of $11.09. At the end of the last trading period, Continental Resources closed at $35.46.
According to RBC Capital, the prior rating for SM Energy Co (NYSE:SM) was changed from Outperform to Sector Perform. SM Energy earned $0.05 in the first quarter, compared to $0.05 in the year-ago quarter. The current stock performance of SM Energy shows a 52-week-high of $24.78 and a 52-week-low of $1.34. Moreover, at the end of the last trading period, the closing price was at $22.68.
According to RBC Capital, the prior rating for Callon Petroleum Co (NYSE:CPE) was changed from Outperform to Sector Perform. In the first quarter, Callon Petroleum showed an EPS of $1.49, compared to $0.12 from the year-ago quarter. At the moment, the stock has a 52-week-high of $52.50 and a 52-week-low of $1.00. Callon Petroleum closed at $50.63 at the end of the last trading period.
For Anthem Inc (NYSE:ANTM), RBC Capital downgraded the previous rating of Outperform to Sector Perform. For the first quarter, Anthem had an EPS ...Full story available on Benzinga.com",2021-06-10 14:03:20+00:00,https://www.benzinga.com/analyst-ratings/upgrades/21/06/21512071/benzingas-top-ratings-upgrades-downgrades-for-june-10-2021,Benzinga,0.040338164251207724,0.16570048309178742,neutral,0.040338164251207724,False,True,True,False,False,False,False,False,0.0,6190,"['DNB', 'UAL', 'ACAD', 'TPIC', 'DOW', 'LYB', 'ALGT', 'MYO', 'EMN', 'NLSN', 'CME', 'ZM', 'ESI', 'SAVE', 'ENTG', 'FSLY', 'HUN', 'CPG', 'FFIV', 'PNTG', 'OGN', 'LUV', 'MTDR', 'HA', 'NBA', 'MRO', 'BARK', 'JBLU', 'PUBM', 'ROG', 'IMCC', 'MIDD', 'CLOV', 'RRC', 'AGIO', 'NTAP', 'SHW', 'LIN', 'ALK', 'FTCI', 'SM', 'QTS', 'APD', 'CE', 'TEF', 'AAL', 'CLR', 'UHS', 'ANTM', 'CPE', 'UPS', 'WING', 'CYH', 'DQ', 'SFT', 'DAL', 'CC', 'AXSM']",UAL,2021-06-10
"MKM Partners Initiates Coverage On Airline Sector, Names Delta Top Pick","Airline stocks are flying high so far in 2021 as investors anticipate a booming summer travel season and a return to business travel in coming quarters.
On Thursday, MKM Partners initiated coverage of the airline group and said some stocks have more near-term upside than others.
The Analyst:
MKM analyst Conor Cunningham initiated coverage of the following airline stocks:

Delta Air Lines, Inc. (NYSE: DAL), Buy rating, $59 price target.
Southwest Airlines Co (NYSE: LUV), Buy rating, $74 price target.
Spirit Airlines Incorporated (NYSE: SAVE), Buy rating, $44 price target.
Alaska Air Group, Inc. (NYSE: ALK), Buy rating, $81 price target.
American Airlines Group Inc (NYSE: AAL), Buy rating, $29 price target.
Allegiant Travel Company (NASDAQ: ALGT), Neutral rating, $230 price target.
JetBlue Airways Corporation (NASDAQ: JBLU), Neutral rating, $21 price ...Full story available on Benzinga.com",2021-06-10 18:02:57+00:00,https://www.benzinga.com/analyst-ratings/analyst-color/21/06/21514443/mkm-partners-initiates-coverage-on-airline-sector-names-delta-top-pick,Benzinga,0.23714285714285716,0.4342857142857143,positive,0.23714285714285716,False,True,True,False,False,False,False,False,0.0,973,"['ALGT', 'HA', 'JBLU', 'ALK', 'DAL', 'LUV', 'UAL', 'SAVE', 'AAL']",UAL,2021-06-10
United's (UAL) Venture Capital Arm Targets Green Investments,"Through the United Airlines Ventures fund, United Airlines (UAL) will look to bolster growth of high-potential small-to-midsized companies.",2021-06-10 18:22:00+00:00,https://www.zacks.com/stock/news/1686867/uniteds-ual-venture-capital-arm-targets-green-investments,Zacks Investment Research,-0.2,0.3,negative,0.2,False,False,False,False,False,False,False,False,0.0,201,"['UAL', 'LSTR', 'HRI', 'TRTN']",UAL,2021-06-10
American Airlines Focuses On Cleaner Electric Air Mobility,"American Airlines Group Inc (NASDAQ: AAL) plans to invest $25 million in U.K.-based electric aircraft start-up Vertical Aerospace Group Ltd through private investment in public equity (PIPE) transaction to reduce carbon emissions, enhance customer experience, and tap the flying taxi trend, the Wall Street Journal reports.
It plans to acquire around 250 Vertical’s planned flying taxis implying a potential pre-order commitment of $1 billion. There is an option to order an additional 100 aircrafts.
The electric aircraft can take off and land vertically like helicopters and move customers around congested cities to get to and from airports.
Vertical plans to conduct the first trial of its VA-X4 aircraft later in 2021.
Vertical’s aircraft will accommodate four passengers ...",2021-06-11 12:58:54+00:00,https://www.benzinga.com/news/21/06/21525900/american-airlines-focuses-on-cleaner-electric-air-mobility,Benzinga,0.03571428571428571,0.25357142857142856,neutral,0.03571428571428571,False,True,False,False,False,False,False,False,0.0,840,"['MSFT', 'BA', 'ERJ', 'HON', 'UAL', 'AAL']",UAL,2021-06-11
Boeing Reportedly Finds Success Moving Inventory in Hot Travel Market,The number of planes it has in storage without a buyer has fallen significantly.,2021-06-11 16:32:52+00:00,https://www.fool.com/investing/2021/06/11/boeing-reportedly-finds-success-moving-inventory-i/,The Motley Fool,0.30833333333333335,0.5750000000000001,positive,0.30833333333333335,False,True,False,False,False,False,False,False,0.0,151,"['BA', 'UAL', 'ALK']",UAL,2021-06-11
Upbeat Air-Cargo Demand Bodes Well for Airlines: An Analysis,"In the face of weak passenger revenues, carriers are focusing on cargo revenues to drive their top lines.",2021-06-11 17:44:00+00:00,https://www.zacks.com/stock/news/1691969/upbeat-air-cargo-demand-bodes-well-for-airlines-an-analysis,Zacks Investment Research,0.0625,0.5625,neutral,0.0625,True,False,False,False,False,False,False,False,0.0,167,"['RYAAY', 'DAL', 'UAL', 'GOL', 'CPA', 'AAL', 'AZUL']",UAL,2021-06-11
United Airlines (UAL) Outpaces Stock Market Gains: What You Should Know,"United Airlines (UAL) closed the most recent trading day at $56.52, moving +0.46% from the previous trading session.",2021-06-11 21:50:21+00:00,https://www.zacks.com/stock/news/1692652/united-airlines-ual-outpaces-stock-market-gains-what-you-should-know,Zacks Investment Research,0.05833333333333334,0.25416666666666665,neutral,0.05833333333333334,False,False,False,False,False,False,False,False,0.0,189,['UAL'],UAL,2021-06-11
These 3 Airlines Are Going to Take Off in the Next 5 Years,Air traffic is recovering and expected to boom this summer.,2021-06-12 12:00:00+00:00,https://www.fool.com/investing/2021/06/12/these-3-airlines-are-going-to-take-off-in-the-next/,The Motley Fool,-0.05,0.2,neutral,0.05,False,False,False,False,False,False,False,False,0.0,119,"['JBLU', 'LUV', 'DAL', 'BA', 'UAL', 'ALGT', 'AAL']",UAL,2021-06-12
"US Travel Surges With 2 Million People Passing Through Airports, The Most Since March 2020","The U.S. Transportation Security Administration on Saturday said that it screened 2.03 million travelers at U.S. airport checkpoints on Friday.
For the first time since March 2020, the number of security screenings surpassed 2 million in a single day, AP reports. 
According to TSA, the 2.03 million figure was 1.5 million more travelers than the same day in 2020, and the crowds were only 74% of the volume compared to the same day in 2019.
The lowest screening volume during the pandemic was on April 13, ...",2021-06-13 19:31:41+00:00,https://www.benzinga.com/news/21/06/21542422/us-travel-surges-with-2-million-people-passing-through-airports-the-most-since-march-2020,Benzinga,0.1683673469387755,0.39965986394557823,positive,0.1683673469387755,False,False,True,False,False,False,False,False,0.0,602,"['BA', 'UAL', 'AAL']",UAL,2021-06-13
United Airlines (UAL) Spares Flight Attendants From Furloughs,"With air-travel demand continuing to improve, United Airlines (UAL) decides against furloughing flight attendants and several other workers in October, once the third round of payroll support expires.",2021-06-14 13:02:00+00:00,https://www.zacks.com/stock/news/1705432/united-airlines-ual-spares-flight-attendants-from-furloughs,Zacks Investment Research,-0.08125,0.19375,neutral,0.08125,False,False,False,False,False,False,False,False,0.0,263,"['UAL', 'CHRW', 'EXPD', 'CVLG']",UAL,2021-06-14
Should You Invest in the U.S. Global Jets ETF (JETS)?,Sector ETF report for JETS,2021-06-16 10:20:02+00:00,https://www.zacks.com/stock/news/1716263/should-you-invest-in-the-us-global-jets-etf-jets,Zacks Investment Research,0.0,0.0,neutral,0.0,False,False,True,False,False,False,False,False,0.0,81,"['JETS', 'UAL', 'LUV', 'AAL', 'IYT', 'FTXR']",UAL,2021-06-16
IAG: Don't Rush To Buy Shares Of British Airways Owner,,2021-06-18 06:07:00+00:00,https://www.investing.com/analysis/iag-dont-rush-to-buy-shares-of-british-airways-owner-200586777,Investing.com,0.0,0.0,neutral,0.0,False,True,False,False,False,False,False,False,0.0,56,"['AAL', 'DAL', 'UAL', 'PEJ', 'XTN', 'JETS']",UAL,2021-06-18
United Airlines (UAL) Gains As Market Dips: What You Should Know,"United Airlines (UAL) closed at $54.92 in the latest trading session, marking a +1.25% move from the prior day.",2021-06-18 21:50:22+00:00,https://www.zacks.com/stock/news/1729445/united-airlines-ual-gains-as-market-dips-what-you-should-know,Zacks Investment Research,0.13333333333333333,0.3333333333333333,positive,0.13333333333333333,False,False,False,False,False,False,False,False,0.0,177,['UAL'],UAL,2021-06-18
Wall Street Breakfast: Travel Is Back,"Listen on the go! A daily podcast of Wall Street Breakfast will be available by 8:00 a.m. on Seeking Alpha, iTunes, Stitcher and Spotify.",2021-06-21 10:51:54+00:00,https://seekingalpha.com/article/4435807-wall-street-breakfast-travel-is-back,Seeking Alpha,0.13333333333333333,0.13333333333333333,positive,0.13333333333333333,False,False,False,False,False,False,False,False,0.0,176,"['JNJ', 'AAL', 'UAL', 'DAL', 'PSTH', 'FB', 'AAPL', 'CNHI', 'RAVN']",UAL,2021-06-21
Boeing (BA) Completes First Flight of 737-10 MAX Aircraft,Boeing's (BA) 737-10 jet is the largest airplane in the 737 MAX family that has recently completed its maiden flight.,2021-06-21 14:35:00+00:00,https://www.zacks.com/stock/news/1742641/boeing-ba-completes-first-flight-of-737-10-max-aircraft,Zacks Investment Research,0.125,0.29166666666666663,positive,0.125,False,False,False,False,False,False,False,False,0.0,176,"['BA', 'UAL', 'LUV']",UAL,2021-06-21
"Delta (DAL) Looks to Hire Over 1,000 Pilots on Improved Demand","With air-travel demand continuing to recover, Delta (DAL) plans to hire over 1,000 pilots by next summer. The airline anticipates domestic leisure travel volume to return to 2019 level this month.",2021-06-22 15:29:00+00:00,https://www.zacks.com/stock/news/1748182/delta-dal-looks-to-hire-over-1000-pilots-on-improved-demand,Zacks Investment Research,0.0,0.05,neutral,0.0,False,False,False,False,False,False,False,False,0.0,260,"['DAL', 'UAL', 'LUV', 'AAL']",UAL,2021-06-22
Q2 Earnings Season Gets Underway,Q2 Earnings Season Gets Underway,2021-06-23 20:22:00+00:00,https://www.zacks.com/commentary/1753263/q2-earnings-season-gets-underway,Zacks Investment Research,0.0,0.0,neutral,0.0,True,False,False,False,False,False,False,False,0.0,66,"['XOM', 'UAL', 'MAR', 'GM']",UAL,2021-06-23
Q2 Earnings Season Gets Underway,Q2 Earnings Season Gets Underway,2021-06-23 20:24:00+00:00,https://www.zacks.com/commentary/1753264/q2-earnings-season-gets-underway,Zacks Investment Research,0.0,0.0,neutral,0.0,True,False,False,False,False,False,False,False,0.0,66,"['XOM', 'UAL', 'MAR', 'GM']",UAL,2021-06-23
"Zacks Earnings Trends Highlights: Marriott, General Motors, ExxonMobil and United Airlines","Zacks Earnings Trends Highlights: Marriott, General Motors, ExxonMobil and United Airlines",2021-06-24 12:43:00+00:00,https://www.zacks.com/stock/news/1753483/zacks-earnings-trends-highlights-marriott-general-motors-exxonmobil-and-united-airlines,Zacks Investment Research,0.05000000000000002,0.5,neutral,0.05000000000000002,True,False,False,False,False,False,False,False,0.0,182,"['XOM', 'MAR', 'UAL', 'GM']",UAL,2021-06-24
Pilot-Hiring Plans Bode Well for U.S. Airlines: An Analysis,"In response to air-travel demand recovery, airlines like Delta (DAL), American Airlines (AAL) and Southwest Airlines (LUV) are looking to call back pilots to meet the anticipated demand surge.",2021-06-24 18:21:00+00:00,https://www.zacks.com/stock/news/1753897/pilot-hiring-plans-bode-well-for-us-airlines-an-analysis,Zacks Investment Research,0.0,0.0,neutral,0.0,False,False,False,False,False,False,False,False,0.0,253,"['DAL', 'UAL', 'LUV', 'JBLU', 'AAL', 'ALK', 'SAVE', 'HA']",UAL,2021-06-24
Wall Street Breakfast: What Moved Markets,"Listen on the go! A daily podcast of Wall Street Breakfast's Alpha Talks will be available this morning on Seeking Alpha, iTunes, Stitcher and Spotify.",2021-06-26 12:11:57+00:00,https://seekingalpha.com/article/4436731-wall-street-breakfast-what-moved-markets,Seeking Alpha,0.2,0.2,positive,0.2,False,False,False,False,False,False,False,False,0.0,194,"['AAL', 'UAL', 'DAL', 'NKE', 'FSLR', 'BK', 'BAC', 'WFC', 'GS', 'DFS', 'JPM', 'MS', 'SC', 'CAT', 'VMC', 'MRIN', 'ALF', 'LDL', 'IKNX', 'MOXC', 'GMTX', 'PRTG', 'BMEA', 'OMP', 'NTEC']",UAL,2021-06-26
"Stocks To Watch: United Airlines Event, Tesla Deliveries And Krispy Kreme IPO",Welcome to Seeking Alpha's Stocks to Watch - a preview of key events scheduled for the next week,2021-06-26 13:56:28+00:00,https://seekingalpha.com/article/4436736-stocks-to-watch-united-airlines-event-tesla-deliveries-and-krispy-kreme-ipo,Seeking Alpha,0.26666666666666666,0.6333333333333333,positive,0.26666666666666666,False,False,False,False,False,False,False,False,0.0,175,"['COP', 'F', 'FDS', 'GCO', 'GIS', 'JACK', 'MU', 'NIO', 'SHOP', 'STZ', 'TM', 'TSLA', 'UAL', 'VCEL', 'XPEV', 'URI', 'VMC']",UAL,2021-06-26
Opinion: Here’s why Boeing’s stock will soar,The aircraft maker's two big problems are temporary and it will soon see a boost to sales and cash flow from its massive backlog of orders.,2021-06-26 20:44:00+00:00,https://www.marketwatch.com/story/heres-why-boeings-stock-will-soar-11624546133,MarketWatch,0.0,0.55,neutral,0.0,False,False,False,False,False,False,False,False,0.0,185,"['BA', 'RYAAY', 'LUV', 'UAL', 'ALK']",UAL,2021-06-26
Wall Street Breakfast: The Week Ahead,"Listen on the go! A daily podcast of Wall Street Breakfast will be available by 8:00 a.m. on Seeking Alpha, iTunes, Stitcher and Spotify.",2021-06-27 11:09:47+00:00,https://seekingalpha.com/article/4436780-wall-street-breakfast-week-ahead,Seeking Alpha,0.2,0.2,positive,0.2,False,False,False,False,False,False,False,False,0.0,176,"['MU', 'GIS', 'WBA', 'VMC', 'URI', 'J', 'X', 'MLM', 'MLHR', 'EPAC', 'FDS', 'BBBY', 'STZ', 'AYI', 'MKC', 'KMX', 'XPEV', 'KSU', 'CNI', 'CLDR', 'PRAH', 'ICLR', 'MDWD', 'VCEL', 'ALXO', 'PNC', 'DUK', 'OZK', 'SHOP', 'UAL', 'JACK', 'COP', 'F', 'GM', 'NIO', 'LI', 'TM', 'TSLA', 'CRWD', 'GCO', 'APO', 'GTLS', 'NMIH', 'ESNT', 'MTG', 'CMG', 'NVDA']",UAL,2021-06-27
A Massive Pilot Shortage Is Coming: What It Means for Airlines,Some airlines are better positioned than others to weather a tight market for pilots over the next decade.,2021-06-27 13:10:00+00:00,https://www.fool.com/investing/2021/06/27/a-massive-pilot-shortage-is-coming-what-it-means-f/,The Motley Fool,0.08035714285714285,0.4464285714285714,neutral,0.08035714285714285,False,False,False,False,False,False,False,False,0.0,170,"['AAL', 'LUV', 'UAL', 'DAL']",UAL,2021-06-27
Americans are still hesitant about getting on a plane,"Airfares and coronavirus variants are putting some passengers off traveling, experts say.",2021-06-27 15:16:00+00:00,https://www.marketwatch.com/story/americans-are-still-skittish-about-flying-again-11624310847,MarketWatch,0.0,0.0,neutral,0.0,False,False,False,False,False,False,False,False,0.0,144,"['ADBE', 'AAL', 'UAL', 'JBLU']",UAL,2021-06-27
United Airlines' (UAL) View Favorable Prior to Investor Day,United Airlines (UAL) expects to end July with a positive adjusted pre-tax income.,2021-06-28 14:23:00+00:00,https://www.zacks.com/stock/news/1755063/united-airlines-ual-view-favorable-prior-to-investor-day,Zacks Investment Research,0.11363636363636363,0.2727272727272727,positive,0.11363636363636363,False,False,False,False,False,False,False,False,0.0,143,"['UAL', 'ECHO', 'LSTR', 'TRTN']",UAL,2021-06-28
Southwest Airlines (LUV) Peps Up Employees Via Pay Hike,"Southwest Airlines (LUV) decides to augment the minimum pay to $15 an hour for about 7,000 staff.",2021-06-28 16:23:00+00:00,https://www.zacks.com/stock/news/1755217/southwest-airlines-luv-peps-up-employees-via-pay-hike,Zacks Investment Research,0.0,0.0,neutral,0.0,False,False,False,False,False,False,False,False,0.0,154,"['LUV', 'DAL', 'UAL', 'AAL']",UAL,2021-06-28
Why American Airlines Stock Is Down Today,International travel is likely not coming back anytime soon.,2021-06-28 17:20:22+00:00,https://www.fool.com/investing/2021/06/28/why-american-airlines-stock-is-down-today/,The Motley Fool,-0.031111111111111117,0.2577777777777778,neutral,0.031111111111111117,False,False,False,False,False,False,False,False,0.0,103,"['AAL', 'UAL', 'DAL']",UAL,2021-06-28
Can U.S. Airlines Bounce Back With More Travel in the Cards?,"American Airlines Group (AAL), United Airlines (UAL) and Southwest Airlines Co (LUV) are all confident about making a comeback this summer as passenger traffic continues to increase.",2021-06-29 10:51:00+00:00,https://www.zacks.com/stock/news/1755397/can-us-airlines-bounce-back-with-more-travel-in-the-cards,Zacks Investment Research,0.25,0.33333333333333337,positive,0.25,False,False,False,False,False,False,False,False,0.0,244,"['DAL', 'UAL', 'LUV', 'JBLU', 'AAL']",UAL,2021-06-29
Wall Street Breakfast: Antitrust Dismissed (For Now),"Listen on the go! A daily podcast of Wall Street Breakfast will be available by 8:00 a.m. on Seeking Alpha, iTunes, Stitcher and Spotify.",2021-06-29 11:13:04+00:00,https://seekingalpha.com/article/4437023-wall-street-breakfast-antitrust-dismissed-for-now,Seeking Alpha,0.2,0.2,positive,0.2,False,False,False,False,False,False,False,False,0.0,191,"['AMZN', 'SPCE', 'UAL', 'WFC', 'AMC', 'ETSY', 'ELMS', 'BA']",UAL,2021-06-29
United Expands Fleet With 270 Boeing And Airbus Aircraft — The Airliner's Largest Order Ever,"United Airlines (NASDAQ: UAL) announced the purchase of 270 new Boeing (NYSE: BA) and Airbus (OTC: EADSY) aircraft, which the Chicago-headquartered carrier said was both the largest combined order in its history and the largest by a single carrier in a decade.
What Happened: United's new aircraft order consists of 50 737 MAX 8s, 150 737 MAX 10s and 70 Airbus A321neos. The airline expects the first 737 MAX 8 to be flying this summer ...",2021-06-29 13:20:12+00:00,https://www.benzinga.com/news/21/06/21763986/united-expands-fleet-with-270-boeing-and-airbus-aircraft-the-airliners-largest-order-ever,Benzinga,0.11282467532467533,0.36417748917748916,positive,0.11282467532467533,False,False,False,False,False,False,False,False,0.0,533,"['BA', 'UAL']",UAL,2021-06-29
Ryanair (RYAAY) Dips on Tougher Travel Rules Across Europe,Stricter travel restrictions imposed in some parts of Europe to contain the spread of the Delta variant of coronavirus might weigh on Ryanair's (RYAAY) summer travel bookings.,2021-06-29 14:48:00+00:00,https://www.zacks.com/stock/news/1755686/ryanair-ryaay-dips-on-tougher-travel-rules-across-europe,Zacks Investment Research,0.0,0.0,neutral,0.0,False,False,False,False,False,False,False,False,0.0,235,"['RYAAY', 'DAL', 'UAL', 'EXPD']",UAL,2021-06-29
"United Airlines goes all in with ‘Next’ fleet renewal, promises $2 billion in savings","United Airlines Holdings Inc. on Tuesday promised to say goodbye to most of its cramped, older regional jets and replace them with fuel-efficient, amenity-laden jets that can carry more people -- and more profits.",2021-06-29 15:53:00+00:00,https://www.marketwatch.com/story/united-airlines-goes-all-in-with-next-fleet-renewal-promises-2-billion-in-savings-11624981997,MarketWatch,0.3333333333333333,0.36666666666666664,positive,0.3333333333333333,True,False,False,False,False,False,False,False,0.0,300,"['UAL', 'AAL', 'DAL', 'JETS', 'BA']",UAL,2021-06-29
Cowen’s analyst explains why airline stocks are still struggling,"United Airlines Holdings Inc (NASDAQ: UAL) said on Tuesday it will buy 270 jetliners from Boeing and Airbus. The announcement follows the forecast a day earlier that the Chicago-based air carrier will turn profitable on an adjusted basis in July. Helane Becker’s comments on CNBC’s “Squawk on the Street” According to Cowen’s senior research analyst, […]
The post Cowen’s analyst explains why airline stocks are still struggling appeared first on Invezz.",2021-06-29 16:28:11+00:00,https://invezz.com/news/2021/06/29/cowens-analyst-explains-why-airline-stocks-are-still-struggling/,Invezz,0.125,0.41666666666666663,positive,0.125,True,True,False,False,False,False,False,False,0.0,520,['UAL'],UAL,2021-06-29
"Airline Stock Roundup: LUV's Long-Serving CEO to Step Down, RYAAY in Focus","Southwest (LUV) announces a pay hike for its hourly employees as air-travel demand picks up. Also, owing to this uptick, Spirit (SAVE) plans to increase flights to Milwaukee.",2021-06-29 17:32:00+00:00,https://www.zacks.com/stock/news/1755786/airline-stock-roundup-luvs-long-serving-ceo-to-step-down-ryaay-in-focus,Zacks Investment Research,-0.15555555555555559,0.2888888888888889,negative,0.15555555555555559,False,False,False,False,False,False,True,False,0.0,250,"['RYAAY', 'DAL', 'UAL', 'LUV', 'AAL', 'SAVE']",UAL,2021-06-29
5 ETFs To Watch In The Second Half Of 2021,"Investors could be looking for the hottest sectors to invest in for the second half of 2021. One way to play the hot sectors is to invest in ETFs, or exchange-traded funds, to get exposure to many stocks in one sector that could benefit.
Here is a look at five ETFs that could have a strong second-half performance in 2021.
Defiance Hotel, Airline and Cruise: Launched on June 2, the Defiance Hotel, Airline and Cruise ETF (NYSE: CRUZ) targets the travel reopening trade by investing in several sectors that could benefit from more consumers leaving their homes. The ETF cites COVID-19 costing the travel industry over $3.3 trillion in missed revenue. The travel itch and pent-up demand are expected to boost the sectors tracked in the fund.
The ETF has 43 holdings, with top holdings including Marriott International (NASDAQ: MAR) at 7.9%; Hilton Worldwide Holdings (NYSE: HLT), 7.8%; Carnival Corp (NYSE: CCL),6.7%; Delta Air Lines Inc (NYSE: DAL), 6.5%; and Southwest Airlines (NYSE: LUV) at 6%.
Roundhill Sports Betting & iGaming: With more states having legalized sports betting, stocks in the sector could benefit from strong college football and NFL seasons.
The sports will also have more games to bet on in 2021 including ...",2021-06-29 22:47:45+00:00,https://www.benzinga.com/fintech/21/06/21695561/5-etfs-to-watch-in-the-second-half-of-2021,Benzinga,0.2122222222222222,0.37,positive,0.2122222222222222,True,False,True,False,True,False,False,True,0.0,1278,"['GSAT', 'PYPL', 'HA', 'SQ', 'INTU', 'FINX', 'ORBC', 'MAXR', 'PENN', 'UFO', 'SGMS', 'SPCE', 'DKNG', 'CCL', 'BETZ', 'DAL', 'CRUZ', 'LUV', 'MAR', 'IRDM', 'UAL', 'HLT', 'AAL', 'RSI', 'JETS']",UAL,2021-06-29
United Airlines Is Going On Sale,A record setting investment coupled with the huge demand for domestic travel and rebound in international travel make this stock a buy on future earnings despite several macro risks.,2021-06-30 07:26:36+00:00,https://seekingalpha.com/article/4437174-united-airlines-is-going-on-sale,Seeking Alpha,0.08000000000000002,0.225,neutral,0.08000000000000002,True,True,False,False,False,False,False,False,0.0,216,['UAL'],UAL,2021-06-30
Why Warren Buffett's $5 Billion Airline Debacle Wasn't Actually a Mistake,Focus less on results and more on the process for making your decisions.,2021-06-30 09:05:00+00:00,https://www.fool.com/investing/2021/06/30/warren-buffett-5-billion-airline-losses-no-mistake/,The Motley Fool,0.11111111111111112,0.22222222222222224,positive,0.11111111111111112,False,False,False,False,False,False,False,False,0.0,147,"['BRK.A', 'BRK.B', 'LUV', 'UAL', 'DAL', 'AAL']",UAL,2021-06-30
Boeing Just Got Another Huge 737 MAX Order,United Airlines has added another 200 737 MAX jets to its firm order book.,2021-06-30 12:23:00+00:00,https://www.fool.com/investing/2021/06/30/boeing-just-got-another-huge-737-max-order/,The Motley Fool,0.10000000000000003,0.65,positive,0.10000000000000003,False,False,False,False,False,False,False,False,0.0,118,"['BA', 'LUV', 'UAL']",UAL,2021-06-30
United Airlines (UAL) Announces Huge Boeing & Airbus Jet Order,United Airlines (UAL) announces the purchase of 200 Boeing 737 MAX and 70 Airbus A321neo jets as it prepares to take advantage of the continued recovery in air-travel demand.,2021-06-30 12:28:00+00:00,https://www.zacks.com/stock/news/1756007/united-airlines-ual-announces-huge-boeing-airbus-jet-order,Zacks Investment Research,0.4000000000000001,0.9,positive,0.4000000000000001,False,False,False,False,False,False,False,False,0.0,238,"['UAL', 'CHRW', 'EXPD', 'CVLG']",UAL,2021-06-30
"Halfway Through 2021, Wall Street In Waiting Game Ahead Of Jobs Data",,2021-06-30 15:46:00+00:00,https://www.investing.com/analysis/halfway-through-2021-wall-street-in-waiting-game-ahead-of-jobs-data-200589113,Investing.com,-0.4,0.4,negative,0.4,False,False,False,False,False,False,False,False,0.0,70,"['BAC', 'UAL', 'BA', 'MS', 'GS', 'AAPL', 'MSFT', 'MU', 'STZ']",UAL,2021-06-30
Q2 Earnings Growth Reflects More Than Easy Comps,Q2 Earnings Growth Reflects More Than Easy Comps,2021-06-30 18:09:00+00:00,https://www.zacks.com/commentary/1756304/q2-earnings-growth-reflects-more-than-easy-comps,Zacks Investment Research,0.4666666666666667,0.6666666666666667,positive,0.4666666666666667,True,False,False,False,False,False,False,False,0.0,98,"['XOM', 'UAL', 'MAR', 'GM']",UAL,2021-06-30
Q2 Earnings Growth Reflects More Than Easy Comps,Q2 Earnings Growth Reflects More Than Easy Comps,2021-06-30 18:10:00+00:00,https://www.zacks.com/commentary/1756306/q2-earnings-growth-reflects-more-than-easy-comps,Zacks Investment Research,0.4666666666666667,0.6666666666666667,positive,0.4666666666666667,True,False,False,False,False,False,False,False,0.0,98,"['XOM', 'UAL', 'MAR', 'GM']",UAL,2021-06-30
3 Airline Stocks to Watch in 2H as Air-Travel Scene Brightens,"Stocks like United Airlines (UAL), Southwest Airlines (LUV) and Alaska Air (ALK) should continue to gain from a sunnier air-travel demand scenario.",2021-06-30 18:33:00+00:00,https://www.zacks.com/stock/news/1756322/3-airline-stocks-to-watch-in-2h-as-air-travel-scene-brightens,Zacks Investment Research,0.0,0.0,neutral,0.0,False,False,False,False,False,False,False,False,0.0,210,"['RYAAY', 'DAL', 'UAL', 'LUV', 'JBLU', 'GOL', 'ALK', 'SAVE', 'AZUL']",UAL,2021-06-30
"AutoNation, JinkoSolar, United Airlines, Southwest Airlines and Alaska Air highlighted as Zacks Bull and Bear of the Day","AutoNation, JinkoSolar, United Airlines, Southwest Airlines and Alaska Air highlighted as Zacks Bull and Bear of the Day",2021-07-01 12:57:00+00:00,https://www.zacks.com/stock/news/1756497/autonation-jinkosolar-united-airlines-southwest-airlines-and-alaska-air-highlighted-as-zacks-bull-and-bear-of-the-day,Zacks Investment Research,0.0,0.0,neutral,0.0,False,False,False,False,False,False,False,False,0.0,242,"['JKS', 'UAL', 'LUV', 'AN', 'ALK']",UAL,2021-07-01
"Zacks Earnings Trends Highlights: Marriott, General Motors, ExxonMobil and United Airlines","Zacks Earnings Trends Highlights: Marriott, General Motors, ExxonMobil and United Airlines",2021-07-01 13:03:00+00:00,https://www.zacks.com/stock/news/1756506/zacks-earnings-trends-highlights-marriott-general-motors-exxonmobil-and-united-airlines,Zacks Investment Research,0.05000000000000002,0.5,neutral,0.05000000000000002,True,False,False,False,False,False,False,False,0.0,182,"['XOM', 'MAR', 'UAL', 'GM']",UAL,2021-07-01
Southwest (LUV) Offers Staff Double Pay Over Jul 4 Weekend,"In order to avoid flight disruptions during the presumably busy Independence Day travel week, Southwest (LUV) is offering higher overtime pay to employees who pick up extra shifts.",2021-07-01 14:43:00+00:00,https://www.zacks.com/stock/news/1756701/southwest-luv-offers-staff-double-pay-over-jul-4-weekend,Zacks Investment Research,0.09,0.18,neutral,0.09,False,False,False,False,False,False,False,False,0.0,240,"['DAL', 'UAL', 'LUV', 'AAL']",UAL,2021-07-01
Airline Stocks to Buy After Boeing's Big Deal,Which airlines stocks are winners after Boeing's big sale?,2021-07-01 19:51:00+00:00,https://www.zacks.com/stock/news/1756816/airline-stocks-to-buy-after-boeings-big-deal,Zacks Investment Research,0.0,0.1,neutral,0.0,False,True,False,False,False,False,False,False,0.0,105,"['BA', 'UAL', 'LUV', 'SAVE']",UAL,2021-07-01
"Company News for Jul 2, 2021","Companies in The News Are: WBA, UAL, MKSI, ATC, SMPL.",2021-07-02 13:37:00+00:00,https://www.zacks.com/stock/news/1757043/company-news-for-jul-2-2021,Zacks Investment Research,0.0,0.0,neutral,0.0,False,False,False,False,False,False,False,False,0.0,83,"['UAL', 'MKSI', 'SMPL', 'WBA', 'ATC']",UAL,2021-07-02
United Airlines' Growth Strategy Looks Too Ambitious,The network airline wants to grow its capacity by more than 40% over 2019 levels by 2026.,2021-07-03 13:07:00+00:00,https://www.fool.com/investing/2021/07/03/united-airlines-growth-strategy-looks-too-ambitiou/,The Motley Fool,0.31666666666666665,0.45,positive,0.31666666666666665,False,False,False,False,False,False,False,False,0.0,143,['UAL'],UAL,2021-07-03
Cowen’s Becker on airline industry: ‘we should have a pretty good summer’,"The U.S. airports screened more passengers over the last weekend than they did in the comparable period of 2019, marking the first time that airport screenings topped 2019 levels since the start of the pandemic. Helane Becker’s comments on CNBC’s “Squawk Box” Despite a laudable increase in air traffic, business and international travel hasn’t recovered […]
The post Cowen’s Becker on airline industry: ‘we should have a pretty good summer’ appeared first on Invezz.",2021-07-06 16:36:12+00:00,https://invezz.com/news/2021/07/06/cowens-becker-on-airline-industry-we-should-have-a-pretty-good-summer/,Invezz,0.3222222222222222,0.49259259259259264,positive,0.3222222222222222,False,False,False,False,False,False,False,False,0.0,542,['UAL'],UAL,2021-07-06
"Airline Stock Roundup: UAL's Bulk Order of 270 Jets, JBLU's Expansion Update & More","United Airlines' (UAL) gigantic order to purchase jets is a step toward modernizing its fleet. Meanwhile, Ryanair's (RYAAY) June traffic improves on increasing air-travel demand.",2021-07-06 17:56:00+00:00,https://www.zacks.com/stock/news/1758310/airline-stock-roundup-uals-bulk-order-of-270-jets-jblus-expansion-update-more,Zacks Investment Research,0.5,0.5,positive,0.5,False,False,False,False,False,False,False,False,0.0,263,"['RYAAY', 'UAL', 'JBLU', 'ALK', 'ALGT']",UAL,2021-07-06
These 2 Dow Leaders Are Hurting the Stock Market,Wednesday was another turbulent day on Wall Street.,2021-07-07 16:34:00+00:00,https://www.fool.com/investing/2021/07/07/these-2-dow-leaders-are-hurting-the-stock-market/,The Motley Fool,0.0,0.0,neutral,0.0,False,False,False,False,False,False,False,False,0.0,101,"['BA', 'GS', 'UAL', 'DAL', 'AAL']",UAL,2021-07-07
United Airlines and Delta Air Lines Choose Different Fleet Strategies,"Delta Air Lines became extremely profitable over the past decade by shifting its fleet toward larger jets. Now, United Airlines is planning a dramatically more aggressive ""upgauging"" program.",2021-07-08 12:20:00+00:00,https://www.fool.com/investing/2021/07/08/united-airlines-and-delta-air-lines-fleet-strategy/,The Motley Fool,0.025,0.5700000000000001,neutral,0.025,True,False,False,False,False,False,False,False,0.0,262,"['DAL', 'BA', 'UAL']",UAL,2021-07-08
"Delta, Spirit Attractive As Travel Rebounds, But Overall, Airline Shares Slump",,2021-07-08 13:30:00+00:00,https://www.investing.com/analysis/delta-spirit-attractive-as-travel-rebounds-but-overall-airline-shares-slump-200590309,Investing.com,0.4,0.5,positive,0.4,False,False,False,False,False,False,False,False,0.0,80,"['JETS', 'LUV', 'UAL', 'BA', 'AIR', 'DAL', 'SAVE']",UAL,2021-07-08
How to Make Sense of a Tumbling 10-Year?,"The 10-year yield, off its lows but still lower than we've seen since February, might require a bit more explanation.",2021-07-08 14:23:00+00:00,https://www.zacks.com/stock/news/1759169/how-to-make-sense-of-a-tumbling-10-year,Zacks Investment Research,0.5,0.5,positive,0.5,False,False,False,False,False,False,False,False,0.0,159,"['WFC', 'JPM', 'AAPL', 'CCL', 'UAL', 'AAL', 'SPY']",UAL,2021-07-08
Weekly Jobless Claims Higher-Than-Expected,Weekly Jobless Claims Higher-Than-Expected.,2021-07-08 14:58:00+00:00,https://www.zacks.com/stock/news/1759185/weekly-jobless-claims-higher-than-expected,Zacks Investment Research,0.0,0.0,neutral,0.0,False,False,False,False,False,False,False,False,0.0,87,"['WFC', 'JPM', 'AAPL', 'CCL', 'UAL', 'AAL']",UAL,2021-07-08
ETF Strategies to Combat the Rising Delta Strain Concerns,Let's look at some safer ETF strategies that investors can play keeping in mind certain burning issues that can flare up uncertainty in the near term.,2021-07-09 20:02:00+00:00,https://www.zacks.com/stock/news/1759951/etf-strategies-to-combat-the-rising-delta-strain-concerns,Zacks Investment Research,0.15714285714285714,0.4857142857142857,positive,0.15714285714285714,False,False,False,False,False,False,False,False,0.0,209,"['QCOM', 'AAPL', 'MSFT', 'CCL', 'UAL', 'NVDA', 'JWN', 'SDY', 'VIG', 'QUAL', 'SPHQ', 'USMV', 'SPLV']",UAL,2021-07-09
Travel points and miles values have changed since the pandemic—see which airlines have raised theirs,"Airline miles increased in value slightly since 2020, with one notable exception, and some hotel points are worth less. Here's a few things to consider if you're booking travel.",2021-07-12 09:02:00+00:00,https://www.marketwatch.com/story/travel-points-and-miles-values-have-changed-since-the-pandemicsee-which-airlines-have-raised-theirs-11625850938,MarketWatch,0.05333333333333333,0.18666666666666665,neutral,0.05333333333333333,False,False,False,False,False,False,False,False,0.0,279,"['LUV', 'DAL', 'JBLU', 'UAL', 'AAL', 'H', 'MAR']",UAL,2021-07-12
"Company News for Jul 12, 2021","Companies In The News Are: LEVI, PM, UAL, MO",2021-07-12 13:40:00+00:00,https://www.zacks.com/stock/news/1760277/company-news-for-jul-12-2021,Zacks Investment Research,0.0,0.0,neutral,0.0,False,False,False,False,False,False,False,False,0.0,75,"['UAL', 'MO', 'PM', 'LEVI']",UAL,2021-07-12
One Way To Mute Delta Share Turbulence Ahead Of Earnings: Secured Put Options,,2021-07-13 12:11:00+00:00,https://www.investing.com/analysis/one-way-to-mute-delta-share-turbulence-ahead-of-earnings-secured-put-options-200591050,Investing.com,0.0,0.0,neutral,0.0,True,False,True,False,False,False,False,False,0.0,79,"['DAL', 'AAL', 'UAL']",UAL,2021-07-13
United (UAL) to Introduce Additional Flights for Winter Travel,United Airlines (UAL) plans to increase its Latin beach and leisure schedule by 19% from 2019 levels.,2021-07-13 14:14:00+00:00,https://www.zacks.com/stock/news/1760849/united-ual-to-introduce-additional-flights-for-winter-travel,Zacks Investment Research,0.0,0.0,neutral,0.0,False,False,False,False,False,False,False,False,0.0,165,"['UAL', 'CHRW', 'FDX', 'LSTR']",UAL,2021-07-13
United's Blockbuster Order Doesn't Solve Boeing's Problems,The recovery might take longer than expected.,2021-07-13 14:38:48+00:00,https://www.fool.com/investing/2021/07/13/uniteds-blockbuster-order-doesnt-solve-boeings-pro/,The Motley Fool,-0.1,0.4,neutral,0.1,False,False,False,False,False,False,False,False,0.0,105,"['BA', 'UAL']",UAL,2021-07-13
United Airlines (UAL) to Post Q2 Earnings: What to Expect?,United Airlines' (UAL) Q2 performance is expected to have benefited from improved passenger revenues owing to recovery in air-travel demand amid rising fuel costs.,2021-07-13 15:22:00+00:00,https://www.zacks.com/stock/news/1761019/united-airlines-ual-to-post-q2-earnings-what-to-expect,Zacks Investment Research,-0.1,0.4,neutral,0.1,True,False,False,False,False,False,False,False,0.0,223,"['UAL', 'LUV', 'ALK', 'HRI']",UAL,2021-07-13
Embraer SA (ERJ) Gets Porter Airlines' Order of E195-E2 Jets,Embraer SA (ERJ) receives order from Porter Airlines for 30 E195-E2 jets and an option to buy up to another 50 jets. The deal is valued at $5.82 billion.,2021-07-13 15:45:00+00:00,https://www.zacks.com/stock/news/1761047/embraer-sa-erj-gets-porter-airlines-order-of-e195-e2-jets,Zacks Investment Research,0.0,0.0,neutral,0.0,False,True,False,False,False,False,False,False,0.0,215,"['BA', 'ERJ', 'UAL']",UAL,2021-07-13
United Airlines (UAL) Expected to Beat Earnings Estimates: What to Know Ahead of Q2 Release,United (UAL) possesses the right combination of the two key ingredients for a likely earnings beat in its upcoming report. Get prepared with the key expectations.,2021-07-13 19:00:56+00:00,https://www.zacks.com/stock/news/1761135/united-airlines-ual-expected-to-beat-earnings-estimates-what-to-know-ahead-of-q2-release,Zacks Investment Research,0.03714285714285714,0.7871428571428571,neutral,0.03714285714285714,True,False,False,False,True,False,False,False,0.0,255,['UAL'],UAL,2021-07-13
Companies boast about big climate change pledges but less than 50% of the S&P 100 lobbies Washington accordingly,"Exxon has been caught saying pro-carbon price rhetoric is lip service; Ford has lobbied both against and for 'pro-climate' policy, Ceres notes in new report",2021-07-13 22:40:00+00:00,https://www.marketwatch.com/story/companies-boast-about-big-climate-pledges-but-less-than-50-of-the-s-p-100-lobbies-washington-accordingly-11626198518,MarketWatch,-0.010101010101010102,0.20707070707070707,neutral,0.010101010101010102,False,False,False,False,False,False,False,False,0.0,270,"['XOM', 'F', 'GM', 'TM', 'PSX', 'NSC', 'DAL', 'UAL', 'BLK']",UAL,2021-07-13
"Delta's (DAL) Q2 Loss Narrower Than Expected, Revenues Beat",Passenger revenues at Delta (DAL) decline 53% in Q2 from the second-quarter 2019 finals.,2021-07-14 16:10:00+00:00,https://www.zacks.com/stock/news/1761609/deltas-dal-q2-loss-narrower-than-expected-revenues-beat,Zacks Investment Research,-0.1,0.4,neutral,0.1,True,False,True,False,False,False,False,False,0.0,149,"['DAL', 'UAL', 'LUV', 'ALK']",UAL,2021-07-14
Strong Start to Q2 Earnings Season,"For the 30 S&P 500 members that have reported Q2 results already, total earnings are up +244.3% on +14.2% higher revenues, with 90% beating both EPS and revenue estimates...",2021-07-14 21:07:00+00:00,https://www.zacks.com/commentary/1761682/strong-start-to-q2-earnings-season,Zacks Investment Research,0.22777777777777777,0.6611111111111111,positive,0.22777777777777777,True,False,False,False,False,False,False,False,0.0,209,"['XOM', 'MAR', 'UAL', 'GM']",UAL,2021-07-14
Strong Start to Q2 Earnings Season,"For the 30 S&P 500 members that have reported Q2 results already, total earnings are up +244.3% on +14.2% higher revenues, with 90% beating both EPS and revenue estimates...",2021-07-14 21:07:00+00:00,https://www.zacks.com/commentary/1761684/strong-start-to-q2-earnings-season,Zacks Investment Research,0.22777777777777777,0.6611111111111111,positive,0.22777777777777777,True,False,False,False,False,False,False,False,0.0,209,"['XOM', 'MAR', 'UAL', 'GM']",UAL,2021-07-14
"Zacks Earnings Trends Highlights: Marriott International, General Motors, ExxonMobil and United Airlines","Zacks Earnings Trends Highlights: Marriott International, General Motors, ExxonMobil and United Airlines",2021-07-15 10:38:00+00:00,https://www.zacks.com/stock/news/1761826/zacks-earnings-trends-highlights-marriott-international-general-motors-exxonmobil-and-united-airlines,Zacks Investment Research,0.02500000000000001,0.25,neutral,0.02500000000000001,True,False,False,False,False,False,False,False,0.0,210,"['XOM', 'MAR', 'UAL', 'GM']",UAL,2021-07-15
CSX to Post Q2 Earnings: Will Cost Headwinds be a Dampener?,"CSX's Q2 earnings might have been hurt by an expected increase in operating expenses. However, improved volumes are anticipated to have aided performance.",2021-07-15 13:08:00+00:00,https://www.zacks.com/stock/news/1762314/csx-to-post-q2-earnings-will-cost-headwinds-be-a-dampener-revised,Zacks Investment Research,-0.1,0.4,neutral,0.1,True,False,False,False,False,False,False,False,0.0,215,"['CSX', 'UAL', 'ALK', 'HRI']",UAL,2021-07-15
What's in Store for Southwest (LUV) This Earnings Season?,Southwest's (LUV) Q2 performance is expected to have been aided by improved passenger revenues owing to uptick in air-travel demand.,2021-07-15 14:54:00+00:00,https://www.zacks.com/stock/news/1762173/whats-in-store-for-southwest-luv-this-earnings-season,Zacks Investment Research,-0.1,0.4,neutral,0.1,True,False,False,False,False,False,False,False,0.0,191,"['UAL', 'LUV', 'ALK', 'HRI']",UAL,2021-07-15
CSX to Post Q2 Earnings: Will Cost Headwinds be a Dampener? (Revised),"CSX's Q2 earnings might have been hurt by an expected increase in operating expenses. However, improved volumes are anticipated to have aided performance.",2021-07-15 16:10:00+00:00,https://www.zacks.com/stock/news/1762314/csx-to-post-q2-earnings-will-cost-headwinds-be-a-dampener-revised,Zacks Investment Research,-0.1,0.4,neutral,0.1,True,False,False,False,False,False,False,False,0.0,225,"['CSX', 'UAL', 'ALK', 'HRI']",UAL,2021-07-15
Why Earnings Season Could Be Great for United Airlines (UAL),United Airlines (UAL) is seeing favorable earnings estimate revision activity and has a positive Zacks Earnings ESP heading into earnings season.,2021-07-16 12:27:00+00:00,https://www.zacks.com/stock/news/1762692/why-earnings-season-could-be-great-for-united-airlines-ual,Zacks Investment Research,0.5136363636363637,0.6477272727272727,positive,0.5136363636363637,True,False,False,False,False,False,False,False,0.0,207,['UAL'],UAL,2021-07-16
What's in the Cards for Alaska Air (ALK) in Q2 Earnings?,Alaska Air's (ALK) Q2 performance is expected to have benefited from improved passenger revenues owing to uptick in air-travel demand.,2021-07-16 13:34:00+00:00,https://www.zacks.com/stock/news/1762804/whats-in-the-cards-for-alaska-air-alk-in-q2-earnings,Zacks Investment Research,-0.1,0.4,neutral,0.1,True,False,False,False,False,False,False,False,0.0,192,"['UAL', 'LUV', 'ALK', 'HRI']",UAL,2021-07-16
"Vaccine Stocks Climb After Moderna Added To S&P 500, With BioNTech Also Up","The first week of earnings season wraps up with major indices closely tracking the bond market in Wall Street’s version of “follow the leader.” Earnings absolutely matter, but right now the Fed’s policies are maybe a bigger influence. In the short-term the Fed is still the girl everyone wants to dance with.
Lately, you can almost guess where stocks are going just by checking the 10-year Treasury yield, which often moves on perceptions of what the Fed might have up its sleeve. The yield bounced back from lows this morning to around 1.32%, and stock indices climbed a bit in pre-market trading. That was a switch from yesterday when yields fell and stocks followed suit. Still, yields are down about six basis points since Monday, and stocks are also facing a losing week.
It’s unclear how long this close tracking of yields might last, but maybe a big flood of earnings due next week could give stocks a chance to act more on fundamental corporate news instead of the back and forth in fixed income.
Meanwhile, retail sales for June this morning basically blew Wall Street’s conservative estimates out of the water, and stock indices edged up in pre-market trading after the data.
Headline retail sales rose 0.6% compared with the consensus expectation for a 0.6% decline, and with automobiles stripped out, the report looked even stronger, up 1.3% vs. expectations for 0.3%. Those numbers are incredibly strong and show the difficulty analysts are having in this market.  The estimates missed consumer strength by a long shot. However, it’s also possible this is a blip in the data that might get smoothed out with July’s numbers. We’ll have to wait and see.
Caution Flag Keeps Waving
Yesterday continued what feels like a “risk-off” pattern that began taking hold earlier in the week, but this time Tech got caught up in the selling, too. In fact, Tech was the second-worst performing sector of the day behind Energy, which continues to tank on ideas more crude could flow soon thanks to OPEC’s agreement.
We already saw investors embracing fixed income and “defensive” sectors starting Tuesday, and Thursday continued the trend. When your leading sectors are Utilities, Staples, Real Estate, the way they were yesterday, that really suggests the surging bond market’s message to stocks is getting read loudly and clearly.
This week’s decline in rates also isn’t necessarily happy news for Financial companies. That being said, the Financials fared pretty well yesterday, with some of them coming back after an early drop. It was an impressive performance and we’ll see if it can spill over into Friday.
Energy helped fuel the rally earlier this year, but it’s struggling under the weight of falling crude prices. Softness in crude isn’t guaranteed to last—and prices of $70 a barrel aren’t historically cheap—but crude’s inability to consistently hold $75 speaks a lot. Technically, the strength just seems to fade up there. Crude is up slightly this morning but still below $72 a barrel.
Losing Steam?
All of the FAANGs lost ground yesterday after a nice rally earlier in the week. Another key Tech name, chipmaker Nvidia (NVDA), got taken to the cleaners with a 4.4% decline despite a major analyst price target increase to $900. NVDA has been on an incredible roll most of the year.
This week’s ...",2021-07-16 14:11:34+00:00,https://www.benzinga.com/news/earnings/21/07/22018395/vaccine-stocks-climb-after-moderna-added-to-s-p-500-with-biontech-also-up,Benzinga,0.0693856554967666,0.4830173427395649,neutral,0.0693856554967666,True,False,True,False,False,False,False,False,0.0,3385,"['AAPL', 'MSFT', 'NFLX', 'AXP', 'DAL', 'JNJ', 'KO', 'PEP', 'PFE', 'T', 'VZ', 'UAL', 'AAL', 'MRNA', 'BNTX']",UAL,2021-07-16
Wall Street Breakfast: The Week Ahead,"The earnings season heats up in a big way next week with IBM, Netflix, Chipotle, Coca-Cola and Twitter just a few of the major companies due to spill numbers.",2021-07-18 11:21:28+00:00,https://seekingalpha.com/article/4439751-wall-street-breakfast-week-ahead,Seeking Alpha,-0.052500000000000005,0.215,neutral,0.052500000000000005,True,False,False,False,False,False,False,False,0.0,197,"['IBM', 'NFLX', 'CMG', 'KO', 'TWTR', 'LB', 'AN', 'TRV', 'UBS', 'PM', 'UAL', 'VZ', 'JNJ', 'TXN', 'KMI', 'T', 'DOW', 'ABT', 'AAL', 'INTC', 'SNAP', 'VRSN', 'DPZ', 'LVS', 'AXP', 'HON', 'KMB', 'MYTE', 'DFH', 'RLX', 'PAX', 'MNTK', 'HUDI', 'YMM', 'EFSC', 'FCBP', 'MXIM', 'ADI', 'STMP', 'CBIO', 'ALBO', 'PFE', 'ADPT', 'MRNA', 'RDHL', 'BAC', 'NTRS', 'DFS', 'HBAN', 'CMA', 'F', 'CCIV', 'SQ', 'RIOT', 'EA', 'SCHW', 'STZ', 'GCO', 'AHT', 'NVDA', 'SCVL', 'ASO', 'SAP', 'COHU', 'DOOR', 'CNHI', 'MSGS', 'SPLK', 'RH', 'TM']",UAL,2021-07-18
Wall Street Breakfast: The Week Ahead (Podcast),"Earnings season heats up in a big way next week with IBM, Netflix, Chipotle, Coca-Cola and Twitter just a few of the major companies due to spill numbers.",2021-07-18 11:32:15+00:00,https://seekingalpha.com/article/4439753-wall-street-breakfast-the-week-ahead-podcast,Seeking Alpha,-0.052500000000000005,0.215,neutral,0.052500000000000005,True,False,False,False,False,False,False,False,0.0,203,"['AAL', 'ABT', 'ADI', 'ADPT', 'AHT', 'ALBO', 'AN', 'ASO', 'AXP', 'BAC', 'CBIO', 'CCIV', 'CMA', 'CMG', 'CNHI', 'COHU', 'DFH', 'DFS', 'DOOR', 'DOW', 'DPZ', 'EA', 'EFSC', 'F', 'FCBP', 'GCO', 'HBAN', 'HON', 'HUDI', 'IBM', 'INTC', 'JNJ', 'KMB', 'KMI', 'KO', 'LB', 'LVS', 'MNTK', 'MRNA', 'MSGS', 'MXIM', 'MYTE', 'NFLX', 'NTRS', 'NVDA', 'PAX', 'PFE', 'PM', 'RDHL', 'RH', 'RIOT', 'RLX', 'SAP', 'SCHW', 'SCVL', 'SNAP', 'SPLK', 'SQ', 'STMP', 'STZ', 'T', 'TM', 'TRV', 'TWTR', 'TXN', 'UAL', 'UBS', 'VRSN', 'VZ', 'YMM']",UAL,2021-07-18
United Airlines Invests in Electric Planes: Don't Count on Them Taking Flight Soon,United Airlines just invested in an electric aircraft start-up and plans to buy at least 100 19-seat electric planes. But operating such aircraft profitably will be incredibly challenging.,2021-07-18 14:52:00+00:00,https://www.fool.com/investing/2021/07/18/united-airlines-invests-in-electric-planes-dont-co/,The Motley Fool,0.06666666666666667,0.6333333333333333,neutral,0.06666666666666667,True,True,False,False,False,False,False,False,0.0,272,"['UAL', 'MESA']",UAL,2021-07-18
Markets Look to Open in the Red on Delta Variant Fears,Markets Look to Open in the Red on Delta Variant Fears,2021-07-19 13:50:00+00:00,https://www.zacks.com/stock/news/1763538/markets-look-to-open-in-the-red-on-delta-variant-fears,Zacks Investment Research,0.0,0.25,neutral,0.0,False,False,False,False,False,False,False,False,0.0,110,"['INTC', 'JNJ', 'XOM', 'UAL', 'NFLX', 'RCL', 'TWTR']",UAL,2021-07-19
"Covid Back In Headlines As Cases Ramp Up, Pushing Travel Stocks, Multinationals Lower","A ramp-up in new Covid cases is bringing fear that we may take a step backward here, weighing on stocks to start the week. Wall Street continues to show signs of tracking the bond market, and bond yields posted fresh five-month lows this morning.
Daily cases have tripled from a month ago in the U.S., and travel stocks are taking it on the chin today in pre-market trading. Airlines, hotels, casinos, and restaurants all could receive the brunt of the blow if Covid worries keep growing. Other companies aren’t immune. The outbreak is generally worse overseas, which could threaten business for multinational U.S. firms. Caterpillar (NYSE: CAT) and General Motors (NYSE: GM) both slid ahead of the bell. 
As Covid concerns return to Page 1 of the morning news, we might see the return of one of last year’s trends, where markets settle down during the middle of the week but fear creeps in by the end of the week and into the weekend. On Friday the major indices closed on their lows—typically a bad sign from a technical standpoint—and like many weeks during the height of the pandemic, Friday’s weakness carried over into the new week.  
Eyeing The Horsemen Of Risk
The 10-year Treasury yield fell below 1.25% to new five-month lows early Monday. Crude fell below $70 a barrel for the first time since June 11. Part of the crude weakness might reflect the OPEC+ deal reached over the weekend, but it also could suggest fears of a slowing economy if the pandemic stays front and center. 
Keep an eye on volatility, too. The Cboe Volatility Index (VIX) put on some steam late last week and that spilled over into Monday. It’s back above 21 this morning, a move that’s probably going to get some notice. A higher VIX often can signal people taking protection against possible market turbulence. 
Weirdly, the dollar is rising here even as bond yields fall. This could reflect people thinking the U.S. is being hit less hard by this fresh Covid outbreak. 
As Monday continues, we’ll see if the market action here is one of those things where weekend fears lead to an initial reaction and then cooler heads prevail, or if concerns continue to weigh. The “buy the dip” mentality has been so strong lately, it’s hard to believe it would suddenly fade. The question is, at what level does it happen? The 4280 level in the S&P 500 Index (SPX) could be an important one to watch. 
What’s On The Earnings Tap?
Oddly, earnings seem almost like a second-tier story today even though we’re heading into the thick of the season with 76 S&P 500 companies reporting. Things kick off with Big Blue, IBM (NYSE: IBM) expected to report this afternoon. 
A host of other big names step to the plate this week including Netflix (NASDAQ: NFLX), American Express (NYSE: AXP), Johnson & Johnson (NYSE: JNJ), Twitter (NYSE: TWTR), United Airlines (NASDAQ: UAL), AT&T (NYSE: T), Verizon (NYSE: VZ), American Airlines (NASDAQ: AAL), and Coca-Cola (NYSE: KO). 
Something to consider as these companies report is the impact of rising producer prices, and whether this could be clipping margins or causing them to pass along costs to consumers. Reopening is also in focus, so listen for executives’ thoughts on how that’s going. 
With NFLX ...",2021-07-19 14:16:19+00:00,https://www.benzinga.com/news/earnings/21/07/22041377/covid-back-in-headlines-as-cases-ramp-up-pushing-travel-stocks-multinationals-lower,Benzinga,-0.043985063399957024,0.3690253599828068,neutral,0.043985063399957024,True,True,True,False,False,False,False,False,0.2,3301,"['AAPL', 'AAL', 'AMZN', 'INTC', 'MSFT', 'NFLX', 'AXP', 'CAT', 'GM', 'IBM', 'JNJ', 'KO', 'T', 'TXN', 'VZ', 'UAL', 'TWTR']",UAL,2021-07-19
Delta Variant Rattles Monday Pre-Market,"We're following last week's lower trading with a big drop: the Dow -475 points, the S&P 500 -50 and the Nasdaq -125.",2021-07-19 14:28:00+00:00,https://www.zacks.com/stock/news/1763511/delta-variant-rattles-monday-pre-market,Zacks Investment Research,0.0,0.0888888888888889,neutral,0.0,False,False,False,False,False,False,False,False,0.0,157,"['INTC', 'JNJ', 'XOM', 'UAL', 'NFLX', 'RCL', 'TWTR']",UAL,2021-07-19
"COVID Case Growth Hits Stocks, Yields At Start Of Big Earnings Week",,2021-07-19 15:03:00+00:00,https://www.investing.com/analysis/covid-case-growth-hits-stocks-yields-at-start-of-big-earnings-week-200592250,Investing.com,0.0,0.1,neutral,0.0,True,False,False,False,False,False,False,False,0.0,69,"['CAT', 'GM', 'IBM', 'NFLX', 'AXP', 'JNJ', 'TWTR', 'UAL', 'T', 'VZ', 'AAL', 'KO', 'INTC', 'TXN', 'AAPL', 'MSFT', 'AMZN']",UAL,2021-07-19
Why Airline Stocks Are Falling Today,The pandemic takes another toll.,2021-07-19 15:03:34+00:00,https://www.fool.com/investing/2021/07/19/why-airline-stocks-are-falling-today/,The Motley Fool,0.0,0.0,neutral,0.0,False,False,False,False,False,False,False,False,0.0,70,"['DAL', 'JBLU', 'LUV', 'UAL', 'ALK', 'SAVE', 'ALGT', 'HA', 'AAL', 'AZUL', 'SNCY', 'ULCC']",UAL,2021-07-19
"22 stocks, including Carnival and Zoom, that are down 30% or more from 52-week highs","Other stocks way off their highs include Baidu, Peloton and United Airlines.",2021-07-19 17:42:00+00:00,https://www.marketwatch.com/story/25-stocks-including-tesla-and-nvidia-that-are-down-30-or-more-from-52-week-highs-11626712948,MarketWatch,0.07314814814814814,0.387962962962963,neutral,0.07314814814814814,False,False,False,False,False,False,False,False,0.0,162,"['SPY', 'QQQ', 'TSLA', 'DISCA', 'VIAC', 'PENN', 'PDD', 'BIDU', 'ZM', 'SPLK', 'NCLH', 'TCOM', 'CTXS', 'VRTX', 'PTON', 'UAL', 'SGEN', 'BIIB', 'FCX', 'FANG', 'RCL', 'APA', 'VTRS']",UAL,2021-07-19
"Travel Stocks, Including Airlines, Hit Hard By Covid Fears, But Some Tech Stocks Show Strength","The market took a rough ride through the recent past Monday, crumbling under the weight of Covid as the virus quickly spread in the U.S. and across the world. The Delta variant raised questions about the strength of the recovery, and stocks that stood to benefit most from an economic revival—including travel firms—received the hardest blow.
At the same time, falling interest rates helped knock the Financial sector deep into the red, and a 7% collapse in crude prices (see chart below) slammed the brakes on Energy stocks. Both sectors had already been under pressure over the last month, but Monday was the steepest plunge yet, with Energy falling nearly 4% and Financials dropping 3%.

CHART OF THE DAY: OIL’S SLIPPERY SLOPE. Crude oil futures (/CL—candlestick) fell to their 100-day simple moving average (blue line) at $66.21 per barrel, which coincides with a previous resistance-turned-support level of around $66. Data source: CME Group. Chart source: The thinkorswim® platform. For illustrative purposes only. Past performance does not guarantee future results.  
Defensive sectors like Staples, Real Estate, and Health Care also took a beating, but not as badly as the reopening and cyclical parts of the market. At the same time, strength could be found in a few of the well-known Tech firms like Nvidia (NASDAQ: NVDA), Tesla (NASDAQ: TSLA), and Advanced Micro Devices (NASDAQ: AMD). They all traded in the green even as the broader indices got slammed, perhaps in hope that Tech could outperform other sectors if this slowdown continues. That would echo what we saw last year when the pandemic first shocked the markets. 
Another echo is how some of the buying and selling shaped up across other sectors. Payment processing companies saw their stocks fall sharply on worries about consumer demand getting clipped, but grocery store stocks were among the leaders today, perhaps amid thoughts that people might drive to stores to load up on staples. We saw that kind of bifurcation back in March 2020, as well. 
On a positive note, some of the selling dried up in the final minutes of the session and major indices finished off their lows. This could be a positive going into tomorrow, but consider monitoring the futures market tonight and tomorrow morning to see if selling returns. 
Importantly, the S&P 500 Index (SPX) managed to come back from below its 50-day moving average to close solidly above that level. This suggests that maybe the “buy the dip” mentality that’s characterized the market so much in 2021 hasn’t vanished.
Why Worry Now?
It’s hard to say exactly why investors chose this particular moment to start worrying about Covid when the Delta variant has been causing ...",2021-07-19 20:56:33+00:00,https://www.benzinga.com/news/earnings/21/07/22050666/travel-stocks-including-airlines-hit-hard-by-covid-fears-but-some-tech-stocks-show-strength,Benzinga,-0.026692949907235627,0.4028514003003799,neutral,0.026692949907235627,False,True,True,False,False,False,False,False,0.2,2798,"['AAPL', 'INTC', 'MSFT', 'NFLX', 'NVDA', 'AMD', 'BA', 'CCL', 'CMG', 'IBM', 'TXN', 'TSLA', 'UAL', 'NCLH']",UAL,2021-07-19
Alaska Airlines Could Soon Have 1 Seattle-Area Airport to Itself,"United Airlines plans to stop flying to Paine Field in October, leaving Alaska Airlines as the only commercial airline at the airport serving Seattle's northern suburbs.",2021-07-20 14:06:00+00:00,https://www.fool.com/investing/2021/07/20/alaska-airlines-could-soon-have-1-seattle-area-air/,The Motley Fool,0.0,0.5,neutral,0.0,False,False,False,False,False,False,False,False,0.0,235,"['ALK', 'UAL']",UAL,2021-07-20
"Earnings Pace Picks Up Later Today With Chipotle, Netflix Expected To Report","On the day Amazon (NASDAQ: AMZN) founder Jeff Bezos launches himself into space, most investors would probably be happy just to see the major indices pick themselves off the carpet after yesterday’s meltdown.
Early on, it looks like they might get their wish. Major indices rebounded overnight after the worst day in 10 months, with some of the “reopening” stocks that got pounded yesterday showing signs of a “turnaround Tuesday.” The key could end up being what happens after the first 30 minutes of trading. Spillover from the overnight session may carry things higher at first, but then we’ll see if there’s any continued momentum for the rest of the day. 
Two of the factors that helped lead things down yesterday popped up just a bit this morning, which may be why stocks turned green in pre-market trading. The 10-year Treasury yield climbed a fraction but remains below 1.2%, and crude oil also made a tiny move higher but is still trading below $67 a barrel. Weakness in yields and crude yesterday were seen by some as signals of possible slowing economic growth. 
It also helps to see Big Blue—IBM (NYSE: IBM)—reporting a strong quarter after the close yesterday. The company beat analysts’ estimates on top- and bottom-lines, and the CEO said IBM sees continued signs of strength in the cloud market and customer demand. Shares are up more than 3% in the pre-market. Travelers (NYSE: TRV) also had a good quarter and saw shares rebound, which may be sending positive vibes.
As we’ve talked about before, the “buy the dip” mentality appears to remain in place. People, like sports teams, tend to keep running the play that’s been working, and lately, it’s worked a lot. We’ll see if it picks up some momentum. But remember: past isn’t prologue, and complacency and trading are like oil and water. 
Volatility, Delta Variant, Earnings Among Things to Watch
After a day like yesterday it’s arguably fair to say we’re far from out of the woods. First of all, when the market takes a smack in the face like that there are often reverberations for days or even weeks. Volatility is a little lower this morning, but the Cboe Volatility Index (VIX) is still above 21 after falling into the mid-teens recently. Anything above 20 could signal worries of turbulence ahead, though it’s probably constructive that VIX never got anywhere near 30 yesterday. 
Also, the Delta variant of Covid—which appeared to help trigger much of yesterday’s selling by speculators—hasn’t gone anywhere. Yesterday’s U.S. caseload was the highest daily count since early May, according to media reports. Major indices fell in Asia overnight but rose in Europe. 
Earnings season officially started last week, but will accelerate in the days to come. This afternoon and tomorrow morning are expected to bring results from Netflix (NASDAQ: NFLX), United Airlines (NASDAQ: UAL), and Chipotle (NYSE: CMG), among others. Those three could give investors a well-rounded look into how factors like higher prices, the Delta variant, and reopening are playing into consumer preferences. With Netflix, ...",2021-07-20 14:07:41+00:00,https://www.benzinga.com/markets/cryptocurrency/21/07/22062639/earnings-pace-picks-up-later-today-with-chipotle-netflix-expected-to-report,Benzinga,0.08534205693296604,0.48828053259871423,neutral,0.08534205693296604,True,True,False,False,True,False,True,False,0.0,3151,"['AAPL', 'AMZN', 'INTC', 'MSFT', 'NFLX', 'CMG', 'IBM', 'TRV', 'TXN', 'WMT', 'UAL']",UAL,2021-07-20
"Signs of Rebound After Meltdown, But Will Early Momentum Continue?",,2021-07-20 14:48:00+00:00,https://www.investing.com/analysis/signs-of-rebound-after-meltdown-but-will-early-momentum-continue-200592508,Investing.com,0.1,0.3,neutral,0.1,False,False,False,False,False,False,False,False,0.0,68,"['AMZN', 'IBM', 'TRV', 'NFLX', 'UAL', 'CMG', 'TXN', 'INTC', 'AAPL', 'MSFT', 'WMT']",UAL,2021-07-20
Why Airline Stocks Are Higher Today,"A day after a sell-off, the stocks are in rally mode.",2021-07-20 18:39:48+00:00,https://www.fool.com/investing/2021/07/20/why-airline-stocks-are-higher-today/,The Motley Fool,0.25,0.5,positive,0.25,False,False,False,False,False,False,False,False,0.0,90,"['LUV', 'JBLU', 'UAL', 'DAL', 'SAVE', 'AAL']",UAL,2021-07-20
"United Airlines (UAL) Reports Q2 Loss, Tops Revenue Estimates","United (UAL) delivered earnings and revenue surprises of 6.24% and 3.09%, respectively, for the quarter ended June 2021. Do the numbers hold clues to what lies ahead for the stock?",2021-07-20 21:45:04+00:00,https://www.zacks.com/stock/news/1764664/united-airlines-ual-reports-q2-loss-tops-revenue-estimates,Zacks Investment Research,0.0,0.1,neutral,0.0,True,False,False,False,False,False,False,False,0.0,243,['UAL'],UAL,2021-07-20
"Resilient Market Bounces Back; Netflix Misses, Chipotle & United Beat","Today was a different day; even with Building Permits disappointing in the Housing market, market participants held a stiff upper lip.",2021-07-20 21:55:00+00:00,https://www.zacks.com/stock/news/1764665/resilient-market-bounces-back-netflix-misses-chipotle-united-beat,Zacks Investment Research,-0.16285714285714287,0.36,negative,0.16285714285714287,False,False,False,False,False,False,False,False,0.0,205,"['UAL', 'NFLX', 'CMG']",UAL,2021-07-20
United Airlines to Wall Street: Profit should return next quarter,"United Airlines Holdings Inc. reported another quarterly loss on Tuesday, telling investors they will have to wait another quarter for profit.",2021-07-21 12:24:00+00:00,https://www.marketwatch.com/story/united-airlines-to-wall-street-profit-should-return-next-quarter-11626814340,MarketWatch,0.0,0.0,neutral,0.0,True,False,False,False,False,False,False,False,0.0,209,"['UAL', 'DAL']",UAL,2021-07-21
United Airlines (UAL) Posts Narrower-Than-Expected Loss in Q2,United Airlines' (UAL) second-quarter 2021 top-line numbers gain from rise in passenger revenues.,2021-07-21 13:40:00+00:00,https://www.zacks.com/stock/news/1764929/united-airlines-ual-posts-narrower-than-expected-loss-in-q2,Zacks Investment Research,0.0,0.0,neutral,0.0,True,False,True,False,False,False,False,False,0.0,160,"['DAL', 'UAL', 'JBHT', 'KSU']",UAL,2021-07-21
United Airlines Posts Big Q2 Loss but Sees Profits Ahead,"The global airline's business has improved dramatically in recent months, and management is confident about the rest of 2021.",2021-07-21 13:50:00+00:00,https://www.fool.com/investing/2021/07/21/united-airlines-posts-big-q2-loss-but-sees-profits/,The Motley Fool,0.125,0.29583333333333334,positive,0.125,True,False,False,False,False,False,True,False,0.0,183,['UAL'],UAL,2021-07-21
"Levi Strauss, Sabre Corp, Netflix, Chipotle and United Airlines highlighted as Zacks Bull and Bear of the Day","Levi Strauss, Sabre Corp, Netflix, Chipotle and United Airlines highlighted as Zacks Bull and Bear of the Day",2021-07-21 14:22:00+00:00,https://www.zacks.com/stock/news/1765009/levi-strauss-sabre-corp-netflix-chipotle-and-united-airlines-highlighted-as-zacks-bull-and-bear-of-the-day,Zacks Investment Research,0.0,0.0,neutral,0.0,False,False,False,False,False,False,False,False,0.0,220,"['UAL', 'NFLX', 'CMG', 'SABR', 'LEVI']",UAL,2021-07-21
United Airlines CEO: ‘We are exiting the tunnel’ even with delta variant,United Airlines Holdings Inc. Chief Executive Scott Kirby seeks to reassure Wall Street that the delta variant is of concern but unlikely to dent the recovery in air travel.,2021-07-21 18:20:00+00:00,https://www.marketwatch.com/story/united-airlines-ceo-we-are-exiting-the-tunnel-even-with-delta-variant-11626891653,MarketWatch,-0.5,0.5,negative,0.5,False,False,False,False,False,False,True,False,0.0,247,"['UAL', 'DAL', 'JETS']",UAL,2021-07-21
Why Airline Shares Are Soaring Today,United provides investors with a fresh batch of optimism.,2021-07-21 19:10:59+00:00,https://www.fool.com/investing/2021/07/21/why-airline-shares-are-soaring-today/,The Motley Fool,0.3,0.5,positive,0.3,False,False,False,False,False,False,False,False,0.0,95,"['UAL', 'JBLU', 'SAVE', 'AAL']",UAL,2021-07-21
Dow closes up more than 285 points as stocks extend rebound rally,"U.S. stocks closed higher Wednesday, as healthy corporate earnings reports support a rebound from a plunge that kicked off the week on fears that the spread of the delta variant of the coronavirus in many countries would slow the economic recovery from the pandemic.",2021-07-21 20:36:00+00:00,https://www.marketwatch.com/story/dow-futures-up-140-points-as-stocks-aim-to-extend-rebound-11626866817,MarketWatch,0.19374999999999998,0.3375,positive,0.19374999999999998,True,False,False,False,False,False,False,False,0.0,333,"['COMP', 'NFLX', 'UAL', 'CMG', 'KO', 'VZ', 'JPM', 'PRU']",UAL,2021-07-21
All-Around Earnings Strength,"The picture emerging from the Q2 earnings season is one of all-around strength, with impressive momentum on the revenue side particularly notable...",2021-07-21 22:22:00+00:00,https://www.zacks.com/commentary/1765562/all-around-earnings-strength,Zacks Investment Research,0.475,0.575,positive,0.475,True,False,False,False,False,False,False,False,0.0,178,"['XOM', 'MAR', 'UAL', 'GM']",UAL,2021-07-21
All-Around Earnings Strength,"The picture emerging from the Q2 earnings season is one of all-around strength, with impressive momentum on the revenue side particularly notable...",2021-07-21 22:24:00+00:00,https://www.zacks.com/commentary/1765553/all-around-earnings-strength,Zacks Investment Research,0.475,0.575,positive,0.475,True,False,False,False,False,False,False,False,0.0,178,"['XOM', 'MAR', 'UAL', 'GM']",UAL,2021-07-21
United Airlines Holdings Inc (UAL) Q2 2021 Earnings Call Transcript,"UAL earnings call for the period ending June 30, 2021.",2021-07-21 23:30:32+00:00,https://www.fool.com/earnings/call-transcripts/2021/07/21/united-airlines-holdings-inc-ual-q2-2021-earnings/,The Motley Fool,0.0,0.0,neutral,0.0,True,False,False,False,False,False,False,False,0.0,123,['UAL'],UAL,2021-07-21
7 new travel planning rules of the COVID era,"Face it, almost everything about travel has changed, from the way you book your trip to where you stay and how you get there.",2021-07-22 09:02:00+00:00,https://www.marketwatch.com/story/7-new-travel-planning-rules-of-the-covid-era-11626449447,MarketWatch,0.13636363636363635,0.45454545454545453,positive,0.13636363636363635,False,False,False,False,False,False,False,False,0.0,171,"['UAL', 'DAL', 'JBLU']",UAL,2021-07-22
"Zacks Earnings Trends Highlights: Marriott International, General Motors, ExxonMobil and United Airlines","Zacks Earnings Trends Highlights: Marriott International, General Motors, ExxonMobil and United Airlines",2021-07-22 11:06:00+00:00,https://www.zacks.com/stock/news/1765635/zacks-earnings-trends-highlights-marriott-international-general-motors-exxonmobil-and-united-airlines,Zacks Investment Research,0.02500000000000001,0.25,neutral,0.02500000000000001,True,False,False,False,False,False,False,False,0.0,210,"['XOM', 'MAR', 'UAL', 'GM']",UAL,2021-07-22
"Earnings Impress From AT&T, CSX, But Texas Instruments' Hurt By Guidance","For the third straight morning, it’s earnings to the rescue. 
After Monday’s nosedive, stocks seem poised to rise again this morning based on pre-market gains as investors watch major companies exceed Wall Street’s expectations. AT&T (NYSE: T) became the latest to impress, helped by HBO Max and a guidance lift. CSX (NASDAQ: CSX) shares are also climbing on an earnings beat for the railroad company. 
American (NASDAQ: AAL) and Southwest (NYSE: LUV) had pretty nice results, too, though their shares aren’t showing it at the moment. Leisure fares continue to pick up at a good pace, and business travel is doing better than expected but not back where people would like to see it. Also on the transport side, Union Pacific (NYSE: UNP) shares rose in pre-market trading, helped by firm earnings. It’s often a good sign for the economy when the railroads do well. 
The news wasn’t so good over at Texas Instruments (NASDAQ: TXN), where shares fell 4% in after-hours trading after the company’s forecast apparently failed to impress investors. 
Also on the negative side, initial weekly jobless claims unexpectedly jumped to 419,000, compared with Wall Street’s average estimate of around 360,000 and a nearly two-month high. It’s just one number, so nothing to get too crazy over, but we’ll have to watch the next few Thursdays and see if it’s more than a blip. 
Monday’s Losses Wiped Away
Stocks have now erased basically everything they gave up on Monday, but keep an eye out for possible profit-taking pressure as the weekend approaches. Also approaching are quarterly reports from Twitter (NASDAQ: TWTR) and Intel (NASDAQ: INTC) this afternoon, followed by American Express (NYSE: AXP) and Honeywell (NASDAQ: HON) on Friday morning.
Together, those companies could provide insight into a bunch of dynamics, including consumer demand, the semiconductor supply picture, industrial production, and the social media space. Remember to keep monitoring executive comments on anything related to inflation. HON could be a good one for insight into that. 
Earnings looked pretty good across the water in Europe earlier today, helping lift stocks there as the European Central Bank (ECB) kept rates unchanged. Travel and leisure stocks performed well in European trading, and seem geared up to do the same here in the U.S., judging by gains in the pre-market hours. Gains are also evident in the U.S. 10-year Treasury yield, now flirting with 1.3%. The yield actually hit 1.3% earlier, and that’s a level to watch. Getting above it would probably help the Financial sector, which tends to perform better when yields strengthen.
Overall, the Delta variant fears exploded on Monday but then quickly calmed over the next two days. This could also be in part due to earnings because many reporting companies have said they’ve seen no impact from the new variant. 
Great Expectations
As earnings roll along, keep in mind that with earnings expectations so high in general, it probably takes a really big beat for a company to impress. That could help explain why the bank stocks didn’t get much of a bump from last week’s strong results. Investors had arguably built strong earnings into prices, and some may have taken profit when the news actually hit. We could see more of this going forward, especially with the mega-cap Tech companies ...",2021-07-22 14:11:07+00:00,https://www.benzinga.com/news/earnings/21/07/22106087/earnings-impress-from-at-t-csx-but-texas-instruments-hurt-by-guidance,Benzinga,0.15285801564027374,0.41023460410557194,positive,0.15285801564027374,True,False,True,False,True,False,False,False,0.0,3407,"['INTC', 'AXP', 'CSX', 'DAL', 'HON', 'LUV', 'T', 'TXN', 'UNP', 'UAL', 'TWTR', 'AAL']",UAL,2021-07-22
"Alaska Air (ALK) Q2 Loss Narrower than Expected, Revenues Lag",Better air-travel demand aids Alaska Air's (ALK) Q2 results.,2021-07-22 18:53:00+00:00,https://www.zacks.com/stock/news/1766363/alaska-air-alk-q2-loss-narrower-than-expected-revenues-lag,Zacks Investment Research,0.2,0.45,positive,0.2,True,False,False,False,False,False,False,False,0.0,123,"['DAL', 'UAL', 'AAL', 'ALK']",UAL,2021-07-22
American Airlines (AAL) Posts Narrower-Than-Expected Q2 Loss,Recovery in air-travel demand aids American Airlines' (AAL) Q2 results.,2021-07-22 18:57:00+00:00,https://www.zacks.com/stock/news/1766364/american-airlines-aal-posts-narrower-than-expected-q2-loss,Zacks Investment Research,0.0,0.0,neutral,0.0,True,False,False,False,False,False,False,False,0.0,133,"['DAL', 'UAL', 'AAL', 'ALK']",UAL,2021-07-22
American Airlines Earnings: Another Subpar Quarter,America's largest airline continues to report big adjusted pre-tax losses and is on track to fall further behind peers this summer.,2021-07-23 11:24:00+00:00,https://www.fool.com/investing/2021/07/23/american-airlines-earnings-another-subpar-quarter/,The Motley Fool,-0.1,0.32499999999999996,neutral,0.1,True,False,False,False,False,False,False,False,0.0,183,"['AAL', 'UAL', 'DAL']",UAL,2021-07-23
U.S. airlines’ earnings brightened by uptick in business travel,"American Airlines Group Inc. and Southwest Airlines Co. on Thursday reported better quarterly results than investors had expected, rounding up earnings season for major U.S. airlines with an uptick in domestic business travel.",2021-07-23 12:24:00+00:00,https://www.marketwatch.com/story/u-s-airlines-earnings-brightened-by-uptick-in-business-travel-11626974937,MarketWatch,0.0925,0.3,neutral,0.0925,True,False,False,False,False,False,False,False,0.0,291,"['AAL', 'LUV', 'UAL', 'DAL', 'JETS']",UAL,2021-07-23
Only one U.S. airline ranked among the 10 best in the world — here’s who came out on top,Airlines’ track records amid the COVID-19 pandemic factored in the new ranking.,2021-07-24 12:20:00+00:00,https://www.marketwatch.com/story/only-one-u-s-airline-ranked-among-the-10-best-in-the-world-heres-who-came-out-on-top-11626885905,MarketWatch,0.40909090909090906,0.5636363636363636,positive,0.40909090909090906,False,False,False,False,False,False,False,False,0.0,169,"['AIR', 'UAL', 'HA', 'ALK', 'DAL', 'JBLU', 'LUV', 'ULCC']",UAL,2021-07-24
US Travelers Defy New COVID Fears: Airlines & Hotels Perk Up,"Despite a rise in COVID-19 cases, people are not shying away from making holiday plans, which is finally helping airline stocks like United Airlines Holdings (UAL), American Airlines (AAL) and Delta Air Lines (DAL).",2021-07-26 10:53:00+00:00,https://www.zacks.com/stock/news/1767343/us-travelers-defy-new-covid-fears-airlines-hotels-perk-up,Zacks Investment Research,0.04545454545454545,0.48484848484848486,neutral,0.04545454545454545,False,False,False,False,False,False,False,False,0.0,277,"['DAL', 'UAL', 'LUV', 'AAL']",UAL,2021-07-26
787 Dreamliner Snag Latest Issue As Boeing Earnings Near,,2021-07-26 13:57:00+00:00,https://www.investing.com/analysis/787-dreamliner-snag-latest-issue-as-boeing-earnings-near-200593641,Investing.com,0.3,0.65,positive,0.3,True,False,False,False,False,False,False,False,0.0,58,"['BA', 'DAL', 'UAL']",UAL,2021-07-26
Boeing Earnings Approach As Company Deals With New Snag Affecting 787 Planes,"It may sound a bit harsh, but it feels like Boeing (NYSE: BA) just can’t get out of its own way.
After resuming 737-MAX flights in the U.S. in late 2020 following a nearly two-year grounding, BA continues to have issues with its 787 planes. The 737-MAX return wasn’t perfect, either, with electrical issues cropping up on some planes.
All of this could help explain the disappointing performance of BA’s stock. As of mid-July, it was up just 2% in 2021, well behind the 16% growth of the S&P 500 Index (SPX). It’s also lagged counterparts in the Industrial sector, which is up nearly 17% this year.
Going into earnings later this week, BA has some things to celebrate from Q2 but also faces some new concerns. Most recently, BA said it will cut 787 “Dreamliner” production after finding a production-related structural defect, Reuters reported. In addition, a major customer partially canceled a 737-MAX order. It was a double whammy to the U.S. plane maker’s COVID-19 pandemic recovery.
The 787’s problem apparently comes down to manufacturing quality. There are questions about whether the planes’ fuselage is properly joined together down to the tiny fractions of an inch necessary, and whether the company’s verification process of that issue was adequate, media reports said.
This issue doesn’t affect planes already in service, so no grounding is required, BA said. Still, it’s holding up deliveries of some new planes and raises questions about the company’s basic manufacturing process and inspection abilities. That could be a bit unsettling for airlines buying BA equipment. The company has about 100 undelivered Dreamliners. In April it said it expected to deliver a majority of those jets during 2021. However, BA now says it won’t hit that target because of the 787’s problems.
To make things worse, BA suffered 60 order cancellations in June, up sharply from May. All of these issues swirl around as BA prepares to report its Q2 results this Wednesday.
Earnings Call Could Offer View On Travel Trends
The company’s call could be a chance for investors to regroup and get some additional insight into the new 787 issue, how many planes it affects, and how long this might take to resolve. It’s also a good opportunity to get BA’s view on the airline industry’s recovery and how much it might be hurt by this new wave of Covid cases.
BA is coming off of six consecutive quarterly losses, but until recently its executives had expressed optimism about 2021 bringing some positives. Passenger airline traffic continues to improve despite the Delta variant, with the number of people ...",2021-07-26 14:08:31+00:00,https://www.benzinga.com/news/earnings/21/07/22149493/boeing-earnings-approach-as-company-deals-with-new-snag-affecting-787-planes,Benzinga,0.056356326422115875,0.452864167995747,neutral,0.056356326422115875,True,True,True,False,True,False,False,False,0.0,2674,"['BA', 'DAL', 'UAL']",UAL,2021-07-26
Boeing Earnings Approach As Company Deals With New Snag Affecting 787 Planes,"It may sound a bit harsh, but it feels like Boeing (NYSE: BA) just can’t get out of its own way.
After resuming 737-MAX flights in the U.S. in late 2020 following a nearly two-year grounding, BA continues to have issues with its 787 planes. The 737-MAX return wasn’t perfect, either, with electrical issues cropping up on some planes.
All of this could help explain the disappointing performance of BA’s stock. As of mid-July, it was up just 2% in 2021, well behind the 16% growth of the S&P 500 Index (SPX). It’s also lagged counterparts in the Industrial sector, which is up nearly 17% this year.
Going into earnings later this week, BA has some things to celebrate from Q2 but also faces some new concerns. Most recently, BA said it will cut 787 “Dreamliner” production after finding a production-related structural defect, Reuters reported. In addition, a major customer partially canceled a 737-MAX order. It was a double whammy to the U.S. plane maker’s COVID-19 pandemic recovery.
The 787’s problem apparently comes down to manufacturing quality. There are questions about whether the planes’ fuselage is properly joined together down to the tiny fractions of an inch necessary, and whether the company’s verification process of that issue was adequate, media reports said.
This issue doesn’t affect planes already in service, so no grounding is required, BA said. Still, it’s holding up deliveries of some new planes and raises questions about the company’s basic manufacturing process and inspection abilities. That could be a bit unsettling for airlines buying BA equipment. The company has about 100 undelivered Dreamliners. In April it said it expected to deliver a majority of those jets during 2021. However, BA now says it won’t hit that target because of the 787’s problems.
To make things worse, BA suffered 60 order cancellations in June, up sharply from May. All of these issues swirl around as BA prepares to report its Q2 results this Wednesday.
Earnings Call Could Offer View On Travel Trends
The company’s call could be a chance for investors to regroup and get some additional insight into the new 787 issue, how many planes it affects, and how long this might take to resolve. It’s also a good opportunity to get BA’s view on the airline industry’s recovery and how much it might be hurt by this new wave of Covid cases.
BA is coming off of six consecutive quarterly losses, but until recently its executives had expressed optimism about 2021 bringing some positives. Passenger airline traffic continues to improve despite the Delta variant, with the number of people ...",2021-07-26 14:08:31+00:00,https://www.benzinga.com/news/earnings/21/07/22149492/boeing-earnings-approach-as-company-deals-with-new-snag-affecting-787-planes,Benzinga,0.056356326422115875,0.452864167995747,neutral,0.056356326422115875,True,True,True,False,True,False,False,False,0.0,2674,"['BA', 'DAL', 'UAL']",UAL,2021-07-26
JetBlue Airways (JBLU) Posts Narrower-Than-Expected Q2 Loss,Recovery in air-travel demand aids JetBlue Airways' (JBLU) Q2 results.,2021-07-27 17:26:00+00:00,https://www.zacks.com/stock/news/1768631/jetblue-airways-jblu-posts-narrower-than-expected-q2-loss,Zacks Investment Research,0.0,0.0,neutral,0.0,True,False,False,False,False,False,False,False,0.0,131,"['UAL', 'JBLU', 'AAL', 'ALK']",UAL,2021-07-27
"Transportation Stocks Jul 29 Earnings Roster: WAB, SAIA & More","Gradual improvement in economic activities is likely to have boosted the Q2 performance of the likes of Wabtec (WAB), Saia (SAIA) and Schneider National (SNDR) among others.",2021-07-28 15:00:00+00:00,https://www.zacks.com/stock/news/1769487/transportation-stocks-jul-29-earnings-roster-wab-saia-more,Zacks Investment Research,0.2333333333333333,0.5666666666666667,positive,0.2333333333333333,True,False,False,False,False,False,False,False,0.0,237,"['DAL', 'UAL', 'UNP', 'KEX', 'WAB', 'SAIA', 'WERN', 'SNDR']",UAL,2021-07-28
Biden expected to outline requirement for federal workers to get vaccinated or face regular tests in latest push for vaccine program,"President Joe Biden is expected to announce later Thursday a plan to require all federal employees to either get vaccinated or be subjected to regular testing, social distancing, face mask requirements and restricted travel, as he works to encourage more unvaccinated Americans to get their shots.",2021-07-29 15:14:00+00:00,https://www.marketwatch.com/story/biden-expected-to-outline-requirement-for-federal-workers-to-get-vaccinated-or-face-regular-tests-in-latest-push-for-vaccine-program-11627571673,MarketWatch,0.10416666666666667,0.30256410256410254,positive,0.10416666666666667,False,False,False,False,False,False,False,False,0.0,431,"['PFE', 'BNTX', 'MRNA', 'JNJ', 'AZN', 'AZN', 'GOOGL', 'FB', 'AAPL', 'DAL', 'UAL', 'GS', 'MS']",UAL,2021-07-29
Spirit Airlines (SAVE) Posts Narrower-Than-Expected Q2 Loss,"Reflecting the uptick in air-travel demand, traffic at Spirit Airlines (SAVE) skyrockets 865% year over year in Q2.",2021-07-29 16:59:00+00:00,https://www.zacks.com/stock/news/1770754/spirit-airlines-save-posts-narrower-than-expected-q2-loss,Zacks Investment Research,0.0,0.0,neutral,0.0,True,False,False,False,False,False,False,False,0.0,176,"['UAL', 'AAL', 'ALK', 'SAVE']",UAL,2021-07-29
"SkyWest (SKYW) Q2 Earnings Surpass, Load Factor Increases",Uptick in air-travel demand boosts SkyWest's (SKYW) Q2 results.,2021-07-30 17:45:00+00:00,https://www.zacks.com/stock/news/1771961/skywest-skyw-q2-earnings-surpass-load-factor-increases,Zacks Investment Research,0.0,0.0,neutral,0.0,True,False,False,False,False,False,False,False,0.0,122,"['UAL', 'AAL', 'ALK', 'SKYW']",UAL,2021-07-30
Transport ETFs Gain on Solid Q2 Earnings,A strong summer driving season and rounds of upbeat earnings are adding fuel to transportation.,2021-08-04 15:45:00+00:00,https://www.zacks.com/stock/news/1774414/transport-etfs-gain-on-solid-q2-earnings,Zacks Investment Research,0.21666666666666665,0.41666666666666663,positive,0.21666666666666665,True,False,False,False,False,False,False,False,0.0,137,"['DAL', 'UAL', 'UNP', 'NSC', 'JBHT', 'UPS', 'KSU', 'IYT', 'XTN', 'FTXR']",UAL,2021-08-04
United Airlines Demands Employees Get COVID-19 Vaccinations Or Risk Being Fired,"United Airlines Holdings Inc. (NASDAQ: UAL) has a message for its 67,000-member U.S. workforce: get vaccinated against COVID-19 or get a job elsewhere.
What Happened: United CEO Scott Kirby and President Brett Hart sent an internal memo to the airline’s employees that they need be vaccinated no later than Oct. 25 or else they risk losing their jobs, CNBC reported.
In order to confirm its employees are vaccinated, the airline is requiring its workers to upload proof that they received two doses of Pfizer (NYSE:",2021-08-06 14:01:31+00:00,https://www.benzinga.com/news/21/08/22373804/united-airlines-demands-employees-get-covid-19-vaccinations-or-risk-being-fired,Benzinga,0.0,0.0,neutral,0.0,False,False,False,False,False,False,True,False,0.0,596,"['JNJ', 'PFE', 'UAL', 'MRNA']",UAL,2021-08-06
More states and companies take a stand on vaccination against COVID-19 in latest push to get unvaccinated to get their shots,,2021-08-06 18:57:00+00:00,https://www.marketwatch.com/story/more-states-and-companies-take-a-stand-on-vaccination-against-covid-19-in-latest-push-to-get-unvaccinated-to-get-their-shots-11628262471,MarketWatch,0.5,0.7,positive,0.5,False,False,False,False,False,False,False,False,0.0,126,"['UAL', 'DIS', 'GOOGL', 'FB', 'AAPL', 'BLK', 'PFE', 'BNTX', 'MRNA', 'JNJ']",UAL,2021-08-06
Here’s how to start shifting a ’90s era 60/40 portfolio into a Yale-inspired future,,2021-08-06 18:59:00+00:00,https://www.marketwatch.com/story/heres-how-to-start-shifting-a-90s-era-60-40-portfolio-into-a-yale-inspired-future-11628245127,MarketWatch,0.0,0.125,neutral,0.0,False,False,False,False,False,False,False,False,0.0,85,"['PSP', 'PEX', 'SPXZ', 'BX', 'KKR', 'NVAX', 'UAL']",UAL,2021-08-06
I traveled overseas as the delta variant of COVID-19 surged. Here’s what I wish I knew before my trip,"Vaccinated Americans may have more freedom to travel internationally, but overseas excursions are more complicated amid the pandemic.",2021-08-09 10:33:00+00:00,https://www.marketwatch.com/story/i-traveled-overseas-as-the-delta-variant-of-covid-19-surged-heres-what-i-wish-i-knew-before-my-trip-11627922707,MarketWatch,0.125,0.5,positive,0.125,False,False,False,False,False,False,False,False,0.0,236,"['PFE', 'MRNA', 'DAL', 'UAL']",UAL,2021-08-09
SkyWest (SKYW) Inks Deal With Delta for 16 New E175 Jets,The deal with Delta reinforces SkyWest's (SKYW) position as the largest owner/operator of the Embraer E175 jets worldwide.,2021-08-10 19:45:00+00:00,https://www.zacks.com/stock/news/1777813/skywest-skyw-inks-deal-with-delta-for-16-new-e175-jets,Zacks Investment Research,0.13636363636363635,0.45454545454545453,positive,0.13636363636363635,False,False,False,False,False,False,False,False,0.0,180,"['DAL', 'UAL', 'AAL', 'SKYW']",UAL,2021-08-10
Southwest (LUV) Q3 Profitability View Dim on Delta Variant Woes,Southwest (LUV) slashes operating revenue guidance for the third quarter and lowers hopes of being profitable as coronavirus' Delta variant decelerates bookings and induces increase in cancellations.,2021-08-12 12:07:00+00:00,https://www.zacks.com/stock/news/1780842/southwest-luv-q3-profitability-view-dim-on-delta-variant-woes,Zacks Investment Research,0.05,0.25,neutral,0.05,True,False,False,False,False,False,False,False,0.0,264,"['DAL', 'UAL', 'LUV', 'AAL']",UAL,2021-08-12
Airline Stocks Have Been Turbulent. Here Are 3 That Can Soar,It's been a difficult few years for airlines. But turbulence can create opportunities.,2021-08-14 11:00:00+00:00,https://www.fool.com/investing/2021/08/14/airline-stocks-have-been-turbulent-here-are-3-that/,The Motley Fool,-0.35,0.55,negative,0.35,False,False,False,False,False,False,False,False,0.0,148,"['LUV', 'AMZN', 'ALK', 'DAL', 'UAL', 'SAVE', 'AAWW', 'AAL']",UAL,2021-08-14
Wall Street Breakfast: Plan For Afghanistan,"Listen on the go! A daily podcast of Wall Street Breakfast will be available by 8:00 a.m. on Seeking Alpha, iTunes, Stitcher and Spotify.",2021-08-16 10:58:48+00:00,https://seekingalpha.com/article/4449648-wall-street-breakfast-plan-for-afghanistan,Seeking Alpha,0.2,0.2,positive,0.2,False,False,False,False,False,False,False,False,0.0,182,"['UAL', 'BKNG', 'H', 'DIS', 'NFLX', 'WMT', 'TSLA', 'SPCE', 'TGT', 'LOW', 'M', 'BHP']",UAL,2021-08-16
Wall Street Breakfast: A Plan for Afghanistan (Podcast),"Our top stories today are: A Plan for Afghanistan, No Vax, No Service and Crypto Bulls Return.",2021-08-16 12:15:43+00:00,https://seekingalpha.com/article/4449667-wall-street-breakfast-a-plan-for-afghanistan-podcast,Seeking Alpha,0.5,0.5,positive,0.5,False,False,False,False,False,False,False,False,0.0,151,"['UAL', 'BKNG', 'H', 'DIS', 'NFLX', 'WMT', 'TSLA', 'SPCE']",UAL,2021-08-16
"Earnings Roundup: Boeing, Lockheed Martin, Tesla, XPO Logistics",Catching up on news in the industrials sector.,2021-08-16 21:01:38+00:00,https://www.fool.com/investing/2021/08/16/earnings-roundup-boeing-lockheed-martin-tesla-xpo/,The Motley Fool,0.6,0.9,positive,0.6,True,False,True,False,False,False,False,False,0.0,111,"['BA', 'AAPL', 'GOOGL', 'DIS', 'NFLX', 'AMZN', 'F', 'LMT', 'GM', 'PEP', 'FB', 'TSLA', 'NOC', 'LUV', 'UAL', 'UPS', 'NKE', 'WHR', 'XPO', 'GOOG', 'PYPL', 'SPCE']",UAL,2021-08-16
Airline stocks fall as delta variant leads to less traveling and ominous chart pattern appears,"Shares of airline companies traded mostly lower Monday, as travel demand has been hurt by the continued surge in new COVID-19 cases brought on by the spread of the highly infectious delta variant.",2021-08-17 10:35:00+00:00,https://www.marketwatch.com/story/airline-stocks-fall-as-delta-variant-leads-to-less-traveling-as-ominous-chart-pattern-appears-11629138766,MarketWatch,0.15742424242424244,0.39030303030303026,positive,0.15742424242424244,False,False,False,False,False,False,False,False,0.0,292,"['JETS', 'AAL', 'DAL', 'UAL', 'JBLU', 'LUV', 'SAVE']",UAL,2021-08-17
Can my employer make me get vaccinated?,"More U.S. companies including Disney, Google and Netflix are asking workers to get vaccinated against COVID-19, but is it legal?",2021-08-17 15:09:00+00:00,https://www.marketwatch.com/story/can-my-employer-make-me-get-vaccinated-11628532132,MarketWatch,0.35,0.35,positive,0.35,False,False,False,False,False,False,False,True,0.0,169,"['UAL', 'GOOGL', 'GOOG', 'WMT', 'DIS', 'FB', 'NFLX', 'WBA', 'PFE', 'BNTX', 'MRNA', 'JNJ']",UAL,2021-08-17
Why Airline Industry Slides 3.6% MTD Despite Rosy Q2 Results,Southwest Airlines (LUV) unveils a bearish Q3 outlook as the Delta variant dims air-travel prospects. Flight cancellations hit Spirit Airlines (SAVE) hard.,2021-08-18 17:24:00+00:00,https://www.zacks.com/stock/news/1783643/why-airline-industry-slides-36-mtd-despite-rosy-q2-results,Zacks Investment Research,-0.2916666666666667,0.5416666666666666,negative,0.2916666666666667,False,False,False,False,False,False,False,False,0.0,217,"['UAL', 'LUV', 'JBLU', 'AAL', 'SAVE']",UAL,2021-08-18
United (UAL) Down 6.4% Since Last Earnings Report: Can It Rebound?,United (UAL) reported earnings 30 days ago. What's next for the stock? We take a look at earnings estimates for some clues.,2021-08-19 15:30:30+00:00,https://www.zacks.com/stock/news/1784165/united-ual-down-64-since-last-earnings-report-can-it-rebound,Zacks Investment Research,-0.051851851851851864,0.11851851851851852,neutral,0.051851851851851864,True,False,False,False,False,False,False,False,0.0,191,['UAL'],UAL,2021-08-19
Reasons to Hold on to United Airlines (UAL) Stock For Now,United Airlines (UAL) is benefiting from continued improved in air-travel demand and reduced unit costs.,2021-08-19 15:44:00+00:00,https://www.zacks.com/stock/news/1784236/reasons-to-hold-on-to-united-airlines-ual-stock-for-now,Zacks Investment Research,0.0,0.0,neutral,0.0,False,False,False,False,False,False,False,False,0.0,163,"['UAL', 'R', 'SKYW', 'GATX']",UAL,2021-08-19
United Airlines (UAL) Gains But Lags Market: What You Should Know,"United Airlines (UAL) closed at $44.03 in the latest trading session, marking a +0.23% move from the prior day.",2021-08-20 21:50:04+00:00,https://www.zacks.com/stock/news/1784890/united-airlines-ual-gains-but-lags-market-what-you-should-know,Zacks Investment Research,0.13333333333333333,0.3333333333333333,positive,0.13333333333333333,False,False,False,False,False,False,False,False,0.0,178,['UAL'],UAL,2021-08-20
"US Orders Six Commercial Airlines, Including Delta, American And United To Help In Afghanistan Evacuations","U.S. Defense Secretary Lloyd Austin has asked commercial airlines in the U.S. to provide planes to help in Afghanistan evacuation efforts.
What Happened: Austin has activated a program used only three times in the last 30 years to require U.S. commercial airlines to provide planes to help speed up evacuation. 
According to Pentagon officials, the aircraft wouldn’t fly in and out of Afghanistan but carry evacuees in and out of Qatar, Bahrain, and United Arab Emirates bases. 
The airliners would augment military flights carrying Afghans to Germany, Italy, Spain, and other stops in Europe, ultimately to the United States for many Afghans. 
Austin has ordered the Commander of the U.S. ...",2021-08-22 14:53:57+00:00,https://www.benzinga.com/news/21/08/22608157/us-orders-six-commercial-airlines-including-delta-american-and-united-to-help-in-afghanistan-evacuat,Benzinga,0.09772727272727275,0.35833333333333334,neutral,0.09772727272727275,False,False,True,False,False,False,False,False,0.0,801,"['AAWW', 'HA', 'DAL', 'UAL', 'AAL']",UAL,2021-08-22
Wall Street Breakfast: A New Gig,"Listen on the go! A daily podcast of Wall Street Breakfast will be available by 8:00 a.m. on Seeking Alpha, iTunes, Stitcher and Spotify.",2021-08-23 11:08:55+00:00,https://seekingalpha.com/article/4451218-wall-street-breakfast-new-gig,Seeking Alpha,0.19015151515151515,0.28484848484848485,positive,0.19015151515151515,False,False,False,False,False,False,False,False,0.0,171,"['UBER', 'LYFT', 'DASH', 'JD', 'MSGE', 'PANW', 'WU', 'MGI', 'AAL', 'AAWW', 'DAL', 'ATSG', 'HA', 'UAL', 'PFE', 'PTON', 'CMCSA', 'MSFT', 'TSLA', 'BNTX', 'AAPL', 'WFC', 'CVX', 'AMZN', 'FB']",UAL,2021-08-23
Wall Street Breakfast: Gig Economy Hit By Legal Ruling (Podcast),"Our top stories are: New Legal Ruling Hits Gig Economy, Bitcoin and Crypto Currencies Rally and More Return to Office Delays.",2021-08-23 12:20:31+00:00,https://seekingalpha.com/article/4451243-wall-street-breakfast-gig-economy-hit-by-legal-ruling-podcast,Seeking Alpha,0.30727272727272725,0.3709090909090909,positive,0.30727272727272725,False,False,False,False,False,False,False,True,0.0,191,"['AAL', 'AAPL', 'AAWW', 'AMZN', 'ATSG', 'BNTX', 'CMCSA', 'CVX', 'DAL', 'DASH', 'FB', 'HA', 'JD', 'LYFT', 'MGI', 'MSFT', 'MSGE', 'PANW', 'PFE', 'PTON', 'TSLA', 'UAL', 'UBER', 'WFC', 'WU']",UAL,2021-08-23
Airline Recovery Continues Even As Some Cut Trips: Watch Out For These Airline Stocks,"A recovery for airline companies is in the works. The industry accrued a total of $4.1 billion in July ticket sales — a 947% increase compared with the prior year’s numbers, according to Airlines Reporting Corp. 
What Happened: In the U.S., domestic travel has been increasing for several months, while only slightly tapering in recent weeks. But despite the positive trends, July saw the first monthly decline in sales after seven consecutive months of growth. Domestic flights dropped by 2% and international trips dipped by 10%. 
Brett Snyder, who has worked in the airline industry since the 1990s and is host to the Cranky Flier blog, reported that and Delta (NYSE: DAL) and British Airways are cutting flights in the ...",2021-08-23 19:43:52+00:00,https://www.benzinga.com/news/21/08/22620578/airline-recovery-continues-even-as-some-cut-trips-watch-out-for-these-airline-stocks,Benzinga,-0.02226107226107226,0.31888111888111886,neutral,0.02226107226107226,False,False,True,False,False,False,False,False,0.0,813,"['DAL', 'UAL', 'ULCC']",UAL,2021-08-23
Should You Invest in the U.S. Global Jets ETF (JETS)?,Sector ETF report for JETS,2021-08-24 10:20:02+00:00,https://www.zacks.com/stock/news/1785679/should-you-invest-in-the-us-global-jets-etf-jets,Zacks Investment Research,0.0,0.0,neutral,0.0,False,False,True,False,False,False,False,False,0.0,81,"['JETS', 'DAL', 'UAL', 'LUV', 'IYT', 'FTXR']",UAL,2021-08-24
Why Travel Stocks Are Higher Today,Investors are feeling good about progress in fighting the pandemic.,2021-08-24 20:25:13+00:00,https://www.fool.com/investing/2021/08/24/why-travel-stocks-are-higher-today/,The Motley Fool,0.475,0.55,positive,0.475,False,False,False,False,False,False,False,False,0.0,103,"['LUV', 'UAL', 'BKNG', 'SAVE', 'AAL']",UAL,2021-08-24
Wall Street Breakfast: Pausing For Breath,"Listen on the go! A daily podcast of Wall Street Breakfast will be available by 8:00 a.m. on Seeking Alpha, iTunes, Stitcher and Spotify.",2021-08-26 11:01:15+00:00,https://seekingalpha.com/article/4451944-wall-street-breakfast-pausing-for-breath,Seeking Alpha,0.2,0.2,positive,0.2,False,False,False,False,False,False,False,False,0.0,180,"['PFE', 'BNTX', 'DAL', 'WDC', 'AMD', 'INTC', 'CRM', 'PLTR', 'AAPL', 'SNOW', 'HPQ', 'DELL', 'MSFT', 'ADI', 'NVDA', 'UAL', 'XLNX']",UAL,2021-08-26
United Airlines (UAL) Dips More Than Broader Markets: What You Should Know,"In the latest trading session, United Airlines (UAL) closed at $47.01, marking a -1.22% move from the previous day.",2021-08-26 21:50:13+00:00,https://www.zacks.com/stock/news/1787511/united-airlines-ual-dips-more-than-broader-markets-what-you-should-know,Zacks Investment Research,0.18333333333333335,0.4166666666666667,positive,0.18333333333333335,False,False,False,False,False,False,False,False,0.0,191,['UAL'],UAL,2021-08-26
What to Expect from Airline Industry Earnings,"Airline companies have benefited from the economic reopening and the easing of travel restrictions, reversing the earlier losses suffered as the pandemic took hold...",2021-08-27 18:10:00+00:00,https://www.zacks.com/commentary/1788061/what-to-expect-from-airline-industry-earnings,Zacks Investment Research,0.1,0.35,neutral,0.1,True,False,False,False,False,False,False,False,0.0,213,"['UAL', 'LUV', 'UPS', 'FDX']",UAL,2021-08-27
DAL Ups Unvaccinated Health Costs: Other Airlines to Follow?,Delta Air's (DAL) decision is aimed at addressing the financial perils the company might grapple with pertaining to unvaccinated employees.,2021-08-27 18:19:00+00:00,https://www.zacks.com/stock/news/1788075/dal-ups-unvaccinated-health-costs-other-airlines-to-follow,Zacks Investment Research,-0.0625,0.1875,neutral,0.0625,False,False,False,False,False,False,False,False,0.0,201,"['PFE', 'DAL', 'UAL', 'LUV', 'AAL', 'SAVE', 'BNTX']",UAL,2021-08-27
Wall Street Breakfast: What Moved Markets,"Listen on the go! A daily podcast of Wall Street Breakfast's Alpha Talks will be available this morning on Seeking Alpha, iTunes, Stitcher and Spotify. U.S.",2021-08-28 12:44:36+00:00,https://seekingalpha.com/article/4452403-wall-street-breakfast-what-moved-markets,Seeking Alpha,0.2,0.2,positive,0.2,False,False,False,False,False,False,False,False,0.0,199,"['UBER', 'LYFT', 'DASH', 'PFE', 'BNTX', 'DAL', 'UAL', 'SWI', 'AAPL', 'MSFT', 'AMZN', 'GOOGL', 'CHKP', 'SPRT', 'TRIL', 'BBIG', 'TKAT', 'GAMB', 'SAVA', 'TBPH', 'SLQT', 'OWLT', 'FLGC']",UAL,2021-08-28
Globalstar Stock Skyrockets On Possible Apple Deal,"Globalstar Inc. (NYSE: GSAT) shares were skyrocketing higher Monday after a note sent out by an Apple Inc. (NASDAQ: AAPL) analyst suggesting Apple could partner with Globalstar on bringing low-earth-orbit satellite communications functionality in the iPhone 13. The stock was trending throughout the day on social media sites.
Globalstar was trading 61.89% higher at $2.32 Monday afternoon. 
Globalstar Daily Chart Analysis

The stock broke out of a pennant pattern Monday following the Apple rumor. The stock saw a large gap up following ...",2021-08-30 18:48:24+00:00,https://www.benzinga.com/trading-ideas/long-ideas/21/08/22724952/globalstar-stock-skyrockets-on-possible-apple-deal,Benzinga,0.09345238095238095,0.3369047619047619,neutral,0.09345238095238095,False,False,False,False,False,False,False,False,0.0,594,"['AAPL', 'GSAT', 'UAL']",UAL,2021-08-30
Where Could United Airlines Holdings Go In The Coming Weeks?,"United Airlines Holdings Inc (NASDAQ: UAL) shares are trading lower Monday, likely a continuing momentum after the company had an airplane lose an engine while flying over Colorado.
United Airlines was down 3.59% at $46 at last check Monday.
United Airlines Daily Chart Analysis

The stock looks to be nearing the support in what technical traders call a descending triangle pattern.
The $42.50 price level has held as support multiple times in the past and may again in the future. The ...",2021-08-30 19:21:25+00:00,https://www.benzinga.com/trading-ideas/long-ideas/21/08/22724328/where-could-united-airlines-holdings-go-in-the-coming-weeks,Benzinga,-0.050694444444444445,0.22881944444444446,neutral,0.050694444444444445,False,False,False,False,False,False,False,False,0.0,552,['UAL'],UAL,2021-08-30
Apple And Home Depot Lead The Dow Jones,"U.S. indices were trading higher Monday as investors weighed Fed Chairman Powell's speech at the Jackson Hole Symposium and gauge Fed tapering policy.

The SPDR Dow Jones Industrial Average ETF Trust (NASDAQ: DIA) lost 0.14% to $354.08
The Invesco QQQ Trust Series 1 (NASDAQ: QQQ) gained 1.12% to $380.26
The SPDR S&P 500 ETF Trust (NASDAQ: SPY) gained 0.44% to $452.23

Here are the day's winners and losers from the Dow Jones, according to data from Full story available on Benzinga.com",2021-08-30 20:12:57+00:00,https://www.benzinga.com/news/21/08/22727038/apple-and-home-depot-lead-the-dow-jones,Benzinga,0.13,0.41,positive,0.13,False,False,False,False,False,False,False,False,0.0,529,"['DIA', 'SPY', 'AAPL', 'MSFT', 'AMD', 'AXP', 'BA', 'GS', 'HD', 'UAL', 'QQQ']",UAL,2021-08-30
United Airlines' (UAL) Boeing 777s May Remain Grounded in 2021,"United Airlines' (UAL) Boeing 777 jets, one of which was involved in the Denver flight scare in February, continue to be under review by the FAA and may remain grounded until early 2022.",2021-08-31 15:47:00+00:00,https://www.zacks.com/stock/news/1789375/united-airlines-ual-boeing-777s-may-remain-grounded-in-2021,Zacks Investment Research,0.1,0.3,neutral,0.1,False,False,False,False,False,False,False,False,0.0,250,"['UAL', 'SKYW', 'VLRS', 'CAAP']",UAL,2021-08-31
"EXCLUSIVE: Archer Aviation Highlights eVTOL Maker, Plan For Commercial Flights In Open House","Archer Aviation, an electric vertical takeoff and landing company set to go public via SPAC merger, highlighted the company’s path forward at an Open House Tuesday.
What Happened: Archer CEOs Brett Adcock and Adam Goldstein highlighted the company’s Maker, a four-passenger eVTOL that will help the company revolutionize air travel.
“We’re seeing unprecedented traffic inside cities,” Adcock said. “Imagine traveling from Manhattan to JFK in 10 minutes.”
Archer could help make trips that take hours to take 10 minutes and offer less noise, an electric solution and a similar cost to regular flights.
The company sought to start from scratch and redefine the aircraft experience to build a full-scale eVTOL designed ...",2021-09-01 00:01:06+00:00,https://www.benzinga.com/m-a/21/08/22730085/exclusive-archer-aviation-highlights-evtol-maker-plan-for-commercial-flights-in-open-house,Benzinga,0.05416666666666667,0.31378205128205133,neutral,0.05416666666666667,False,True,False,False,False,False,True,False,0.0,813,"['UAL', 'ACIC', 'STLA']",UAL,2021-09-01
"Reopening Day: Airlines, Casinos, Hotels Get Boost Despite Rising Covid Cases","As a new month opens, “reopening” stocks are finding some new life in spite of growing worries about the Delta variant.
Shares of stocks tied to the reopening of the economy, including casinos, restaurants, hotels, and airlines, helped lead overnight gains. Overall, Tuesday’s losses appear to be turning around as the major indices rose in pre-market trading. There was a pretty strong rally overnight and bond yields are a little higher, which could give the Financials sector a boost after they had a tough time Tuesday. 
One thing to consider today is the OPEC (Organization of Petroleum Exporting Countries) meeting. The organization and its allies had already decided earlier this year to raise production by 400,000 barrels per month, so we’ll see if they stick to that. In what could be a sign that OPEC expects strong global growth, it now says demand will increase by 4.2 million barrels per day in 2022, according to Reuters. That’s up from the previous forecast of 3.28 million. 
Also, keep an eye on the Cboe Volatility Index (VIX). It’s down again this morning, scraping around the 16 level.  That’s near the post-Covid lows, but we have a tricky Friday ahead with the jobs report and people perhaps not wanting to buy premium heading into the long weekend. VIX has stayed low, but there’s a bit of a mixed message shaping up. If VIX starts to rise, that could be a sign that investors are worried about a miss on the jobs number. 
So-called “reopening” stocks have been volatile all year, seemingly in demand one day and out of fashion the next. Perhaps some of the strength we’re seeing could relate to enthusiasm ahead of the jobs report. Recent jobs data have shown big re-hiring efforts in the leisure and hospitality sector. More of the same in Friday’s report might indicate that the industry continues to see hope ahead. 
Why The Pause?
A pause in the rally Tuesday might have had something to do with overseas data. China’s manufacturing and non-manufacturing metrics both slowed in August, reinforcing ideas that maybe Covid is starting to be a stumbling block for that huge economy.  
Crude rose early Wednesday but saw some pressure earlier this week, maybe in part on concerns about Chinese demand going forward. Any weakness there would raise questions about prices for a lot of commodities, not just crude (see chart below). Copper would be another one to watch. Prices have fallen since spring for that key industrial commodity. 
Crude still trades at levels well above recent lows. It might be getting propped up a bit by hurricane worries. Even if Ida wasn’t Katrina in terms of overall impact, it did remind everyone that the U.S. oil industry can be vulnerable this time of year, so some market participants might be putting a bit of a hurricane premium, if you will, into the complex. 
Another piece of data weighing on the market this week is U.S. consumer confidence. It fell to its lowest level since February, according to the Conference Board, as people fretted about the Delta variant and inflation. 
Looking ahead, more data arrive today, including the Institute for Supply Management’s (ISM) monthly manufacturing index for August. This is one that sometimes moves the market, and it’s been trending lower the last few months. Analysts look for a headline figure of 58.5, down from 59.5 in July, according ...",2021-09-01 14:12:50+00:00,https://www.benzinga.com/news/earnings/21/09/22760802/reopening-day-airlines-casinos-hotels-get-boost-despite-rising-covid-cases,Benzinga,0.006923890063424944,0.4394233027953958,neutral,0.006923890063424944,True,True,True,False,True,False,True,False,0.0,3431,"['CPB', 'DAL', 'AVGO', 'UAL', 'AAL', 'CHWY']",UAL,2021-09-01
"Airlines, Casinos, Hotel Shares Look Strong Despite Delta Variant",,2021-09-01 14:36:00+00:00,https://www.investing.com/analysis/airlines-casinos-hotel-shares-look-strong-despite-delta-variant-200600638,Investing.com,0.4333333333333333,0.7333333333333333,positive,0.4333333333333333,False,False,False,False,False,False,False,False,0.0,67,"['DAL', 'UAL', 'AAL', 'CPB', 'CHWY', 'AVGO', 'CME']",UAL,2021-09-01
"Delta (DAL) to Hire 1,500 Flight Attendants by Next Summer","Delta (DAL) expects to have 3,000 flight attendants, including 1,500 new hires, to cater to the expected increase in air-travel demand for summer 2022.",2021-09-01 16:52:00+00:00,https://www.zacks.com/stock/news/1789920/delta-dal-to-hire-1500-flight-attendants-by-next-summer,Zacks Investment Research,0.012121212121212116,0.28484848484848485,neutral,0.012121212121212116,False,False,False,False,False,False,False,False,0.0,211,"['DAL', 'UAL', 'SKYW', 'VLRS']",UAL,2021-09-01
United Airlines (UAL) Stock Sinks As Market Gains: What You Should Know,"United Airlines (UAL) closed at $46.19 in the latest trading session, marking a -0.69% move from the prior day.",2021-09-01 21:50:24+00:00,https://www.zacks.com/stock/news/1790009/united-airlines-ual-stock-sinks-as-market-gains-what-you-should-know,Zacks Investment Research,0.075,0.25,neutral,0.075,False,False,False,False,False,False,False,False,0.0,184,['UAL'],UAL,2021-09-01
"Goldman Sachs, McDonald’s, tell employees to get vaccinated before coming back to work",See which U.S. companies are requiring workers to get vaccinated before returning to the office,2021-09-02 16:41:00+00:00,https://www.marketwatch.com/story/disney-google-and-other-u-s-companies-requiring-workers-to-get-vaccinated-before-returning-to-the-office-11627935376,MarketWatch,0.0,0.0,neutral,0.0,False,False,False,False,False,False,False,False,0.0,183,"['NYT', 'AAPL', 'BLK', 'COF', 'C', 'DIS', 'FB', 'GS', 'GOOG', 'GOOGL', 'HBI', 'JEF', 'LYFT', 'MCD', 'MSFT', 'MS', 'CMCSA', 'NFLX', 'TWTR', 'TSN', 'UBER', 'UAL', 'WBA', 'PFE', 'BNTX', 'MRNA', 'JNJ', 'WMT']",UAL,2021-09-02
"Airline Stock Roundup: DAL's Hiring Plans, LUV in a Legal Wrangle & More","Delta (DAL) aims to boost its headcount by inducting in more flight attendants. Meanwhile, Southwest Airlines' (LUV) pilots file a lawsuit against the company.",2021-09-02 19:25:00+00:00,https://www.zacks.com/stock/news/1790652/airline-stock-roundup-dals-hiring-plans-luv-in-a-legal-wrangle-more,Zacks Investment Research,0.39999999999999997,0.39999999999999997,positive,0.39999999999999997,False,False,False,False,False,False,False,True,0.0,233,"['RYAAY', 'DAL', 'UAL', 'LUV', 'GOL', 'ALK']",UAL,2021-09-02
3 Ways You Can Beat Warren Buffett in the Stock Market,"He may be one of the world's best stock-pickers, but he's not a particularly well-rounded one. He's also hindered by the sheer size of Berkshire Hathaway.",2021-09-03 11:18:00+00:00,https://www.fool.com/investing/2021/09/03/3-ways-you-can-beat-warren-buffett-stock-market/,The Motley Fool,0.17916666666666664,0.37083333333333335,positive,0.17916666666666664,False,False,False,False,False,False,False,False,0.0,210,"['BRK.A', 'BRK.B', 'BAC', 'AAPL', 'VZ', 'KO', 'FB', 'USB', 'LUV', 'UAL', 'AXP', 'DAL', 'NVDA', 'AAL', 'SNOW']",UAL,2021-09-03
American Airlines (AAL) to End Unvaccinated Staff Special Leaves,"American Airlines (AAL) is set to scrap its special leave policy for unvaccinated employees who contract COVID-19, while retaining the same for the fully vaccinated staff.",2021-09-06 15:33:00+00:00,https://www.zacks.com/stock/news/1792549/american-airlines-aal-to-end-unvaccinated-staff-special-leaves,Zacks Investment Research,0.14285714285714285,0.25357142857142856,positive,0.14285714285714285,False,False,False,False,False,False,False,False,0.0,237,"['DAL', 'UAL', 'AAL', 'ALK']",UAL,2021-09-06
Air-Traffic Recovery Adds Stimulus to Latin American Carriers,"Restoration of air traffic in Latin America augurs well for Gol Linhas (GOL), Copa Holdings (CPA)) and Azul (AZUL).",2021-09-07 17:16:00+00:00,https://www.zacks.com/stock/news/1793071/air-traffic-recovery-adds-stimulus-to-latin-american-carriers,Zacks Investment Research,0.0,0.0,neutral,0.0,False,False,False,False,False,False,False,False,0.0,178,"['UAL', 'LUV', 'GOL', 'CPA', 'AAL', 'ALK', 'AZUL']",UAL,2021-09-07
"Biden’s new pandemic approach to include vaccine mandates for federal workers, as U.S. averages 1,500 COVID deaths a day","President Joe Biden is expected to unveil a new approach to containing the coronavirus pandemic at an event planned for 5 p.m. Eastern Thursday, and he intends to mandate vaccination for all federal employees, according to a report.",2021-09-09 15:07:00+00:00,https://www.marketwatch.com/story/bidens-new-pandemic-approach-to-include-vaccine-mandates-for-federal-workers-as-u-s-averages-1-500-covid-deaths-a-day-11631199486,MarketWatch,0.057575757575757565,0.43636363636363634,neutral,0.057575757575757565,False,False,False,False,False,False,False,False,0.0,354,"['PFE', 'BNTX', 'MRNA', 'UAL', 'DAL', 'AAL', 'LUV', 'JBLU']",UAL,2021-09-09
"Airline stocks rally, as slew of revenue warnings come with signs of recovery",Several U.S. airlines warn investors that their third-quarter revenue would be weaker than previously forecast as the recent spike in COVID-19 cases has cut down on people's travel plans.,2021-09-09 16:05:00+00:00,https://www.marketwatch.com/story/airline-stocks-rally-as-slew-of-revenue-warnings-come-with-signs-of-recovery-11631199919,MarketWatch,-0.08055555555555556,0.17638888888888887,neutral,0.08055555555555556,True,False,False,False,False,False,False,False,0.0,266,"['JETS', 'DAL', 'AAL', 'UAL', 'LUV', 'JBLU']",UAL,2021-09-09
U.S. airlines cut Q3 guidance as COVID cases surge again,"United Airlines Holdings Inc (NASDAQ: UAL) said on Thursday it no longer expects to pull out of adjusted pre-tax losses in its fiscal third quarter as rising COVID-19 cases were hurting bookings. Peers American, Delta, and Southwest airlines also issued similar warnings. Airlines’ stocks, however, are still trading up on Thursday. United Airlines might trim […]
The post U.S. airlines cut Q3 guidance as COVID cases surge again appeared first on Invezz.",2021-09-09 16:07:35+00:00,https://invezz.com/news/2021/09/09/u-s-airlines-cut-q3-guidance-as-covid-cases-surge-again/,Invezz,0.0625,0.18333333333333335,neutral,0.0625,True,False,False,False,False,False,False,False,0.0,513,['UAL'],UAL,2021-09-09
Azul's (AZUL) August Traffic Surges 173% Year Over Year,"Backed by growth in the domestic market, consolidated load factor at Azul (AZUL) increases 2.5 percentage points year over year to 77.9% in August 2021.",2021-09-09 17:34:00+00:00,https://www.zacks.com/stock/news/1794466/azuls-azul-august-traffic-surges-173-year-over-year,Zacks Investment Research,0.0,0.1,neutral,0.0,False,False,False,False,False,False,False,False,0.0,209,"['UAL', 'GOL', 'CPA', 'AZUL']",UAL,2021-09-09
"Airline Stock Roundup: ALK's Delta Variant-Led Warning, GOL, AZUL in Focus",Alaska Air (ALK) tapers Q3 view on Delta variant-triggered woes. Gol Linhas' (GOL) traffic surges 84.7% year over year in August.,2021-09-09 17:52:00+00:00,https://www.zacks.com/stock/news/1794472/airline-stock-roundup-alks-delta-variant-led-warning-gol-azul-in-focus,Zacks Investment Research,0.0,0.0,neutral,0.0,False,False,False,False,False,False,False,False,0.0,205,"['RYAAY', 'UAL', 'LUV', 'GOL', 'CPA', 'ALK', 'AZUL']",UAL,2021-09-09
Why Airline Stocks Are Flying Higher Today,The Delta variant is taking less of a toll on the industry than some had feared.,2021-09-09 18:04:45+00:00,https://www.fool.com/investing/2021/09/09/why-airline-stocks-are-flying-higher-today/,The Motley Fool,0.04166666666666667,0.2833333333333333,neutral,0.04166666666666667,False,False,False,False,False,False,False,False,0.0,124,"['JBLU', 'LUV', 'UAL', 'DAL', 'SAVE', 'AAL']",UAL,2021-09-09
ETFs in Focus on Airlines' Slowdown Warnings,"The slew of revenue warnings comes with signs of recovery, thereby leading to spike in airline stocks.",2021-09-10 14:05:00+00:00,https://www.zacks.com/stock/news/1794768/etfs-in-focus-on-airlines-slowdown-warnings,Zacks Investment Research,0.0,0.0,neutral,0.0,True,False,False,False,False,False,False,False,0.0,148,"['PFE', 'DAL', 'UAL', 'LUV', 'AWAY', 'AAL', 'JETS', 'TRYP', 'CRUZ']",UAL,2021-09-10
Bond Investors Have A Lot To Digest,,2021-09-10 15:38:00+00:00,https://www.investing.com/analysis/bond-investors-have-a-lot-to-digest-200601553,Investing.com,0.0,0.0,neutral,0.0,False,False,False,False,False,False,False,False,0.0,37,"['KR', 'WFC', 'CAT', 'HD', 'PZZA', 'ICE', 'AAL', 'DAL', 'JBLU', 'LUV', 'UAL', 'SV', 'HTPA', 'NXU']",UAL,2021-09-10
Why U.S. Airline Stocks Gained Yesterday Despite Dim Views,"Stocks like Delta (DAL), American Airlines (AAL) and Southwest (LUV) gain on Thursday despite the Delta variant-induced dull warnings.",2021-09-10 17:45:00+00:00,https://www.zacks.com/stock/news/1795016/why-us-airline-stocks-gained-yesterday-despite-dim-views,Zacks Investment Research,-0.0638888888888889,0.3333333333333333,neutral,0.0638888888888889,False,False,False,False,False,False,False,False,0.0,194,"['PFE', 'DAL', 'UAL', 'LUV', 'JBLU', 'AAL', 'ALK', 'BNTX']",UAL,2021-09-10
Why U.S. Airline Stocks Gained Yesterday Despite Dim Views,"Stocks like Delta (DAL), American Airlines (AAL) and Southwest (LUV) gain on Thursday despite the Delta variant-induced dull warnings.",2021-09-10 18:56:00+00:00,https://www.zacks.com/stock/news/1795019/why-us-airline-stocks-gained-yesterday-despite-dim-views,Zacks Investment Research,-0.0638888888888889,0.3333333333333333,neutral,0.0638888888888889,False,False,False,False,False,False,False,False,0.0,194,"['PFE', 'DAL', 'UAL', 'LUV', 'JBLU', 'AAL', 'ALK', 'BNTX']",UAL,2021-09-10
Delta Variant And The Market: What To Know,"The Delta variant has caused new COVID cases to surge, global trade and supply chain disruptions persist, rates and tapering remain on watch. Some stocks for the remainder of 2021...",2021-09-13 05:47:46+00:00,https://seekingalpha.com/article/4454821-delta-variant-and-the-market-what-to-know,Seeking Alpha,0.06818181818181818,0.22727272727272727,neutral,0.06818181818181818,False,False,False,False,False,False,False,False,0.0,226,"['AAPL', 'AFRM', 'AMZN', 'ASAN', 'BBY', 'CAKE', 'CCL', 'CHGG', 'CLX', 'COST', 'CPB', 'CRM', 'CRWD', 'CUK', 'DDOG', 'DIN', 'DOCU', 'EXPE', 'F', 'FB', 'FDX', 'GM', 'GOOG', 'GOOGL', 'LULU', 'MRNA', 'MSFT', 'NET', 'NKE', 'PEP', 'PG', 'PHM', 'PPG', 'PYPL', 'RRGB', 'SAVE', 'SHAK', 'SHOP', 'SHW', 'TEAM', 'TGT', 'TRIP', 'UAL', 'UNP', 'UPS', 'WMT', 'JWN', 'M', 'MO', 'PM']",UAL,2021-09-13
Hawaiian Holdings' (HA) Q3 View Dims on Delta Variant-Led Woes,Hawaiian Holdings (HA) currently expects the September-quarter fuel cost per gallon to be $2.06.,2021-09-13 17:09:00+00:00,https://www.zacks.com/stock/news/1795762/hawaiian-holdings-ha-q3-view-dims-on-delta-variant-led-woes,Zacks Investment Research,0.0,0.4,neutral,0.0,False,False,False,False,False,False,False,False,0.0,160,"['DAL', 'UAL', 'LUV', 'HA']",UAL,2021-09-13
Delta Air Lines Continues Its Run of Outperformance,Delta's margin advantage over American Airlines and United Airlines remains intact.,2021-09-14 11:21:00+00:00,https://www.fool.com/investing/2021/09/14/delta-air-lines-continues-its-run-of-outperformanc/,The Motley Fool,0.0,0.0,neutral,0.0,False,False,False,False,False,False,False,False,0.0,136,"['DAL', 'UAL', 'AAL']",UAL,2021-09-14
3 Stocks to Watch From the Delta-Variant Hit Airline Industry,"Upbeat air-traffic in Latin America bodes well for carriers like AZUL, CPA and GOL. However, the spread of the Delta variant in places like the United States is a setback for the Zacks Airline industry.",2021-09-14 15:59:00+00:00,https://www.zacks.com/commentary/1796122/3-stocks-to-watch-from-the-delta-variant-hit-airline-industry,Zacks Investment Research,0.0,0.0,neutral,0.0,False,False,False,False,False,False,False,False,0.0,265,"['AZUL', 'DAL', 'UAL', 'LUV', 'GOL', 'CPA', 'ALK']",UAL,2021-09-14
"Airline Stock Roundup: DAL, UAL & Others Issue Bearish Q3 Views, CPA in Focus",United Airlines (UAL) expects third-quarter 2021 revenues to decline approximately 33% from the third-quarter 2019 reading. Delta (DAL) expects Q3 fuel price per gallon in the $1.96-$2 band.,2021-09-15 17:11:00+00:00,https://www.zacks.com/stock/news/1796886/airline-stock-roundup-dal-ual-others-issue-bearish-q3-views-cpa-in-focus,Zacks Investment Research,-0.4,0.6,negative,0.4,True,False,False,False,False,False,False,False,0.0,269,"['DAL', 'UAL', 'LUV', 'JBLU', 'GOL', 'CPA', 'AZUL']",UAL,2021-09-15
"United Airlines (UAL) to Connect Washington, D.C. With Lagos","United Airlines (UAL) strengthens its African base with the first-ever nonstop service between Washington, D.C. and Nigeria.",2021-09-20 13:19:00+00:00,https://www.zacks.com/stock/news/1798400/united-airlines-ual-to-connect-washington-dc-with-lagos,Zacks Investment Research,-0.4,0.5,negative,0.4,False,False,False,False,False,False,False,False,0.0,186,"['UAL', 'CPA', 'SKYW', 'VLRS']",UAL,2021-09-20
Hopes for a business-travel boost are dwindling for U.S. airlines as September bump fails to materialize,"A once-reliable demand bump for business travel in September and October is not happening this year, with Wall Street shifting hopes to a January resurgence.",2021-09-20 16:46:00+00:00,https://www.marketwatch.com/story/hopes-for-a-business-travel-boost-are-dwindling-for-u-s-airlines-as-september-bump-fails-to-materialize-11632156367,MarketWatch,-0.5,0.3,negative,0.5,False,False,False,False,False,False,False,False,0.0,263,"['DAL', 'UAL', 'AAL', 'ALK', 'GOL', 'JETS']",UAL,2021-09-20
U.S. to Ease International Travel Curbs: Airline Names Take Off,"Shares of JetBlue (JBLU), which started flying to London in August, gain 1.91% on Sep 20.",2021-09-21 18:14:00+00:00,https://www.zacks.com/stock/news/1799220/us-to-ease-international-travel-curbs-airline-names-take-off,Zacks Investment Research,0.0,0.0,neutral,0.0,False,False,False,False,False,False,False,False,0.0,154,"['DAL', 'UAL', 'LUV', 'JBLU', 'AAL', 'ALK']",UAL,2021-09-21
The pandemic has turned United Airlines into a thriving freight company,United has embraced cargo flights more enthusiastically than any other passenger airlines. Now it's looking to hold onto its freight revenue post-pandemic.,2021-09-21 19:55:53+00:00,https://qz.com/2062867/the-pandemic-turned-united-airlines-into-a-freight-company/,Quartz,0.1875,0.4375,positive,0.1875,True,False,False,False,False,False,False,False,0.0,228,['UAL'],UAL,2021-09-21
"Amazon Dishes Out Cars, $100K In Rewards To Workers As It Seeks To Encourage Staff Vaccination","Amazon.com, Inc (NASDAQ: AMZN) has dished out cars and $100,000 in cash bonuses to employees at its warehouses and at Whole Foods who got vaccinated.
What Happened: The e-commerce behemoth has given away cars worth as much as $40,000 to four warehouse workers and one Whole Foods team member, as per an Instagram post. 
The post by the “Amazon Vest Life” account contained brief biographies of the winning staff members, who all said they were vaccinated.
Three warehouse and Whole Foods employees received a $100,000 award last week for ...",2021-09-22 07:03:31+00:00,https://www.benzinga.com/news/21/09/23045358/amazon-dishes-out-cars-100k-in-rewards-to-workers-as-it-seeks-to-encourage-staff-vaccination,Benzinga,0.19999999999999998,0.33125000000000004,positive,0.19999999999999998,False,False,False,False,False,False,False,False,0.0,637,"['AMZN', 'CVS', 'KR', 'UAL']",UAL,2021-09-22
"The Zacks Analyst Blog Highlights: Delta Air Lines, American Airlines, United Airlines, Southwest Airlines and JetBlue Airways","The Zacks Analyst Blog Highlights: Delta Air Lines, American Airlines, United Airlines, Southwest Airlines and JetBlue Airways",2021-09-22 11:42:00+00:00,https://www.zacks.com/stock/news/1799335/the-zacks-analyst-blog-highlights-delta-air-lines-american-airlines-united-airlines-southwest-airlines-and-jetblue-airways,Zacks Investment Research,0.0,0.0,neutral,0.0,False,False,False,False,False,False,False,False,0.0,254,"['DAL', 'UAL', 'LUV', 'JBLU', 'AAL']",UAL,2021-09-22
Good News for Airlines: The U.S. Will Open to More Foreign Visitors,U.S. airlines with significant international operations are finally getting a break.,2021-09-22 14:23:00+00:00,https://www.fool.com/investing/2021/09/22/good-news-for-airlines-the-us-will-open-to-more-fo/,The Motley Fool,0.20714285714285713,0.5142857142857143,positive,0.20714285714285713,False,False,False,False,False,False,False,False,0.0,153,"['DAL', 'UAL', 'AAL']",UAL,2021-09-22
The Game Is On With 4 Companies Courting College Athletes To Sell Their Brands,"Rules regarding college athletes profiting from their name, image and likeness (NIL) changed on June 30 when the NCAA's board suspended them. This followed the U.S. Supreme Court's ruling against NCAA restrictions on education-related benefits for student-athletes on June 29.
The rule changes are now beginning to materialize real consequences as brands are courting athletes to sell their products. 
What Happened: Several companies are working in tandem with ...",2021-09-22 15:19:39+00:00,https://www.benzinga.com/news/21/09/23037806/the-game-is-on-with-4-companies-courting-college-athletes-to-sell-their-brands,Benzinga,-0.06666666666666667,0.23333333333333336,neutral,0.06666666666666667,True,False,False,False,True,False,False,True,0.0,545,"['DISH', 'UAL', 'SHOP']",UAL,2021-09-22
Why Investors Were Excited Even Though Airline Stocks Lowered Guidance,"Airlines say the delta variant of the coronavirus is going to negatively hit their financial results, but stocks were up anyway.",2021-09-23 12:30:00+00:00,https://www.fool.com/investing/2021/09/23/why-investors-were-excited-even-though-airline-sto/,The Motley Fool,0.025000000000000005,0.3833333333333333,neutral,0.025000000000000005,False,False,False,False,False,False,False,False,0.0,200,"['SAVE', 'JBLU', 'LUV', 'UAL', 'DAL', 'AAL']",UAL,2021-09-23
"Airline Stock Roundup: RYAAY's Bullish View for Traffic, AAL, JBLU in Focus",Ryanair (RYAAY) expects fiscal 2022 traffic in the range of 90-100 million compared with 27.5 million in fiscal 2021. Gol Linhas (GOL) boosts its liquidity position.,2021-09-23 17:53:00+00:00,https://www.zacks.com/stock/news/1800302/airline-stock-roundup-ryaays-bullish-view-for-traffic-aal-jblu-in-focus,Zacks Investment Research,0.0,0.0,neutral,0.0,False,False,False,False,False,False,False,False,0.0,242,"['RYAAY', 'UAL', 'JBLU', 'GOL', 'AAL']",UAL,2021-09-23
"US Airlines are planning to unnecessarily burn 20,000 tons of CO2 per day because of FAA rules",US-based airlines have scheduled 13% more flights in and out of the seven airports covered by the slot rule,2021-09-24 16:23:29+00:00,https://qz.com/2063723/airlines-may-emit-20000-tons-of-co2-a-day-because-of-the-faa-slot-rule/,Quartz,0.04999999999999999,0.7,neutral,0.04999999999999999,False,False,False,False,False,False,False,False,0.0,203,"['AAL', 'DAL', 'LUV', 'UAL']",UAL,2021-09-24
3 Transportation Stocks With Dividend Growth to Keep Tabs On,"Strong free cash-flow generation is a positive for dividend-paying stocks like Union Pacific (UNP), UPS and Norfolk Southern (NSC).",2021-09-27 13:30:00+00:00,https://www.zacks.com/stock/news/1801258/3-transportation-stocks-with-dividend-growth-to-keep-tabs-on,Zacks Investment Research,0.26515151515151514,0.5196969696969697,positive,0.26515151515151514,False,False,False,False,False,True,False,False,0.0,193,"['DAL', 'UAL', 'UNP', 'NSC', 'UPS']",UAL,2021-09-27
United Airlines (UAL) Fined $1.9 Million For Tarmac Delays,DOT imposes fine on United Airlines (UAL) for violating the former's rule pertaining to tarmac delays.,2021-09-27 15:02:00+00:00,https://www.zacks.com/stock/news/1801299/united-airlines-ual-fined-19-million-for-tarmac-delays,Zacks Investment Research,0.20833333333333334,0.25,positive,0.20833333333333334,False,False,False,False,False,False,False,False,0.0,162,"['CSX', 'UAL', 'SNDR', 'TFII']",UAL,2021-09-27
United Airlines moving to fire nearly 600 workers who refuse to get vaccinated,"United Airlines Holdings Inc. is moving ahead with plans to terminate close to 600 employees who didn’t meet its COVID-19 vaccination deadline, company officials said Tuesday.",2021-09-29 00:42:00+00:00,https://www.marketwatch.com/story/united-airlines-moving-to-fire-nearly-600-workers-who-refuse-to-get-vaccinated-11632876141,MarketWatch,0.1,0.4,neutral,0.1,False,False,False,False,False,False,False,False,0.0,255,['UAL'],UAL,2021-09-29
Wall Street Breakfast: In Need Of Direction,"Listen on the go! A daily podcast of Wall Street Breakfast will be available by 8:00 a.m. on Seeking Alpha, iTunes, Stitcher and Spotify. In need of direction U.S.",2021-09-29 11:04:03+00:00,https://seekingalpha.com/article/4457629-wall-street-breakfast-in-need-of-direction,Seeking Alpha,0.2,0.2,positive,0.2,False,False,False,False,False,False,False,False,0.0,208,"['FB', 'MSFT', 'GOOGL', 'JPM', 'MS', 'WRBY', 'TROW', 'EYE', 'AMZN', 'DIS', 'UAL', 'AMAT', 'ASML', 'LCID', 'PFE', 'MU', 'F', 'AFRM']",UAL,2021-09-29
Wall Street Breakfast: In Need Of Direction (Podcast),Our top stories today: In need of direction; U.S. credit default?; and Warby Parker.,2021-09-29 11:53:47+00:00,https://seekingalpha.com/article/4457644-wall-street-breakfast-in-need-of-direction-podcast,Seeking Alpha,0.5,0.5,positive,0.5,False,False,False,False,False,False,False,False,0.0,139,"['FB', 'MSFT', 'GOOGL', 'JPM', 'MS', 'WRBY', 'TROW', 'EYE', 'AMZN', 'DIS', 'UAL', 'AMAT', 'ASML', 'LCID', 'PFE', 'MU', 'F', 'AFRM']",UAL,2021-09-29
United Airlines (UAL) Inks Codeshare Agreement With Airlink,United Airlines' (UAL) deal with Airlink is aimed toward boosting connectivity between the United States and Southern Africa.,2021-09-29 14:16:00+00:00,https://www.zacks.com/stock/news/1802483/united-airlines-ual-inks-codeshare-agreement-with-airlink,Zacks Investment Research,0.0,0.0,neutral,0.0,False,False,False,False,False,False,False,False,0.0,186,"['UAL', 'CHRW', 'SNDR', 'TFII']",UAL,2021-09-29
United Airlines (UAL) to Sack Workers on Vaccine Refusal Grounds,The 593 workers of United Airlines (UAL) have not applied for exemption from getting jabbed on medical or religious grounds.,2021-09-29 18:22:00+00:00,https://www.zacks.com/stock/news/1802760/united-airlines-ual-to-sack-workers-on-vaccine-refusal-grounds,Zacks Investment Research,0.0,0.125,neutral,0.0,False,False,False,False,False,False,False,False,0.0,190,"['PFE', 'DAL', 'UAL', 'BNTX']",UAL,2021-09-29
"Airline Stock Roundup: AAL Inks Deal With Indian Carrier, UAL, ALK in Focus",American Airlines (AAL) aims to facilitate travel to India. United Airlines (UAL) is charged with a fine for flouting rules pertaining to tarmac delays.,2021-09-29 18:22:00+00:00,https://www.zacks.com/stock/news/1802761/airline-stock-roundup-aal-inks-deal-with-indian-carrier-ual-alk-in-focus,Zacks Investment Research,0.20833333333333334,0.25,positive,0.20833333333333334,False,False,False,False,False,False,False,False,0.0,229,"['RYAAY', 'UAL', 'GOL', 'CPA', 'AL', 'AAL', 'ALK']",UAL,2021-09-29
"CDC study finds side effects from COVID-19 vaccine booster are the same as after second shot, as experts urge unvaccinated to get their first shots","The side effects from a booster dose of the COVID-19 vaccine developed by Pfizer and German partner BioNTech are similar to those suffered after a second dose, according to a study published by the U.S.' main public health agency, and are occurring at roughly the same rate.",2021-09-30 11:10:00+00:00,https://www.marketwatch.com/story/cdc-study-finds-side-effects-from-covid-19-vaccine-booster-are-the-same-as-after-second-shot-as-experts-urge-unvaccinated-to-get-their-first-shots-11632926495,MarketWatch,0.03787878787878787,0.18939393939393936,neutral,0.03787878787878787,False,False,True,False,False,False,False,False,0.0,423,"['BNTX', 'PFE', 'MRNA', 'JNJ', 'UAL', 'GOOG', 'GOOGL']",UAL,2021-09-30
"Altimeter's Brad Gerstner Sells Travel Stocks, Buys These Growth Stocks: 'People Underappreciate The Size Of The Future Market'","Altimeter Capital chairman and CEO Brad Gerstner provided a long-term bullish outlook Wednesday, but added he is positioned for a short-term pullback in the markets.
""We expect the Nasdaq still has another 10% to 15% it can give back to us,"" Gerstner said in an interview at CNBC's ""Delivering Alpha Conference.""
A 10% to 15% correction would put stocks more in line with historical valuations in terms of multiples for growth stocks, he said, adding that such a correction would be healthy for the markets. 
Gerstner noted that Altimeter Capital's current net exposure is about 50% versus the 90% exposure the hedge fund had last year.
""At the same time, ...",2021-09-30 16:00:34+00:00,https://www.benzinga.com/trading-ideas/long-ideas/21/09/23177136/altimeters-brad-gerstner-sells-travel-stocks-buys-these-growth-stocks-people-underapprec,Benzinga,0.1,0.22166666666666668,neutral,0.1,False,True,False,False,False,False,True,False,0.0,788,"['EXPE', 'UAL', 'SNOW', 'PTON']",UAL,2021-09-30
Why Airline Stocks Are Flying High Today,A Wall Street analyst sees upside from here for the airlines.,2021-10-01 15:43:21+00:00,https://www.fool.com/investing/2021/10/01/why-airline-stocks-are-flying-high-today/,The Motley Fool,0.16,0.5399999999999999,positive,0.16,False,False,False,False,False,False,False,False,0.0,103,"['LUV', 'JBLU', 'UAL', 'DAL']",UAL,2021-10-01
The Stock Market's October Surprise Could Be Positive,Some beaten-down sectors started the month right.,2021-10-01 21:41:00+00:00,https://www.fool.com/investing/2021/10/01/the-stock-markets-october-surprise-could-be-positi/,The Motley Fool,0.2564935064935065,0.5405844155844155,positive,0.2564935064935065,False,False,True,False,False,False,False,False,0.0,104,"['LUV', 'CCL', 'RCL', 'UAL', 'DAL', 'H', 'BKNG', 'EXPE', 'NCLH', 'HLT', 'ABNB']",UAL,2021-10-01
"Apple, Microsoft, Disney And Amazon Lobby Against Climate Bill: Report","Apple Inc. (NASDAQ: AAPL), Amazon.com, Inc. (NASDAQ: AMZN), Microsoft Corporation (NASDAQ: MSFT) and Walt Disney Co (NYSE: DIS) are among the firms lobbying against a U.S. bill that among its many elements, also deals with climate change.  
What Happened: On Friday, a Computing report stated these companies support corporate lobby groups attempting to block climate legislation in the U.S.
The Biden administration is trying to pass the $3.5 trillion spending package called the ""Build Back Better Act"" that includes objectives that tackle climate change. The legislation would introduce a tax on methane gas, an expansion of tax credits for renewables and electric vehicles, and a push for utilities to use clean energy. The measures could allegedly lower the United States' greenhouse gas emissions by up to 936 million tons by 2030 — which is 14% of ...",2021-10-01 21:53:17+00:00,https://www.benzinga.com/government/21/10/23198880/apple-microsoft-disney-and-amazon-lobby-against-climate-bill-report,Benzinga,0.2111111111111111,0.30000000000000004,positive,0.2111111111111111,False,False,False,False,False,False,False,False,0.0,930,"['AAPL', 'AMZN', 'INTU', 'MSFT', 'DIS', 'UAL']",UAL,2021-10-01
"Baggage claim: Two men charged with stealing $550,000 from airlines in lost-luggage scam",Prosecutors say the men made phony claims for lost bags on dozens of flights.,2021-10-02 13:02:00+00:00,https://www.marketwatch.com/story/baggage-claim-two-men-charged-with-stealing-550-000-from-airlines-in-lost-luggage-scam-11632526126,MarketWatch,0.0,0.0,neutral,0.0,False,False,True,False,False,False,False,False,0.0,167,"['AAL', 'UAL', 'JBLU', 'LUV', 'ALK']",UAL,2021-10-02
U.S. Aviation Stocks Gain After Update on Merk's COVID-19 Pill,Delta Air Lines (DAL) management's commentary that its ticket sales are improving bodes well.,2021-10-04 17:31:00+00:00,https://www.zacks.com/stock/news/1804833/us-aviation-stocks-gain-after-update-on-merks-covid-19-pill,Zacks Investment Research,0.0,0.0,neutral,0.0,False,False,False,False,False,False,True,False,0.0,157,"['DAL', 'UAL', 'LUV', 'JBLU', 'MRK', 'ALK', 'SAVE']",UAL,2021-10-04
"U.S. COVID-19 cases and hospitalizations continue to decline, but experts lament preventable deaths that have pushed toll above 700,000","U.S. cases and hospitalizations from the coronavirus-borne illness COVID-19 continued their recent steady decline on Monday, as the nation seems to be moving past a July surge caused by the highly transmissible delta variant.",2021-10-05 10:59:00+00:00,https://www.marketwatch.com/story/u-s-covid-19-cases-and-hospitalizations-continue-to-decline-but-experts-lament-preventable-deaths-that-have-pushed-toll-above-700-000-11633358051,MarketWatch,0.015333333333333332,0.328,neutral,0.015333333333333332,False,False,False,False,False,False,False,False,0.0,362,"['UAL', 'AAL', 'ALK', 'JBLU', 'BNTX', 'PFE', 'MRK', 'RDHL', 'MRNA', 'JNJ']",UAL,2021-10-05
Alaska Air (ALK) Arm Inks Codeshare Deal With Iberia Airlines,"Alaska Air (ALK) unit Alaska Airlines offers customers easy access to international destinations in Europe, through the codeshare agreement, effective Oct 7.",2021-10-06 12:21:00+00:00,https://www.zacks.com/stock/news/1806061/alaska-air-alk-arm-inks-codeshare-deal-with-iberia-airlines,Zacks Investment Research,0.2833333333333333,0.4083333333333333,positive,0.2833333333333333,False,False,False,False,False,False,False,False,0.0,220,"['UAL', 'GOL', 'AAL', 'ALK']",UAL,2021-10-06
"Goldman Sachs cuts ratings on American and JetBlue, but says it’s still ‘positive’ on airlines","Goldman Sachs analysts say they are still ""positive on the path to profitability"" for U.S. airlines, but profits are likely to be slower to return amid rising fuel prices and worse sales.",2021-10-07 12:39:00+00:00,https://www.marketwatch.com/story/goldman-sachs-cuts-ratings-on-american-and-jetblue-but-says-its-still-positive-on-airlines-11633534502,MarketWatch,0.010909090909090901,0.5381818181818182,neutral,0.010909090909090901,True,False,False,False,False,False,False,False,0.0,283,"['JBLU', 'AAL', 'ALK', 'SKYW', 'LUV', 'SNCY', 'UAL']",UAL,2021-10-07
Biden says unvaccinated put economy at risk as he promotes mandates in Chicago visit,"President Joe Biden on Thursday defended his COVID-19 vaccine mandates, as he said Americans who haven't gotten shots put the U.S. economy in jeopardy.",2021-10-07 20:34:00+00:00,https://www.marketwatch.com/story/biden-to-highlight-vaccine-mandates-in-chicago-visit-11633613488,MarketWatch,0.0,0.0,neutral,0.0,False,False,False,False,False,False,False,False,0.0,237,['UAL'],UAL,2021-10-07
5 Solid Stocks to Buy Ahead of a Promising Holiday Season,Restaurant and travel and leisure stocks like YETI Holdings (YETI) and McDonald's (MCD) are likely to benefit from this year' holiday season.,2021-10-08 12:56:00+00:00,https://www.zacks.com/stock/news/1808218/5-solid-stocks-to-buy-ahead-of-a-promising-holiday-season,Zacks Investment Research,0.06666666666666667,0.5333333333333333,neutral,0.06666666666666667,False,True,False,False,False,False,False,False,0.0,200,"['AMZN', 'UAL', 'WMT', 'MCD', 'CMG', 'DENN', 'GOOGL', 'MCFT', 'YETI']",UAL,2021-10-08
United Airlines (UAL) to Boost Domestic Capacity for Holidays,"United Airlines (UAL) plans to operate more than 3,500 daily domestic flights in December, which represents 91% of the 2019 level.",2021-10-08 14:02:00+00:00,https://www.zacks.com/stock/news/1808286/united-airlines-ual-to-boost-domestic-capacity-for-holidays,Zacks Investment Research,0.125,0.175,positive,0.125,False,False,False,False,False,False,False,False,0.0,193,"['UAL', 'CPA', 'ARCB', 'HRI']",UAL,2021-10-08
Flying with a pet? Some airlines are better than others,"Some airlines will not longer ship pets by cargo, and you'll probably have to pay for your emotional support animal.",2021-10-11 09:01:00+00:00,https://www.marketwatch.com/story/flying-with-a-pet-some-airlines-are-better-than-others-11633714210,MarketWatch,0.25,0.575,positive,0.25,False,False,False,False,False,False,False,False,0.0,173,"['ALK', 'AAL', 'ULCC', 'LUV', 'SAVE', 'JBLU', 'DAL', 'UAL']",UAL,2021-10-11
Wall Street Breakfast: Rising Costs,"Listen on the go! A daily podcast of Wall Street Breakfast will be available by 8:00 a.m. on Seeking Alpha, iTunes, Stitcher and Spotify.",2021-10-11 11:10:17+00:00,https://seekingalpha.com/article/4459312-wall-street-breakfast-rising-prices,Seeking Alpha,0.2,0.2,positive,0.2,False,False,False,False,False,False,False,False,0.0,174,"['FDX', 'NKE', 'BBBY', 'JPM', 'AAL', 'DAL', 'UAL', 'LUV', 'EMR', 'AZPN', 'LYFT', 'PLUG', 'CMCSA']",UAL,2021-10-11
Wall Street Breakfast: Get Ready For Earnings (Podcast),"Top Stories Include: Get Ready For Q3 Earnings, Oil Prices Climb and Retailers Need A Bigger, Faster Boat",2021-10-11 12:13:50+00:00,https://seekingalpha.com/article/4459333-wall-street-breakfast-get-ready-for-earnings-podcast,Seeking Alpha,0.22499999999999998,0.5,positive,0.22499999999999998,True,False,False,False,False,False,False,False,0.0,162,"['AAL', 'AZPN', 'BBBY', 'DAL', 'EMR', 'FDX', 'JPM', 'LUV', 'LYFT', 'NKE', 'PLUG', 'UAL']",UAL,2021-10-11
‘It’s not a magic pill’: What Merck’s antiviral pill could mean for vaccine hesitancy,Merck and Ridgeback Therapeutics are seeking emergency approval 10 days after sharing initial results showing molnupiravir cuts the risk of death or hospitalization in half,2021-10-11 13:59:00+00:00,https://www.marketwatch.com/story/what-mercks-antiviral-pill-could-mean-for-vaccine-hesitancy-its-not-a-magic-pill-11633125181,MarketWatch,-0.18229166666666666,0.4635416666666667,negative,0.18229166666666666,False,False,False,False,False,False,False,False,0.0,259,['UAL'],UAL,2021-10-11
What's in Store for United Airlines (UAL) in Q3 Earnings?,"United Airlines' (UAL) Q3 performance is likely to have been hurt by the Delta variant-led woes. However, cost-control efforts are expected to have supported the company's bottom line.",2021-10-12 10:19:00+00:00,https://www.zacks.com/stock/news/1809571/whats-in-store-for-united-airlines-ual-in-q3-earnings,Zacks Investment Research,-0.05,0.7,neutral,0.05,True,False,False,False,False,False,False,False,0.0,243,"['UAL', 'CHRW', 'KNX', 'LSTR']",UAL,2021-10-12
Should You Invest in the U.S. Global Jets ETF (JETS)?,Sector ETF report for JETS,2021-10-12 10:20:08+00:00,https://www.zacks.com/stock/news/1809556/should-you-invest-in-the-us-global-jets-etf-jets,Zacks Investment Research,0.0,0.0,neutral,0.0,False,False,True,False,False,False,False,False,0.0,81,"['JETS', 'DAL', 'UAL', 'LUV', 'IYT', 'FTXR']",UAL,2021-10-12
United Airlines (UAL) May Report Negative Earnings: Know the Trend Ahead of Next Week's Release,United (UAL) doesn't possess the right combination of the two key ingredients for a likely earnings beat in its upcoming report. Get prepared with the key expectations.,2021-10-12 19:00:51+00:00,https://www.zacks.com/stock/news/1809850/united-airlines-ual-may-report-negative-earnings-know-the-trend-ahead-of-next-weeks-release,Zacks Investment Research,-0.0023809523809523816,0.655952380952381,neutral,0.0023809523809523816,True,False,False,False,True,False,False,False,0.0,265,['UAL'],UAL,2021-10-12
"3 Sectors Set To Report Explosive Earnings, Sales Growth As Q3 Season Starts",,2021-10-13 09:00:00+00:00,https://www.investing.com/analysis/3-sectors-set-to-report-explosive-earnings-sales-growth-as-q3-season-starts-200604889,Investing.com,0.0,0.0,neutral,0.0,True,False,True,False,False,False,False,False,0.0,78,"['JPM', 'BAC', 'C', 'WFC', 'GS', 'MS', 'XOM', 'CVX', 'OXY', 'FANG', 'XLE', 'COP', 'EOG', 'SLB', 'MPC', 'PXD', 'PSX', 'KMI', 'WMB', 'XLB', 'LIN', 'SHW', 'APD', 'FCX', 'ECL', 'NEM', 'DD', 'DOW', 'PPG', 'IFF', 'NUE', 'MOS', 'GE', 'UAL', 'XLI', 'HON', 'UPS', 'UNP', 'BA', 'RTX', 'CAT', 'MMM', 'DE', 'LMT']",UAL,2021-10-13
United Airlines (UAL) to Offer PayPal Inflight Payment Option,United Airlines (UAL) customers on select flights can make inflight purchases by simply showing a PayPal QR Code to the flight attendant.,2021-10-13 14:00:00+00:00,https://www.zacks.com/stock/news/1810021/united-airlines-ual-to-offer-paypal-inflight-payment-option,Zacks Investment Research,0.1,0.37857142857142856,neutral,0.1,False,False,False,False,False,False,False,False,0.0,200,"['DAL', 'UAL', 'LUV', 'PYPL']",UAL,2021-10-13
Delta (DAL) Stock Down Despite Q3 Earnings Beat: Here's Why,Delta (DAL) expects to operate at 80% capacity of the fourth-quarter 2019 levels in the December quarter of 2021.,2021-10-13 16:31:00+00:00,https://www.zacks.com/stock/news/1810223/delta-dal-stock-down-despite-q3-earnings-beat-heres-why,Zacks Investment Research,-0.15555555555555559,0.2888888888888889,negative,0.15555555555555559,True,False,False,False,False,False,False,False,0.0,174,"['DAL', 'UAL', 'AAL', 'ALK']",UAL,2021-10-13
Why Spirit Airlines Stock Fell Today,Rising fuel costs could threaten the airline recovery.,2021-10-13 20:55:45+00:00,https://www.fool.com/investing/2021/10/13/why-spirit-airlines-stock-is-down-today/,The Motley Fool,0.0,0.0,neutral,0.0,False,False,False,False,False,False,False,False,0.0,92,"['SAVE', 'UAL', 'DAL', 'AAL']",UAL,2021-10-13
Why Airline Stocks Like Southwest and United Got Grounded on Wednesday,A key cost warning from one of the industry's leading names applies to all the major airlines.,2021-10-13 21:34:27+00:00,https://www.fool.com/investing/2021/10/13/why-airline-stocks-like-southwest-and-united-got-g/,The Motley Fool,0.03125,0.75,neutral,0.03125,False,False,False,False,False,False,False,False,0.0,166,"['DAL', 'LUV', 'UAL', 'AAL']",UAL,2021-10-13
It's possible to travel without a credit card—here are your options,"Not everyone wants a credit card, or can get one. These are some best options for paying for flights, lodging and international travel.",2021-10-14 09:02:00+00:00,https://www.marketwatch.com/story/its-possible-to-travel-without-a-credit-cardhere-are-your-options-11633721662,MarketWatch,0.3,0.35000000000000003,positive,0.3,False,False,False,False,False,False,False,False,0.0,204,"['MAR', 'PYPL', 'ABNB', 'UAL', 'AAL', 'LUV']",UAL,2021-10-14
"Delta posts a first pandemic profit, but investors are worrying about rising costs and signs of a weak Q4","Delta Air Lines Inc. stock falls despite a first adjusted pandemic profit for the company, as investors worry about rising costs of fuel, wages, and maintenance, and as uncertainty swirled around the end-of-the-year travel season.",2021-10-14 12:38:00+00:00,https://www.marketwatch.com/story/delta-posts-a-first-pandemic-profit-but-investors-are-worrying-about-rising-costs-and-signs-of-a-weak-q4-11634144195,MarketWatch,0.041666666666666664,0.4305555555555555,neutral,0.041666666666666664,True,False,False,False,False,False,False,False,0.0,337,"['DAL', 'JETS', 'AAL', 'UAL', 'LUV']",UAL,2021-10-14
Alaska Air (ALK) Arm to Begin Anchorage-Salt Lake City Service,"Alaska Air's (ALK) unit, Alaska Airlines, expands its foothold in Anchorage with new nonstop service to Salt Lake City, set to begin next June.",2021-10-14 14:04:00+00:00,https://www.zacks.com/stock/news/1810561/alaska-air-alk-arm-to-begin-anchorage-salt-lake-city-service,Zacks Investment Research,0.06818181818181818,0.22727272727272727,neutral,0.06818181818181818,False,False,False,False,False,False,False,False,0.0,207,"['UAL', 'GOL', 'AAL', 'ALK']",UAL,2021-10-14
"Stocks To Watch: Tesla, Netflix And Intel Headline Huge Week Of Earnings","Get ahead of the market by subscribing to Seeking Alpha's Stocks to Watch, a preview of key events scheduled for the coming week",2021-10-16 13:48:03+00:00,https://seekingalpha.com/article/4460205-stocks-to-watch-tesla-netflix-and-intel-headline-huge-week-of-earnings,Seeking Alpha,0.20000000000000004,0.95,positive,0.20000000000000004,True,False,False,False,False,False,False,False,0.0,202,"['AAL', 'ABT', 'ACI', 'AGTI', 'AN', 'ANTM', 'AXP', 'BCYP', 'BIIB', 'BOWX', 'CMG', 'CNI', 'DGX', 'DHR', 'DKNG', 'DOW', 'DV', 'GDRX', 'GSAH', 'HON', 'IBM', 'IMPL', 'INTC', 'JNJ', 'KMI', 'KNBE', 'KURI', 'LRCX', 'LVS', 'LWAY', 'MAT', 'MCHP', 'NFLX', 'NIO', 'NPCE', 'PATH', 'PENN', 'PG', 'PM', 'RAIN', 'RIOT', 'ROVR', 'SAM', 'SCR', 'SGAM', 'SI', 'SNAP', 'SWIM', 'T', 'TMCI', 'TMO', 'TOST', 'TRV', 'TSLA', 'UAL', 'VZ', 'WHR', 'ZY', 'DELL', 'MGTX', 'AMZN']",UAL,2021-10-16
"1 Stock To Buy, 1 To Dump When Markets Open: Coinbase, AT&T",,2021-10-17 11:07:00+00:00,https://www.investing.com/analysis/1-stock-to-buy-1-to-dump-when-markets-open-coinbase-att-200605306,Investing.com,0.0,0.5,neutral,0.0,False,True,False,False,False,False,False,False,0.0,61,"['TSLA', 'NFLX', 'IBM', 'INTC', 'SNAP', 'JNJ', 'PG', 'AXP', 'UAL', 'AAL', 'LUV', 'COIN', 'T', 'CMCSA', 'CHTR', 'VZ', 'TMUS', 'DISCA']",UAL,2021-10-17
Wall Street Breakfast: The Week Ahead,"Listen on the go! A daily podcast of Wall Street Breakfast will be available by 8:00 a.m. on Seeking Alpha, iTunes, Stitcher and Spotify.",2021-10-17 11:11:46+00:00,https://seekingalpha.com/article/4460259-wall-street-breakfast-week-ahead,Seeking Alpha,0.2,0.2,positive,0.2,False,False,False,False,False,False,False,False,0.0,176,"['AMZN', 'GOOG', 'AAPL', 'RIOT', 'ACI', 'STT', 'JNJ', 'PG', 'PM', 'TRV', 'UAL', 'NFLX', 'CNI', 'ANTM', 'VZ', 'ABT', 'BIIB', 'IBM', 'TSLA', 'LRCX', 'KMI', 'LVS', 'T', 'DOW', 'AAL', 'AN', 'INTC', 'WHR', 'CMG', 'MAT', 'SNAP', 'SAM', 'AXP', 'HON', 'DV', 'KNBE', 'NPCE', 'SWIM', 'AGTI', 'TMCI', 'RAIN', 'IMPL', 'ZY', 'TOST', 'PENN', 'SCR', 'RPAI', 'KRG', 'TMO', 'DGX', 'DHR', 'SI', 'DKNG', 'GSAH', 'KURI', 'SGAM', 'BOWX', 'APH', 'SCL', 'BC', 'AEP', 'HBAN', 'LEGN', 'ULTA', 'GOOGL', 'NTAP', 'LWAY', 'MGTX', 'DELL', 'VMW']",UAL,2021-10-17
Netflix and Tesla will look to buck the earnings-slowdown trend,"While earnings growth is expected to slow down appreciably for many companies from a record-breaking first half, two prominent companies are projected to put up big numbers this week.",2021-10-18 12:25:00+00:00,https://www.marketwatch.com/story/netflix-and-tesla-will-look-to-buck-the-earnings-slowdown-trend-11634501655,MarketWatch,0.06597222222222222,0.39861111111111114,neutral,0.06597222222222222,True,False,False,False,False,False,False,False,0.2,248,"['NFLX', 'TSLA', 'DAL', 'AAL', 'UAL', 'LUV', 'ALK', 'AAPL', 'T', 'VZ', 'INTC', 'LRCX', 'JNJ', 'IBM', 'SNAP', 'FB', 'GOOGL', 'GOOG', 'PG', 'TRV', 'AXP', 'HON']",UAL,2021-10-18
Why United Airlines (UAL) Might Surprise This Earnings Season,United Airlines (UAL) is seeing favorable earnings estimate revision activity and has a positive Zacks Earnings ESP heading into earnings season.,2021-10-18 12:52:00+00:00,https://www.zacks.com/stock/news/1811449/why-united-airlines-ual-might-surprise-this-earnings-season,Zacks Investment Research,0.22727272727272727,0.5454545454545454,positive,0.22727272727272727,True,False,False,False,False,False,False,False,0.0,208,['UAL'],UAL,2021-10-18
The Dow is on track for its best October in 6 years and third-quarter earnings are strong so far. What could go wrong?,A traditionally troublesome month is turning out to be anything but for the stock market…so far.,2021-10-18 13:49:00+00:00,https://www.marketwatch.com/story/the-dow-is-on-track-for-its-best-october-in-6-years-and-third-quarter-earnings-are-strong-so-far-what-could-go-wrong-11634405448,MarketWatch,0.1888888888888889,0.7805555555555556,positive,0.1888888888888889,True,False,False,False,False,False,False,False,0.0,216,"['COMP', 'JPM', 'GS', 'BAC', 'C', 'WFC', 'MS', 'JNJ', 'PG', 'TRV', 'NFLX', 'VZ', 'IBM', 'TSLA', 'BKR', 'BIIB', 'UAL', 'LVS', 'INTC', 'AAL', 'LUV', 'T', 'CMG', 'TSCO', 'SNA', 'KEY', 'AXP', 'HON', 'WHR', 'STX']",UAL,2021-10-18
Jim Cramer Suggests How To Play Earnings The Week Of October 18,"On CNBC’s “Mad Money,"" Jim Cramer said the government’s lifting of the ban on foreign travel and approval of booster shots are great for confidence because COVID-19 is the biggest drag on the economy.
While saying he doesn’t like supermarkets due to their low margins, Cramer noted that Albertsons Companies Inc (NYSE: ACI) keeps expanding its margins, which is why he likes it so much. Albertsons is due to release earnings Monday. “I think let’s stick ...",2021-10-18 14:25:24+00:00,https://www.benzinga.com/trading-ideas/long-ideas/21/10/23411517/jim-cramer-suggests-how-to-play-earnings-the-week-of-october-18,Benzinga,-0.012499999999999994,0.39947916666666666,neutral,0.012499999999999994,True,False,False,False,True,False,False,False,0.0,522,"['ASML', 'NFLX', 'ULTA', 'ABT', 'ACI', 'JNJ', 'LUV', 'UAL', 'AAL']",UAL,2021-10-18
Delta (DAL) Raises Fuel Cost Alarm: Other Airlines to Follow?,Delta's (DAL) unfavorable forecast for fuel price per gallon drags down the share prices of other carriers too.,2021-10-18 17:07:00+00:00,https://www.zacks.com/stock/news/1811957/delta-dal-raises-fuel-cost-alarm-other-airlines-to-follow,Zacks Investment Research,-0.13518518518518519,0.3462962962962963,negative,0.13518518518518519,False,False,False,False,False,False,False,False,0.0,174,"['DAL', 'UAL', 'LUV', 'JBLU', 'AAL', 'ALK', 'SAVE']",UAL,2021-10-18
Wall Street Breakfast: BTC-ETF,"Listen on the go! A daily podcast of Wall Street Breakfast will be available by 8:00 a.m. on Seeking Alpha, iTunes, Stitcher and Spotify.",2021-10-19 11:01:40+00:00,https://seekingalpha.com/article/4460533-wall-street-breakfast-btc-etf,Seeking Alpha,0.2,0.2,positive,0.2,False,False,False,False,False,False,False,False,0.0,169,"['BITO', 'PG', 'JNJ', 'PM', 'HAL', 'NFLX', 'ISRG', 'UAL', 'LMT', 'RTX', 'NOC', 'BA', 'KTOS', 'LHX', 'AJRD', 'VTI', 'EFA', 'IWM', 'AAPL', 'INTC', 'AMZN', 'DIS', 'BABA']",UAL,2021-10-19
Fund managers have turned negative on global growth and profits. Here's what they're buying.,"Bank of America's monthly fund manager survey finds global investors in a sour mood, shedding bonds and piling up cash. They are also buying these assets.",2021-10-19 11:13:00+00:00,https://www.marketwatch.com/story/fund-managers-have-turned-negative-on-global-growth-and-profits-heres-what-theyre-buying-11634642028,MarketWatch,-0.1125,0.125,negative,0.1125,True,True,False,False,False,False,False,False,0.0,248,"['COMP', 'JNJ', 'UAL', 'NFLX', 'TSLA', 'GOOGL', 'BABA', 'V', 'FB', 'MSFT', 'UNH', 'AAPL', 'TSM']",UAL,2021-10-19
United Airlines Maps Ambitious International Expansion,The U.S. airline giant is betting on a huge rebound in transatlantic leisure travel next summer.,2021-10-19 11:25:00+00:00,https://www.fool.com/investing/2021/10/19/united-airlines-ambitious-international-expansion/,The Motley Fool,0.13000000000000003,0.53,positive,0.13000000000000003,False,False,False,False,False,False,False,False,0.0,152,['UAL'],UAL,2021-10-19
This former flight attendant is launching her first business — at 58,The number of Americans who’ve quit their jobs so far this year is the highest on record,2021-10-19 11:56:00+00:00,https://www.marketwatch.com/story/this-former-flight-attendant-is-launching-her-first-business-at-58-11634644583,MarketWatch,0.1375,0.43333333333333335,positive,0.1375,False,False,False,False,True,False,False,False,0.0,158,['UAL'],UAL,2021-10-19
Wall Street Breakfast: A Looming Recession (Podcast),"Our Top Stories Include: A Looming Recession, Bitcoin Gets Its Day And Earnings Season Rolls On",2021-10-19 12:08:22+00:00,https://seekingalpha.com/article/4460556-wall-street-breakfast-a-looming-recession-podcast,Seeking Alpha,0.5,0.5,positive,0.5,True,False,False,False,False,False,False,False,0.0,149,"['PG', 'JNJ', 'PM', 'HAL', 'NFLX', 'ISRG', 'UAL', 'LMT', 'RTX', 'NOC', 'BA', 'KTOS', 'LHX', 'AJRD', 'VTI', 'EFA', 'IWM', 'AAPL', 'INTC', 'AMZN', 'DIS', 'BABA']",UAL,2021-10-19
"United Airlines (UAL) Reports Q3 Loss, Tops Revenue Estimates","United (UAL) delivered earnings and revenue surprises of 38.18% and 1.44%, respectively, for the quarter ended September 2021. Do the numbers hold clues to what lies ahead for the stock?",2021-10-19 21:45:03+00:00,https://www.zacks.com/stock/news/1812961/united-airlines-ual-reports-q3-loss-tops-revenue-estimates,Zacks Investment Research,0.0,0.1,neutral,0.0,True,False,False,False,False,False,False,False,0.0,249,['UAL'],UAL,2021-10-19
"Markets Up on Strong Q3 Earnings: NFLX, UAL, ISRG After the Bell","The Dow marked its fifth straight day higher, while the S&P 500 gained +0.74% and the Nasdaq +0.71% on the day.",2021-10-19 21:49:00+00:00,https://www.zacks.com/stock/news/1812939/markets-up-on-strong-q3-earnings-nflx-ual-isrg-after-the-bell,Zacks Investment Research,0.24583333333333335,0.5583333333333333,positive,0.24583333333333335,True,False,False,False,False,False,False,False,0.0,177,"['UAL', 'NFLX', 'ISRG']",UAL,2021-10-19
"5 Stocks To Watch For October 20, 2021","Some of the stocks that may grab investor focus today are:

Wall Street expects  Verizon Communications Inc.  (NYSE: VZ) to report quarterly earnings at $1.36 per share on revenue of $33.28 billion before the opening bell. Verizon shares gained 0.5% to $52.62 in after-hours trading.
Netflix Inc  (NASDAQ: NFLX) reported upbeat results for its third quarter on Tuesday. The company added 4.4 million net subscribers, ending the quarter with 214 million ...",2021-10-20 08:14:30+00:00,https://www.benzinga.com/news/earnings/21/10/23456396/5-stocks-to-watch-for-october-20-2021,Benzinga,0.0,0.0,neutral,0.0,True,False,False,False,False,False,False,False,0.0,496,"['NFLX', 'ABT', 'VZ', 'TSLA', 'UAL']",UAL,2021-10-20
"A Peek Into The Markets: US Stock Futures Flat Ahead Of Earnings, Fed Minutes","Pre-open movers
U.S. stock futures traded mostly flat in early pre-market trade after the Dow Jones climbed around 200 points in the previous session. Investors are awaiting earnings results from  Verizon Communications Inc. (NYSE: VZ),  Abbott Laboratories (NYSE: ABT),  Tesla Inc (NASDAQ: TSLA) and  International Business Machines Corporation (NYSE: IBM).
Federal Reserve Bank of Minneapolis President Neel Kashkari is set to speak at 12:00 p.m. ET, while Federal Reserve Bank of Atlanta President Raphael Bostic will speak at 12:00 p.m. ET.
Chicago Fed President Charles Evans is set to speak at 12:00 p.m. ET, while Federal Reserve Governor Randal Quarles will speak at 1:00 p.m. ET. Federal Reserve Bank of St. Louis President James Bullard is set to speak at 1:45 p.m. ET, while Federal Reserve Bank of San Francisco President Mary Daly will speak at 8:35 p.m. ET. The Federal Open Market Committee will release its latest Beige Book report at 2:00 p.m. ET.
Futures for the Dow Jones Industrial Average fell 4 points to 35,319.00 while the Standard & Poor’s 500 index futures slipped 1.25 points to 4,510.00. Futures for the Nasdaq 100 index fell 3 points to 15,395.50.
The U.S. has the highest number of COVID-19 cases and deaths in the world, ...",2021-10-20 09:59:12+00:00,https://www.benzinga.com/news/earnings/21/10/23457035/a-peek-into-the-markets-us-stock-futures-flat-ahead-of-earnings-fed-minutes,Benzinga,-0.016666666666666666,0.31166666666666665,neutral,0.016666666666666666,True,False,False,False,True,False,False,False,0.0,1334,"['GOOG', 'NFLX', 'ABT', 'IBM', 'MU', 'VZ', 'TSLA', 'UAL', 'FB', 'GOOGL', 'SNAP']",UAL,2021-10-20
Wall Street Breakfast: Mandate Battles,"Listen on the go! A daily podcast of Wall Street Breakfast will be available by 8:00 a.m. on Seeking Alpha, iTunes, Stitcher and Spotify.",2021-10-20 10:42:27+00:00,https://seekingalpha.com/article/4460756-wall-street-breakfast-mandate-battles,Seeking Alpha,0.2,0.2,positive,0.2,False,False,False,False,False,False,False,False,0.0,177,"['GE', 'UNP', 'UPS', 'DIS', 'NFLX', 'FB', 'GOOG', 'GOOGL', 'BOWX', 'BITO', 'COIN', 'TSLA', 'PG', 'JNJ', 'PFE', 'UAL', 'LUV']",UAL,2021-10-20
Wall Street Breakfast: Democrats Seek Reduced Spending Deal (Podcast),"Our Top Stories Include: Democrats Seek Reduced Spending Deal, Bitcoin ETF Sparks Buying, And The Chip Shortage Hits Stocks",2021-10-20 12:11:26+00:00,https://seekingalpha.com/article/4460778-wall-street-breakfast-democrats-seek-reduced-spending-deal-podcast,Seeking Alpha,0.5,0.5,positive,0.5,False,True,False,False,False,False,False,False,0.0,194,"['GE', 'UNP', 'UPS', 'DIS', 'NFLX', 'FB', 'GOOG', 'GOOGL', 'BOWX', 'BITO', 'COIN', 'TSLA', 'PG', 'JNJ', 'PFE', 'UAL']",UAL,2021-10-20
"United Airlines reports big Q3 sales jump, says recovery 'delayed' by delta variant, but now back on track","United Airlines Holdings Inc. surprised investors late Tuesday with better-than-expected results, pinning the quarterly beat on a rebound in premium leisure travel, the ""continued recovery"" of business travel, and the loosening of travel restrictions in some of its international destinations.",2021-10-20 12:13:00+00:00,https://www.marketwatch.com/story/united-airlines-recovery-delayed-by-delta-variant-but-now-back-on-track-11634677071,MarketWatch,-0.039999999999999994,0.32,neutral,0.039999999999999994,False,False,False,False,False,False,False,False,0.0,401,"['UAL', 'DAL', 'JETS']",UAL,2021-10-20
Abbot Labs and Biogen Outshine Novavax in the Health Care Sector,"Just before Tuesday’s close, Netflix (NASDAQ: NFLX) reported better-than-expected earnings by adding 4.4 million subscribers in the third quarter. The company cited a robust slate of content including the hit Korean television show “Squid Game,” which helped bring in new subscribers. Netflix rallied 1.5% on the news.
Robotic surgery company Intuitive Surgical, Inc. (NASDAQ: ISRG) also squeezed in an earnings announcement just before the close. The company beat earnings and revenue leading to a 1.1% rally after the report.  
Wednesday’s premarket began with Verizon Communications (NYSE: VZ) beating earnings estimates but missing on revenue. The company also increased its forward guidance. However, the stock was little changed in premarket trading.
On the positive side, medical device company Abbott Labs (NYSE: ABT) traded 2.7% higher in premarket trading after reporting big profits on higher sales. To top off the positive earnings announcement, the company increased its full-year earnings outlook. Also, in health care, biotech stock Biogen (NASDAQ: BIIB) reported strong earnings thanks to its new Alzheimer’s drug. Biogen is also partnering with Sage Therapeutics (NASDAQ: SAGE) on an experimental depression drug they plan to submit to the FDA in the second half of 2022.
Not all health care stocks are having a positive morning, Novavax, Inc. (NASDAQ: NVAX) fell 22% in premarket trading on a news story from Politico that the company is struggling to manufacture its vaccine in a way that meets regulators’ quality standards. The issues are expected to delay the company and keep it from hitting key delivery targets.
Another negative theme is companies are having trouble controlling costs. Chili’s parent company Brinker International, Inc. (NYSE: EAT), WD-40 Company (NASDAQ: WDFC), and United Airlines Holdings Inc (NASDAQ: UAL) all reported earnings and cited struggles with higher costs, particularly labor costs, over the quarter. The reports appear to conflict with the Fed’s transitory inflation projection.
Oil service provider Baker Hughes (NYSE: BKR) missed on the top and bottom-line estimates despite competitor Halliburton (NYSE: HAL) meeting analysts’ expectations and projecting a “multi-year upcycle”. Even though oil prices have been rising, many oil companies are focusing on existing wells versus drilling new ...",2021-10-20 14:34:28+00:00,https://www.benzinga.com/general/biotech/21/10/23465081/abbot-labs-and-biogen-outshine-novavax-in-the-health-care-sector,Benzinga,0.08622474747474747,0.36944444444444446,neutral,0.08622474747474747,True,False,True,False,False,False,False,False,0.0,2419,"['BKR', 'BIIB', 'ISRG', 'NFLX', 'NVAX', 'WDFC', 'ABT', 'CSX', 'EAT', 'HAL', 'LVS', 'VZ', 'TSLA', 'UAL', 'SAGE']",UAL,2021-10-20
BofA Believes United Airlines Holdings Has A Key Differentiator,"While United Airlines Holdings Inc.’s (NASDAQ: UAL) guidance came in line with expectations, its cost commentary for 2022 is a key differentiator, according to BofA Securities.
The United Airlines Holdings Analyst: Andrew Didora maintained an Underperform rating for United Airlines Holdings while keeping the price target unchanged at $40.
The United Airlines Holdings Thesis: The company reiterated its 2022 unit cost goal of being below the 2019 levels, which is the key differentiator, Didora said in the note to clients.
Delta Air Lines, Inc (NYSE: DAL) ...",2021-10-20 20:13:56+00:00,https://www.benzinga.com/analyst-ratings/analyst-color/21/10/23468392/bofa-believes-united-airlines-holdings-has-a-key-differentiator,Benzinga,0.0,1.0,neutral,0.0,False,False,True,False,False,False,False,False,0.0,627,"['DAL', 'UAL']",UAL,2021-10-20
United Airlines stock prediction amid optimistic European outlook,"On Wednesday, United Airlines Holdings Inc. (NASDAQ:UAL) shares edged slightly lower after reporting its most recent quarterly results. The company announced its fiscal third-quarter revenue and earnings before markets opened, beating the consensus Street expectations. The company posted fiscal Q3 non-GAAP earnings per share of -$1.02, beating the average for Street expectations of -$1.68. In […]
The post United Airlines stock prediction amid optimistic European outlook appeared first on Invezz.",2021-10-20 21:05:37+00:00,https://invezz.com/news/2021/10/20/united-airlines-stock-prediction-amid-optimistic-european-outlook/,Invezz,0.06190476190476191,0.2357142857142857,neutral,0.06190476190476191,True,False,False,False,False,False,False,False,0.0,567,['UAL'],UAL,2021-10-20
Debate over mandatory COVID-19 vaccines shifts to religious exemptions — and what constitutes 'sincerely held beliefs',A college football coach unsuccessfully asked for a religious exemption and lost his $3 million–a–year job,2021-10-21 00:09:00+00:00,https://www.marketwatch.com/story/the-debate-over-mandatory-covid-19-vaccines-has-shifted-to-legal-wrangling-over-sincerely-held-beliefs-11634673437,MarketWatch,0.16666666666666666,0.3333333333333333,positive,0.16666666666666666,False,False,False,False,False,False,False,False,0.0,226,['UAL'],UAL,2021-10-21
United Airlines Holdings Inc (UAL) Q3 2021 Earnings Call Transcript,"UAL earnings call for the period ending September 30, 2021.",2021-10-21 06:30:48+00:00,https://www.fool.com/earnings/call-transcripts/2021/10/21/united-airlines-holdings-inc-ual-q3-2021-earnings/,The Motley Fool,0.0,0.0,neutral,0.0,True,False,False,False,False,False,False,False,0.0,128,['UAL'],UAL,2021-10-21
3 Stocks to Buy as the Economy Recovers,"These companies have been delivering strong results, and investors should expect that to continue next year.",2021-10-21 10:45:00+00:00,https://www.fool.com/investing/2021/10/21/3-stocks-to-buy-as-the-economy-recovers/,The Motley Fool,0.21666666666666665,0.36666666666666664,positive,0.21666666666666665,False,True,False,False,False,False,False,False,0.0,149,"['ABC', 'JPM', 'DAL', 'UAL', 'WBA', 'XLV', 'AAL']",UAL,2021-10-21
United Airlines Says the Recovery Is Back on Track,But the airline giant lost money last quarter and expects to lose even more in the fourth quarter.,2021-10-21 12:19:00+00:00,https://www.fool.com/investing/2021/10/21/united-airlines-says-the-recovery-is-back-on-track/,The Motley Fool,0.1,0.31333333333333335,neutral,0.1,False,False,False,False,False,False,False,False,0.0,150,['UAL'],UAL,2021-10-21
Will Airlines Send the Stock Market to New Highs?,Earnings from major carriers have a lot to say about the health of the economy.,2021-10-21 14:34:00+00:00,https://www.fool.com/investing/2021/10/21/will-airlines-send-the-stock-market-to-new-highs/,The Motley Fool,0.09943181818181818,0.4772727272727273,neutral,0.09943181818181818,True,False,False,False,False,False,False,False,0.0,130,"['LUV', 'UAL', 'ALK', 'AAL']",UAL,2021-10-21
"Benzinga's Bulls And Bears Of The Past Week: Disney, Facebook, Ford, Tesla And More","Benzinga has examined the prospects for many investor favorite stocks over the past week. 

Last week's bullish calls included airline, automaker and entertainment giants.

Social media and electric vehicle leaders were among the bearish calls seen.

The third-quarter earnings-reporting season has gotten off to a stronger start than many on Wall Street had expected, pushing markets to all-time highs again. The S&P 500, the Dow Jones industrials and the Nasdaq all ended the week more than 1% higher, which puts them all up by 5% or so since the beginning of the month.
A former U.S. president's SPAC deal made headlines this past week. The Federal Reserve's Beige Book showed economic growth continues, despite concerns about labor, inflation and supply chains. And the iPhone maker unveiled more new products, even as the company continues to face criticism from competitors and regulators.
Benzinga continues to examine the prospects for many of the stocks ...",2021-10-23 14:22:32+00:00,https://www.benzinga.com/trading-ideas/long-ideas/21/10/23521275/benzingas-bulls-and-bears-of-the-past-week-disney-facebook-ford-tesla-and-more,Benzinga,0.19233511586452764,0.37869875222816396,positive,0.19233511586452764,True,False,False,False,True,False,False,False,0.0,1051,"['DIS', 'F', 'TSLA', 'UAL', 'FB', 'BYND']",UAL,2021-10-23
American Airlines Earnings: More Underperformance,The company reported the biggest loss of any U.S. airline last quarter and is on pace to post even weaker results for the fourth quarter.,2021-10-24 13:05:00+00:00,https://www.fool.com/investing/2021/10/24/american-airlines-earnings-more-underperformance/,The Motley Fool,0.125,0.14166666666666666,positive,0.125,True,False,False,False,False,False,False,False,0.0,188,"['AAL', 'UAL', 'DAL']",UAL,2021-10-24
"Trinity (TRN) Q3 Earnings & Revenues Beat Estimates, Rise Y/Y",Trinity's (TRN) Q3 results benefit from higher demand and pricing in highway products business and increase in external deliveries in the Rail Products Group.,2021-10-25 14:53:00+00:00,https://www.zacks.com/stock/news/1815946/trinity-trn-q3-earnings-revenues-beat-estimates-rise-yy,Zacks Investment Research,0.125,0.3,positive,0.125,True,False,False,False,True,False,False,False,0.0,221,"['CSX', 'UAL', 'LUV', 'TRN']",UAL,2021-10-25
"UPS' Q3 Earnings & Revenues Surpass Estimates, Increase Y/Y",Strong performance across all segments aids UPS' Q3 results.,2021-10-26 17:13:00+00:00,https://www.zacks.com/stock/news/1816928/ups-q3-earnings-revenues-surpass-estimates-increase-yy,Zacks Investment Research,0.4333333333333333,0.7333333333333333,positive,0.4333333333333333,True,False,False,False,False,False,False,False,0.0,121,"['CSX', 'UAL', 'LUV', 'UPS']",UAL,2021-10-26
JetBlue Airways (JBLU) Posts Narrower-Than-Expected Q3 Loss,Uptick in passenger revenues aid JetBlue's (JBLU) Q3 results.,2021-10-26 18:13:00+00:00,https://www.zacks.com/stock/news/1816929/jetblue-airways-jblu-posts-narrower-than-expected-q3-loss,Zacks Investment Research,0.0,0.0,neutral,0.0,True,False,False,False,False,False,False,False,0.0,122,"['UAL', 'LUV', 'JBLU', 'AAL']",UAL,2021-10-26
"C.H. Robinson (CHRW) Q3 Earnings & Revenues Beat, Rise Y/Y",C.H. Robinson's (CHRW) Q3 results reflect significant improvement on a year-over-year basis owing to higher pricing and volumes across most of the company's service lines.,2021-10-27 10:49:00+00:00,https://www.zacks.com/stock/news/1817327/ch-robinson-chrw-q3-earnings-revenues-beat-rise-yy,Zacks Investment Research,0.375,0.625,positive,0.375,True,False,False,False,False,False,False,False,0.0,231,"['CSX', 'UAL', 'LUV', 'CHRW']",UAL,2021-10-27
Earnings or Oil: What Will Impact the Airlines ETF Ahead?,"Airlines earnings have been decent in recent times. However,",2021-10-27 12:00:00+00:00,https://www.zacks.com/stock/news/1817339/earnings-or-oil-what-will-impact-the-airlines-etf-ahead,Zacks Investment Research,0.08333333333333333,0.4583333333333333,neutral,0.08333333333333333,True,False,False,False,False,False,False,False,0.0,119,"['DAL', 'UAL', 'LUV', 'AAL', 'ALK', 'JETS']",UAL,2021-10-27
"Norfolk Southern (NSC) Q3 Earnings Beat Estimates, Up 22% Y/Y",Norfolk Southern's (NSC) Q3 results benefit from higher revenues across all segments. Total volumes remain flat year over year amid supply chain disruptions.,2021-10-27 15:58:00+00:00,https://www.zacks.com/stock/news/1817783/norfolk-southern-nsc-q3-earnings-beat-estimates-up-22-yy,Zacks Investment Research,0.045,0.275,neutral,0.045,True,False,False,False,False,False,False,False,0.0,220,"['CSX', 'UAL', 'LUV', 'NSC']",UAL,2021-10-27
"Wabtec (WAB) Beats on Q3 Earnings, Alters 2021 Sales, EPS View",Disappointing performance of the transit segment dents Wabtec's (WAB) Q3 results.,2021-10-27 18:19:00+00:00,https://www.zacks.com/stock/news/1818073/wabtec-wab-beats-on-q3-earnings-alters-2021-sales-eps-view,Zacks Investment Research,-0.6,0.7,negative,0.6,True,False,False,False,False,False,False,False,0.0,145,"['CSX', 'UAL', 'LUV', 'WAB']",UAL,2021-10-27
"Ryder (R) Beats on Q3 Earnings & Revenues, Lifts 2021 EPS View",Ryder's (R) Q3 results reflect higher rental revenues on the back of strong demand and favorable pricing.,2021-10-28 17:41:00+00:00,https://www.zacks.com/stock/news/1819022/ryder-r-beats-on-q3-earnings-revenues-lifts-2021-eps-view,Zacks Investment Research,0.22777777777777777,0.41111111111111115,positive,0.22777777777777777,True,False,False,False,False,False,False,False,0.0,169,"['CSX', 'UAL', 'LUV', 'R']",UAL,2021-10-28
Spirit Airlines (SAVE) Posts Narrower-Than-Expected Q3 Loss,High fuel costs hurt Spirit Airlines' (SAVE) Q3 performance.,2021-10-29 17:57:00+00:00,https://www.zacks.com/stock/news/1820208/spirit-airlines-save-posts-narrower-than-expected-q3-loss,Zacks Investment Research,0.16,0.5399999999999999,positive,0.16,True,False,False,False,False,False,False,False,0.0,121,"['UAL', 'LUV', 'AAL', 'SAVE']",UAL,2021-10-29
The Jobs Report and Other Stock Market News,What's been going on?,2021-10-30 01:15:00+00:00,https://www.fool.com/investing/2021/10/29/the-jobs-report-and-other-stock-market-news/,The Motley Fool,-0.125,0.375,negative,0.125,False,False,False,False,False,False,False,False,0.0,66,"['FB', 'AAPL', 'MSFT', 'GOOGL', 'DIS', 'PFE', 'AMZN', 'UAA', 'CMG', 'PEP', 'STZ', 'UAL', 'DAL', 'JWN', 'NKE', 'MKC', 'PANW', 'GOOG', 'UA', 'VYGR', 'ROKU', 'LEVI', 'ZM', 'NET', 'ABNB', 'MTTR']",UAL,2021-10-30
Don't wait much longer to spend your travel rewards,Here are four reasons why you should hurry up and spend your points and miles now.,2021-11-01 08:03:00+00:00,https://www.marketwatch.com/story/dont-wait-much-longer-to-spend-your-travel-rewards-11635525230,MarketWatch,0.2,0.2,positive,0.2,False,False,False,False,False,False,False,False,0.0,135,"['AAL', 'DAL', 'UAL', 'LUV', 'ALK']",UAL,2021-11-01
"SkyWest (SKYW) Q3 Earnings & Revenues Beat Estimates, Rise Y/Y",SkyWest's (SKYW) Q3 results reflect significant improvement on a year-over-year basis due to increase in block hours on completed flights as air-travel demand recovers.,2021-11-01 13:18:00+00:00,https://www.zacks.com/stock/news/1820796/skywest-skyw-q3-earnings-revenues-beat-estimates-rise-yy,Zacks Investment Research,0.125,0.625,positive,0.125,True,False,False,False,False,False,False,False,0.0,232,"['UAL', 'LUV', 'SAVE', 'SKYW']",UAL,2021-11-01
"Expeditors (EXPD) Q3 Earnings & Revenues Beat, Rise Y/Y",Expeditors' (EXPD) Q3 results benefit from significant increase in ocean freight and ocean services revenues.,2021-11-02 15:15:00+00:00,https://www.zacks.com/stock/news/1821929/expeditors-expd-q3-earnings-revenues-beat-rise-yy,Zacks Investment Research,0.375,0.875,positive,0.375,True,False,False,False,False,False,False,False,0.0,166,"['CSX', 'UAL', 'LUV', 'EXPD']",UAL,2021-11-02
Major Indices All Set Records for Third Straight Session,Major Indices All Set Records for Third Straight Session,2021-11-03 14:15:00+00:00,https://www.zacks.com/registration/ultimatetrader/welcome/eoffer/30c3?adid=ZU_CONTENT_SYND&cid=CS-ZC-FT-zucommentary-31313,Zacks Investment Research,0.08750000000000001,0.3,neutral,0.08750000000000001,False,False,False,False,False,False,False,False,0.0,114,"['DKS', 'DENN', 'NMRK', 'HZO', 'AN', 'ZM', 'CVX', 'SGMO', 'STKL', 'ZWS', 'APTV', 'ENPH', 'TWTR', 'UAL', 'ZG', 'RIOT']",UAL,2021-11-03
31 stocks have hit a trifecta so far this earnings season,"Companies including Tesla, AMD and Pool Corp. have increased sales, improved profit margins and built enough enthusiasm for analysts to have raised their 2022 sales estimates significantly.",2021-11-04 10:12:00+00:00,https://www.marketwatch.com/story/31-stocks-have-hit-a-trifecta-so-far-this-earnings-season-11635954884,MarketWatch,0.15833333333333333,0.7916666666666666,positive,0.15833333333333333,True,False,False,False,False,False,False,False,0.0,248,"['Z', 'UAL', 'DAL', 'AAL', 'FANG', 'NUE', 'PSX', 'LYB', 'HLT', 'VLO', 'CVX', 'HES', 'CE', 'TSLA', 'AMD', 'DOW', 'CHRW', 'RHI', 'MOS', 'KLAC', 'NEE', 'JBHT', 'ICE', 'POOL', 'O', 'CBRE', 'TER', 'EXR', 'EFX', 'NSC', 'GPC', 'CBOE']",UAL,2021-11-04
Ryanair (RYAAY) Posts Strong October Traffic Statistics,"With continued recovery in air-travel demand in the European Union, Ryanair's (RYAAY) October traffic rises year-over-year as well as sequentially.",2021-11-04 14:00:00+00:00,https://www.zacks.com/stock/news/1823514/ryanair-ryaay-posts-strong-october-traffic-statistics,Zacks Investment Research,0.21666666666666665,0.36666666666666664,positive,0.21666666666666665,False,False,False,False,False,False,False,False,0.0,204,"['RYAAY', 'UAL', 'LUV', 'SAVE']",UAL,2021-11-04
Transport ETFs Riding High Post Q3 Earnings,"The Q3 earnings reports have led to smooth trading in transport ETFs over the past month. As such, iShares U.S. Transportation ETF (IYT), SPDR S&P Transportation ETF (XTN) and First Trust Nasdaq Transportation ETF (FTXR) have gained in double-digits each.",2021-11-04 14:05:00+00:00,https://www.zacks.com/stock/news/1823531/transport-etfs-riding-high-post-q3-earnings,Zacks Investment Research,0.11200000000000002,0.4246666666666667,positive,0.11200000000000002,True,False,False,False,False,False,False,False,0.0,300,"['DAL', 'UAL', 'UNP', 'NSC', 'JBHT', 'UPS', 'KSU', 'IYT', 'XTN', 'FTXR']",UAL,2021-11-04
Why Airline Stocks Are Flying High Today,There are positive signs the recovery is entering a new phase.,2021-11-05 16:06:32+00:00,https://www.fool.com/investing/2021/11/05/why-airline-stocks-are-flying-high-today/,The Motley Fool,0.17454545454545456,0.5133333333333333,positive,0.17454545454545456,False,False,False,False,False,False,False,False,0.0,104,"['DAL', 'JBLU', 'LUV', 'UAL', 'SAVE', 'AAL']",UAL,2021-11-05
AMC's Adam Aron has a deep and abiding belief in the power of popcorn,"The AMC Entertainment Holdings Inc. CEO loves popcorn very much, and so far, popcorn is loving him back.",2021-11-06 14:44:00+00:00,https://www.marketwatch.com/story/amcs-adam-aron-has-a-deep-and-abiding-belief-in-the-power-of-popcorn-11636146061,MarketWatch,0.192,0.522,positive,0.192,False,False,False,False,False,False,True,False,0.0,175,"['AMC', 'UAL', 'H', 'MTN', 'NCLH', 'GME']",UAL,2021-11-06
"Caterpillar, Fluor, and ChargePoint Among Companies That Could Benefit from Infrastructure Bill","President Joe Biden is expected to sign an infrastructure bill that was passed through the House and the Senate over the weekend. The bi-partisan bill had support from 15 Republicans in the House, but six Democrats voted against it. Equity index futures are trading higher on the news, which means the S&P 500 (SPX) could keep its seven-day winning streak alive.
The infrastructure bill has prompted rallies in a few stocks like Caterpillar (NYSE: CAT) which builds some of the large machinery needed for infrastructure projects. CAT was up more than 5% before the bell. Engineering and construction stock, Fluor (NYSE: FLR) was up more than 3% in premarket trading. And ChargePoint (NYSE: CHPT) rose nearly 12% in premarket trading because the spending bill wants to increase the number of electric vehicle charging systems around the country to make EV travel more feasible for longer trips.
Despite the possibility of new charging stations, Tesla (NASDAQ: TSLA) is trading more than 4% lower before the open after CEO Elon Musk conducted a Twitter poll to determine if he should sell 10% of his stake in the company. The poll results showed that his Twitter followers were okay with the decision.
The Chinese government is also prompting market moves. This morning The Wall Street Journal reported that China would issue licenses for education companies for after-school tutoring programs. Earlier this year, Chinese education companies were hit hard when the Chinese government was concerned about capitalist excesses. The news prompted rallies in New Oriental Education & Technology (NYSE: EDU) which rose nearly 10% in premarket trading, Gaotu Techedu (NYSE: GOTU) was up more than 18%, and TAL Education (NYSE: TAL) traded about 9% higher before the opening bell.
Rerouting Themes
The themes of earnings season in October were all about inflation, higher costs, higher interest rates, worker shortages, and supply chains. But November appears to have altered the attitude because more earnings announcements appear to reflect a populace is already on the path to normal. Also, investors appear to have moved on from pandemic trading to reopening trading.
Movie watchers are abandoning their home systems and heading back to the theaters. Cinemark (NYSE: CNK) missed on earnings estimates and initially sold off before the bell. However, the stock turned around and rallied more than 8% throughout the day. While the company did miss on estimates, its revenue grew from $35.5 million in the second quarter to $225.5 million in the ...",2021-11-08 17:10:35+00:00,https://www.benzinga.com/news/earnings/21/11/23959486/caterpillar-fluor-and-chargepoint-among-companies-that-could-benefit-from-infrastructure-bill,Benzinga,0.21309842118665648,0.4111567354214413,positive,0.21309842118665648,True,False,True,False,False,False,True,False,0.0,2637,"['EXPE', 'UAL', 'JBLU', 'CZR', 'NFLX', 'CHPT', 'PENN', 'AAL', 'CAT', 'AMC', 'CCL', 'MRNA', 'CNK', 'DKNG', 'DAL', 'ABNB', 'EDU', 'GOTU', 'FLR', 'LUV', 'MGM', 'MRK', 'PFE', 'TAL', 'TSLA']",UAL,2021-11-08
"U.S. airlines and Amazon Air form alliance to ramp up sustainable fuels, but supply lacks","The Sustainable Aviation Buyers Alliance, the group of companies that says they'll offset flight emissions by investing in the still developing environmentally-friendly aviation fuel market, said Wednesday it is expanding with an initiative meant to lower the cost and boost the supply of sustainable fuel globally.",2021-11-10 16:47:00+00:00,https://www.marketwatch.com/story/u-s-airlines-and-amazon-air-form-alliance-to-ramp-up-supply-of-sustainable-fuels-11636558786,MarketWatch,0.0,0.0,neutral,0.0,False,True,False,False,False,False,False,False,0.0,406,"['AMZN', 'ALK', 'JBLU', 'UAL']",UAL,2021-11-10
United Airlines (UAL) to Add Flights to Las Vegas for CES 2022,"Signaling recovery in business travel demand, United Airlines (UAL) looks to add 44 flights to Las Vegas for the CES 2022 event.",2021-11-15 16:30:00+00:00,https://www.zacks.com/stock/news/1827958/united-airlines-ual-to-add-flights-to-las-vegas-for-ces-2022,Zacks Investment Research,0.0,0.0,neutral,0.0,False,False,False,False,False,False,False,False,0.0,192,"['UAL', 'VLRS', 'LSTR', 'SNDR']",UAL,2021-11-15
United (UAL) Up 6.1% Since Last Earnings Report: Can It Continue?,United (UAL) reported earnings 30 days ago. What's next for the stock? We take a look at earnings estimates for some clues.,2021-11-18 16:30:22+00:00,https://www.zacks.com/stock/news/1829505/united-ual-up-61-since-last-earnings-report-can-it-continue,Zacks Investment Research,0.0,0.03333333333333333,neutral,0.0,True,False,False,False,False,False,False,False,0.0,190,['UAL'],UAL,2021-11-18
"Airline Stock Roundup: Q3 Earnings Results of CPA, ALGT, UAL, AAL & SAVE in Focus",An uptick in passenger revenues aids Copa's (CPA) Q3 results. American Airlines (AAL) expands its international network.,2021-11-18 17:38:00+00:00,https://www.zacks.com/stock/news/1829563/airline-stock-roundup-q3-earnings-results-of-cpa-algt-ual-aal-save-in-focus,Zacks Investment Research,0.0,0.0,neutral,0.0,True,False,False,False,False,False,False,False,0.0,203,"['UAL', 'CPA', 'AAL', 'SAVE', 'ALGT']",UAL,2021-11-18
Delta (DAL) Expands Codeshare Agreement With LATAM Airlines,Delta (DAL) aims to aid connectivity between the United States and South America through the expanded Codeshare Agreement with LATAM Airlines.,2021-11-18 18:14:00+00:00,https://www.zacks.com/stock/news/1829574/delta-dal-expands-codeshare-agreement-with-latam-airlines,Zacks Investment Research,0.0,0.0,neutral,0.0,False,False,False,False,False,False,False,False,0.0,203,"['DAL', 'UAL', 'ALK']",UAL,2021-11-18
"The Zacks Analyst Blog Highlights: Copa Holdings, Allegiant Travel Company, Spirit Airlines, United Airlines and American Airlines","The Zacks Analyst Blog Highlights: Copa Holdings, Allegiant Travel Company, Spirit Airlines, United Airlines and American Airlines",2021-11-19 11:35:00+00:00,https://www.zacks.com/stock/news/1829673/the-zacks-analyst-blog-highlights-copa-holdings-allegiant-travel-company-spirit-airlines-united-airlines-and-american-airlines,Zacks Investment Research,0.0,0.0,neutral,0.0,False,False,False,False,False,False,False,False,0.0,262,"['UAL', 'CPA', 'AAL', 'SAVE', 'ALGT']",UAL,2021-11-19
Palo Alto Networks and Intuit Keeping the Nasdaq in the Black,"Equity index futures were mixed before the open as the Dow Jones Industrial Average and the S&P 500 index futures point to a lower open. However, the Nasdaq futures are pointing higher. The negativity appears to be prompted by rising COVID-19 cases, particularly in Europe. Oil prices (/CL) and bond yields are also falling on the news because European governments, particularly Austria, are responding to the cases with more lockdown measures.
The COVID-19 news appears to be hitting travel and leisure stocks. The cruise company Carnival (NYSE: CCL) was down 2.82% in premarket trading. Royal Caribbean (NYSE: RCL) and Norwegian Cruise Line (NYSE: NCLH) were also down 1.97% and 2.88% respectively.
Cryptocurrencies are still selling off with Bitcoin down 1.72% overnight and down approximately 15% from its November high. Ethereum is down 1.19% and Dogecoin is down 1.9% in the last 24 hours. The selloff was prompted last week as China continued to crack down on cryptos and increased strength in the dollar. This morning the dollar appears to be weakening a little which could help cryptos.  
While the initial reaction is understandably negative, there doesn’t appear to be any panic selling. Additionally, CNBC just reported that the FDA approved the Moderna (NASDAQ: MRNA) booster shot for all adults. The announcement prompted a 5.6% rally in the stock.
Even with the lockdown news, today was likely to feel a bit like an expiration Friday because investors will be busy wrapping up business before next week’s Thanksgiving holiday. This could mean a little more volatility than normal as options and futures traders may decide to close or roll positions over to later months.   
Finally, a new Fed chief could be nominated over the weekend. If President Joe Biden chooses someone other than the current Fed Chair Jerome Powell, the market is likely to have a reaction. If the announcement comes, watch the futures market on Sunday evening.
The Nasdaq’s strength isn’t coming from semiconductor maker Applied Materials (NASDAQ: AMAT). The company is down almost 6% in premarket trading after missing earnings estimates and pointing to continued supply chain problems in 2022. However, Palo Alto Networks (NASDAQ: PANW) is up 3.8% on better-than-expected earnings and a brighter earnings outlook.
Intuit (NASDAQ: INTU) is doing its best to help push the Nasdaq higher. The stock rose 12.57% in premarket trading after beating on the top and bottom ...",2021-11-19 15:18:47+00:00,https://www.benzinga.com/markets/cryptocurrency/21/11/24195751/palo-alto-networks-and-intuit-keeping-the-nasdaq-in-the-black,Benzinga,0.02741104224058769,0.3750338613406796,neutral,0.02741104224058769,True,False,True,False,False,False,False,False,0.0,2522,"['ALGT', 'RCL', 'AMAT', 'WSM', 'INTU', 'UAL', 'PENN', 'CZR', 'PLCE', 'SAVE', 'ROST', 'PANW', 'WOOF', 'NCLH', 'WYNN', 'AAL', 'BA', 'MRNA', 'BJ', 'CCL', 'FL', 'KSS', 'LVS', 'M', 'MGM']",UAL,2021-11-19
"Rising COVID-19 Cases In Europe Drag Dow 30, S&P 500, Oil And Yields",,2021-11-19 15:47:00+00:00,https://www.investing.com/analysis/rising-covid19-cases-in-europe-drag-dow-30-sp-500-oil-and-yields-200608949,Investing.com,-0.1,0.07083333333333333,neutral,0.1,False,False,False,False,False,False,False,False,0.0,70,"['CUK', 'CCL', 'RCL', 'NCLH', 'MRNA', 'AMAT', 'PANW', 'INTU', 'ROST', 'WSM', 'FL', 'M', 'KSS', 'PLCE', 'WYNN', 'CZR', 'PENN', 'MGM', 'LVS', 'ICE', 'SAVE', 'UAL', 'AAL', 'BA']",UAL,2021-11-19
"Top Research Reports for Bank of America, PayPal & Cisco Systems","Today's Research Daily features new research reports on 16 major stocks, including Bank of America Corporation (BAC), PayPal (PYPL), and Cisco Systems, Inc. (CSCO).",2021-11-19 18:12:00+00:00,https://www.zacks.com/research-daily/1829872/top-research-reports-for-bank-of-america-paypal-cisco-systems,Zacks Investment Research,0.1747159090909091,0.36363636363636365,positive,0.1747159090909091,False,False,False,False,False,False,False,False,0.0,230,"['BAC', 'UAL', 'CSCO', 'DE', 'HD', 'PYPL']",UAL,2021-11-19
Why United Airlines Stock Is Losing Altitude Today,Concerns about a fresh pandemic surge are grounding airline stocks.,2021-11-19 19:09:57+00:00,https://www.fool.com/investing/2021/11/19/why-united-airlines-stock-is-losing-altitude-today/,The Motley Fool,0.3,0.5,positive,0.3,False,False,False,False,False,False,False,False,0.0,119,['UAL'],UAL,2021-11-19
"The Zacks Analyst Blog Highlights: Bank of America, PayPal, Cisco Systems, Deere and United Airlines","The Zacks Analyst Blog Highlights: Bank of America, PayPal, Cisco Systems, Deere and United Airlines",2021-11-22 12:12:00+00:00,https://www.zacks.com/stock/news/1830216/the-zacks-analyst-blog-highlights-bank-of-america-paypal-cisco-systems-deere-and-united-airlines,Zacks Investment Research,0.0,0.0,neutral,0.0,False,False,False,False,False,False,False,False,0.0,202,"['BAC', 'UAL', 'CSCO', 'DE', 'PYPL']",UAL,2021-11-22
"Business Air Travel On Road To Recovery, New Data Reveals",,2021-11-22 18:12:00+00:00,https://www.investing.com/analysis/business-air-travel-on-road-to-recovery-new-data-reveals-200609148,Investing.com,0.13636363636363635,0.45454545454545453,positive,0.13636363636363635,False,False,False,False,False,False,False,False,0.0,59,"['AAL', 'LUV', 'ALK', 'DAL', 'HA', 'JBLU', 'UAL']",UAL,2021-11-22
Alaska Air (ALK) Arm Launches Belize Flights From West Coast Hubs,"Alaska Air's (ALK) subsidiary, Alaska Airlines, expands its West Coast services by launching flights to Belize City from Seattle and Los Angeles.",2021-11-23 16:45:00+00:00,https://www.zacks.com/stock/news/1831008/alaska-air-alk-arm-launches-belize-flights-from-west-coast-hubs,Zacks Investment Research,0.0,0.0,neutral,0.0,False,False,False,False,True,False,False,False,0.0,212,"['DAL', 'UAL', 'ALK']",UAL,2021-11-23
Here's Why Airlines Are Betting on Busy Thanksgiving Traffic,The anticipated surge in air-travel volume during Thanksgiving is likely to stand airlines like Delta (DAL) and United Airlines (UAL) in good stead.,2021-11-23 18:13:00+00:00,https://www.zacks.com/stock/news/1831060/heres-why-airlines-are-betting-on-busy-thanksgiving-traffic,Zacks Investment Research,0.26666666666666666,0.6333333333333334,positive,0.26666666666666666,False,False,False,False,False,False,False,False,0.0,210,"['DAL', 'UAL', 'AAL']",UAL,2021-11-23
"Home Depot, Bally's, Delta Air Lines, United Airlines, American Airlines highlighted as Zacks Bull and Bear of the Day","Home Depot, Bally's, Delta Air Lines, United Airlines, American Airlines highlighted as Zacks Bull and Bear of the Day",2021-11-24 14:40:00+00:00,https://www.zacks.com/stock/news/1831369/home-depot-ballys-delta-air-lines-united-airlines-american-airlines-highlighted-as-zacks-bull-and-bear-of-the-day,Zacks Investment Research,0.0,0.0,neutral,0.0,False,False,False,False,False,False,False,False,0.0,238,"['DAL', 'UAL', 'HD', 'AAL', 'BALY']",UAL,2021-11-24
"On an ugly day for markets, here's the S&P 500 level investors need to watch closely, says this trader","It's a grim day for traders. Keep an eye on this S&P 500 level, says our call of the day.",2021-11-26 12:04:00+00:00,https://www.marketwatch.com/story/on-an-ugly-day-for-markets-heres-the-s-p-500-level-investors-need-to-watch-closely-says-this-trader-11637928290,MarketWatch,-0.85,1.0,negative,0.85,False,False,False,False,False,False,False,False,0.0,193,"['DAL', 'AAL', 'UAL', 'IAG', 'PFE', 'MRNA', 'AZN', 'DIDI', 'AMZN', 'WMT', 'TGT', 'KSS', 'GPS', 'JWN']",UAL,2021-11-26
Stocks Down On Concerns Over New COVID-19 Strain,"The SPDR S&P 500 ETF Trust (NYSE: SPY) traded down Friday on concerns about a new, heavily mutated COVID-19 variant.
What Happened? Stocks tumbled in a holiday-shortened trading session on Friday after World Health Organization officials warned Thursday of a new COVID-19 variant that has been detected in South Africa. On Friday morning, officials in Belgium confirmed at least one case of the new variant as well.
UPDATE: The WHO named the variant after the Greek letter Omicron Friday and designated it as a variant of concern. 
Related Link: Worried About A Market Crash? Here Are 3 Things You Can Do 
Why It’s Important: The new ...",2021-11-26 14:26:46+00:00,https://www.benzinga.com/news/21/11/24304502/stocks-down-on-concerns-over-new-covid-19-strain,Benzinga,0.05159285159285159,0.4731157731157731,neutral,0.05159285159285159,False,False,False,False,False,False,False,False,0.2,687,"['GLD', 'SPY', 'TLT', 'USO', 'UAL', 'AAL']",UAL,2021-11-26
"Black Friday Meets ""Black Friday:"" New Covid Variant Hits Markets","A new Covid strain threatens the global marketplace anew, just as economic conditions around the world were beginning to get their footing following the Delta-variant fallout.",2021-11-26 14:54:00+00:00,https://www.zacks.com/stock/news/1832262/black-friday-meets-black-friday-new-covid-variant-hits-markets,Zacks Investment Research,0.019913419913419914,0.29653679653679654,neutral,0.019913419913419914,False,False,False,False,False,False,False,False,0.0,242,"['PFE', 'UAL', 'MRNA', 'TRIP', 'NCLH', 'ZM', 'PTON', 'BNTX']",UAL,2021-11-26
Why Airline Stocks Are Tumbling Today,A new COVID-19 variant has travel investors worried that the world will face another wave of lockdowns.,2021-11-26 16:35:57+00:00,https://www.fool.com/investing/2021/11/26/why-airline-stocks-are-tumbling-today/,The Motley Fool,0.13636363636363635,0.45454545454545453,positive,0.13636363636363635,False,False,False,False,False,False,False,False,0.0,142,"['DAL', 'JBLU', 'LUV', 'UAL', 'SAVE', 'HA', 'AAL']",UAL,2021-11-26
Travel stocks slump and vaccine maker stocks rally as WHO gears up to assess new coronavirus variant,Investor unload  airline shares and bid up drug maker stocks after South Africa announces concern over the B.1.1.529 variant and the U.K. bans flights.,2021-11-26 17:21:00+00:00,https://www.marketwatch.com/story/travel-stocks-slump-and-vaccine-maker-stocks-rally-as-who-gears-up-to-assess-new-coronavirus-variant-11637931681,MarketWatch,0.13636363636363635,0.45454545454545453,positive,0.13636363636363635,False,False,False,False,False,False,False,False,0.0,253,"['PFE', 'MRNA', 'BA', 'LUV', 'AAL', 'EXPE', 'UAL', 'DAL', 'NCLH', 'RCL', 'NFLX', 'TTWO']",UAL,2021-11-26
Why GE and Airline Stocks Are Down Friday,"Just as domestic air travel is approaching 2019 levels, a potentially threatening new COVID-19 variant has emerged that could set the airline industry's recovery back.",2021-11-26 17:45:32+00:00,https://www.fool.com/investing/2021/11/26/why-ge-and-airline-stocks-are-down-friday/,The Motley Fool,-0.0031986531986532055,0.30723905723905726,neutral,0.0031986531986532055,False,False,False,False,False,False,False,False,0.0,210,"['GE', 'UAL', 'SAVE']",UAL,2021-11-26
"1 Stock To Buy, 1 To Dump When Markets Open: Novavax, American Airlines",,2021-11-28 12:32:00+00:00,https://www.investing.com/analysis/1-stock-to-buy-1-to-dump-when-markets-open-novavax-american-airlines-200609737,Investing.com,0.0,0.25,neutral,0.0,False,True,False,False,False,False,False,False,0.0,73,"['CRM', 'CRWD', 'DOCU', 'NVAX', 'AAL', 'LUV', 'DAL', 'UAL']",UAL,2021-11-28
The U.S. stock market suffers ugly Black Friday selloff. Here are the biggest losers (and the winners).,"Wall Street skidded lower on Black Friday as investors reacted to fresh travel bans related to a variant of the coronavirus that causes COVID-19 called B.1.1.529, that has been identified in South Africa.",2021-11-28 22:35:00+00:00,https://www.marketwatch.com/story/the-u-s-stock-market-suffers-ugly-black-friday-selloff-here-are-the-biggest-losers-and-winners-11637952898,MarketWatch,-0.21904761904761902,0.5238095238095238,negative,0.21904761904761902,False,False,False,False,False,False,False,False,0.0,309,"['COMP', 'XLE', 'APA', 'OXY', 'DVN', 'MRO', 'XLF', 'AXP', 'CMA', 'HBAN', 'WFC', 'IVZ', 'MRNA', 'PJP', 'IHE', 'XPH', 'BA', 'LUV', 'AAL', 'EXPE', 'UAL', 'AWAY', 'ZM', 'NFLX', 'WFH', 'AVYA', 'XRX', 'PRGS']",UAL,2021-11-28
"Stock Market News for Nov 29, 2021","Benchmarks recorded the worst Black Friday performance in decades, as reports of a new COVID variant spooked investors raising concerns on economic recovery.",2021-11-29 13:36:00+00:00,https://www.zacks.com/stock/news/1832693/stock-market-news-for-nov-29-2021,Zacks Investment Research,-0.20757575757575758,0.521969696969697,negative,0.20757575757575758,False,False,False,False,False,False,False,False,0.0,193,"['MAR', 'UAL', 'AXP', 'RCL', 'BKNG', 'PDD', 'ZM', 'PTON']",UAL,2021-11-29
Airline Stocks Plummet in Friday's Trading: Here's Why,"Further spread of the Omicron variant is likely to diminish the recent uptick in air-travel demand, eventually hurting stocks like DAL, UAL and RYAAY.",2021-11-29 18:56:00+00:00,https://www.zacks.com/stock/news/1833009/airline-stocks-plummet-in-fridays-trading-heres-why,Zacks Investment Research,0.0,0.5833333333333334,neutral,0.0,False,False,False,False,False,False,False,False,0.0,206,"['RYAAY', 'DAL', 'UAL']",UAL,2021-11-29
Spirit Airlines: The Best Airline Play Through 2030,Spirit has been the make-fun-of airlines of choice as of late but they've been using their momentum to expand routes and markets as revenues are set to surge. Read more here.,2021-11-30 05:45:29+00:00,https://seekingalpha.com/article/4472441-spirit-airlines-the-best-airline-play-through-2030,Seeking Alpha,0.39999999999999997,0.4666666666666666,positive,0.39999999999999997,True,False,False,False,False,False,False,False,0.0,227,"['DAL', 'UAL', 'AAL', 'SAVE']",UAL,2021-11-30
JPMorgan's S&P 500 forecast for 2022 is among the most bullish on Wall Street. Here's the biggest risk it sees for stocks.,"Wall Street continues to roll out its forecasts for the year ahead. JPMorgan expects the S&P 500 will top 5,000 next year. This is why.",2021-11-30 12:05:00+00:00,https://www.marketwatch.com/story/jpmorgans-s-p-500-forecast-for-2022-is-among-the-most-bullish-on-wall-street-heres-the-biggest-risk-it-sees-for-stocks-11638273921,MarketWatch,0.3333333333333333,0.3333333333333333,positive,0.3333333333333333,False,False,False,False,False,False,False,False,0.0,259,"['MRNA', 'DLTR', 'TPR', 'JCI', 'MAS', 'UAA', 'TSN', 'DIS', 'LVS', 'EXPE', 'HAL', 'BKR', 'OXY', 'PFE', 'REGN', 'AAL', 'UAL', 'DAL', 'FB']",UAL,2021-11-30
"U.S. airlines may find domestic travel acting as a cushion against the omicron variant, analysts say",News about the omicron variant of the coronavirus rattled U.S. airline and travel-related stocks this week just as a relatively strong Thanksgiving traveling season wrapped up.,2021-11-30 19:17:00+00:00,https://www.marketwatch.com/story/u-s-airlines-may-find-domestic-travel-acting-as-a-cushion-against-the-omicron-variant-analysts-say-11638299848,MarketWatch,0.14444444444444443,0.27777777777777773,positive,0.14444444444444443,False,False,False,False,False,False,False,False,0.0,278,"['JETS', 'UAL', 'AAL', 'DAL', 'LUV', 'JBLU', 'SAVE']",UAL,2021-11-30
Dow closes 650 points lower Tuesday as Powell helps to ignite fresh stock-market selloff,Stocks extend losses after Fed Chairman Jerome Powell says it would be appropriate to consider winding down the central bank's monthly asset purchases more quickly than planned.,2021-11-30 22:06:00+00:00,https://www.marketwatch.com/story/stock-futures-tumble-anew-as-moderna-ceo-predicts-existing-vaccines-will-be-less-effective-against-omicron-variant-11638254957,MarketWatch,0.24629629629629626,0.4231481481481481,positive,0.24629629629629626,True,False,False,False,False,False,False,False,0.0,267,"['COMP', 'MRNA', 'AAL', 'UAL', 'DAL', 'JETS', 'EXPE']",UAL,2021-11-30
How to avoid long lines at the airport—without paying for it ,Speed through security or jump to the front of the line—and your credit card may cover the cost.,2021-12-01 10:01:00+00:00,https://www.marketwatch.com/story/how-to-avoid-long-lines-at-the-airportwithout-paying-for-it-11637948472,MarketWatch,-0.05,0.4,neutral,0.05,False,False,True,False,False,False,False,False,0.0,159,"['UAL', 'LUV']",UAL,2021-12-01
"Salesforce earnings beat in first full quarter with Slack, but forecast slaps stock","Salesforce.com Inc. produced a big earnings beat in its first full quarter with Slack Technologies Inc. on board, but projections for the end of the year slammed the stock in after-hours trading Tuesday.",2021-12-01 13:26:00+00:00,https://www.marketwatch.com/story/salesforce-earnings-beat-in-first-full-quarter-with-slack-but-forecast-slaps-stock-11638307076,MarketWatch,0.24,0.37333333333333335,positive,0.24,True,False,False,False,False,False,False,False,0.0,288,"['CRM', 'TWTR', 'ORCL', 'WSM', 'UAL']",UAL,2021-12-01
Can Holiday Season Help Airlines Bounce Back From Its Lows?,"Airline companies like American Airlines (AAL), Southwest Airlines (LUV), United Airlines (UAL) and Delta Air Lines (DAL) had a good Thanksgiving week and are likely to put up a good show in the coming days.",2021-12-01 13:28:00+00:00,https://www.zacks.com/stock/news/1833729/can-holiday-season-help-airlines-bounce-back-from-its-lows,Zacks Investment Research,0.27999999999999997,0.44000000000000006,positive,0.27999999999999997,False,False,False,False,False,False,False,False,0.0,268,"['DAL', 'UAL', 'LUV', 'AAL']",UAL,2021-12-01
Amazon (AMZN) Expands Customer Base With AWS Private 5G Launch,Amazon's (AMZN) AWS introduces AWS Private 5G to help companies seamlessly set up and scale private 5G networks in their facilities.,2021-12-01 14:43:00+00:00,https://www.zacks.com/stock/news/1833862/amazon-amzn-expands-customer-base-with-aws-private-5g-launch,Zacks Investment Research,-0.14,0.445,negative,0.14,False,False,False,False,True,False,False,False,0.0,196,"['AMZN', 'UAL', 'AIG', 'XM']",UAL,2021-12-01
"Airline Stock Roundup: Omicron-Related Updates Grab Headlines, RYAAY in Focus",Delta (DAL) and United Airlines (UAL) decide not to change their schedule to South Africa.,2021-12-01 18:50:00+00:00,https://www.zacks.com/stock/news/1834100/airline-stock-roundup-omicron-related-updates-grab-headlines-ryaay-in-focus,Zacks Investment Research,0.0,0.0,neutral,0.0,False,False,False,False,False,False,False,False,0.0,169,"['RYAAY', 'DAL', 'UAL', 'JBLU', 'AAL']",UAL,2021-12-01
Why Airline Stocks Like Delta and United Were Grounded (Again) Today,"Just when it looks like the industry is nearing cruising altitude, it runs back into some all-too-familiar turbulence.",2021-12-01 22:14:38+00:00,https://www.fool.com/investing/2021/12/01/why-airline-stocks-like-delta-and-united-were-grou/,The Motley Fool,0.0,0.0,neutral,0.0,False,False,False,False,False,False,False,False,0.0,188,"['DAL', 'UAL', 'AAL']",UAL,2021-12-01
"Dow stages wild, 1,000-point swing and stocks see sharpest U-turn lower in over a year as U.S. confirms 1st omicron case","Stocks end sharply lower Wednesday, squandering a solid rebound, after Dr. Anthony Fauci said U.S. has confirmed its first omicron case.",2021-12-01 22:19:00+00:00,https://www.marketwatch.com/story/december-set-to-start-with-gains-as-dow-futures-jump-300-points-after-selloff-11638357181,MarketWatch,0.125,0.5166666666666667,positive,0.125,False,False,False,False,False,False,False,False,0.0,258,"['COMP', 'MRNA', 'GFS', 'JETS', 'AAL', 'UAL', 'DAL']",UAL,2021-12-01
"Stock Market News for Dec 2, 2021",Benchmarks closed witnesses a steep decline on Wednesday after President Joe Biden's chief medical adviser and the Centers for Disease Control and Prevention confirmed the first case of omicron in the United States.,2021-12-02 14:25:00+00:00,https://www.zacks.com/stock/news/1834439/stock-market-news-for-dec-2-2021,Zacks Investment Research,0.1375,0.35833333333333334,positive,0.1375,False,False,False,False,False,False,False,False,0.0,250,"['CRM', 'DAL', 'UAL', 'M', 'RCL', 'JWN', 'AAL']",UAL,2021-12-02
Why Airline Stocks Are Flying Higher Today,Yesterday's COVID concerns become today's buying opportunities.,2021-12-02 20:16:45+00:00,https://www.fool.com/investing/2021/12/02/why-airline-stocks-are-flying-higher-today/,The Motley Fool,0.25,0.5,positive,0.25,False,True,False,False,False,False,False,False,0.0,107,"['LUV', 'JBLU', 'UAL', 'DAL', 'SAVE', 'AAL']",UAL,2021-12-02
Investors eagerly buy the dip — here are the losing stocks that became winners Thursday,"A wild swing occurred in the stock market, as more than four of five S&P 500 stocks rose at least 1%.",2021-12-03 11:29:00+00:00,https://www.marketwatch.com/story/investors-eagerly-buy-the-dip-here-are-the-losing-stocks-that-became-winners-thursday-11638484117,MarketWatch,0.22499999999999998,0.5625,positive,0.22499999999999998,False,True,False,False,False,False,False,False,0.0,190,"['COMP', 'MRNA', 'CRM', 'NCLH', 'FTNT', 'AAL', 'RCL', 'CZR', 'UAL', 'NOW', 'DAL', 'CCL', 'PENN', 'AMD', 'ETSY', 'CF', 'ENPH', 'BA', 'BBWI', 'ALK', 'LVS']",UAL,2021-12-03
Amazon (AMZN) Boosts AWS Offerings With Database Capabilities,Amazon (AMZN) introduces three database capabilities to help customers manage data efficiently for their business applications.,2021-12-03 13:37:00+00:00,https://www.zacks.com/stock/news/1834990/amazon-amzn-boosts-aws-offerings-with-database-capabilities,Zacks Investment Research,0.0,0.0,neutral,0.0,False,False,False,False,False,False,False,False,0.0,190,"['AMZN', 'MSFT', 'UAL', 'GOOGL']",UAL,2021-12-03
United (UAL) Operates Flight Using 100% Sustainable Fuel,"For the first time in aviation history, United Airlines (UAL) flew an aircraft from Chicago to Washington using 100% sustainable aviation fuel in one of its two engines.",2021-12-03 21:57:00+00:00,https://www.zacks.com/stock/news/1835353/united-ual-operates-flight-using-100-sustainable-fuel,Zacks Investment Research,0.25,0.3333333333333333,positive,0.25,False,False,False,False,False,False,False,False,0.0,227,"['UAL', 'CHRW', 'KNX', 'LSTR']",UAL,2021-12-03
Why Airline Shares Are Flying High Today,Dr. Fauci says the initial data on omicron is encouraging.,2021-12-06 19:26:19+00:00,https://www.fool.com/investing/2021/12/06/why-airline-shares-are-flying-high-today/,The Motley Fool,0.08,0.26999999999999996,neutral,0.08,False,False,False,False,False,False,False,False,0.0,100,"['LUV', 'JBLU', 'UAL', 'DAL', 'SAVE', 'AAL', 'AZUL']",UAL,2021-12-06
"Dow scores biggest point gain in more than a year, while S&P 500 ends 1.2% higher as omicron worries take a break",U.S. stock indexes finish higher Monday as investors shrugged off omicron fears and await inflation updates scheduled for Friday.,2021-12-06 21:55:00+00:00,https://www.marketwatch.com/story/u-s-stock-futures-mixed-as-traders-await-key-virus-and-inflation-news-11638787578,MarketWatch,0.3333333333333333,0.5,positive,0.3333333333333333,False,False,False,False,False,False,False,False,0.0,244,"['UNH', 'GS', 'HD', 'BA', 'COMP', 'UAL', 'CCL', 'JETS', 'DWAC', 'MRNA']",UAL,2021-12-06
United (UAL) Soars 8.3%: Is Further Upside Left in the Stock?,,2021-12-07 07:29:00+00:00,https://www.investing.com/analysis/united-ual-soars-83-is-further-upside-left-in-the-stock-200610709,Investing.com,0.0,0.25,neutral,0.0,False,False,False,False,False,False,False,False,0.0,63,['UAL'],UAL,2021-12-07
United (UAL) Soars 8.3%: Is Further Upside Left in the Stock?,United (UAL) saw its shares surge in the last session with trading volume being higher than average. The latest trend in earnings estimate revisions could translate into further price increase in the near term.,2021-12-07 07:29:00+00:00,https://www.zacks.com/stock/news/1836080/united-ual-soars-83-is-further-upside-left-in-the-stock,Zacks Investment Research,0.0875,0.4083333333333333,neutral,0.0875,True,False,False,False,False,False,False,False,0.0,273,['UAL'],UAL,2021-12-07
Airline Stocks Fly High in Monday's Trading: Here's Why,"Relenting omicron-related fears bode well for carriers like Delta (DAL), United Airlines (UAL) and American Airlines (AAL).",2021-12-07 21:09:00+00:00,https://www.zacks.com/stock/news/1836518/airline-stocks-fly-high-in-mondays-trading-heres-why,Zacks Investment Research,0.32,0.48,positive,0.32,False,False,False,False,False,False,False,False,0.0,180,"['DAL', 'UAL', 'AAL']",UAL,2021-12-07
United Airlines (UAL) Stock Sinks As Market Gains: What You Should Know,"United Airlines (UAL) closed the most recent trading day at $43.41, moving -1.32% from the previous trading session.",2021-12-07 23:00:05+00:00,https://www.zacks.com/stock/news/1836551/united-airlines-ual-stock-sinks-as-market-gains-what-you-should-know,Zacks Investment Research,0.026666666666666665,0.2033333333333333,neutral,0.026666666666666665,False,False,False,False,False,False,False,False,0.0,189,['UAL'],UAL,2021-12-07
Why Airline Stocks Are Flying Higher Again Today,Positive commentary on demand and on the omicron variant has the sector taking flight.,2021-12-08 19:51:25+00:00,https://www.fool.com/investing/2021/12/08/why-airline-stocks-are-flying-higher-again-today/,The Motley Fool,0.23863636363636365,0.5227272727272727,positive,0.23863636363636365,False,False,True,False,False,False,False,False,0.0,136,"['DAL', 'JBLU', 'LUV', 'UAL', 'SAVE', 'AAL']",UAL,2021-12-08
"Airline Stock Roundup: AAL's New CEO, UAL's Environmentally-Friendly Move & More",Gol Linhas (GOL) and Ryanair (RYAAY) post impressive traffic statistics for November.,2021-12-08 20:53:00+00:00,https://www.zacks.com/stock/news/1837049/airline-stock-roundup-aals-new-ceo-uals-environmentally-friendly-move-more,Zacks Investment Research,0.5454545454545454,0.6515151515151515,positive,0.5454545454545454,False,False,False,False,False,False,True,False,0.0,167,"['RYAAY', 'UAL', 'GOL', 'AAL', 'ALGT']",UAL,2021-12-08
Investors Appear To Be Pausing Ahead Of Friday’s Inflation Report,,2021-12-09 15:46:00+00:00,https://www.investing.com/analysis/investors-appear-to-be-pausing-ahead-of-fridays-inflation-report-200611048,Investing.com,0.0,0.0,neutral,0.0,False,False,False,False,False,False,False,False,0.0,67,"['GME', 'UBER', 'GRUB', 'AAL', 'BA', 'CVS', 'RH', 'NCLH', 'CUK', 'CCL', 'RCL', 'LVS', 'UAL', 'ICE', 'TSLA', 'EL']",UAL,2021-12-09
"GameStop, Boeing, and Uber Trading Lower in Premarket Trading","Equity index futures are pointing lower before the open as the S&P 500 (SPX) tests resistance at its all-time high. After a three-day rally, investors appear to be taking a break ahead of Friday’s Consumer Price Index (CPI) report.  Despite the recent rally and the S&P 500’s relative position to a new high, the Cboe Volatility Index (VIX) is still slightly elevated. The VIX was trading above the 20 level before the bell and appears to reflect a sense of uncertainty that remains among investors.
Investor uncertainty is likely around the Fed’s ability to taper and manage the inflation situation. Many analysts are viewing the flatter yield curve as the bond market telling the Fed it’s going too slow when it comes to tapering. The Fed may feel more comfortable speeding up its tapering plans because initial jobless claims came in at 184,000 this morning which was below the expected 215,000.
Some individual stocks are making moves before the opening bell. After Wednesday’s close, meme stock GameStop (NYSE: GME) reported worse-than-expected losses despite higher-than-expected revenue. The company had higher expenses because it loaded up on inventory for the holidays. The company also disclosed an SEC subpoena related to trading activity. The stock fell about 6% in after-hours trading but trimmed its losses to 4.98% in premarket trading.
Food delivery companies like Uber (NYSE: UBER) and Just Eat Takaway.com aka GrubHub (NASDAQ: GRUB) are under scrutiny after the European Union’s food commission looks to designate gig economy workers as full-time employees. The move could require these companies to offer certain benefits that will likely increase expenses and hurt company profits.
Looking to the skies, American Airlines (NASDAQ: AAL) announced it will have fewer international flights because of delays from Boeing (NYSE: BA) in delivering its new 787 Dreamliner. Boeing is also losing out to its competitor Airbus. According to Reuters, Airbus appears to be winning the contract as the provider to Dutch KLM airline with planes. Boeing was trading 1.15% lower in premarket trading.
On the positive side, CVS Health (NYSE: CVS) announced an increase in its dividend and stock buyback ...",2021-12-09 15:56:59+00:00,https://www.benzinga.com/news/earnings/21/12/24527746/gamestop-boeing-and-uber-trading-lower-in-premarket-trading,Benzinga,0.09324514991181657,0.42120891454224785,neutral,0.09324514991181657,True,True,True,False,False,True,False,False,0.0,2272,"['BA', 'CCL', 'CVS', 'EL', 'GME', 'LVS', 'RCL', 'TSLA', 'UAL', 'RH', 'NCLH', 'AAL', 'GRUB', 'UBER']",UAL,2021-12-09
"U.S. airlines are in tough spot, but its 'too early' to tell omicron impact, Citi says","U.S. travelers have booked fewer flights in the last few weeks, but it remains to be seen whether that is due to a calendar quirk or concerns about the omicron variant of the novel coronavirus.",2021-12-09 17:26:00+00:00,https://www.marketwatch.com/story/u-s-airlines-are-in-tough-spot-but-its-too-early-to-tell-omicron-impact-citi-says-11639070786,MarketWatch,-0.12277777777777779,0.335,negative,0.12277777777777779,False,False,False,False,False,False,False,False,0.0,281,"['ULCC', 'UAL', 'AAL', 'DAL', 'JETS']",UAL,2021-12-09
Did Investors Overreact to PayPal's Q3 Report?,The stock dipped after it reported earnings.,2021-12-09 19:15:00+00:00,https://www.fool.com/investing/2021/12/09/did-investors-overreact-to-paypals-q3-report/,The Motley Fool,0.0,0.0,neutral,0.0,True,False,False,False,False,False,False,False,0.0,92,"['PYPL', 'AMZN', 'EBAY', 'UAL', 'SQ']",UAL,2021-12-09
"Stock Market News for Dec 10, 2021","Major U.S. benchmarks edged lower on Thursday, bringing a halt to the rebound rally that started at the beginning of the week as they shifted focus toward inflation data that is scheduled to be out on Friday.",2021-12-10 14:35:00+00:00,https://www.zacks.com/stock/news/1837912/stock-market-news-for-dec-10-2021,Zacks Investment Research,0.0625,0.5,neutral,0.0625,False,False,False,False,False,False,False,False,0.0,244,"['CCL', 'UAL', 'NCLH']",UAL,2021-12-10
Should You Invest in the U.S. Global Jets ETF (JETS)?,Sector ETF report for JETS,2021-12-13 11:20:09+00:00,https://www.zacks.com/stock/news/1838372/should-you-invest-in-the-us-global-jets-etf-jets,Zacks Investment Research,0.0,0.0,neutral,0.0,False,False,True,False,False,False,False,False,0.0,81,"['JETS', 'UAL', 'LUV', 'AAL', 'IYT', 'FTXR']",UAL,2021-12-13
Why Airline Stocks Are Falling Today,The World Health Organization remains cautious about omicron.,2021-12-13 17:54:16+00:00,https://www.fool.com/investing/2021/12/13/why-airline-stocks-are-falling-today/,The Motley Fool,0.0,0.0,neutral,0.0,False,False,False,False,False,False,False,False,0.0,99,"['LUV', 'UAL', 'DAL', 'AAL']",UAL,2021-12-13
Why Boeing Stock Dropped Monday,Omicron fears continue to roil the airline industry.,2021-12-13 22:48:00+00:00,https://www.fool.com/investing/2021/12/13/why-boeing-stock-dropped-monday/,The Motley Fool,0.0,0.0,neutral,0.0,False,False,False,False,False,False,False,False,0.0,85,"['BA', 'UAL', 'AAL']",UAL,2021-12-13
United Airlines (UAL) Forms Partnership With Virgin Australia,United Airlines (UAL) aims to boost connectivity to Australia and offer enhanced benefits of MileagePlus membership through a new partnership with Virgin Australia.,2021-12-14 15:41:00+00:00,https://www.zacks.com/stock/news/1839215/united-airlines-ual-forms-partnership-with-virgin-australia,Zacks Investment Research,0.13636363636363635,0.45454545454545453,positive,0.13636363636363635,False,False,False,True,False,False,False,False,0.0,227,"['UAL', 'EXPD', 'ARCB', 'SNDR']",UAL,2021-12-14
United Airlines (UAL) Dips More Than Broader Markets: What You Should Know,"United Airlines (UAL) closed the most recent trading day at $41.38, moving -0.86% from the previous trading session.",2021-12-14 23:00:09+00:00,https://www.zacks.com/stock/news/1839389/united-airlines-ual-dips-more-than-broader-markets-what-you-should-know,Zacks Investment Research,0.14666666666666667,0.30333333333333334,positive,0.14666666666666667,False,False,False,False,False,False,False,False,0.0,192,['UAL'],UAL,2021-12-14
United (UAL) Plans to Buy Upto 100 Zero-Emission Engines,"United Airlines (UAL) will pursue a conditional purchase agreement for 50 ZeroAvia ZA2000-RJ engines, with an option for 50 more.",2021-12-15 15:52:00+00:00,https://www.zacks.com/stock/news/1839709/united-ual-plans-to-buy-upto-100-zero-emission-engines,Zacks Investment Research,0.5,0.5,positive,0.5,False,True,False,False,False,False,False,False,0.0,187,"['UAL', 'CHRW', 'KNX', 'LSTR']",UAL,2021-12-15
Stock Wars: American Airlines Vs. United Airlines,"Benzinga’s weekly Stock Wars matches up two leaders in a major industry sector with the goal of determining which company is the better investment.
This week, the duel is between two high-flying airline industry leaders: American Airlines Group Inc. (NASDAQ: AAL) and United Airlines Holdings Inc. (NASDAQ: UAL).
The Case For American Airlines: This company can trace its roots back to 1930 with the merger of 82 small carriers into a single entity operating under the American Airways brand. The current operation is a Fort Worth, Texas-based holding company that was created in December 2013 with the merger of AMR Corporation, the parent company of American Airlines, and US Airways Group, the parent company of US Airways.
Today, American Airlines serves 230 domestic destinations and 123 international locations.

Among American Airlines’ most recent corporate developments was last week’s announcement of CEO Doug Parker’s scheduled retirement for March 31, 2022. He will continue as board chairman while President Robert Isom transitions into the chief executive role. Also last week, the Wall Street Journal reported the carrier was planning to reduce its international flight offerings next summer due to delays in the delivery of Boeing Co.'s (NYSE: BA) 787 Dreamliner aircraft.
Yesterday, American Airlines announced it was planning to hire 18,000 new employees in response to the travel industry's rebound from the pandemic. And last month, American Airlines and JetBlue Airways Corporation (NASDAQ: JBLU) asked a U.S. judge to dismiss an antitrust lawsuit filed by the U.S. Department of Justice (DOJ) and six states over their ""Northeast Alliance"" partnership. The lawsuit claimed this partnership would hike fare and limit competition, but the carriers disputed those charges.
In its most recent earnings report, the third-quarter data published Oct. 21, American Airlines recorded total operating revenues of $8.9 billion, up from $3.1 billion one year earlier. The company’s net income of $169 million was an improvement from the pandemic-era third-quarter 2020 loss ...",2021-12-15 16:13:30+00:00,https://www.benzinga.com/trading-ideas/long-ideas/21/12/24618558/stock-wars-american-airlines-vs-united-airlines,Benzinga,0.04565985485103132,0.17628915202444617,neutral,0.04565985485103132,True,True,True,True,False,False,True,True,0.0,2138,"['JBLU', 'BA', 'UAL', 'AAL']",UAL,2021-12-15
Airline CEOs to get grilled by lawmakers over flight disruptions after federal aid,"Airline executives are expected to answer lawmakers’ questions Wednesday about why some carriers struggled at times to absorb a resurgence in travel demand, after the industry received billions of dollars in federal aid to avoid such issues.",2021-12-15 18:32:00+00:00,https://www.marketwatch.com/story/airline-ceos-to-get-grilled-by-lawmakers-over-flight-disruptions-after-federal-aid-11639593155,MarketWatch,-0.05,0.45,neutral,0.05,False,False,False,False,False,False,True,False,0.0,325,"['AAL', 'LUV', 'UAL', 'DAL']",UAL,2021-12-15
Southwest Airlines CEO Gary Kelly tests positive for COVID-19,"Southwest Airlines Co. Chief Executive Gary Kelly, who attended a Senate hearing earlier this week, tested positive for COVID-19, a company spokeswoman said Friday.",2021-12-17 21:43:00+00:00,https://www.marketwatch.com/story/southwest-airlines-ceo-gary-kelly-tests-positive-for-covid-19-11639777421,MarketWatch,0.15151515151515152,0.5303030303030303,positive,0.15151515151515152,False,False,False,False,False,False,True,False,0.0,227,"['LUV', 'AAL', 'UAL', 'DAL']",UAL,2021-12-17
United Airlines (UAL) Gains As Market Dips: What You Should Know,"United Airlines (UAL) closed at $41.10 in the latest trading session, marking a +0.78% move from the prior day.",2021-12-20 23:00:10+00:00,https://www.zacks.com/stock/news/1841405/united-airlines-ual-gains-as-market-dips-what-you-should-know,Zacks Investment Research,0.13333333333333333,0.3333333333333333,positive,0.13333333333333333,False,False,False,False,False,False,False,False,0.0,177,['UAL'],UAL,2021-12-20
Why Airline Stocks Like United and Delta Soared Today,"The omicron variant of the coronavirus hasn't stifled domestic air travel, though there's more data to be gathered.",2021-12-21 21:47:27+00:00,https://www.fool.com/investing/2021/12/21/why-airline-stocks-like-united-and-delta-soared-to/,The Motley Fool,0.25,0.3,positive,0.25,False,False,False,False,False,False,False,False,0.0,170,"['DAL', 'JBLU', 'LUV', 'UAL', 'SAVE', 'AAL']",UAL,2021-12-21
Investors Appear Uninterested in Bonds Despite Elevated Uncertainty,"Equity index futures are relatively flat ahead of Wednesday’s open as investors try to digest Tuesday’s rebound. Wednesday is likely to be the last “full” trading day of the week as investors will likely start leaving for the Christmas holiday and trading volumes will be lighter.
The United States gross domestic product (GDP) came in higher than expected for the third quarter growing at 2.3% instead of the forecasted 2.1%. The same report also showed higher than expected inflation and lower than expected corporate profits. Equity index futures were unchanged immediately after the news.   
Omicron continues to loom over the market despite President Joe Biden saying that lockdowns are off the table of the fight against the variant. The White House hasn’t given up on its Build Back Better bill and is still trying to negotiate with Democrat detractors like Senator Joe Manchin.
Pfizer (NYSE: PFE) is trading slightly higher in premarket trading on news that the United Kingdom would buy 2.5 million doses of its COVID-19 treatment. Additionally, Merck (NYSE: MRK) may receive emergency use approval from the United States Food and Drug Administration for its oral COVID-19 treatment.
Tesla (NASDAQ: TSLA) CEO Elon Musk said he has sold enough shares to reach his goal of selling 10% of his stake in the company. Musk said he had to sell shares to meet tax liabilities associated with the options expirations. According to the Securities and Exchange Commission filings, Musk has sold 583,611 shares. Tesla shares have fallen about 23% during this time.
After Tuesday’s close, BlackBerry (NYSE: BB) announced better-than-expected earnings and revenues but is trading slightly lower after forecasting weaker sales for its cybersecurity software.
The S&P 500 (SPX) rallied 1.78% and broke back up above its 50-day moving average. Additionally, the Dow Jones Industrial Average ($DJI) rallied 1.60%. The rally in stocks was broad as NYSE advancers outnumbered decliners by more than 5 to 1. Additionally, the Russell 2000 (RUT) small-cap index rallied 2.98%.
Energy, technology, and consumer discretionary stocks were the top-performing sectors on the day with consumer staples and utilities being the only sectors to finish in the red. Energy stocks were aided by a 4.02% rise in oil prices (/CL). While rising tech stocks helped pull the Nasdaq Composite ((COMP:GIDS)) up 2.40% and above its 100-day moving average, the rally was a little less broad on the Nasdaq exchange where advancers outnumbered decliners about 3 to 1.
In the battle between growth and value investors, growth had the edge. The S&P ...",2021-12-22 14:28:45+00:00,https://www.benzinga.com/news/earnings/21/12/24737902/investors-appear-uninterested-in-bonds-despite-elevated-uncertainty,Benzinga,0.026547619047619046,0.32642857142857146,neutral,0.026547619047619046,True,True,True,False,True,False,True,False,0.0,2682,"['MRK', 'PFE', 'TSLA', 'UAL', 'BB']",UAL,2021-12-22
"Travel, Leisure Stocks Hope To Build On Tuesday’s Rally Despite Omicron Threat",,2021-12-22 16:42:00+00:00,https://www.investing.com/analysis/travel-leisure-stocks-hope-to-build-on-tuesdays-rally-despite-omicron-threat-200612422,Investing.com,0.0,0.0,neutral,0.0,False,False,False,False,False,False,False,False,0.0,80,"['PFE', 'TSLA', 'BB', 'UAL', 'ICE']",UAL,2021-12-22
"United, Delta cancel dozens of holiday-weekend flights as omicron spreads","United Airlines Holdings Inc. is canceling dozens of flights over the holiday weekend, as a surge of COVID-19 cases impacts crews, and Delta Air Lines Inc. also cited the variant as a factor behind a number of cancellations.",2021-12-24 02:43:00+00:00,https://www.marketwatch.com/story/united-delta-cancel-dozens-of-holiday-weekend-flights-as-omicron-spreads-11640313823,MarketWatch,-0.4,0.7,negative,0.4,False,False,False,False,False,False,False,False,0.0,299,"['UAL', 'DAL']",UAL,2021-12-24
"London stocks rise in holiday thinned trade, with travel stocks taking the lead",A final trading session before Christmas and the long holiday break sees London stocks trading higher.,2021-12-24 10:01:00+00:00,https://www.marketwatch.com/story/london-stocks-rise-in-holiday-thinned-trade-with-travel-stocks-taking-the-lead-11640340068,MarketWatch,0.06666666666666667,0.6333333333333333,neutral,0.06666666666666667,False,False,False,False,False,False,False,False,0.0,183,"['AHT', 'IAG', 'IHG', 'IHG', 'CCL', 'EZJ', 'UAL', 'DAL']",UAL,2021-12-24
"European markets finish Christmas week on a high note, as investors try to look past omicron worries","Paris,  Portugal and London were among the few markets opened Friday, as investors began their Christmas break.",2021-12-24 13:01:00+00:00,https://www.marketwatch.com/story/european-markets-finish-christmas-week-on-a-high-note-as-investors-try-to-look-past-omicron-worries-11640350881,MarketWatch,-0.07250000000000001,0.22249999999999998,neutral,0.07250000000000001,False,False,False,False,False,False,False,False,0.0,213,"['IAG', 'IHG', 'IHG', 'CCL', 'EZJ', 'UAL', 'DAL']",UAL,2021-12-24
"'There's no reason to test if you have no symptoms,' and two more surprising statements by a South African doctor instrumental in identifying omicron","Dr. Angelique Coetzee, the South African doctor who is credited with helping to spot the omicron variant, offers a few intriguing findings about the strain.",2021-12-24 22:03:00+00:00,https://www.marketwatch.com/story/theres-no-reason-to-test-if-you-have-no-symptoms-and-2-other-findings-from-the-woman-instrumental-in-first-identifying-omicron-11640376567,MarketWatch,0.2,0.21428571428571427,positive,0.2,False,False,False,False,False,False,False,False,0.0,307,"['DAL', 'UAL', 'JBLU', 'COMP']",UAL,2021-12-24
"3 Stocks To Watch In The Coming Week: Tesla, Delta Air, Pfizer ",,2021-12-26 06:51:00+00:00,https://www.investing.com/analysis/3-stocks-to-watch-in-the-coming-week-tesla-delta-air-pfizer-200612700,Investing.com,0.0,0.0,neutral,0.0,False,False,False,False,False,False,False,False,0.0,65,"['TSLA', 'UAL', 'PFE']",UAL,2021-12-26
"Got $5,000? These 3 Explosive Stocks Could Make You Richer in 2022",Forget how they performed in 2021 -- all three could be poised for strong gains in the new year.,2021-12-26 10:57:00+00:00,https://www.fool.com/investing/2021/12/26/got-5000-these-3-explosive-stocks-could-make-you-r/,The Motley Fool,0.2848484848484848,0.5939393939393939,positive,0.2848484848484848,False,False,False,False,False,False,False,False,0.0,164,"['TDOC', 'AMZN', 'MS', 'UAL', 'MELI', 'PSX', 'VLO', 'PYPL']",UAL,2021-12-26
"Airlines Cancel Over 1,500 U.S. Flights on Christmas Weekend As Crews Become Infected With COVID","Hundreds of flights have been canceled over Christmas weekend due to a rash of covid infections among flight crews driven by the spread of the omicron variant.
What Happened: More than 4,200 flight cancellations were reported worldwide on Saturday. There have been 1,500 flight canceled in the US since Friday, including 300 disruptions on Sunday.
Delta Air Lines Inc (NYSE: DAL) and United Airlines Holdings Inc (NASDAQ: UAL) were among those forced to cancel flights on both Christmas Eve and Christmas Day after crew members became infected with COVID.
“We’re at about 230 related to Omicron for today and so far have 50 loaded for tomorrow. We’re continuing to manage everything day by day and give customers as much notice as possible so they can change their plans if needed,” United said in a statement on Saturday.
Delta spokeswoman Kate Modolo issued a statement saying, ""We apologize to our customers for the delay in their holiday travel plans. Delta ...",2021-12-26 14:08:09+00:00,https://www.benzinga.com/news/21/12/24774928/airlines-cancel-over-1-500-u-s-flights-on-christmas-weekend-as-crews-become-infected-with-covid,Benzinga,0.05357142857142857,0.525,neutral,0.05357142857142857,False,False,False,False,False,False,False,False,0.0,1063,"['DAL', 'UAL', 'AAL']",UAL,2021-12-26
'I’m going to miss Christmas with my family!' Thousands of flights canceled globally due to omicron's spread,"There were 2,855 flights canceled worldwide on Christmas Day and another 2,054 were canceled on Sunday, according to FlightAware.",2021-12-26 22:33:00+00:00,https://www.marketwatch.com/story/im-going-to-miss-christmas-with-my-family-thousands-of-christmas-flights-canceled-worldwide-due-to-omicrons-rapid-spread-11640443639,MarketWatch,-0.125,0.375,negative,0.125,False,False,False,False,False,False,False,False,0.0,239,"['JBLU', 'AAL', 'TWTR', 'UAL', 'DAL']",UAL,2021-12-26
"January will be a huge month for these hard-hit stocks. Why now's the time to load up on riskier names, says JPMorgan.","Our call of the day says investors have been selling high-beta names too hard, because they're about to enter their biggest month.",2021-12-27 12:23:00+00:00,https://www.marketwatch.com/story/january-will-be-a-huge-month-for-these-hard-hit-stocks-why-nows-the-time-to-load-up-on-riskier-names-says-jpmorgan-11640607824,MarketWatch,0.054166666666666696,0.7208333333333333,neutral,0.054166666666666696,False,False,False,False,False,False,False,False,0.0,250,"['COMP', 'NFE', 'MTZ', 'PLUG', 'PTON', 'UAA', 'M', 'GPS', 'MRNA', 'NVAX', 'AMC', 'PINS', 'AAL', 'DAL', 'UAL', 'CCL', 'ROG', 'SONY', 'TSLA', 'GME', 'NIO', 'AAPL']",UAL,2021-12-27
Holiday Shopping Saw Growth in Apparel and Jewelry,"The United States kicks off the week as much of Europe is recognizing the Christmas holiday on Monday. Despite the approaching New Year’s holiday, the U.S. markets are open all week. Between Christmas and New Year’s Eve trading volumes tend to be about 30% lower because many investors take time off.
With low volumes, investors should be careful to use this week as a “tweak week” and not necessarily a full-scale trading week. Smaller position sizes and short-term opportunities may be more sensible approaches. Also, many investors may choose to use the week to make any final tax adjustments or final portfolio adjustments for 2022.
However, this is also the week of the famous Santa Claus rally. The Santa Claus rally is a phenomenon where the market tends to rally from the first day of trading after Christmas thru the first two trading days of January. The rally doesn’t always happen, but traders built some momentum with last week’s three-day rally.
Last Thursday, the S&P 500 (SPX) closed at a new all-time high as Santa appears to have started his rally a couple of days early. Despite starting the week on a down note, the S&P 500 still rose about 2.5% on the week, while the Dow Jones Industrial Average ($DJI) and Nasdaq Composite ((COMP:GIDS)) closed shy of their monthly highs. As expected, volumes were lighter as investors left early to get a start on Christmas festivities.
Futures are pointing to a higher open on Monday as investors look to build on last week’s gains. Japanese markets traded a little lower overnight while Chinese markets were a little higher. GoDaddy (NYSE: GDDY) was 4% higher in premarket trading on news that activist investor Starboard Value has accumulated a sizable stake in the company. The stock is already up about 10% on a five-day rally.
Airline stocks are trading lower before the bell because of several cancellations over the Christmas holiday. According to NBC, more than 6,000 flights were canceled globally on Christmas Eve and the other 2,000 have already been canceled today. United Airlines (NASDAQ: UAL) was down 1.8% in premarket trading while American Airlines (NASDAQ: AAL) was down 1.8%. CNBC reported that airline crews called in sick with Omicron infections. Delta (NYSE: DAL), United (UAL), JetBlue (NASDAQ: JBLU), and Alaska Airlines (NYSE: ALK) had some of the highest cancellation rates. Airline workers getting sick has been an ongoing problem for travel and the supply chain so these problems could continue throughout the week.
According to Mastercard SpendingPulse data, Christmas retail sales were up 8.5% higher than last year. In-store sales rose 8.1% while e-commerce sales were up 11%. Online sales made up 20.9% of all retail sales this year, compared to ...",2021-12-27 14:36:39+00:00,https://www.benzinga.com/news/earnings/21/12/24780750/holiday-shopping-saw-growth-in-apparel-and-jewelry,Benzinga,0.051393449317977624,0.41307400147022794,neutral,0.051393449317977624,False,False,False,False,False,False,False,False,0.0,2792,"['JBLU', 'ALK', 'DAL', 'MRK', 'UAL', 'AAL', 'GDDY']",UAL,2021-12-27
Santa Claus Rally Could Get Grounded By Airline Cancellations,,2021-12-27 15:17:00+00:00,https://www.investing.com/analysis/santa-claus-rally-could-get-grounded-by-airline-cancellations-200612811,Investing.com,0.0,0.0,neutral,0.0,False,False,False,False,False,False,False,False,0.0,63,"['GDDY', 'UAL', 'AAL', 'DAL', 'JBLU', 'ALK', 'ICE', 'MRK']",UAL,2021-12-27
'Guess I'm not going home': Thousands more flights canceled Monday as omicron affects airline staffing,"There were  2,208 flights canceled globally on Monday, in addition to 5,103 flights over the weekend.",2021-12-27 19:31:00+00:00,https://www.marketwatch.com/story/guess-im-not-going-home-thousands-more-flights-canceled-monday-as-omicron-affects-airline-staffing-11640610852,MarketWatch,0.25,0.25,positive,0.25,False,False,False,False,False,False,False,False,0.0,205,"['TWTR', 'SBUX', 'JBLU', 'AAL', 'UAL', 'DAL']",UAL,2021-12-27
"Dow rises over 350 points, S&P 500 logs 69th record of 2021 as holiday spending buttresses stock market Monday","U.S. stock benchmarks close higher Monday, with the Dow topping 36,000 and technology and energy shares helping establish an intraday and closing record for the S&P 500.",2021-12-27 21:52:00+00:00,https://www.marketwatch.com/story/stock-futures-point-higher-but-travel-stocks-pressured-after-weekend-of-covid-holiday-disruptions-11640601276,MarketWatch,0.25,0.5,positive,0.25,False,False,False,False,False,False,False,False,0.0,281,"['COMP', 'AAL', 'DAL', 'JBLU', 'UAL', 'CCL', 'TSLA', 'BABA', 'BBIO']",UAL,2021-12-27
Delta (DAL) Cancels Hundreds of Holiday Flights on Omicron Woes,"Delta's (DAL) Christmas flight cancellations result from the Omicron-induced spike in coronavirus cases and severe winter weather conditions in parts of the United States, among other factors.",2021-12-28 14:51:00+00:00,https://www.zacks.com/stock/news/1844319/delta-dal-cancels-hundreds-of-holiday-flights-on-omicron-woes,Zacks Investment Research,-0.125,0.375,negative,0.125,False,False,False,False,False,False,False,False,0.0,257,"['DAL', 'UAL', 'JBLU']",UAL,2021-12-28
United Airlines (UAL) Gains As Market Dips: What You Should Know,"In the latest trading session, United Airlines (UAL) closed at $45.27, marking a +1.55% move from the previous day.",2021-12-28 23:15:18+00:00,https://www.zacks.com/stock/news/1844654/united-airlines-ual-gains-as-market-dips-what-you-should-know,Zacks Investment Research,0.07777777777777779,0.3888888888888889,neutral,0.07777777777777779,False,False,False,False,False,False,False,False,0.0,181,['UAL'],UAL,2021-12-28
"Airline Stock Roundup: RYAAY's Dim FY22 Traffic View, Flight Cancellations & More",Holiday travel plans take a backseat as U.S. carriers like Delta (DAL) and United Airlines (UAL) cancel multiple flights.,2021-12-29 16:17:00+00:00,https://www.zacks.com/stock/news/1845014/airline-stock-roundup-ryaays-dim-fy22-traffic-view-flight-cancellations-more,Zacks Investment Research,0.19999999999999998,0.3333333333333333,positive,0.19999999999999998,False,False,False,False,False,False,False,False,0.0,204,"['RYAAY', 'DAL', 'UAL', 'JBLU', 'AAL']",UAL,2021-12-29
Sector Themes In Play In The Markets For 2022,,2021-12-31 15:52:00+00:00,https://www.investing.com/analysis/sector-themes-in-play-in-the-markets-for-2022-200613277,Investing.com,0.0,0.0,neutral,0.0,False,False,True,False,False,False,False,False,0.0,47,"['DAL', 'UAL', 'LUV', 'AAL', 'JETS', 'AMD', 'QCOM', 'ADI', 'MRVL', 'AMT', 'XLNX', 'KEYS', 'T', 'TMUS', 'VZ', 'MSFT', 'AMAT', 'GOOGL', 'NVDA', 'AAPL', 'QCOM', 'F', 'GM', 'TM', 'TSLA', 'WKHS', 'XPEV', 'NKLA', 'CHPT', 'GLD', 'SLV', 'GDX', 'GDXJ', 'SIL', 'SILJ', 'LIT', 'PSA', 'LSI', 'CUBE']",UAL,2021-12-31
Flight Cancellations Upset Holiday Air-Travel Plans: A Review,"Mass flight cancellations over the past few days by the likes of Delta (DAL), United Airlines (UAL) and JetBlue (JBLU) are likely to hurt their Q4 top-line numbers.",2021-12-31 19:50:00+00:00,https://www.zacks.com/stock/news/1846110/flight-cancellations-upset-holiday-air-travel-plans-a-review,Zacks Investment Research,-0.15,0.45,negative,0.15,False,False,False,False,False,False,False,False,0.0,227,"['DAL', 'UAL', 'JBLU']",UAL,2021-12-31
Thousands Of Weekend Flights Canceled As Major Snow Storm Churns Across US,"Thousands of flights have been canceled across the U.S. on Saturday due to staffing shortages and bad weather.
What Happened: Over 4,300 flights across the country were canceled and over 2,600 were delayed on the first day of 2022 according to data from FlightAware.com.
The site indicates that Delta Air Lines Inc (NYSE: DAL) grounded 9% of its flights, while American Airlines Group Inc (NASDAQ: AAL) and United Airlines Holdings Inc (NASDAQ: UAL) each ...",2022-01-01 20:13:57+00:00,https://www.benzinga.com/news/22/01/24854098/thousands-of-weekend-flights-canceled-as-major-snow-storm-churns-across-us,Benzinga,-0.10249999999999997,0.37499999999999994,negative,0.10249999999999997,False,False,False,False,False,False,False,False,0.0,534,"['SPY', 'DAL', 'LUV', 'UAL', 'AAL']",UAL,2022-01-01
"'I'm going to lose my mind': 2021 was a year of air rage, canceled flights, overworked airline staff and omicron ","There were more than 12,000 flights canceled worldwide from Friday through Sunday, according to FlightAware.",2022-01-03 09:40:00+00:00,https://www.marketwatch.com/story/im-going-to-lose-my-mind-2021-a-year-of-air-rage-canceled-flights-harried-airline-staff-and-omicron-and-its-not-over-yet-11640948791,MarketWatch,0.5,0.5,positive,0.5,False,False,False,False,False,False,False,False,0.0,223,"['TWTR', 'DAL', 'UAL']",UAL,2022-01-03
Stock picking in 2022? Goldman Sachs says these are the companies that should be on your radar.,"Look for companies that have high growth and high margins, and avoid those with high exposure to wage inflation. That's the playbook for 2022, says Goldman Sachs.",2022-01-03 12:11:00+00:00,https://www.marketwatch.com/story/stock-picking-in-2022-goldman-sachs-says-these-are-the-companies-that-should-be-on-your-radar-11641211896,MarketWatch,0.16,0.5399999999999999,positive,0.16,False,False,False,False,False,False,False,False,0.0,259,"['MP', 'MA', 'UTHR', 'AZPN', 'NVDA', 'MRVL', 'DISH', 'NFLX', 'UAA', 'KMX', 'KO', 'ABC', 'AAPL', 'HPE', 'PYPL', 'TSLA', 'UAL', 'GS', 'JPM', 'BAC', 'C', 'AMC', 'GME', 'NIO', 'NAKD', 'TWTR']",UAL,2022-01-03
Traders Look to January to Set the Tone for 2022,"After an early start for the Santa Claus rally in the third week of December, stocks were able to move higher last Monday but then drifted a little lower throughout the week. The Santa Claus rally technically goes into the first two trading days of January, so St. Nick has two more days to help investors. This morning he’s getting help from the Russell 2000 futures (/RTY) which are leading other equity indices higher.
The employment picture will be in focus as a few jobs reports will be released nearly every day this week.  The jobs reports will be capped off by the big Employment Situation report on Friday. Employment has been a big factor in the Fed’s tapering and interest rate decisions.
Tesla (NASDAQ: TSLA) is up more than 7% in premarket trading on news that the company delivered a record number of vehicles in the fourth quarter. Many analysts were forced to readjust their fourth-quarter earnings estimates higher on the news. Not to be outdone, the China-based electric vehicle maker Nio (NYSE: NIO) also announced a 50% year-over-year increase in its deliveries for December.
Many airlines are trading higher on Monday morning despite another rash of COVID-19-related flight cancelations over the weekend. United Airlines (NASDAQ: UAL) and Alaska Air (NYSE: ALK) were up more than 1.03% and 1.40% respectively in premarket trading. Other travel and leisure stocks including Norwegian Cruise Line (NYSE: NCLH) and Carnival (NYSE: CCL) were up around 1% before the opening bell too.
However, airlines are warning that they may experience more flight delays because of a dispute between AT&T (NYSE: T) and Verizon (NYSE: VZ) with the U.S. government. The companies have been asked to delay their 5G service due to potential aviation safety risks. According to Barron’s, both AT&T and Verizon have declined to do so and offered a different plan. Each stock is trading slightly higher before the open.
Another company rising in premarket trading is McDonald’s (NYSE: MCD). It was upgraded by Piper Sandler analysts because of the company’s ability to increase its drive-thru performance meeting the social distancing needs of customers. On a personal note, any time you want to talk McRibs, I’m all good.
Of course, if you eat too many McRibs you must head to the gym and Planet Fitness (NYSE: PLNT) reported this morning that it continues to see high usage of its gyms despite the Omicron variant threat. Planet was also the first fitness brand to receive the WELL Health -Safety Rating by the International WELL Building Institute (IWBI).
So far, it looks like a good start to the year, let’s see ...",2022-01-03 14:54:01+00:00,https://www.benzinga.com/news/earnings/22/01/24861828/traders-look-to-january-to-set-the-tone-for-2022,Benzinga,0.16050813008130083,0.3802439024390244,positive,0.16050813008130083,True,False,False,False,True,False,False,False,0.0,2667,"['ALK', 'CCL', 'MCD', 'T', 'VZ', 'TSLA', 'UAL', 'NCLH', 'PLNT', 'NIO']",UAL,2022-01-03
United Airlines (UAL) Offers Staff Higher Pay Through January,United Airlines (UAL) offers its pilots and flight attendants higher pay through January to encourage them to pick up more flying as it grapples with staffing shortages amid a spike in COVID-19 cases.,2022-01-03 15:45:00+00:00,https://www.zacks.com/stock/news/1846556/united-airlines-ual-offers-staff-higher-pay-through-january,Zacks Investment Research,0.24,0.3,positive,0.24,False,False,False,False,False,False,False,False,0.0,263,"['UAL', 'SAVE', 'ARCB', 'SNDR']",UAL,2022-01-03
Why Gevo Stock Is Up Nearly 14% Today,"Investors are connecting a couple of semirelated dots, though the timing of their conclusions is a little suspicious.",2022-01-03 18:32:45+00:00,https://www.fool.com/investing/2022/01/03/why-gevo-is-up-than-13-today/,The Motley Fool,-0.04375,0.45,neutral,0.04375,False,False,False,False,False,False,False,False,0.0,156,"['GEVO', 'DAL', 'UAL', 'AAL']",UAL,2022-01-03
Why Airline Stocks Are Flying High Today,Wall Street believes there are better days ahead for this sector.,2022-01-03 19:17:00+00:00,https://www.fool.com/investing/2022/01/03/why-airline-stocks-are-flying-high-today/,The Motley Fool,0.33,0.52,positive,0.33,False,False,True,False,False,False,False,False,0.0,107,"['DAL', 'JBLU', 'ALK', 'SAVE', 'UAL', 'AAL', 'ULCC']",UAL,2022-01-03
Airline Stock Short Interest Up 30% Since Omicron Variant Discovered,"Airline stock investors hoping for a return to normalcy in 2022 got some very bad news in late November when scientists discovered the omicron variant of COVID-19. The omicron news was a devastating blow for airline stock investors, but Bank of America analyst Andrew Didora said Tuesday that omicron has seemingly emboldened airline stock short sellers.
Omicron Underperformance: Didora said airline stocks underperformed the S&P 500 for the third consecutive month in December and underperformed the index in eight of the 12 months of 2021. The recent underperformance is particularly disappointing for investors given the holiday travel season usually makes the fourth quarter the strongest of the year for airlines, Didora said.
Related Link: Stocks Down On Concerns Over New COVID-19 Strain 
Many investors scooped up airline stocks in ...",2022-01-04 15:47:59+00:00,https://www.benzinga.com/analyst-ratings/analyst-color/22/01/24881772/airline-stock-short-interest-up-30-since-omicron-variant-discovered,Benzinga,-0.18422799422799424,0.4221500721500721,negative,0.18422799422799424,False,False,True,False,False,False,False,False,0.0,914,"['MESA', 'UAL', 'AAL']",UAL,2022-01-04
United Airlines (UAL) Gains As Market Dips: What You Should Know,"United Airlines (UAL) closed at $46.25 in the latest trading session, marking a +1.67% move from the prior day.",2022-01-04 23:15:21+00:00,https://www.zacks.com/stock/news/1847428/united-airlines-ual-gains-as-market-dips-what-you-should-know,Zacks Investment Research,0.13333333333333333,0.3333333333333333,positive,0.13333333333333333,False,False,False,False,False,False,False,False,0.0,177,['UAL'],UAL,2022-01-04
"Airline Stock Roundup: ALGT's Boing 737MAX Order, GOL's Rosy Traffic Post & More",Allegiant (ALGT) places an order to buy 50 new 737 MAX jets. Gol's (GOL) December traffic increases year over year on improving air-travel demand in Latin America.,2022-01-06 22:55:00+00:00,https://www.zacks.com/stock/news/1848692/airline-stock-roundup-algts-boing-737max-order-gols-rosy-traffic-post-more,Zacks Investment Research,0.3181818181818182,0.4772727272727273,positive,0.3181818181818182,False,True,False,False,False,False,False,False,0.0,245,"['BA', 'RYAAY', 'UAL', 'GOL', 'ALGT']",UAL,2022-01-06
Greenbrier Companies (GBX) Surpasses Q1 Earnings and Revenue Estimates,,2022-01-07 12:15:00+00:00,https://www.investing.com/analysis/greenbrier-companies-gbx-surpasses-q1-earnings-and-revenue-estimates-200613995,Investing.com,0.0,0.0,neutral,0.0,True,False,False,False,False,False,False,False,0.0,72,"['GBX', 'SAM', 'NVDA', 'UAL']",UAL,2022-01-07
Greenbrier Companies (GBX) Surpasses Q1 Earnings and Revenue Estimates,"Greenbrier (GBX) delivered earnings and revenue surprises of 128.57% and 1.38%, respectively, for the quarter ended November 2021. Do the numbers hold clues to what lies ahead for the stock?",2022-01-07 12:15:03+00:00,https://www.zacks.com/stock/news/1848837/greenbrier-companies-gbx-surpasses-q1-earnings-and-revenue-estimates,Zacks Investment Research,0.0,0.1,neutral,0.0,True,False,False,False,False,False,False,False,0.0,262,"['GBX', 'UAL']",UAL,2022-01-07
"Airline stocks set to trade higher in 2022, B. of A. says","Shares of U.S. airlines could be set for a recovery in the first half of the year, analysts at B. of A. Securities said in a note that also highlighted three favorites in the sector.",2022-01-07 16:55:00+00:00,https://www.marketwatch.com/story/airline-stocks-set-to-trade-higher-in-2022-b-of-a-says-11641574549,MarketWatch,0.11111111111111112,0.3333333333333333,positive,0.11111111111111112,False,False,True,False,False,False,False,False,0.0,241,"['JETS', 'DAL', 'ULCC', 'AAL', 'UAL', 'ALGT', 'BA', 'MESA', 'ALK']",UAL,2022-01-07
Why Airline Stocks Were Up Today,One Wall Street analyst believes investor sentiment is set to improve.,2022-01-07 21:57:54+00:00,https://www.fool.com/investing/2022/01/07/why-airline-stocks-were-up-today/,The Motley Fool,0.0,0.0,neutral,0.0,False,False,False,False,False,False,False,False,0.0,104,"['DAL', 'UAL', 'SAVE', 'AAL', 'AZUL']",UAL,2022-01-07
United Airlines (UAL) Dips More Than Broader Markets: What You Should Know,"United Airlines (UAL) closed at $46.58 in the latest trading session, marking a -1.54% move from the prior day.",2022-01-10 23:15:19+00:00,https://www.zacks.com/stock/news/1849955/united-airlines-ual-dips-more-than-broader-markets-what-you-should-know,Zacks Investment Research,0.225,0.375,positive,0.225,False,False,False,False,False,False,False,False,0.0,187,['UAL'],UAL,2022-01-10
How to see the Super Bowl with points and miles,"For devoted football fans who want to travel to Super Bowl LVI but are on a budget, this is how to do it.",2022-01-11 10:01:00+00:00,https://www.marketwatch.com/story/how-to-see-the-super-bowl-with-points-and-miles-11641583271,MarketWatch,0.3333333333333333,0.6666666666666666,positive,0.3333333333333333,False,False,False,False,False,False,False,False,0.0,154,"['LUV', 'UAL', 'DAL', 'AAL', 'ALK', 'MAR', 'HLT', 'H']",UAL,2022-01-11
2 Cheap Stocks With Tons of Upside,These stocks have positioned themselves to rebound from steep declines.,2022-01-12 12:09:00+00:00,https://www.fool.com/investing/2022/01/12/2-cheap-stocks-with-tons-of-upside/,The Motley Fool,0.4,0.7,positive,0.4,False,False,False,False,False,False,False,False,0.0,107,"['PYPL', 'LMND', 'WMT', 'UAL', 'PSX', 'VLO']",UAL,2022-01-12
"Delta Air reports this week, giving investors a first look into U.S. airlines' performances",Investors are about to get a first look into a U.S. air carrier's bottom line this week amid ongoing concern about air traveling but hopes that a recovery is in the cards for the new year.,2022-01-12 13:11:00+00:00,https://www.marketwatch.com/story/delta-air-reports-this-week-giving-investors-a-first-look-into-u-s-airlines-performances-11641929737,MarketWatch,0.21212121212121213,0.3737373737373737,positive,0.21212121212121213,False,False,False,False,False,False,False,False,0.0,281,"['DAL', 'AAL', 'JETS', 'JBLU', 'ALK', 'UAL', 'LUV']",UAL,2022-01-12
United Airlines (UAL) Expected to Beat Earnings Estimates: Should You Buy?,United (UAL) possesses the right combination of the two key ingredients for a likely earnings beat in its upcoming report. Get prepared with the key expectations.,2022-01-12 20:00:34+00:00,https://www.zacks.com/stock/news/1851133/united-airlines-ual-expected-to-beat-earnings-estimates-should-you-buy,Zacks Investment Research,0.03714285714285714,0.7871428571428571,neutral,0.03714285714285714,True,True,False,False,False,False,False,False,0.0,238,['UAL'],UAL,2022-01-12
Why United Airlines (UAL) Might Surprise This Earnings Season,United Airlines (UAL) is seeing favorable earnings estimate revision activity and has a positive Zacks Earnings ESP heading into earnings season.,2022-01-13 16:03:00+00:00,https://www.zacks.com/stock/news/1851616/why-united-airlines-ual-might-surprise-this-earnings-season,Zacks Investment Research,0.22727272727272727,0.5454545454545454,positive,0.22727272727272727,True,False,False,False,False,False,False,False,0.0,208,['UAL'],UAL,2022-01-13
Why Airline Stocks Are Soaring Today,Delta provided an uplifting forecast for the entire industry.,2022-01-13 17:54:17+00:00,https://www.fool.com/investing/2022/01/13/why-airline-stocks-are-soaring-today/,The Motley Fool,0.0,0.625,neutral,0.0,False,False,False,False,False,False,False,False,0.0,99,"['DAL', 'JBLU', 'UAL', 'SAVE', 'AAL']",UAL,2022-01-13
What's in the Offing for United Airlines (UAL) in Q4 Earnings?,"Strong demand during the Thanksgiving travel period is expected to have aided United Airlines' (UAL) Q4 performance. However, high fuel costs might have hurt the airline's bottom line.",2022-01-13 18:04:00+00:00,https://www.zacks.com/stock/news/1851731/whats-in-the-offing-for-united-airlines-ual-in-q4-earnings,Zacks Investment Research,0.16444444444444442,0.5577777777777778,positive,0.16444444444444442,True,False,False,False,False,False,False,False,0.0,248,"['UAL', 'LUV', 'CHRW', 'LSTR']",UAL,2022-01-13
"Airline Stock Roundup: AAL's Bullish Q4 Revenue View, ALK, GOL, AZUL in Focus",American Airlines (AAL) provides an improved revenue outlook for Q4. Gol Linhas' (GOL) Q4 outlook also impresses.,2022-01-13 22:41:00+00:00,https://www.zacks.com/stock/news/1851798/airline-stock-roundup-aals-bullish-q4-revenue-view-alk-gol-azul-in-focus,Zacks Investment Research,0.0,0.0,neutral,0.0,True,False,False,False,False,False,False,False,0.0,192,"['UAL', 'GOL', 'AAL', 'ALK', 'AZUL']",UAL,2022-01-13
Airline Stocks Fly High in Thursday's Trading: Here's Why,"Upbeat passenger traffic during the holidays is likely to have buoyed the Q4 performance of United Airlines (UAL), American Airlines (AAL) and Spirit Airlines (SAVE).",2022-01-14 19:15:00+00:00,https://www.zacks.com/stock/news/1852319/airline-stocks-fly-high-in-thursdays-trading-heres-why,Zacks Investment Research,0.24000000000000002,0.61,positive,0.24000000000000002,False,False,False,False,False,False,False,False,0.0,225,"['DAL', 'UAL', 'AAL', 'SAVE']",UAL,2022-01-14
"Stocks To Watch: Earnings Heat Up With Netflix, Procter & Gamble, Goldman Sachs And American Airlines On Tap","Get ahead of the market by subscribing to Seeking Alpha's Stocks to Watch, a preview of key events scheduled for the coming week",2022-01-15 14:38:38+00:00,https://seekingalpha.com/article/4479817-stocks-to-watch-earnings-heat-up-with-netflix-procter-and-gamble-goldman-sachs-and-american-airlines-on-tap,Seeking Alpha,0.0,0.5,neutral,0.0,True,False,False,False,False,False,False,False,0.0,238,"['AAL', 'ADBE', 'ALLY', 'ANGI', 'ASTR', 'BAC', 'CSX', 'CTKB', 'DE', 'FAST', 'FHB', 'GAMB', 'GHC', 'GS', 'HON', 'IHS', 'KMI', 'LNT', 'PG', 'TRV', 'TTWO', 'UAL', 'UNH', 'UNP', 'USB', 'VMAC', 'ZVIA', 'JKS', 'XPOF']",UAL,2022-01-15
"1 Stock To Buy, 1 To Dump When Markets Open: Caterpillar, Snap",,2022-01-16 12:18:00+00:00,https://www.investing.com/analysis/1-stock-to-buy-1-to-dump-when-markets-open-caterpillar-snap-200614879,Investing.com,0.0,0.5,neutral,0.0,False,True,False,False,False,False,False,False,0.0,64,"['NFLX', 'GS', 'BAC', 'UNH', 'PG', 'UAL', 'AAL', 'CAT', 'SNAP']",UAL,2022-01-16
5 Large-Cap Stocks Likely to Gain From Q4 Earnings This Week,"Five large-cap companies will report fourth-quarter 2021 earnings results this week. These are: DFS, UAL, AAL, PNC and TRV.",2022-01-17 11:58:00+00:00,https://www.zacks.com/stock/news/1852596/5-large-cap-stocks-likely-to-gain-from-q4-earnings-this-week,Zacks Investment Research,0.0,1.0,neutral,0.0,True,False,False,False,False,False,False,False,0.0,185,"['PNC', 'DFS', 'UAL', 'TRV', 'AAL']",UAL,2022-01-17
3 Stocks to Avoid This Week,These investments seem pretty vulnerable right now.,2022-01-17 14:00:00+00:00,https://www.fool.com/investing/2022/01/17/3-stocks-to-avoid-this-week/,The Motley Fool,0.011904761904761899,0.6785714285714285,neutral,0.011904761904761899,False,False,False,False,False,False,False,False,0.0,80,"['NFLX', 'DAL', 'SEAS', 'LCID', 'UAL']",UAL,2022-01-17
Get ready for the climb. Here's what history says about stock-market returns during Fed rate-hike cycles.,"As it turns out, during so-called Federal Reserve interest rate-hike cycles, which we seem set to enter as early as March, the U.S. stock market tends to perform strongly, not poorly.",2022-01-17 17:53:00+00:00,https://www.marketwatch.com/story/get-ready-for-the-climb-heres-what-history-says-about-stock-market-returns-during-fed-rate-hike-cycles-11642248640,MarketWatch,0.16666666666666666,0.4666666666666666,positive,0.16666666666666666,False,False,False,False,False,False,False,False,0.0,290,"['JPM', 'COMP', 'XLE', 'XLF', 'IVE', 'IVW', 'IBB', 'XRT', 'ARKK', 'ARKG', 'ARKF', 'GME', 'AMC', 'GS', 'TFC', 'SBNY', 'PNC', 'JBHT', 'IBKR', 'MS', 'BAC', 'USB', 'STT', 'UNH', 'PG', 'KMI', 'FAST', 'NFLX', 'UAL', 'AAL', 'BKR', 'DFS', 'CSX', 'UNP', 'KEY', 'SLB', 'HBAN']",UAL,2022-01-17
"The Zacks Analyst Blog Highlights: The PNC Financial Services Group Inc., United Airlines Holdings Inc., Discover Financial Services, The Travelers Companies Inc.  and American Airlines Group Inc","The PNC Financial Services Group Inc., United Airlines Holdings Inc., Discover Financial Services, The Travelers Companies Inc.  and American Airlines Group Inc are highlighted in this Analyst Blog article.",2022-01-18 12:18:00+00:00,https://www.zacks.com/stock/news/1853211/the-zacks-analyst-blog-highlights-the-pnc-financial-services-group-inc-united-airlines-holdings-inc-discover-financial-services-the-travelers-companies-inc-and-american-airlines-group-inc,Zacks Investment Research,0.0,0.0,neutral,0.0,False,False,False,False,False,False,False,False,0.0,403,"['PNC', 'DFS', 'UAL', 'TRV', 'AAL']",UAL,2022-01-18
Why Earnings Season Could Be Great for United Airlines (UAL),United Airlines (UAL) is seeing favorable earnings estimate revision activity and has a positive Zacks Earnings ESP heading into earnings season.,2022-01-18 13:32:00+00:00,https://www.zacks.com/stock/news/1853301/why-earnings-season-could-be-great-for-united-airlines-ual,Zacks Investment Research,0.5136363636363637,0.6477272727272727,positive,0.5136363636363637,True,False,False,False,False,False,False,False,0.0,207,['UAL'],UAL,2022-01-18
5 Must-See Large Cap Earnings Charts,Earnings season heats up this week with large cap stalwarts ready to set the tone.,2022-01-18 15:41:00+00:00,https://www.zacks.com/stock/news/1853453/5-must-see-large-cap-earnings-charts,Zacks Investment Research,0.20952380952380953,0.4523809523809524,positive,0.20952380952380953,True,False,False,False,False,False,False,False,0.0,120,"['UAL', 'FAST', 'UNP', 'ISRG', 'PPG']",UAL,2022-01-18
"Verizon, AT&T to limit 5G near airports to prevent flight delays, cancellations","Verizon Communications Inc. and AT&T Inc. said Tuesday they are halting plans to launch their 5G wireless networks around U.S. airports, responding to fears that the new services could interfere with aircraft technology and upend U.S. air travel.",2022-01-19 13:44:00+00:00,https://www.marketwatch.com/story/verizon-at-t-to-limit-5g-near-airports-to-prevent-flight-delays-cancellations-11642536007,MarketWatch,0.11818181818181818,0.42727272727272725,positive,0.11818181818181818,False,False,False,False,True,False,False,False,0.0,327,"['VZ', 'T', 'AAL', 'DAL', 'UAL', 'JETS']",UAL,2022-01-19
United Airlines CEO: ‘we are optimistic about the spring and beyond’,"United Airlines Holdings Inc (NASDAQ: UAL) on Wednesday reported market-beating results for its fiscal fourth quarter. Shares still fell more than 2.0% in extended trading after the air carrier said it has to push back on increasing capacity until later in 2022 due to Omicron. Q4 results United lost $646 million in Q4 that translates […]
The post United Airlines CEO: ‘we are optimistic about the spring and beyond’ appeared first on Invezz.",2022-01-19 22:39:12+00:00,https://invezz.com/news/2022/01/19/united-airlines-ceo-were-optimistic-about-the-spring-and-beyond/,Invezz,0.10416666666666667,0.20138888888888887,positive,0.10416666666666667,False,False,False,False,False,False,True,False,0.0,513,['UAL'],UAL,2022-01-19
"United Airlines (UAL) Reports Q4 Loss, Tops Revenue Estimates","United (UAL) delivered earnings and revenue surprises of 28.25% and 3.29%, respectively, for the quarter ended December 2021. Do the numbers hold clues to what lies ahead for the stock?",2022-01-19 22:55:04+00:00,https://www.zacks.com/stock/news/1854272/united-airlines-ual-reports-q4-loss-tops-revenue-estimates,Zacks Investment Research,0.0,0.1,neutral,0.0,True,False,False,False,False,False,False,False,0.0,248,"['UAL', 'ALK']",UAL,2022-01-19
Fighting the Bears -- And Losing,This is the shakeout many analysts had been forecasting for sometime during calendar Q1 of this year.,2022-01-19 23:20:00+00:00,https://www.zacks.com/stock/news/1854314/fighting-the-bears----and-losing,Zacks Investment Research,0.5,0.5,positive,0.5,False,False,False,False,False,False,False,False,0.0,135,"['UAL', 'QQQ', 'SPY', 'DIA']",UAL,2022-01-19
"5 Stocks To Watch For January 20, 2022","Some of the stocks that may grab investor focus today are:

Wall Street expects  American Airlines Group Inc.  (NASDAQ: AAL) to report quarterly loss at $1.47 per share on revenue of $9.37 billion before the opening bell. American Airlines shares slipped 0.3% to $17.26 in pre-market trading.
Alcoa Corporation (NYSE: AA) reported better-than-expected earnings for its fourth quarter. Alcoa shares gained 2.3% to $60.99 in ...",2022-01-20 08:50:43+00:00,https://www.benzinga.com/news/earnings/22/01/25127342/5-stocks-to-watch-for-january-20-2022,Benzinga,0.0,0.0,neutral,0.0,True,False,False,False,False,False,False,False,0.0,466,"['NFLX', 'AA', 'UNP', 'UAL', 'AAL']",UAL,2022-01-20
Airline rewards plans that give you the most bang for your buck,"A comparison of U.S. airlines’ rewards programs of how many points earned per dollar spent, along with the value of the points, reveals which is best.",2022-01-20 10:02:00+00:00,https://www.marketwatch.com/story/airline-rewards-plans-that-give-you-the-most-bang-for-your-buck-11642191690,MarketWatch,0.475,0.35000000000000003,positive,0.475,False,False,False,False,False,False,False,False,0.0,215,"['ALK', 'AAL', 'DAL', 'UAL', 'JBLU', 'LUV']",UAL,2022-01-20
Wall Street Breakfast: Tech Correction,"Listen on the go! A daily podcast of Wall Street Breakfast will be available by 8:00 a.m. on Seeking Alpha, iTunes, Stitcher and Spotify.",2022-01-20 11:24:00+00:00,https://seekingalpha.com/article/4480513-wall-street-breakfast-tech-correction,Seeking Alpha,0.2,0.2,positive,0.2,False,False,False,False,False,False,False,False,0.0,177,"['QQQ', 'XLK', 'AAPL', 'SMH', 'SPY', 'TIP', 'FB', 'BAC', 'F', 'UAL', 'TSLA', 'KMI', 'BRK.A', 'BRK.B', 'DIS']",UAL,2022-01-20
United Airlines (UAL) Falls Despite Q4 Earnings & Revenues Beat,United Airlines' (UAL) Q4 loss narrows significantly year over year. Results benefit from strong holiday travel demand.,2022-01-20 13:08:00+00:00,https://www.zacks.com/stock/news/1854489/united-airlines-ual-falls-despite-q4-earnings-revenues-beat,Zacks Investment Research,0.4041666666666667,0.8041666666666667,positive,0.4041666666666667,True,False,False,False,False,False,False,False,0.0,184,"['DAL', 'UAL', 'JBHT']",UAL,2022-01-20
"United Airlines delays adding more flights, sees capacity lower than in 2019","United Airlines Holdings Inc. late Wednesday reported a narrower-than-expected quarterly loss and sales came in above Wall Street expectations, but the air carrier said it was postponing capacity increases until later in the year due to omicron.",2022-01-20 13:21:00+00:00,https://www.marketwatch.com/story/united-airlines-reports-narrower-quarterly-loss-but-delays-adding-more-flights-11642628970,MarketWatch,0.015000000000000003,0.31500000000000006,neutral,0.015000000000000003,True,False,False,False,False,False,False,False,0.0,323,"['UAL', 'DAL']",UAL,2022-01-20
"From tech to financials, here are dozens of inflation-sensitive stocks that crush it when prices are rising, from Credit Suisse.",Our call of the day from Credit Suisse says equity investors should keep those inflation fears in check.,2022-01-20 14:24:00+00:00,https://www.marketwatch.com/story/even-the-beleaguered-tech-sector-has-winners-from-rising-inflation-here-are-some-of-credit-suisses-favorites-11642680568,MarketWatch,0.0,0.0,neutral,0.0,False,False,False,False,False,False,False,False,0.0,234,"['BABA', 'COMP', 'AAPL', 'MSFT', 'NVDA', 'WDC', 'MU', 'MRO', 'SLB', 'HES', 'DD', 'DOW', 'EMN', 'FCX', 'MOS', 'AAL', 'CAT', 'BA', 'DE', 'PH', 'BBWI', 'CZR', 'NCLH', 'ETSY', 'GM', 'ADM', 'EL', 'PG', 'MNST', 'ANTM', 'CAH', 'MCK', 'MDT', 'RMD', 'DFS', 'HBAN', 'PRU', 'SCHW', 'STT', 'CSPR', 'TRV', 'SIG', 'BKR', 'UAL', 'AA', 'NFLX', 'TSLA', 'GME', 'AMC', 'BBIG', 'NIO', 'LCID', 'SOFI']",UAL,2022-01-20
Nasdaq Composite rises 1.1% after sinking into correction and the broader stock market attempts Thursday turnaround,"U.S. stock indexes rose on Thursday, staging a modest rebound after an equities selloff tied to a surge in bond yields pushed the tech-heavy Nasdaq Composite into correction territory a day ago.",2022-01-20 14:34:00+00:00,https://www.marketwatch.com/story/nasdaq-composite-rises-1-1-after-sinking-into-correction-and-the-broader-stock-market-attempts-thursday-turnaround-11642689254,MarketWatch,0.35,0.925,positive,0.35,False,False,False,False,False,False,False,False,0.0,311,"['COMP', 'UAL', 'AAL']",UAL,2022-01-20
"Stock Market News for Jan 20, 2022",Wall Street closed sharply lower on Wednesday owing to skyrocketing yields on U.S. government bonds.,2022-01-20 14:35:00+00:00,https://www.zacks.com/stock/news/1854626/stock-market-news-for-jan-20-2022,Zacks Investment Research,-0.1125,0.425,negative,0.1125,False,False,False,False,False,False,False,False,0.0,136,"['MS', 'UAL', 'PG']",UAL,2022-01-20
"Trading Penny Stocks? Top Stock Market News For January 20th, 2022","What you need to know about trading penny stocks on January 20th
The post Trading Penny Stocks? Top Stock Market News For January 20th, 2022 appeared first on Penny Stocks to Buy, Picks, News and Information | PennyStocks.com.",2022-01-20 15:35:46+00:00,https://pennystocks.com/featured/2022/01/20/trending-penny-stocks-top-stock-market-news-2022/,PennyStocks,0.20833333333333334,0.2222222222222222,positive,0.20833333333333334,False,True,False,False,False,False,False,False,0.0,294,"['AAL', 'APM', 'DATS', 'PETZ', 'UAL']",UAL,2022-01-20
"Union Pacific (UNP) Q4 Earnings & Revenues Beat, Rise Y/Y",Union Pacific's (UNP) Q4 results benefit from higher freight revenues owing to positive business mix and pricing gains.,2022-01-20 16:52:00+00:00,https://www.zacks.com/stock/news/1854796/union-pacific-unp-q4-earnings-revenues-beat-rise-yy,Zacks Investment Research,0.23863636363636365,0.5227272727272727,positive,0.23863636363636365,True,False,False,False,False,False,False,False,0.0,178,"['DAL', 'UAL', 'UNP', 'JBHT']",UAL,2022-01-20
Another late reversal leaves U.S. stocks with losses a day after Nasdaq enters correction territory,"U.S. stock indexes gave up an early session rebound and turned negative in the final hour of trading Thursday, repeating Wednesday's volatile pattern and pushing the tech-heavy Nasdaq Composite further into correction territory.",2022-01-20 21:39:00+00:00,https://www.marketwatch.com/story/bear-squeeze-u-s-stock-futures-rise-after-recent-weak-spell-11642674782,MarketWatch,-0.1,0.5599999999999999,neutral,0.1,True,False,False,False,False,False,False,False,0.0,329,"['COMP', 'UAL', 'AAL', 'TRV', 'CSPR', 'GME']",UAL,2022-01-20
American Airlines (AAL) Posts Narrower-Than-Expected Q4 Loss,Cargo revenues at American Airlines (AAL) improve 19.6% year over year in Q4.,2022-01-20 21:45:00+00:00,https://www.zacks.com/stock/news/1854989/american-airlines-aal-posts-narrower-than-expected-q4-loss,Zacks Investment Research,0.0,0.0,neutral,0.0,True,False,False,False,False,False,False,False,0.0,139,"['AAL', 'DAL', 'UAL']",UAL,2022-01-20
"Airline Stock Roundup: 5G Rollout Scare, UAL & DAL's Q4 Earnings Grab Headlines",Q4 results of Delta (DAL) and United Airlines (UAL) benefit from upbeat holiday travel traffic.,2022-01-20 22:37:00+00:00,https://www.zacks.com/stock/news/1855003/airline-stock-roundup-5g-rollout-scare-ual-dals-q4-earnings-grab-headlines,Zacks Investment Research,0.0,0.0,neutral,0.0,True,False,False,False,False,False,False,False,0.0,176,"['DAL', 'UAL', 'CPA', 'AAL', 'ALGT']",UAL,2022-01-20
"CSX's Q4 Earnings & Revenues Beat Estimates, Increase Y/Y","CSX's Q4 results benefit from growth across all its businesses, and revenues from the July 2021 acquisition of Quality Carriers.",2022-01-21 11:56:00+00:00,https://www.zacks.com/stock/news/1855193/csxs-q4-earnings-revenues-beat-estimates-increase-yy,Zacks Investment Research,0.0,0.0,neutral,0.0,True,True,False,False,False,False,False,False,0.0,187,"['CSX', 'DAL', 'UAL', 'JBHT']",UAL,2022-01-21
American Airlines promises return to profit later this year,American Airlines Group Inc. promised a return to profitability later this year as it will lower capacity further than Wall Street expected and it sounded optimistic about leisure travel.,2022-01-21 13:08:00+00:00,https://www.marketwatch.com/story/american-airlines-promises-return-to-profit-later-this-year-11642708620,MarketWatch,-0.016666666666666666,0.15,neutral,0.016666666666666666,True,False,False,False,False,False,False,False,0.0,248,"['AAL', 'UAL', 'DAL', 'JETS']",UAL,2022-01-21
United Airlines Stock Is Too Risky to Own in 2022,A slower-than-expected recovery and ultra-aggressive investment plans could prove to be a toxic combination.,2022-01-23 15:51:00+00:00,https://www.fool.com/investing/2022/01/23/united-airlines-stock-is-too-risky-to-own-in-2022/,The Motley Fool,0.6,1.0,positive,0.6,False,False,False,False,False,False,False,False,0.0,159,['UAL'],UAL,2022-01-23
3 Stocks to Avoid This Week,These investments seem pretty vulnerable right now.,2022-01-24 13:08:00+00:00,https://www.fool.com/investing/2022/01/24/3-stocks-to-avoid-this-week/,The Motley Fool,0.011904761904761899,0.6785714285714285,neutral,0.011904761904761899,False,False,False,False,False,False,False,False,0.0,80,"['T', 'NFLX', 'VFC', 'MSTR', 'LCID', 'UAL']",UAL,2022-01-24
Can Big Tech Earnings Turn Around Tepid Results From Banks And Airlines?,,2022-01-24 16:43:00+00:00,https://www.investing.com/analysis/can-big-tech-earnings-turn-around-tepid-results-from-banks-and-airlines-200615738,Investing.com,0.0,0.1,neutral,0.0,True,False,False,False,False,False,False,False,0.0,74,"['NFLX', 'JPM', 'C', 'GS', 'BAC', 'MS', 'UAL', 'AAL', 'T', 'VZ', 'JBLU', 'LUV', 'ALK', 'IBM', 'MSFT', 'AAPL']",UAL,2022-01-24
Why This BofA Securities Analyst Is Cutting Airline Price Targets,"The underlying fundamentals in the airline sector remain challenging. Against this backdrop, investors should focus on quality names such as Delta Air Lines, Inc. (NYSE: DAL), rather than those with higher operating and financial leverage like United Airlines Holdings Inc (NASDAQ: UAL) and American Airlines Group Inc (NASDAQ: AAL), according to BofA Securities.
The Airlines Analyst: Andrew Didora reiterated a Buy rating for Delta Air Lines, while reducing the price target from $48 to $47. The analyst maintained an Underperform rating for United Airlines Holdings and American Airlines Group, while lowering their price targets from $42 to $40 and from $10 to ...",2022-01-24 17:23:45+00:00,https://www.benzinga.com/analyst-ratings/analyst-color/22/01/25186328/why-this-bofa-securities-analyst-is-cutting-airline-price-targets,Benzinga,0.021428571428571432,0.41428571428571426,neutral,0.021428571428571432,False,True,True,False,False,False,False,False,0.0,735,"['DAL', 'UAL', 'AAL']",UAL,2022-01-24
Hawaiian Holdings (HA) Posts Narrower-Than-Expected Q4 Loss,Hawaiian Holdings (HA) fourth-quarter load factor surges 3100 basis points to 70.8%.,2022-01-26 15:29:00+00:00,https://www.zacks.com/stock/news/1857540/hawaiian-holdings-ha-posts-narrower-than-expected-q4-loss,Zacks Investment Research,0.0,0.0,neutral,0.0,True,False,False,False,False,False,False,False,0.0,145,"['DAL', 'UAL', 'JBHT', 'HA']",UAL,2022-01-26
"GATX's Q4 Earnings Beat Mark, Surge Y/Y on Higher Revenues",GATX's Q4 results benefit from rise in lease revenues. The company expects recovery in the North American railcar leasing market to continue in 2022.,2022-01-26 17:19:00+00:00,https://www.zacks.com/stock/news/1857589/gatxs-q4-earnings-beat-mark-surge-yy-on-higher-revenues,Zacks Investment Research,0.125,0.25,positive,0.125,True,False,False,False,False,False,False,False,0.0,209,"['DAL', 'UAL', 'JBHT', 'GATX']",UAL,2022-01-26
"Canadian National (CNI) Q4 Earnings Beat, 2022 Outlook Upbeat","Canadian National's (CNI) Q4 results benefit from lower operating expenses, higher freight rates and fuel surcharges. The company expects significant increase in adjusted earnings in 2022.",2022-01-26 17:56:00+00:00,https://www.zacks.com/stock/news/1857603/canadian-national-cni-q4-earnings-beat-2022-outlook-upbeat,Zacks Investment Research,0.3125,0.6875,positive,0.3125,True,False,False,False,False,False,False,False,0.0,251,"['DAL', 'UAL', 'CNI', 'JBHT']",UAL,2022-01-26
"Norfolk Southern (NSC) Q4 Earnings Beat, Rise 18.2% Y/Y","With revenue growth outpacing the rise in costs, operating ratio improves year over year in Q4 at Norfolk Southern (NSC).",2022-01-26 19:04:00+00:00,https://www.zacks.com/stock/news/1857614/norfolk-southern-nsc-q4-earnings-beat-rise-182-yy,Zacks Investment Research,0.0,0.0,neutral,0.0,True,False,False,False,False,False,False,False,0.0,178,"['NSC', 'DAL', 'UAL', 'JBHT']",UAL,2022-01-26
"Alaska Air's (ALK) Q4 Earnings Beat, Revenues Surge Y/Y","At Alaska Air (ALK), economic fuel price per gallon surges 62.6% to $2.26 in Q4.",2022-01-27 19:08:00+00:00,https://www.zacks.com/stock/news/1858484/alaska-airs-alk-q4-earnings-beat-revenues-surge-yy,Zacks Investment Research,0.2,0.2,positive,0.2,True,False,False,False,False,False,False,False,0.0,137,"['ALK', 'DAL', 'UAL', 'JBHT']",UAL,2022-01-27
"Landstar's (LSTR) Q4 Earnings & Revenues Beat, Rise Y/Y",Strong segmental performances aid Landstar's (LSTR) Q4 results.,2022-01-28 20:10:00+00:00,https://www.zacks.com/stock/news/1859334/landstars-lstr-q4-earnings-revenues-beat-rise-yy,Zacks Investment Research,0.4333333333333333,0.7333333333333333,positive,0.4333333333333333,True,False,False,False,False,False,False,False,0.0,120,"['LSTR', 'DAL', 'UAL', 'JBHT']",UAL,2022-01-28
Can You Guess Which US Airlines Were Ranked First And Worst For 2021?,"Delta Air Lines Inc. (NYSE: DAL) ranked first and JetBlue Airways (NASDAQ: JBLU) ranked last in the Wall Street Journal's14th annual ranking of the top U.S. airlines.
What Happened: In looking back at the airline industry’s performance for 2021, the Journal culled the nation’s nine largest airlines and ranked them on seven key operational aspects: on-time arrivals, canceled flights, extreme delays, two-hour tarmac delays, mishandled baggage, involuntary bumping and complaints.
The overall score ranking among the airlines went as follows:

1. Delta
2. Alaska Air Group (NYSE: ALK)
3. Southwest Airlines Co. (NYSE: LUV)
4. United Airlines Holdings (NASDAQ:",2022-01-28 20:18:28+00:00,https://www.benzinga.com/news/22/01/25285622/can-you-guess-which-us-airlines-were-ranked-first-and-worst-for-2021,Benzinga,-0.013888888888888888,0.4703703703703704,neutral,0.013888888888888888,False,False,False,False,False,False,False,False,0.0,731,"['ALGT', 'JBLU', 'ALK', 'DAL', 'LUV', 'UAL', 'SAVE', 'ULCC']",UAL,2022-01-28
JetBlue Airways (JBLU) Posts Narrower-Than-Expected Q4 Loss,"At JetBlue (JBLU), average fuel price per gallon climbed to $2.37 in Q4 from $1.31 a year ago.",2022-01-28 20:21:00+00:00,https://www.zacks.com/stock/news/1859337/jetblue-airways-jblu-posts-narrower-than-expected-q4-loss,Zacks Investment Research,-0.15,0.39999999999999997,negative,0.15,True,False,False,False,False,False,False,False,0.0,155,"['JBLU', 'DAL', 'UAL', 'JBHT']",UAL,2022-01-28
A Deep Dive Into the Video Game Industry,And a look at market news including Netflix shares falling more than 20% as increasing competition cuts into subscriber growth.,2022-01-29 21:25:00+00:00,https://www.fool.com/investing/2022/01/29/a-deep-dive-into-the-video-game-industry/,The Motley Fool,0.033333333333333326,0.43333333333333335,neutral,0.033333333333333326,False,False,False,False,False,False,False,False,0.0,169,"['PTON', 'AAPL', 'MSFT', 'DIS', 'NFLX', 'AMZN', 'VRTX', 'EA', 'ZNGA', 'PG', 'TTWO', 'UAL', 'REGN', 'RH', 'AAL', 'ATVI', 'NTLA', 'CRSP', 'RBLX']",UAL,2022-01-29
Bear of the Day: United Airlines (UAL),Omicron is hitting travel demand in 2022.,2022-02-01 11:06:00+00:00,https://www.zacks.com/commentary/1860262/bear-of-the-day-united-airlines-ual,Zacks Investment Research,0.0,0.0,neutral,0.0,False,False,False,False,False,False,False,False,0.0,81,['UAL'],UAL,2022-02-01
"UPS Stock Gains on Q4 Earnings, Revenue Beat and Dividend Hike","At UPS, U.S. Domestic Package revenues increase 12.4% year over year to $17,697 million in Q4.",2022-02-01 19:14:00+00:00,https://www.zacks.com/stock/news/1860787/ups-stock-gains-on-q4-earnings-revenue-beat-and-dividend-hike,Zacks Investment Research,0.0,0.1,neutral,0.0,True,False,False,False,False,True,False,False,0.0,158,"['UPS', 'CSX', 'UAL', 'JBHT']",UAL,2022-02-01
"Ryanair (RYAAY) Q3 Loss Wider Than Expected, Revenues Up Y/Y","Ryanair's (RYAAY) Q3 fiscal 2022 results are hurt by Omicron-induced travel restrictions in December. However, significant improvement in traffic boosts revenues.",2022-02-02 16:39:00+00:00,https://www.zacks.com/stock/news/1861401/ryanair-ryaay-q3-loss-wider-than-expected-revenues-up-yy,Zacks Investment Research,0.1375,0.6375,positive,0.1375,True,False,False,False,False,False,False,False,0.0,224,"['RYAAY', 'DAL', 'UAL', 'LUV']",UAL,2022-02-02
"Old Dominion's (ODFL) Q4 Earnings Surpass Estimates, Rise Y/Y",The year-over-year improvement in the operating ratio at Old Dominion (ODFL) in Q4 bodes well.,2022-02-02 18:30:00+00:00,https://www.zacks.com/stock/news/1861510/old-dominions-odfl-q4-earnings-surpass-estimates-rise-yy,Zacks Investment Research,0.1,0.2,neutral,0.1,True,False,False,False,False,False,False,False,0.0,157,"['ODFL', 'CSX', 'UAL', 'JBHT']",UAL,2022-02-02
Is elite status worth it? Which airlines give the best value?,"Here's a deep-dive analysis of the major U.S. airline elite status programs, and how expensive they are to earn.",2022-02-03 10:01:00+00:00,https://www.marketwatch.com/story/is-elite-status-worth-it-which-airlines-give-the-best-value-11643399472,MarketWatch,0.215625,0.4,positive,0.215625,False,False,False,False,False,False,False,False,0.0,175,"['AAL', 'ALK', 'SAVE', 'LUV', 'DAL', 'JBLU', 'UAL']",UAL,2022-02-03
"Allegiant (ALGT) Q4 Earnings Beat Estimates, Increase Y/Y",Improvement in air-travel demand boosts Allegiant's (ALGT) fourth-quarter 2021 results.,2022-02-03 14:21:00+00:00,https://www.zacks.com/stock/news/1862020/allegiant-algt-q4-earnings-beat-estimates-increase-yy,Zacks Investment Research,0.0,0.0,neutral,0.0,True,False,False,False,False,False,False,False,0.0,146,"['DAL', 'UAL', 'JBHT', 'ALGT']",UAL,2022-02-03
"SkyWest (SKYW) Q4 Earnings & Revenues Beat Estimates, Rise Y/Y",SkyWest's (SKYW) fourth-quarter revenues increase 31.8% year over year due to 30% increase in block hours on completed flights.,2022-02-04 14:26:00+00:00,https://www.zacks.com/stock/news/1862720/skywest-skyw-q4-earnings-revenues-beat-estimates-rise-yy,Zacks Investment Research,-0.125,0.375,negative,0.125,True,False,False,False,False,False,False,False,0.0,191,"['DAL', 'UAL', 'JBHT', 'SKYW']",UAL,2022-02-04
"Schneider's (SNDR) Q4 Earnings Beat Estimates, Rise Y/Y",Improved operating ratio aids Schneider's (SNDR) fourth-quarter bottom line.,2022-02-04 14:41:00+00:00,https://www.zacks.com/stock/news/1862775/schneiders-sndr-q4-earnings-beat-estimates-rise-yy,Zacks Investment Research,0.0,0.0,neutral,0.0,True,False,False,False,False,False,False,False,0.0,133,"['DAL', 'UAL', 'JBHT', 'SNDR']",UAL,2022-02-04
"If You Invested $1,000 In Airline Stocks When Buffett Sold, Here's How Much You'd Have Now","Wall Street legend and Berkshire Hathaway Inc. (NYSE: BRK-A) (NYSE: BRK-B) CEO Warren Buffett took some investors by surprise in April 2020 when he sold Berkshire’s entire stakes in Delta Air Lines, Inc. (NYSE: DAL), American Airlines Group Inc (NASDAQ: AAL), United Airlines Holdings Inc (NASDAQ: UAL) and Southwest Airlines Co (NYSE: LUV) near their lowest points of the COVID-19 market sell-off.
Buffett famously said investors should be “fearful when others are greedy” and “greedy only when others are fearful.” Nearly two years after Buffett dumped his airline stocks, investors that were greedy when Buffett himself was fearful have been rewarded by the market.
Related Link: Wondering How To Trade In A Bear Market? Here Are 4 Easy Tips 
Buffett Reverses Course: At Berkshire’s annual shareholder meeting in May 2020, Buffett said he had been wrong to invest roughly $4 billion in airline stocks to begin ...",2022-02-06 13:08:31+00:00,https://www.benzinga.com/node/25345370,Benzinga,-0.14047619047619048,0.6541666666666667,negative,0.14047619047619048,False,False,False,False,False,False,True,False,0.0,1008,"['SPY', 'JBLU', 'DAL', 'LUV', 'UAL', 'SAVE', 'AAL']",UAL,2022-02-06
"Inflation Driving Earnings Growth For Energy, Materials And Tyson Foods",,2022-02-07 15:33:00+00:00,https://www.investing.com/analysis/inflation-driving-earnings-growth-for-energy-materials-and-tyson-foods-200617318,Investing.com,0.0,0.0,neutral,0.0,True,False,False,False,False,False,False,False,0.0,73,"['SAVE', 'ULCC', 'AAL', 'DAL', 'LUV', 'UAL', 'PTON', 'AMZN', 'NKE', 'AAPL', 'BABA', 'TSN', 'HAS', 'SNAP', 'GOOGL', 'FB']",UAL,2022-02-07
Transport ETFs to Buy on Solid Q4 Earnings,"Transportation is the biggest driver of Q4 earnings growth so far and is reflective of recovering economy, backed by the increased pace of vaccinations, business reopening, and growing consumer confidence.",2022-02-07 17:15:00+00:00,https://www.zacks.com/stock/news/1863563/transport-etfs-to-buy-on-solid-q4-earnings,Zacks Investment Research,0.05,0.55,neutral,0.05,True,True,False,False,False,False,False,False,0.0,249,"['DAL', 'UAL', 'UNP', 'NSC', 'JBHT', 'UPS', 'IYT', 'XTN', 'FTXR']",UAL,2022-02-07
What Airline Stocks Did After The Last 4 M&A Deals In The Industry,"Spirit Airlines (NYSE: SAVE) and Frontier Airlines (NASDAQ: ULCC) announced a $2.9-billion merger Monday that aims to create one of the most competitive low-cost airfares in the U.S. 
The deal will create the nation’s fifth-largest airline, with Frontier Airlines controlling 51.5% of the new company.
“We are thrilled to join ...",2022-02-07 20:29:44+00:00,https://www.benzinga.com/m-a/22/02/25459229/what-airline-stocks-did-after-the-last-4-m-a-deals-in-the-industry,Benzinga,0.3090909090909091,0.4303030303030303,positive,0.3090909090909091,False,True,False,False,False,False,False,False,0.0,398,"['ALK', 'UAL', 'SAVE', 'AAL', 'ULCC']",UAL,2022-02-07
Why the Frontier-Spirit Deal Lifted the Whole Airline Industry Monday,A solid day on Wall Street celebrated more consolidation.,2022-02-07 20:56:00+00:00,https://www.fool.com/investing/2022/02/07/why-the-frontier-spirit-deal-lifted-the-whole-airl/,The Motley Fool,0.2625,0.4375,positive,0.2625,False,False,False,False,False,False,False,False,0.0,128,"['ULCC', 'JBLU', 'DAL', 'ALK', 'LUV', 'SAVE', 'UAL', 'HA', 'AAL']",UAL,2022-02-07
‘We could see cheaper flights across the board': Frontier and Spirit merging could help cost-conscious flyers — with one exception,The merger’s impact on airline customers will ultimately depend on how much consolidation occurs.,2022-02-08 15:44:00+00:00,https://www.marketwatch.com/story/we-could-see-cheaper-flights-across-the-board-frontier-and-spirit-merging-could-help-cost-conscious-flyers-with-one-big-caveat-11644257215,MarketWatch,0.1,0.6,neutral,0.1,False,True,False,False,False,False,False,False,0.0,229,"['SAVE', 'ULCC', 'AAL', 'UAL', 'DAL', 'LUV']",UAL,2022-02-08
Spirit Airlines (SAVE) Posts Narrower-Than-Expected Q4 Loss,Spirit's (SAVE) fourth-quarter results reflect a significant improvement on a year-over-year basis as air-travel demand recovers.,2022-02-08 15:57:00+00:00,https://www.zacks.com/stock/news/1864180/spirit-airlines-save-posts-narrower-than-expected-q4-loss,Zacks Investment Research,0.375,0.875,positive,0.375,True,False,False,False,False,False,False,False,0.0,190,"['DAL', 'UAL', 'JBHT', 'SAVE']",UAL,2022-02-08
"Copa Holdings (CPA) Q4 Earnings Top Estimates, Increase Y/Y",Copa Holdings (CPA) fourth-quarter 2021 load factor contracts 1.8 percentage points to 83.5%.,2022-02-10 15:48:00+00:00,https://www.zacks.com/stock/news/1865760/copa-holdings-cpa-q4-earnings-top-estimates-increase-yy,Zacks Investment Research,0.5,0.5,positive,0.5,True,False,False,False,False,False,False,False,0.0,154,"['DAL', 'UAL', 'JBHT', 'CPA']",UAL,2022-02-10
Why Airline Stocks Gained Altitude This Week,A high-profile deal sparked optimism throughout the industry.,2022-02-11 18:02:23+00:00,https://www.fool.com/investing/2022/02/11/why-airline-stocks-gained-altitude-this-week/,The Motley Fool,0.0,0.0,neutral,0.0,False,False,False,False,False,False,False,False,0.0,107,"['DAL', 'UAL', 'SAVE', 'AAL', 'SNCY', 'ULCC']",UAL,2022-02-11
United Airlines (UAL) to Expand Cape Town Service to Year Round,"Amid seemingly strong international travel demand, United Airlines' (UAL) seasonal Cape Town service is set to become a year-round one with three nonstop flights per week.",2022-02-11 18:12:00+00:00,https://www.zacks.com/stock/news/1866597/united-airlines-ual-to-expand-cape-town-service-to-year-round,Zacks Investment Research,0.07777777777777777,0.37777777777777777,neutral,0.07777777777777777,False,False,False,False,False,False,False,False,0.0,236,"['UAL', 'JBHT', 'VLRS', 'ARCB']",UAL,2022-02-11
Should You Invest in the U.S. Global Jets ETF (JETS)?,Sector ETF report for JETS,2022-02-14 11:20:10+00:00,https://www.zacks.com/stock/news/1866890/should-you-invest-in-the-us-global-jets-etf-jets,Zacks Investment Research,0.0,0.0,neutral,0.0,False,False,True,False,False,False,False,False,0.0,81,"['JETS', 'UAL', 'LUV', 'AAL', 'IYT', 'FTXR']",UAL,2022-02-14
Why Airline Shares Are Flying High Today,A Wall Street analyst believes the sector is on the upswing.,2022-02-15 17:33:00+00:00,https://www.fool.com/investing/2022/02/15/why-airline-shares-are-flying-high-today/,The Motley Fool,0.16,0.5399999999999999,positive,0.16,False,False,True,False,False,False,False,False,0.0,102,"['DAL', 'JBLU', 'UAL', 'LUV', 'SAVE', 'AAL', 'ULCC']",UAL,2022-02-15
Analyst Sees Downside Ahead For United: Should Traders Buy This Rival Airline Stock Instead?,"United Airlines Holdings Inc (NASDAQ: UAL) is moving higher with the rest of the airlines Tuesday as slowing COVID-19 cases add to reopening optimism. Wolfe Research assumed coverage on the airlines today, but the analyst firm highlighted United as the laggard of the group.
What Happened: Wolfe Research analyst Scott Group assumed coverage on the U.S. airlines with a Market Overweight sector rating.
Group expects the airline stocks to shift from COVID-19 losers to reopening winners. The Wolfe Research analyst lowered his earnings estimates for the airlines in general, citing rising oil and jet fuel costs, but United was the only stock he initiated with ...Full story available on Benzinga.com",2022-02-15 18:51:42+00:00,https://www.benzinga.com/trading-ideas/long-ideas/22/02/25643720/analyst-sees-downside-ahead-for-united-should-traders-buy-this-rival-airline-stock-inste,Benzinga,0.05000000000000001,0.5,neutral,0.05000000000000001,True,True,True,False,False,False,False,False,0.0,794,"['DAL', 'UAL']",UAL,2022-02-15
"Airline Stock Roundup: CPA's Q4 Earnings Outperformance, UAL, JBLU in Focus","With air-travel demand improving in Latin America, CPA outperforms in Q4. AZUL's January traffic also impresses owing to the same reason.",2022-02-17 20:10:00+00:00,https://www.zacks.com/stock/news/1869545/airline-stock-roundup-cpas-q4-earnings-outperformance-ual-jblu-in-focus,Zacks Investment Research,0.0,0.125,neutral,0.0,True,False,False,False,False,False,False,False,0.0,214,"['UAL', 'JBLU', 'CPA', 'ALGT', 'AZUL']",UAL,2022-02-17
United (UAL) Up 12.8% Since Last Earnings Report: Can It Continue?,United (UAL) reported earnings 30 days ago. What's next for the stock? We take a look at earnings estimates for some clues.,2022-02-18 16:30:16+00:00,https://www.zacks.com/stock/news/1870042/united-ual-up-128-since-last-earnings-report-can-it-continue,Zacks Investment Research,0.0,0.03333333333333333,neutral,0.0,True,False,False,False,False,False,False,False,0.0,191,['UAL'],UAL,2022-02-18
These 20 S&P 500 stocks are down at least 5% after Russia invades Ukraine,"The declines are led by travel services, airline and cruise stocks.",2022-02-24 15:37:00+00:00,https://www.marketwatch.com/story/these-20-s-p-500-stocks-are-down-at-least-5-after-russia-invades-ukraine-11645717037,MarketWatch,-0.2277777777777778,0.34444444444444444,negative,0.2277777777777778,False,False,False,False,False,False,False,False,0.0,142,"['COMP', 'NTAP', 'BKNG', 'DISCA', 'NCLH', 'EBAY', 'EXPE', 'BBWI', 'CCL', 'UAL', 'ANET', 'ALB', 'AAL', 'ALK', 'DAL', 'SIVB', 'SBNY', 'F', 'ZION', 'RCL', 'TSLA', 'PDD', 'DOCU', 'ABNB', 'ANSS', 'LCID', 'PYPL', 'MCHP', 'JPM', 'BA', 'GS', 'AAPL', 'V', 'DOW', 'CAT', 'TRV', 'DIS', 'UNH', 'KO', 'IBM', 'NKE', 'MMM', 'HON', 'MCD', 'INTC', 'WBA', 'MSFT', 'CSCO', 'HD', 'JNJ', 'MRK', 'VZ', 'AMGN', 'PG', 'WMT', 'CVX', 'CRM']",UAL,2022-02-24
Why Airline Stocks Fell This Morning,The situation in Ukraine adds a new challenge to this beaten-down industry.,2022-02-24 17:32:13+00:00,https://www.fool.com/investing/2022/02/24/why-airline-stocks-fell-this-morning/,The Motley Fool,0.13636363636363635,0.45454545454545453,positive,0.13636363636363635,False,False,False,False,False,False,False,False,0.0,113,"['LUV', 'JBLU', 'UAL', 'DAL', 'SAVE', 'AAL']",UAL,2022-02-24
United Airlines (UAL) Gains But Lags Market: What You Should Know,"United Airlines (UAL) closed the most recent trading day at $44.06, moving +0.48% from the previous trading session.",2022-02-24 23:00:07+00:00,https://www.zacks.com/stock/news/1872943/united-airlines-ual-gains-but-lags-market-what-you-should-know,Zacks Investment Research,0.05833333333333334,0.25416666666666665,neutral,0.05833333333333334,False,False,False,False,False,False,False,False,0.0,183,['UAL'],UAL,2022-02-24
"AZUL Posts Wider-Than-Expected Q4 Loss, Revenues Beat Mark",AZUL's fourth-quarter 2021 load factor improves 1.5 percentage points to 82.2%.,2022-02-25 15:59:00+00:00,https://www.zacks.com/stock/news/1873542/azul-posts-wider-than-expected-q4-loss-revenues-beat-mark,Zacks Investment Research,0.0,0.0,neutral,0.0,True,False,False,False,False,False,False,False,0.0,139,"['DAL', 'UAL', 'JBHT', 'AZUL']",UAL,2022-02-25
Retails Gets Back On Track Following Geopolitical Sell-Off,,2022-02-25 21:22:00+00:00,https://www.investing.com/analysis/retails-gets-back-on-track-following-geopolitical-selloff-200618810,Investing.com,0.0,0.05,neutral,0.0,False,False,False,False,False,False,False,False,0.0,60,"['HD', 'M', 'LOW', 'TJX', 'W', 'EBAY', 'HAL', 'MPC', 'PXD', 'GNRC', 'GD', 'UAL', 'ECL', 'BLL', 'TGT', 'JWN', 'ROST', 'HRL', 'CAG', 'K', 'POST', 'PRTS', 'AAP', 'ORLY']",UAL,2022-02-25
Delta Air Lines: Betting On International Travel,"Delta Air Lines is focusing on doubling down on its premium offerings, international network, and up-gauging the fleet. Read more to see how DAL could outperform its peers.",2022-02-26 06:12:28+00:00,https://seekingalpha.com/article/4490834-delta-air-lines-betting-on-international-travel,Seeking Alpha,0.08611111111111111,0.19722222222222224,neutral,0.08611111111111111,False,False,False,False,False,False,False,False,0.0,222,"['AAL', 'LUV', 'UAL', 'JBLU', 'ALK', 'SAVE', 'ULCC', 'DAL']",UAL,2022-02-26
Rising oil prices amid Russia-Ukraine war complicates airlines' pandemic recovery — and could also hike U.S. airfares,"'Higher oil prices, if they are sustained, are going to show up in travelers’ ticket prices.'",2022-02-28 15:57:00+00:00,https://www.marketwatch.com/story/russias-invasion-of-ukraine-complicates-travel-plans-and-analysts-say-it-will-likely-lead-to-higher-airline-prices-11645767863,MarketWatch,0.25,0.5,positive,0.25,False,False,False,False,False,False,False,False,0.0,212,"['BKNG', 'DAL', 'UAL', 'AAL', 'COMP', 'DJIA']",UAL,2022-02-28
United Airlines (UAL) to Resume San Francisco-Melbourne Flights,"After months of suspension due to coronavirus-related woes, United Airlines (UAL) is set to resume San Francisco-Melbourne flights in May.",2022-02-28 16:41:00+00:00,https://www.zacks.com/stock/news/1874649/united-airlines-ual-to-resume-san-francisco-melbourne-flights,Zacks Investment Research,-0.125,0.375,negative,0.125,False,False,False,False,False,False,False,False,0.0,203,"['UAL', 'JBHT', 'ARCB']",UAL,2022-02-28
Why Airline Shares Are Falling Today,Conflict in Europe adds fresh uncertainty for this long-struggling industry.,2022-02-28 18:01:29+00:00,https://www.fool.com/investing/2022/02/28/why-airline-shares-are-falling-today/,The Motley Fool,0.3,0.5,positive,0.3,False,False,False,False,False,False,False,False,0.0,114,"['DAL', 'UAL', 'AAL']",UAL,2022-02-28
This could be the ultimate travel destination in another year of uncertainty,"If you like beaches, mountains, history and fine restaurants, want to avoid the hassles of COVID testing but still enjoy international travel, this is the place.",2022-03-01 10:02:00+00:00,https://www.marketwatch.com/story/this-could-be-the-ultimate-travel-destination-in-another-year-of-uncertainty-11645819738,MarketWatch,0.20416666666666666,0.5,positive,0.20416666666666666,False,False,False,False,False,False,False,False,0.0,239,"['JPM', 'AXP', 'COF', 'DAL', 'AAL', 'UAL', 'BA']",UAL,2022-03-01
Why Airline Stocks Are Down Today,Oil prices add to the litany of industry woes.,2022-03-01 18:23:45+00:00,https://www.fool.com/investing/2022/03/01/why-airline-stocks-are-down-today/,The Motley Fool,-0.15555555555555559,0.2888888888888889,negative,0.15555555555555559,False,False,False,False,False,False,False,False,0.0,81,"['LUV', 'JBLU', 'UAL', 'DAL', 'AAL']",UAL,2022-03-01
Biden announces ban of Russian airlines from U.S. airspace,"The U.S. government will ban Russian aircraft from American airspace, broadening aviation restrictions as the West expands sanctions over the war in Ukraine, according to people familiar with the matter.",2022-03-02 02:18:00+00:00,https://www.marketwatch.com/story/u-s-expected-to-soon-ban-russian-airlines-from-its-airspace-11646180110,MarketWatch,0.09375,0.125,neutral,0.09375,False,False,False,False,False,False,False,False,0.0,263,"['UAL', 'DAL', 'AAL']",UAL,2022-03-02
United Airlines (UAL) Gains But Lags Market: What You Should Know,"United Airlines (UAL) closed at $42.42 in the latest trading session, marking a +1.36% move from the prior day.",2022-03-02 23:00:06+00:00,https://www.zacks.com/stock/news/1876345/united-airlines-ual-gains-but-lags-market-what-you-should-know,Zacks Investment Research,0.13333333333333333,0.3333333333333333,positive,0.13333333333333333,False,False,False,False,False,False,False,False,0.0,178,['UAL'],UAL,2022-03-02
U.S. Bans Russian Flights to Corner Russia Again Over Ukraine,"The scenario of oil price hitting the roof does not bode well for the airlines like DAL, AAL and UAL as far as their bottom-line growth is concerned.",2022-03-02 23:18:00+00:00,https://www.zacks.com/stock/news/1876355/us-bans-russian-flights-to-corner-russia-again-over-ukraine,Zacks Investment Research,0.05,0.5,neutral,0.05,False,False,False,False,False,False,False,False,0.0,212,"['DAL', 'UAL', 'AAL']",UAL,2022-03-02
Why Airline Stocks Fell This Week,Global turmoil gives airline investors one more thing to worry about.,2022-03-03 19:32:07+00:00,https://www.fool.com/investing/2022/03/03/why-airline-stocks-fell-this-week/,The Motley Fool,0.25,0.25,positive,0.25,False,False,False,False,False,False,False,False,0.0,104,"['DAL', 'JBLU', 'UAL', 'ALK', 'AAL']",UAL,2022-03-03
"Airline Stock Roundup: U.S. Shuts Airspace for Russia, SAVE, RYAAY in Focus",United Airlines (UAL) and Spirit Airlines (SAVE) decide to expand their respective networks.,2022-03-03 22:42:00+00:00,https://www.zacks.com/stock/news/1877099/airline-stock-roundup-us-shuts-airspace-for-russia-save-ryaay-in-focus,Zacks Investment Research,0.0,0.1,neutral,0.0,False,False,False,False,False,False,False,False,0.0,169,"['RYAAY', 'DAL', 'UAL', 'AAL', 'SAVE']",UAL,2022-03-03
Airline ETF heads for largest weekly decline since start of pandemic in 2020,"A popular way to gain exposure to the airline industry was on track for its worst weekly skid since April of 2020, FactSet data show.",2022-03-04 16:32:00+00:00,https://www.marketwatch.com/story/airline-etf-heads-for-largest-weekly-decline-since-start-of-pandemic-in-2020-11646411536,MarketWatch,-0.2,0.95,negative,0.2,False,False,False,False,False,False,False,False,0.0,211,"['JETS', 'DAL', 'UAL', 'LUV', 'AAL', 'AC']",UAL,2022-03-04
U.S. stocks trade sharply lower as Russia-Ukraine conflict sparks nuclear fears,"U.S. stock indexes are trading sharply lower Friday afternoon, as a worsening Eastern European conflict overshadows U.S. jobs data for February that beat forecasts.",2022-03-04 19:45:00+00:00,https://www.marketwatch.com/story/u-s-stock-futures-dive-as-russia-attacks-ukraines-largest-nuclear-plant-11646355801,MarketWatch,-0.08333333333333333,0.5,neutral,0.08333333333333333,False,False,False,False,False,False,False,False,0.0,245,"['DJIA', 'COMP', 'FB', 'ABNB', 'MSFT', 'UAL', 'DAL', 'AAL', 'ERUS']",UAL,2022-03-04
Markets Close Lower As Russia-Ukraine War Escalates,"U.S. indices traded lower after Russian forces in Ukraine seized control of the Zaporizhzhia nuclear power plant. Conflict escalation has continued to lift energy and oil prices amid supply concerns.
WTI crude oil prices traded at around $111 per barrel on Friday after briefly hitting their highest levels in 14 years earlier in the week.
The Labor Department reported Friday that the U.S. economy added 678,000 jobs in February, far surpassing economist estimates of 440,000 jobs. The U.S. unemployment rate fell to 3.8%, while wages grew 5.1% from a year ago.

The Nasdaq composite finished lower by 1.66% to 13,313; The Invesco QQQ Trust Series 1 (NASDAQ: QQQ) lost 1.45% to $337.30
The S&P 500 traded lower by 0.79% to 4,328; The ...Full story available on Benzinga.com",2022-03-04 21:29:52+00:00,https://www.benzinga.com/markets/cryptocurrency/22/03/26002401/markets-close-lower-as-russia-ukraine-war-escalates,Benzinga,-0.033333333333333326,0.5388888888888889,neutral,0.033333333333333326,False,False,False,False,False,False,False,False,0.0,827,"['DIA', 'SPY', 'COST', 'GM', 'KR', 'MOS', 'OXY', 'PVH', 'TSLA', 'UAL', 'QQQ', 'WEAT', 'APTV']",UAL,2022-03-04
"U.S. stocks end lower Friday, Dow drops for fourth straight week as Russia-Ukraine conflict sparks nuclear fears","U.S. stocks end lower Friday, with all three major indexes booking losses for the week, as investors focused on a worsening conflict between Russia and Ukraine that resulted in a fire at a nuclear power plant earlier in the day.",2022-03-04 23:26:00+00:00,https://www.marketwatch.com/story/u-s-stocks-end-lower-friday-dow-drops-for-fourth-straight-week-as-russia-ukraine-conflict-sparks-nuclear-fears-11646436393,MarketWatch,0.065625,0.35,neutral,0.065625,True,False,False,False,False,False,False,False,0.0,342,"['DJIA', 'COMP', 'FB', 'ABNB', 'MSFT', 'UAL', 'DAL', 'AAL', 'ERUS']",UAL,2022-03-04
Wall Street Breakfast: What Moved Markets,"Listen on the go! A daily podcast of Wall Street Breakfast will this morning on Seeking Alpha, iTunes, Stitcher and Spotify.",2022-03-05 13:22:58+00:00,https://seekingalpha.com/article/4493171-wall-street-breakfast-what-moved-markets,Seeking Alpha,0.0,0.0,neutral,0.0,False,False,False,False,False,False,False,False,0.0,167,"['BP', 'EQNR', 'SHEL', 'XOM', 'UAL', 'DAL', 'AAL', 'MSCI', 'BA', 'GM', 'HOG', 'NKE', 'DIS', 'FB', 'ABNB', 'COIN', 'F', 'INTC', 'OXY', 'KR', 'MOS', 'APA', 'CTRA', 'EPAM', 'VTRS', 'IPGP', 'APTV', 'PVH']",UAL,2022-03-05
"Stock Market News for Mar 7, 2022",U.S. stocks ended lower on Friday despite a stronger-than-expected jobs data as the worsening war between Ukraine and Russia kept investors on the edge.,2022-03-07 14:43:00+00:00,https://www.zacks.com/stock/news/1878409/stock-market-news-for-mar-7-2022,Zacks Investment Research,0.0,0.0,neutral,0.0,False,False,False,False,False,False,False,False,0.0,187,"['GS', 'JPM', 'MSFT', 'CVX', 'XOM', 'DAL', 'UAL', 'FB']",UAL,2022-03-07
Airline Stocks Are Plunging: Is Now the Right Time to Buy In?,Oil prices will cause near-term issues. Is that a long-term opportunity?,2022-03-07 18:06:16+00:00,https://www.fool.com/investing/2022/03/07/airline-stocks-are-plunging-is-now-the-right-time/,The Motley Fool,0.2857142857142857,0.5357142857142857,positive,0.2857142857142857,False,True,False,False,False,False,False,False,0.0,135,"['DAL', 'JBLU', 'LUV', 'UAL', 'ALK', 'SAVE', 'AAL']",UAL,2022-03-07
Could Warren Buffett's Airline Sales Turn Out to Be Right After All?,"The Oracle of Omaha took intense criticism for his sales, but stocks are falling again.",2022-03-07 19:11:00+00:00,https://www.fool.com/investing/2022/03/07/could-warren-buffetts-airline-sales-turn-out-to-be/,The Motley Fool,0.24285714285714285,0.7678571428571428,positive,0.24285714285714285,False,False,False,False,False,False,False,False,0.0,157,"['UAL', 'BRK.A', 'BRK.B', 'LUV', 'DAL', 'AAL']",UAL,2022-03-07
United Airlines Sees A Bearish Breakout: What's Next?,"United Airlines Holdings Inc (NASDAQ: UAL) shares are trading significantly lower Monday alongside other airline companies amid travel uncertainties due to the Russia-Ukraine conflict. The conflict is causing geopolitical uncertainties which are weighing on travel demand.
United Airlines was down 14.38% at $31.43 Monday afternoon at publication. The stock recently broke below support in a pattern.
See Also: United Airlines Debuts New 'Bag Drop Shortcut' Service
United Airlines Daily Chart Analysis

The stock has fallen below the $42.50 support in what traders call a descending triangle pattern. This strong break below support shows that bears have taken ...",2022-03-07 19:53:12+00:00,https://www.benzinga.com/trading-ideas/long-ideas/22/03/26025045/united-airlines-sees-a-bearish-breakout-whats-next,Benzinga,0.05990460157126823,0.3724186307519641,neutral,0.05990460157126823,False,False,False,False,False,False,False,False,0.0,720,['UAL'],UAL,2022-03-07
"Nasdaq, S&P 500 And Dow Jones Composite All Close Sharply Lower","U.S. indices traded lower Monday amid the continued escalation of the Russia-Ukraine conflict, with attempts of a ceasefire and Mariupol evacuation failing. Oil prices have gained after the U.S. indicated it's considering a ban on Russian oil imports.

The Nasdaq composite finished lower by 3.62% to 12,830; The Invesco QQQ Trust Series 1 (NASDAQ: QQQ) lost 3.69% to $324.86
The S&P 500 traded lower by 2.95% to 4,201; The SPDR S&P 500 ETF Trust (NASDAQ: SPY) lost 2.95% to $419.43
The Dow Jones composite finished lower by 2.35% to 11,242; The SPDR Dow Jones Industrial ...Full story available on Benzinga.com",2022-03-07 21:16:30+00:00,https://www.benzinga.com/markets/cryptocurrency/22/03/26026944/nasdaq-s-p-500-and-dow-jones-composite-all-close-sharply-lower,Benzinga,0.09166666666666667,0.3833333333333333,neutral,0.09166666666666667,False,False,False,False,False,False,False,False,0.0,676,"['BKR', 'DIA', 'SPY', 'BBBY', 'HAL', 'PVH', 'SLB', 'FTNT', 'UAL', 'QQQ']",UAL,2022-03-07
Dow skids nearly 800 points to end in correction territory as oil spikes and Russia's war in Ukraine deepens,"U.S. stock indexes tumble Monday, leaving the blue-chip index in correction territory and the Nasdaq Composite in a bear market, as the U.S. considers a ban on Russia oil imports.",2022-03-07 21:18:00+00:00,https://www.marketwatch.com/story/dow-futures-fall-nearly-500-points-as-u-s-and-allies-weigh-russian-oil-import-ban-11646649333,MarketWatch,0.1,0.4,neutral,0.1,False,False,False,False,False,False,False,False,0.0,289,"['DJIA', 'COMP', 'NFLX', 'V', 'AXP', 'DAL', 'UAL', 'LUV', 'JETS', 'BBBY', 'GME', 'AAPL']",UAL,2022-03-07
Airlines See a Sharp Decline in Monday's Trading: Here's Why,"Expenses on fuel represent a major component of operating costs of airlines including DAL, UAL, HA and SAVE.",2022-03-08 21:12:00+00:00,https://www.zacks.com/stock/news/1879243/airlines-see-a-sharp-decline-in-mondays-trading-heres-why,Zacks Investment Research,-0.03125,0.625,neutral,0.03125,False,False,False,False,False,False,False,False,0.0,170,"['DAL', 'UAL', 'SAVE', 'HA']",UAL,2022-03-08
Why Airline Stocks Plummeted on Monday,"Major airline stocks like United (UAL), Delta (DAL), and American (AAL) fell by as much as 10% during Monday's trading session; the US Global Jets ETF (JETS) took a big hit as well.",2022-03-08 22:39:00+00:00,https://www.zacks.com/stock/news/1879262/why-airline-stocks-plummeted-on-monday,Zacks Investment Research,0.052500000000000005,0.15999999999999998,neutral,0.052500000000000005,False,False,False,False,False,False,False,False,0.0,221,"['DAL', 'UAL', 'LUV', 'JBLU', 'AAL', 'JETS']",UAL,2022-03-08
Why Airline Stocks Are Soaring Higher Today,Oil's retreat gives airline investors a reason for hope.,2022-03-09 18:23:31+00:00,https://www.fool.com/investing/2022/03/09/why-airline-stocks-are-soaring-today/,The Motley Fool,0.25,0.5,positive,0.25,False,False,False,False,False,False,False,False,0.0,101,"['DAL', 'JBLU', 'LUV', 'UAL', 'SAVE', 'AAL']",UAL,2022-03-09
United Airlines to let employees with COVID vaccine exemptions return to work,"United Airlines Holdings Inc. will allow workers who haven’t been vaccinated against COVID-19 for religious or medical reasons to return at the end of this month, according to people familiar with the decision.",2022-03-10 01:27:00+00:00,https://www.marketwatch.com/story/united-airlines-to-let-employees-with-covid-vaccine-exemptions-return-to-work-11646875630,MarketWatch,0.125,0.25,positive,0.125,False,False,False,False,False,False,False,False,0.0,289,['UAL'],UAL,2022-03-10
United (UAL) Surges 8.3%: Is This an Indication of Further Gains?,United (UAL) witnessed a jump in share price last session on above-average trading volume. The latest trend in earnings estimate revisions for the stock suggests that there could be more strength down the road.,2022-03-10 11:43:00+00:00,https://www.zacks.com/stock/news/1880035/united-ual-surges-83-is-this-an-indication-of-further-gains,Zacks Investment Research,0.1688888888888889,0.45111111111111113,positive,0.1688888888888889,True,False,False,False,False,False,False,False,0.0,277,"['UAL', 'JBLU']",UAL,2022-03-10
United Airlines (UAL) Suspends Two India Routes on War Tensions,United Airlines (UAL) suspends San Francisco-Delhi and Newark-Mumbai flights amid the U.S. administration's ban on Russian flights in their airspace.,2022-03-10 15:56:00+00:00,https://www.zacks.com/stock/news/1880291/united-airlines-ual-suspends-two-india-routes-on-war-tensions,Zacks Investment Research,0.0,0.0,neutral,0.0,False,False,False,False,False,False,False,False,0.0,214,"['UAL', 'ALK', 'USAK']",UAL,2022-03-10
United Airlines (UAL) Gains As Market Dips: What You Should Know,"United Airlines (UAL) closed the most recent trading day at $35.20, moving +0.86% from the previous trading session.",2022-03-10 23:15:20+00:00,https://www.zacks.com/stock/news/1880569/united-airlines-ual-gains-as-market-dips-what-you-should-know,Zacks Investment Research,0.05833333333333334,0.25416666666666665,neutral,0.05833333333333334,False,False,False,False,False,False,False,False,0.0,182,['UAL'],UAL,2022-03-10
Why United and American Airlines Topped the Market Today,"Several factors combined to provide investors a lift, particularly for United.",2022-03-10 23:43:00+00:00,https://www.fool.com/investing/2022/03/10/why-united-and-american-airlines-topped-the-market/,The Motley Fool,0.05555555555555555,0.1111111111111111,neutral,0.05555555555555555,False,False,False,False,False,False,False,False,0.0,136,"['UAL', 'AAL']",UAL,2022-03-10
United Airlines (UAL) Gains As Market Dips: What You Should Know,"United Airlines (UAL) closed at $35.02 in the latest trading session, marking a +0.43% move from the prior day.",2022-03-14 22:00:22+00:00,https://www.zacks.com/stock/news/1881852/united-airlines-ual-gains-as-market-dips-what-you-should-know,Zacks Investment Research,0.13333333333333333,0.3333333333333333,positive,0.13333333333333333,False,False,False,False,False,False,False,False,0.0,177,['UAL'],UAL,2022-03-14
American Airlines stock surges toward biggest gain in more than a year after carrier raises revenue outlook,"Shares of airline operators enjoyed a broad rally Tuesday, following higher revenue outlooks from a number of major carriers and as a further pullback in crude oil prices helped soothe concerns over rising fuel costs.",2022-03-15 15:24:00+00:00,https://www.marketwatch.com/story/american-airlines-stock-surges-toward-biggest-gain-in-more-than-a-year-after-raised-revenue-outlook-11647360648,MarketWatch,0.07500000000000001,0.45694444444444443,neutral,0.07500000000000001,True,False,False,False,False,False,False,False,0.0,326,"['AAL', 'JETS', 'DAL', 'LUV', 'JBLU', 'UAL', 'SAVE', 'ALK', 'EXPE', 'BKNG', 'TRIP']",UAL,2022-03-15
Why Airline Stocks Are Soaring Today,"The carriers say that despite higher oil prices, their recovery remains on track.",2022-03-15 16:55:35+00:00,https://www.fool.com/investing/2022/03/15/why-airline-stocks-are-soaring-today/,The Motley Fool,0.25,0.5,positive,0.25,False,False,False,False,False,False,False,False,0.0,119,"['LUV', 'JBLU', 'UAL', 'DAL', 'SAVE', 'AAL']",UAL,2022-03-15
These 2 Hard-Hit Nasdaq Stocks Flew 10% Higher Tuesday,The Nasdaq Composite finally mounted a big rebound.,2022-03-15 16:56:08+00:00,https://www.fool.com/investing/2022/03/15/these-2-hard-hit-nasdaq-stocks-flew-10-higher-tues/,The Motley Fool,0.08333333333333333,0.5333333333333333,neutral,0.08333333333333333,False,False,False,False,False,False,False,False,0.0,107,"['AAL', 'JBLU', 'LUV', 'UAL', 'DAL']",UAL,2022-03-15
Dow climbs more than 600 points as oil prices fall with Fed decision ahead,"U.S. stocks extend a recovery in late session trading Tuesday, finding support after a smaller-than-expected rise in a measure of wholesale inflation and a slump in  oil prices which had earlier soared on Russia's invasion of Ukraine.",2022-03-15 18:48:00+00:00,https://www.marketwatch.com/story/u-s-stock-futures-decline-on-china-worries-as-fed-kicks-off-deliberations-11647336475,MarketWatch,0.06666666666666667,0.5333333333333333,neutral,0.06666666666666667,False,False,False,False,False,False,False,False,0.0,310,"['DJIA', 'COMP', 'JBLU', 'DAL', 'LUV', 'UAL', 'JETS', 'AMC', 'HYMC']",UAL,2022-03-15
"Try A Covered Call On United Airlines Stock As Costs, Volatility Drive Turbulence",,2022-03-16 12:36:00+00:00,https://www.investing.com/analysis/try-a-covered-call-on-united-airlines-stock-as-costs-volatility-drive-turbulence-200620097,Investing.com,0.0,0.0,neutral,0.0,False,False,False,False,False,False,False,False,0.0,83,['UAL'],UAL,2022-03-16
Airline Stocks Make Merry in Tuesday's Trading: Here's Why,"Strong air-travel demand bodes well for the likes of Delta (DAL), United Airlines (UAL), American Airlines (AAL), Southwest Airlines (LUV) and JetBlue Airways (JBLU).",2022-03-16 17:28:00+00:00,https://www.zacks.com/stock/news/1883084/airline-stocks-make-merry-in-tuesdays-trading-heres-why,Zacks Investment Research,0.21666666666666665,0.36666666666666664,positive,0.21666666666666665,False,False,False,False,False,False,False,False,0.0,226,"['DAL', 'UAL', 'LUV', 'JBLU', 'AAL']",UAL,2022-03-16
How to get a travel rewards card if you’re just building credit,"It's never too early to get in the rewards game, but if you’ve never had a credit card before, can you get a travel credit card?",2022-03-17 09:03:00+00:00,https://www.marketwatch.com/story/how-to-get-a-travel-rewards-card-if-youre-just-building-credit-11647027817,MarketWatch,-0.15000000000000002,0.35,negative,0.15000000000000002,False,False,False,False,False,False,False,False,0.0,193,"['UAL', 'TGT', 'NKE', 'LYFT', 'DAL', 'HLT']",UAL,2022-03-17
Are Airline Stocks A Good Bet As Travel Demand Surges?,,2022-03-17 13:58:00+00:00,https://www.investing.com/analysis/are-airline-stocks-a-good-bet-as-travel-demand-surges-200620172,Investing.com,0.7,0.6000000000000001,positive,0.7,False,False,False,False,False,False,False,False,0.0,56,"['JETS', 'UAL', 'AAL', 'LUV', 'DAL']",UAL,2022-03-17
"Airline Stock Roundup: Bullish Q1 Revenue Views by DAL, UAL & Others, CPA in Focus",Upbeat air-travel demand is likely to aid Q1 results of the likes of Delta (DAL) and United Airlines (UAL).,2022-03-17 17:17:00+00:00,https://www.zacks.com/stock/news/1883711/airline-stock-roundup-bullish-q1-revenue-views-by-dal-ual-others-cpa-in-focus,Zacks Investment Research,0.0,1.0,neutral,0.0,True,False,False,False,False,False,False,False,0.0,191,"['DAL', 'UAL', 'LUV', 'CPA', 'AAL']",UAL,2022-03-17
Spirit Airlines (SAVE) to Add Three Nonstop Routes to Las Vegas,"Spirit Airlines (SAVE) is set to begin nonstop daily service to Albuquerque, NM; Boise, ID and Reno, NV out of Las Vegas this August.",2022-03-18 14:04:00+00:00,https://www.zacks.com/stock/news/1884024/spirit-airlines-save-to-add-three-nonstop-routes-to-las-vegas,Zacks Investment Research,0.0,0.0,neutral,0.0,False,False,False,False,False,False,False,False,0.0,198,"['UAL', 'JBLU', 'SAVE']",UAL,2022-03-18
"Benzinga's Top Ratings Upgrades, Downgrades For March 18, 2022","Upgrades

For United Airlines Holdings Inc (NASDAQ:UAL), Exane BNP Paribas upgraded the previous rating of Underperform to Neutral. United Airlines Holdings earned $1.60 in the fourth quarter, compared to $7.00 in the year-ago quarter. The stock has a 52-week-high of $63.70 and a 52-week-low of $30.54. At the end of the last trading period, United Airlines Holdings closed at $41.42.
Argus Research upgraded the previous rating for Omnicom Group Inc (NYSE:OMC) from Hold to Buy. Omnicom Group earned $1.95 in the fourth quarter, compared to $1.90 in the year-ago quarter. The current stock performance of Omnicom Group shows a 52-week-high of $91.61 and a 52-week-low of $65.76. Moreover, at the end of the last trading period, the closing price was at $84.74.
For Allstate Corp (NYSE:ALL), Raymond James upgraded the previous rating of Outperform to Strong Buy. In the fourth quarter, Allstate showed an EPS of $2.75, compared to $5.87 from the year-ago quarter. The current stock performance of Allstate shows a 52-week-high of $140.00 and a 52-week-low of $106.11. Moreover, at the end of the last trading period, the closing price was at $130.92.
For Garmin Ltd (NYSE:GRMN), B of A Securities upgraded the previous rating of Neutral to Buy. In the fourth quarter, Garmin showed an EPS of $1.55, compared to $1.73 from the year-ago quarter. At the moment, the stock has a 52-week-high of $178.81 and a 52-week-low of $106.66. Garmin closed at $116.51 at the end of the last trading period.
Oppenheimer upgraded the previous rating for Tractor Supply Co (NASDAQ:TSCO) from Perform to Outperform. Tractor Supply earned $1.93 in the fourth quarter, compared to $1.64 in the year-ago quarter. The stock has a 52-week-high of $239.86 and a 52-week-low of $165.10. At the end of the last trading period, Tractor Supply closed at $232.60.
For Staar Surgical Co (NASDAQ:STAA), BTIG upgraded the previous rating of Neutral to Buy. In the fourth quarter, Staar Surgical showed an EPS of $0.19, compared to $0.14 from the year-ago quarter. The current stock performance of Staar Surgical shows a 52-week-high of $163.08 and a 52-week-low of $55.36. Moreover, at the end of the last trading period, the closing price was at $69.74.
According to JMP Securities, the prior rating for Guidewire Software Inc (NYSE:GWRE) was changed from Market Perform to Market Outperform. Guidewire Software earned $0.06 in the second quarter, compared to $0.11 in the year-ago quarter. The current stock performance of Guidewire Software shows a 52-week-high of $130.95 and a 52-week-low of $81.38. Moreover, at the end of the last trading period, the closing price was at $90.08.
Mizuho upgraded the previous rating for Targa Resources Corp (NYSE:TRGP) from Neutral to Buy. The current stock performance of Targa Resources shows a 52-week-high of $72.03 and a 52-week-low of $29.95. Moreover, at the end of the last trading period, the closing price was at $67.63.
UBS upgraded the previous rating for MongoDB Inc (NASDAQ:MDB) from Neutral to Buy. MongoDB earned $0.09 in the fourth quarter, compared to $0.33 in the year-ago quarter. The stock has a 52-week-high of $590.00 and a 52-week-low of $238.01. At the ...Full story available on Benzinga.com",2022-03-18 14:13:03+00:00,https://www.benzinga.com/analyst-ratings/upgrades/22/03/26200824/benzingas-top-ratings-upgrades-downgrades-for-march-18-2022,Benzinga,-0.008333333333333328,0.16111111111111115,neutral,0.008333333333333328,False,True,True,False,False,False,False,False,0.0,3292,"['GRMN', 'GWRE', 'NNBR', 'FTCH', 'PKOH', 'NDLS', 'WING', 'RENT', 'HONE', 'STAA', 'MDB', 'TSCO', 'SFIX', 'ALL', 'DDOG', 'AMX', 'POSH', 'CMI', 'JOAN', 'GMS', 'TDUP', 'OMC', 'UDMY', 'TRU', 'BIRD', 'UAL', 'EQRX', 'REAL', 'ZIMV', 'TRGP', 'PFGC']",UAL,2022-03-18
Why The Airline Stock Rebound Could Continue,"Airline stocks have been on a wild ride in the past month as the Russian invasion of Ukraine has pushed crude oil prices to their highest level in 13 years.
Top airline stocks plummeted in the opening days of March as investors feared the negative impact of surging fuel prices could have on airlines' margins. However, airline stocks are taking off once again this week, and Bank of America analyst Andrew Didora said Friday that airline stocks may still have more altitude to gain.
Strong Pricing Environment: Didora said airline stocks have rebounded as oil prices pulled back from nearly $130 per barrel to around $105/bbl on Friday. At the same time, airline management commentary suggests the pricing environment remains strong.
Related Link: If You Invested $1,000 In Airline Stocks When Buffett Sold, Here's How Much You'd Have Now 
""The biggest surprise to us in recent airline commentary was ...Full story available on Benzinga.com",2022-03-18 18:23:44+00:00,https://www.benzinga.com/analyst-ratings/analyst-color/22/03/26200705/why-the-airline-stock-rebound-could-continue,Benzinga,0.08854166666666666,0.39322916666666674,neutral,0.08854166666666666,False,False,False,False,False,False,True,False,0.0,987,"['LUV', 'UAL', 'AAL']",UAL,2022-03-18
Expert Ratings For United Airlines Holdings,"Analysts have provided the following ratings for United Airlines Holdings (NASDAQ:UAL) within the last quarter: 




Bullish
Somewhat Bullish
Indifferent
Somewhat Bearish
Bearish




Total Ratings
0
2
2
0
0


Last 30D
0
1
0
0
0


1M Ago
0
0
1
0
0


2M Ago
0
1
0
0
0


3M Ago
0
0
1
0
0



According to 4 analyst offering 12-month price targets in the last 3 months, United Airlines Holdings has an average price target of $54.75 with a high of $67.00 and a low of $38.00. 
Below is a summary of how these 4 analysts rated United Airlines Holdings over ...Full story available on Benzinga.com",2022-03-21 13:15:59+00:00,https://www.benzinga.com/analyst-ratings/22/03/26219117/expert-ratings-for-united-airlines-holdings,Benzinga,0.04555555555555556,0.2988888888888888,neutral,0.04555555555555556,False,False,False,False,False,False,False,False,0.0,635,['UAL'],UAL,2022-03-21
How to choose the best seat on a plane—or not get tricked into paying extra for one,"Here some guidance for how to choose plan seats, or how to skip seat selection altogether in the confusing mess that is buying an airline ticket.",2022-03-23 08:01:00+00:00,https://www.marketwatch.com/story/how-to-choose-the-best-seat-on-a-planeor-not-get-tricked-into-paying-extra-for-one-11647631106,MarketWatch,0.13124999999999998,0.24375000000000002,positive,0.13124999999999998,False,True,False,False,False,False,False,False,0.0,230,"['LUV', 'AAL', 'SAVE', 'ULCC', 'DAL', 'UAL', 'ALK']",UAL,2022-03-23
United Airlines (UAL) Dips More Than Broader Markets: What You Should Know,"In the latest trading session, United Airlines (UAL) closed at $41.53, marking a -1.59% move from the previous day.",2022-03-23 22:15:19+00:00,https://www.zacks.com/stock/news/1886587/united-airlines-ual-dips-more-than-broader-markets-what-you-should-know,Zacks Investment Research,0.18333333333333335,0.4166666666666667,positive,0.18333333333333335,False,False,False,False,False,False,False,False,0.0,191,['UAL'],UAL,2022-03-23
"Airline execs ask Biden to end mask mandate, testing requirements for air travel","It's time for the masks to come off on planes, the chief executives of 10 airlines and cargo carriers told President Joe Biden in a letter Wednesday urging and end to pandemic precautions.",2022-03-24 10:38:00+00:00,https://www.marketwatch.com/story/airline-execs-ask-biden-to-end-mask-mandate-testing-requirements-for-air-travel-11648091491,MarketWatch,0.0,0.0,neutral,0.0,False,False,False,False,False,False,False,False,0.0,270,"['UAL', 'DAL', 'AAL']",UAL,2022-03-24
"COVID vaccinations have ground to a halt in Ukraine, WHO warns, and Russia has carried out 64 attacks on healthcare systems and workers","Russia's unprovoked invasion of neighboring Ukraine has brought COVID-19 vaccinations to a halt, the World Health Organization said Thursday, and had a devastating effect on Ukraine's overall health system, severely limiting access to services and creating an urgent need to treat trauma injuries.",2022-03-25 11:21:00+00:00,https://www.marketwatch.com/story/covid-vaccinations-have-ground-to-a-halt-in-ukraine-who-warns-and-russia-has-carried-out-64-attacks-on-health-care-systems-and-workers-11648131643,MarketWatch,-0.5,0.5,negative,0.5,False,False,False,False,False,False,False,False,0.2,434,"['UAL', 'DAL', 'AAL', 'MRNA']",UAL,2022-03-25
"Why Delta, United, and American Airlines Stocks Are Flying on Tuesday",A flurry of good news reports is lifting airline stocks higher.,2022-03-29 16:59:38+00:00,https://www.fool.com/investing/2022/03/29/delta-united-american-airlines-stocks-are-flying/,The Motley Fool,0.31666666666666665,0.3666666666666667,positive,0.31666666666666665,False,False,False,False,False,False,False,False,0.0,134,"['SAVE', 'UAL', 'DAL', 'AAL']",UAL,2022-03-29
"If You Invested $1,000 In United Airlines Stock At Its Pandemic Low, Here's How Much You'd Have Now","Investors who bought stocks during the COVID-19 market crash in 2020 have generally experienced some big gains in the past two years. But there is no question some big-name stocks performed better than others since the pandemic bottom.
United's Bumpy Ride: One company that has been a solid investment in the past two years has been United Airlines Holdings Inc (NASDAQ: UAL).
American and other travel stocks experienced a near worst-case scenario when the COVID-19 breakout occurred in early 2020. Travel demand fell to nearly 0% during the worst of the pandemic.
At the beginning of 2020, United shares were trading at around $90. By the beginning of March, the stock had dropped to around ...Full story available on Benzinga.com",2022-03-30 12:05:34+00:00,https://www.benzinga.com/general/education/22/03/26328821/if-you-invested-1-000-in-united-airlines-stock-at-its-pandemic-low-heres-how-much-youd-have-now,Benzinga,0.08593750000000003,0.39843750000000006,neutral,0.08593750000000003,False,False,False,False,False,False,False,False,0.0,833,['UAL'],UAL,2022-03-30
"Stock Market News for Mar 30, 2022",Wall Street closed sharply higher on Tuesday following positive developments related to the geopolitical conflict between Russia and Ukraine.,2022-03-30 13:39:00+00:00,https://www.zacks.com/stock/news/1889686/stock-market-news-for-mar-30-2022,Zacks Investment Research,0.07545454545454545,0.3290909090909091,neutral,0.07545454545454545,False,False,False,False,False,False,False,False,0.0,177,"['DAL', 'UAL', 'AAL']",UAL,2022-03-30
United Airlines (UAL) Gains As Market Dips: What You Should Know,"United Airlines (UAL) closed at $45.86 in the latest trading session, marking a +0.42% move from the prior day.",2022-03-30 22:15:21+00:00,https://www.zacks.com/stock/news/1890099/united-airlines-ual-gains-as-market-dips-what-you-should-know,Zacks Investment Research,0.13333333333333333,0.3333333333333333,positive,0.13333333333333333,False,False,False,False,False,False,False,False,0.0,177,['UAL'],UAL,2022-03-30
Visa's Golden Goose Remains Grounded,Lucrative international travel was squashed during COVID-19. Now it faces a war.,2022-04-01 15:11:00+00:00,https://www.fool.com/investing/2022/04/01/visa-golden-goose-remains-grounded-cross-border/,The Motley Fool,0.15,0.25,positive,0.15,False,False,False,False,False,False,False,False,0.0,118,"['JBLU', 'V', 'DAL', 'UAL', 'AAL']",UAL,2022-04-01
United Airlines (UAL) Dips More Than Broader Markets: What You Should Know,"United Airlines (UAL) closed the most recent trading day at $44.71, moving -1.8% from the previous trading session.",2022-04-05 22:15:21+00:00,https://www.zacks.com/stock/news/1893711/united-airlines-ual-dips-more-than-broader-markets-what-you-should-know,Zacks Investment Research,0.14666666666666667,0.30333333333333334,positive,0.14666666666666667,False,False,False,False,False,False,False,False,0.0,191,['UAL'],UAL,2022-04-05
3 Aerospace Stocks You Can Buy and Hold for the Next Decade,The aviation industry is in recovery mode and it's time to look at investing in the sector.,2022-04-06 14:15:00+00:00,https://www.fool.com/investing/2022/04/06/3-aerospace-stocks-you-can-buy-and-hold-for-the-ne/,The Motley Fool,0.0,0.0,neutral,0.0,False,True,True,False,False,False,False,False,0.0,152,"['AZUL', 'DAL', 'BA', 'UAL', 'HXL', 'AIR']",UAL,2022-04-06
Why Airline Stocks Lost Some Altitude Today,"Interest rates are on the rise, and that's bad news for heavily indebted airlines.",2022-04-06 21:53:00+00:00,https://www.fool.com/investing/2022/04/06/why-airline-stocks-lost-some-altitude-today/,The Motley Fool,-0.44999999999999996,0.5833333333333333,negative,0.44999999999999996,False,False,False,False,False,True,False,False,0.0,127,"['LUV', 'UAL', 'DAL', 'AAL']",UAL,2022-04-06
Shares Of These 10 Airline Stocks Are Cheaper Than Their Tickets,"We’re at the beginning of the spring season when individuals in the U.S. are finalizing preparations for summer vacations.
To many air travelers' surprise, upon checking the prices for flights, it seems recent inflation has stretched to every corner of the American economy with Bloomberg reporting that the average cost of flights has gone up 36% in 2022.
As investors, we like to understand why something is happening and what we can do to prepare ourselves for it.
The context: Airline stocks have been trying to recover from the COVID-19 pandemic that ...",2022-04-08 14:24:03+00:00,https://www.benzinga.com/general/entertainment/22/04/26536175/shares-of-these-10-airline-stocks-are-cheaper-than-their-tickets,Benzinga,0.06000000000000001,0.22999999999999998,neutral,0.06000000000000001,False,False,False,False,False,False,False,False,0.0,625,"['JBLU', 'SKYW', 'DAL', 'LUV', 'TXT', 'UAL', 'SAVE', 'AAL', 'SNCY', 'ULCC']",UAL,2022-04-08
United Airlines (UAL) Pushes Boeing 777 Return to Mid May,The delay in the return of the Boeing 777 jets until May 13 is a setback to United Airlines (UAL) during the busy spring travel period.,2022-04-11 16:25:00+00:00,https://www.zacks.com/stock/news/1897219/united-airlines-ual-pushes-boeing-777-return-to-mid-may,Zacks Investment Research,0.05,0.15,neutral,0.05,False,False,False,False,False,False,False,False,0.0,194,"['UAL', 'GLNG', 'TGH']",UAL,2022-04-11
United Airlines (UAL) Gains As Market Dips: What You Should Know,"In the latest trading session, United Airlines (UAL) closed at $42.42, marking a +1.1% move from the previous day.",2022-04-11 22:15:16+00:00,https://www.zacks.com/stock/news/1897369/united-airlines-ual-gains-as-market-dips-what-you-should-know,Zacks Investment Research,0.07777777777777779,0.3888888888888889,neutral,0.07777777777777779,False,False,False,False,False,False,False,False,0.0,180,['UAL'],UAL,2022-04-11
Blucora and Ping Identity have been highlighted as Zacks Bull and Bear of the Day,Blucora and Ping Identity are part of today's Zacks Bull and Bear of the Day.,2022-04-12 12:30:00+00:00,https://www.zacks.com/stock/news/1897801/blucora-and-ping-identity-have-been-highlighted-as-zacks-bull-and-bear-of-the-day,Zacks Investment Research,0.0,0.0,neutral,0.0,False,False,False,False,False,False,False,False,0.0,160,"['UAL', 'BCOR', 'GLNG', 'TGH', 'PING']",UAL,2022-04-12
"Q1 Earnings Preview: Airlines' Higher Costs, Recession Risks Dampen Growth Outlook",,2022-04-12 13:28:00+00:00,https://www.investing.com/analysis/q1-earnings-preview-airlines-higher-costs-recession-risks-dampen-growth-outlook-200621969,Investing.com,0.25,0.5,positive,0.25,True,False,False,False,False,False,False,False,0.0,84,"['JETS', 'UAL', 'AAL', 'DAL']",UAL,2022-04-12
Inflation and weak business and international travel are hurdles for major U.S. airlines as earnings season kicks off,"The top 3 U.S. airlines are slated to report first-quarter earnings starting this week amid ongoing concerns about international and business travel, which have lagged a domestic and leisure air-travel recovery, and a risk that inflation headwinds could prompt future air travelers to stay home.",2022-04-13 12:41:00+00:00,https://www.marketwatch.com/story/inflation-and-weak-business-and-international-travel-are-hurdles-for-major-u-s-airlines-as-earnings-season-kicks-off-11649785104,MarketWatch,0.0234375,0.24375000000000002,neutral,0.0234375,True,False,False,False,False,False,False,False,0.0,414,"['DAL', 'AAL', 'UAL', 'LUV', 'ALK', 'JETS']",UAL,2022-04-13
What's in the Offing for United Airlines' (UAL) Q1 Earnings?,"United Airlines (UAL) anticipates an adjusted fuel price of $2,99 per gallon for the first quarter of 2022.",2022-04-13 18:05:00+00:00,https://www.zacks.com/stock/news/1898794/whats-in-the-offing-for-united-airlines-ual-q1-earnings,Zacks Investment Research,0.25,0.3333333333333333,positive,0.25,True,False,False,False,False,False,False,False,0.0,169,"['UAL', 'KNX', 'LSTR']",UAL,2022-04-13
United Airlines (UAL) May Report Negative Earnings: Know the Trend Ahead of Next Week's Release,United (UAL) doesn't possess the right combination of the two key ingredients for a likely earnings beat in its upcoming report. Get prepared with the key expectations.,2022-04-13 19:00:29+00:00,https://www.zacks.com/stock/news/1898839/united-airlines-ual-may-report-negative-earnings-know-the-trend-ahead-of-next-weeks-release,Zacks Investment Research,-0.0023809523809523816,0.655952380952381,neutral,0.0023809523809523816,True,False,False,False,True,False,False,False,0.0,265,['UAL'],UAL,2022-04-13
Why JetBlue and United Stocks Were Ascending Today,A peer's first-quarter results are providing hope for their own immediate futures.,2022-04-13 21:45:15+00:00,https://www.fool.com/investing/2022/04/13/why-jetblue-and-united-stocks-were-ascending-today/,The Motley Fool,0.6,1.0,positive,0.6,False,False,False,False,False,False,False,False,0.0,134,"['JBLU', 'UAL']",UAL,2022-04-13
Delta Air's profitable March and upbeat guidance boost airline stocks,A quarterly beat for Delta Air Lines Inc. coupled with the airline's higher guidance and news that March was already a profitable month lifted shares of Delta as well as other major U.S. airlines on Wednesday.,2022-04-14 12:30:00+00:00,https://www.marketwatch.com/story/delta-airs-profitable-march-guidance-boosts-airline-stocks-11649872954,MarketWatch,0.0625,0.4583333333333333,neutral,0.0625,True,False,False,False,False,False,False,False,0.0,280,"['DAL', 'UAL', 'AAL', 'JETS']",UAL,2022-04-14
Why Airline Stocks Soared This Week,The outlook for summer travel remains upbeat even as oil prices move higher.,2022-04-14 17:52:06+00:00,https://www.fool.com/investing/2022/04/14/why-airline-stocks-soared-this-week/,The Motley Fool,0.25,0.5,positive,0.25,False,False,False,False,False,False,False,False,0.0,113,"['DAL', 'LUV', 'UAL', 'ALK', 'HA', 'AAL']",UAL,2022-04-14
"Flying Into Q1, These 2 Airline Companies Look to Take Flight","Delta Air Lines (DAL) officially joined the earnings festivities with the release of its Q1 results on Wednesday. Rolling into next week, a few other airline companies - American Air Lines (AAL) and United Air Lines (UAL) - are slated to release quarterly results as well.",2022-04-14 21:27:00+00:00,https://www.zacks.com/commentary/1899926/flying-into-q1-these-2-airline-companies-look-to-take-flight,Zacks Investment Research,-0.08125,0.11875,neutral,0.08125,True,False,False,False,True,False,False,False,0.0,335,"['DAL', 'UAL', 'AAL']",UAL,2022-04-14
"Benzinga's Top Ratings Upgrades, Downgrades For April 18, 2022","Upgrades
For PBF Energy Inc (NYSE:PBF), Scotiabank upgraded the previous rating of Sector Underperform to Sector Perform. For the fourth quarter, PBF Energy had an EPS of $1.28, compared to year-ago quarter EPS of $4.53. At the moment, the stock has a 52-week-high of $27.69 and a 52-week-low of $7.24. PBF Energy closed at $27.32 at the end of the last trading period.   
B of A Securities upgraded the previous rating for Spire Inc (NYSE:SR) from Underperform to Neutral. In the first quarter, Spire showed an EPS of $1.14, compared to $1.42 from the year-ago quarter. The stock has a 52-week-high of $77.95 and a 52-week-low of $59.60. At the end of the last trading period, Spire closed at $75.49.   
For ConocoPhillips (NYSE:COP), Scotiabank upgraded the previous rating of Sector Perform to Sector Outperform. In the fourth quarter, ConocoPhillips showed an EPS of $2.27, compared to $0.19 from the year-ago quarter. The stock has a 52-week-high of $107.52 and a 52-week-low of $47.85. At the end of the last trading period, ConocoPhillips closed at $101.37.   
According to Morgan Stanley, the prior rating for Gap Inc (NYSE:GPS) was changed from Underweight to Equal-Weight. For the fourth quarter, Gap had an EPS of $0.02, compared to year-ago quarter EPS of $0.28. The current stock performance of Gap shows a 52-week-high of $37.63 and a 52-week-low of $12.78. Moreover, at the end of the last trading period, the closing price was at $14.11.   
For H.B. Fuller Co (NYSE:FUL), Deutsche Bank upgraded the previous rating of Hold to Buy. For the first quarter, H.B. Fuller had an EPS of $0.80, compared to year-ago quarter EPS of $0.66. At the moment, the stock has a 52-week-high of $81.73 and a 52-week-low of $59.17. H.B. Fuller closed at $70.30 at the end of the last trading period.   
For Delta Air Lines Inc (NYSE:DAL), UBS upgraded the previous rating of Neutral to Buy. Delta Air Lines earned $1.23 in the first quarter, compared to $3.55 in the year-ago quarter. At the moment, the stock has a 52-week-high of $49.50 and a 52-week-low of $29.75. Delta Air Lines closed at $42.36 at the end of the last trading period.   
Baird upgraded the previous rating for Comerica Inc (NYSE:CMA) from Underperform to Neutral. Comerica earned $1.66 in the fourth quarter, compared to $1.49 in the year-ago quarter. The current stock performance of Comerica shows a 52-week-high of $102.09 and a 52-week-low of $63.07. Moreover, at the end of the last trading period, the closing price was at $88.37.   
Baird upgraded the previous rating for Zions Bancorp NA (NASDAQ:ZION) from Underperform to Neutral. For the fourth quarter, Zions Bancorp had an EPS of $1.34, compared to year-ago quarter EPS of $1.66. At the moment, the stock has a 52-week-high of $75.44 and a 52-week-low of $47.06. Zions Bancorp closed at $62.92 at the end of the last trading period.   
According to Wells Fargo, the prior rating for Biogen Inc (NASDAQ:BIIB) was changed from Equal-Weight to Overweight. In the fourth quarter, Biogen showed an EPS of $3.39, compared to $4.58 from the year-ago quarter. The stock has a 52-week-high of $468.55 and a 52-week-low of $192.67. At the end of the last trading period, Biogen closed at $212.55.   
See all analyst ratings upgrades.
Downgrades
Stephens & Co. downgraded the previous rating for SLM Corp (NASDAQ:SLM) from Overweight to Equal-Weight. SLM earned $1.05 in the fourth quarter, compared to $1.15 in the year-ago quarter. The stock has a 52-week-high of $21.40 and a 52-week-low of $16.36. At the end of the last trading period, SLM closed at $16.81.   
For Sabra Health Care REIT Inc (NASDAQ:SBRA), Barclays downgraded the previous rating of Overweight to Equal-Weight. For the fourth quarter, Sabra Health Care REIT had an EPS of $0.39, compared to year-ago quarter EPS of $0.42. At the moment, the stock has a 52-week-high of $19.02 and a 52-week-low of $12.31. Sabra Health Care REIT closed at $12.96 at the end of the last trading period.   
Scotiabank downgraded the previous rating for Pioneer Natural Resources Co (NYSE:PXD) from Sector Outperform to Sector Perform. In the fourth quarter, Pioneer Natural Resources showed an EPS of $4.58, compared to $1.07 from the year-ago quarter. The current stock performance of Pioneer Natural Resources shows a 52-week-high of $260.00 and a 52-week-low of $133.73. Moreover, at the end of the last trading period, the closing price was at $254.75.   
For United Airlines Holdings Inc (NASDAQ:UAL), UBS downgraded the previous rating of Buy to Neutral. United Airlines Holdings earned $1.60 in the fourth quarter, compared to $7.00 in the ...Full story available on Benzinga.com",2022-04-18 14:04:01+00:00,https://www.benzinga.com/analyst-ratings/upgrades/22/04/26665167/benzingas-top-ratings-upgrades-downgrades-for-april-18-2022,Benzinga,-0.014242424242424239,0.14242424242424245,neutral,0.014242424242424239,False,True,True,False,False,False,False,False,0.0,4722,"['GPS', 'QRHC', 'GTE', 'IAG', 'AXTA', 'BCRX', 'MAC', 'APTV', 'BIIB', 'PGR', 'NMRK', 'NKTR', 'PXD', 'GOSS', 'RRGB', 'SLM', 'RDBX', 'SIRI', 'SR', 'REFI', 'ZION', 'TYL', 'AJG', 'WEN', 'BRO', 'UAL', 'BRP', 'SBRA', 'CLB', 'CMA', 'TNXP', 'COP', 'EVER', 'CSX', 'PBF', 'DAL', 'TWTR', 'FUL', 'CTRE']",UAL,2022-04-18
Analyst Ratings for United Airlines Holdings,"Over the past 3 months, 4 analysts have published their opinion on United Airlines Holdings (NASDAQ:UAL) stock. These analysts are typically employed by large Wall Street banks and tasked with understanding a company's business to predict how a stock will trade over the upcoming year.




Bullish
Somewhat Bullish
Indifferent
Somewhat Bearish
Bearish




Total Ratings
0
2
2
0
0


Last 30D
0
0
1
0
0


1M Ago
0
1
0
0
0


2M Ago
0
0
1
0
0


3M Ago
0
1
0
0
0



According to 4 analyst offering 12-month price targets in the last 3 months, United Airlines Holdings has an average price target of $54.5 with a high of $67.00 and ...Full story available on Benzinga.com",2022-04-18 17:02:41+00:00,https://www.benzinga.com/analyst-ratings/22/04/26672055/analyst-ratings-for-united-airlines-holdings,Benzinga,0.023068783068783075,0.377989417989418,neutral,0.023068783068783075,False,False,False,False,False,False,False,False,0.0,711,['UAL'],UAL,2022-04-18
US Airlines Rush To End COVID-19 Mask Mandate After Federal Judge Calls 2-Year-Old Directive Unlawful,"U.S. airlines on Monday rushed to end the COVID-19 mask mandate but continued to recommend wearing a face mask when using public transport after a federal judge in Florida called the two-year-old rule for public transportation unlawful.
What Happened: United Airlines Holdings Inc (NASDAQ: UAL), Delta Air Lines Inc (NYSE: DAL) and American Airlines Group Inc (NASDAQ: AAL) were among the first U.S. carriers to announce the changes to the face mask policy.
Chicago-based UAL said masks were no longer required on domestic flights, some international flights, or at U.S. airports.
 
Masks are no longer required on domestic flights, select international flights (dependent upon the ...",2022-04-19 02:54:26+00:00,https://www.benzinga.com/government/22/04/26680405/us-airlines-rush-to-end-covid-19-mask-mandate-after-federal-judge-calls-2-year-old-directive-unlawfu,Benzinga,0.03125,0.08333333333333333,neutral,0.03125,False,False,False,False,False,False,False,False,0.0,788,"['DAL', 'UAL', 'AAL']",UAL,2022-04-19
Should You Invest in the U.S. Global Jets ETF (JETS)?,Sector ETF report for JETS,2022-04-19 10:20:09+00:00,https://www.zacks.com/stock/news/1901967/should-you-invest-in-the-us-global-jets-etf-jets,Zacks Investment Research,0.0,0.0,neutral,0.0,False,False,True,False,False,False,False,False,0.0,81,"['JETS', 'DAL', 'UAL', 'AAL', 'IYT', 'XTN']",UAL,2022-04-19
United Airlines stock gets downgraded ahead of air carrier's quarterly results,"""United Next"" is facing ""visible headwinds,"" UBS analysts say, while also upgrading their ratings on shares of Delta Air Lines Inc.",2022-04-19 11:49:00+00:00,https://www.marketwatch.com/story/united-airlines-stock-gets-downgraded-ahead-of-air-carriers-quarterly-results-11650304382,MarketWatch,0.0,0.0,neutral,0.0,False,False,False,False,False,False,False,False,0.0,211,"['UAL', 'DAL', 'AAL', 'JETS']",UAL,2022-04-19
Here are 30 stocks that Goldman Sachs likes when the economy stutters and markets gyrate,"What should investors do as the global economy swirls? Goldman Sachs says go for stable stocks, like Johnson & Johnson, Domino's Pizza and Alphabet.",2022-04-19 14:00:00+00:00,https://www.marketwatch.com/story/here-are-30-stocks-that-goldman-sachs-likes-when-economy-stutters-and-markets-gyrate-11650367020,MarketWatch,0.0,0.0,neutral,0.0,False,False,False,False,False,False,False,False,0.0,238,"['MMC', 'BK', 'NDAQ', 'NTRS', 'SON', 'RMD', 'AMGN', 'JNJ', 'CERN', 'VRSK', 'WM', 'DOX', 'CDW', 'ORCL', 'WU', 'PAYX', 'VRSN', 'AMT', 'XEL', 'NFLX', 'HAS', 'IBM', 'PLUG', 'WMT', 'ACC', 'UAL', 'AAL', 'ALK', 'DAL', 'JBLU', 'DJIA', 'COMP', 'TSLA', 'GME', 'AMC', 'ATER', 'NIO', 'TWTR', 'MULN', 'AAPL', 'NVDA', 'NILE']",UAL,2022-04-19
Should You Buy Travel Stocks & ETFs Now?,Travel stocks are likely to benefit from pent-up demand,2022-04-19 17:55:00+00:00,https://www.zacks.com/stock/news/1902479/should-you-buy-travel-stocks-etfs-now,Zacks Investment Research,0.0,1.0,neutral,0.0,False,True,False,False,False,False,False,False,0.0,97,"['CCL', 'DAL', 'UAL', 'EXPE', 'AWAY', 'AAL', 'NCLH', 'JETS', 'ABNB', 'CRUZ']",UAL,2022-04-19
Why Airline Shares Are Flying High Today,It's a symbolic win for airlines in the battle to move past the pandemic.,2022-04-19 18:17:03+00:00,https://www.fool.com/investing/2022/04/19/why-airline-shares-are-flying-high-today/,The Motley Fool,0.2366666666666667,0.39666666666666667,positive,0.2366666666666667,False,False,False,False,False,False,False,False,0.0,115,"['JBLU', 'UAL', 'AAL']",UAL,2022-04-19
Is Now The Time To Buy Stock Or Options In Tesla Or United Airlines?,"Analysts and brokerage firms often use ratings when they issue stock recommendations to stock traders.
Analysts arrive at stock ratings by researching public financial statements, communicating with executives and customers and following industry trends.
Here are the latest analyst rating updates for Tesla Inc (NASDAQ: TSLA) and United Airlines Holdings Inc (NASDAQ: UAL):
The latest price target for Tesla was by Piper Sandler on Monday. The analyst firm set ...Full story available on Benzinga.com",2022-04-19 19:15:33+00:00,https://www.benzinga.com/analyst-ratings/price-target/22/04/26691736/is-now-the-time-to-buy-stock-or-options-in-tesla-or-united-airlines,Benzinga,0.17142857142857146,0.3952380952380952,positive,0.17142857142857146,False,True,False,False,False,False,False,False,0.0,571,"['TSLA', 'UAL']",UAL,2022-04-19
Earnings Beats Currently Tracking Low As Wall Street Awaits More Reports,Earnings Beats Currently Tracking Low As Wall Street Awaits More Reports.,2022-04-20 14:14:00+00:00,https://www.zacks.com/stock/news/1903383/earnings-beats-currently-tracking-low-as-wall-street-awaits-more-reports,Zacks Investment Research,0.16666666666666666,0.4000000000000001,positive,0.16666666666666666,True,False,False,False,False,False,False,False,0.0,147,"['CSX', 'UAL', 'NFLX', 'PG', 'TSLA']",UAL,2022-04-20
"Pre-Markets Looking Beyond Q1, Move Higher",Gone are the super-easy year-over-year comps off the bottom of the pandemic quarters.,2022-04-20 14:30:00+00:00,https://www.zacks.com/stock/news/1903326/pre-markets-looking-beyond-q1-move-higher,Zacks Investment Research,0.25,0.5,positive,0.25,False,False,False,False,False,False,False,False,0.0,129,"['CSX', 'UAL', 'NFLX', 'PG', 'TSLA']",UAL,2022-04-20
Why Is Everyone Talking About Delta Air Lines Stock?,This airline's recent earnings sparked hopes for the industry.,2022-04-20 14:51:00+00:00,https://www.fool.com/investing/2022/04/20/why-is-everyone-talking-about-delta-air-lines-stoc/,The Motley Fool,0.0,0.25,neutral,0.0,True,False,False,False,False,False,False,False,0.0,116,"['DAL', 'LUV', 'UAL', 'AAL']",UAL,2022-04-20
"United Airlines (UAL) Reports Q1 Loss, Misses Revenue Estimates","United (UAL) delivered earnings and revenue surprises of -1.19% and 1.19%, respectively, for the quarter ended March 2022. Do the numbers hold clues to what lies ahead for the stock?",2022-04-20 21:55:04+00:00,https://www.zacks.com/stock/news/1903920/united-airlines-ual-reports-q1-loss-misses-revenue-estimates,Zacks Investment Research,0.0,0.1,neutral,0.0,True,False,False,False,False,False,False,False,0.0,247,"['UAL', 'LUV']",UAL,2022-04-20
United Airlines CEO expects Q2 to be a historic inflection point,"United Airlines Holdings Inc (NASDAQ: UAL) on Wednesday reported weaker-than-expected Q1 results. Shares still jumped 8.0% after the air carrier said it expects to be profitable in 2022 for the first time since the start of the pandemic. United Airlines Q1 financial highlights Lost $1.38 billion in the first quarter versus the year-ago figure of […]
The post United Airlines CEO expects Q2 to be a historic inflection point appeared first on Invezz.",2022-04-20 21:59:59+00:00,https://invezz.com/news/2022/04/20/united-airlines-ceo-expects-q2-to-be-a-historic-inflection-point/,Invezz,0.125,0.16666666666666666,positive,0.125,True,False,False,False,False,False,True,False,0.0,517,['UAL'],UAL,2022-04-20
"As major airlines drop their mask mandates after federal ruling, some schools and public-transport systems still say wear your mask",Some public health experts are dismayed about a judge's ruling on mask mandates and its implications,2022-04-20 23:08:00+00:00,https://www.marketwatch.com/story/many-airlines-are-dropping-masks-and-two-thirds-of-employers-have-too-heres-where-mask-mandates-remain-in-effect-11650394557,MarketWatch,0.03125,0.2833333333333333,neutral,0.03125,False,False,False,False,False,False,False,False,0.0,233,"['DAL', 'UAL', 'AAL', 'WTW']",UAL,2022-04-20
"5 Stocks To Watch For April 21, 2022","Some of the stocks that may grab investor focus today are:

Wall Street expects  AT&T Inc. (NYSE: T) to report quarterly earnings at $0.59 per share on revenue of $29.53 billion before the opening bell. AT&T shares fell 0.3% to close at $19.43 on Wednesday.
Tesla Inc  (NASDAQ: TSLA) reported better-than-expected results for its first quarter. The company reported production of 305,407 vehicles and deliveries of 310,048 vehicles in the first quarter, ...",2022-04-21 07:41:17+00:00,https://www.benzinga.com/news/earnings/22/04/26730795/5-stocks-to-watch-for-april-21-2022,Benzinga,0.25,0.3333333333333333,positive,0.25,True,False,False,False,True,False,False,False,0.0,495,"['T', 'UNP', 'TSLA', 'UAL', 'AAL']",UAL,2022-04-21
"A Peek Into The Markets: US Stock Futures Higher Ahead Of Earnings, Jobless Claims; Tesla Beats Q1 Views","Pre-open movers
U.S. stock futures traded higher in early pre-market trade after closing mixed in the previous session. Investors are awaiting earnings results from  The AT&T Inc. (NYSE: T),  Union Pacific Corporation (NYSE: UNP) and  American Airlines Group Inc. (NASDAQ: AAL).
Data on initial jobless claims and Philadelphia Fed Manufacturing Index will be released at 8:30 a.m. ET. The index of leading economic indicators for March will be released at 10:00 a.m. ET. Federal Reserve Chair Jerome Powell is set to speak at 11:00 a.m. ET, while Federal Reserve Bank of St. Louis President James Bullard will speak at 12:30 p.m. ET.
Futures for the Dow Jones Industrial Average gained 195 points to 35,274.00 while the Standard & Poor’s 500 index futures rose 34.25 points to 4,489.75. Futures for the Nasdaq index jumped 156.75 points to 14,161.50.
Check out our  premarket coverage here .",2022-04-21 09:28:54+00:00,https://www.benzinga.com/news/earnings/22/04/26731321/a-peek-into-the-markets-us-stock-futures-higher-ahead-of-earnings-jobless-claims-tesla-beats-q1-vie,Benzinga,0.056944444444444436,0.32222222222222224,neutral,0.056944444444444436,True,False,False,False,True,False,False,False,0.0,997,"['T', 'UNP', 'TSLA', 'UAL', 'AAL', 'ENOV', 'CVNA']",UAL,2022-04-21
How Will the Airlines ETF (JETS) Fare This Earnings Season?,Airlines have started releasing their quarterly numbers this week. The outlook looks mixed-to-promising.,2022-04-21 11:00:00+00:00,https://www.zacks.com/stock/news/1904079/how-will-the-airlines-etf-jets-fare-this-earnings-season,Zacks Investment Research,0.0,0.0,neutral,0.0,True,False,False,False,False,False,False,False,0.0,165,"['DAL', 'UAL', 'LUV', 'JBLU', 'AAL', 'ALK', 'JETS']",UAL,2022-04-21
These 2 Fuel Sources Might Be the Future of Aviation,New alternatives are renewable and sustainable.,2022-04-21 11:30:00+00:00,https://www.fool.com/investing/2022/04/21/these-2-fuel-sources-might-be-the-future-of-aviati/,The Motley Fool,0.06818181818181818,0.2897727272727273,neutral,0.06818181818181818,False,False,False,False,False,False,False,False,0.0,101,"['BA', 'UAL']",UAL,2022-04-21
Wall Street Breakfast: Streaming Sea Change,"Listen on the go! A daily podcast of Wall Street Breakfast will be available by 8:00 a.m. on Seeking Alpha, iTunes, Stitcher and Spotify.",2022-04-21 11:31:03+00:00,https://seekingalpha.com/article/4502577-wall-street-breakfast-streaming-sea-change,Seeking Alpha,0.2,0.2,positive,0.2,False,False,False,False,False,False,False,False,0.0,182,"['NFLX', 'DIS', 'WBD', 'PARA', 'LGF.A', 'AMCX', 'FUBO', 'TSLA', 'FB', 'UAL', 'CVNA', 'RAD', 'GOOG', 'GOOGL', 'QQQ', 'SPY']",UAL,2022-04-21
United Airlines (UAL) Gains Despite Q1 Earnings & Revenue Miss,"United Airlines' (UAL) Q1 results are hurt by Omicron-induced softness in air-travel demand. However, with improving travel demand, the company has provided bullish Q2 guidance.",2022-04-21 11:41:00+00:00,https://www.zacks.com/stock/news/1904169/united-airlines-ual-gains-despite-q1-earnings-revenue-miss,Zacks Investment Research,0.0,0.0,neutral,0.0,True,False,False,False,False,False,False,False,0.0,241,"['DAL', 'UAL', 'JBHT']",UAL,2022-04-21
"United Airlines expects first profitable year since 2019, stock pops","United Airlines Holdings Inc. executives expect to report a profit this year, a surprise to investors who pushed the company's stock up more than 7% in after-hours trading Wednesday.",2022-04-21 12:09:00+00:00,https://www.marketwatch.com/story/united-airlines-expects-first-profitable-year-since-2019-stock-pops-11650488279,MarketWatch,0.375,0.41666666666666663,positive,0.375,True,False,False,False,False,False,False,False,0.0,252,"['UAL', 'DAL']",UAL,2022-04-21
"Stock Market News for Apr 21, 2022","Wall Street had a mixed day on Wednesday, pulled down by a decline in high-growth stocks.",2022-04-21 13:04:00+00:00,https://www.zacks.com/stock/news/1904344/stock-market-news-for-apr-21-2022,Zacks Investment Research,-0.07777777777777779,0.2694444444444445,neutral,0.07777777777777779,False,False,False,False,False,False,False,False,0.0,125,"['UAL', 'NFLX', 'DIS', 'WBD']",UAL,2022-04-21
Why Airline Stocks Are Soaring Today,Optimism is growing with each airline that reports earnings.,2022-04-21 15:56:12+00:00,https://www.fool.com/investing/2022/04/21/why-airline-stocks-are-soaring-today/,The Motley Fool,0.0,0.0,neutral,0.0,True,False,False,False,False,False,False,False,0.0,98,"['AAL', 'JBLU', 'LUV', 'UAL', 'DAL']",UAL,2022-04-21
American Airlines (AAL) Stock Gains Despite Posting Q1 Loss,"With more flights in operation, fuel consumption increases 47% in Q1 at American Airlines (AAL).",2022-04-21 17:48:00+00:00,https://www.zacks.com/stock/news/1904660/american-airlines-aal-stock-gains-despite-posting-q1-loss,Zacks Investment Research,0.16666666666666666,0.16666666666666666,positive,0.16666666666666666,True,False,False,False,False,False,False,False,0.0,157,"['AAL', 'DAL', 'UAL']",UAL,2022-04-21
"Union Pacific (UNP) Q1 Earnings Beat Estimates, Rise Y/Y",Rising freight revenues boost Union Pacific's (UNP) first-quarter 2022 results.,2022-04-21 17:52:00+00:00,https://www.zacks.com/stock/news/1904662/union-pacific-unp-q1-earnings-beat-estimates-rise-yy,Zacks Investment Research,0.0,0.0,neutral,0.0,True,False,False,False,False,False,False,False,0.0,137,"['CSX', 'UAL', 'UNP', 'JBHT']",UAL,2022-04-21
"Knight-Swift's (KNX) Q1 Earnings Beat Mark, Increase Y/Y",Higher segmental revenues and an improved operating ratio boost Knight-Swift's (KNX) first-quarter 2022 results.,2022-04-21 18:03:00+00:00,https://www.zacks.com/stock/news/1904666/knight-swifts-knx-q1-earnings-beat-mark-increase-yy,Zacks Investment Research,0.25,0.5,positive,0.25,True,False,False,False,False,False,False,False,0.0,170,"['CSX', 'UAL', 'JBHT', 'KNX']",UAL,2022-04-21
"Dow, S&P 500 book sharpest declines in nearly 2 weeks after Fed's Powell signals half-point interest rate hike likely in May","Stocks close sharply lower Thursday, with the Dow swinging more than 700 points intraday, as bond yields rise and Federal Reserve Chairman Jerome Powell says interest rates should move rapidly higher.",2022-04-21 20:30:00+00:00,https://www.marketwatch.com/story/u-s-stock-futures-climb-as-tesla-restores-faith-in-earnings-season-after-netflix-shock-11650534092,MarketWatch,0.145,0.63,positive,0.145,False,False,False,False,False,False,False,False,0.0,326,"['DJIA', 'COMP', 'TSLA', 'NFLX', 'TWTR', 'UAL', 'AAL', 'JETS', 'BX', 'CVNA', 'XRX']",UAL,2022-04-21
Why Airline Shares Flew Higher This Week,The industry is suddenly awash with good news.,2022-04-21 22:30:49+00:00,https://www.fool.com/investing/2022/04/21/why-airline-shares-flew-higher-this-week/,The Motley Fool,0.31666666666666665,0.5333333333333333,positive,0.31666666666666665,False,False,False,False,False,False,False,False,0.0,88,"['UAL', 'DAL', 'HA', 'AAL']",UAL,2022-04-21
"United, American Airlines get quarterly boost from 'revenge travel'","Shares of United Airlines Holdings Inc. and American Airlines Group Inc. rallied Thursday after the air carriers assured investors that ""revenge air travel"" is boosting their bottom lines.",2022-04-22 11:42:00+00:00,https://www.marketwatch.com/story/united-american-airlines-get-quarterly-boost-from-revenge-travel-11650566509,MarketWatch,0.0,0.0,neutral,0.0,False,False,False,False,False,False,False,False,0.0,257,"['UAL', 'AAL', 'DAL', 'JETS']",UAL,2022-04-22
"Benzinga's Top Ratings Upgrades, Downgrades For April 22, 2022","Upgrades
For United Airlines Holdings Inc (NASDAQ:UAL), Argus Research upgraded the previous rating of Hold to Buy. For the first quarter, United Airlines Holdings had an EPS of $4.24, compared to year-ago quarter EPS of $4.29. The stock has a 52-week-high of $60.59 and a 52-week-low of $30.54. At the end of the last trading period, United Airlines Holdings closed at $50.85.   
Argus Research upgraded the previous rating for American Airlines Group Inc (NASDAQ:AAL) from Hold to Buy. In the first quarter, American Airlines Group showed an EPS of $2.32, compared to $4.32 from the year-ago quarter. The current stock performance of American Airlines Group shows a 52-week-high of $26.04 and a 52-week-low of $12.44. Moreover, at the end of the last trading period, the closing price was at $20.22.   
For SVB Financial Group (NASDAQ:SIVB), Janney Montgomery Scott upgraded the previous rating of Neutral to Buy. In the first quarter, SVB Finl Gr showed an EPS of $7.92, compared to $10.03 from the year-ago quarter. The stock has a 52-week-high of $763.22 and a 52-week-low of $486.74. At the end of the last trading period, SVB Finl Gr closed at $503.13.   
For The AZEK Co Inc (NYSE:AZEK), Citigroup upgraded the previous rating of Neutral to Buy. In the first quarter, AZEK Co showed an EPS of $0.18, compared to $0.15 from the year-ago quarter. The current stock performance of AZEK Co shows a 52-week-high of $51.32 and a 52-week-low of $21.04. Moreover, at the end of the last trading period, the closing price was at $22.49.   
HSBC upgraded the previous rating for NatWest Group PLC (NYSE:NWG) from Hold to Buy. For the fourth quarter, NatWest Group had an EPS of $0.08, compared to year-ago quarter EPS of $0.01. At the moment, the stock has a 52-week-high of $7.00 and a 52-week-low of $4.99. NatWest Group closed at $5.89 at the end of the last trading period.   
Citigroup upgraded the previous rating for Dow Inc (NYSE:DOW) from Neutral to Buy. For the first quarter, Dow had an EPS of $2.34, compared to year-ago quarter EPS of $1.36. The current stock performance of Dow shows a 52-week-high of $71.86 and a 52-week-low of $52.07. Moreover, at the end of the last trading period, the closing price was at $69.51.   
For American Airlines Group Inc (NASDAQ:AAL), JP Morgan upgraded the previous rating of Underweight to Neutral. In the first quarter, American Airlines Group showed an EPS of $2.32, compared to $4.32 from the year-ago quarter. The stock has a 52-week-high of $26.04 and a 52-week-low of $12.44. At the end of the last trading period, American Airlines Group closed at $20.22.   
For United Airlines Holdings Inc (NASDAQ:UAL), JP Morgan upgraded the previous rating of Underweight to Overweight. For the first quarter, United Airlines Holdings had an EPS of $4.24, compared to year-ago quarter EPS of $4.29. The stock has a 52-week-high of $60.59 and a 52-week-low of $30.54. At the end of the last trading period, United Airlines Holdings closed at $50.85.   
Mizuho upgraded the previous rating for Boston Properties Inc (NYSE:BXP) from Neutral to Buy. For the fourth quarter, Boston Properties had an EPS of $1.55, compared to year-ago quarter EPS of $1.37. The current stock performance of Boston Properties shows a 52-week-high of $133.11 and a 52-week-low of $103.20. Moreover, at the end of the last trading period, the closing price was at $127.13.   
According to Piper Sandler, the prior rating for Milestone Pharmaceuticals Inc (NASDAQ:MIST) was changed from Neutral to Overweight. For the fourth quarter, Milestone Pharmaceuticals had an EPS of $0.40, compared to year-ago quarter EPS of $0.23. The current stock performance of Milestone Pharmaceuticals shows a 52-week-high of $8.24 and a 52-week-low of $3.98. Moreover, at the end of the last trading period, the closing price was at $7.15.   
See all analyst ratings upgrades.
Downgrades
For Canada Goose Holdings Inc (NYSE:GOOS), OTR Global downgraded the previous rating of Mixed to Negative. Canada Goose Hldgs earned $1.13 in the third quarter, compared to $0.77 in the year-ago quarter. The stock has a 52-week-high of $53.64 and a 52-week-low of $21.20. At the end of the last trading period, Canada Goose Hldgs closed at $23.64.   
For Lands' End Inc (NASDAQ:LE), Craig-Hallum downgraded the previous rating of Buy to Hold. Lands' End earned $0.21 in the fourth quarter, compared to $0.60 in the year-ago quarter. The current stock performance of Lands' End shows a 52-week-high of $44.40 and a 52-week-low of $14.73. Moreover, at the end of the last trading period, the closing price was at $16.00.   
According to Keefe, Bruyette & Woods, the prior rating for Hercules Capital Inc (NYSE:HTGC) was changed from Outperform to Market Perform. Hercules Capital earned $0.35 in the fourth quarter, compared to $0.37 in the year-ago quarter. The stock has a 52-week-high of $19.09 and a 52-week-low of $15.91. At the end of the last trading period, Hercules Capital closed at $18.78.   
Keefe, Bruyette & Woods downgraded the previous rating for Sandy Spring Bancorp Inc (NASDAQ:SASR) from Outperform to Market Perform. In the first quarter, Sandy Spring Bancorp showed an EPS of $0.99, compared to $1.20 from the year-ago quarter. At the moment, the stock has a 52-week-high of $52.04 and a 52-week-low of $39.85. Sandy Spring Bancorp closed at $43.89 at the end of the last trading period.   
For Sonoco Products Co (NYSE:SON), Seaport Global downgraded the previous rating of Buy to Neutral. For the first quarter, Sonoco Products had an EPS of $1.85, compared to year-ago quarter EPS of $0.90. At the moment, the stock has a 52-week-high of $69.83 and a 52-week-low of $54.34. Sonoco Products closed at $66.81 at the end of the last trading period.   
UBS downgraded the previous rating for Union Pacific Corp (NYSE:UNP) from Buy to Neutral. Union Pacific earned $2.57 in the first quarter, compared to $2.00 in the year-ago quarter. The stock has a 52-week-high of $278.94 and a 52-week-low of $195.68. At the end of the last trading period, Union Pacific closed at $244.40.   
Citigroup downgraded the previous rating for Alcoa Corp (NYSE:AA) from Buy to Neutral. In the first quarter, Alcoa showed an EPS of $3.06, compared to $0.79 from the year-ago quarter. The stock has ...Full story available on Benzinga.com",2022-04-22 14:02:09+00:00,https://www.benzinga.com/analyst-ratings/upgrades/22/04/26761407/benzingas-top-ratings-upgrades-downgrades-for-april-22-2022,Benzinga,-0.0018987341772151803,0.1542194092827004,neutral,0.0018987341772151803,False,True,False,False,True,False,False,False,0.0,6386,"['APLE', 'SVC', 'RWAY', 'HIW', 'LIND', 'AVAV', 'EQRX', 'MPW', 'PSN', 'EEFT', 'SLG', 'SON', 'PLYA', 'EA', 'UNP', 'GOOS', 'HA', 'VNO', 'FERG', 'HTGC', 'IRWD', 'BHR', 'JBLU', 'UAL', 'MIST', 'SASR', 'CLDT', 'WE', 'SIVB', 'RLJ', 'AZEK', 'SPIR', 'FMAO', 'NWG', 'TTWO', 'IRT', 'SGHC', 'AA', 'AAL', 'PECO', 'AHT', 'ITCI', 'HLMN', 'BXP', 'LE', 'CGTX', 'CUZ', 'XHR', 'IVT', 'DOW']",UAL,2022-04-22
"Delta, United no fly list: People who broke mask rules will get rights back","A federal judge lifted the mask mandate for many U.S. travel hubs on Monday, leading to mask-free airports and airplanes across the nation.",2022-04-22 14:41:00+00:00,https://www.marketwatch.com/story/delta-looks-to-restore-flight-privileges-for-no-fly-list-members-who-broke-mask-rules-11650573590,MarketWatch,0.033333333333333326,0.4666666666666666,neutral,0.033333333333333326,False,False,False,False,False,False,False,False,0.0,216,"['UBER', 'LYFT', 'DAL', 'AAL', 'UAL']",UAL,2022-04-22
Will X Mark The Spot For Musk As Streaming Wars Heat Up?,"Image credit: WikiMedia Commons
This post contains sponsored advertising content. This content is for informational purposes only and not intended to be investing advice.
(Friday Market Open) Another day, another round of earnings reports. However, the dark cloud of rising interest rates appears to be hanging over investors as equity index futures point to a lower open. Even the “happiest place on earth” is facing another storm.
Potential Market Movers
Disney (DIS) has lost ground after revelations from Netflix (NASDAQ: NFLX) that its streaming service had lost subscribers and expects to lose many more. Now, the Florida legislature has voted to end Disney’s 50-year-old special self-governing district by June 1, 2023. The self-governing district allowed Disney to collect taxes, provide emergency services, and build new structures without local government approval. However, according to CNBC, the move may result in Florida taxpayers absorbing a $1 billion bond debt. There’s also the question of whether Florida will now be entitled to the additional tax revenue that the special Disney district was collecting as well as building and permit fees. Obviously, there’s a lot more to come on this story and how it will  affect Disney going forward.
While Disney is dealing with its own issues, the rest of the market will likely be undergoing another revaluation. Fed Chair Jerome Powell’s more hawkish tone on Thursday caused stocks to fall and yields to rise. On the bright side, the 10-year Treasury yield (TNX) was down about 16 basis points in premarket trading which may take some of the sting out of valuation calculations.
The dreary outlook is even affecting companies with otherwise positive earnings reports. Verizon (NYSE: VZ) reported that it hit analysts’ earnings estimates on the nose and saw better-than-expected revenues, but still fell 1.6% in pre-market trading. VZ issued forward guidance at the lower end of its fiscal 2022 range. The lower guidance came as VZ cut its sales forecast and reported struggles with inflation. One problem Verizon is likely expecting is that budget-conscious consumers will likely be looking for cheaper carrier plans as inflation pushes tighter household purse strings.
American Express (NYSE: AXP) was also trading lower despite beating on top and bottom-line numbers. AXP was down about 1% before the market open when the company failed to raise its earnings outlook and only reaffirmed previous guidance.  
Despite higher gold prices, Newmont (NYSE: NEM) missed on earnings and revenue estimates due to higher extraction and production costs. The company added an additional 5% for costs in its 2022 outlook. Management effectiveness is key in a time of rising input costs, which means NEM managers need to find a way to cut costs elsewhere if possible. Newmont was down 4.1% in premarket trading, adding to its Thursday loss of 6.7%.
One company that appears to be managing costs while benefiting from higher commodity prices is Schlumberger (NYSE: SL). Not only did the company beat ...Full story available on Benzinga.com",2022-04-22 14:55:49+00:00,https://www.benzinga.com/news/earnings/22/04/26763323/will-x-mark-the-spot-for-musk-as-streaming-wars-heat-up,Benzinga,0.11845099345099346,0.5846459096459096,positive,0.11845099345099346,True,False,False,False,True,True,True,False,0.0,3146,"['AAPL', 'V', 'AMZN', 'VZ', 'ATVI', 'XOM', 'INTC', 'NFLX', 'TSLA', 'AXP', 'UAL', 'KO', 'FB', 'MCD', 'ABBV', 'MRK', 'TMUS', 'MS', 'TWTR', 'NEM', 'AAL', 'NUE', 'PEP', 'PYPL', 'T', 'SNAP', 'TXN', 'UPS']",UAL,2022-04-22
Do you have to wear a mask in the airport? Watch as some cheer the newest rule change,Masks will no longer be required on U.S. airplanes as of April 18.,2022-04-22 18:01:00+00:00,https://www.marketwatch.com/story/you-may-remove-your-mask-many-passengers-cheer-as-the-u-s-mask-mandate-on-flights-is-struck-down-11650385824,MarketWatch,0.0,0.0,neutral,0.0,False,False,False,False,False,False,False,False,0.0,153,"['DAL', 'JBLU', 'UAL']",UAL,2022-04-22
Landstar (LSTR) Up 3.8% Since Q1 Earnings Beat & Rosy View,"Strong performances of the truck transportation, rail intermodal and ocean and air-cargo carrier segments boost Landstar's (LSTR) first-quarter 2022 results.",2022-04-22 18:41:00+00:00,https://www.zacks.com/stock/news/1905668/landstar-lstr-up-38-since-q1-earnings-beat-rosy-view,Zacks Investment Research,0.4333333333333333,0.7333333333333333,positive,0.4333333333333333,True,False,False,False,False,False,False,False,0.0,217,"['CSX', 'UAL', 'JBHT', 'LSTR']",UAL,2022-04-22
GATX Stock Down 6.3% Since Q1 Earnings Release: Here's Why,Fleet utilization was high at GATX's Rail North America segment in Q1.,2022-04-22 19:35:00+00:00,https://www.zacks.com/stock/news/1905692/gatx-stock-down-63-since-q1-earnings-release-heres-why,Zacks Investment Research,0.0022222222222222088,0.4144444444444444,neutral,0.0022222222222222088,True,False,False,False,True,False,False,False,0.0,130,"['GATX', 'CSX', 'UAL', 'JBHT']",UAL,2022-04-22
"Airline Stock Roundup: AAL, ALK & UAL Give upbeat Q2 Revenue View, GOL in Focus",Upbeat air-travel demand bodes well for the likes of  AAL and UAL.,2022-04-22 19:37:00+00:00,https://www.zacks.com/stock/news/1905693/airline-stock-roundup-aal-alk-ual-give-upbeat-q2-revenue-view-gol-in-focus,Zacks Investment Research,0.0,0.0,neutral,0.0,True,False,False,False,False,False,False,False,0.0,147,"['UAL', 'GOL', 'AAL', 'ALK', 'ALGT']",UAL,2022-04-22
Wall Street Breakfast: What Moved Markets,"Listen on the go! A daily podcast of Wall Street Breakfast will be available this morning on Seeking Alpha, iTunes, Stitcher and Spotify.",2022-04-23 11:38:10+00:00,https://seekingalpha.com/article/4503146-wall-street-breakfast-what-moved-markets,Seeking Alpha,0.2,0.2,positive,0.2,False,False,False,False,False,False,False,False,0.0,180,"['TBT', 'TLT', 'SPY', 'QQQ', 'NFLX', 'DIS', 'WBD', 'PARA', 'LGF.A', 'AMCX', 'FUBO', 'TWTR', 'TSLA', 'XHB', 'UAL', 'KMB', 'IBM', 'MTB', 'ENPH', 'HCA', 'XRAY']",UAL,2022-04-23
Why consider the Dow transports when they point to a slowing economy? Because these 7 stocks are cheap,The S&P 500's estimated 2024 P/E ratio is at least twice that of these seven stocks.,2022-04-23 12:37:00+00:00,https://www.marketwatch.com/story/why-consider-the-dow-transports-when-they-point-to-a-slowing-economy-because-these-7-stocks-are-cheap-11650293652,MarketWatch,0.05000000000000002,0.55,neutral,0.05000000000000002,False,False,False,False,False,False,False,False,0.0,188,"['DJIA', 'EXPD', 'FDX', 'UPS', 'ALK', 'AAL', 'DAL', 'JBLU', 'LUV', 'UAL', 'CAR', 'R', 'KEX', 'MATX', 'NSC', 'UNP', 'JBHT', 'LSTR', 'ODFL']",UAL,2022-04-23
"Apple, Amazon, Microsoft headline busy earnings week ahead","Tech giants including Apple Inc., Amazon and Microsoft Corp. are among the companies headlining a busy earnings week that comes as investors weigh concerns over rising interest rates, the Russian invasion of Ukraine and surging costs.",2022-04-23 15:57:00+00:00,https://www.marketwatch.com/story/apple-amazon-microsoft-headline-busy-earnings-week-ahead-11650729425,MarketWatch,0.06666666666666667,0.19999999999999998,neutral,0.06666666666666667,True,False,False,False,False,False,False,False,0.0,294,"['AAPL', 'AMZN', 'MSFT', 'FB', 'GOOG', 'GOOGL', 'TWTR', 'GE', 'MMM', 'MDLZ', 'MCD', 'UAL']",UAL,2022-04-23
"‘The equivalent of a plane's worth of people still die every day’: If you wear a mask on a train or plane, while others don’t, will it protect you from COVID-19?","A Trump-appointed federal judge says CDC overreached its authority, failed to justify its decision.",2022-04-24 15:44:00+00:00,https://www.marketwatch.com/story/the-equivalent-of-a-planes-worth-of-people-still-die-every-day-if-you-wear-a-mask-on-a-train-or-plane-while-others-dont-will-it-protect-you-from-covid-19-11650381625,MarketWatch,-0.1,0.2,neutral,0.1,False,False,False,False,False,False,False,False,0.0,262,"['JBLU', 'UAL', 'DAL', 'AAL', 'TWTR']",UAL,2022-04-24
5 Broker-Friendly Stocks to Tide Over Market Mayhem,"For lucrative returns, investors should keep broker-friendly stocks like United Airlines (UAL), C.H. Robinson (CHRW), Cross Country Healthcare (CCRN), PBF Energy (PBF) and Cleveland-Cliffs (CLF) on their radar.",2022-04-25 10:40:00+00:00,https://www.zacks.com/stock/news/1906659/5-broker-friendly-stocks-to-tide-over-market-mayhem,Zacks Investment Research,0.0,0.0,neutral,0.0,False,False,False,False,False,False,False,False,0.0,263,"['UAL', 'CHRW', 'CLF', 'CCRN', 'PBF']",UAL,2022-04-25
Is American Airlines Stock a Buy?,The airline industry is soaring high now with hopes of recovery.,2022-04-25 13:55:00+00:00,https://www.fool.com/investing/2022/04/25/is-american-airlines-stock-a-buy/,The Motley Fool,0.08,0.26999999999999996,neutral,0.08,False,True,False,False,False,False,False,False,0.0,99,"['AAL', 'DAL', 'LUV', 'UAL', 'JETS']",UAL,2022-04-25
Tech Titans Are Poised To Report,,2022-04-25 14:35:00+00:00,https://www.investing.com/analysis/tech-titans-are-poised-to-report-200622848,Investing.com,0.0,0.0,neutral,0.0,False,False,False,False,False,False,False,False,0.0,34,"['JPM', 'BAC', 'NFLX', 'TSLA', 'SCHW', 'JNJ', 'TRV', 'IBM', 'PG', 'CSX', 'AAL', 'UAL', 'GOOG', 'GOOGL', 'FB', 'AAPL', 'AMZN', 'MMM', 'CAT', 'BA', 'F', 'LUV', 'XOM', 'CVX', 'COST', 'KMI', 'SO', 'QQQ']",UAL,2022-04-25
"UPS Beats on Q1 Earnings & Revenues, Doubles Buyback Plan",Upbeat e-commerce demand drives UPS' Q1 results.,2022-04-26 17:38:00+00:00,https://www.zacks.com/stock/news/1908121/ups-beats-on-q1-earnings-revenues-doubles-buyback-plan,Zacks Investment Research,0.0,0.0,neutral,0.0,True,True,False,False,False,True,False,False,0.0,107,"['UPS', 'CSX', 'UAL', 'JBHT']",UAL,2022-04-26
"Dow tumbles 800 points,  Nasdaq books lowest close since 2020 ahead of megacap tech earnings","U.S. stocks end sharply lower Tuesday, with the Nasdaq Composite booking its lowest close since 2020, as investors sifted through a raft of company results and awaited earnings reports due after the bell from tech giants including Microsoft Corp. and Google parent Alphabet Inc.",2022-04-26 20:40:00+00:00,https://www.marketwatch.com/story/u-s-stock-futures-edge-lower-as-megacap-tech-earnings-await-11650967239,MarketWatch,-0.125,0.5625,negative,0.125,True,False,False,False,False,False,False,False,0.0,372,"['DJIA', 'COMP', 'MSFT', 'GOOG', 'NFLX', 'TWTR', 'MMM', 'PEP', 'UPS', 'GE', 'JBLU', 'UAL']",UAL,2022-04-26
JetBlue Airways (JBLU) Posts Narrower-Than-Expected Q1 Loss,Average fuel price per gallon (including related taxes) at JetBlue (JBLU) climbs to $2.90 in Q1 from $1.72 a year ago.,2022-04-27 17:41:00+00:00,https://www.zacks.com/stock/news/1909386/jetblue-airways-jblu-posts-narrower-than-expected-q1-loss,Zacks Investment Research,-0.075,0.4,neutral,0.075,True,False,False,False,False,False,False,False,0.0,179,"['JBLU', 'CSX', 'UAL', 'JBHT']",UAL,2022-04-27
Wabtec's (WAB) Q1 Earnings & Revenues Increase Year Over Year,Segmental net sales at the Freight unit increase 11.7% in Q1 at Wabtec (WAB).,2022-04-27 17:43:00+00:00,https://www.zacks.com/stock/news/1909387/wabtecs-wab-q1-earnings-revenues-increase-year-over-year,Zacks Investment Research,0.0,0.0,neutral,0.0,True,False,False,False,False,False,False,False,0.0,140,"['WAB', 'CSX', 'UAL', 'JBHT']",UAL,2022-04-27
"Old Dominion's (ODFL) Q1 Earnings Beat Estimates, Rise Y/Y",The year-over-year rise in Old Dominion's (ODFL) revenues during Q1 owing to increased LTL tons per day and LTL revenue per hundredweight bodes well.,2022-04-27 17:50:00+00:00,https://www.zacks.com/stock/news/1909389/old-dominions-odfl-q1-earnings-beat-estimates-rise-yy,Zacks Investment Research,0.1,0.2,neutral,0.1,True,False,False,False,False,False,False,False,0.0,209,"['CSX', 'UAL', 'JBHT', 'ODFL']",UAL,2022-04-27
Tech Analyst Beth Kindig Talks About Finding Stock Opportunities,We also take a look at airline stocks and other market news.,2022-04-27 19:36:48+00:00,https://www.fool.com/investing/2022/04/27/tech-analyst-beth-kindig-talks-about-finding-stock/,The Motley Fool,-0.125,0.375,negative,0.125,False,False,False,False,False,False,False,False,0.0,126,"['DIS', 'NFLX', 'FB', 'MSFT', 'GOOGL', 'UAL', 'TSLA', 'AMZN', 'T', 'AMD', 'SNBR', 'MU', 'AER', 'AAL', 'GOOG', 'ROKU']",UAL,2022-04-27
Hawaiian Holdings (HA) Posts Wider-Than-Expected Q1 Loss,Hawaiian Holdings' (HA) first-quarter 2022 load factor surges 2740 basis points to 70.1%.,2022-04-28 10:01:00+00:00,https://www.zacks.com/stock/news/1909381/hawaiian-holdings-ha-posts-wider-than-expected-q1-loss,Zacks Investment Research,0.0,0.0,neutral,0.0,True,False,False,False,False,False,False,False,0.0,147,"['CSX', 'UAL', 'JBHT', 'HA']",UAL,2022-04-28
These 2 Airline Stocks Are Gaining Speed Toward a Post-Pandemic Liftoff,"After two long years, people are hungry enough for travel that they are willing to ignore rising ticket prices.",2022-04-28 11:21:00+00:00,https://www.fool.com/investing/2022/04/28/airline-stocks-gaining-speed-post-pandemic-liftoff/,The Motley Fool,0.06666666666666667,0.5499999999999999,neutral,0.06666666666666667,False,False,False,False,False,False,False,False,0.0,184,"['DAL', 'UAL']",UAL,2022-04-28
"C.H. Robinson (CHRW) Q1 Earnings Beat, Revenues Rise Y/Y",C.H. Robinson (CHRW) returns $250.6 million to its shareholders in Q1 through dividends and share buybacks.,2022-04-28 17:50:00+00:00,https://www.zacks.com/stock/news/1910541/ch-robinson-chrw-q1-earnings-beat-revenues-rise-yy,Zacks Investment Research,0.0,0.0,neutral,0.0,True,True,False,False,False,True,False,False,0.0,165,"['CHRW', 'CSX', 'UAL', 'JBHT']",UAL,2022-04-28
"Ryder (R) Q1 Earnings & Revenues Beat, 2022 EPS View Upbeat",Ryder's (R) first-quarter 2022 revenues rise 28.5% year over year on strong segmental performances.,2022-04-28 18:24:00+00:00,https://www.zacks.com/stock/news/1910718/ryder-r-q1-earnings-revenues-beat-2022-eps-view-upbeat,Zacks Investment Research,0.4333333333333333,0.7333333333333333,positive,0.4333333333333333,True,False,False,False,False,False,False,False,0.0,160,"['CSX', 'UAL', 'JBHT', 'R']",UAL,2022-04-28
This eVTOL Stock Has A Trillion Dollar Opportunity: Analyst,"Anytime a company or sector has a trillion-dollar market opportunity, it causes some excitement for investors. That’s what happened Thursday with a new analyst note on a company that went public via SPAC merger in 2021.
The Archer Aviation Analyst: JPMorgan analyst Bill Peterson initiated coverage on Archer Aviation Inc (NYSE: ACHR) with an Overweight rating and a price target of $7.
Related Link: Exclusive: Archer Aviation Highlights eVTOL Maker, Plan For Commercial Flights In Open House 
The Analyst Takeaways: Peterson calls an investment in Archer an “early boarding opportunity for investors.”
Archer Aviation is one of several eVTOL (electric vertical takeoff and ...Full story available on Benzinga.com",2022-04-28 23:15:45+00:00,https://www.benzinga.com/analyst-ratings/analyst-color/22/04/26887215/this-evtol-stock-has-a-trillion-dollar-opportunity-analyst,Benzinga,0.07954545454545454,0.2651515151515152,neutral,0.07954545454545454,False,True,True,False,False,False,False,False,0.0,775,"['UAL', 'ACHR']",UAL,2022-04-28
'Tis The Season For Shareholder Meetings,,2022-04-29 14:29:00+00:00,https://www.investing.com/analysis/tis-the-season-for-shareholder-meetings-200623198,Investing.com,0.0,0.0,neutral,0.0,False,False,False,False,False,False,False,False,0.0,42,"['TWTR', 'AXP', 'JPM', 'DFS', 'MGM', 'MAR', 'LVS', 'HST', 'LUV', 'UAL', 'PHM', 'SPG', 'ADM', 'DUK', 'OXY', 'XOM', 'CVX']",UAL,2022-04-29
Arbor Day reminder: Vital tropical forests were destroyed at a rate of 10 soccer fields a minute last year,"The area of global tropical forest destroyed in 2021 could cover all of Cuba, disappearing at a rate of more than 10 soccer fields a minute, research shows.",2022-04-29 16:00:00+00:00,https://www.marketwatch.com/story/arbor-day-reminder-vital-tropical-forests-were-destroyed-at-a-rate-of-10-soccer-fields-a-minute-last-year-11651248056,MarketWatch,0.15,0.24166666666666667,positive,0.15,False,False,False,False,False,False,False,False,0.0,264,"['HD', 'AAL', 'UAL', 'DAL', 'LUV']",UAL,2022-04-29
"Airline Stock Roundup: LUV, JBLU & HA Post Loss for Q1, UAL in Focus",JBLU expects second-quarter 2022 revenues to increase in the 11-16% range from second-quarter 2019 actuals. UAL aims to to boost its trans-Atlantic capacity significantly.,2022-04-29 19:12:00+00:00,https://www.zacks.com/stock/news/1912265/airline-stock-roundup-luv-jblu-ha-post-loss-for-q1-ual-in-focus,Zacks Investment Research,0.375,0.875,positive,0.375,True,False,True,False,False,False,False,False,0.0,241,"['UAL', 'LUV', 'JBLU', 'HA', 'SKYW']",UAL,2022-04-29
"Schneider's (SNDR) Q1 Earnings Beat, 2022 EPS Guidance Up",Schneider's (SNDR) first-quarter 2022 results reflect higher revenues across all the segments.,2022-05-02 19:16:00+00:00,https://www.zacks.com/stock/news/1913758/schneiders-sndr-q1-earnings-beat-2022-eps-guidance-up,Zacks Investment Research,0.25,0.5,positive,0.25,True,False,False,False,False,False,False,False,0.0,153,"['CSX', 'UAL', 'JBHT', 'SNDR']",UAL,2022-05-02
Spirit Airlines rebuffs JetBlue and sticks with plan to merge with Frontier,"Spirit Airlines Inc.'s decision to stick with the plan to merge with Frontier Group Holdings Inc. was welcomed by Wall Street analysts on Monday, as they reiterated concerns about regulatory risk if the ultra low-cost air carrier were to accept JetBlue Airways Corp.'s offer.",2022-05-03 12:34:00+00:00,https://www.marketwatch.com/story/spirit-airlines-rebuffs-jetblue-and-sticks-with-plan-to-merge-with-frontier-11651509654,MarketWatch,0.0,0.0,neutral,0.0,False,False,True,False,False,False,False,False,0.0,352,"['SAVE', 'JBLU', 'ULCC', 'JETS', 'AAL', 'UAL', 'DAL']",UAL,2022-05-03
"Why Airplane Ticket Prices Are Flying High, While Your Wallet Might Be Grounded","If you think filling your car’s gas tank is expensive, how about filling the tanks for a Boeing Co (NYSE: BA) 737-800?
A 737-800 has a fuel capacity of 6,875 gallons and as of April 25, according to the U.S. Gulf Coast Jet Fuel Spot price, jet fuel costs $4.27 a gallon, holding steady between this price and $3.04 since March 1. So, to totally refuel the plane would cost $29,356.25, allowing the jet to fly 3,159 miles without refueling.
As a comparison, to fly from New York City to Los Angeles, California is 2,446 miles.
Hedging a Bet: The rising cost of jet fuel — in part a result of Russia’s invasion of Ukraine — is just one of the pieces of the puzzle for why airplane tickets are more expensive than in previous years.
After labor costs, jet fuel is the next biggest cost, generally accounting for 30% of an ...",2022-05-03 14:35:22+00:00,https://www.benzinga.com/markets/commodities/22/05/26938905/why-airplane-prices-are-flying-high-while-your-pocketbook-might-be-grounded,Benzinga,0.12053030303030303,0.5509343434343434,positive,0.12053030303030303,False,False,False,False,False,False,False,False,0.0,903,"['BA', 'DAL', 'LUV', 'UAL', 'AAL']",UAL,2022-05-03
Expeditors (EXPD) Stock Up Post Q1 Earnings Report: Here's Why,Higher year-over-year revenues at all segments boost Expeditors' (EXPD) Q1 results.,2022-05-03 17:40:00+00:00,https://www.zacks.com/stock/news/1914704/expeditors-expd-stock-up-post-q1-earnings-report-heres-why,Zacks Investment Research,0.25,0.5,positive,0.25,True,False,False,False,False,False,False,False,0.0,147,"['EXPD', 'CSX', 'UAL', 'JBHT']",UAL,2022-05-03
"Dow transports rally, as Expeditors' stock surge helps offset Avis Budget's drag","The Dow Jones Transportation Average climbed Wednesday, to buck the weakness seen in the broader stock market, led by a rally in Expeditors International of Washington Inc.'s stock after the air and ocean freight company boosted its dividend and share repurchase plans.",2022-05-04 16:40:00+00:00,https://www.marketwatch.com/story/dow-transports-rally-as-expeditors-stock-surge-helps-offset-avis-budgets-drag-11651681268,MarketWatch,-0.08333333333333333,0.15694444444444444,neutral,0.08333333333333333,False,False,False,False,False,True,False,False,0.0,351,"['DJIA', 'COMP', 'EXPD', 'CAR', 'JBLU', 'AAL', 'DAL', 'UAL', 'LSTR', 'NSC']",UAL,2022-05-04
"Triton (TRTN) Q1 Earnings Beat Estimates, Increase Y/Y",Triton's (TRTN) first-quarter 2022 earnings increase year over year owing to strong trade volumes and container demand.,2022-05-04 19:30:00+00:00,https://www.zacks.com/stock/news/1916019/triton-trtn-q1-earnings-beat-estimates-increase-yy,Zacks Investment Research,0.4333333333333333,0.7333333333333333,positive,0.4333333333333333,True,False,False,False,False,False,False,False,0.0,175,"['CSX', 'UAL', 'JBHT', 'TRTN']",UAL,2022-05-04
Werner (WERN) Shares Up 6.1% Post Q1 Earnings & Revenue Beat,Werner's (WERN) year-over-year top-line increase in Q1 owing to solid revenues in the Truckload Transportation Services and Logistics segments.,2022-05-05 17:41:00+00:00,https://www.zacks.com/stock/news/1917141/werner-wern-shares-up-61-post-q1-earnings-revenue-beat,Zacks Investment Research,0.0,0.1,neutral,0.0,True,False,False,False,False,False,False,False,0.0,205,"['CSX', 'UAL', 'JBHT', 'WERN']",UAL,2022-05-05
Why Airline Stocks Are Falling Today,An economic slowdown could ruin the best-laid growth plans.,2022-05-05 19:07:50+00:00,https://www.fool.com/investing/2022/05/05/why-airline-stocks-are-falling-today/,The Motley Fool,0.2,0.2,positive,0.2,False,False,False,False,False,False,False,False,0.0,97,"['SAVE', 'JBLU', 'LUV', 'UAL', 'DAL', 'AAL']",UAL,2022-05-05
"Air Lease's (AL) Q1 Earnings & Revenues Beat Mark, Surge Y/Y",Air Lease's (AL) Q1 revenues benefit from fleet growth.,2022-05-06 19:07:00+00:00,https://www.zacks.com/stock/news/1918079/air-leases-al-q1-earnings-revenues-beat-mark-surge-yy,Zacks Investment Research,0.0,0.0,neutral,0.0,True,False,False,False,False,False,False,False,0.0,117,"['AL', 'CSX', 'UAL', 'JBHT']",UAL,2022-05-06
"Air Transport Services (ATSG) Q1 Earnings Beat Mark, Rise Y/Y",The year-over-year increase in revenues from key segments boosts Air Transport Services' (ATSG) Q1 results.,2022-05-06 19:11:00+00:00,https://www.zacks.com/stock/news/1918080/air-transport-services-atsg-q1-earnings-beat-mark-rise-yy,Zacks Investment Research,0.0,1.0,neutral,0.0,True,False,False,False,False,False,False,False,0.0,170,"['ATSG', 'CSX', 'UAL', 'JBHT']",UAL,2022-05-06
Why Airline Shares Are Down Today,New economic headwinds threaten to stunt the sector's recovery.,2022-05-09 18:16:38+00:00,https://www.fool.com/investing/2022/05/09/why-airline-shares-are-down-today/,The Motley Fool,0.06026936026936026,0.3144781144781145,neutral,0.06026936026936026,False,False,True,False,False,False,False,False,0.0,98,"['SAVE', 'JBLU', 'UAL', 'DAL', 'AAL', 'ULCC']",UAL,2022-05-09
"AZUL's Q1 Loss Narrower Than Expected, Revenues Miss Mark",AZUL's first-quarter 2022 load factor rises 3.9 percentage points to 80.4%.,2022-05-10 21:21:00+00:00,https://www.zacks.com/stock/news/1922316/azuls-q1-loss-narrower-than-expected-revenues-miss-mark,Zacks Investment Research,-0.1,0.4,neutral,0.1,True,False,False,False,False,False,False,False,0.0,134,"['CSX', 'UAL', 'JBHT', 'AZUL']",UAL,2022-05-10
A Look at Transport ETFs Post Q1 Earnings,The first-quarter earnings picture for the transportation sector has been mixed.,2022-05-11 15:20:00+00:00,https://www.zacks.com/stock/news/1922735/a-look-at-transport-etfs-post-q1-earnings,Zacks Investment Research,0.0,0.25,neutral,0.0,True,False,True,False,False,False,False,False,0.0,123,"['DAL', 'UAL', 'UNP', 'NSC', 'JBHT', 'IYT', 'XTN', 'FTXR']",UAL,2022-05-11
United Airlines (UAL) Inks Deal With Neste for SAF in Amsterdam,United Airlines (UAL) can buy up to 52.5 million gallons of SAF in the next three years for its flights at Amsterdam's Schiphol Airport as part of its agreement with Neste.,2022-05-11 15:48:00+00:00,https://www.zacks.com/stock/news/1922867/united-airlines-ual-inks-deal-with-neste-for-saf-in-amsterdam,Zacks Investment Research,0.0,0.0,neutral,0.0,False,True,False,False,False,False,False,False,0.0,237,"['DAL', 'UAL', 'GEVO']",UAL,2022-05-11
3 Stocks To Consider As The Travel Sector Gets Upgraded,,2022-05-13 08:42:00+00:00,https://www.investing.com/analysis/3-stocks-to-consider-as-the-travel-sector-gets-upgraded-200624144,Investing.com,0.0,0.0,neutral,0.0,False,False,True,False,False,False,False,False,0.0,57,"['UAL', 'KEX', 'DAL', 'BKNG']",UAL,2022-05-13
"Airline Stock Roundup: AZUL Posts Loss in Q1, CPA, GOL, UAL & LUV in Focus",CPA reports better-than-expected earnings per share and revenues in Q1. UAL inks an environmentally-friendly deal with Neste.,2022-05-13 18:08:00+00:00,https://www.zacks.com/stock/news/1924216/airline-stock-roundup-azul-posts-loss-in-q1-cpa-gol-ual-luv-in-focus,Zacks Investment Research,0.0,0.0,neutral,0.0,True,False,False,False,False,False,False,False,0.0,201,"['UAL', 'LUV', 'GOL', 'CPA', 'AZUL']",UAL,2022-05-13
Why Airline Stocks Are on the Rise Today,"Airlines, as much as any industry, understand the importance of a soft landing.",2022-05-13 20:18:28+00:00,https://www.fool.com/investing/2022/05/13/why-airline-stocks-are-on-the-rise-today/,The Motley Fool,0.15000000000000002,0.275,positive,0.15000000000000002,False,False,False,False,False,False,False,False,0.0,121,"['SAVE', 'JBLU', 'UAL', 'DAL', 'AAL']",UAL,2022-05-13
United Airlines (UAL) Inks Tentative Deal With Pilots' Union,United Airlines (UAL) reaches an agreement in principle with its pilots' union on better pay and other improvements amid labor tensions among other major U.S. airlines.,2022-05-16 14:25:00+00:00,https://www.zacks.com/stock/news/1924804/united-airlines-ual-inks-tentative-deal-with-pilots-union,Zacks Investment Research,0.078125,0.4375,neutral,0.078125,False,False,False,False,False,False,False,False,0.0,230,"['UAL', 'CHRW', 'EGLE']",UAL,2022-05-16
You may finally be able to get drinks on flights again,"Early on in the pandemic, many airlines cut in-flight refreshment offerings. Slowly but surely, they are reintroducing the amenity.",2022-05-17 09:01:00+00:00,https://www.marketwatch.com/story/you-may-finally-be-able-to-get-drinks-on-flights-again-11652464627,MarketWatch,0.26,0.5427777777777777,positive,0.26,False,False,False,False,False,False,False,False,0.0,187,"['LUV', 'DAL', 'ULCC', 'UAL']",UAL,2022-05-17
"Airline stocks rise after United updates its outlook, JETS ETF up 3%","Airline stocks outpace the broader market, with United Airlines Holdings Inc.  leading the way after it sounded optimism for the sector ahead of summer's travel season.",2022-05-17 15:25:00+00:00,https://www.marketwatch.com/story/airlines-stocks-rise-after-united-updates-its-outlook-jets-etf-up-3-11652801075,MarketWatch,0.0,0.0,neutral,0.0,False,False,True,False,False,False,False,False,0.0,238,"['UAL', 'JETS', 'JBLU', 'DAL']",UAL,2022-05-17
Why Airline Stocks Are Gaining Altitude Today,United says demand is holding up well heading into the summer months.,2022-05-17 17:30:23+00:00,https://www.fool.com/investing/2022/05/17/why-airline-stocks-are-gaining-altitude-today/,The Motley Fool,0.0,0.0,neutral,0.0,False,False,False,False,False,False,False,False,0.0,116,"['UAL', 'JBLU', 'DAL', 'ALK', 'HA', 'AAL', 'AZUL']",UAL,2022-05-17
United Airlines (UAL) Up on Bullish Q2 Unit Revenue Guidance,United Airlines (UAL) now expects average fuel price per gallon for Q2  to be $4.02.,2022-05-17 18:47:00+00:00,https://www.zacks.com/stock/news/1925611/united-airlines-ual-up-on-bullish-q2-unit-revenue-guidance,Zacks Investment Research,-0.15,0.39999999999999997,negative,0.15,True,False,False,False,False,False,False,False,0.0,146,"['UAL', 'CHRW', 'GLNG', 'GATX']",UAL,2022-05-17
"Dow climbs third straight day as stocks end sharply higher after retail sales, Fed Chair Powell's remarks","U.S. stocks end sharply higher Tuesday, after retail sales data for April suggest the economy remained healthy and as investors weigh remarks by Federal Reserve Chairman Jerome Powell.",2022-05-17 20:39:00+00:00,https://www.marketwatch.com/story/dow-futures-up-nearly-500-points-ahead-of-retail-sales-and-comments-from-feds-powell-11652784527,MarketWatch,0.24,0.38,positive,0.24,False,False,False,False,False,False,False,False,0.0,291,"['DJIA', 'COMP', 'HD', 'TWTR', 'TSLA', 'C', 'BRK.B', 'BRK.A', 'UAL', 'JETS', 'BNTX', 'PFE']",UAL,2022-05-17
United Airlines' (UAL) 52 Boeing 777s Receive FAA Clearance,"With an expected increase in United Airlines' (UAL) capacity following the return of its 52 Boeing 777 jets to service, the company's top line is likely to benefit.",2022-05-18 16:26:00+00:00,https://www.zacks.com/stock/news/1926128/united-airlines-ual-52-boeing-777s-receive-faa-clearance,Zacks Investment Research,0.1,0.5,neutral,0.1,False,False,False,False,False,False,False,False,0.0,225,"['UAL', 'SBLK', 'GLNG']",UAL,2022-05-18
Why Boeing and Airline Stocks Are Falling Today,How long can the airlines outrun inflation?,2022-05-18 18:35:07+00:00,https://www.fool.com/investing/2022/05/18/why-boeing-and-airline-stocks-are-falling-today/,The Motley Fool,-0.05,0.4,neutral,0.05,False,False,False,False,False,False,False,False,0.0,92,"['BA', 'UAL', 'SAVE', 'AAL']",UAL,2022-05-18
Star Bulk (SBLK) to Report Q1 Earnings: Is a Beat Likely?,High costs are likely to have hurt Star Bulk's (SBLK) Q1 performance.,2022-05-18 18:45:00+00:00,https://www.zacks.com/stock/news/1926226/star-bulk-sblk-to-report-q1-earnings-is-a-beat-likely,Zacks Investment Research,0.05333333333333334,0.8466666666666667,neutral,0.05333333333333334,True,False,False,False,False,False,False,False,0.0,128,"['SBLK', 'CSX', 'UAL', 'JBHT']",UAL,2022-05-18
ZTO Express (ZTO) to Post Q1 Earnings: What's in the Cards?,ZTO Express' (ZTO) first-quarter 2022 results might have been dented by rising expenses.,2022-05-18 18:51:00+00:00,https://www.zacks.com/stock/news/1926229/zto-express-zto-to-post-q1-earnings-whats-in-the-cards,Zacks Investment Research,0.0,0.0,neutral,0.0,True,False,False,False,False,False,False,False,0.0,149,"['CSX', 'UAL', 'JBHT', 'ZTO']",UAL,2022-05-18
"Dow transports tumble again, as railroad downgrades act as a drag","Dow transports fall toward 14-month low, underperforming the Dow industrials again, as railroad stocks get downgraded.",2022-05-19 17:22:00+00:00,https://www.marketwatch.com/story/dow-transports-tumble-again-as-railroad-downgrades-act-as-a-drag-11652980680,MarketWatch,-0.05,0.18541666666666667,neutral,0.05,False,False,False,False,False,False,False,False,0.0,185,"['DJIA', 'UNP', 'CSX', 'NSC', 'TGT', 'CAR', 'JBLU', 'SAVE', 'ALK', 'DAL', 'UAL', 'AAL', 'LUV']",UAL,2022-05-19
United (UAL) Down 13.1% Since Last Earnings Report: Can It Rebound?,United (UAL) reported earnings 30 days ago. What's next for the stock? We take a look at earnings estimates for some clues.,2022-05-20 17:01:00+00:00,https://www.zacks.com/stock/news/1927324/united-ual-down-131-since-last-earnings-report-can-it-rebound,Zacks Investment Research,-0.051851851851851864,0.11851851851851852,neutral,0.051851851851851864,True,False,False,False,False,False,False,False,0.0,192,['UAL'],UAL,2022-05-20
What's in Store for Grindrod Shipping (GRIN) in Q1 Earnings?,Grindrod Shipping's (GRIN) first-quarter 2022 results are likely to have been aided by improved market conditions in the drybulk business.,2022-05-20 18:14:00+00:00,https://www.zacks.com/stock/news/1927371/whats-in-store-for-grindrod-shipping-grin-in-q1-earnings,Zacks Investment Research,0.0,1.0,neutral,0.0,True,False,False,False,False,False,False,False,0.0,200,"['CSX', 'UAL', 'JBHT', 'GRIN']",UAL,2022-05-20
"Airline Stock Roundup: SAVE Rejects JBLU's Offer Again, UAL Ups Q2 Revenue View",UAL expects total unit revenues in Q2 to increase in the 23-25% band from the second-quarter 2019 actuals. RYAAY's loss narrows in Q4 fiscal 2022.,2022-05-20 18:23:00+00:00,https://www.zacks.com/stock/news/1927374/airline-stock-roundup-save-rejects-jblus-offer-again-ual-ups-q2-revenue-view,Zacks Investment Research,0.0,0.75,neutral,0.0,True,False,True,False,False,False,False,False,0.0,227,"['RYAAY', 'UAL', 'JBLU', 'GOL', 'SAVE']",UAL,2022-05-20
"The Zacks Analyst Blog Highlights Spirit Airlines, JetBlue Airways, United Airlines, Ryanair Holdings and Gol Linhas Aereas Inteligentes","Spirit Airlines, JetBlue Airways, United Airlines, Ryanair Holdings and Gol Linhas Aereas Inteligentes have been included in this Analyst Blog.",2022-05-23 10:36:00+00:00,https://www.zacks.com/stock/news/1927669/the-zacks-analyst-blog-highlights-spirit-airlines-jetblue-airways-united-airlines-ryanair-holdings-and-gol-linhas-aereas-inteligentes,Zacks Investment Research,0.0,0.0,neutral,0.0,False,False,False,False,False,False,False,False,0.0,281,"['RYAAY', 'UAL', 'JBLU', 'GOL', 'SAVE']",UAL,2022-05-23
Why Airline Shares Are Losing Altitude Today,Can demand hold up in the face of rising inflation?,2022-05-24 16:57:43+00:00,https://www.fool.com/investing/2022/05/24/why-airline-shares-are-losing-altitude-today/,The Motley Fool,0.0,0.0,neutral,0.0,False,False,False,False,False,False,False,False,0.0,97,"['DAL', 'JBLU', 'UAL', 'SAVE', 'AAL', 'ULCC']",UAL,2022-05-24
3 Airline Stocks to Take a Stake in Amid Upbeat Travel Demand,"Upbeat passenger revenues are likely to aid the Q2 results of DAL, LUV and ALK.",2022-05-24 18:47:00+00:00,https://www.zacks.com/stock/news/1928686/3-airline-stocks-to-take-a-stake-in-amid-upbeat-travel-demand,Zacks Investment Research,0.0,1.0,neutral,0.0,True,False,False,False,False,False,False,False,0.0,142,"['DAL', 'LUV', 'ALK', 'UAL']",UAL,2022-05-24
Pilots at Alaska Air Group (ALK) Vote to Approve Strike,"99% of Alaska Air's (ALK) pilots, who were part of the voting procedure, are in favor of a strike if talks fail to reach a consensus.",2022-05-26 19:44:00+00:00,https://www.zacks.com/stock/news/1930030/pilots-at-alaska-air-group-alk-vote-to-approve-strike,Zacks Investment Research,-0.5,0.29999999999999993,negative,0.5,False,False,False,False,False,False,False,False,0.0,190,"['ALK', 'DAL', 'UAL', 'LUV']",UAL,2022-05-26
Why Airline Stocks Are Soaring Today,Mid-quarter updates show that airlines are keeping a steady hand through this latest stretch of turbulence.,2022-05-26 20:51:47+00:00,https://www.fool.com/investing/2022/05/26/why-airline-stocks-are-soaring-today/,The Motley Fool,0.3333333333333333,0.7,positive,0.3333333333333333,False,False,False,False,False,False,False,False,0.0,145,"['DAL', 'JBLU', 'LUV', 'UAL', 'AAL']",UAL,2022-05-26
"This pacifist, faith-based fund-management company is fighting gun violence in its own way","Advocacy has some success, but legislation is what’s really needed to curb mass shootings.",2022-05-27 09:36:00+00:00,https://www.marketwatch.com/story/this-pacifist-faith-based-fund-management-company-is-fighting-gun-violence-in-its-own-way-11653583749,MarketWatch,0.36666666666666664,0.39999999999999997,positive,0.36666666666666664,False,False,False,False,False,False,True,False,0.0,182,"['C', 'HTZ', 'WH', 'DAL', 'UAL', 'DKS', 'WMT', 'KR', 'EAT', 'DIN']",UAL,2022-05-27
Southwest (LUV) Shares Gain on Raised Q2 Revenue Guidance,Southwest (LUV) improves Q2 revenue guidance owing to continued strength in passenger yield as air-travel demand rebounds.,2022-05-27 12:28:00+00:00,https://www.zacks.com/stock/news/1930299/southwest-luv-shares-gain-on-raised-q2-revenue-guidance,Zacks Investment Research,0.0,0.0,neutral,0.0,True,False,False,False,False,False,False,False,0.0,181,"['UAL', 'LUV', 'JBLU']",UAL,2022-05-27
"Golar LNG (GLNG) Q1 Earnings Beat Estimates, Increase Y/Y",Golar LNG's (GLNG) first-quarter 2022 results reflect lower vessel operating expenses.,2022-05-27 18:50:00+00:00,https://www.zacks.com/stock/news/1930684/golar-lng-glng-q1-earnings-beat-estimates-increase-yy,Zacks Investment Research,0.0,0.0,neutral,0.0,True,False,False,False,False,False,False,False,0.0,145,"['CSX', 'UAL', 'JBHT', 'GLNG']",UAL,2022-05-27
Why Airline Stocks Flew Higher Today,Economic pressures aren't slowing travel demand yet.,2022-05-27 20:46:45+00:00,https://www.fool.com/investing/2022/05/27/why-airline-stocks-flew-higher-today/,The Motley Fool,0.225,0.35,positive,0.225,False,False,False,False,False,False,False,False,0.0,90,"['AAL', 'UAL', 'SAVE']",UAL,2022-05-27
Airlines face severe pilot shortage as summer travel season nears,"U.S. airlines are scrambling to hire enough pilots to resume their flight schedules . In the meantime, expect rising airline ticket prices.",2022-05-28 15:25:00+00:00,https://www.marketwatch.com/story/airlines-face-severe-pilot-shortage-as-summer-travel-season-nears-11653576718,MarketWatch,0.0,0.5,neutral,0.0,False,False,False,False,False,False,False,False,0.0,206,"['CAE', 'CAE', 'BA', 'UAL']",UAL,2022-05-28
"With Summer Upon Us, 3 Airline Stocks To Watch Closely",,2022-05-31 15:54:00+00:00,https://www.investing.com/analysis/with-summer-upon-us-3-airline-stocks-to-watch-closely-200625119,Investing.com,0.0,0.0,neutral,0.0,False,False,False,False,False,False,False,False,0.0,56,"['LUV', 'JBLU', 'SAVE', 'AAL', 'UAL', 'DAL', 'ALK', 'BA', 'ERJ', 'RYAAY']",UAL,2022-05-31
United Airlines (UAL) Dips More Than Broader Markets: What You Should Know,"In the latest trading session, United Airlines (UAL) closed at $47.63, marking a -1.61% move from the previous day.",2022-05-31 21:45:19+00:00,https://www.zacks.com/stock/news/1932037/united-airlines-ual-dips-more-than-broader-markets-what-you-should-know,Zacks Investment Research,0.18333333333333335,0.4166666666666667,positive,0.18333333333333335,False,False,False,False,False,False,False,False,0.0,191,['UAL'],UAL,2022-05-31
Why Airline Stocks Are Losing Altitude Today,"Airlines aren't designed to fly through economic ""hurricanes.""",2022-06-01 18:36:01+00:00,https://www.fool.com/investing/2022/06/01/why-airline-stocks-are-losing-altitude-today/,The Motley Fool,0.5,0.55,positive,0.5,False,False,False,False,False,False,False,False,0.0,108,"['DAL', 'JBLU', 'UAL', 'AAL']",UAL,2022-06-01
Biden meets with CEOs of baby-formula makers as shortage worsens: 'There's still a lot more to do',"President Joe Biden on Wednesday meets with executives from baby-formula makers, with the huddle coming as new data suggest that the country's formula shortage is deepening.",2022-06-01 20:57:00+00:00,https://www.marketwatch.com/story/biden-to-meet-with-ceos-of-baby-formula-makers-as-shortage-worsens-11654096287,MarketWatch,0.3181818181818182,0.4772727272727273,positive,0.3181818181818182,False,False,False,False,False,False,True,False,0.0,273,"['UAL', 'PRGO', 'RKT', 'WMT', 'TGT', 'KR', 'ABT', 'DJIA']",UAL,2022-06-01
NVIDIA And 4 Other Stocks Insiders Are Selling,"Gold futures traded higher this morning on Thursday. Investors, meanwhile, focused on some notable insider trades.
When insiders sell shares, it indicates their concern in the company’s prospects or that they view the stock as being overpriced. Either way, this signals an opportunity to go short on the stock. Insider sales should not be taken as the only indicator for making an investment or trading decision. At best, it can lend conviction to a selling decision.
Below is a look at a few recent notable insider sales. For more, check out  Benzinga's insider transactions  platform.
Marriott International 

The Trade: Marriott International, Inc. (NASDAQ: MAR) Director Debra Lee  sold a total of 2,145 shares  at an average price of $171.30. The insider received around $367.44 thousand from selling those shares.
What’s Happening: Marriott International recently signed an agreement with The Red Sea Development Company to debut its Ritz-Carlton Reserve brand off the west coast of Saudi Arabia.
What Marriott Does: Marriott operates nearly 1.5 million rooms across roughly 30 brands. At the end of 2021, luxury ...",2022-06-02 12:36:26+00:00,https://www.benzinga.com/news/22/06/27520164/nvidia-and-4-other-stocks-insiders-are-selling,Benzinga,0.11973684210526316,0.34342105263157896,positive,0.11973684210526316,False,False,False,False,False,False,True,False,0.0,1170,"['EA', 'NVDA', 'DAL', 'MAR', 'UAL']",UAL,2022-06-02
American Airlines: 3 Trades As Summer Travel Is Set To Take Off,,2022-06-02 19:52:00+00:00,https://www.investing.com/analysis/american-airlines-3-trades-as-summer-travel-is-set-to-take-off-200625197,Investing.com,0.25,0.5,positive,0.25,False,False,False,False,False,False,False,False,0.0,65,"['AAL', 'UAL', 'DAL', 'LUV', 'JETS', 'TRYP', 'MEME', 'XTN', 'BUZZ']",UAL,2022-06-02
Citi: ‘United Airlines is more likely to surprise people on the upside’,"Shares of the United Airlines Holdings Inc (NASDAQ: UAL) are roughly flat for the year, but a Citi analyst is convinced “revenge travel” will result in a significant upside for the stock moving forward. The bull case for United Airlines stock According to Stephen Trent, the pent-up demand after COVID-19 restrictions is strong enough to […]
The post Citi: ‘United Airlines is more likely to surprise people on the upside’ appeared first on Invezz.",2022-06-06 14:15:10+00:00,https://invezz.com/news/2022/06/06/citi-united-airlines-is-more-likely-to-surprise-people-on-the-upside/,Invezz,0.22592592592592592,0.6185185185185185,positive,0.22592592592592592,False,False,False,False,False,False,False,False,0.0,521,['UAL'],UAL,2022-06-06
Airlines Looking Good Despite Steep Fuel Costs: Here's Why,"The likes of DAL, AAL and LUV up their respective forecasts for Q2 revenues.",2022-06-06 18:27:00+00:00,https://www.zacks.com/stock/news/1935147/airlines-looking-good-despite-steep-fuel-costs-heres-why,Zacks Investment Research,0.35,0.35000000000000003,positive,0.35,True,False,False,False,False,False,False,False,0.0,136,"['RYAAY', 'DAL', 'UAL', 'LUV', 'AAL', 'ALK']",UAL,2022-06-06
United Airlines (UAL) Outpaces Stock Market Gains: What You Should Know,"United Airlines (UAL) closed the most recent trading day at $44.76, moving +0.74% from the previous trading session.",2022-06-06 21:50:20+00:00,https://www.zacks.com/stock/news/1935195/united-airlines-ual-outpaces-stock-market-gains-what-you-should-know,Zacks Investment Research,0.05833333333333334,0.25416666666666665,neutral,0.05833333333333334,False,False,False,False,False,False,False,False,0.0,189,['UAL'],UAL,2022-06-06
United Airlines And 3 Other Stocks Insiders Are Buying,"Although US stocks closed slightly higher on Monday, there were a few notable insider trades.
When insiders purchase shares, it indicates their confidence in the company's prospects or that they view the stock as a bargain. Either way, this signals an opportunity to go long on the stock. Insider purchases should not be taken as the only indicator for making an investment or trading decision. At best, it can lend conviction to a buying decision.
Below is a look at a few recent notable insider purchases. For more, check out  Benzinga's insider transactions  platform.
United Airlines 

The Trade:  United Airlines Holdings, Inc.  (NASDAQ: UAL) Director Edward Shapiro  acquired a total of 50,000 shares at  at an average price of $44.71. To acquire these shares, it cost around ...",2022-06-07 11:41:16+00:00,https://www.benzinga.com/trading-ideas/long-ideas/22/06/27583624/united-airlines-and-3-other-stocks-insiders-are-buying,Benzinga,0.1375,0.41250000000000003,positive,0.1375,False,True,False,False,False,False,True,False,0.0,841,"['NTAP', 'UAL', 'KOD', 'RPTX']",UAL,2022-06-07
"The Zacks Analyst Blog Highlights United Airlines, Delta Air Lines, Southwest Airlines, American Airlines, and Ryanair Holdings","United Airlines, Delta Air Lines, Southwest Airlines, American Airlines, and Ryanair Holdings are part of Zacks top Analyst Blog",2022-06-07 15:45:00+00:00,https://www.zacks.com/stock/news/1935697/the-zacks-analyst-blog-highlights-united-airlines-delta-air-lines-southwest-airlines-american-airlines-and-ryanair-holdings,Zacks Investment Research,0.16666666666666666,0.16666666666666666,positive,0.16666666666666666,False,False,False,False,False,False,False,False,0.0,257,"['DAL', 'UAL', 'LUV', 'AAL']",UAL,2022-06-07
Airlines ETF Stuck Between Revenue & Cost Increases,The airlines industry has been stuck between sales as well as cost increases.,2022-06-07 17:00:00+00:00,https://www.zacks.com/stock/news/1935725/airlines-etf-stuck-between-revenue-cost-increases,Zacks Investment Research,0.0,0.0,neutral,0.0,True,False,False,False,False,False,False,False,0.0,130,"['DAL', 'UAL', 'AAL', 'JETS']",UAL,2022-06-07
United Airlines (UAL) to Launch Brisbane Flights in October,"With international travel demand recovering, United Airlines (UAL) is expanding its Australian footprint with new year-round service to Brisbane this October.",2022-06-09 14:21:00+00:00,https://www.zacks.com/stock/news/1936868/united-airlines-ual-to-launch-brisbane-flights-in-october,Zacks Investment Research,0.04545454545454545,0.15151515151515152,neutral,0.04545454545454545,False,False,False,False,True,False,False,False,0.0,219,"['UAL', 'SBLK', 'GLNG']",UAL,2022-06-09
Why Airline Stocks Are Tumbling Today,Could inflation sap travel demand?,2022-06-10 16:54:12+00:00,https://www.fool.com/investing/2022/06/10/why-airline-stocks-are-tumbling-today/,The Motley Fool,0.0,0.0,neutral,0.0,False,False,False,False,False,False,False,False,0.0,73,"['LUV', 'UAL', 'DAL', 'SAVE', 'AAL', 'ULCC']",UAL,2022-06-10
Insider Weekends: James Star Significantly Increases His Stake In Chewy,Click here to read the notable buys and sells of last week.,2022-06-13 04:10:29+00:00,https://seekingalpha.com/article/4517993-insider-weekends-james-star-increases-stake-chewy,Seeking Alpha,0.2916666666666667,0.48055555555555557,positive,0.2916666666666667,False,True,False,False,False,False,False,False,0.0,132,"['ALL', 'ANET', 'CG', 'CVNA', 'NRDY', 'PTC', 'RKT', 'UAL', 'W', 'WHD', 'CHWY']",UAL,2022-06-13
These airlines will benefit the most from U.S. lifting COVID-19 test requirements for international travel,"The U.S. is set to lift COVID-19 test requirements for international travelers, and two airlines stand to benefit the most, a Wall Street analyst said Friday.",2022-06-13 12:25:00+00:00,https://www.marketwatch.com/story/these-airlines-will-benefit-the-most-from-u-s-lifting-covid-19-test-requirements-for-international-travel-11654885119,MarketWatch,0.25,0.25,positive,0.25,False,False,False,False,False,False,False,False,0.0,266,"['UAL', 'DAL', 'BA', 'JBLU', 'SAVE', 'ULCC', 'JETS']",UAL,2022-06-13
Airlines Get a Boost as U.S. Lifts COVID-19-Test Requirement,Airlines are expected to see acceleration in international travel recovery as the Biden administration drops pre-travel COVID-19-testing requirement for vaccinated international travelers.,2022-06-13 13:30:00+00:00,https://www.zacks.com/stock/news/1938181/airlines-get-a-boost-as-us-lifts-covid-19-test-requirement,Zacks Investment Research,-0.03333333333333333,0.13333333333333333,neutral,0.03333333333333333,False,False,False,False,False,False,False,False,0.0,250,"['DAL', 'UAL', 'LUV', 'AAL']",UAL,2022-06-13
Why Airline Stocks Are Falling Today,Investors are nervous about where the economy is heading.,2022-06-13 16:35:08+00:00,https://www.fool.com/investing/2022/06/13/why-airline-stocks-are-falling-today/,The Motley Fool,0.0,0.0,neutral,0.0,False,False,False,False,False,False,False,False,0.0,95,"['LUV', 'JBLU', 'UAL', 'DAL', 'SAVE', 'AAL', 'AZUL']",UAL,2022-06-13
"Whatever Your Macro Thesis, United Airlines Stock Is The Way To Play It",,2022-06-14 11:54:00+00:00,https://www.investing.com/analysis/whatever-your-macro-thesis-united-airlines-stock-is-the-way-to-play-it-200625727,Investing.com,0.0,0.0,neutral,0.0,False,False,False,False,False,False,False,False,0.0,73,"['UAL', 'LUV']",UAL,2022-06-14
"FDA says Pfizer three-shot vaccine is safe for children under 5, ahead of panel meeting that will also review Moderna's two-shot regimen","Federal health officials said Sunday that Pfizer's COVID-19 vaccine appears safe and effective for children below the age of five, clearing another hurdle on the path toward adding that group to the nation's vaccine program.",2022-06-14 12:13:00+00:00,https://www.marketwatch.com/story/fda-says-pfizer-3-shot-vaccine-safe-for-children-under-5-ahead-of-panel-meeting-that-will-also-review-modernas-2-shot-regimen-11655129762,MarketWatch,0.5333333333333333,0.6,positive,0.5333333333333333,False,False,True,False,False,False,False,False,0.0,362,"['PFE', 'MRNA', 'SAN', 'SNY', 'VALN', 'UAL', 'DAL']",UAL,2022-06-14
Do Options Traders Know Something About United Airlines (UAL) Stock We Don't?,Investors need to pay close attention to United Airlines (UAL) stock based on the movements in the options market lately.,2022-06-14 12:46:00+00:00,https://www.zacks.com/stock/news/1938550/do-options-traders-know-something-about-united-airlines-ual-stock-we-dont,Zacks Investment Research,-0.3,0.6,negative,0.3,False,False,False,False,False,False,False,False,0.0,200,['UAL'],UAL,2022-06-14
United Airlines (UAL) Stock Moves -0.08%: What You Should Know,"In the latest trading session, United Airlines (UAL) closed at $36.99, marking a -0.08% move from the previous day.",2022-06-14 21:50:18+00:00,https://www.zacks.com/stock/news/1938998/united-airlines-ual-stock-moves--008-what-you-should-know,Zacks Investment Research,0.07777777777777779,0.3888888888888889,neutral,0.07777777777777779,False,False,False,False,False,False,False,False,0.0,179,['UAL'],UAL,2022-06-14
Netflix Is Talking to Roku for All the Wrong Reasons,"It should really stop setting up meetings with Comcast, too.",2022-06-15 10:01:00+00:00,https://www.fool.com/investing/2022/06/15/netflix-is-talking-to-roku-for-the-wrong-reasons/,The Motley Fool,-0.15,0.55,negative,0.15,False,False,False,False,False,False,False,False,0.0,114,"['NFLX', 'DIS', 'CMCSA', 'SBUX', 'LUV', 'UAL', 'DISH', 'ROKU', 'WBD']",UAL,2022-06-15
Insiders Buy More Than $57M Of 2 Stocks,"Although the Dow Jones jumped more than 300 points on Wednesday, there were a few notable insider trades.
When insiders purchase shares, it indicates their confidence in the company's prospects or that they view the stock as a bargain. Either way, this signals an opportunity to go long on the stock. Insider purchases should not be taken as the only indicator for making an investment or trading decision. At best, it can lend conviction to a buying decision.
Below is ...",2022-06-16 11:27:38+00:00,https://www.benzinga.com/trading-ideas/long-ideas/22/06/27736638/insiders-buy-more-than-57m-of-2-stocks,Benzinga,0.32142857142857145,0.4714285714285714,positive,0.32142857142857145,False,True,False,False,False,False,False,False,0.0,514,"['UAL', 'NLOK']",UAL,2022-06-16
United Airlines (UAL)-Dimensional Energy Ink Sustainability Deal,United Airlines (UAL) enters into a commercial agreement with Dimensional Energy to purchase at least 300 million gallons of SAF over 20 years.,2022-06-16 13:11:00+00:00,https://www.zacks.com/stock/news/1939866/united-airlines-ual-dimensional-energy-ink-sustainability-deal,Zacks Investment Research,-0.15,0.2,negative,0.15,False,False,False,False,False,False,False,False,0.0,209,"['DAL', 'UAL', 'GEVO']",UAL,2022-06-16
3 Beaten-Down S&P 500 Stocks Ready to Bounce Back,Bargain-minded investors may want to start their search for new portfolio positions right here.,2022-06-16 14:15:00+00:00,https://www.fool.com/investing/2022/06/16/3-beaten-down-sp-500-stocks-ready-to-bounce-back/,The Motley Fool,0.1555194805194805,0.37256493506493504,positive,0.1555194805194805,False,False,False,False,False,False,False,False,0.0,146,"['EXPE', 'DAL', 'ISRG', 'UAL', 'WHR', 'HLT']",UAL,2022-06-16
Why Airline Stocks Are Falling Today,"An unusual number of flights have been getting delayed and cancelled this year, and the U.S. government wants to know what the carriers plan to do about it.",2022-06-16 20:49:00+00:00,https://www.fool.com/investing/2022/06/16/why-airline-stocks-are-falling-today/,The Motley Fool,0.2,0.55,positive,0.2,False,False,False,False,False,False,False,False,0.0,194,"['LUV', 'JBLU', 'UAL', 'DAL', 'AAL']",UAL,2022-06-16
Why Airline Stocks Lost Altitude This Week,A new challenge is looming in what has been a difficult few years for the industry.,2022-06-16 22:04:00+00:00,https://www.fool.com/investing/2022/06/16/why-airline-stocks-lost-altitude-this-week/,The Motley Fool,-0.1878787878787879,0.5181818181818182,negative,0.1878787878787879,False,False,False,False,False,False,False,False,0.0,127,"['DAL', 'JBLU', 'LUV', 'ALK', 'UAL', 'HA', 'AAL']",UAL,2022-06-16
Should You Invest in the U.S. Global Jets ETF (JETS)?,Sector ETF report for JETS,2022-06-21 10:20:09+00:00,https://www.zacks.com/stock/news/1941472/should-you-invest-in-the-us-global-jets-etf-jets,Zacks Investment Research,0.0,0.0,neutral,0.0,False,False,True,False,False,False,False,False,0.0,81,"['JETS', 'DAL', 'UAL', 'AAL', 'IYT', 'XTN']",UAL,2022-06-21
United Airlines (UAL) Gains But Lags Market: What You Should Know,"United Airlines (UAL) closed at $36.50 in the latest trading session, marking a +0.61% move from the prior day.",2022-06-21 21:50:19+00:00,https://www.zacks.com/stock/news/1941904/united-airlines-ual-gains-but-lags-market-what-you-should-know,Zacks Investment Research,0.13333333333333333,0.3333333333333333,positive,0.13333333333333333,False,False,False,False,False,False,False,False,0.0,178,['UAL'],UAL,2022-06-21
"2 reasons U.S. airlines are better able to handle a recession, according to Citi","A looming recession, high fuel prices, and labor pressures are 'legitimate' risks that U.S. airlines face, but this isn't 2008, Citi says.",2022-06-22 18:27:00+00:00,https://www.marketwatch.com/story/2-reasons-u-s-airlines-are-better-able-to-handle-a-recession-according-to-citi-11655922444,MarketWatch,0.38666666666666666,0.555,positive,0.38666666666666666,False,False,False,False,False,False,False,False,0.0,220,"['DAL', 'UAL', 'LUV', 'AAL', 'JETS']",UAL,2022-06-22
Why United Airlines Dipped While the Market Climbed Today,Fewer flights will be departing from one of the carrier's critical airports.,2022-06-23 22:02:00+00:00,https://www.fool.com/investing/2022/06/23/why-united-airlines-dipped-while-the-market-climbe/,The Motley Fool,0.0,0.8,neutral,0.0,False,False,False,False,False,False,False,False,0.2,135,"['UAL', 'RJF']",UAL,2022-06-23
"Why Delta, United, and American Airlines Surged Today","Investors may be getting over fears of a recession, or at least deciding one is already priced in.",2022-06-24 19:48:00+00:00,https://www.fool.com/investing/2022/06/24/why-delta-united-and-american-airlines-surged-toda/,The Motley Fool,-0.15,0.2,negative,0.15,False,False,False,False,False,False,False,False,0.0,153,"['DAL', 'UAL', 'C', 'AAL']",UAL,2022-06-24
United Airlines (UAL) Pilots Likely to Get Huge Pay Hike,United Airlines (UAL) pilots are set to get multiple pay raises and paid maternity leave if the tentative deal materializes.,2022-06-27 17:46:00+00:00,https://www.zacks.com/stock/news/1944621/united-airlines-ual-pilots-likely-to-get-huge-pay-hike,Zacks Investment Research,0.13333333333333336,0.6333333333333333,positive,0.13333333333333336,False,False,False,False,False,False,False,False,0.0,182,"['UAL', 'R', 'CHRW', 'GATX']",UAL,2022-06-27
"Airline Stock Roundup: Pay Hike Likely for UAL Pilots, SAVE Takeover Saga & More",UAL and ALK provide positive updates on the labor front.,2022-06-28 19:08:00+00:00,https://www.zacks.com/stock/news/1945268/airline-stock-roundup-pay-hike-likely-for-ual-pilots-save-takeover-saga-more,Zacks Investment Research,0.24242424242424243,0.6818181818181818,positive,0.24242424242424243,False,False,False,False,False,False,False,False,0.0,138,"['RYAAY', 'UAL', 'JBLU', 'ALK', 'SAVE', 'ULCC']",UAL,2022-06-28
Why Airline Stocks Took Off This Morning,Investors are trying to look past the damage of the pandemic.,2022-06-28 19:15:56+00:00,https://www.fool.com/investing/2022/06/28/why-airline-stocks-took-off-this-morning/,The Motley Fool,-0.25,0.25,negative,0.25,False,False,False,False,False,False,False,False,0.0,103,"['DAL', 'JBLU', 'UAL', 'SAVE', 'AAL', 'ULCC']",UAL,2022-06-28
United Airlines (UAL) Stock Moves -0.62%: What You Should Know,"United Airlines (UAL) closed at $36.97 in the latest trading session, marking a -0.62% move from the prior day.",2022-06-28 21:50:21+00:00,https://www.zacks.com/stock/news/1945308/united-airlines-ual-stock-moves--062-what-you-should-know,Zacks Investment Research,0.13333333333333333,0.3333333333333333,positive,0.13333333333333333,False,False,False,False,False,False,False,False,0.0,175,['UAL'],UAL,2022-06-28
"Why Airlines Are Down Today, but Spirit Is Flying in the Opposite Direction",Inflation fears continue to hit airlines hard.,2022-06-30 17:20:42+00:00,https://www.fool.com/investing/2022/06/30/why-airlines-are-down-today-but-spirit-is-flying-i/,The Motley Fool,-0.1490740740740741,0.27685185185185185,negative,0.1490740740740741,False,False,False,False,False,False,False,False,0.0,123,"['SAVE', 'JBLU', 'UAL', 'DAL', 'AAL', 'ULCC']",UAL,2022-06-30
American Airlines (AAL) Pilots Likely to Get Huge Pay Hike,"American Airlines' (AAL) pilots will get extra benefits if the proposal is ratified by Sep 30, 2022.",2022-07-01 19:40:00+00:00,https://www.zacks.com/stock/news/1947025/american-airlines-aal-pilots-likely-to-get-huge-pay-hike,Zacks Investment Research,0.08000000000000002,0.4,neutral,0.08000000000000002,False,False,False,False,False,False,False,False,0.0,160,"['AAL', 'DAL', 'UAL']",UAL,2022-07-01
"Fourth Of July Travel Is Picking Up: How Will Major US Airlines Handle Delays, Cancellations And Pilot Shortages?","Fourth of July weekend is upon us with Americans expected to hit the roads in record numbers with AAA travel predicting approximately 42 million people driving at least 50 miles from home.
AAA travel forecasted that air travelers are projected to reach 3.55 million for the holiday, which is still 9.3% lower than 2019 levels.
What Should Air Travelers Expect: Major airlines have been reporting pilot shortages and scheduling are the main issues. For the month of June, airlines canceled 21,300 flights and experienced 178,300 delays, as mentioned by CNBC Television on Thursday.
Joseph Schwieterman, a professor at DePaul University, stated in a June 29 report that the four largest U.S. airlines ...",2022-07-01 20:21:47+00:00,https://www.benzinga.com/news/large-cap/22/07/27934370/independence-day-travel-is-picking-up-how-will-major-u-s-airlines-handle-delays-cancellations-and-,Benzinga,0.032407407407407406,0.4037037037037037,neutral,0.032407407407407406,False,False,False,False,False,False,False,False,0.0,817,"['DAL', 'UAL', 'AAL']",UAL,2022-07-01
Why Airline Stocks Plunged in June,Inflation fears caused aviation stocks to significantly underperform during a lousy month for stocks.,2022-07-01 21:35:00+00:00,https://www.fool.com/investing/2022/07/01/why-airline-stocks-plunged-in-june/,The Motley Fool,-0.0625,0.6875,neutral,0.0625,False,False,False,False,False,False,False,False,0.0,137,"['AAL', 'LUV', 'UAL', 'DAL']",UAL,2022-07-01
Why Airline Stocks Are Falling Today,"With the July 4 holiday rush behind them, investors are focused on whether demand will hold up this Fall.",2022-07-05 17:56:00+00:00,https://www.fool.com/investing/2022/07/05/why-airline-stocks-are-falling-today/,The Motley Fool,-0.4,0.7,negative,0.4,False,False,False,False,False,False,False,False,0.0,143,"['LUV', 'JBLU', 'UAL', 'DAL']",UAL,2022-07-05
United Airlines (UAL) Outpaces Stock Market Gains: What You Should Know,"United Airlines (UAL) closed at $36.97 in the latest trading session, marking a +1.45% move from the prior day.",2022-07-05 21:50:18+00:00,https://www.zacks.com/stock/news/1948289/united-airlines-ual-outpaces-stock-market-gains-what-you-should-know,Zacks Investment Research,0.13333333333333333,0.3333333333333333,positive,0.13333333333333333,False,False,False,False,False,False,False,False,0.0,184,['UAL'],UAL,2022-07-05
3 Sectors To Buy Before The Q2 Earnings Season,,2022-07-06 10:17:00+00:00,https://www.investing.com/analysis/3-sectors-to-buy-before-the-q2-earnings-season-200626732,Investing.com,0.0,0.0,neutral,0.0,True,True,True,False,False,False,False,False,0.0,48,"['JPM', 'MS', 'XOM', 'CVX', 'VLO', 'MPC', 'OXY', 'HES', 'LNG', 'PSX', 'PXD', 'XLE', 'COP', 'EOG', 'SLB', 'DAL', 'UAL', 'LUV', 'GE', 'BA', 'RTX', 'TDG', 'FDX', 'XLI', 'UPS', 'UNP', 'HON', 'LMT', 'CAT', 'DE', 'MMM', 'NOC', 'XLB', 'LIN', 'SHW', 'APD', 'NEM', 'FCX', 'ECL', 'CTVA', 'DOW', 'IFF', 'NUE', 'ALB', 'NUE', 'BALL']",UAL,2022-07-06
5 Stocks and Industries That Moved the Market in June,These stocks moved the market and illustrated major trends in June.,2022-07-07 12:41:00+00:00,https://www.fool.com/investing/2022/07/07/5-stocks-industries-that-moved-the-market-in-june/,The Motley Fool,0.0625,0.5,neutral,0.0625,False,False,False,False,False,False,False,False,0.0,122,"['CCL', 'FCX', 'RCL', 'LUV', 'UAL', 'DAL', 'MRO', 'XLE', 'NCLH', 'VEEV', 'AAL', 'CHWY']",UAL,2022-07-07
"Benzinga's Top Ratings Upgrades, Downgrades For July 7, 2022","Upgrades
For Pacific Premier Bancorp Inc (NASDAQ:PPBI), Raymond James upgraded the previous rating of Outperform to Strong Buy. In the first quarter, Pacific Premier Bancorp showed an EPS of $0.70, compared to $0.72 from the year-ago quarter. At the moment, the stock has a 52-week-high of $45.24 and a 52-week-low of $27.92. Pacific Premier Bancorp closed at $30.08 at the end of the last trading period.   
For Heritage Commerce Corp (NASDAQ:HTBK), Raymond James upgraded the previous rating of Outperform to Strong Buy. For the first quarter, Heritage Commerce had an EPS of $0.21, compared to year-ago quarter EPS of $0.19. The current stock performance of Heritage Commerce shows a 52-week-high of $12.94 and a 52-week-low of $10.43. Moreover, at the end of the last trading period, the closing price was at $10.82.   
Citigroup upgraded the previous rating for Lamar Advertising Co (NASDAQ:LAMR) from Neutral to Buy. In the first quarter, Lamar Advertising showed an EPS of $0.91, compared to $0.38 from the year-ago quarter. The current stock performance of Lamar Advertising shows a 52-week-high of $124.32 and a 52-week-low of $83.96. Moreover, at the end of the last trading period, the closing price was at $88.41.   
According to Raymond James, the prior rating for Allegiance Bancshares Inc (NASDAQ:ABTX) was changed from Market Perform to Outperform. For the first quarter, Allegiance Bancshares had an EPS of $0.91, compared to year-ago quarter EPS of $0.89. At the moment, the stock has a 52-week-high of $46.00 and a 52-week-low of $34.30. Allegiance Bancshares closed at $39.02 at the end of the last trading period.   
Raymond James upgraded the previous rating for Texas Capital Bancshares Inc (NASDAQ:TCBI) from Outperform to Strong Buy. Texas Capital Bancshares earned $0.69 in the first quarter, compared to $1.33 in the year-ago quarter. The stock has a 52-week-high of $71.60 and a 52-week-low of $48.79. At the end of the last trading period, Texas Capital Bancshares closed at $53.09.   
For Regions Financial Corp (NYSE:RF), Raymond James upgraded the previous rating of Market Perform to Outperform. Regions Financial earned $0.55 in the first quarter, compared to $0.63 in the year-ago quarter. At the moment, the stock has a 52-week-high of $25.57 and a 52-week-low of $18.02. Regions Financial closed at $18.56 at the end of the last trading period.   
According to Raymond James, the prior rating for First Mid Bancshares Inc (NASDAQ:FMBH) was changed from Market Perform to Outperform. For the first quarter, First Mid Bancshares had an EPS of $0.96, compared to year-ago quarter EPS of $0.88. The stock has a 52-week-high of $45.84 and a 52-week-low of $35.05. At the end of the last trading period, First Mid Bancshares closed at $36.22.   
According to Raymond James, the prior rating for First Merchants Corp (NASDAQ:FRME) was changed from Outperform to Strong Buy. For the first quarter, First Merchants had an EPS of $0.88, compared to year-ago quarter EPS of $0.91. At the moment, the stock has a 52-week-high of $46.12 and a 52-week-low of $35.07. First Merchants closed at $35.87 at the end of the last trading period.   
Raymond James upgraded the previous rating for Carter Bankshares Inc (NASDAQ:CARE) from Market Perform to Outperform. Carter Bankshares earned $0.36 in the first quarter, compared to $0.36 in the year-ago quarter. At the moment, the stock has a 52-week-high of $17.99 and a 52-week-low of $10.02. Carter Bankshares closed at $13.15 at the end of the last trading period.   
For Pinnacle Financial Partners Inc (NASDAQ:PNFP), Raymond James upgraded the previous rating of Market Perform to Outperform. In the first quarter, Pinnacle Finl Partners showed an EPS of $1.65, compared to $1.61 from the year-ago quarter. At the moment, the stock has a 52-week-high of $111.31 and a 52-week-low of $67.90. Pinnacle Finl Partners closed at $72.46 at the end of the last trading period.   
For PPL Corp (NYSE:PPL), Evercore ISI Group upgraded the previous rating of In-Line to Outperform. For the first quarter, PPL had an EPS of $0.41, compared to year-ago quarter EPS of $0.28. The current stock performance of PPL shows a 52-week-high of $30.71 and a 52-week-low of $24.98. Moreover, at the end of the last trading period, the closing price was at $27.05.   
According to Truist Securities, the prior rating for Adverum Biotechnologies Inc (NASDAQ:ADVM) was changed from Hold to Buy. For the first quarter, Adverum Biotechnologies had an EPS of $0.38, compared to year-ago quarter EPS of $0.29. At the moment, the stock has a 52-week-high of $3.66 and a 52-week-low of $0.80. Adverum Biotechnologies closed at $1.23 at the end of the last trading period.   
For EPR Properties (NYSE:EPR), Janney Montgomery Scott upgraded the previous rating of Neutral to Buy. EPR Props earned $1.10 in the first quarter, compared to $0.48 in the year-ago quarter. The stock has a 52-week-high of $56.38 and a 52-week-low of $41.14. At the end of the last trading period, EPR Props closed at $47.14.   
According to BTIG, the prior rating for 1Life Healthcare Inc (NASDAQ:ONEM) was changed from Neutral to Buy. For the first quarter, 1Life Healthcare had an EPS of $0.47, compared to year-ago quarter EPS of $0.29. The current stock performance of 1Life Healthcare shows a 52-week-high of $33.72 and a 52-week-low of $5.94. Moreover, at the end of the last trading period, the closing price was at $10.28.   
According to Wells Fargo, the prior rating for Bank of N.T Butterfield & Son Ltd (NYSE:NTB) was changed from Equal-Weight to Overweight. For the first quarter, Bank of N.T Butterfield had an EPS of $0.90, compared to year-ago quarter EPS of $0.83. The stock has a 52-week-high of $41.69 and a 52-week-low of $28.67. At the end of the last trading period, Bank of N.T Butterfield closed at $30.94.   
Daiwa Capital upgraded the previous rating for Merck & Co Inc (NYSE:MRK) from Hold to Outperform. For the first quarter, Merck & Co had an EPS of $2.14, compared to year-ago quarter EPS of $1.40. At the moment, the stock has a 52-week-high of $95.72 and a 52-week-low of $70.89. Merck & Co closed at $93.13 at the end of the last trading period.   
According to RBC Capital, the prior rating for Cerence Inc (NASDAQ:CRNC) was changed from Underperform to Sector Perform. For the second quarter, Cerence had an EPS of $0.33, compared to year-ago quarter EPS of $0.69. The current stock performance of Cerence shows a 52-week-high of $126.40 and a 52-week-low of $24.35. Moreover, at the end of the last trading period, the closing price was at $25.74.   
Jefferies upgraded the previous rating for Tenaris SA (NYSE:TS) from Hold to Buy. Tenaris earned $0.85 in the first quarter, compared to $0.18 in the year-ago quarter. At the moment, the stock has a 52-week-high of $34.76 and a 52-week-low of $18.80. Tenaris closed at $22.89 at the end of the last trading period.   
See all analyst ratings upgrades.
Downgrades
According to Raymond James, the prior rating for Preferred Bank (NASDAQ:PFBC) was changed from Outperform to Market Perform. In the first quarter, Preferred Bank showed an EPS of $1.74, compared to $1.42 from the year-ago quarter. At the moment, the stock has a 52-week-high of $81.97 and a 52-week-low of $57.27. Preferred Bank closed at $69.27 at the end of the last trading period.   
According to Scotiabank, the prior rating for Cornerstone Building Brands Inc (NYSE:CNR) was changed from Sector Outperform to Sector Perform. Cornerstone Building earned $0.66 in the first quarter, compared to $0.03 in the year-ago quarter. At the moment, the stock has a 52-week-high of $24.61 and a 52-week-low of $13.51. Cornerstone Building closed at $24.54 at the end of the last trading period.   
Raymond James downgraded the previous rating for FS Bancorp Inc (NASDAQ:FSBW) from Outperform to Market Perform. FS Bancorp earned $0.81 in the first quarter, compared to $1.35 in the year-ago quarter. The stock has a 52-week-high of $71.68 and a 52-week-low of $28.09. At the end of the last trading period, FS Bancorp closed at $28.76.   
For Canadian Pacific Railway Ltd (NYSE:CP), Scotiabank downgraded the previous rating of Sector Outperform to Sector Perform. In the first quarter, Canadian Pacific Railway showed an EPS of $0.53, compared to $0.71 from the year-ago quarter. The current stock performance of Canadian Pacific Railway shows a 52-week-high of $84.22 and a 52-week-low of $64.37. Moreover, at the end of the last trading period, the closing price was at $71.65.   
According to Raymond James, the prior rating for Sierra Bancorp (NASDAQ:BSRR) was changed from Outperform to Market Perform. For the first quarter, Sierra Bancorp had an EPS of $0.49, compared to year-ago quarter EPS of $0.72. At the moment, the stock has a 52-week-high of $28.92 and a 52-week-low of $20.77. Sierra Bancorp closed at $21.42 at the end of the last trading period.   
Oppenheimer downgraded the previous rating for DiaMedica Therapeutics Inc (NASDAQ:DMAC) from Outperform to Perform. ...Full story available on Benzinga.com",2022-07-07 14:04:41+00:00,https://www.benzinga.com/analyst-ratings/upgrades/22/07/27987441/benzingas-top-ratings-upgrades-downgrades-for-july-7-2022,Benzinga,0.05,0.18869047619047616,neutral,0.05,False,True,True,False,False,False,False,False,0.0,9149,"['CNR', 'NEWR', 'SGC', 'AMTI', 'TS', 'BSRR', 'FVCB', 'TCBI', 'HRMY', 'SCCO', 'CASH', 'ABTX', 'THFF', 'ATHA', 'AZPN', 'CNSL', 'CTMX', 'CP', 'EVGO', 'UAL', 'CSTR', 'SMBK', 'EPR', 'ROVR', 'CATC', 'CERE', 'CTIC', 'NTB', 'FCF', 'VTEX', 'RFP', 'DCOM', 'ADVM', 'HTH', 'DUOL', 'FSBW', 'FRME', 'BTAI', 'K', 'GTLB', 'GNTY', 'HBNC', 'EYPT', 'KSS', 'FMBH', 'HTBK', 'OZK', 'MRK', 'BLND', 'LAMR', 'DMAC', 'PNC', 'CARE', 'LBAI', 'ALEC', 'PPL', 'LOB', 'PACW', 'KAL', 'RF', 'ITCI', 'PFBC', 'CRNC', 'RIO', 'TTOO', 'PNFP', 'ONEM', 'SAM', 'VBTX', 'PPBI', 'OTIS', 'SEE']",UAL,2022-07-07
"The pros and cons of using buy now, pay later for travel expenses",Travel providers have jumped on the trend by partnering with these services to let you fund your vacation in small payments—even after you’ve finished the trip,2022-07-08 09:01:00+00:00,https://www.marketwatch.com/story/the-pros-and-cons-of-using-buy-now-pay-later-for-travel-expenses-11656706134,MarketWatch,-0.125,0.2,negative,0.125,False,True,False,False,False,False,False,False,0.0,226,"['AFRM', 'VCSA', 'AAL', 'UAL', 'ZIP', 'ABNB']",UAL,2022-07-08
Why Is Canoo Surging By 80%? 52 Stocks Moving In Tuesday's Mid-Day Session,"Gainers

Canoo Inc. (NASDAQ: GOEV) shares jumped 79.9% to $4.2627 after Walmart signed a definitive agreement with the company to purchase 4,500 all-electric delivery vehicles, beginning with the Lifestyle Delivery Vehicle, with the option to purchase up to 10,000 units.
Histogen Inc. (NASDAQ: HSTO) gained 38.8% to $4.0950 after gaining around 12% on Monday. The company, last month, announced a 1-for-20 reverse stock split.
Hoth Therapeutics, Inc. (NASDAQ: HOTH) surged 36.7% to $0.56 as the company said HT-ALZ therapeutic showed cognitive improvements in Alzheimer's disease mouse model.
Oramed Pharmaceuticals Inc. (NASDAQ: ORMP) rose 36.8% to $11.85.
Greenwich LifeSciences, Inc. (NASDAQ: GLSI) shares gained 28.3% to $11.06. The FDA has removed the clinical hold on Greenwich LifeSciences’ Flamingo-01 Phase 3 trial of GP2, immunotherapy to prevent breast cancer recurrences.
Versus Systems Inc. (NASDAQ: VS) climbed 23.3% to $0.5797. Versus Systems, last month, received NASDAQ notification regarding minimum bid price deficiency.
Cosmos Holdings Inc. (NASDAQ: COSM) jumped 23% to $0.5150. Cosmos Holdings said its subsidiary, Decahedron Ltd., has been granted full membership to the PAGB, a UK-based consumer healthcare association.
Rhythm Pharmaceuticals, Inc. (NASDAQ: RYTM) gained 20.3% to $5.64 after the company announced positive interim results from a Phase 2 clinical trial evaluating setmelanotide for the treatment of severe obesity and hyperphagia in people living with hypothalamic obesity.
Kaspien Holdings Inc. (NASDAQ: KSPN) climbed 20% to $8.14 after jumping around 162% on Monday.
Indonesia Energy Corporation Limited (NYSE: INDO) gained 20% to $6.97 after the company announced it has discovered a potential natural gas bearing reservoir while drilling the Kruh-28 well.
Fujian Blue Hat Interactive Entertainment Technology Ltd. (NASDAQ: BHAT) gained 19.2% to $3.2194. Blue Hat Interactive Entertainment Technology reported a registered direct offering of ordinary shares.
Akanda Corp. (NASDAQ: AKAN) gained 18.5% to $0.9300 after the company announced it will supply Tetra Bio-Pharma with pharmaceutical-grade cannabis for FDA trials of QIXLEEF.
Herbalife Nutrition Ltd. (NYSE: HLF) rose 16% to $22.85 after Jefferies upgraded the stock from Hold to Buy.
NuCana plc (NASDAQ: NCNA) gained 15% to $0.92. Regional Court ...",2022-07-12 16:00:29+00:00,https://www.benzinga.com/news/22/07/28037394/why-is-canoo-surging-by-80-52-stocks-moving-in-tuesdays-mid-day-session,Benzinga,0.1273726273726274,0.443972693972694,positive,0.1273726273726274,False,True,True,False,False,True,False,True,0.0,2426,"['GROV', 'WTRH', 'NGD', 'AKAN', 'ORMP', 'MITO', 'NOW', 'USEA', 'AAL', 'BHAT', 'COMS', 'RYTM', 'INDO', 'HA', 'VINO', 'HSTO', 'INMD', 'COSM', 'PLRX', 'PSMT', 'PMN', 'LGHL', 'TEAM', 'INPX', 'KSPN', 'VOXX', 'WPRT', 'MTC', 'GLSI', 'BA', 'FBRX', 'MPLN', 'GPS', 'NVOS', 'ETWO', 'HLF', 'NCNA', 'KRBP', 'UAL', 'VS', 'MINM', 'CANF', 'ITRM', 'GOEV', 'TH', 'ASRT', 'SSU', 'ENPH', 'HOTH', 'SKYX']",UAL,2022-07-12
Why Airline Stocks Are Taking Off Today,American provided a positive update on how the second quarter finished.,2022-07-12 17:13:02+00:00,https://www.fool.com/investing/2022/07/12/why-airline-stocks-are-taking-off-today/,The Motley Fool,0.07575757575757576,0.1818181818181818,neutral,0.07575757575757576,False,False,True,False,False,False,False,False,0.0,112,"['AAL', 'JBLU', 'LUV', 'UAL', 'DAL', 'ALK']",UAL,2022-07-12
"Boeing, PriceSmart And 80 Biggest Movers From Yesterday","Gainers

Sharps Compliance Corp. (NASDAQ: SMED) shares jumped 196.1% to close at $8.44 on Tuesday after the company it will be acquired by an affiliate of Aurora Capital Partners for $8.75 per share.
Canoo Inc. (NASDAQ: GOEV) shares climbed 53.2% to close at $3.63 after Walmart signed a definitive agreement with the company to purchase 4,500 all-electric delivery vehicles, beginning with the Lifestyle Delivery Vehicle, with the option to purchase up to 10,000 units.
Rhythm Pharmaceuticals, Inc. (NASDAQ: RYTM) jumped 42.2% to close at $6.67 after the company announced positive interim results from a Phase 2 clinical trial evaluating setmelanotide for the treatment of severe obesity and hyperphagia in people living with hypothalamic obesity.
Greenwich LifeSciences, Inc. (NASDAQ: GLSI) shares jumped 39% to close at $11.98. The FDA has removed the clinical hold on Greenwich LifeSciences’ Flamingo-01 Phase 3 trial of GP2, immunotherapy to prevent breast cancer recurrences.
Regional Health Properties, Inc. (NYSE: RHE) gained 36.9% to close at $3.73.
China Online Education Group (NYSE: COE) jumped 32.8% to settle at $1.6074. China Online Education Group, last month, reported a first-quarter FY22 revenue decline of 89.7% year-on-year to $9.5 million.
Histogen Inc. (NASDAQ: HSTO) rose 27.5% to close at $3.76 after gaining around 12% on Monday. The company, last month, announced a 1-for-20 reverse stock split.
Romeo Power, Inc. (NYSE: RMO) surged 26% to settle at $0.63. Romeo Power highlighted opening of new manufacturing center.
Lucira Health, Inc. (NASDAQ: LHDX) gained 24.3% to settle at $3.02.
Aclarion, Inc. (NASDAQ: ACON) jumped 22.9% to close at $1.01.
Fujian Blue Hat Interactive Entertainment Technology Ltd. (NASDAQ: BHAT) climbed 22.6% to close at $3.31. Blue Hat Interactive Entertainment Technology reported a registered direct offering of ordinary shares.
Kaspien Holdings Inc. (NASDAQ: KSPN) fell 22.5% to close at $5.28 after jumping around 162% on Monday.
NuCana plc (NASDAQ: NCNA) gained 21.1% to close at $0.9689. Regional Court of Dusseldorf has ruled in favor of NuCana, stating that Gilead Sciences Ireland UC and Gilead Sciences GmbH infringed NuCana's composition of matter claims in European Patent 2955190 through their sales of Sovaldi, Harvoni, Vosevi and Epclusa in Germany.
Alpha Teknova, Inc. (NASDAQ: TKNO) climbed 21.1% to settle at $9.20. Alpha Teknova recently filed for mixed shelf of up to $225 million.
SunLink Health Systems, Inc. (NYSE: SSY) rose 20.8% to close at $1.17.
Eos Energy Enterprises, Inc. (NASDAQ: EOSE) gained 19% to close at $2.13. Eos Energy Enterprises recently announced the signing of two orders with Bridgelink Commodities and a Northeast solar developer totaling 1.1 GWh of energy storage capacity, and said its backlog is now over $460 million.
Adial Pharmaceuticals, Inc. (NASDAQ: ADIL) surged 18.1% to settle at $1.50.
MyMD Pharmaceuticals, Inc. (NASDAQ: MYMD) rose 17.1% to close at $5.00.
Atara Biotherapeutics, Inc. (NASDAQ: ATRA) gained 17% to close at $8.66.
Atara Biotherapeutics reported completion of the ATA188 Phase 2 EMBOLD study interim analysis in patients with progressive MS.
Verrica Pharmaceuticals Inc. (NASDAQ: VRCA) gained 15.7% to close at $3.40.
Indonesia Energy Corporation Limited (NYSE: INDO) rose 15.6% to close at $6.73 after the company announced it has discovered a potential natural gas bearing reservoir while drilling the Kruh-28 well.
InMode Ltd. (NASDAQ: INMD) gained 15.5% to close at $26.73 ...",2022-07-13 08:59:07+00:00,https://www.benzinga.com/news/22/07/28044960/boeing-pricesmart-and-80-biggest-movers-from-yesterday,Benzinga,0.12711038961038962,0.42130952380952386,positive,0.12711038961038962,True,True,True,False,False,True,False,True,0.0,3565,"['DAL', 'GOEV', 'HUBS', 'NGD', 'VS', 'GPS', 'RMO', 'RYTM', 'NOW', 'ITRM', 'HLF', 'LHDX', 'DTEA', 'SSY', 'VRCA', 'UAL', 'LVTX', 'VINO', 'COMS', 'ASRT', 'CANF', 'MYMD', 'COSM', 'ENDP', 'WTRH', 'MITO', 'TH', 'TKNO', 'SRAX', 'HA', 'BHAT', 'ENPH', 'VLCN', 'PMN', 'INMD', 'INDO', 'GROV', 'WBEV', 'INPX', 'MOVE', 'HSTO', 'HASI', 'KPRX', 'MTC', 'PSMT', 'PLRX', 'MBII', 'AERC', 'FBRX', 'SMED', 'KSPN', 'AAL', 'GRNA', 'NVOS', 'TEAM', 'VOXX', 'GLSI', 'ALDX', 'SKYX', 'NCNA', 'WPRT', 'MPLN', 'PAYC', 'AKAN', 'RHE', 'AZ', 'ETWO', 'FRSH', 'SWVL', 'ASNS', 'BA', 'KRBP', 'ATRA', 'ACON', 'ADIL', 'CCL', 'EOSE', 'COE', 'USEA', 'BIOX']",UAL,2022-07-13
VIX Suggests More Pain For US Stock Markets Ahead,"The Chicago Board Options Exchange's CBOE Volatility Index (VIX) jumped more than 4% after markets closed on Tuesday.

Check out stocks making big moves in the premarket.
 
US stocks had a rough day, ending Tuesday’s trading session with losses. The Dow Jones index lost 0.62%, while the S&P 500 was down 0.92%. The Nasdaq Composite and Nasdaq 100 shed 0.95% and 0.97%, respectively.
ServiceNow Inc’s (NYSE: NOW) stock ...",2022-07-13 11:39:09+00:00,https://www.benzinga.com/news/22/07/28046976/vix-suggests-more-pain-for-us-stock-markets-ahead,Benzinga,0.09206349206349207,0.2841269841269842,neutral,0.09206349206349207,True,False,False,False,False,False,False,False,0.0,473,"['NOW', 'BA', 'CCL', 'CRM', 'DAL', 'UAL', 'ENPH', 'AAL']",UAL,2022-07-13
Delta Air Lines (DAL) Q2 Earnings Miss Estimates,"Delta (DAL) delivered earnings and revenue surprises of -15.79% and 1.58%, respectively, for the quarter ended June 2022. Do the numbers hold clues to what lies ahead for the stock?",2022-07-13 11:45:03+00:00,https://www.zacks.com/stock/news/1951542/delta-air-lines-dal-q2-earnings-miss-estimates,Zacks Investment Research,0.0,0.1,neutral,0.0,True,False,False,False,False,False,False,False,0.0,231,"['DAL', 'UAL']",UAL,2022-07-13
United Airlines (UAL) Earnings Expected to Grow: What to Know Ahead of Next Week's Release,United (UAL) possesses the right combination of the two key ingredients for a likely earnings beat in its upcoming report. Get prepared with the key expectations.,2022-07-13 14:00:34+00:00,https://www.zacks.com/stock/news/1951731/united-airlines-ual-earnings-expected-to-grow-what-to-know-ahead-of-next-weeks-release,Zacks Investment Research,0.03095238095238095,0.655952380952381,neutral,0.03095238095238095,True,False,False,False,True,False,False,False,0.0,254,['UAL'],UAL,2022-07-13
Is a Beat Ahead for United Airlines (UAL) in Q2 Earnings?,"United Airlines' (UAL) second-quarter 2022 revenues are expected to have benefited from the recovery of air-travel demand. However, rising fuel costs might have hurt the bottom line.",2022-07-13 14:47:00+00:00,https://www.zacks.com/stock/news/1951816/is-a-beat-ahead-for-united-airlines-ual-in-q2-earnings,Zacks Investment Research,-0.1,0.4,neutral,0.1,True,False,True,False,False,False,False,False,0.0,241,"['UAL', 'LUV', 'NSC', 'KEX']",UAL,2022-07-13
Why Delta Air Lines Is Leading the Entire Airline Sector Down Today,Earnings season starts with a reality check.,2022-07-13 17:03:55+00:00,https://www.fool.com/investing/2022/07/13/why-delta-air-lines-is-leading-the-entire-airline/,The Motley Fool,-0.07777777777777779,0.4569444444444445,neutral,0.07777777777777779,True,False,True,False,False,False,False,False,0.0,113,"['DAL', 'JBLU', 'UAL', 'SAVE', 'AAL', 'ULCC']",UAL,2022-07-13
United Airlines (UAL) Dips More Than Broader Markets: What You Should Know,"United Airlines (UAL) closed at $37.91 in the latest trading session, marking a -0.84% move from the prior day.",2022-07-13 21:50:21+00:00,https://www.zacks.com/stock/news/1952013/united-airlines-ual-dips-more-than-broader-markets-what-you-should-know,Zacks Investment Research,0.225,0.375,positive,0.225,False,False,False,False,False,False,False,False,0.0,187,['UAL'],UAL,2022-07-13
Market Volatility Rises As Investors Await Producer Price Index,"The Chicago Board Options Exchange's CBOE Volatility Index (VIX) climbed around 1.4% to 27.67 on Thursday.
US stocks had another rough day, settling lower on Wednesday. The Dow Jones index fell 0.67% to 30,772.79, while the S&P 500 declined by 0.45% to 3,801.78. The Nasdaq Composite shed 0.15% in the session.
Twitter, Inc. (NYSE: TWTR) ...",2022-07-14 12:19:23+00:00,https://www.benzinga.com/trading-ideas/long-ideas/22/07/28063730/market-volatility-rises-as-investors-await-producer-price-index,Benzinga,-0.1,0.4,neutral,0.1,False,False,False,False,False,False,False,False,0.0,406,"['FAST', 'DAL', 'UAL', 'TWTR', 'AAL']",UAL,2022-07-14
Alaska Air Group (ALK) Reports Next Week: Wall Street Expects Earnings Growth,Alaska Air (ALK) possesses the right combination of the two key ingredients for a likely earnings beat in its upcoming report. Get prepared with the key expectations.,2022-07-14 14:00:41+00:00,https://www.zacks.com/stock/news/1952385/alaska-air-group-alk-reports-next-week-wall-street-expects-earnings-growth,Zacks Investment Research,0.05714285714285714,0.7071428571428571,neutral,0.05714285714285714,True,False,False,False,False,False,False,False,0.0,245,"['ALK', 'UAL']",UAL,2022-07-14
Previewing The Airliners: Can Shares Take Flight?,"All three companies, American Airlines, United Airlines, and Southwest Airlines, reside in the Zacks Transportation - Airline Industry, which has tumbled 22% year-to-date.",2022-07-15 20:04:00+00:00,https://www.zacks.com/stock/news/1953126/previewing-the-airliners-can-shares-take-flight,Zacks Investment Research,0.0,0.0,neutral,0.0,False,False,False,False,False,False,False,False,0.0,222,"['DAL', 'UAL', 'LUV', 'AAL']",UAL,2022-07-15
"1 Stock To Buy, 1 Stock To Dump This Week: Johnson & Johnson, Snap",,2022-07-17 11:34:00+00:00,https://www.investing.com/analysis/1-stock-to-buy-1-stock-to-dump-this-week-johnson--johnson-snap-200627210,Investing.com,0.0,0.0,neutral,0.0,False,True,False,False,False,False,False,False,0.0,68,"['TSLA', 'NFLX', 'TWTR', 'IBM', 'BAC', 'GS', 'AXP', 'T', 'VZ', 'UAL', 'AAL', 'JNJ', 'SNAP']",UAL,2022-07-17
Will companies continue to raise prices to maintain their record profit margins?,"As earnings reporting season kicks into high gear, there is one major question that could determine where stock prices and inflation will head from here: Will companies continue to raise prices or  cut costs in an attempt to maintain the record profit margins of 2021?",2022-07-18 11:22:00+00:00,https://www.marketwatch.com/story/will-companies-continue-to-raise-prices-to-maintain-their-record-profit-margins-11657982693,MarketWatch,0.11125,0.52,positive,0.11125,True,False,False,False,False,False,False,False,0.0,350,"['PEP', 'XOM', 'UAL', 'AAL', 'ALK', 'DJIA', 'IBM', 'GS', 'JNJ', 'DOW', 'TRV', 'VZ', 'AXP', 'TSLA', 'TWTR', 'SNAP', 'AAPL', 'META', 'GOOGL', 'GOOG', 'NFLX']",UAL,2022-07-18
Why Airline Stocks Are Gaining Altitude Today,Long-term-focused investors see a lot to like in the airlines.,2022-07-18 17:19:42+00:00,https://www.fool.com/investing/2022/07/18/why-airline-stocks-are-gaining-altitude-today/,The Motley Fool,0.0,0.0,neutral,0.0,False,False,False,False,False,False,False,False,0.0,109,"['DAL', 'JBLU', 'UAL', 'SAVE', 'AAL']",UAL,2022-07-18
"3 Delta Air Lines Trades, Including Cash Secured Put Selling",,2022-07-18 18:33:00+00:00,https://www.investing.com/analysis/3-delta-air-lines-trades-including-cash-secured-put-selling-200627269,Investing.com,0.0,0.0,neutral,0.0,False,False,True,False,False,False,False,False,0.0,62,"['DAL', 'UAL', 'AAL', 'AXP', 'JETS', 'CRUZ', 'IYT', 'RGI', 'FTXR']",UAL,2022-07-18
Why United Airlines (UAL) is a Top Momentum Stock for the Long-Term,"Wondering how to pick strong, market-beating stocks for your investment portfolio? Look no further than the Zacks Style Scores.",2022-07-19 13:50:04+00:00,https://www.zacks.com/stock/news/1954272/why-united-airlines-ual-is-a-top-momentum-stock-for-the-long-term,Zacks Investment Research,0.3111111111111111,0.5777777777777778,positive,0.3111111111111111,False,False,False,False,False,False,False,False,0.0,196,['UAL'],UAL,2022-07-19
Why Airline Stocks Are Rising Again Today,Investors are hopeful a recession can be avoided.,2022-07-19 19:47:45+00:00,https://www.fool.com/investing/2022/07/19/why-airline-stocks-are-rising-again-today/,The Motley Fool,0.0,0.0,neutral,0.0,False,False,False,False,False,False,False,False,0.0,92,"['AAL', 'UAL', 'DAL']",UAL,2022-07-19
These are the airlines with the most delays and cancellations,"Here's the on-time arrivals rate and cancellation rate of the 10 largest U.S. airlines, plus the best way to get where you're going on time.",2022-07-20 09:01:00+00:00,https://www.marketwatch.com/story/these-are-the-airlines-with-the-most-delays-and-cancellations-11657902358,MarketWatch,0.75,0.4,positive,0.75,False,False,False,False,False,False,False,False,0.0,203,"['DAL', 'HA', 'AAL', 'UAL', 'ALK', 'LUV', 'SAVE', 'JBLU']",UAL,2022-07-20
"Earnings Season Gathers Pace, Home Sales Numbers Awaited","Earnings Season Gathers Pace, Home Sales Numbers Awaited.",2022-07-20 13:55:00+00:00,https://www.zacks.com/stock/news/1955145/earnings-season-gathers-pace-home-sales-numbers-awaited,Zacks Investment Research,0.0,0.0,neutral,0.0,True,False,False,False,False,False,False,False,0.0,115,"['ABT', 'CSX', 'UAL', 'TSLA']",UAL,2022-07-20
"Pre-Market Gives Back Some Gains; Abbott Beats, Raises","At this hour, the Dow is -110 points, while the Nasdaq is -20 and the S&P 500 is -15 points. It???s a relatively mild give-back, but it's also early.",2022-07-20 14:15:00+00:00,https://www.zacks.com/stock/news/1955107/pre-market-gives-back-some-gains-abbott-beats-raises,Zacks Investment Research,0.14444444444444446,0.26666666666666666,positive,0.14444444444444446,False,False,False,False,False,False,False,False,0.0,205,"['ABT', 'CSX', 'UAL', 'TSLA']",UAL,2022-07-20
What United Airlines Earnings Will Tell Us About Summer Travel Chaos,"Strong demand for flights coupled with a reduction in the number of flights will be a key storyline when United Airlines Holdings (NASDAQ: UAL) reports quarterly earnings after market close Wednesday. Could the recent earnings report from Delta Airlines, Inc. (NYSE: DAL) foreshadow what’s to come?
What Happened: Delta Airlines reported adjusted revenue of $12.3 billion for the second quarter, which the company said was 99% recovered versus the June 2019 quarter. Revenue from the company beat analysts’ expectations according to data from Benzinga Pro.
The company cited growing demand in the quarter, which helped offset a rise in fuel prices. Domestic demand was the key for the quarter and the company stated the “business recovery progressing.”
Many reports have shown that air travel demand is increasing, despite higher ticket prices for consumers. Ticket prices were down slightly from May to June, according to a CNBC report, which could play into the strong numbers from Delta and potentially other airlines for the second quarter.
On July 14, roundtrip flights averaged $375 in the U.S., down from a peak of $413 in May. The total remains up 13% from 2019 levels, which might mean airlines could continue to post strong revenue figures for the second and third quarters.
Factors weighing into airline ...",2022-07-20 18:09:22+00:00,https://www.benzinga.com/news/22/07/28137923/what-united-airlines-will-tell-us-about-the-crazy-summer-travel-chaos,Benzinga,0.05972222222222221,0.4266812865497076,neutral,0.05972222222222221,True,False,True,False,False,False,False,False,0.0,1388,"['DAL', 'LUV', 'UAL', 'AAL', 'JETS']",UAL,2022-07-20
Should you buy United Airlines stock ahead of Q2 earnings?,"United Airlines Holdings Inc (NASDAQ: UAL) is set to report its financial results for the second quarter after the bell. Ahead of earnings, the Managing Director of FX Strategy at BK Asset Management says the stock down roughly 8.0% year-to-date is a “buy”. United Airlines stock has upside to $60 Boris Schlossberg agrees the air […]
The post Should you buy United Airlines stock ahead of Q2 earnings? appeared first on Invezz.",2022-07-20 20:12:24+00:00,https://invezz.com/news/2022/07/20/united-airlines-stock-is-a-buy-ahead-of-q2-earnings/,Invezz,-0.0011111111111111183,0.20444444444444443,neutral,0.0011111111111111183,True,True,True,False,False,False,True,False,0.0,488,['UAL'],UAL,2022-07-20
"United Airlines posts first profitable quarter of pandemic, but the stock is still getting pounded",United Airlines Holdings Inc. shares fell in the extended session Wednesday after the airline fell short of Wall Street estimates even as it reported its first profitable quarter since COVID-19 began amid record-high fuel prices.,2022-07-20 21:02:00+00:00,https://www.marketwatch.com/story/united-airlines-posts-first-profitable-quarter-of-pandemic-but-the-stock-is-still-getting-pounded-11658350954,MarketWatch,0.16666666666666666,0.3222222222222222,positive,0.16666666666666666,True,False,False,False,False,False,False,False,0.0,329,['UAL'],UAL,2022-07-20
United Airlines (UAL) Misses Q2 Earnings Estimates,"United (UAL) delivered earnings and revenue surprises of -23.12% and 0.65%, respectively, for the quarter ended June 2022. Do the numbers hold clues to what lies ahead for the stock?",2022-07-20 21:45:08+00:00,https://www.zacks.com/stock/news/1955410/united-airlines-ual-misses-q2-earnings-estimates,Zacks Investment Research,0.0,0.1,neutral,0.0,True,False,False,False,False,False,False,False,0.0,234,"['UAL', 'ALK']",UAL,2022-07-20
"Markets Modestly Up on Relief Rally; Tesla, United, Sands Mixed in Q2","If we didn't know better, we might assume market participants are looking past a short-term recession into stronger economic conditions ahead.",2022-07-20 21:55:00+00:00,https://www.zacks.com/stock/news/1955412/markets-modestly-up-on-relief-rally-tesla-united-sands-mixed-in-q2,Zacks Investment Research,0.11000000000000001,0.42000000000000004,positive,0.11000000000000001,False,False,False,False,False,False,False,False,0.0,213,"['UAL', 'LVS', 'TSLA']",UAL,2022-07-20
"AT&T, Tesla And 3 Stocks To Watch Heading Into Thursday","With US stock futures trading higher this morning on Thursday ahead of earnings reports from several big companies, some of the stocks that may grab investor focus today are as follows:

Wall Street expects  AT&T Inc.  (NYSE: T) to report quarterly earnings at $0.61 per share on revenue of $29.56 billion before the opening bell. AT&T shares rose 0.5% to $20.59 in after-hours trading.
Tesla Inc  ...",2022-07-21 07:20:33+00:00,https://www.benzinga.com/news/earnings/22/07/28145855/at-t-tesla-and-3-stocks-to-watch-heading-into-thursday,Benzinga,0.2125,0.38749999999999996,positive,0.2125,True,False,False,False,False,False,False,False,0.0,458,"['DOW', 'T', 'TSLA', 'UAL', 'AAL']",UAL,2022-07-21
U.S. Stock Futures Lower; Tesla Posts Upbeat Q2 Earnings,"Pre-open movers
U.S. stock futures traded lower in early pre-market trade on Thursday after the Nasdaq jumped over 1.5% the previous session. Investors are awaiting earnings results from  AT&T Inc. (NYSE: T),  American Airlines Group Inc.  (NASDAQ: AAL) and  Dow Inc. (NYSE: DOW).
Data on initial jobless claims for the latest week and Philadelphia Fed manufacturing index for July will be released at 8:30 a.m. ET. The index of leading economic indicators for June will be released at 10:00 a.m. ET.
U.S. Weekly Jobless Claims Might Decline Slightly To This Level, Here Are The Major Macro Issues For Thursday 
Futures for the Dow Jones Industrial Average dropped 108 points to 31,745.00 while the Standard & Poor’s 500 index futures fell 12.75 points to 3,949.75. Futures for the Nasdaq index fell 39 points to 12,426.25.
Oil prices traded lower as Brent crude futures fell 2.9% to trade at $103.85 ...",2022-07-21 09:13:24+00:00,https://www.benzinga.com/news/earnings/22/07/28146357/u-s-stock-futures-lower-tesla-posts-upbeat-q2-earnings,Benzinga,-0.060069444444444446,0.3527777777777778,neutral,0.060069444444444446,True,False,False,False,True,False,False,False,0.0,962,"['AA', 'DOW', 'T', 'TSLA', 'UAL', 'AAL', 'PYPL']",UAL,2022-07-21
Why Is United Airlines Down By Over 6%? Here Are 25 Stocks Moving In Thursday's Pre-Market Session,"Gainers

Tuesday Morning Corporation (NASDAQ: TUEM) rose 72.1% to $0.3420 in pre-market trading after dipping 30% on Wednesday. Tuesday Morning recently announced partnership with Intalytics for customized location intelligence solutions.
Addex Therapeutics Ltd (NASDAQ: ADXN) rose 62.3% to $1.49 in pre-market trading after the company issued corporate update and financial guidance.
Super Micro Computer, Inc. (NASDAQ: SMCI) rose 18.8% to $54.17 in pre-market trading after the company issued Q4 sales guidance above estimates.
AIM ImmunoTech Inc.  (NYSE: AIM) rose 16.2% to $0.9299 in pre-market trading after gaining 11% on Wednesday. AIM ImmunoTech reported follow-on data from its published single-center named patient program.
Ur-Energy Inc.  (NYSE: URG) rose 15.4% to $1.35 in pre-market trading after climbing around 4% on Wednesday.
Scopus BioPharma Inc. (NASDAQ: SCPS) rose 14.4% to $0.45 in pre-market trading after gaining over 6% on Wednesday.
Gorilla Technology Group Inc.  (NASDAQ: GRRR) rose 13.9% to $15.00 in pre-market trading after declining more than 7% on Wednesday.
Exela Technologies, Inc.  (NASDAQ: XELA) rose 11.4% to $0.1687 in pre-market trading after jumping 14% ...",2022-07-21 09:53:52+00:00,https://www.benzinga.com/news/22/07/28146596/why-is-united-airlines-down-by-over-6-here-are-25-stocks-moving-in-thursdays-pre-market-session,Benzinga,0.29861111111111105,0.6378472222222221,positive,0.29861111111111105,False,False,False,True,False,False,False,False,0.0,1296,"['AIM', 'SCPS', 'URG', 'TUEM', 'ENDP', 'BTCM', 'SMCI', 'VERV', 'AA', 'KPRX', 'CCL', 'JCSE', 'NOK', 'VEDU', 'TSLA', 'PGY', 'UAL', 'GRRR', 'QTEK', 'APLD', 'CLRB', 'SDIG', 'ATXI', 'XELA', 'ADXN']",UAL,2022-07-21
United Airlines (UAL) Stock Drops Post Q2 Earnings Miss,"For the third quarter, United Airlines (UAL) expects capacity to decline around 11% from the third-quarter 2019 reading.",2022-07-21 11:39:00+00:00,https://www.zacks.com/stock/news/1955641/united-airlines-ual-stock-drops-post-q2-earnings-miss,Zacks Investment Research,0.0,0.0,neutral,0.0,True,False,False,False,False,False,False,False,0.0,177,"['UAL', 'DAL', 'JBHT']",UAL,2022-07-21
"The Zacks Analyst Blog Highlights Tesla, United Airlines and Las Vegas Sands","Tesla, United Airlines and Las Vegas Sands have been included in this Analyst Blog.",2022-07-21 13:17:00+00:00,https://www.zacks.com/stock/news/1955827/the-zacks-analyst-blog-highlights-tesla-united-airlines-and-las-vegas-sands,Zacks Investment Research,0.0,0.0,neutral,0.0,False,False,False,False,False,False,False,False,0.0,161,"['UAL', 'LVS', 'TSLA']",UAL,2022-07-21
"United Airlines, American Airlines And Some Other Big Stocks Moving Lower On Thursday","Insteel Industries, Inc.  (NASDAQ: IIIN) fell 16.8% to $33.96 after the company posted weaker-than-expected Q3 results.
Pagaya Technologies Ltd. (NASDAQ: PGY) fell 16.1% to $5.20. Pagaya Technologies shares jumped around 130% on Wednesday on continued volatility after the company completed its SPAC merger agreement last month.
Carnival Corporation (NYSE: CCL) fell 12.4% to $9.72 after the company priced its 102 million share offering at $9.95 per share.
PBF Energy Inc. (NYSE: PBF) dropped 10.2% to $25.68. Morgan Stanley, last week, maintained PBF Energy with an Equal-Weight and raised the price target from $34 to $36.
Discover Financial Services (NYSE: ...",2022-07-21 15:20:06+00:00,https://www.benzinga.com/news/22/07/28154532/united-airlines-american-airlines-and-some-other-big-stocks-moving-lower-on-thursday,Benzinga,-0.020833333333333332,0.10138888888888888,neutral,0.020833333333333332,False,True,False,False,False,False,False,False,0.0,751,"['IIIN', 'ALL', 'CCL', 'CVI', 'DFS', 'HP', 'RCL', 'T', 'UAL', 'PBF', 'NCLH', 'CVT', 'AAL', 'HKD', 'XM', 'PGY']",UAL,2022-07-21
"CSX Q2 Earnings & Revenues Surpass Estimates, Up Y/Y","CSX's Q2 results benefit from higher revenues in almost all markets backed by pricing gains, fuel surcharge, and contribution from the acquisition of Quality Carriers.",2022-07-21 15:35:00+00:00,https://www.zacks.com/stock/news/1955991/csx-q2-earnings-revenues-surpass-estimates-up-yy,Zacks Investment Research,0.25,0.5,positive,0.25,True,True,False,False,False,False,False,False,0.0,221,"['CSX', 'DAL', 'UAL', 'JBHT']",UAL,2022-07-21
Why Is Super Micro Computer Higher By More Than 13%? 42 Stocks Moving In Thursday's Mid-Day Session,"Gainers

Virax Biolabs Group Limited  (NASDAQ: VRAX) shares jumped 364.3% to $23.22. The company offered shares at an expected price of $5.00 per share with an insider lock-up period of 180 days ending on January 17, 2023.
Addex Therapeutics Ltd (NASDAQ: ADXN) jumped 131.1% to $2.12 after the company issued corporate update and financial guidance.
1Life Healthcare, Inc.  (NASDAQ: ONEM) gained 68% to $17.10 after Amazon announced it will acquire the company for $18 per share in an all-cash transaction valued at approximately $3.9 billion.
Tabula Rasa HealthCare, Inc.  (NASDAQ: TRHC) shares jumped 47.3% to $3.8299 after the company said it expects Q2 sales of $72 – $73 million, exceeding the prior guidance range of $66 – $69 million and the consensus of $67.61 million.
Tuesday Morning Corporation (NASDAQ: TUEM) gained 39.4% to $0.2769 after dipping 30% on Wednesday. Tuesday Morning recently announced partnership with Intalytics for customized location intelligence solutions.
Evofem Biosciences, Inc. (NASDAQ: EVFM) gained 23.7% to $1.02. Evofem partnered with A360 media to support Phexxi prescription growth.
Mondee Holdings, Inc. (NASDAQ: MOND) surged 18.4% to $9.59.
PARTS iD, Inc. (NYSE: ID) jumped 15.7% to $1.2499. EF Hutton initiated coverage on PARTS iD with a Buy rating and announced a price target of $3.
ToughBuilt Industries, Inc. (NASDAQ: TBLT) surged 15.5% to $4.8384.
BT Brands, Inc. (NASDAQ: BTBD) gained 15.3% to $2.5606.
Acutus Medical, Inc. (NASDAQ: AFIB) jumped 14.4% to $1.59. Acutus Medical appointed David Roman as President and CEO. The company also said it sees preliminary Q2 sales of $4 million to $4.1 million.
CareMax, Inc. (NASDAQ: CMAX) surged 14.3% to $6.61.
Repligen Corporation (NASDAQ: RGEN) jumped ...",2022-07-21 16:33:16+00:00,https://www.benzinga.com/news/22/07/28156009/why-is-super-micro-computer-higher-by-more-than-13-42-stocks-moving-in-thursdays-mid-day-session,Benzinga,0.04265873015873015,0.25496031746031744,neutral,0.04265873015873015,False,True,False,True,False,False,True,False,0.0,1852,"['ENDP', 'APLD', 'SLHG', 'IIIN', 'EVGN', 'CMAX', 'RELL', 'VBLT', 'VERV', 'RGEN', 'SDIG', 'LMDX', 'SMCI', 'TRHC', 'MOND', 'A', 'DTSS', 'JCSE', 'BIO', 'BEDU', 'VEDU', 'CCL', 'ADIL', 'PGY', 'DFS', 'EVFM', 'ILAG', 'DHR', 'TBLT', 'ID', 'ONEM', 'NOK', 'ADXN', 'PM', 'BTBD', 'TSLA', 'AFIB', 'UAL', 'TUEM', 'ADMP', 'MIGI']",UAL,2022-07-21
Why Airline Stocks Are Down Today Even After 2 Big Carriers Turned Profitable,The outlook for the next few months is murky at best.,2022-07-21 17:26:51+00:00,https://www.fool.com/investing/2022/07/21/why-airline-stocks-are-down-today-even-after-2-big/,The Motley Fool,0.1288888888888889,0.1577777777777778,positive,0.1288888888888889,True,False,False,False,False,False,False,False,0.0,132,"['AAL', 'UAL', 'DAL']",UAL,2022-07-21
American Airlines (AAL) Stock Slips Post Q2 Earnings Miss,Average fuel price per gallon at American Airlines (AAL) climbs to $4.03 in Q222 from $1.91 a year ago.,2022-07-21 19:59:00+00:00,https://www.zacks.com/stock/news/1956048/american-airlines-aal-stock-slips-post-q2-earnings-miss,Zacks Investment Research,-0.049999999999999996,0.13333333333333333,neutral,0.049999999999999996,True,False,False,False,False,False,False,False,0.0,162,"['AAL', 'DAL', 'UAL']",UAL,2022-07-21
This Healthcare Stock Jumped 110%; Here Are 64 Biggest Movers From Yesterday,"Gainers

Virax Biolabs Group Limited  (NASDAQ: VRAX) shares climbed 264% to close at $18.20 on Thursday. The company offered shares at an expected price of $5.00 per share with an insider lock-up period of 180 days ending on January 17, 2023.
Addex Therapeutics Ltd (NASDAQ: ADXN) gained 110.4% to close at $1.93 after the company issued corporate update and financial guidance. The company announced the reduction of its issued, authorized and conditional share capital from CHF 1.00 to CHF 0.01 and provided corporate updates.
1Life Healthcare, Inc.  (NASDAQ: ONEM) gained 69.5% to close at $17.25 after Amazon announced it will acquire the company for $18 per share in an all-cash transaction valued at approximately $3.9 billion.
Tabula Rasa HealthCare, Inc.  (NASDAQ: TRHC) shares jumped 56.5% to close at $4.07 after the company said it expects Q2 sales of $72 – $73 million, exceeding the prior guidance range of $66 – $69 million and the consensus of $67.61 million.
Tuesday Morning Corporation (NASDAQ: TUEM) rose 42.8% to close at $0.2838 after dipping 30% on Wednesday. Tuesday Morning recently announced partnership with Intalytics for customized location intelligence solutions.
ToughBuilt Industries, Inc. (NASDAQ: TBLT) climbed 36.5% to close at $5.72.
Vertical Aerospace Ltd. (NASDAQ: EVTL) gained 34.3% to close at $8.07. Strength was possibly due to continued momentum after the company announced an order for its VX4 aircrafts last week. The company also announced a partnership to explore new variants for the VX4.
Skylight Health Group Inc. (NASDAQ: SLHG) rose 26.5% to close at $0.6450.
Entera Bio Ltd. (NASDAQ: ENTX) gained 25.2% to settle at $1.89.
Pintec Technology Holdings Limited (NASDAQ: PT) gained 25.1% to close at $1.11.
MoonLake Immunotherapeutics (NASDAQ: MLTX) gained 25% to close at $6.91 after HC Wainwright & Co. initiated coverage on the stock with a Buy rating and a $28 price target.
Phunware, Inc. (NASDAQ: PHUN) jumped 24.8% to close at $1.76.
Kaltura, Inc. (NASDAQ: KLTR) gained 23.7% to settle at $2.56.
Altice USA, Inc. (NASDAQ: ATUS) gained 22.3% to settle at $11.23 following a report suggesting the company is said to weigh a Suddenlink sale for up to $20 billion.
Belite Bio, Inc (NASDAQ: BLTE) jumped 22.1% to close at $41.51.
LightPath Technologies, Inc. (NASDAQ: LPTH) surged 21.5% to close at $1.75.
SkyWater Technology, Inc. (NASDAQ: SKYT) gained 21.3% to close at $13.16.
Evofem Biosciences, Inc. (NASDAQ: EVFM) rose 20.7% to close at $1.00. Evofem partnered with A360 ...",2022-07-22 09:04:48+00:00,https://www.benzinga.com/news/22/07/28165051/this-healthcare-stock-jumped-110-here-are-64-biggest-movers-from-yesterday,Benzinga,0.07303165584415584,0.33637040043290045,neutral,0.07303165584415584,False,True,False,True,False,False,False,False,0.0,2606,"['DTSS', 'SLI', 'KLTR', 'PT', 'ATUS', 'COMS', 'SLHG', 'WTI', 'ADIL', 'IIIN', 'CMAX', 'TSLA', 'ENTX', 'LPTH', 'VERV', 'UAL', 'EVFM', 'NYMX', 'BOXD', 'PRPH', 'TBLT', 'RELL', 'FFIE', 'ADMP', 'SKYT', 'OYST', 'RGEN', 'LMDX', 'CANO', 'AACG', 'SMCI', 'VLD', 'PHUN', 'KRKR', 'A', 'EVTL', 'APLD', 'ONEM', 'BIO', 'SOND', 'EVGN', 'ADXN', 'CCL', 'VRAX', 'OTIC', 'DMS', 'DFS', 'XPON', 'VBLT', 'AFIB', 'DHR', 'BLTE', 'SDIG', 'OLMA', 'ID', 'VEDU', 'TRHC', 'NLSP', 'NOK', 'PGY', 'MLTX', 'TUEM', 'PM', 'ILAG']",UAL,2022-07-22
"Airline Stock Roundup: UAL, ALK & AAL's Q2 Earnings, DAL in Focus",High fuel costs dampen earnings performances of AAL and UAL for Q2 with lower-than-expected results.,2022-07-22 19:00:00+00:00,https://www.zacks.com/stock/news/1956680/airline-stock-roundup-ual-alk-aals-q2-earnings-dal-in-focus,Zacks Investment Research,0.16,0.5399999999999999,positive,0.16,True,False,False,False,False,False,False,False,0.0,167,"['DAL', 'UAL', 'AAL', 'ALK']",UAL,2022-07-22
United Airlines Stock Plunges 10% After Earnings: Time to Buy?,"United Airlines stock looks extremely cheap, but only if you believe management's margin expansion plan will succeed.",2022-07-23 13:10:00+00:00,https://www.fool.com/investing/2022/07/23/united-airlines-stock-plunges-10-after-earnings-ti/,The Motley Fool,0.2,0.85,positive,0.2,True,True,False,False,False,False,True,False,0.0,181,['UAL'],UAL,2022-07-23
"The Zacks Analyst Blog Highlights United Airlines, American Airlines and Alaska Air Group and Delta Air Lines","United Airlines, American Airlines and Alaska Air Group and Delta Air Lines are included in this Analyst Blog.",2022-07-25 10:30:00+00:00,https://www.zacks.com/stock/news/1956901/the-zacks-analyst-blog-highlights-united-airlines-american-airlines-and-alaska-air-group-and-delta-air-lines,Zacks Investment Research,0.0,0.0,neutral,0.0,False,False,False,False,False,False,False,False,0.0,221,"['DAL', 'UAL', 'AAL', 'ALK']",UAL,2022-07-25
"Benzinga's Top Ratings Upgrades, Downgrades For July 25, 2022","Upgrades
For AutoNation Inc (NYSE:AN), Seaport Global upgraded the previous rating of Neutral to Buy. In the second quarter, AutoNation showed an EPS of $6.48, compared to $4.83 from the year-ago quarter. At the moment, the stock has a 52-week-high of $126.39 and a 52-week-low of $96.56. AutoNation closed at $117.07 at the end of the last trading period.   
For The Travelers Companies Inc (NYSE:TRV), Raymond James upgraded the previous rating of Market Perform to Strong Buy. For the second quarter, Travelers Companies had an EPS of $2.57, compared to year-ago quarter EPS of $3.45. The stock has a 52-week-high of $187.98 and a 52-week-low of $152.17. At the end of the last trading period, Travelers Companies closed at $156.42.   
For CION Invt Corp (NYSE:CION), Wells Fargo upgraded the previous rating of Equal-Weight to Overweight. CION Invt earned $0.14 in the first quarter, compared to $0.88 in the year-ago quarter. The current stock performance of CION Invt shows a 52-week-high of $15.09 and a 52-week-low of $7.83. Moreover, at the end of the last trading period, the closing price was at $8.63.   
For SVB Financial Group (NASDAQ:SIVB), Evercore ISI Group upgraded the previous rating of In-Line to Outperform. For the second quarter, SVB Finl Gr had an EPS of $5.60, compared to year-ago quarter EPS of $9.09. The current stock performance of SVB Finl Gr shows a 52-week-high of $752.68 and a 52-week-low of $355.37. Moreover, at the end of the last trading period, the closing price was at $361.36.   
See all analyst ratings upgrades.
Downgrades
For Wolverine World Wide Inc (NYSE:WWW), Williams Capital downgraded the previous rating of Buy to Hold. For the first quarter, Wolverine World Wide had an EPS of $0.41, compared to year-ago quarter EPS of $0.40. At the moment, the stock has a 52-week-high of $29.75 and a 52-week-low of $16.65. Wolverine World Wide closed at $22.66 at the end of the last trading period.   
According to Williams Capital, the prior rating for Kontoor Brands Inc (NYSE:KTB) was changed from Buy to Hold. In the first quarter, Kontoor Brands showed an EPS of $1.43, compared to $1.43 from the year-ago quarter. The current stock performance of Kontoor Brands shows a 52-week-high of $53.14 and a 52-week-low of $30.98. Moreover, at the end of the last trading period, the closing price was at $38.17.   
According to Susquehanna, the prior rating for United Airlines Holdings Inc (NASDAQ:UAL) was changed from Positive to Neutral. In the second quarter, United Airlines Holdings showed an EPS of $1.43, compared to $3.91 from the year-ago quarter. The stock has a 52-week-high of $53.12 and a 52-week-low of $30.54. At the end of the last trading period, United Airlines Holdings closed at $36.33.   
Piper Sandler downgraded the previous rating for Westlake Corp (NYSE:WLK) from Overweight to Neutral. Westlake earned $5.83 in the first quarter, compared to $1.87 in the year-ago quarter. The current stock performance of Westlake shows a 52-week-high of $141.19 and a 52-week-low of $89.00. Moreover, at the end of the last trading period, the closing price was at $91.81.   
According to Scotiabank, the prior rating for Verizon Communications Inc (NYSE:VZ) was changed from Sector Outperform to Sector Perform. For the second quarter, Verizon Communications had an EPS of $1.31, compared to year-ago quarter EPS of $1.37. At the moment, the stock has a 52-week-high of $55.51 and a 52-week-low of $43.77. Verizon Communications closed at $44.45 at the end of the last trading period.   
For Pegasystems Inc (NASDAQ:PEGA), Macquarie downgraded the previous rating of Outperform to Neutral. For the first quarter, Pegasystems had an EPS of $0.59, compared to year-ago quarter EPS of $0.26. At the moment, the stock has a 52-week-high of $111.73 and a 52-week-low of $36.50. Pegasystems closed at $50.07 at the end of the last trading period.   
Macquarie downgraded the previous rating for Twilio Inc (NYSE:TWLO) from Outperform to Neutral. For the first quarter, Twilio had an EPS of $0.00, compared to year-ago quarter EPS of $0.05. The stock has a 52-week-high of $266.74 and a 52-week-low of $77.14. At the end of the last trading period, Twilio closed at $87.33.   
Macquarie downgraded the previous rating for 2U Inc (NASDAQ:TWOU) from Outperform to Neutral. For the first quarter, 2U had an EPS of $0.24, compared to year-ago quarter EPS of $0.12. At the moment, the stock has a 52-week-high of $20.98 and a 52-week-low of $7.28. 2U closed at $10.73 at the end of the last trading period.   
Morgan Stanley downgraded the previous rating for Snap Inc (NYSE:SNAP) from Overweight to Underweight. Snap earned $0.02 in the second quarter, compared to $0.10 in the year-ago quarter. The current stock performance of Snap shows a 52-week-high of $47.71 and a 52-week-low of $9.91. Moreover, at the end of the last trading period, the closing price was at $9.96.   
According to DA Davidson, the prior rating for Paycom Software Inc (NYSE:PAYC) was changed from Buy to Neutral. For the first quarter, Paycom Software had an EPS of $1.90, compared to year-ago quarter EPS of $1.47. The stock has a ...Full story available on Benzinga.com",2022-07-25 14:22:52+00:00,https://www.benzinga.com/analyst-ratings/upgrades/22/07/28187964/benzingas-top-ratings-upgrades-downgrades-for-july-25-2022,Benzinga,0.01260221260221261,0.18061568061568056,neutral,0.01260221260221261,False,True,True,False,False,False,False,False,0.0,5253,"['TRV', 'SNAP', 'CAMT', 'VZ', 'BCSF', 'IART', 'WLK', 'KTB', 'IDCC', 'WWW', 'ONEM', 'IDXX', 'SLRC', 'LPRO', 'LRCX', 'UAL', 'GROY', 'ORCC', 'PEGA', 'GNTA', 'OUST', 'RBCAA', 'SYM', 'CION', 'REGN', 'INTZ', 'IE', 'SIVB', 'VRNS', 'TRIN', 'TWOU', 'AN', 'PAHC', 'BXC', 'PAYC', 'FAF', 'ALLY', 'HUN', 'HNGR', 'PHG', 'TWLO']",UAL,2022-07-25
"If Warren Buffett Isn't Afraid to Cut His Losses, Then You Shouldn't Be Either","If you're no longer bullish on a company's long-term prospects, don't delay the inevitable.",2022-07-26 12:05:00+00:00,https://www.fool.com/investing/2022/07/26/buffett-isnt-afraid-to-cut-losses-you-shouldnt-be/,The Motley Fool,-0.3,0.95,negative,0.3,True,False,False,False,False,False,False,False,0.0,171,"['BRK.A', 'DAL', 'BRK.B', 'LUV', 'UAL', 'AAL']",UAL,2022-07-26
Why UPS Stock Declined Despite Q2 Earnings & Revenue Beat,U.S. Domestic Package revenues increase 7.3% year over year in Q2 at UPS.,2022-07-26 17:47:00+00:00,https://www.zacks.com/stock/news/1958224/why-ups-stock-declined-despite-q2-earnings-revenue-beat,Zacks Investment Research,0.0,0.1,neutral,0.0,True,False,False,False,False,False,False,False,0.0,132,"['UPS', 'CSX', 'UAL', 'JBHT']",UAL,2022-07-26
GATX Stock Steady on the Bourses Since Q2 Earnings Miss,Profits at GATX's Rail North America segment decline in Q2 on a year-over-year basis.,2022-07-27 18:21:00+00:00,https://www.zacks.com/stock/news/1959064/gatx-stock-steady-on-the-bourses-since-q2-earnings-miss,Zacks Investment Research,0.16666666666666666,0.5,positive,0.16666666666666666,True,False,False,False,False,False,False,False,0.0,142,"['GATX', 'CSX', 'UAL', 'JBHT']",UAL,2022-07-27
"C.H. Robinson (CHRW) Q2 Earnings Surpass Estimates, Rise Y/Y",In Q2. C.H. Robinson (CHRW) returns $409.2 million to its shareholders through dividends and buybacks.,2022-07-28 10:54:00+00:00,https://www.zacks.com/stock/news/1959341/ch-robinson-chrw-q2-earnings-surpass-estimates-rise-yy,Zacks Investment Research,0.0,0.0,neutral,0.0,True,True,False,False,False,True,False,False,0.0,164,"['CHRW', 'CSX', 'UAL', 'JBHT']",UAL,2022-07-28
$1.8 Million Bet On United Airlines? 3 Stocks Insiders Are Buying,"Although US stocks closed sharply higher on Wednesday, there were a few notable insider trades.
When insiders purchase shares, it indicates their confidence in the company's prospects or that they view the stock as a bargain. Either way, this signals an opportunity to go long on the stock. Insider purchases should not be taken as the only indicator for making an investment or trading decision. At best, it can lend conviction to a buying decision.
Below is a look at a few recent notable insider purchases. For more, check out  Benzinga's insider transactions  platform.
United Airlines 

The Trade:  United Airlines Holdings, Inc.  (NASDAQ: UAL) Director Edward ...",2022-07-28 10:59:19+00:00,https://www.benzinga.com/trading-ideas/long-ideas/22/07/28241704/1-8-million-bet-on-united-airlines-3-stocks-insiders-are-buying,Benzinga,0.2,0.38636363636363635,positive,0.2,False,True,False,False,False,False,True,False,0.0,736,"['HCCI', 'UAL', 'IONQ']",UAL,2022-07-28
Is JetBlue Stock a Buy After Spirit Deal?,"The company won the bidding war, but the real battle lies ahead.",2022-07-28 15:42:49+00:00,https://www.fool.com/investing/2022/07/28/is-jetblue-stock-a-buy-after-spirit-deal/,The Motley Fool,0.2,0.30000000000000004,positive,0.2,False,True,False,False,False,False,False,False,0.0,107,"['JBLU', 'DAL', 'SAVE', 'UAL', 'AAL', 'ULCC']",UAL,2022-07-28
Wall Street Breakfast: What Moved Markets,"Listen on the go! A daily podcast of Wall Street Breakfast will be available this morning on Seeking Alpha, iTunes, Stitcher and Spotify.",2022-07-30 09:23:51+00:00,https://seekingalpha.com/article/4527789-wall-street-breakfast-what-moved-markets,Seeking Alpha,0.2,0.2,positive,0.2,False,False,False,False,False,False,False,False,0.0,180,"['MSFT', 'GOOGL', 'META', 'AAPL', 'AMZN', 'RIVN', 'SAVE', 'ULCC', 'JBLU', 'AAL', 'DAL', 'UAL', 'LUV', 'ALK', 'ENPH', 'SEDG', 'CEG', 'URI', 'CMG', 'SWK', 'CINF', 'CMCSA', 'NEM', 'BAX']",UAL,2022-07-30
Trinity (TRN) Shares Up 4% Since Q2 Earnings: Here's Why,Trinity's (TRN) Q2 results reflect supply-chain disruptions and labor crisis.,2022-08-01 17:35:00+00:00,https://www.zacks.com/stock/news/1961613/trinity-trn-shares-up-4-since-q2-earnings-heres-why,Zacks Investment Research,0.0,0.0,neutral,0.0,True,False,False,False,False,False,False,False,0.0,135,"['TRN', 'CSX', 'UAL', 'JBHT']",UAL,2022-08-01
Is Most-Watched Stock United Airlines Holdings Inc (UAL) Worth Betting on Now?,"United (UAL) has been one of the stocks most watched by Zacks.com users lately. So, it is worth exploring what lies ahead for the stock.",2022-08-02 13:00:06+00:00,https://www.zacks.com/stock/news/1961975/is-most-watched-stock-united-airlines-holdings-inc-ual-worth-betting-on-now,Zacks Investment Research,0.3666666666666667,0.2333333333333333,positive,0.3666666666666667,False,False,False,False,False,False,False,False,0.0,216,['UAL'],UAL,2022-08-02
Expeditors (EXPD) Q2 Earnings & Revenues Beat Estimates,Higher revenues boost Expeditors' (EXPD) Q2 results.,2022-08-02 18:38:00+00:00,https://www.zacks.com/stock/news/1962428/expeditors-expd-q2-earnings-revenues-beat-estimates,Zacks Investment Research,0.25,0.5,positive,0.25,True,False,False,False,False,False,False,False,0.0,109,"['EXPD', 'CSX', 'UAL', 'JBHT']",UAL,2022-08-02
JetBlue (JBLU) Stock Down Due to Wider-Than-Expected Q2 Loss,High fuel costs hurt JetBlue's (JBLU) Q2 bottom-line performance.,2022-08-03 13:56:00+00:00,https://www.zacks.com/stock/news/1963100/jetblue-jblu-stock-down-due-to-wider-than-expected-q2-loss,Zacks Investment Research,-0.040185185185185185,0.40129629629629626,neutral,0.040185185185185185,True,False,False,False,False,False,False,False,0.0,127,"['JBLU', 'CSX', 'UAL', 'JBHT']",UAL,2022-08-03
Wave of Solid Q2 Earnings Pushes Transport ETFs Higher,The second-quarter earnings picture for the transportation sector has been shaping up strongly.,2022-08-03 14:10:00+00:00,https://www.zacks.com/stock/news/1963073/wave-of-solid-q2-earnings-pushes-transport-etfs-higher,Zacks Investment Research,0.22777777777777777,0.4444444444444444,positive,0.22777777777777777,True,False,True,False,False,False,False,False,0.0,151,"['DAL', 'UAL', 'UNP', 'NSC', 'JBHT', 'UPS', 'IYT', 'XTN', 'FTXR']",UAL,2022-08-03
"Airbnb After Earnings, Key Question: What Kind Of Environment Does It Operate In?",,2022-08-04 16:52:00+00:00,https://www.investing.com/analysis/airbnb-after-earnings-key-question-what-kind-of-environment-does-it-operate-in-200628081,Investing.com,0.3,0.95,positive,0.3,True,False,False,False,False,False,False,False,0.0,83,"['ABNB', 'LUV', 'UAL']",UAL,2022-08-04
Just do it: Buy these 3 powerhouse consumer stocks that company insiders love,Following the right insiders can help you outperform the S&P 500.,2022-08-06 14:44:00+00:00,https://www.marketwatch.com/story/just-do-it-buy-these-3-powerhouse-consumer-stocks-that-company-insiders-love-11659617291,MarketWatch,0.2619047619047619,0.41190476190476194,positive,0.2619047619047619,False,True,False,False,False,False,False,False,0.0,144,"['ADI', 'MCHP', 'CAR', 'UAL', 'NKE']",UAL,2022-08-06
Boeing 787 Dreamliner Has Been Cleared For Takeoff: FAA Clears Way For Delivery To Resume,"The Federal Aviation Administration has announced that Boeing Co (NYSE: BA) can resume delivery of its 787 Dreamliner after delivery had been halted for two years due to manufacturing flaws, CNBC reported.
The suspension impacted United Airlines Holdings Inc (NASDAQ: UAL) and American Airlines Group Inc (NASDAQ: AAL) the most as the companies had been awaiting delivery while travel surged. 
The 787 Dreamliner is a key source of cash for Boeing because the bulk of the aircraft's price is paid when it is delivered to airlines. Due to delivery delays, Boeing had to compensate airlines for the ...",2022-08-08 20:05:38+00:00,https://www.benzinga.com/government/22/08/28403702/the-boeing-787-dreamliner-has-been-cleared-for-takeoff-faa-clears-way-for-boeing-to-resume-delivery,Benzinga,0.05,0.45,neutral,0.05,False,False,False,False,False,False,False,False,0.0,691,"['BA', 'UAL', 'AAL']",UAL,2022-08-08
Highest-paid female athletes: Naomi Osaka and how she makes her millions,All but one of the athletes made more money from sponsorships than from winnings or salary,2022-08-09 18:29:00+00:00,https://www.marketwatch.com/story/the-10-highest-paid-female-athletes-naomi-osaka-is-no-1-again-with-over-57-million-in-earnings-last-year-11642184134,MarketWatch,0.25,0.3333333333333333,positive,0.25,False,False,False,False,False,False,False,False,0.0,164,"['KMX', 'V', 'UAL', 'UBER', 'EA', 'KHC', 'RL', 'NKE', 'T', 'SG']",UAL,2022-08-09
Why Airline Stocks Are Gaining Altitude Today,Airline investors are hoping for an economic soft landing.,2022-08-10 20:43:51+00:00,https://www.fool.com/investing/2022/08/10/why-airline-stocks-are-gaining-altitude-today/,The Motley Fool,0.15000000000000002,0.275,positive,0.15000000000000002,False,False,False,False,False,False,False,False,0.0,105,"['AAL', 'JBLU', 'UAL']",UAL,2022-08-10
Airlines Earnings Mixed: What Lies ahead of ETF?,Airlines earnings came in mixed in the second quarter. What lies ahead for the ETF?,2022-08-12 17:00:00+00:00,https://www.zacks.com/stock/news/1967889/airlines-earnings-mixed-what-lies-ahead-of-etf,Zacks Investment Research,0.0,0.16666666666666666,neutral,0.0,True,False,True,False,False,False,False,False,0.0,133,"['DAL', 'UAL', 'LUV', 'JBLU', 'AAL', 'ALK', 'JETS']",UAL,2022-08-12
"Airline Stock Roundup: SAVE's Narrower-Than-Expected Q2 Loss, CPA's July Traffic",SAVE's Q2 loss narrows. CPA's capacity in July 2022 decreases from the July 2019 level.,2022-08-12 19:26:00+00:00,https://www.zacks.com/stock/news/1967909/airline-stock-roundup-saves-narrower-than-expected-q2-loss-cpas-july-traffic,Zacks Investment Research,0.0,0.0,neutral,0.0,True,False,False,False,False,False,False,False,0.0,169,"['UAL', 'CPA', 'ALK', 'SAVE']",UAL,2022-08-12
Is Trending Stock United Airlines Holdings Inc (UAL) a Buy Now?,"Zacks.com users have recently been watching United (UAL) quite a bit. Thus, it is worth knowing the facts that could determine the stock's prospects.",2022-08-15 13:00:06+00:00,https://www.zacks.com/stock/news/1968092/is-trending-stock-united-airlines-holdings-inc-ual-a-buy-now,Zacks Investment Research,0.15,0.175,positive,0.15,False,True,False,False,False,False,False,False,0.0,214,['UAL'],UAL,2022-08-15
"Hey, George Jetson! Flying Taxis Are Coming Soon In Time For Your Birthday","A California startup making flying taxis received a $10 million deposit from United Airlines Holdings Inc (NASDAQ: UAL) with the intention of transporting passengers to and from the airport by air.
The development of the air taxis is ongoing at Archer Aviation Inc (NYSE: ACHR) with the company hoping to receive regulatory approval and be in use by 2024.
Orbit City: The 1962 animated sitcom ""The Jetsons"" featured a family of four that live in the year 2062 when travel by flying car, space board and a pneumatic tube is the norm.
An interesting fact about this is George Jetson, the father in the show, is believed by fans to ...",2022-08-16 16:22:48+00:00,https://www.benzinga.com/general/entertainment/22/08/28520513/hey-george-jetson-check-this-out-flying-taxis-are-coming-soon,Benzinga,0.3181818181818182,0.5,positive,0.3181818181818182,False,False,True,False,False,False,False,False,0.0,708,"['UAL', 'ACHR']",UAL,2022-08-16
Remember The Concorde? This Airline Is Bringing Back Supersonic Flight,"The Concorde was the first supersonic passenger commercial airplane. Built in the 1960s as part of a joint venture between the U.K. and France, the Concorde introduced a new and faster way to fly.
The supersonic airplane cut transatlantic flight in half and had a cruising speed of 1,341 mph — a modern passenger plane cruises at around 575 mph — with a top speed just a touch higher at 1,354 mph.
The Concorde was retired in 2003 following British Airways and Air France blaming a downturn in demand and increasing maintenance costs.
After 19 years of no passenger supersonic flights, American Airlines Group Inc (NASDAQ: Full story available on Benzinga.com",2022-08-16 23:07:00+00:00,https://www.benzinga.com/general/entertainment/22/08/28526274/echoes-of-the-concorde-supersonic-flight-is-back-and-this-airline-is-leading-the-way,Benzinga,0.19426406926406928,0.3003246753246754,positive,0.19426406926406928,False,False,False,True,False,False,False,False,0.0,731,"['UAL', 'AAL']",UAL,2022-08-16
Why Airline Stocks Are Down Today,Inflation fears continue to weigh on this price-sensitive sector.,2022-08-17 20:48:00+00:00,https://www.fool.com/investing/2022/08/17/why-airline-stocks-are-down-today/,The Motley Fool,-0.15555555555555559,0.2888888888888889,negative,0.15555555555555559,False,False,True,False,False,False,False,False,0.0,100,"['JBLU', 'UAL', 'DAL', 'AAL']",UAL,2022-08-17
Archer Aviation: Preparing For Flight And So Should You,Archer Aviation is one of several companies racing to win in the potentially huge urban air mobility segment. See why ACHR stock is a Buy now.,2022-08-19 04:00:11+00:00,https://seekingalpha.com/article/4535662-archer-aviation-stock-preparing-for-flight-so-should-you,Seeking Alpha,0.30000000000000004,0.325,positive,0.30000000000000004,False,True,False,False,False,False,False,False,0.0,199,"['UAL', 'ACHR']",UAL,2022-08-19
Why Is United (UAL) Up 4.3% Since Last Earnings Report?,United (UAL) reported earnings 30 days ago. What's next for the stock? We take a look at earnings estimates for some clues.,2022-08-19 15:30:28+00:00,https://www.zacks.com/stock/news/1970336/why-is-united-ual-up-43-since-last-earnings-report,Zacks Investment Research,0.0,0.03333333333333333,neutral,0.0,True,False,False,False,False,False,False,False,0.0,180,"['UAL', 'DAL']",UAL,2022-08-19
"The crusade to replace meat stopped growing -- is Beyond Meat to blame, or is the problem much larger?","When the publicly traded face of a burgeoning industry begins to struggle for growth, the question will always be the same: Is it the company or the industry? For Beyond Meat Inc. and the audacious attempt to replace meat and dairy products with lab-grown alternatives, that question is existential.",2022-08-20 13:40:00+00:00,https://www.marketwatch.com/story/the-crusade-to-replace-meat-stopped-growing-is-beyond-meat-to-blame-or-is-the-problem-much-larger-11660749081,MarketWatch,0.0,0.23055555555555554,neutral,0.0,False,False,False,False,True,False,False,False,0.0,403,"['BYND', 'MCD', 'K', 'CAG', 'OTLY', 'WMT', 'TGT', 'KR', 'AMC', 'QSR', 'SBUX', 'UAL', 'DAL', 'RAD', 'ACI', 'AMZN', 'KHC', 'TSN', 'HRL']",UAL,2022-08-20
Should You Invest in the U.S. Global Jets ETF (JETS)?,Sector ETF report for JETS,2022-08-22 10:20:06+00:00,https://www.zacks.com/stock/news/1970568/should-you-invest-in-the-us-global-jets-etf-jets,Zacks Investment Research,0.0,0.0,neutral,0.0,False,False,True,False,False,False,False,False,0.0,81,"['JETS', 'DAL', 'UAL', 'AAL', 'IYT', 'XTN']",UAL,2022-08-22
Is Warren Buffett Making a Prediction About the Future of Energy?,Occidental Petroleum isn't your average oil company.,2022-08-22 12:30:00+00:00,https://www.fool.com/investing/2022/08/22/is-warren-buffett-making-a-prediction-about-the-fu/,The Motley Fool,-0.075,0.26249999999999996,neutral,0.075,False,False,False,False,False,False,False,False,0.0,119,"['OXY', 'BRK.A', 'BRK.B', 'XOM', 'UAL']",UAL,2022-08-22
How to Invest Confidently in Residential Housing,"Checking in on airlines and secondhand fashion, too.",2022-08-22 19:30:00+00:00,https://www.fool.com/investing/2022/08/22/how-to-invest-confidently-in-residential-housing/,The Motley Fool,0.2,0.5666666666666667,positive,0.2,False,False,True,False,False,False,False,False,0.0,102,"['BRK.A', 'BRK.B', 'HD', 'GPS', 'LUV', 'UAL', 'LOW', 'DAL', 'NKE', 'ZNH', 'AAL', 'ETSY', 'REAL', 'POSH', 'TDUP']",UAL,2022-08-22
Are Options Traders Betting on a Big Move in United Airlines (UAL) Stock?,Investors need to pay close attention to United Airlines (UAL) stock based on the movements in the options market lately.,2022-08-24 12:58:00+00:00,https://www.zacks.com/stock/news/1971733/are-options-traders-betting-on-a-big-move-in-united-airlines-ual-stock,Zacks Investment Research,-0.15,0.35,negative,0.15,False,False,False,False,False,False,False,False,0.0,196,['UAL'],UAL,2022-08-24
American Airlines (AAL) Inks 5-Year Deal With Regional Carrier,Wisconsin will operate CRJ-200 regional jets on behalf of American Airlines (AAL) from March 2023.,2022-08-24 19:37:00+00:00,https://www.zacks.com/stock/news/1972127/american-airlines-aal-inks-5-year-deal-with-regional-carrier,Zacks Investment Research,0.0,0.0,neutral,0.0,False,False,False,False,False,False,False,False,0.0,162,"['AAL', 'UAL', 'CHRW', 'SKYW']",UAL,2022-08-24
United Airlines (UAL) Outpaces Stock Market Gains: What You Should Know,"In the latest trading session, United Airlines (UAL) closed at $37.39, marking a +1.3% move from the previous day.",2022-08-24 21:50:07+00:00,https://www.zacks.com/stock/news/1972163/united-airlines-ual-outpaces-stock-market-gains-what-you-should-know,Zacks Investment Research,0.07777777777777779,0.3888888888888889,neutral,0.07777777777777779,False,False,False,False,False,False,False,False,0.0,187,['UAL'],UAL,2022-08-24
Four strategies for finding cheaper flights,"You won't find the pandemic flight deals of 2020, but there are still ways to get a good deal on your tickets.",2022-08-26 09:00:00+00:00,https://www.marketwatch.com/story/four-strategies-for-finding-cheaper-flights-11660952617,MarketWatch,0.7,0.6000000000000001,positive,0.7,False,False,False,False,False,False,False,False,0.0,155,"['GOOGL', 'UAL', 'COF', 'C']",UAL,2022-08-26
Here is What to Know Beyond Why United Airlines Holdings Inc (UAL) is a Trending Stock,"Recently, Zacks.com users have been paying close attention to United (UAL). This makes it worthwhile to examine what the stock has in store.",2022-08-26 13:00:07+00:00,https://www.zacks.com/stock/news/1972836/here-is-what-to-know-beyond-why-united-airlines-holdings-inc-ual-is-a-trending-stock,Zacks Investment Research,0.25,0.375,positive,0.25,False,False,False,False,False,False,False,False,0.0,228,['UAL'],UAL,2022-08-26
"Report finds Americans with long COVID losing billions in wages, as Moderna sues Pfizer and BioNTech over mRNA patents","Some 16 million Americans of working age have long-term COVID and about 2 to 4 million are not working as they struggle with their symptoms, according to a new report from the Brookings Institution.",2022-08-26 16:01:00+00:00,https://www.marketwatch.com/story/report-finds-americans-losing-up-to-1-billion-in-wages-from-long-covid-and-moderna-sues-pfizer-and-biontech-over-mrna-patents-11661522684,MarketWatch,0.043181818181818175,0.42727272727272725,neutral,0.043181818181818175,False,False,False,False,False,False,False,False,0.0,318,"['MRNA', 'PFE', 'BNTX', 'UAL', 'AAL', 'DAL']",UAL,2022-08-26
How enforcement loopholes are creating an unfair playing field for U.S. companies that exited Russia over Ukraine war,"Airbus and other European contractors are still sourcing titanium from a Russian supplier, thanks to a gap in European Union enforcement that's putting Boeing Co. at an unfair disadvantage after it broke all ties with Russian suppliers earlier this year, according to two Yale academics.",2022-08-26 16:05:00+00:00,https://www.marketwatch.com/story/how-enforcement-loopholes-are-creating-an-unfair-playing-field-for-u-s-companies-that-exited-russia-over-ukraine-war-11661529949,MarketWatch,-0.10277777777777779,0.3416666666666667,negative,0.10277777777777779,False,False,False,False,False,False,False,False,0.0,406,"['BA', 'UAL', 'AIR']",UAL,2022-08-26
"Airline Stock Roundup: RYAAY's Solid FY23 Traffic View,  AAL's Deal & More",American Airlines (AAL) broadens regional operations. Ryanair (RYAAY) lifts traffic view for fiscal 2023.,2022-08-26 19:52:00+00:00,https://www.zacks.com/stock/news/1973084/airline-stock-roundup-ryaays-solid-fy23-traffic-view-aals-deal-more,Zacks Investment Research,0.16666666666666666,0.19999999999999998,positive,0.16666666666666666,False,False,False,False,False,False,False,False,0.0,181,"['RYAAY', 'UAL', 'JBLU', 'AAL']",UAL,2022-08-26
United Airlines (UAL) Stock Moves -0.22%: What You Should Know,"In the latest trading session, United Airlines (UAL) closed at $35.94, marking a -0.22% move from the previous day.",2022-08-30 21:50:09+00:00,https://www.zacks.com/stock/news/1974285/united-airlines-ual-stock-moves--022-what-you-should-know,Zacks Investment Research,0.07777777777777779,0.3888888888888889,neutral,0.07777777777777779,False,False,False,False,False,False,False,False,0.0,179,['UAL'],UAL,2022-08-30
What Awaits U.S. Airlines This Labor Day Travel Period?,"United Airlines (UAL), American Airlines (AAL) and Delta (DAL) expect to carry 2.6 million, 2.5 million and 2.9 million passengers, respectively, during the Labor Day holiday period.",2022-09-02 19:03:00+00:00,https://www.zacks.com/stock/news/1976084/what-awaits-us-airlines-this-labor-day-travel-period,Zacks Investment Research,0.0,0.05,neutral,0.0,False,False,False,False,False,False,False,False,0.0,239,"['DAL', 'UAL', 'AAL']",UAL,2022-09-02
Delta (DAL) Inks Environment-Friendly Deal With DG Fuels,DG Fuels will supply Delta ((AL) with 385 million gallons of sustainable aviation fuel from 2027-end.,2022-09-06 15:55:00+00:00,https://www.zacks.com/stock/news/1977044/delta-dal-inks-environment-friendly-deal-with-dg-fuels,Zacks Investment Research,0.0,0.0,neutral,0.0,False,False,False,False,False,False,False,False,0.0,159,"['DAL', 'UAL', 'CHRW', 'SKYW']",UAL,2022-09-06
United Airlines Threatens To Suspend Service At JFK Airport: What's Going On?,"United Airlines Holdings Inc (NASDAQ: UAL) threatened to suspend service to New York’s John F. Kennedy International Airport at the end of October if it is not able to secure additional slots from the U.S. Federal Aviation Administration.
What Happened: United CEO Scott Kirby said in a letter to the Acting FAA Administrator Billy Nolen on Sept. 6 that without permanent slots the airline can’t serve JFK effectively compared to the “larger and more attractive” flight times flown by its competitors.
Reuters reporter David Shepardson shared the letter through a Twitter post on Tuesday.",2022-09-07 11:00:53+00:00,https://www.benzinga.com/news/22/09/28770424/united-airlines-says-will-pull-out-of-new-yorks-jfk-airport-unless-allowed-to-operate-more-flights,Benzinga,0.24292929292929294,0.49772727272727274,positive,0.24292929292929294,False,False,True,False,False,False,True,False,0.0,667,['UAL'],UAL,2022-09-07
United (UAL) May Halt JFK Service if Flight Capacity Stays Same,United Airlines' (UAL) total flight capacity at JFK has been unchanged since 2008.,2022-09-07 15:38:00+00:00,https://www.zacks.com/stock/news/1977674/united-ual-may-halt-jfk-service-if-flight-capacity-stays-same,Zacks Investment Research,0.0,0.4375,neutral,0.0,False,False,False,False,False,False,False,False,0.0,147,"['UAL', 'DAL', 'CHRW', 'TRTN']",UAL,2022-09-07
Why United Airlines Stock Gained Altitude Today,Demand is holding up well even as the summer travel season fades.,2022-09-07 22:17:00+00:00,https://www.fool.com/investing/2022/09/07/why-united-airlines-stock-gained-altitude-today/,The Motley Fool,0.0,0.0,neutral,0.0,False,False,False,False,False,False,False,False,0.0,114,['UAL'],UAL,2022-09-07
United Airlines (UAL) Stock Up on Upbeat 3Q Revenue View,United Airlines (UAL) anticipates third-quarter 2022 total operating revenues to grow almost 12% from the September quarter of 2019.,2022-09-08 12:50:00+00:00,https://www.zacks.com/stock/news/1978152/united-airlines-ual-stock-up-on-upbeat-3q-revenue-view,Zacks Investment Research,0.0,0.75,neutral,0.0,True,False,False,False,False,False,False,False,0.0,190,"['UAL', 'TNK', 'GATX', 'TRTN']",UAL,2022-09-08
"Airline Stock Roundup: RYAAY's Rosy August Traffic, UAL's Upbeat 3Q Revenue View",UAL expects a 12% rise in third-quarter 2022 revenues from third-quarter 2019 actuals. Buoyant air-travel demand aids RYAAY's August traffic results.,2022-09-08 19:37:00+00:00,https://www.zacks.com/stock/news/1978375/airline-stock-roundup-ryaays-rosy-august-traffic-uals-upbeat-3q-revenue-view,Zacks Investment Research,0.0,0.0,neutral,0.0,True,False,False,False,False,False,False,False,0.0,231,"['RYAAY', 'DAL', 'UAL', 'GOL']",UAL,2022-09-08
Why Airline Stocks Are Falling Today,Economic uncertainty is making it hard for this sector to take off.,2022-09-13 18:22:05+00:00,https://www.fool.com/investing/2022/09/13/why-airline-stocks-are-falling-today/,The Motley Fool,-0.04583333333333334,0.37083333333333335,neutral,0.04583333333333334,False,False,True,False,False,False,False,False,0.0,105,"['AAL', 'JBLU', 'UAL', 'DAL', 'SAVE', 'HA', 'ULCC']",UAL,2022-09-13
"Airline Stock Roundup: LUV Tapers Q3 Revenue View, CPA Posts Rosy August Traffic","LUV expects a 9-11% rise in third-quarter 2022 revenues, from the third-quarter 2019 actuals. Buoyant air-travel-demand aids CPA's August traffic results.",2022-09-16 20:01:00+00:00,https://www.zacks.com/stock/news/1981663/airline-stock-roundup-luv-tapers-q3-revenue-view-cpa-posts-rosy-august-traffic,Zacks Investment Research,0.0,0.0,neutral,0.0,True,False,False,False,False,False,False,False,0.0,236,"['UAL', 'LUV', 'CPA', 'AZUL']",UAL,2022-09-16
JetBlue (JBLU) Lifts Q3 Traffic View on Demand Strength,JetBlue (JBLU) expects fuel cost per gallon in Q322 to be $3.86.,2022-09-19 21:04:00+00:00,https://www.zacks.com/stock/news/1982335/jetblue-jblu-lifts-q3-traffic-view-on-demand-strength,Zacks Investment Research,0.0,0.0,neutral,0.0,False,False,False,False,False,False,False,False,0.0,121,"['JBLU', 'UAL', 'CHRW', 'TRTN']",UAL,2022-09-19
Here's How Investors Can Find Strong Transportation Stocks with the Zacks ESP Screener,Investors looking for ways to find stocks that are set to beat quarterly earnings estimates should check out the Zacks Earnings ESP.,2022-09-21 12:50:04+00:00,https://www.zacks.com/stock/news/1983001/heres-how-investors-can-find-strong-transportation-stocks-with-the-zacks-esp-screener,Zacks Investment Research,0.4333333333333333,0.7333333333333333,positive,0.4333333333333333,True,False,False,False,False,False,False,False,0.0,220,"['JBHT', 'UAL']",UAL,2022-09-21
United Airlines (UAL) Calls Off Flights on Inspection Failure,Cancellation of flights on grounds of inspection failure looks disappointing for United Airlines (UAL).,2022-09-21 16:05:00+00:00,https://www.zacks.com/stock/news/1983220/united-airlines-ual-calls-off-flights-on-inspection-failure,Zacks Investment Research,-0.41111111111111115,0.4333333333333333,negative,0.41111111111111115,False,False,False,False,False,False,False,False,0.0,166,"['UAL', 'TNK', 'GATX', 'TRTN']",UAL,2022-09-21
Why United Airlines Stock Was Slipping Today,25 planes were grounded on Monday.,2022-09-21 17:34:22+00:00,https://www.fool.com/investing/2022/09/21/why-united-airlines-stock-was-slipping-today/,The Motley Fool,-0.1,0.1,neutral,0.1,False,False,False,False,False,False,False,False,0.0,80,['UAL'],UAL,2022-09-21
3 Airline Stocks to Watch Amid Air-Travel Demand Strength,"Key players in the Zacks Transportation -- Airline industry like Delta (DAL), United Airlines (UAL) and JetBlue (JBLU) are likely to benefit immensely from increased passenger volumes.",2022-09-21 18:44:00+00:00,https://www.zacks.com/commentary/1983131/3-airline-stocks-to-watch-amid-air-travel-demand-strength,Zacks Investment Research,0.0,1.0,neutral,0.0,False,False,False,False,False,False,False,False,0.0,243,"['DAL', 'UAL', 'JBLU']",UAL,2022-09-21
Why Airline Stocks Are Losing Altitude Today,Macroeconomic conditions are making it hard for this sector to take flight.,2022-09-22 18:03:17+00:00,https://www.fool.com/investing/2022/09/22/why-airline-stocks-are-losing-altitude-today/,The Motley Fool,-0.2916666666666667,0.5416666666666666,negative,0.2916666666666667,False,False,True,False,False,False,False,False,0.0,121,"['AAL', 'JBLU', 'LUV', 'UAL', 'DAL', 'ALK']",UAL,2022-09-22
"Airline Stock Roundup: JBLU's Upbeat Q3 Traffic Forecast, AZUL, UAL in Focus","JetBlue (JBLU) expects revenue passenger miles in 3Q22 to increase 22-24% from third-quarter 2019 actuals, Azul (AZUL) gets its first Airbus A350 aircraft.",2022-09-22 20:47:00+00:00,https://www.zacks.com/stock/news/1984015/airline-stock-roundup-jblus-upbeat-q3-traffic-forecast-azul-ual-in-focus,Zacks Investment Research,0.25,0.3333333333333333,positive,0.25,True,False,False,False,False,False,False,False,0.0,233,"['UAL', 'JBLU', 'ALK', 'AZUL']",UAL,2022-09-22
United Airlines (UAL) to Resume US Flights to Cuba by Year End,United Airlines (UAL) flight resumption to Cuba should create aviation jobs and multiple other indirect vacancies.,2022-09-23 16:37:00+00:00,https://www.zacks.com/stock/news/1984500/united-airlines-ual-to-resume-us-flights-to-cuba-by-year-end,Zacks Investment Research,-0.0625,0.1875,neutral,0.0625,False,False,False,False,False,False,False,False,0.0,178,"['UAL', 'JBLU', 'AAL', 'GATX']",UAL,2022-09-23
Why Airline Stocks Are Falling Again Today,The industry could struggle to power through the latest headwinds.,2022-09-23 17:02:04+00:00,https://www.fool.com/investing/2022/09/23/why-airline-stocks-are-falling-again-today/,The Motley Fool,0.5,0.9,positive,0.5,False,False,False,False,False,False,False,False,0.0,110,"['JBLU', 'LUV', 'UAL', 'DAL', 'ALK', 'SAVE', 'AAL', 'ULCC']",UAL,2022-09-23
'Everything is up but our wages': Airport and airline workers speak out worldwide about 'ridiculous' conditions,Thousands of airport and airline workers staged demonstrations on Tuesday at airports across the U.S. and abroad.,2022-09-27 23:24:00+00:00,https://www.marketwatch.com/story/everything-is-up-but-our-wages-airport-and-airline-workers-speak-out-worldwide-about-ridiculous-conditions-11664317991,MarketWatch,-0.3333333333333333,1.0,negative,0.3333333333333333,False,False,False,False,False,False,False,False,0.0,226,"['UAL', 'LUV', 'AAL', 'DAL', 'AMZN', 'SBUX', 'CPG']",UAL,2022-09-27
Why Airline Stocks Are Down Today,Hurricane Ian adds a fresh twist to an already complicated outlook.,2022-09-29 16:23:51+00:00,https://www.fool.com/investing/2022/09/29/why-airline-stocks-are-down-today/,The Motley Fool,-0.11851851851851854,0.5962962962962963,negative,0.11851851851851854,False,False,False,False,False,False,False,False,0.0,102,"['JBLU', 'LUV', 'UAL', 'DAL', 'ALK', 'SAVE', 'AAL']",UAL,2022-09-29
"S.F. airport workers end three-day strike, will vote on contract this weekend","Food-service workers at San Francisco International Airport on Thursday ended a three-day strike that shut down most of the restaurants and eateries at the busy airport, after being promised what their union called ""significant raises,"" free family healthcare and more.",2022-09-29 17:52:00+00:00,https://www.marketwatch.com/story/s-f-airport-workers-end-three-day-strike-will-vote-on-contract-this-weekend-11664473472,MarketWatch,0.24563492063492065,0.46626984126984133,positive,0.24563492063492065,False,False,False,False,False,False,False,False,0.0,348,"['CPG', 'UAL', 'LUV']",UAL,2022-09-29
"Airline Stock Roundup: JBLU Ground Workers Look to Unionize, UAL, ALK in Focus",JBLU's ground workers are seeking to unionize to improve their pay-structure. Hurricane Ian compels U.S. airlines like DAL to cancel multiple flights.,2022-09-29 19:27:00+00:00,https://www.zacks.com/stock/news/1986733/airline-stock-roundup-jblu-ground-workers-look-to-unionize-ual-alk-in-focus,Zacks Investment Research,0.0,0.0,neutral,0.0,False,False,False,False,False,False,False,False,0.0,230,"['DAL', 'UAL', 'JBLU', 'ALK']",UAL,2022-09-29
United Airlines To Suspend Service At JFK Airport In October,"United Airlines Holdings Inc (NASDAQ: UAL) on Friday said that it would stop flying in and out of New York's John F. Kennedy International Airport by the end of October. United restarted flights out of the airport in 2021 after a five-year gap.
United has been flying to San Francisco and Los Angeles twice daily from JFK Airport, the busiest New York-area airport. 
Last month, United threatened to suspend service if it cannot secure additional flight slots from the Federal Aviation Administration (FAA). 
As quoted by Reuters a memo ...",2022-10-01 13:25:27+00:00,https://www.benzinga.com/general/travel/22/10/29109041/united-airlines-to-end-service-at-j-f-k-airport-in-october,Benzinga,0.11212121212121212,0.2626262626262626,positive,0.11212121212121212,False,False,True,False,False,False,False,False,0.0,602,['UAL'],UAL,2022-10-01
"The Zacks Analyst Blog Highlights United Airlines, Alaska Air Group, JetBlue Airways and Delta Air Lines","United Airlines, Alaska Air Group, JetBlue Airways and Delta Air Lines are included in this Analyst Blog.",2022-10-03 08:30:00+00:00,https://www.zacks.com/stock/news/1987461/the-zacks-analyst-blog-highlights-united-airlines-alaska-air-group-jetblue-airways-and-delta-air-lines,Zacks Investment Research,0.0,0.0,neutral,0.0,False,False,False,False,False,False,False,False,0.0,211,"['DAL', 'UAL', 'JBLU', 'ALK']",UAL,2022-10-03
Southwest (LUV) COO & President Plans to Retire by Year End,Mike Van de Ven is stepping down as chief operating officer and president of Southwest Airlines (LUV) at year-end. He is taking up the role of executive advisor at the beginning of 2023.,2022-10-03 13:10:00+00:00,https://www.zacks.com/stock/news/1987523/southwest-luv-coo-president-plans-to-retire-by-year-end,Zacks Investment Research,-0.15555555555555559,0.2888888888888889,negative,0.15555555555555559,False,False,False,False,False,False,False,False,0.0,247,"['UAL', 'LUV', 'JBLU', 'AAL']",UAL,2022-10-03
Delta (DAL) to Add Flights to Europe in the Summer of 2023,Delta's (DAL) trans-Atlantic schedule from New York JFK for summer 2023 includes more than 220 weekly departures to 26 destinations.,2022-10-04 13:00:00+00:00,https://www.zacks.com/stock/news/1987771/delta-dal-to-add-flights-to-europe-in-the-summer-of-2023,Zacks Investment Research,0.3181818181818182,0.4772727272727273,positive,0.3181818181818182,False,False,False,False,False,False,False,False,0.0,192,"['DAL', 'UAL', 'AAL']",UAL,2022-10-04
Why Airline Stocks Are Soaring Today,Investors are hoping a recession can be avoided.,2022-10-04 16:40:12+00:00,https://www.fool.com/investing/2022/10/04/why-airline-stocks-are-soaring-today/,The Motley Fool,0.0,0.0,neutral,0.0,False,False,False,False,False,False,False,False,0.0,86,"['JBLU', 'LUV', 'UAL', 'DAL', 'ALK', 'AAL']",UAL,2022-10-04
Jets ETF soars past S&P 500 gains Tuesday as airlines trade sharply higher,"The U.S. Global Jets ETF climbs more than the broader stock market Tuesday, lifted by big gains from beaten down Delta Air Lines Inc., American Airlines Group Inc. and United Airlines Holdings.",2022-10-04 20:21:00+00:00,https://www.marketwatch.com/story/jets-etf-soars-past-s-p-500-gains-tuesday-as-airlines-trade-sharply-higher-11664913635,MarketWatch,0.049206349206349205,0.23412698412698416,neutral,0.049206349206349205,False,False,False,False,False,False,False,False,0.0,269,"['JETS', 'DAL', 'AAL', 'UAL', 'HA', 'LUV', 'ALK']",UAL,2022-10-04
Dow finishes 825 points higher as stocks post strongest start to a quarter since 1938,"The S&P 500 and the Dow finish sharply higher on Tuesday, clinching their largest two-day percentage-point gains since April 7, 2020, while the S&P 500 also saw its biggest single-day increase since May 18, 2020.",2022-10-04 21:06:00+00:00,https://www.marketwatch.com/story/dow-futures-jump-more-than-300-points-to-extend-strong-start-to-fourth-quarter-11664875031,MarketWatch,0.25,0.5,positive,0.25,False,False,False,False,False,False,False,False,0.0,299,"['DJIA', 'COMP', 'POSH', 'TWTR', 'TSLA', 'DAL', 'AAL', 'UAL', 'AMZN', 'MSFT', 'AAPL', 'META']",UAL,2022-10-04
"United Airlines (UAL) Rides on Air Travel Demand, Costs Ail","United Airlines (UAL) anticipates bullish third-quarter 2022 revenues on the back of buoyant air-travel demand. However, rising fuel costs continues to weigh on the bottom line.",2022-10-06 15:21:00+00:00,https://www.zacks.com/stock/news/1988712/united-airlines-ual-rides-on-air-travel-demand-costs-ail,Zacks Investment Research,0.0,0.0,neutral,0.0,True,False,False,False,False,False,False,False,0.0,238,"['UAL', 'AL', 'TNK', 'ZTO']",UAL,2022-10-06
"With travel prices and currencies up and down this year, what are your points and miles worth?",An annual analysis of the value of airline miles and hotel points has some interesting stories to tell.,2022-10-07 16:30:00+00:00,https://www.marketwatch.com/story/with-travel-prices-and-currencies-up-and-down-this-year-what-are-your-points-and-miles-worth-11663965254,MarketWatch,0.2148148148148148,0.29629629629629634,positive,0.2148148148148148,False,False,False,False,False,False,False,False,0.0,199,"['UAL', 'H', 'MAR', 'HLT', 'IHG', 'JBLU', 'LUV', 'AAL', 'DAL']",UAL,2022-10-07
"Airlines enter earnings season wrestling with fuel prices, hiring challenges","Delta kicks off airlines earnings season on Oct. 13, and one analyst says the industry is still wrestling with the issues that have plagued it all year.",2022-10-10 11:58:00+00:00,https://www.marketwatch.com/story/airlines-enter-earnings-season-wrestling-with-fuel-prices-hiring-challenges-11665168548,MarketWatch,0.0,0.0,neutral,0.0,True,False,False,False,False,False,False,False,0.0,230,"['DAL', 'AAL', 'UAL', 'JBLU', 'SAVE', 'CPA', 'AER', 'AAWW', 'ALK', 'HA', 'ALGT', 'ULCC', 'SKYW', 'LUV']",UAL,2022-10-10
Honeywell has a mile-high use for the leftover ethanol  as EVs replace gas cars ,"Ethanol-to-jet fuel demand will rise to meet tighter standards for net-zero emissions from flight, and the Inflation Reduction Act has sweetened the transition.",2022-10-10 12:21:00+00:00,https://www.marketwatch.com/story/honeywell-has-a-mile-high-use-for-the-leftover-ethanol-as-evs-replace-gas-cars-11665404514,MarketWatch,0.0,0.0,neutral,0.0,False,False,False,False,False,False,False,False,0.0,242,"['HON', 'CVX', 'BP', 'UAL']",UAL,2022-10-10
"Twitter May Drop Clickable Hashtags, AstraZeneca's Nasal COVID-19 Vaccine Fails Trial, Coinbase Gets Singapore Nod: Top Stories Tuesday, Oct. 11","Reuters
US-China Chip War: KLA Relaxes Chip Supply To China

U.S. chipmaker   KLA Corp's   (NASDAQ:   KLAC) legal department emailed China informing that it shall stop sales and service to ""advanced fabs"" in China for the technology of NAND chips with 128 layers or more, DRAM chips 18nm and below, and advanced logic chips.
The Biden administration launched a sweeping set of export controls to restrict China's progress in advanced chip manufacturing.

Tesla, Nio Battery-Supplier CATL Expects Q3 Net Profit To Triple

Contemporary Amperex Technology Co Ltd   (CATL), a battery supplier to   Tesla Inc   (NASDAQ:   TSLA) and   Nio Inc   (NYSE:   NIO), has estimated its net profit during the July-September quarter to nearly triple from a year earlier, supported by significant expansion in production.
The world's biggest battery maker, which accounts for more than a third of global EV sales, said it expects third-quarter net income to rise to between 8.8 billion yuan ($1.23 billion) and 9.9 billion yuan, up from 3.3 billion yuan last year.   
The company expects net profit for the first nine months of 2022 to more than double from a year-ago period.

Volkswagen Receives $8.8B Via Selling Preferred Porsche Shares

Volkswagen AG   (OTC:   VWAGY) has received €9.1 billion ($8.8 billion) through the sale of preferred shares in sportscar maker   Porsche automobile Holding SE   (OTC:   POAHY).
The amount collected was less than the maximum due to the partial execution of a greenshoe option.
In the case of a fully drawn greenshoe option, Volkswagen would have received €9.4 billion in total.

India To Urge Apple and Samsung For Faster 5G Upgrades

India's government will push   Apple Inc,   Samsung Electronics Co, Ltd   (OTC:   SSNLF), and other mobile phone manufacturers to prioritize rolling out software upgrades to support 5G in the country.
Apple's iPhone models, including the latest iPhone 14, and many of Samsung's premier phones do not have software compatible with supporting 5G in India.


Bloomberg
Elon Musk: Twitter Ordered Whistleblower To Eliminate Critical Evidence After Failing 'To Buy His Silence'

Tesla Inc   CEO   Elon Musk   reportedly accused   Twitter Inc   of asking whistleblower   Peiter ""Mudge"" Zatko  ...",2022-10-11 12:29:39+00:00,https://www.benzinga.com/general/biotech/22/10/29215468/twitter-may-drop-clickable-hashtags-astrazenecas-nasal-covid-19-vaccine-fails-trial-coinbase-gets,Benzinga,0.14596774193548387,0.353494623655914,positive,0.14596774193548387,True,True,False,False,True,False,True,True,0.2,2396,"['TWTR', 'SPY', 'UBER', 'AAPL', 'COIN', 'NIO', 'KLAC', 'QGEN', 'JOBY', 'AZN', 'BIO', 'DAL', 'TSM', 'TSLA', 'UAL', 'DEN', 'BABA']",UAL,2022-10-11
Airline stocks climb after American Airlines raises revenue outlook,American Airlines Group expects third-quarter revenue to be up approximately 13% compared with the same period in 2019.,2022-10-11 12:53:00+00:00,https://www.marketwatch.com/story/airline-stocks-climb-after-american-airlines-raises-revenue-outlook-11665492816,MarketWatch,-0.1,0.18125,neutral,0.1,True,False,False,False,False,False,False,False,0.0,188,"['AAL', 'JETS', 'DAL', 'UAL']",UAL,2022-10-11
United Airlines (UAL) Earnings Expected to Grow: Should You Buy?,United (UAL) possesses the right combination of the two key ingredients for a likely earnings beat in its upcoming report. Get prepared with the key expectations.,2022-10-11 14:00:26+00:00,https://www.zacks.com/stock/news/1990323/united-airlines-ual-earnings-expected-to-grow-should-you-buy,Zacks Investment Research,0.03714285714285714,0.7871428571428571,neutral,0.03714285714285714,True,True,False,False,False,False,False,False,0.0,228,"['UAL', 'DAL']",UAL,2022-10-11
United Airlines (UAL) to Increase U.S. Flights to Australia,We believe the ongoing surge in air-travel demand has encouraged United Airlines (UAL) to increase flights to Australian cities.,2022-10-11 16:10:00+00:00,https://www.zacks.com/stock/news/1990485/united-airlines-ual-to-increase-us-flights-to-australia,Zacks Investment Research,0.0,0.0,neutral,0.0,False,False,False,False,False,False,False,False,0.0,189,"['UAL', 'CPA', 'TNK', 'ZTO']",UAL,2022-10-11
Why Airline Stocks Gained Altitude This Morning,American saw no sign of a slowdown in the recently completed quarter.,2022-10-11 16:45:41+00:00,https://www.fool.com/investing/2022/10/11/why-airline-stocks-gained-altitude-this-morning/,The Motley Fool,0.0,0.125,neutral,0.0,False,False,False,False,False,False,False,False,0.0,118,"['AAL', 'UAL', 'DAL']",UAL,2022-10-11
Is a Beat Ahead for United Airlines (UAL) in Q3 Earnings?,United Airlines' (UAL) third-quarter 2022 results are likely to reflect upbeat passenger revenues.,2022-10-11 18:32:00+00:00,https://www.zacks.com/stock/news/1990564/is-a-beat-ahead-for-united-airlines-ual-in-q3-earnings,Zacks Investment Research,0.0,1.0,neutral,0.0,True,False,False,False,False,False,False,False,0.0,157,"['UAL', 'CSX', 'CNI', 'CP']",UAL,2022-10-11
"American Airlines’ positive surprise bodes well for Delta and United, says Cowen analyst","The network carriers have potential for a positive surprise, says Cowen analyst Helane Becker.",2022-10-12 12:21:00+00:00,https://www.marketwatch.com/story/american-airlines-positive-surprise-bodes-well-for-delta-and-united-says-cowen-analyst-11665506434,MarketWatch,0.11363636363636363,0.5227272727272727,positive,0.11363636363636363,False,False,False,False,False,False,False,False,0.0,184,"['AAL', 'DAL', 'UAL']",UAL,2022-10-12
CSX to Report Q3 Earnings: Will It Surpass Expectations?,CSX third-quarter 2022 revenues are expected to have benefited from segmental strength.,2022-10-12 15:24:00+00:00,https://www.zacks.com/stock/news/1991015/csx-to-report-q3-earnings-will-it-surpass-expectations,Zacks Investment Research,-0.1,0.4,neutral,0.1,True,False,False,False,False,False,False,False,0.0,145,"['CSX', 'UAL', 'CNI', 'CP']",UAL,2022-10-12
American Airlines (AAL) Up 1.74% on Bright Q3 Revenue Guidance,American Airlines (AAL) expects revenues to rise approximately 13% from the third-quarter 2019 actuals.,2022-10-12 20:02:00+00:00,https://www.zacks.com/stock/news/1991181/american-airlines-aal-up-174-on-bright-q3-revenue-guidance,Zacks Investment Research,0.07500000000000001,0.35,neutral,0.07500000000000001,True,False,False,False,False,False,False,False,0.0,167,"['AAL', 'DAL', 'UAL']",UAL,2022-10-12
United Airlines (UAL) Gains As Market Dips: What You Should Know,"United Airlines (UAL) closed at $34.23 in the latest trading session, marking a +0.88% move from the prior day.",2022-10-12 22:15:20+00:00,https://www.zacks.com/stock/news/1991265/united-airlines-ual-gains-as-market-dips-what-you-should-know,Zacks Investment Research,0.13333333333333333,0.3333333333333333,positive,0.13333333333333333,False,False,False,False,False,False,False,False,0.0,177,['UAL'],UAL,2022-10-12
United Airlines Earnings Preview: Can UAL Stock Take Off?,Estimates for the period have gone up significantly over the last 90 days. Demand for travel is high right now but investors will want to see UAL's outlook in terms of bookings and reservations for Q4 and fiscal 2023.,2022-10-12 23:19:00+00:00,https://www.zacks.com/stock/news/1991274/united-airlines-earnings-preview-can-ual-stock-take-off,Zacks Investment Research,0.20517857142857143,0.504345238095238,positive,0.20517857142857143,True,False,False,False,False,False,False,False,0.0,276,"['UAL', 'DAL', 'AAL']",UAL,2022-10-12
Airline stocks rise on Delta’s strong 3Q revenue as carrier touts continuing travel recovery,Delta Air Lines’ revenue of $13.98 billion was up from $12.56 billion in 2019.,2022-10-13 12:36:00+00:00,https://www.marketwatch.com/story/airline-stocks-rise-on-deltas-strong-3q-revenue-as-carrier-touts-continuing-travel-recovery-11665664601,MarketWatch,0.4333333333333333,0.7333333333333333,positive,0.4333333333333333,True,False,False,False,False,False,False,False,0.0,172,"['DAL', 'UAL', 'AAL', 'JBLU', 'JETS']",UAL,2022-10-13
5 Large-Cap Stocks Likely to Beat on Q3 Earnings,"Five large-cap companies will report third-quarter 2022 earnings within the next seven days. These are: UNH, UAL, MS, LMT and FHN.",2022-10-13 12:55:00+00:00,https://www.zacks.com/stock/news/1991400/5-large-cap-stocks-likely-to-beat-on-q3-earnings,Zacks Investment Research,0.0,0.5,neutral,0.0,True,False,False,False,False,False,False,False,0.0,180,"['LMT', 'MS', 'UNH', 'UAL', 'FHN']",UAL,2022-10-13
Alaska Air Group (ALK) Earnings Expected to Grow: Should You Buy?,Alaska Air (ALK) possesses the right combination of the two key ingredients for a likely earnings beat in its upcoming report. Get prepared with the key expectations.,2022-10-13 14:00:50+00:00,https://www.zacks.com/stock/news/1991553/alaska-air-group-alk-earnings-expected-to-grow-should-you-buy,Zacks Investment Research,0.03714285714285714,0.7871428571428571,neutral,0.03714285714285714,True,True,False,False,False,False,False,False,0.0,233,"['ALK', 'UAL']",UAL,2022-10-13
What's in the Cards for American Airlines (AAL) in Q3 Earnings?,"American Airlines (AAL) third-quarter 2022 revenues are expected to have benefited from improved air-travel demand. However, high fuel costs are expected to have hurt its bottom line.",2022-10-13 15:49:00+00:00,https://www.zacks.com/stock/news/1991674/whats-in-the-cards-for-american-airlines-aal-in-q3-earnings,Zacks Investment Research,-0.008000000000000002,0.26799999999999996,neutral,0.008000000000000002,True,False,False,False,False,False,False,False,0.0,248,"['UAL', 'CNI', 'CP', 'AAL']",UAL,2022-10-13
What You Need to Know: Netflix Brings In Ad-Based Plans Next Month,Here's what we know about these lower-priced options so far.,2022-10-14 09:51:00+00:00,https://www.fool.com/investing/2022/10/14/ad-based-netflix-plans-are-coming-next-month/,The Motley Fool,0.05,0.5,neutral,0.05,False,False,False,False,False,False,False,False,0.0,128,"['NFLX', 'SBUX', 'LUV', 'UAL', 'DISH', 'WBD']",UAL,2022-10-14
"The Zacks Analyst Blog Highlights Morgan Stanley, UnitedHealth Group, Lockheed Martin, United Airlines and First Horizon","Morgan Stanley, UnitedHealth Group, Lockheed Martin, United Airlines and First Horizon are included in this Analyst Blog.",2022-10-14 10:36:00+00:00,https://www.zacks.com/stock/news/1991948/the-zacks-analyst-blog-highlights-morgan-stanley-unitedhealth-group-lockheed-martin-united-airlines-and-first-horizon,Zacks Investment Research,0.25,0.3333333333333333,positive,0.25,False,False,False,False,False,False,False,False,0.0,243,"['LMT', 'MS', 'UNH', 'UAL', 'FHN']",UAL,2022-10-14
Why Boeing Stock Is Higher Today,Talk of a big United aircraft order has investors excited.,2022-10-14 15:00:30+00:00,https://www.fool.com/investing/2022/10/14/why-boeing-stock-is-higher-today/,The Motley Fool,0.20833333333333334,0.45,positive,0.20833333333333334,False,False,False,False,False,False,False,False,0.0,92,"['BA', 'UAL']",UAL,2022-10-14
What's in the Cards for Covenant (CVLG) in Q3 Earnings?,"Covenant (CVLG) third-quarter 2022 revenues are expected to have benefited from higher freight revenues. However, rising expenses are expected to hurt its bottom line.",2022-10-14 15:07:00+00:00,https://www.zacks.com/stock/news/1992215/whats-in-the-cards-for-covenant-cvlg-in-q3-earnings,Zacks Investment Research,0.016666666666666663,0.43333333333333335,neutral,0.016666666666666663,True,False,False,False,False,False,False,False,0.0,224,"['UAL', 'CNI', 'CP', 'CVLG']",UAL,2022-10-14
These 2 Delta Air Lines Analysts Remain Bullish Despite Earnings Miss,"Delta Air Lines, Inc. (NYSE: DAL) Thursday reported its third-quarter revenue ahead of Street expectations but its earnings missed expectations.
Morgan Stanley On Delta Air Lines
Analyst Ravi Shanker maintained an Overweight rating and a price target of $65.
The company’s quarterly results were broadly in-line with expectations, Shanker said in a note. “Coupled with strong commentary on the conference call and positive cues into 2023, airline results are off to a good start and are supportive of the bull case,” he added.
Check out ...Full story available on Benzinga.com",2022-10-14 15:28:18+00:00,https://www.benzinga.com/analyst-ratings/analyst-color/22/10/29270010/these-2-delta-air-lines-analysts-remain-bullish-despite-earnings-miss,Benzinga,0.3871843434343434,0.5985479797979798,positive,0.3871843434343434,True,False,False,False,False,False,False,False,0.0,647,"['DAL', 'UAL', 'AAL']",UAL,2022-10-14
"Airline Stock Roundup: DAL's Q3 Earnings, GOL, AAL's Forecasts & More",American Airlines (AAL) expects 3Q22 revenues to increase 13% from the 3Q19 actuals. Copa Holdings' (CPA) September traffic reflects buoyancy in air-travel demand.,2022-10-14 18:27:00+00:00,https://www.zacks.com/stock/news/1992380/airline-stock-roundup-dals-q3-earnings-gol-aals-forecasts-more,Zacks Investment Research,0.25,0.25,positive,0.25,True,False,False,False,False,False,False,False,0.0,234,"['DAL', 'UAL', 'GOL', 'CPA', 'AAL']",UAL,2022-10-14
Delta kicked off airline earnings season with a bang. What does it mean for other carriers?,Delta’s third-quarter results marked a positive start to the airline industry’s earnings season.,2022-10-15 17:43:00+00:00,https://www.marketwatch.com/story/delta-kicked-off-airline-earnings-season-with-a-bang-what-does-it-mean-for-other-carriers-11665758744,MarketWatch,-0.02755681818181819,0.5519886363636364,neutral,0.02755681818181819,True,False,False,False,False,False,False,False,0.0,189,"['DAL', 'UAL', 'AAL', 'JBLU', 'V']",UAL,2022-10-15
"Netflix and Tesla stocks are not having a good year, but here comes a chance to turn it around",Wall Street in the week ahead will turn to quarterly results from companies like streaming giant Netflix Inc. and electric-vehicle maker Tesla Inc.,2022-10-16 13:30:00+00:00,https://www.marketwatch.com/story/netflix-and-tesla-stocks-are-not-having-a-good-year-but-here-comes-a-chance-to-turn-it-around-11665848500,MarketWatch,0.35,0.8,positive,0.35,False,False,False,False,False,False,False,False,0.0,243,"['JPM', 'DAL', 'NFLX', 'TSLA', 'TWTR', 'DIS', 'JNJ', 'GS', 'IBM', 'PG', 'TRV', 'DOW', 'AXP', 'VZ', 'SNAP', 'META', 'GOOGL', 'T', 'AAPL', 'UAL', 'AAL', 'ALK', 'HAS', 'MAT']",UAL,2022-10-16
"The Zacks Analyst Blog Highlights Delta Air Lines, American Airlines, United Airlines, Gol Linhas and Copa Holdings","Delta Air Lines, American Airlines, United Airlines, Gol Linhas and Copa Holdings are included in this Analyst Blog.",2022-10-17 14:58:00+00:00,https://www.zacks.com/stock/news/1992866/the-zacks-analyst-blog-highlights-delta-air-lines-american-airlines-united-airlines-gol-linhas-and-copa-holdings,Zacks Investment Research,0.0,0.0,neutral,0.0,False,False,False,False,False,False,False,False,0.0,233,"['DAL', 'UAL', 'GOL', 'CPA', 'AAL']",UAL,2022-10-17
What's in the Cards for Alaska Air (ALK) in Q3 Earnings?,"Alaska Air's (ALK) third-quarter 2022 revenues are likely to have benefited from improved air-travel demand. However, high fuel costs are expected to hurt its bottom line.",2022-10-17 16:12:00+00:00,https://www.zacks.com/stock/news/1992933/whats-in-the-cards-for-alaska-air-alk-in-q3-earnings,Zacks Investment Research,0.02,0.6466666666666666,neutral,0.02,True,False,False,False,False,False,False,False,0.0,229,"['UAL', 'JBLU', 'CPA', 'ALK']",UAL,2022-10-17
"Want to keep beating the S&P 500 and at much lower risk? Bet on Buffett, and perhaps this younger clone, says fund manager.","Don't leave Berkshire Hathaway out of your portfolio, says the oldest hedge fund in Central Europe. And they've also offer a Berkshire clone to think about.",2022-10-18 14:08:00+00:00,https://www.marketwatch.com/story/want-to-keep-beating-the-s-p-500-and-at-much-lower-risk-bet-on-buffett-and-perhaps-this-younger-clone-says-this-fund-manager-11666090490,MarketWatch,0.06666666666666667,0.15,neutral,0.06666666666666667,False,False,False,False,False,False,False,False,0.0,281,"['BRK.A', 'BRK.B', 'MKL', 'CVS', 'JPM', 'LMT', 'DJIA', 'COMP', 'JNJ', 'GS', 'UAL', 'NFLX', 'CRM', 'INTC', 'MSFT', 'TSLA', 'GME', 'AMC', 'APE', 'NIO', 'AAPL', 'BBBY', 'AMZN', 'NVDA', 'MULN']",UAL,2022-10-18
Is a Beat in the Cards for United Parcel's (UPS) Q3 Earnings?,"United Parcel's (UPS) third-quarter 2022 revenues are expected to have improved year over year. However, high fuel costs and supply-chain challenges are likely to weigh on the bottom line.",2022-10-18 16:40:00+00:00,https://www.zacks.com/stock/news/1993692/is-a-beat-in-the-cards-for-united-parcels-ups-q3-earnings,Zacks Investment Research,0.02,0.6466666666666666,neutral,0.02,True,False,False,False,False,False,False,False,0.0,251,"['UAL', 'JBLU', 'UPS', 'CPA']",UAL,2022-10-18
Why American Airlines And Delta Air Lines Shares Are Rising After United Airlines Earnings Report,"Shares of airline companies, including American Airlines Group Inc (NASDAQ: AAL) and Delta Air Lines, Inc. (NYSE: DAL), are trading higher in sympathy with United Airlines Holdings Inc (NASDAQ: UAL), which reported better-than-expected third-quarter results.
What Happened?
United Airlines reported quarterly earnings of $2.81 per share, which beat the analyst consensus estimate of $2.27. The company also reported quarterly sales of $12.90 billion, which beat the analyst consensus estimate of $12.75 billion by 1%. ...Full story available on Benzinga.com",2022-10-18 21:08:46+00:00,https://www.benzinga.com/news/earnings/22/10/29315638/why-american-airlines-and-delta-air-lines-shares-are-rising-after-united-airlines-earnings-report,Benzinga,0.1625,0.225,positive,0.1625,True,False,False,False,False,False,False,False,0.0,656,"['DAL', 'UAL', 'AAL']",UAL,2022-10-18
United Airlines (UAL) Tops Q3 Earnings and Revenue Estimates,"United (UAL) delivered earnings and revenue surprises of 27.15% and 1.32%, respectively, for the quarter ended September 2022. Do the numbers hold clues to what lies ahead for the stock?",2022-10-18 21:35:07+00:00,https://www.zacks.com/stock/news/1993769/united-airlines-ual-tops-q3-earnings-and-revenue-estimates,Zacks Investment Research,0.0,0.1,neutral,0.0,True,False,False,False,False,False,False,False,0.0,248,"['UAL', 'LUV']",UAL,2022-10-18
"Markets Take Off on Q3 Earnings; NFLX, UAL Beat After Hours","Five-day trading gains are now +3-4% on the indices, and this is including a big sell-off going into the weekend last Friday.",2022-10-18 21:54:00+00:00,https://www.zacks.com/stock/news/1993796/markets-take-off-on-q3-earnings-nflx-ual-beat-after-hours,Zacks Investment Research,0.0,0.08333333333333334,neutral,0.0,True,False,False,False,False,False,False,False,0.0,186,"['AMZN', 'UAL', 'NFLX', 'DIS']",UAL,2022-10-18
United Airlines: Boom Prices Ahead,United Airlines blew away Q3'22 analyst estimates with a big EPS beat. Read why UAL stock has this clear path to $11+ EPS next year.,2022-10-19 05:08:35+00:00,https://seekingalpha.com/article/4547362-united-airlines-stock-q3-earnings-boom-prices-ahead,Seeking Alpha,0.03333333333333334,0.1611111111111111,neutral,0.03333333333333334,False,False,False,False,False,False,False,False,0.0,168,['UAL'],UAL,2022-10-19
Why Olaplex Holdings Shares Are Trading Lower By 42%; Here Are 27 Stocks Moving Premarket,"Gainers

SenesTech, Inc. (NASDAQ: SNES) shares rose 65.8% to $0.3847 in pre-market trading after declining over 3% on Tuesday.
Zovio Inc  (NASDAQ: ZVO) rose 38.2% to $0.2765 in pre-market trading after jumping around 39% on Tuesday.
Kintara Therapeutics, Inc. (NASDAQ: KTRA) rose 37% to $0.1371 in pre-market trading after gaining over 6% on Tuesday. Kintara Therapeutics recently posted a Q4 loss of $0.52 per share.
First High-School Education Group Co., Ltd. (NYSE: FHS) shares rose 29.5% to $0.70 in pre-market trading. First High-School Education Group, last month, reported H1 sales of $31.6 million, up 20.9% from a year ago.
Scopus BioPharma Inc. (NASDAQ: SCPS) rose 25% to $0.3068 in pre-market trading. Scopus Biopharma completed recapitalization designed to enhance shareholder value.
Agrify Corporation (NASDAQ: AGFY) rose 22.6% to $5.43 in pre-market trading after dipping around 59% on Tuesday. Agrify announced a 1-for-10 reverse stock split effective Tuesday, Oct. 18, 2022.
Pear Therapeutics, Inc. (NASDAQ: PEAR) rose 17.4% to $2.88 in pre-market trading. Pear Therapeutics, during August, reported its Q2 financial results.
Sintx Technologies, Inc. (NASDAQ: SINT) rose 17% to $0.1720 in pre-market trading. SINTX Technologies recently announced subscriptions of $4.7 million from its rights offering.
COMSovereign Holding ...",2022-10-19 10:21:25+00:00,https://www.benzinga.com/news/22/10/29319532/why-olaplex-holdings-shares-are-trading-lower-by-42-here-are-27-stocks-moving-premarket,Benzinga,0.39333333333333326,0.642222222222222,positive,0.39333333333333326,True,False,False,False,False,True,False,False,0.0,1434,"['ASML', 'EQOS', 'COMS', 'SCPS', 'ISRG', 'AGFY', 'NFLX', 'ZEPP', 'GNRC', 'VACC', 'UAL', 'ENSC', 'OLPX', 'FHS', 'PEAR', 'SNES', 'FSRD', 'NVOS', 'QNGY', 'KALA', 'RBT', 'ORTX', 'SINT', 'ZVO', 'OBLG', 'CRKN', 'KTRA']",UAL,2022-10-19
"Netflix, Intuitive Surgical And Some Other Big Stocks Moving Higher In Today's Pre-Market Session","U.S. stock futures traded slightly higher this morning. Here are some big stocks recording gains in today’s pre-market trading session.

Pear Therapeutics, Inc. (NASDAQ: PEAR) shares jumped 17.4% to $2.88 in pre-market trading. Pear Therapeutics, during August, reported its Q2 financial results.
Netflix, Inc. (NASDAQ: NFLX) gained 13% to $272.10 in pre-market trading after the company reported better-than-expected Q3 results and reported global streaming paid ...",2022-10-19 11:28:34+00:00,https://www.benzinga.com/news/22/10/29320795/netflix-intuitive-surgical-and-some-other-big-stocks-moving-higher-in-todays-pre-market-session,Benzinga,0.05357142857142857,0.22500000000000003,neutral,0.05357142857142857,False,False,False,False,False,False,False,False,0.0,566,"['ASML', 'ISRG', 'NFLX', 'UAL', 'VEON', 'ROKU', 'PEAR']",UAL,2022-10-19
United Airlines says travel demand is stronger than recession pressures; shares rally,United Airlines Holdings Inc. rallied after the airline said it expected the travel rebound to weather a shakier economy.,2022-10-19 12:07:00+00:00,https://www.marketwatch.com/story/united-airlines-stock-jumps-after-carrier-forecasts-recovery-through-years-end-11666125310,MarketWatch,-0.1,0.4,neutral,0.1,False,False,False,False,False,False,False,False,0.0,208,"['UAL', 'AAL', 'DAL', 'JBLU']",UAL,2022-10-19
"United Airlines (UAL) Up on Q3 Earnings Beat, Rosy Q4 EPS View",Upbeat air-travel demand aids United Airlines' (UAL) Q3 results.,2022-10-19 13:18:00+00:00,https://www.zacks.com/stock/news/1994288/united-airlines-ual-up-on-q3-earnings-beat-rosy-q4-eps-view,Zacks Investment Research,0.0,0.0,neutral,0.0,True,False,False,False,False,False,False,False,0.0,128,"['UAL', 'DAL', 'JBHT']",UAL,2022-10-19
These 2 Nasdaq Stocks Are Flying Higher,"Despite a volatile market, these two companies have attractive business prospects.",2022-10-19 13:22:13+00:00,https://www.fool.com/investing/2022/10/19/these-2-nasdaq-stocks-are-flying-higher/,The Motley Fool,0.525,0.75,positive,0.525,False,False,False,False,False,False,False,False,0.0,123,"['UAL', 'ASML']",UAL,2022-10-19
All You Need to Know About United (UAL) Rating Upgrade to Buy,"United (UAL) has been upgraded to a Zacks Rank #2 (Buy), reflecting growing optimism about the company's earnings prospects. This might drive the stock higher in the near term.",2022-10-19 16:00:07+00:00,https://www.zacks.com/stock/news/1994401/all-you-need-to-know-about-united-ual-rating-upgrade-to-buy,Zacks Investment Research,-0.15000000000000002,0.6,negative,0.15000000000000002,True,True,False,False,False,False,False,False,0.0,239,['UAL'],UAL,2022-10-19
Why United Airlines Shares Are Trading Higher? Here Are 43 Stocks Moving In Wednesday's Mid-Day Session,"Gainers

SenesTech, Inc. (NASDAQ: SNES) shares jumped 102.6% to $0.47 after declining over 3% on Tuesday. SenesTech, during August, posted a Q2 loss of $0.21 per share.
Scopus BioPharma Inc. (NASDAQ: SCPS) rose 66% to $0.4075. Scopus Biopharma completed recapitalization designed to enhance shareholder value.
RedHill Biopharma Ltd. (NASDAQ: RDHL) gained 61.6% to $0.75 after the company announced its oral broad-acting antiviral, Opaganib, was granted a new COVID-19 treatment patent.
Kintara Therapeutics, Inc. (NASDAQ: KTRA) jumped 40% to $0.1401. The company announced it paused its REM-001 program to conserve funds to support its VAL-083 international registrational study.
HV Bancorp, Inc.  (NASDAQ: HVBC) climbed 29% to $25.87. Citizens Financial Services and HV Bancorp signed definitive merger agreement for $67.4 million.
Crown ElectroKinetics Corp. (NASDAQ: CRKN) gained 24.3% to $0.4000.
LMF Acquisition Opportunities, Inc.  (NASDAQ: LMAO) shares gained 22.3% to $10.47 after the company announced stockholders approved the previously-announced business combination with SeaStar Medical.
Cabaletta Bio, Inc. (NASDAQ: CABA) surged 19% to $1.18. Cabaletta Bio CEO Steven Nichtberger reported purchase of 141,873 shares at an average price of $0.99 per share in Form 4 Filing on Tuesday.
SOBR Safe, Inc.  (NASDAQ: SOBR) shares gained 17.6% to $3.1270 after the company announced it secured a large industrial customer and validation of its sales strategy.
Momentive Global Inc. (NASDAQ: MNTV) surged 16% to $7.54 following a Bloomberg report suggesting the company is considering a sale after receiving takeover interest.
SaverOne 2014 Ltd (NASDAQ: SVRE) jumped 16% to $1.67. SaverOne signed a memorandum of understanding with leading truck manufacturer, ...",2022-10-19 16:30:03+00:00,https://www.benzinga.com/news/22/10/29328222/why-united-airlines-shares-are-trading-higher-here-are-43-stocks-moving-in-wednesdays-mid-day-sessio,Benzinga,0.17922077922077925,0.3610930735930735,positive,0.17922077922077925,True,True,True,False,False,False,True,False,0.0,1873,"['SIEN', 'KTRA', 'ASML', 'HZN', 'EQOS', 'COCO', 'WDH', 'SCPS', 'IBKR', 'VINO', 'LMAO', 'INSM', 'SNES', 'EVCM', 'ISRG', 'HVBC', 'MNTV', 'NFLX', 'RGEN', 'CVNA', 'OLPX', 'ABT', 'ZYME', 'EQRX', 'GLS', 'KALA', 'QNGY', 'MTB', 'MCLD', 'SVRE', 'THO', 'ESTA', 'RBT', 'WGO', 'CABA', 'GNRC', 'OBLG', 'UAL', 'AYLA', 'PRPH', 'CRKN', 'RDHL', 'SOBR']",UAL,2022-10-19
3 Reasons Growth Investors Will Love United (UAL),"United (UAL) is well positioned to outperform the market, as it exhibits above-average growth in financials.",2022-10-19 16:45:04+00:00,https://www.zacks.com/stock/news/1994429/3-reasons-growth-investors-will-love-united-ual,Zacks Investment Research,0.5,0.6,positive,0.5,False,False,False,False,False,False,False,False,0.0,159,['UAL'],UAL,2022-10-19
"J.B. Hunt (JBHT) Q3 Earnings & Revenues Beat Estimates, Up Y/Y","J.B. Hunt's (JBHT) Q3 results benefit from solid revenue growth across Dedicated Contract Services, Intermodal, Truckload and Final Mile Services segments.",2022-10-19 18:03:00+00:00,https://www.zacks.com/stock/news/1994443/jb-hunt-jbht-q3-earnings-revenues-beat-estimates-up-yy,Zacks Investment Research,0.0,0.55,neutral,0.0,True,False,False,False,False,False,False,False,0.0,219,"['DAL', 'UAL', 'JBHT']",UAL,2022-10-19
Why United Airlines Stock Is Flying High Today,The airline delivers strong earnings and sees nothing but blue skies up ahead.,2022-10-19 18:36:03+00:00,https://www.fool.com/investing/2022/10/19/why-united-airlines-stock-is-flying-high-today/,The Motley Fool,0.19777777777777775,0.4577777777777778,positive,0.19777777777777775,True,False,False,False,False,False,False,False,0.0,126,['UAL'],UAL,2022-10-19
These Stocks Have Popped: Here's Why,These reports indicate encouraging trends amidst the depressing economic backdrop.,2022-10-19 19:37:00+00:00,https://www.zacks.com/stock/news/1994459/these-stocks-have-popped-heres-why,Zacks Investment Research,-0.19999999999999998,0.55,negative,0.19999999999999998,False,False,False,False,False,False,False,False,0.0,120,"['LMT', 'UAL', 'NFLX', 'ISRG']",UAL,2022-10-19
U.S. stocks snap two-day winning streak with positive earnings news offset by rising bond yields,U.S. stocks ended a choppy session lower on Wednesday as another batch of mostly positive corporate earnings was offset by an ongoing rise in Treasury yields.,2022-10-19 20:27:00+00:00,https://www.marketwatch.com/story/u-s-stock-futures-waver-even-after-netflix-earnings-beat-as-treasury-yields-rise-11666172202,MarketWatch,0.15090909090909094,0.4081818181818182,positive,0.15090909090909094,True,False,False,False,False,False,False,False,0.0,256,"['DJIA', 'COMP', 'NFLX', 'PG', 'TSLA', 'IBM', 'UAL', 'OLPX', 'DIS', 'ALLY', 'GNRC', 'ABT']",UAL,2022-10-19
"The Earnings Picture Is Good Enough, So Far","The picture emerging from the 2022 Q3 earnings season belies pre-season fears of an impending earnings cliff. The overall corporate profitability picture isn't great, but it isn't bad either.",2022-10-19 23:00:00+00:00,https://www.zacks.com/commentary/1994589/the-earnings-picture-is-good-enough-so-far,Zacks Investment Research,0.12857142857142861,0.5023809523809524,positive,0.12857142857142861,True,False,False,False,False,False,False,False,0.0,236,"['BAC', 'UAL', 'PG', 'JBHT', 'GIS', 'PEP']",UAL,2022-10-19
"The Earnings Picture Is Good Enough, So Far","The picture emerging from the 2022 Q3 earnings season belies pre-season fears of an impending earnings cliff. The overall corporate profitability picture isn't great, but it isn't bad either.",2022-10-19 23:00:00+00:00,https://www.zacks.com/commentary/1994464/the-earnings-picture-is-good-enough-so-far,Zacks Investment Research,0.12857142857142861,0.5023809523809524,positive,0.12857142857142861,True,False,False,False,False,False,False,False,0.0,236,"['BAC', 'UAL', 'PG', 'JBHT', 'GIS', 'PEP']",UAL,2022-10-19
Why Olaplex Shares Dipped Around 57%; Here Are 75 Biggest Movers From Yesterday,"Gainers

Amprius Technologies, Inc. (NYSE: AMPX) jumped 77.3% to settle at $11.01 on Wednesday after the company announced it was awarded a $50 million cost-sharing grant from the U.S. Department of Energy's Office of Manufacturing and Energy Supply Chains.
Mullen Automotive, Inc. (NASDAQ: MULN) gained 57.1% to close at $0.34 after the company announced US Bankruptcy Court approval of its acquisition of ELMS assets. The company will acquire ELMS's manufacturing plant, inventory and intellectual property.
Scopus BioPharma Inc. (NASDAQ: SCPS) surged 51.6% to close at $0.3720. Scopus Biopharma completed recapitalization designed to enhance shareholder value.
SenesTech, Inc. (NASDAQ: SNES) shares climbed 46.6% to close at $0.34 on Wednesday after declining over 3% on Tuesday. SenesTech, during August, posted a Q2 loss of $0.21 per share.
RedHill Biopharma Ltd. (NASDAQ: RDHL) gained 46.6% to close at $0.68 after the company announced its oral broad-acting antiviral, Opaganib, was granted a new COVID-19 treatment patent.
Microvast Holdings, Inc. (NASDAQ: MVST) jumped 40.3% to settle at $2.23 after the company was awarded a DOE contract.
Sunshine Biopharma, Inc. (NASDAQ: SBFM) rose 39.1% to settle at $1.28.
AnPac Bio-Medical Science Co., Ltd. (NASDAQ: ANPC) gained 34.4% to close at $0.2480. AnPac Bio recently announced plan to implement 1-for-20 ADS ratio change.
Cabaletta Bio, Inc. (NASDAQ: CABA) climbed 31.1% to close at $1.30. Cabaletta Bio CEO Steven Nichtberger reported purchase of 141,873 shares at an average price of $0.99 per share in Form 4 Filing on Tuesday.
HV Bancorp, Inc.  (NASDAQ: HVBC) climbed 27.4% to close at $25.55. Citizens Financial Services and HV Bancorp signed definitive merger agreement for $67.4 million.
Top Ships Inc. (NASDAQ: TOPS) rose 23.3% to close at $5.50.
LMF Acquisition Opportunities, Inc.  (NASDAQ: LMAO) shares gained 21.7% to close at $10.42 after the company announced stockholders approved the previously-announced business combination with SeaStar Medical.
TuanChe Limited (NASDAQ: TC) jumped 21.5% to settle at $6.16.
Kintara Therapeutics, Inc. (NASDAQ: KTRA) gained 20.6% to close at $0.1207. The company announced it paused its REM-001 program to conserve funds to support its VAL-083 international registrational study.
Rockley Photonics Holdings Limited (NYSE: RKLY) gained 20.6% to settle at $0.6866 after the company announced it completed an IRB-approved human study measuring blood pressure that utilized its non-invasive, cuffless biosensing device.
China Pharma Holdings, Inc. (NYSE: CPHI) rose 20.2% to close at $0.1526.
KLX Energy Services Holdings, Inc. (NASDAQ: KLXE) gained 19.6% to close at $12.25.
Tuesday Morning Corporation (NASDAQ: TUEM) surged 19.1% to settle at $0.1350.
Biohaven Ltd. (NYSE: BHVN) rose 18.3% to settle at $12.40. Biohaven filed for offering of 20 million common shares.
Momentive Global Inc. (NASDAQ: MNTV) climbed 16.2% to close at $7.54 following a Bloomberg report suggesting the company is considering ...",2022-10-20 05:52:51+00:00,https://www.benzinga.com/news/22/10/29335687/why-olaplex-shares-dipped-around-57-here-are-75-biggest-movers-from-yesterday,Benzinga,0.17597402597402598,0.41001367053998633,positive,0.17597402597402598,True,True,False,False,False,False,True,True,0.0,3094,"['TC', 'MNTV', 'MLCO', 'ACMR', 'OBLG', 'THO', 'RKLY', 'CVNA', 'ASML', 'AYLA', 'WGO', 'OLPX', 'ZYME', 'COCO', 'WETG', 'CPHI', 'QNRX', 'BHVN', 'COMS', 'SOBR', 'GNRC', 'MULN', 'RMED', 'IBKR', 'KTRA', 'XPEV', 'UAL', 'EQRX', 'KALA', 'INSM', 'EQOS', 'SBFM', 'QNGY', 'MCLD', 'ISRG', 'WNW', 'PRPH', 'PEGY', 'TCDA', 'NFLX', 'SCPS', 'RDHL', 'NUTX', 'ESTA', 'RGEN', 'LMAO', 'SIEN', 'SVRE', 'KLXE', 'SMTS', 'TUEM', 'SES', 'AMPX', 'SINT', 'TOPS', 'ABT', 'AGFY', 'WDH', 'XAIR', 'GLS', 'MVST', 'VINO', 'KAVL', 'MTB', 'HLBZ', 'BLBX', 'NIO', 'NC', 'DBGI', 'SNES', 'CABA', 'PLL', 'EVCM', 'HVBC', 'ANPC']",UAL,2022-10-20
Investor Fear Eases Slightly Ahead Of Earnings Results,"The CNN Money Fear and Greed index showed some easing in the fear level among US investors.
US stocks ended lower on Wednesday, ending a two-session winning streak amid a sharp increase in Treasury yields.
Netflix Inc (NASDAQ: NFLX) shares climbed 13% on Wednesday after the streaming giant posted upbeat earnings and revenue for the latest quarter. United Airlines Holdings Inc (NASDAQ: UAL) rose around 5% following strong quarterly results.
The Dow fell 0.33% ...",2022-10-20 08:24:50+00:00,https://www.benzinga.com/news/earnings/22/10/29336402/investor-fear-eases-slightly-ahead-of-earnings-results,Benzinga,0.21770833333333334,0.66875,positive,0.21770833333333334,True,False,False,False,False,False,False,False,0.0,522,"['AMZN', 'MSFT', 'NFLX', 'DOW', 'T', 'UAL', 'AAL', 'SNAP']",UAL,2022-10-20
"Zacks Earnings Trends Highlights: Bank of America, United Airlines, J. B. Hunt, Pepsi and General Mills","Bank of America, United Airlines, J. B. Hunt, Pepsi and General Mills have been highlighted in this Earnings Trends article.",2022-10-20 08:30:00+00:00,https://www.zacks.com/stock/news/1994608/zacks-earnings-trends-highlights-bank-of-america-united-airlines-j-b-hunt-pepsi-and-general-mills,Zacks Investment Research,0.05000000000000002,0.5,neutral,0.05000000000000002,True,False,False,False,False,False,False,False,0.0,229,"['BAC', 'UAL', 'JBHT', 'GIS', 'PEP']",UAL,2022-10-20
"Intuitive Surgical, Netflix, ASML And Other Big Gainers From Wednesday","U.S. stocks closed lower on Wednesday, with the Dow Jones dropping 100 points. Here is the list of some big stocks recording gains in the previous session.

Amprius Technologies, Inc. (NYSE: AMPX) jumped 77.3% to settle at $11.01 on Wednesday after the company announced it was awarded a $50 million cost-sharing grant from the U.S. Department of Energy's Office of Manufacturing and Energy Supply Chains.
Microvast Holdings, Inc. (NASDAQ: MVST) jumped 40.3% to settle at $2.23 after the company was awarded a DOE contract.
Biohaven Ltd. (NYSE: BHVN) rose 18.3% to settle at $12.40. Biohaven filed for offering of 20 million common shares.
Momentive Global Inc. ...",2022-10-20 08:39:19+00:00,https://www.benzinga.com/news/22/10/29336481/intuitive-surgical-netflix-asml-and-other-big-gainers-from-wednesday,Benzinga,-0.011458333333333334,0.2864583333333333,neutral,0.011458333333333334,False,False,False,False,False,False,False,False,0.0,737,"['ASML', 'IBKR', 'ISRG', 'NFLX', 'NC', 'PLL', 'RES', 'UAL', 'PUMP', 'SES', 'ZYME', 'BHVN', 'MVST', 'MNTV', 'AMPX']",UAL,2022-10-20
"The Zacks Analyst Blog Highlights Netflix, Intuitive Surgical, Lockheed Martin and United Airlines","Netflix, Intuitive Surgical, Lockheed Martin and United Airlines are included in this Analyst Blog.",2022-10-20 09:50:00+00:00,https://www.zacks.com/stock/news/1994623/the-zacks-analyst-blog-highlights-netflix-intuitive-surgical-lockheed-martin-and-united-airlines,Zacks Investment Research,0.0,0.0,neutral,0.0,False,False,False,False,False,False,False,False,0.0,199,"['LMT', 'UAL', 'NFLX', 'ISRG']",UAL,2022-10-20
Why Fast-paced Mover United (UAL) Is a Great Choice for Value Investors,United (UAL) made it through our 'Fast-Paced Momentum at a Bargain' screen and could be a great choice for investors looking for stocks that have gained strong momentum recently but are still trading at reasonable prices.,2022-10-20 12:50:06+00:00,https://www.zacks.com/stock/news/1994726/why-fast-paced-mover-united-ual-is-a-great-choice-for-value-investors,Zacks Investment Research,0.44666666666666666,0.6166666666666667,positive,0.44666666666666666,False,False,False,False,False,False,False,False,0.0,294,['UAL'],UAL,2022-10-20
Wall Street Analysts Predict a 35% Upside in United (UAL): Here's What You Should Know,"The mean of analysts' price targets for United (UAL) points to a 35.2% upside in the stock. While this highly sought-after metric has not proven reasonably effective, strong agreement among analysts in raising earnings estimates does indicate an upside in the stock.",2022-10-20 13:55:10+00:00,https://www.zacks.com/stock/news/1994818/wall-street-analysts-predict-a-35-upside-in-united-ual-heres-what-you-should-know,Zacks Investment Research,0.22020833333333334,0.6902083333333333,positive,0.22020833333333334,True,False,False,False,False,False,False,False,0.0,354,['UAL'],UAL,2022-10-20
"American Airlines 3Q results lift United, Delta amid strengthening travel demand",The results provide another boost to the airline industry in its recovery from a turbulent period of COVID-19 related travel restrictions.,2022-10-20 14:56:00+00:00,https://www.marketwatch.com/story/american-airlines-3q-results-lift-united-delta-amid-strengthening-travel-demand-11666277746,MarketWatch,0.0,0.2,neutral,0.0,False,False,False,False,False,False,False,False,0.0,220,"['AAL', 'JETS', 'UAL', 'DAL', 'JBLU', 'ALK']",UAL,2022-10-20
"Union Pacific (UNP) Q3 Earnings, Revenues Top Estimates, Up Y/Y","Union Pacific's (UNP) third-quarter 2022 revenues benefit from higher fuel surcharge revenues, volume growth and solid core pricing.",2022-10-20 16:25:00+00:00,https://www.zacks.com/stock/news/1995245/union-pacific-unp-q3-earnings-revenues-top-estimates-up-yy,Zacks Investment Research,0.25,0.3666666666666667,positive,0.25,True,False,False,False,False,False,False,False,0.0,197,"['DAL', 'UAL', 'UNP', 'JBHT']",UAL,2022-10-20
"Alaska Air (ALK) Q3 Earnings & Revenues Top, 2022 View Tweaked",Alaska Air's (ALK) third-quarter 2022 revenues benefit from contributions from passenger revenues.,2022-10-20 16:40:00+00:00,https://www.zacks.com/stock/news/1995218/alaska-air-alk-q3-earnings-revenues-top-2022-view-tweaked,Zacks Investment Research,0.5,0.5,positive,0.5,True,False,False,False,False,False,False,False,0.0,162,"['DAL', 'UAL', 'JBHT', 'ALK']",UAL,2022-10-20
"Knight-Swift's (KNX) Q3 Earnings Miss, 2022 EPS View Cut","Knight-Swift (KNX) third-quarter 2022 earnings hurt by higher interest expenses, higher tax rates, and lower gains on sales.",2022-10-20 16:57:00+00:00,https://www.zacks.com/stock/news/1995227/knight-swifts-knx-q3-earnings-miss-2022-eps-view-cut,Zacks Investment Research,0.25,0.5,positive,0.25,True,False,False,False,False,False,False,False,0.0,182,"['DAL', 'UAL', 'JBHT', 'KNX']",UAL,2022-10-20
"American Airlines (AAL) Q3 Earnings Top, Air Travel Surges","At American Airlines (AAL), total revenue per available seat miles increases to 19.63 cents in Q322 from 14.68 cents in the year-ago quarter.",2022-10-20 18:42:00+00:00,https://www.zacks.com/stock/news/1995278/american-airlines-aal-q3-earnings-top-air-travel-surges,Zacks Investment Research,0.18,0.32999999999999996,positive,0.18,True,False,False,False,False,False,False,False,0.0,201,"['AAL', 'DAL', 'UAL']",UAL,2022-10-20
Dow down over 100 points in final hour of trade despite strong earnings as Treasury yields grind higher,"U.S. stocks trade lower in the final hour of trade on Thursday, reversing some of their gains for the week, despite a strong start to the third-quarter earnings season, as Treasury yields rise to fresh multiyear highs",2022-10-20 19:36:00+00:00,https://www.marketwatch.com/story/u-s-stock-futures-dip-as-treasury-yields-hit-fresh-14-year-highs-tesla-stock-tumbles-post-results-11666257033,MarketWatch,0.18015873015873016,0.6793650793650794,positive,0.18015873015873016,True,False,False,False,False,False,False,False,0.0,322,"['DJIA', 'COMP', 'T', 'IBM', 'DOW', 'UAL', 'TSLA', 'FDX', 'AAPL', 'GOOG', 'AMZN', 'AAL', 'NKE', 'LRCX', 'NVDA']",UAL,2022-10-20
"CSX Q3 Earnings & Revenues Top Estimates, Rise Year Over Year","CSX's Q3 revenues benefit from a higher fuel surcharge, pricing gains, an increase in volumes, and an increase in storage and other revenues.",2022-10-21 16:25:00+00:00,https://www.zacks.com/stock/news/1995822/csx-q3-earnings-revenues-top-estimates-rise-year-over-year,Zacks Investment Research,0.20833333333333334,0.4583333333333333,positive,0.20833333333333334,True,False,False,False,False,False,False,False,0.0,204,"['CSX', 'DAL', 'UAL', 'JBHT']",UAL,2022-10-21
Landstar System (LSTR) Stock Up 2.6% Since Q3 Earnings Release,Landstar System (LSTR) third-quarter 2022 earnings and revenues increase year over year.,2022-10-21 16:44:00+00:00,https://www.zacks.com/stock/news/1995831/landstar-system-lstr-stock-up-26-since-q3-earnings-release,Zacks Investment Research,0.0,0.0,neutral,0.0,True,False,False,False,True,False,False,False,0.0,152,"['DAL', 'UAL', 'JBHT', 'LSTR']",UAL,2022-10-21
American Airlines canceling first class on international flights because 'customers aren't buying it' ,"Some first-class seats will be replaced with 'Flagship Suites' on long-haul flights, and some will become more business-class seating.",2022-10-21 16:54:00+00:00,https://www.marketwatch.com/story/american-airlines-canceling-first-class-on-international-flights-because-customers-arent-buying-it-11666371294,MarketWatch,0.1875,0.20833333333333331,positive,0.1875,False,True,False,False,False,False,False,False,0.0,238,"['AAL', 'DAL', 'UAL']",UAL,2022-10-21
United Airlines To Rally Around 60%? Plus This Analyst Cuts PT On Alaska Air,"Citigroup boosted the price target on  United Airlines Holdings, Inc. (NASDAQ: UAL) from $56 to $65. Citigroup analyst Stephen Trent maintained a Buy rating on the stock. United Airlines shares rose 4.6% to trade at $40.85 on Friday.
Cowen & Co. cut the price target for  Alaska Air Group, Inc.  (NYSE: ALK) from $85 to $65. Cowen & Co. analyst Helane Becker maintained an Outperform rating ...Full story available on Benzinga.com",2022-10-21 17:24:20+00:00,https://www.benzinga.com/news/22/10/29363166/united-airlines-to-rally-around-60-plus-this-analyst-cuts-pt-on-alaska-air,Benzinga,0.5,0.675,positive,0.5,False,True,False,False,False,False,False,False,0.0,508,"['MGEE', 'SIVB', 'ALK', 'WU', 'UAL', 'SPGI', 'SNAP']",UAL,2022-10-21
"Airline Stock Roundup: Q3 Earnings Beat at AAL, ALK & UAL, SAVE in Focus","Upbeat air-travel demand aids Q3 results of AAL, ALK and UAL.",2022-10-21 18:34:00+00:00,https://www.zacks.com/stock/news/1995870/airline-stock-roundup-q3-earnings-beat-at-aal-alk-ual-save-in-focus,Zacks Investment Research,0.0,0.0,neutral,0.0,True,False,False,False,False,False,False,False,0.0,135,"['UAL', 'JBLU', 'AAL', 'ALK', 'SAVE']",UAL,2022-10-21
Why Warren Buffett Would Hate United Airlines Stock,"The Oracle of Omaha owned United Airlines stock a few years ago, but he wouldn't dare touch it now.",2022-10-23 13:07:00+00:00,https://www.fool.com/investing/2022/10/23/warren-buffett-would-hate-united-airlines-stock/,The Motley Fool,-0.5,0.5,negative,0.5,False,False,False,False,False,False,False,False,0.0,152,['UAL'],UAL,2022-10-23
Stock-market investors brace for busiest week of earnings season. Here's how it stacks up so far.,"Stocks ended the first full week of earnings season on a strong note Friday. It gets more hectic next  week, with 165 S&P 500 companies due to report results.",2022-10-23 23:55:00+00:00,https://www.marketwatch.com/story/stock-market-investors-brace-for-busiest-week-of-earnings-season-heres-how-it-stacks-up-so-far-11666390519,MarketWatch,0.21547619047619046,0.4988095238095238,positive,0.21547619047619046,True,False,False,False,False,False,False,False,0.0,257,"['DJIA', 'COMP', 'META', 'GOOG', 'GOOGL', 'MSFT', 'AMZN', 'AAPL', 'UAL', 'AAL', 'DAL']",UAL,2022-10-23
"United Airlines, Johnson & Johnson And 2 Other Stocks Insiders Are Selling","US crude oil futures traded lower on Monday. Investors, meanwhile, focused on some notable insider trades.
When insiders sell shares, it indicates their concern in the company’s prospects or that they view the stock as being overpriced. Either way, this signals an opportunity to go short on the stock. Insider sales should not be taken as the only indicator for making an investment or trading decision. At best, it can lend conviction to a selling decision.
Below is a look at a few recent notable insider sales. For more, check out  Benzinga's insider transactions  platform.
Johnson & Johnson 

The Trade: Johnson & Johnson (NYSE: JNJ) Exec VP, Chief HR Officer Peter Fasolo  sold a total of 29,946 shares  at an average price of $164.50. The insider received around $4.93 million from ...",2022-10-24 20:10:14+00:00,https://www.benzinga.com/news/22/10/29386491/united-airlines-johnson-johnson-and-2-other-stocks-insiders-are-selling,Benzinga,0.11041666666666668,0.4979166666666666,positive,0.11041666666666668,False,False,False,False,False,False,False,False,0.0,869,"['BK', 'FL', 'JNJ', 'UAL']",UAL,2022-10-24
Can American Airlines Stock Maintain Altitude?,,2022-10-25 09:08:00+00:00,https://www.investing.com/analysis/can-american-airlines-stock-maintain-altitude-200631467,Investing.com,0.0,0.0,neutral,0.0,False,False,False,False,False,False,False,False,0.0,48,"['AAL', 'DAL', 'LUV', 'UAL', 'BA']",UAL,2022-10-25
Are Investors Undervaluing International Consolidated Airlines Group (ICAGY) Right Now?,"Here at Zacks, our focus is on the proven Zacks Rank system, which emphasizes earnings estimates and estimate revisions to find great stocks. Nevertheless, we are always paying attention to the latest value, growth, and momentum trends to underscore strong picks.",2022-10-25 13:40:12+00:00,https://www.zacks.com/stock/news/1996698/are-investors-undervaluing-international-consolidated-airlines-group-icagy-right-now,Zacks Investment Research,0.20317460317460315,0.6365079365079366,positive,0.20317460317460315,True,False,False,False,False,False,False,False,0.0,352,['UAL'],UAL,2022-10-25
Surprisingly Upbeat Q3 Earnings Season Kicks Into High Gear This Week,,2022-10-25 14:12:00+00:00,https://www.investing.com/analysis/surprisingly-upbeat-q3-earnings-season-kicks-into-high-gear-this-week-200631497,Investing.com,0.43,0.52,positive,0.43,True,False,False,False,False,False,False,False,0.0,71,"['BAC', 'GS', 'UAL', 'AAL', 'ALK', 'NFLX', 'TSLA', 'IBM', 'T', 'VZ', 'GOOGL', 'MSFT', 'META', 'AAPL', 'AMZN', 'INTC', 'TWTR', 'HAL', 'SYF', 'NVR', 'PXD', 'WH', 'SLB', 'BKR']",UAL,2022-10-25
"Kirby (KEX) Q3 Earnings Top Estimates, Revenues Miss",Kirby (KEX) third-quarter 2022 revenues benefit from strength across marine transportation and distribution and services segments.,2022-10-25 16:08:00+00:00,https://www.zacks.com/stock/news/1996974/kirby-kex-q3-earnings-top-estimates-revenues-miss,Zacks Investment Research,0.5,0.5,positive,0.5,True,False,False,False,False,False,False,False,0.0,184,"['DAL', 'UAL', 'JBHT', 'KEX']",UAL,2022-10-25
UPS Earnings Surpass Estimates in Q3 on Favorable Pricing,Revenues increase 4.2% year over year at UPS in Q322.,2022-10-25 20:09:00+00:00,https://www.zacks.com/stock/news/1997122/ups-earnings-surpass-estimates-in-q3-on-favorable-pricing,Zacks Investment Research,0.0,0.0,neutral,0.0,True,False,False,False,False,False,False,False,0.0,112,"['UPS', 'DAL', 'UAL', 'JBHT']",UAL,2022-10-25
"GATX Q3 Earnings & Revenues Fall Short of Estimates, Rise Y/Y",GATX's third-quarter 2022 earnings and revenues improve year over year.,2022-10-25 21:17:00+00:00,https://www.zacks.com/stock/news/1997124/gatx-q3-earnings-revenues-fall-short-of-estimates-rise-yy,Zacks Investment Research,0.0,0.3,neutral,0.0,True,False,False,False,False,False,False,False,0.0,134,"['DAL', 'UAL', 'JBHT', 'GATX']",UAL,2022-10-25
"Trinity (TRN) Q3 Earnings Surpass Estimates, Revenues Miss",Trinity (TRN) third-quarter 2022 earnings benefit from improved operating results.,2022-10-26 17:29:00+00:00,https://www.zacks.com/stock/news/1997909/trinity-trn-q3-earnings-surpass-estimates-revenues-miss,Zacks Investment Research,0.0,0.0,neutral,0.0,True,False,False,False,False,False,False,False,0.0,142,"['DAL', 'UAL', 'JBHT', 'TRN']",UAL,2022-10-26
"Old Dominion (ODFL) Q3 Earnings Top Estimates, Revenues Miss",Old Dominion (ODFL) third-quarter 2022 revenues benefit from an increase in less-than-truckload revenue per hundredweight.,2022-10-26 17:40:00+00:00,https://www.zacks.com/stock/news/1997917/old-dominion-odfl-q3-earnings-top-estimates-revenues-miss,Zacks Investment Research,0.2333333333333333,0.3,positive,0.2333333333333333,True,False,False,False,False,False,False,False,0.0,184,"['DAL', 'UAL', 'JBHT', 'ODFL']",UAL,2022-10-26
JetBlue (JBLU) Stock Declines Following Q3 Earnings Miss,Revenues at JetBlue (JBLU) increase 29.9% year over year in Q322.,2022-10-26 18:52:00+00:00,https://www.zacks.com/stock/news/1997939/jetblue-jblu-stock-declines-following-q3-earnings-miss,Zacks Investment Research,0.0,0.1,neutral,0.0,True,False,False,False,False,False,False,False,0.0,123,"['JBLU', 'DAL', 'UAL', 'JBHT']",UAL,2022-10-26
"Norfolk Southern (NSC) Q3 Earnings & Revenues Top, Rise Y/Y",High costs limit bottom-line growth at Norfolk Southern (NSC) in Q322.,2022-10-26 19:34:00+00:00,https://www.zacks.com/stock/news/1997953/norfolk-southern-nsc-q3-earnings-revenues-top-rise-yy,Zacks Investment Research,0.165,0.26,positive,0.165,True,False,False,False,False,False,False,False,0.0,131,"['NSC', 'DAL', 'UAL', 'JBHT']",UAL,2022-10-26
Canadian National (CNI) Stock Up 3.4% Since Q3 Earnings Beat,Canadian National (CNI) third-quarter 2022 earnings and revenues increase year over year.,2022-10-27 17:26:00+00:00,https://www.zacks.com/stock/news/1998867/canadian-national-cni-stock-up-34-since-q3-earnings-beat,Zacks Investment Research,0.0,0.0,neutral,0.0,True,False,False,False,False,False,False,False,0.0,151,"['DAL', 'UAL', 'CNI', 'JBHT']",UAL,2022-10-27
"Southwest Airlines (LUV) Q3 Earnings Beat, 2022 View Tweaked","Southwest Airlines (LUV) third-quarter 2022 revenues benefit from improvement in leisure demand and loyalty program, amid the unfavorable impact of Hurricane Ian.",2022-10-27 17:31:00+00:00,https://www.zacks.com/stock/news/1998868/southwest-airlines-luv-q3-earnings-beat-2022-view-tweaked,Zacks Investment Research,0.0,0.0,neutral,0.0,True,False,False,False,False,False,False,False,0.0,224,"['DAL', 'UAL', 'LUV', 'JBHT']",UAL,2022-10-27
"Canadian Pacific (CP) Q3 Earnings Meet, Revenues Beat Mark",Operating ratio at Canadian Pacific (CP) improves year over year in Q322.,2022-10-27 17:46:00+00:00,https://www.zacks.com/stock/news/1998876/canadian-pacific-cp-q3-earnings-meet-revenues-beat-mark,Zacks Investment Research,0.0,0.0,neutral,0.0,True,False,False,False,False,False,False,False,0.0,133,"['DAL', 'UAL', 'JBHT', 'CP']",UAL,2022-10-27
"Schneider (SNDR) Q3 Earnings Top Estimates, 2022 View Tweaked",Schneider (SNDR) third-quarter 2022 earnings and revenues increase year over year.,2022-10-28 16:26:00+00:00,https://www.zacks.com/stock/news/2010489/schneider-sndr-q3-earnings-top-estimates-2022-view-tweaked,Zacks Investment Research,0.5,0.5,positive,0.5,True,False,False,False,False,False,False,False,0.0,145,"['DAL', 'UAL', 'JBHT', 'SNDR']",UAL,2022-10-28
"SkyWest (SKYW) Q3 Earnings Top Estimates, Revenues Miss",SkyWest (SKYW) third-quarter 2022 revenues benefit from the addition of 33 E175 aircraft to its operations since third-quarter 2021.,2022-10-28 16:53:00+00:00,https://www.zacks.com/stock/news/2010712/skywest-skyw-q3-earnings-top-estimates-revenues-miss,Zacks Investment Research,0.5,0.5,positive,0.5,True,False,False,False,False,False,False,False,0.0,189,"['DAL', 'UAL', 'JBHT', 'SKYW']",UAL,2022-10-28
Here's A Glimpse Of What To Expect In Second Peak Week Of Reporting Season,,2022-10-31 18:20:00+00:00,https://www.investing.com/analysis/heres-a-glimpse-of-what-to-expect-in-second-peak-week-of-reporting-season-200631745,Investing.com,0.0,0.0,neutral,0.0,False,False,True,False,False,False,False,False,0.0,76,"['GOOGL', 'MSFT', 'META', 'AMZN', 'MMM', 'WHR', 'AAL', 'UAL', 'BKNG', 'NCLH', 'ABNB', 'RCL', 'MAR', 'AMD', 'AVB', 'CE', 'SYY', 'CNP', 'TM', 'TWNK', 'ALGT', 'AAL', 'LUV', 'DAL', 'JBLU', 'AVB']",UAL,2022-10-31
"Wabtec (WAB) Q3 Earnings Beat Estimates, 2022 View Tweaked",Wabtec (WAB) third-quarter 2022 earnings and revenues increase year over year.,2022-11-01 17:22:00+00:00,https://www.zacks.com/stock/news/2012052/wabtec-wab-q3-earnings-beat-estimates-2022-view-tweaked,Zacks Investment Research,0.0,0.0,neutral,0.0,True,False,False,False,False,False,False,False,0.0,138,"['DAL', 'UAL', 'JBHT', 'WAB']",UAL,2022-11-01
Gol Linhas (GOL) Stock Up 17.1% Since Q3 Earnings Release,Gol Linhas (GOL) third-quarter 2022 revenues increased year over year.,2022-11-01 17:25:00+00:00,https://www.zacks.com/stock/news/2012053/gol-linhas-gol-stock-up-171-since-q3-earnings-release,Zacks Investment Research,0.0,0.0,neutral,0.0,True,False,False,False,True,False,False,False,0.0,129,"['DAL', 'UAL', 'JBHT', 'GOL']",UAL,2022-11-01
Why United Airlines Stock Took Flight in October,"Earnings came in strong, and management is very bullish about the quarters ahead.",2022-11-01 19:40:02+00:00,https://www.fool.com/investing/2022/11/01/why-united-airlines-stock-took-flight-in-october/,The Motley Fool,0.31666666666666665,0.5166666666666666,positive,0.31666666666666665,True,False,False,False,False,False,True,False,0.0,131,['UAL'],UAL,2022-11-01
Ryder (R) Gains 7.9% Since Q3 Earnings Release: Here's Why,Total revenues at Ryder (R) increase 3.4% year over year in Q322.,2022-11-01 20:08:00+00:00,https://www.zacks.com/stock/news/2012077/ryder-r-gains-79-since-q3-earnings-release-heres-why,Zacks Investment Research,0.0,0.75,neutral,0.0,True,False,False,False,True,False,False,False,0.0,125,"['R', 'DAL', 'UAL', 'JBHT']",UAL,2022-11-01
"C.H. Robinson (CHRW) Q3 Earnings & Revenues Lag, Down Y/Y",C.H. Robinson (CHRW) third-quarter 2022 earnings and revenues decrease year over year.,2022-11-02 21:08:00+00:00,https://www.zacks.com/stock/news/2012918/ch-robinson-chrw-q3-earnings-revenues-lag-down-yy,Zacks Investment Research,-0.15555555555555559,0.2888888888888889,negative,0.15555555555555559,True,False,False,False,False,False,False,False,0.0,145,"['DAL', 'UAL', 'JBHT', 'CHRW']",UAL,2022-11-02
What's in Store for Global Ship Lease (GSL) in Q3 Earnings?,Global Ship Lease's (GSL) bottom-ine performance in third-quarter 2022 is likely to have been dented by high fuel costs.,2022-11-03 20:58:00+00:00,https://www.zacks.com/stock/news/2013746/whats-in-store-for-global-ship-lease-gsl-in-q3-earnings,Zacks Investment Research,0.04,0.385,neutral,0.04,True,False,False,False,False,False,False,False,0.0,181,"['GSL', 'DAL', 'UAL', 'JBHT']",UAL,2022-11-03
Triton (TRTN) Shares Decline 3% Since Q3 Earnings Release,Triton (TRTN) third-quarter 2022 earnings and revenues increased year over year.,2022-11-03 21:01:00+00:00,https://www.zacks.com/stock/news/2013752/triton-trtn-shares-decline-3-since-q3-earnings-release,Zacks Investment Research,0.0,0.0,neutral,0.0,True,False,False,False,True,False,False,False,0.0,139,"['DAL', 'UAL', 'JBHT', 'TRTN']",UAL,2022-11-03
Why Boeing and the Airlines Are Flying Higher Today,A strong economy and rumors about China reopening have aviation-related stocks flying high.,2022-11-04 18:16:41+00:00,https://www.fool.com/investing/2022/11/04/why-boeing-and-the-airlines-are-flying-higher-toda/,The Motley Fool,0.28111111111111114,0.5911111111111111,positive,0.28111111111111114,False,False,False,False,False,False,False,False,0.0,144,"['AAL', 'BA', 'UAL']",UAL,2022-11-04
"Airline Stock Roundup: ALGT's Q3 Loss, RYAAY's Rosy Traffic in October & More","Pilots at United Airlines (UAL) and American Airlines (AAL) turn down pay-hike related provisional deals, as labor tensions engulf the U.S. airline industry.",2022-11-04 21:00:00+00:00,https://www.zacks.com/stock/news/2014414/airline-stock-roundup-algts-q3-loss-ryaays-rosy-traffic-in-october-more,Zacks Investment Research,0.08611111111111111,0.2972222222222223,neutral,0.08611111111111111,True,False,False,False,False,False,False,False,0.0,236,"['RYAAY', 'UAL', 'AAL', 'ALGT']",UAL,2022-11-04
5 Stocks that Moved the Market in October,These stocks illustrated major trends in the market and the global economy.,2022-11-08 15:47:00+00:00,https://www.fool.com/investing/2022/11/08/5-stocks-that-moved-the-market-in-october/,The Motley Fool,0.03125,0.25,neutral,0.03125,False,False,False,False,False,False,False,False,0.0,118,"['CAR', 'CAT', 'META', 'HAL', 'UAL']",UAL,2022-11-08
"Expeditors (EXPD) Q3 Earnings & Revenues Beat Estimates, Up Y/Y",Expeditors' (EXPD) third-quarter 2022 earnings and revenues improve year over year.,2022-11-08 17:05:00+00:00,https://www.zacks.com/stock/news/2015596/expeditors-expd-q3-earnings-revenues-beat-estimates-up-yy,Zacks Investment Research,0.0,0.0,neutral,0.0,True,False,False,False,False,False,False,False,0.0,148,"['DAL', 'UAL', 'JBHT', 'EXPD']",UAL,2022-11-08
"Travel Returns To Pre-Pandemic Levels, But Some Airlines, Other Industry-Related Companies Struggle","According to TSA checkpoint travel numbers, flights have returned to pre-COVID-19 pandemic highs for fall as compared to 2019. Meanwhile, the Bureau of Labor Statistics reported airline fares have increased by 43% year-over-year for the month of September. 
A tough first half of the year due to pilot shortages, delays, flight cancellations and high fuel prices gave airlines no choice but to cut back on how many flights they offered. Airlines have also been selling higher fares in order to cover the high jet fuel prices from the summer.
What does this mean for airlines and other travel providers?
Profiting and Pivoting: Bob Jordan, CEO of Southwest Airlines Co (NYSE: LUV) said “leisure and business demand remains strong, and we currently expect revenue trends to improve sequentially from third quarter to fourth quarter 2022, despite lower capacity.”
In the third quarter, Boeing Co (NYSE: BA) delivered 112 commercial airplanes during the quarter with a backlog that included more than 4,300 airplanes valued at $307 billion. The order backlog of Airbus ...",2022-11-08 18:38:40+00:00,https://www.benzinga.com/news/large-cap/22/11/29619830/travel-returns-to-pre-pandemic-levels-but-some-airlines-other-industry-related-companies-struggle,Benzinga,0.053172514619883045,0.36100877192982456,neutral,0.053172514619883045,True,False,False,False,False,False,True,False,0.0,1169,"['EXPE', 'BA', 'DAL', 'LUV', 'MAR', 'UAL', 'SAVE', 'TRIP', 'NCLH', 'HLT', 'ABNB']",UAL,2022-11-08
How Much Upside is Left in United (UAL)? Wall Street Analysts Think 25%,"The consensus price target hints at a 25.4% upside potential for United (UAL). While empirical research shows that this sought-after metric is hardly effective, an upward trend in earnings estimate revisions could mean that the stock will witness an upside in the near term.",2022-11-09 14:55:10+00:00,https://www.zacks.com/stock/news/2016209/how-much-upside-is-left-in-united-ual-wall-street-analysts-think-25,Zacks Investment Research,0.09821428571428571,0.45535714285714285,neutral,0.09821428571428571,True,False,False,False,False,False,False,False,0.0,347,['UAL'],UAL,2022-11-09
Werner Enterprises (WERN) Stock Up 3% Since Q3 Earnings,Werner Enterprises (WERN) third-quarter 2022 revenues benefit from solid growth across both of its segments - Truckload Transportation Services and Logistics.,2022-11-09 15:20:00+00:00,https://www.zacks.com/stock/news/2016235/werner-enterprises-wern-stock-up-3-since-q3-earnings,Zacks Investment Research,0.0,0.1,neutral,0.0,True,False,False,False,False,False,False,False,0.0,215,"['DAL', 'UAL', 'JBHT', 'WERN']",UAL,2022-11-09
What's in the Cards for Golar LNG (GLNG) in Q3 Earnings?,Golar LNG (GLNG) third-quarter 2022 revenues are expected to have declined year over year.,2022-11-09 17:45:00+00:00,https://www.zacks.com/stock/news/2016336/whats-in-the-cards-for-golar-lng-glng-in-q3-earnings,Zacks Investment Research,-0.1,0.4,neutral,0.1,True,False,False,False,False,False,False,False,0.0,148,"['UAL', 'GLNG', 'PXS']",UAL,2022-11-09
Should Value Investors Buy International Consolidated Airlines Group (ICAGY) Stock?,"Here at Zacks, our focus is on the proven Zacks Rank system, which emphasizes earnings estimates and estimate revisions to find great stocks. Nevertheless, we are always paying attention to the latest value, growth, and momentum trends to underscore strong picks.",2022-11-10 14:40:11+00:00,https://www.zacks.com/stock/news/2016780/should-value-investors-buy-international-consolidated-airlines-group-icagy-stock,Zacks Investment Research,0.18666666666666668,0.6566666666666666,positive,0.18666666666666668,True,True,False,False,False,False,False,False,0.0,348,['UAL'],UAL,2022-11-10
Why Archer Aviation Stock Is Gaining Altitude Today,United announces its first planned route involving Archer aircraft.,2022-11-10 17:41:51+00:00,https://www.fool.com/investing/2022/11/10/why-archer-aviation-stock-is-gaining-altitude-toda/,The Motley Fool,0.25,0.3333333333333333,positive,0.25,False,False,False,False,False,False,False,False,0.0,120,"['ACHR', 'UAL']",UAL,2022-11-10
Air Lease (AL) Stock Up 0.3% Since Q3 Earnings Release,Air Lease (AL) third-quarter 2022 revenues benefit from continued growth in fleet.,2022-11-10 18:07:00+00:00,https://www.zacks.com/stock/news/2016951/air-lease-al-stock-up-03-since-q3-earnings-release,Zacks Investment Research,0.0,0.0,neutral,0.0,True,False,False,False,True,False,False,False,0.0,138,"['DAL', 'UAL', 'JBHT', 'AL']",UAL,2022-11-10
Euroseas (ESEA) to Report Q3 Earnings: What's in Store?,High fuel costs are likely to have hurt the bottom-line performance of Euroseas (ESEA) in third-quarter 2022.,2022-11-10 18:46:00+00:00,https://www.zacks.com/stock/news/2016957/euroseas-esea-to-report-q3-earnings-whats-in-store,Zacks Investment Research,0.08,0.77,neutral,0.08,True,False,False,False,False,False,False,False,0.0,166,"['ESEA', 'DAL', 'UAL', 'JBHT']",UAL,2022-11-10
Why Airline Stocks Are Soaring Today,Economic resilience adds to the bull case for this beaten-down sector.,2022-11-10 19:56:14+00:00,https://www.fool.com/investing/2022/11/10/why-airline-stocks-are-soaring-today/,The Motley Fool,0.2,0.2,positive,0.2,False,False,True,False,False,False,False,False,0.0,108,"['JBLU', 'LUV', 'UAL', 'DAL', 'ALK', 'SAVE', 'AAL']",UAL,2022-11-10
Star Bulk (SBLK) to Report Q3 Earnings:What's in Store?,High fuel costs are likely to have dented Star Bulk''s (SBLK) bottom-line performance in third-quarter 2022.,2022-11-11 17:23:00+00:00,https://www.zacks.com/stock/news/2017500/star-bulk-sblk-to-report-q3-earningswhats-in-store,Zacks Investment Research,0.08,0.77,neutral,0.08,True,False,False,False,False,False,False,False,0.0,165,"['SBLK', 'DAL', 'UAL', 'JBHT']",UAL,2022-11-11
"Twitter's advertiser exodus benefits TikTok, Reddit and Snapchat, data suggest",TikTok has seen the biggest bump in ad activity since Elon Musk's takeover of Twitter.,2022-11-12 17:14:00+00:00,https://www.marketwatch.com/story/twitters-advertiser-exile-is-tiktok-reddit-and-snapchats-gain-data-suggests-11668195211,MarketWatch,0.0,0.0,neutral,0.0,False,False,False,False,False,False,False,False,0.0,166,"['PFE', 'GM', 'UAL', 'SNAP', 'AAPL', 'META', 'PINS']",UAL,2022-11-12
Is Frontline (FRO) Stock Outpacing Its Transportation Peers This Year?,Here is how Frontline (FRO) and United Airlines (UAL) have performed compared to their sector so far this year.,2022-11-14 14:40:09+00:00,https://www.zacks.com/stock/news/2017867/is-frontline-fro-stock-outpacing-its-transportation-peers-this-year,Zacks Investment Research,0.1,1.0,neutral,0.1,False,False,True,False,False,False,False,False,0.0,183,"['FRO', 'UAL']",UAL,2022-11-14
"AZUL's Q3 Loss Wider Than Expected, Revenues Miss Estimates",Passenger revenues surge 69.7% year over year at AZUL in third-quarter 2022.,2022-11-14 19:25:00+00:00,https://www.zacks.com/stock/news/2018049/azuls-q3-loss-wider-than-expected-revenues-miss-estimates,Zacks Investment Research,-0.1,0.4,neutral,0.1,True,False,False,False,False,False,False,False,0.0,137,"['AZUL', 'DAL', 'UAL']",UAL,2022-11-14
Are You a Momentum Investor? This 1 Stock Could Be the Perfect Pick,The Zacks Style Scores offers investors a way to easily find top-rated stocks based on their investing style. Here's why you should take advantage.,2022-11-15 14:50:03+00:00,https://www.zacks.com/stock/news/2018421/are-you-a-momentum-investor-this-1-stock-could-be-the-perfect-pick,Zacks Investment Research,0.5111111111111112,0.6111111111111112,positive,0.5111111111111112,False,False,False,False,False,False,False,False,0.0,216,['UAL'],UAL,2022-11-15
What's in the Cards for Copa Holdings (CPA) in Q3 Earnings?,Copa Holdings (CPA) third-quarter 2022 revenues are expected to have benefited from solid growth across Passenger revenues.,2022-11-15 16:09:00+00:00,https://www.zacks.com/stock/news/2018492/whats-in-the-cards-for-copa-holdings-cpa-in-q3-earnings,Zacks Investment Research,-0.05,0.25,neutral,0.05,True,False,False,False,False,False,False,False,0.0,184,"['UAL', 'CPA', 'ATSG']",UAL,2022-11-15
ZTO Express (ZTO) to Report Q3 Earnings: What's in Store?,High fuel costs are likely to have dented ZTO Express' (ZTO) bottom-line performance in third-quarter 2022.,2022-11-15 19:30:00+00:00,https://www.zacks.com/stock/news/2018584/zto-express-zto-to-report-q3-earnings-whats-in-store,Zacks Investment Research,0.08,0.77,neutral,0.08,True,False,False,False,False,False,False,False,0.0,166,"['ZTO', 'DAL', 'UAL', 'JBHT']",UAL,2022-11-15
"Copa Holdings (CPA) Q3 Earnings Beat Estimates, Rise Y/Y",Copa Holdings (CPA) third-quarter 2022 revenues benefit from growth across Passenger revenues.,2022-11-17 16:01:00+00:00,https://www.zacks.com/stock/news/2019487/copa-holdings-cpa-q3-earnings-beat-estimates-rise-yy,Zacks Investment Research,0.0,0.0,neutral,0.0,True,False,False,False,False,False,False,False,0.0,152,"['DAL', 'UAL', 'JBHT', 'CPA']",UAL,2022-11-17
Why Is United (UAL) Up 10.7% Since Last Earnings Report?,United (UAL) reported earnings 30 days ago. What's next for the stock? We take a look at earnings estimates for some clues.,2022-11-17 16:30:21+00:00,https://www.zacks.com/stock/news/2019520/why-is-united-ual-up-107-since-last-earnings-report,Zacks Investment Research,0.0,0.03333333333333333,neutral,0.0,True,False,False,False,False,False,False,False,0.0,181,"['UAL', 'DAL']",UAL,2022-11-17
"Airline Stock Roundup: AZUL's Q3 Loss, CPA's Earnings Beat &  More",JetBlue's (JBLU) flights to Paris are likely to attract substantial traffic. Buoyant air-traffic aids Copa Holdings' (CPA) third-quarter 2022 results.,2022-11-17 19:47:00+00:00,https://www.zacks.com/stock/news/2019599/airline-stock-roundup-azuls-q3-loss-cpas-earnings-beat-more,Zacks Investment Research,0.25,0.75,positive,0.25,True,False,False,False,False,False,False,False,0.0,218,"['UAL', 'JBLU', 'CPA', 'ALGT', 'AZUL']",UAL,2022-11-17
"The Zacks Analyst Blog Highlights Copa, Azul, United Airlines, JetBlue Airways and Allegiant","Copa, Azul, United Airlines, JetBlue Airways and Allegiant are included in this Analyst Blog.",2022-11-18 14:38:00+00:00,https://www.zacks.com/stock/news/2019860/the-zacks-analyst-blog-highlights-copa-azul-united-airlines-jetblue-airways-and-allegiant,Zacks Investment Research,0.0,0.0,neutral,0.0,False,False,False,False,False,False,False,False,0.0,187,"['UAL', 'JBLU', 'CPA', 'ALGT', 'AZUL']",UAL,2022-11-18
"ZTO Express (ZTO) Q3 Earnings Top, Revenues Increase Y/Y",ZTO Express' (ZTO) third-quarter 2022 earnings and revenues improved year over year despite the Omicron-induced woes. Higher revenues at the express delivery services unit drove performance.,2022-11-22 11:57:00+00:00,https://www.zacks.com/stock/news/2020737/zto-express-zto-q3-earnings-top-revenues-increase-yy,Zacks Investment Research,0.375,0.5,positive,0.375,True,False,False,False,False,False,False,False,0.0,248,"['DAL', 'UAL', 'JBHT', 'ZTO']",UAL,2022-11-22
Stephen King: Twitter’s only advertiser will soon be MyPillow. Here’s Elon Musk's response.,Here we go again --- the bestselling author and the new Twitter owner have exchanged barbs online before,2022-11-23 16:16:00+00:00,https://www.marketwatch.com/story/stephen-king-twitters-only-advertiser-will-soon-be-mypillow-heres-elon-musks-response-11669220182,MarketWatch,0.06818181818181818,0.7272727272727273,neutral,0.06818181818181818,False,False,False,False,False,False,False,False,0.0,197,"['GM', 'UAL', 'TSLA', 'K', 'VZ', 'SAM', 'MRK']",UAL,2022-11-23
Why U.S. Airlines May Fly High This Thanksgiving Travel Period,"U.S. airlines like Delta (DAL), United Airlines (UAL) and American Airlines (AAL) are likely to capitalize on the upbeat passenger volumes expected this Thanksgiving season.",2022-11-23 20:30:00+00:00,https://www.zacks.com/stock/news/2021575/why-us-airlines-may-fly-high-this-thanksgiving-travel-period,Zacks Investment Research,0.17200000000000001,0.568,positive,0.17200000000000001,False,False,False,False,False,False,False,False,0.0,237,"['DAL', 'UAL', 'AAL']",UAL,2022-11-23
United Airlines (UAL) Gains As Market Dips: What You Should Know,"In the latest trading session, United Airlines (UAL) closed at $44.42, marking a +1.67% move from the previous day.",2022-11-25 23:00:09+00:00,https://www.zacks.com/stock/news/2022578/united-airlines-ual-gains-as-market-dips-what-you-should-know,Zacks Investment Research,0.07777777777777779,0.3888888888888889,neutral,0.07777777777777779,False,False,False,False,False,False,False,False,0.0,181,['UAL'],UAL,2022-11-25
Don't Fear The Labor Noise At American Airlines,"AAL stock is down the most of the big 4, down over 22% on a YTD basis. Read why American Airlines is an attractive potential investment.",2022-11-28 05:46:36+00:00,https://seekingalpha.com/article/4560734-american-airlines-stock-dont-fear-labor-noise,Seeking Alpha,0.12361111111111112,0.39722222222222225,positive,0.12361111111111112,False,False,False,False,False,False,False,False,0.0,185,"['DAL', 'UAL', 'AAL']",UAL,2022-11-28
Are Investors Undervaluing United Airlines (UAL) Right Now?,"Here at Zacks, our focus is on the proven Zacks Rank system, which emphasizes earnings estimates and estimate revisions to find great stocks. Nevertheless, we are always paying attention to the latest value, growth, and momentum trends to underscore strong picks.",2022-11-29 14:40:13+00:00,https://www.zacks.com/stock/news/2023241/are-investors-undervaluing-united-airlines-ual-right-now,Zacks Investment Research,0.24380952380952378,0.7638095238095238,positive,0.24380952380952378,True,False,False,False,False,False,False,False,0.0,324,"['UAL', 'VLRS']",UAL,2022-11-29
Remote and Hybrid Work Is Boosting Commercial Air Travel,,2022-11-29 15:04:00+00:00,https://www.investing.com/analysis/remote-and-hybrid-work-is-boosting-commercial-air-travel-200632911,Investing.com,-0.05,0.1,neutral,0.05,False,False,False,False,False,False,False,False,0.0,58,"['AAL', 'UAL', 'DAL', 'LUV']",UAL,2022-11-29
"American Airlines' Revenue Tracking Well As Demand Picks Up, Says Analyst","Raymond James analyst Savanthi Syth has reiterated a Market Perform rating on the shares of American Airlines Group Inc (NASDAQ: AAL).
The analyst has moved her EPS estimates higher due to correcting for a calculation error related to the convertible debt dilution.
Her 4Q22E/2023E/2024E EPS are revised from $0.48/$0.50/$2.10 to $0.54/$0.58/$2.34.
Syth added the revised estimates continued to reflect demand weakness in 1H23 not apparent in current trends, and anticipated new labor contracts starting 2023.
Raw jet fuel has averaged about $3.40 QTD, only slightly ahead of ...Full story available on Benzinga.com",2022-11-29 17:05:39+00:00,https://www.benzinga.com/analyst-ratings/analyst-color/22/11/29891626/american-airlines-revenue-tracking-well-as-demand-picks-up-says-analyst,Benzinga,0.018379056840595303,0.3544423525192757,neutral,0.018379056840595303,True,False,False,False,False,True,False,False,0.0,690,"['DAL', 'UAL', 'AAL']",UAL,2022-11-29
United Airlines (UAL) Cements Ties With Regional Carrier JSX,Passengers with plans to travel on JSX's regional jets can book their tickets directly via United Airlines' (UAL) website.,2022-11-30 09:54:00+00:00,https://www.zacks.com/stock/news/2023462/united-airlines-ual-cements-ties-with-regional-carrier-jsx,Zacks Investment Research,0.1,0.4,neutral,0.1,False,False,False,False,False,False,False,False,0.0,184,"['UAL', 'TNK', 'CVLG']",UAL,2022-11-30
United Airlines (UAL) Dips More Than Broader Markets: What You Should Know,"In the latest trading session, United Airlines (UAL) closed at $43.89, marking a -0.63% move from the previous day.",2022-12-01 23:00:10+00:00,https://www.zacks.com/stock/news/2024511/united-airlines-ual-dips-more-than-broader-markets-what-you-should-know,Zacks Investment Research,0.18333333333333335,0.4166666666666667,positive,0.18333333333333335,False,False,False,False,False,False,False,False,0.0,191,['UAL'],UAL,2022-12-01
"Airline Stock Roundup: UAL's Deal With Regional Carrier, ALK, ALGT in Focus","United Airlines (UAL) and Alaska Airlines, the wholly-owned subsidiary of Alaska Air Group (ALK), make customer-friendly announcements over the past week.",2022-12-02 12:43:00+00:00,https://www.zacks.com/stock/news/2024621/airline-stock-roundup-uals-deal-with-regional-carrier-alk-algt-in-focus,Zacks Investment Research,-0.25,0.25,negative,0.25,False,False,False,False,False,False,False,False,0.0,231,"['UAL', 'LUV', 'ALK', 'ALGT']",UAL,2022-12-02
Here's Why United Airlines (UAL) Should Grace Your Portfolio,"Owing to a buoyant air-travel demand, United Airlines (UAL) anticipates TRASM to increase in the 24-25% band in fourth-quarter 2022 from the fourth-quarter 2019 actuals.",2022-12-02 13:50:00+00:00,https://www.zacks.com/stock/news/2024700/heres-why-united-airlines-ual-should-grace-your-portfolio,Zacks Investment Research,0.0,0.0,neutral,0.0,False,False,False,False,False,False,False,False,0.0,231,"['UAL', 'TNK', 'CVLG']",UAL,2022-12-02
"Delays, cancellations, lost luggage…these are the most and least reliable airlines","Here's the data for on-time percentage, cancellation rate, diversions, mishandled baggage, tarmac delays and involuntary denied boardings of domestic airlines",2022-12-05 10:02:00+00:00,https://www.marketwatch.com/story/delays-cancellations-lost-luggagethese-are-the-most-and-least-reliable-airlines-11670011873,MarketWatch,0.06666666666666667,0.3333333333333333,neutral,0.06666666666666667,False,False,False,False,False,False,False,False,0.0,242,"['HA', 'DAL', 'JBLU', 'SAVE', 'LUV', 'AAL', 'ALK', 'UAL']",UAL,2022-12-05
Fast-paced Momentum Stock United (UAL) Is Still Trading at a Bargain,United (UAL) made it through our 'Fast-Paced Momentum at a Bargain' screen and could be a great choice for investors looking for stocks that have gained strong momentum recently but are still trading at reasonable prices.,2022-12-05 13:50:06+00:00,https://www.zacks.com/stock/news/2025261/fast-paced-momentum-stock-united-ual-is-still-trading-at-a-bargain,Zacks Investment Research,0.35833333333333334,0.5833333333333334,positive,0.35833333333333334,False,False,False,False,False,False,False,False,0.0,291,['UAL'],UAL,2022-12-05
"Benzinga's Top Ratings Upgrades, Downgrades For December 5, 2022","Upgrades
According to JP Morgan, the prior rating for Callon Petroleum Co (NYSE:CPE) was changed from Underweight to Neutral. Callon Petroleum earned $4.04 in the third quarter, compared to $2.93 in the year-ago quarter. The stock has a 52-week-high of $66.48 and a 52-week-low of $31.23. At the end of the last trading period, Callon Petroleum closed at $41.23.   
JP Morgan upgraded the previous rating for Murphy Oil Corp (NYSE:MUR) from Neutral to Overweight. Murphy Oil earned $1.84 in the third quarter, compared to $0.24 in the year-ago quarter. The stock has a 52-week-high of $51.28 and a 52-week-low of $23.50. At the end of the last trading period, Murphy Oil closed at $45.68.   
Morgan Stanley upgraded the previous rating for United Airlines Holdings Inc (NASDAQ:UAL) from Equal-Weight to Overweight. United Airlines Holdings earned $2.81 in the third quarter, compared to $1.02 in the year-ago quarter. The stock has a 52-week-high of $53.12 and a 52-week-low of $30.54. At the end of the last trading period, United Airlines Holdings closed at $43.89.   
According to Morgan Stanley, the prior rating for Huntington Bancshares Inc (NASDAQ:HBAN) was changed from Equal-Weight to Overweight. Huntington Bancshares earned $0.39 in the third quarter, compared to $0.35 in the year-ago quarter. The current stock performance of Huntington Bancshares shows a 52-week-high of $17.79 and a 52-week-low of $11.67. Moreover, at the end of the last trading period, the closing price was at $15.46.   
BTIG upgraded the previous rating for Domino's Pizza Inc (NYSE:DPZ) from Neutral to Buy. For the third quarter, Domino's Pizza had an EPS of $2.79, compared to year-ago quarter EPS of $3.24. The stock has a 52-week-high of $567.57 and a 52-week-low of $299.41. At the end of the last trading period, Domino's Pizza closed at $382.76.   
For MGM Resorts International (NYSE:MGM), Truist Securities upgraded the previous rating of Hold to Buy. For the third quarter, MGM Resorts Intl had an EPS of $1.39, compared to year-ago quarter EPS of $0.03. The stock has a 52-week-high of $49.00 and a 52-week-low of $26.41. At the end of the last trading period, MGM Resorts Intl closed at $37.08.   
For Ritchie Bros Auctioneers Inc (NYSE:RBA), Scotiabank upgraded the previous rating of Sector Perform to Sector Outperform. In the third quarter, Ritchie Bros Auctioneers showed an EPS of $0.53, compared to $0.45 from the year-ago quarter. At the moment, the stock has a 52-week-high of $72.73 and a 52-week-low of $48.65. Ritchie Bros Auctioneers closed at $54.45 at the end of the last trading period.   
For Comcast Corp (NASDAQ:CMCSA), Wells Fargo upgraded the previous rating of Underweight to Equal-Weight. Comcast earned $0.96 in the third quarter, compared to $0.87 in the year-ago quarter. The stock has a 52-week-high of $53.31 and a 52-week-low of $28.39. At the end of the last trading period, Comcast closed at $35.86.   
See all analyst ratings upgrades.
Downgrades
According to Loop Capital, the prior rating for NetApp Inc (NASDAQ:NTAP) was changed from Buy to Hold. For the second quarter, NetApp had an EPS of $1.48, compared to year-ago quarter EPS of $1.28. At the moment, the stock has a 52-week-high of $96.82 and a 52-week-low of $60.56. NetApp closed at $66.43 at the end of the last trading period.   
JP Morgan downgraded the previous rating for Laredo Petroleum Inc (NYSE:LPI) from Neutral to Underweight. Laredo Petroleum earned $5.30 in the third quarter, compared to $1.84 in the year-ago quarter. The stock has a 52-week-high of $120.86 and a 52-week-low of $51.23. At the end of the last trading period, Laredo Petroleum closed at $61.54.   
B of A Securities downgraded the previous rating for Liberty Global PLC (NASDAQ:LBTYA) from Buy to Neutral. For the third quarter, Liberty Global had an EPS of $4.87, compared to year-ago quarter EPS of $0.48. The stock has a 52-week-high of $29.08 and a 52-week-low of $15.22. At the end of the last trading period, Liberty Global closed at $19.63.   
According to JP Morgan, the prior rating for Imperial Oil Ltd (AMEX:IMO) was changed from Neutral to Underweight. For the third quarter, Imperial Oil had an EPS of $2.48, compared to year-ago quarter EPS of $1.02. The current stock performance of Imperial Oil shows a 52-week-high of $58.98 and a 52-week-low of $31.71. Moreover, at the end of the last trading period, the closing price was at $55.93.   
JP Morgan downgraded the previous rating for Spire Inc (NYSE:SR) from Overweight to Neutral. Spire earned $0.66 in the fourth quarter, compared to $0.32 in the year-ago quarter. At the moment, the stock has a 52-week-high of $79.24 and a 52-week-low of $59.88. Spire closed at $68.74 at the end of the last trading period.   
Vertical Research downgraded the previous rating for Wabash National Corp (NYSE:WNC) from Buy to Hold. For the third quarter, Wabash National had an EPS of $0.73, compared to year-ago quarter EPS of $0.22. At the moment, the stock has a 52-week-high of $26.20 and a 52-week-low of $12.23. Wabash National closed at $25.99 at the end of the last trading period.   
Morgan Stanley downgraded the previous rating for Allegiant Travel Co (NASDAQ:ALGT) from Overweight to Equal-Weight. For the third quarter, Allegiant Travel had an EPS of $0.54, compared to year-ago quarter EPS of $0.66. At the moment, the stock has a 52-week-high of $196.66 and a 52-week-low of $63.78. Allegiant Travel closed at $81.90 at the end of the last trading period.   
According to RBC Capital, the prior rating for Canadian Imperial Bank of Commerce (NYSE:CM) was changed from Outperform to Sector Perform. Canadian Imperial Bank earned $1.05 in the fourth quarter, compared to $1.34 in the year-ago quarter. The stock has a 52-week-high of $132.48 and a 52-week-low of $39.72. At the end of the last trading period, Canadian Imperial Bank closed at $44.13.   
According to B of A Securities, the prior rating for Angel Oak Mortgage Inc (NYSE:AOMR) was changed from Buy to Underperform. For the third quarter, Angel Oak Mortgage had an EPS of $0.84, compared to year-ago quarter EPS of $0.25. The stock has a 52-week-high of $17.93 and a 52-week-low of $6.42. At the end of the last trading period, Angel Oak Mortgage closed at $6.65.   
According to Goldman Sachs, the prior rating for Daqo New Energy Corp (NYSE:DQ) was changed from Buy to Neutral. Daqo New Energy earned $7.70 in the third quarter, compared to $3.84 in the year-ago quarter. The stock has a 52-week-high of $77.18 and a 52-week-low of $32.20. At the end of the last trading period, Daqo New Energy closed at $54.03.   
According to Deutsche Bank, the prior rating for Starbucks Corp (NASDAQ:SBUX) was changed from Buy to Hold. In the fourth quarter, Starbucks showed an EPS of $0.81, compared to $1.00 from the year-ago quarter. At the moment, the stock has a 52-week-high of $117.80 and a ...Full story available on Benzinga.com",2022-12-05 15:01:01+00:00,https://www.benzinga.com/analyst-ratings/upgrades/22/12/29959013/benzingas-top-ratings-upgrades-downgrades-for-december-5-2022,Benzinga,-0.02559328221978826,0.09273457466228548,neutral,0.02559328221978826,False,True,True,False,False,False,False,False,0.0,6998,"['VLY', 'AKTX', 'CFR', 'WBS', 'MCG', 'CHH', 'CM', 'WH', 'IMO', 'MCG', 'CPE', 'WNC', 'ALGT', 'PK', 'DPZ', 'H', 'CADE', 'DNLI', 'DRH', 'DQ', 'CMCSA', 'OZK', 'FL', 'PEB', 'EWBC', 'KDNY', 'HST', 'UAL', 'HBAN', 'TVTX', 'MAR', 'DAWN', 'JBLU', 'HOWL', 'MGM', 'LPI', 'LBTYA', 'AOMR', 'MUR', 'PB', 'NTAP', 'OPAL', 'RBA', 'PB', 'RCII', 'VANI', 'SHO', 'NYCB', 'SBUX', 'RXO', 'SNV', 'NYCB', 'UTHR', 'SR', 'HLT', 'ZION', 'TEX', 'XHR', 'ALK']",UAL,2022-12-05
Analyst Ratings for United Airlines Holdings,"Within the last quarter, United Airlines Holdings (NASDAQ:UAL) has observed the following analyst ratings: 




Bullish
Somewhat Bullish
Indifferent
Somewhat Bearish
Bearish




Total Ratings
1
2
1
2
0


Last 30D
0
1
0
0
0


1M Ago
0
0
0
0
0


2M Ago
1
1
1
2
0


3M Ago
0
0
0
0
0



These 6 analysts have an average price target of $50.67 versus the current price of United Airlines Holdings at $44.565, implying  upside.
Below is a summary of how these 6 analysts rated United Airlines Holdings over the past 3 months. The greater the number of bullish ratings, the more positive analysts are ...Full story available on Benzinga.com",2022-12-05 15:02:00+00:00,https://www.benzinga.com/analyst-ratings/22/12/29959047/analyst-ratings-for-united-airlines-holdings,Benzinga,0.1115702479338843,0.3617079889807162,positive,0.1115702479338843,False,False,False,False,False,False,False,False,0.0,679,['UAL'],UAL,2022-12-05
"Morgan Stanley Bullish On Airline Stocks, Names Southwest, Delta Top Picks For 2023","Most airline stocks have lost altitude in a difficult 2022 environment, but one Wall Street analyst said Monday that 2023 could be a big year for airlines.
Morgan Stanley analyst Ravi Shanker issued the following changes to his airline coverage:

Reiterated Overweight rating for American Airlines Group Inc (NASDAQ: AAL), cut price target from $22 to $19.
Downgraded Allegiant Travel Company (NASDAQ: ALGT) from Overweight to Equal-Weight, cut price target from $175 to $115.
Upgraded United Airlines Holdings Inc (NYSE: UAL) from Equal-Weight to Overweight, reiterated $67 price target.

Related Link: American Airlines Stock Retreats After Q3 Earnings Beat - Here's What's Going On
The Thesis: Shanker said he is bullish on airline stocks for the third year in a ...Full story available on Benzinga.com",2022-12-05 15:48:17+00:00,https://www.benzinga.com/analyst-ratings/analyst-color/22/12/29959385/morgan-stanley-bullish-on-airline-stocks-names-southwest-delta-top-picks-for-2023,Benzinga,0.09,0.3,neutral,0.09,True,False,False,False,False,False,False,False,0.0,890,"['ALGT', 'ALK', 'DAL', 'LUV', 'UAL', 'AAL', 'ULCC']",UAL,2022-12-05
"After too little, too much, there are 'Goldilocks' conditions for air travel in 2023",Market conditions 'just right' could be on the horizon after the pandemic cooled air travel and 2022 saw a mismatch between lingering capacity constraints and red-hot demand,2022-12-05 19:32:00+00:00,https://www.marketwatch.com/story/after-too-little-too-much-there-are-goldilocks-conditions-for-air-travel-in-2023-11670268765,MarketWatch,0.0994047619047619,0.41190476190476194,neutral,0.0994047619047619,False,False,False,False,False,False,False,False,0.0,259,"['DAL', 'UAL', 'AAL', 'ALGT', 'JBLU']",UAL,2022-12-05
"S&P 500, Nasdaq post worst day in month after strong data fuels worry about Fed rate hikes",U.S. stocks end lower Monday after a strong reading on the U.S. services sector adds to concerns the Federal Reserve might need to step up its inflation battle.,2022-12-05 21:33:00+00:00,https://www.marketwatch.com/story/stock-futures-dip-as-bond-yields-rise-on-china-covid-hopes-11670236072,MarketWatch,-0.04444444444444445,0.8222222222222223,neutral,0.04444444444444445,False,False,True,False,False,False,False,False,0.0,252,"['DJIA', 'COMP', 'TSLA', 'GME', 'BA', 'UAL', 'CRM']",UAL,2022-12-05
Is Tsakos Energy Navigation (TNP) Outperforming Other Transportation Stocks This Year?,Here is how Tsakos Energy (TNP) and United Airlines (UAL) have performed compared to their sector so far this year.,2022-12-06 14:40:10+00:00,https://www.zacks.com/stock/news/2025785/is-tsakos-energy-navigation-tnp-outperforming-other-transportation-stocks-this-year,Zacks Investment Research,-0.012499999999999997,0.6875,neutral,0.012499999999999997,False,False,True,False,False,False,False,False,0.0,203,"['TNP', 'UAL']",UAL,2022-12-06
"Benzinga's Top Ratings Upgrades, Downgrades For December 6, 2022","Upgrades
According to Argus Research, the prior rating for United Airlines Holdings Inc (NASDAQ:UAL) was changed from Hold to Buy. United Airlines Holdings earned $2.81 in the third quarter, compared to $1.02 in the year-ago quarter. At the moment, the stock has a 52-week-high of $53.12 and a 52-week-low of $30.54. United Airlines Holdings closed at $45.03 at the end of the last trading period.   
According to Edward Jones, the prior rating for Activision Blizzard Inc (NASDAQ:ATVI) was changed from Hold to Buy. For the third quarter, Activision Blizzard had an EPS of $0.68, compared to year-ago quarter EPS of $0.72. The stock has a 52-week-high of $86.90 and a 52-week-low of $56.40. At the end of the last trading period, Activision Blizzard closed at $76.33.   
Oppenheimer upgraded the previous rating for General Electric Co (NYSE:GE) from Perform to Outperform. In the third quarter, General Electric showed an EPS of $0.35, compared to $0.57 from the year-ago quarter. The stock has a 52-week-high of $103.73 and a 52-week-low of $59.93. At the end of the last trading period, General Electric closed at $84.66.   
For PennyMac Financial Services Inc (NYSE:PFSI), Wells Fargo upgraded the previous rating of Equal-Weight to Overweight. NoneThe current stock performance of PennyMac Financial Servs shows a 52-week-high of $71.52 and a 52-week-low of $38.53. Moreover, at the end of the last trading period, the closing price was at $57.09.   
Deutsche Bank upgraded the previous rating for The Estee Lauder Companies Inc (NYSE:EL) from Hold to Buy. NoneAt the moment, the stock has a 52-week-high of $374.20 and a 52-week-low of $186.47. Estee Lauder Cos closed at $231.47 at the end of the last trading period.   
For JPMorgan Chase & Co (NYSE:JPM), Morgan Stanley upgraded the previous rating of Underweight to Overweight. In the third quarter, JPMorgan Chase showed an EPS of $3.12, compared to $3.74 from the year-ago quarter. The current stock performance of JPMorgan Chase shows a 52-week-high of $169.81 and a 52-week-low of $101.28. Moreover, at the end of the last trading period, the closing price was at $131.37.   
Cowen & Co. upgraded the previous rating for PerkinElmer Inc (NYSE:PKI) from Market Perform to Outperform. In the third quarter, PerkinElmer showed an EPS of $1.51, compared to $2.31 from the year-ago quarter. At the moment, the stock has a 52-week-high of $203.16 and a 52-week-low of $113.46. PerkinElmer closed at $136.94 at the end of the last trading period.   
According to RBC Capital, the prior rating for Reinsurance Group of America Inc (NYSE:RGA) was changed from Sector Perform to Outperform. For the third quarter, Reinsurance Group had an EPS of $5.20, compared to year-ago quarter EPS of $1.11. The current stock performance of Reinsurance Group shows a 52-week-high of $148.75 and a 52-week-low of $96.83. Moreover, at the end of the last trading period, the closing price was at $139.23.   
See all analyst ratings upgrades.
Downgrades
For Kimberly-Clark Corp (NYSE:KMB), Deutsche Bank downgraded the previous rating of Hold to Sell. In the third quarter, Kimberly-Clark showed an EPS of $1.40, compared to $1.62 from the year-ago quarter. The stock has a 52-week-high of $145.79 and a 52-week-low of $108.74. At the end of the last trading period, Kimberly-Clark closed at $137.17.   
GLJ Research downgraded the previous rating for First Solar Inc (NASDAQ:FSLR) from Buy to Sell. First Solar earned $0.46 in the third quarter, compared to $0.42 in the year-ago quarter. The current stock performance of First Solar shows a 52-week-high of $173.68 and a 52-week-low of $59.60. Moreover, at the end of the last trading period, the closing price was at $167.14.   
According to Morgan Stanley, the prior rating for SVB Financial Group (NASDAQ:SIVB) was changed from Equal-Weight to Underweight. In the third quarter, SVB Finl Gr showed an EPS of $7.21, compared to $6.24 from the year-ago quarter. The stock has a 52-week-high of $752.68 and a 52-week-low of $204.37. At the end of the last trading period, SVB Finl Gr closed at $209.24.   
According to Morgan Stanley, the prior rating for First Republic Bank (NYSE:FRC) was changed from Equal-Weight to Underweight. First Republic Bank earned $2.21 in the third quarter, compared to $1.91 in the year-ago quarter. At the moment, the stock has a 52-week-high of $217.27 and a 52-week-low of $106.86. First Republic Bank closed at $119.97 at the end of the last trading period.   
BTIG downgraded the previous rating for Radian Group Inc (NYSE:RDN) from Buy to Neutral. For the third quarter, Radian Group had an EPS of $1.31, compared to year-ago quarter EPS of $0.67. The stock has a 52-week-high of $24.84 and a 52-week-low of $17.97. At the end of the last trading period, Radian Group closed at $18.44.   
For NMI Holdings Inc (NASDAQ:NMIH), BTIG downgraded the previous rating of Buy to Neutral. NMI Holdings earned $0.90 in the third quarter, compared to $0.71 in the year-ago quarter. The stock has a 52-week-high of $27.25 and a 52-week-low of $15.33. At the end of the last trading period, NMI Holdings closed at $19.84.   
BTIG downgraded the previous rating for BrightSpire Capital Inc (NYSE:BRSP) from Buy to Neutral. In the third quarter, BrightSpire Capital showed an EPS of $0.25, compared to $0.26 from the year-ago quarter. The stock has a 52-week-high of $10.42 and a 52-week-low of $6.13. At the end of the last trading period, BrightSpire Capital closed at $6.98.   
According to Cantor Fitzgerald, the prior rating for Anavex Life Sciences Corp (NASDAQ:AVXL) was changed from Overweight to Neutral. Anavex Life Sciences earned $0.18 in the fourth quarter, compared to $0.15 in the year-ago quarter. The current stock performance of Anavex Life Sciences shows a 52-week-high of $20.24 and a 52-week-low of $7.13. Moreover, at the end of the last trading period, the closing price was at $9.58.   
According to Morgan Stanley, the prior rating for Bank of New York Mellon Corp (NYSE:BK) was changed from Equal-Weight to Underweight. In the third quarter, Bank of New York Mellon showed an EPS of $1.21, compared to $1.04 from the year-ago quarter. The stock has a 52-week-high of $64.63 and a 52-week-low of $36.22. At the end of the last trading period, Bank of New York Mellon closed at $44.04.   
According to BMO Capital, the prior rating for SL Green Realty Corp (NYSE:SLG) was changed from Outperform to Market Perform. For the third quarter, SL Green Realty had an EPS of $1.66, compared to year-ago quarter EPS of $1.78. At the moment, the stock has a 52-week-high of $83.96 and a 52-week-low of $35.77. SL Green Realty closed at $38.06 at the end of the last trading period.   
According to Janney Montgomery Scott, the prior rating for Salisbury Bancorp Inc (NASDAQ:SAL) was changed from Buy to Neutral. In the third quarter, Salisbury Bancorp showed an EPS of $0.75, compared to $0.60 from the year-ago quarter.  
For New Gold Inc (AMEX:NGD), TD Securities downgraded the previous rating of Hold to Reduce. For the third quarter, New Gold had an EPS of $0.02, compared to year-ago quarter EPS of $0.03. At the moment, the stock has a 52-week-high of $2.02 and a 52-week-low of $0.61. New Gold closed at $1.15 at the end of the ...Full story available on Benzinga.com",2022-12-06 15:05:04+00:00,https://www.benzinga.com/analyst-ratings/upgrades/22/12/29976786/benzingas-top-ratings-upgrades-downgrades-for-december-6-2022,Benzinga,-0.004746444032158315,0.1475572047000618,neutral,0.004746444032158315,False,True,True,False,False,False,False,False,0.0,7370,"['XNCR', 'CAR', 'SLG', 'DRVN', 'EL', 'SNA', 'NGD', 'VVV', 'ETN', 'STT', 'SAL', 'FND', 'EW', 'TAP', 'ARRY', 'RCM', 'FLO', 'TEL', 'TGT', 'ATVI', 'IQV', 'GE', 'WMT', 'CASS', 'EQH', 'GIS', 'SPB', 'COST', 'LEGN', 'HTZ', 'UAL', 'FSLR', 'ALIT', 'JPM', 'FRC', 'PERF', 'KYMR', 'KMB', 'AVXL', 'SIVB', 'ONCR', 'KR', 'MEIP', 'STLD', 'BRSP', 'LOW', 'PFSI', 'UTHR', 'XPOF', 'PKI', 'VEEV', 'ACI', 'EHAB', 'RDN', 'NMIH', 'BK', 'RXO', 'RGA', 'XNCR', 'CAG', 'SAM']",UAL,2022-12-06
4 Stocks With Upgraded Broker Ratings for Attractive Returns,"As brokers have a deeper insight into stocks, one must follow rating upgrades before investing. We select United Therapeutics (UTHR), StoneCo (STNE), Reinsurance Group of America (RGA) and United Airlines (UAL), as these have seen rating upgrades.",2022-12-07 11:44:00+00:00,https://www.zacks.com/stock/news/2026072/4-stocks-with-upgraded-broker-ratings-for-attractive-returns,Zacks Investment Research,0.8,1.0,positive,0.8,False,False,False,False,False,False,False,False,0.0,309,"['UAL', 'UTHR', 'RGA', 'STNE']",UAL,2022-12-07
Airlines Likely to Return to Profitability in 2023 Per IATA,"With air travel improving, passenger revenues for 2023 are anticipated to be $522 billion.",2022-12-07 15:30:00+00:00,https://www.zacks.com/stock/news/2026316/airlines-likely-to-return-to-profitability-in-2023-per-iata,Zacks Investment Research,0.0,1.0,neutral,0.0,True,False,False,False,False,False,False,False,0.0,151,"['RYAAY', 'DAL', 'UAL', 'AAL']",UAL,2022-12-07
"Zacks.com featured highlights United Therapeutics, StoneCo, Reinsurance Group of America and United Airlines","United Therapeutics, StoneCo, Reinsurance Group of America and United Airlines have been highlighted in this Screen of The Week article.",2022-12-08 10:12:00+00:00,https://www.zacks.com/stock/news/2026568/zackscom-featured-highlights-united-therapeutics-stoneco-reinsurance-group-of-america-and-united-airlines,Zacks Investment Research,0.0,0.0,neutral,0.0,False,False,False,False,False,False,False,False,0.0,246,"['UAL', 'UTHR', 'RGA', 'STNE']",UAL,2022-12-08
"Company News for Dec 8, 2022","Companies in The News Are: UAL, BKNG, MRNA, CVNA",2022-12-08 14:31:00+00:00,https://www.zacks.com/stock/news/2026769/company-news-for-dec-8-2022,Zacks Investment Research,0.0,0.0,neutral,0.0,False,False,False,False,False,False,False,False,0.0,78,"['UAL', 'MRNA', 'CVNA', 'BKNG']",UAL,2022-12-08
3 Transportation Stocks That May Overtake the Market in 2023,"Given buoyant air-travel demand post-COVID-19 travel restrictions and the reopening of the global economy, here we present three transportation stocks - UAL, R and ATSG - which are likely to perform better in 2023.",2022-12-08 15:59:00+00:00,https://www.zacks.com/stock/news/2026862/3-transportation-stocks-that-may-overtake-the-market-in-2023,Zacks Investment Research,0.125,0.375,positive,0.125,False,False,False,False,False,False,False,False,0.0,276,"['UAL', 'R', 'ATSG']",UAL,2022-12-08
"The Zacks Analyst Blog Highlights United Airlines, Ryder System and Air Transport Services","United Airlines, Ryder System and Air Transport Services are included in this Analyst Blog.",2022-12-09 12:06:00+00:00,https://www.zacks.com/stock/news/2027119/the-zacks-analyst-blog-highlights-united-airlines-ryder-system-and-air-transport-services,Zacks Investment Research,0.0,0.0,neutral,0.0,False,False,False,False,False,False,False,False,0.0,183,"['UAL', 'R', 'ATSG']",UAL,2022-12-09
"Wall Street Breakfast December 9: FTC Sues To Block Microsoft, Activision Deal (Podcast)","Activision dips, FTC sues to block Microsoft $69B acquisition. SEC advises public firms to disclose exposure to crypto turmoil. United Airlines poised for major order of Boeing Dreamliners.",2022-12-09 12:07:50+00:00,https://seekingalpha.com/article/4563483-wall-street-breakfast-december-9-ftc-sues-to-block-microsoft-activision-deal-podcast,Seeking Alpha,-0.012500000000000002,0.38888888888888884,neutral,0.012500000000000002,False,True,True,False,False,False,False,False,0.0,279,"['BA', 'UAL', 'COST', 'PDD', 'MSFT', 'ATVI', 'CHWY', 'NRDY', 'BL']",UAL,2022-12-09
United Airlines (UAL) Gains As Market Dips: What You Should Know,"In the latest trading session, United Airlines (UAL) closed at $43.04, marking a +0.56% move from the previous day.",2022-12-09 23:00:07+00:00,https://www.zacks.com/stock/news/2027483/united-airlines-ual-gains-as-market-dips-what-you-should-know,Zacks Investment Research,0.07777777777777779,0.3888888888888889,neutral,0.07777777777777779,False,False,False,False,False,False,False,False,0.0,181,['UAL'],UAL,2022-12-09
These 2 Stocks Hope to Give Markets a Lift,"As investors wait to see what the Federal Reserve will do, these companies are moving forward with their business opportunities.",2022-12-13 13:51:38+00:00,https://www.fool.com/investing/2022/12/13/these-2-stocks-hope-to-give-markets-a-lift/,The Motley Fool,0.0,0.0,neutral,0.0,False,False,False,False,False,False,False,False,0.0,172,"['ORCL', 'BA', 'UAL']",UAL,2022-12-13
6 Reasons Why Investors Should Buy United Airlines (UAL),"Owing to buoyant air-travel demand, United Airlines (UAL) expects TRASM to increase in the 24%-25% band in the December quarter from fourth-quarter 2019 actuals.",2022-12-13 16:49:00+00:00,https://www.zacks.com/stock/news/2028378/6-reasons-why-investors-should-buy-united-airlines-ual,Zacks Investment Research,0.0,0.0,neutral,0.0,False,True,False,False,False,False,False,False,0.0,219,"['UAL', 'R', 'TNK']",UAL,2022-12-13
Why United Airlines Stock Hit Turbulence Today,The airline secured its long-term future but the near term remains loaded with questions.,2022-12-13 18:46:20+00:00,https://www.fool.com/investing/2022/12/13/why-united-airlines-stock-hit-turbulence-today/,The Motley Fool,0.05,0.2625,neutral,0.05,False,False,True,False,False,False,False,False,0.0,137,['UAL'],UAL,2022-12-13
"Dow ends 100 points higher, stocks book back-to-back gains as Wall Street gauges cooler inflation report, awaits Fed rate decision","U.S. stock indexes end higher Tuesday, but off the session's best levels, as cooling consumer prices point to progress in the Federal Reserve's inflation fight.",2022-12-13 21:36:00+00:00,https://www.marketwatch.com/story/u-s-stock-futures-inch-higher-ahead-of-crucial-inflation-report-11670924518,MarketWatch,0.5,0.43333333333333335,positive,0.5,False,False,False,False,False,False,False,False,0.0,292,"['DJIA', 'COMP', 'MRK', 'MRNA', 'LLY', 'TSLA', 'ORCL', 'UAL', 'BA']",UAL,2022-12-13
