title,description,published_utc,article_url,publisher,sentiment_polarity,sentiment_subjectivity,sentiment_label,sentiment_confidence,keywords_earnings,keywords_acquisition,keywords_regulation,keywords_partnership,keywords_product,keywords_financial,keywords_leadership,keywords_lawsuit,urgency_score,text_length,tickers,ticker,date
"Dow, S&P See First Weekly Declines of November","Dow, S&P See First Weekly Declines of November",2020-11-21 14:15:00+00:00,https://www.zacks.com/registration/ultimatetrader/welcome/eoffer/30c3?adid=ZU_CONTENT_SYND&cid=CS-ZC-FT-zucommentary-27420,Zacks Investment Research,0.25,0.3333333333333333,positive,0.25,False,False,False,False,False,False,False,False,0.0,94,"['ATEN', 'EXPI', 'IDN', 'ARLO', 'PFE']",ARLO,2020-11-21
S&P and NASDAQ Begin December with Record Closing Highs,S&P and NASDAQ Begin December with Record Closing Highs,2020-12-02 14:15:00+00:00,https://www.zacks.com/registration/ultimatetrader/welcome/eoffer/30c3?adid=ZU_CONTENT_SYND&cid=CS-ZC-FT-zucommentary-27515,Zacks Investment Research,0.0,0.0,neutral,0.0,False,False,False,False,False,False,False,False,0.0,112,"['RYAM', 'DBD', 'TX', 'VCEL', 'ATHM', 'ELAN', 'ULTA', 'ARMK', 'COP', 'ARLO', 'PFE', 'MRNA', 'AZN']",ARLO,2020-12-02
"NASDAQ Back at Record High, while S&P Takes a Breather","NASDAQ Back at Record High, while S&P Takes a Breather",2020-12-04 14:15:00+00:00,https://www.zacks.com/registration/ultimatetrader/welcome/eoffer/30c3?adid=ZU_CONTENT_SYND&cid=CS-ZC-FT-zucommentary-27546,Zacks Investment Research,0.08,0.26999999999999996,neutral,0.08,False,False,False,False,False,False,False,False,0.0,110,"['EDOC', 'SWAN', 'ADTN', 'BCOV', 'MHK', 'BYND', 'ZBRA', 'HEAR', 'ESTC', 'SPLK', 'COW', 'JNUG', 'ARLO', 'PFE']",ARLO,2020-12-04
S&P Crosses New Milestone With First Close Above 3700,S&P Crosses New Milestone With First Close Above 3700,2020-12-09 14:15:00+00:00,https://www.zacks.com/registration/ultimatetrader/welcome/eoffer/30c3?adid=ZU_CONTENT_SYND&cid=CS-ZC-FT-zucommentary-27599,Zacks Investment Research,0.12878787878787878,0.2959595959595959,positive,0.12878787878787878,False,False,False,False,False,False,False,False,0.0,108,"['CDMO', 'TILE', 'LEA', 'VC', 'SPGI', 'INCY', 'FOUR', 'LQDT', 'ETON', 'ARLO', 'PFE']",ARLO,2020-12-09
Market Steps Back as Morning Rally Fades,Market Steps Back as Morning Rally Fades,2020-12-30 14:15:00+00:00,https://www.zacks.com/registration/ultimatetrader/welcome/eoffer/30c3?adid=ZU_CONTENT_SYND&cid=CS-ZC-FT-zucommentary-27809,Zacks Investment Research,0.0,0.0,neutral,0.0,False,False,False,False,False,False,False,False,0.0,82,"['TTD', 'JBL', 'TPR', 'LH', 'HPQ', 'TGT', 'WRK', 'ARLO', 'AOUT', 'EPD', 'SEDG', 'NFLX', 'CDAY', 'FOUR', 'AYX', 'COP', 'LVS', 'V', 'ARCT']",ARLO,2020-12-30
Stocks Can't Follow Through on Recent Rally,Stocks Can't Follow Through on Recent Rally,2021-03-03 14:15:00+00:00,https://www.zacks.com/registration/ultimatetrader/welcome/eoffer/30c3?adid=ZU_CONTENT_SYND&cid=CS-ZC-FT-zucommentary-28515,Zacks Investment Research,0.0,0.25,neutral,0.0,False,False,False,False,False,False,False,False,0.0,88,"['ARLO', 'FLDM', 'TACO', 'MNRL', 'VSAT', 'BMRN', 'JNJ', 'TGT', 'FB', 'AAPL', 'AMZN', 'MSFT', 'TSLA']",ARLO,2021-03-03
Stocks Pause as Big Tech Bonanza Begins,Stocks Pause as Big Tech Bonanza Begins,2021-04-28 14:15:00+00:00,https://www.zacks.com/registration/ultimatetrader/welcome/eoffer/30c3?adid=ZU_CONTENT_SYND&cid=CS-ZC-FT-zucommentary-29176,Zacks Investment Research,0.0,0.1,neutral,0.0,False,False,False,False,False,False,False,False,0.0,80,"['RAIL', 'CAAP', 'RYAM', 'MAN', 'AA', 'ASIX', 'FHB', 'SAVA', 'NVAX', 'GCI', 'ARLO', 'USFD', 'SQ', 'VFF', 'NOW', 'ABUS', 'MRNA', 'NTLA', 'CSCO', 'WLK', 'SHOP', 'ARMK', 'TAL', 'GOOG', 'MSFT', 'AAPL', 'FB', 'QCOM', 'BA', 'SHOP', 'F', 'EBAY']",ARLO,2021-04-28
Arlo Technologies (ARLO) May Report Negative Earnings: Know the Trend Ahead of Next Week's Release,Arlo Technologies (ARLO) doesn't possess the right combination of the two key ingredients for a likely earnings beat in its upcoming report. Get prepared with the key expectations.,2021-04-28 16:34:04+00:00,http://www.zacks.com/stock/news/1467986/arlo-technologies-arlo-may-report-negative-earnings-know-the-trend-ahead-of-next-weeks-release?cid=CS-ZC-FT-tale_of_the_tape|yseop_template_9-1467986,Zacks Investment Research,-0.0023809523809523816,0.655952380952381,neutral,0.0023809523809523816,True,False,False,False,True,False,False,False,0.0,280,['ARLO'],ARLO,2021-04-28
Arlo Technologies (ARLO) Dips More Than Broader Markets: What You Should Know,"Arlo Technologies (ARLO) closed the most recent trading day at $6.31, moving -1.25% from the previous trading session.",2021-04-28 21:50:19+00:00,http://www.zacks.com/stock/news/1469483/arlo-technologies-arlo-dips-more-than-broader-markets-what-you-should-know?cid=CS-ZC-FT-tale_of_the_tape|yseop_template_6v1-1469483,Zacks Investment Research,0.14666666666666667,0.30333333333333334,positive,0.14666666666666667,False,False,False,False,False,False,False,False,0.0,197,['ARLO'],ARLO,2021-04-28
ARLO Queues Up to Report Q1 Earnings: What's in the Offing?,Arlo Technologies' (ARLO) first-quarter 2021 results are likely to reflect benefits of a growing subscriber base despite a seasonal quarter.,2021-05-03 16:01:00+00:00,http://www.zacks.com/stock/news/1494331/arlo-queues-up-to-report-q1-earnings-whats-in-the-offing?cid=CS-ZC-FT-analyst_blog|earnings_preview-1494331,Zacks Investment Research,-0.4,1.0,negative,0.4,True,False,False,False,False,False,False,False,0.0,201,"['WAT', 'FICO', 'CDW', 'ARLO']",ARLO,2021-05-03
"Earnings Scheduled For May 5, 2021","Companies Reporting Before The Bell
• Monmouth Real Estate (NYSE:MNR) is likely to report earnings for its second quarter.
• EyePoint Pharmaceuticals (NASDAQ:EYPT) is likely to report quarterly loss at $0.46 per share on revenue of $7.93 million.
• Fortis (NYSE:FTS) is projected to report quarterly earnings at $0.75 per share on revenue of $2.50 billion.
• Madison Square Garden (NYSE:MSGS) is expected to report quarterly loss at $1.80 per share on revenue of $148.62 million.
• America First Multifamily (NASDAQ:ATAX) is projected to report quarterly earnings at $0.12 per share on revenue of $19.09 million.
• Ardmore Shipping (NYSE:ASC) is estimated to report quarterly loss at $0.31 per share on revenue of $24.86 million.
• Standard Motor Products (NYSE:SMP) is expected to report quarterly earnings at $0.54 per share on revenue of $257.57 million.
• New Gold (AMEX:NGD) is projected to report quarterly earnings at $0.01 per share on revenue of $217.32 million.
• CDW (NASDAQ:CDW) is estimated to report quarterly earnings at $1.53 per share on revenue of $4.61 billion.
• Addex Therapeutics (NASDAQ:ADXN) is likely to report earnings for its first quarter.
• Dun & Bradstreet Hldgs (NYSE:DNB) is projected to report quarterly earnings at $0.20 per share on revenue of $495.64 million.
• Hayward Holdings (NYSE:HAYW) is likely to report quarterly earnings at $0.16 per share on revenue of $258.49 million.
• LENSAR (NASDAQ:LNSR) is projected to report quarterly loss at $0.33 per share on revenue of $6.11 million.
• Allegro Microsystems (NASDAQ:ALGM) is expected to report quarterly earnings at $0.14 per share on revenue of $167.03 million.
• Physicians Realty Trust (NYSE:DOC) is expected to report quarterly earnings at $0.08 per share on revenue of $110.87 million.
• Establishment Labs Hldgs (NASDAQ:ESTA) is estimated to report quarterly loss at $0.34 per share on revenue of $25.30 million.
• Donnelley Financial Solns (NYSE:DFIN) is expected to report quarterly earnings at $0.64 per share on revenue of $214.38 million.
• Kala Pharmaceuticals (NASDAQ:KALA) is estimated to report quarterly loss at $0.68 per share on revenue of $4.18 million.
• Landmark Infrastructure (NASDAQ:LMRK) is expected to report quarterly earnings at $0.10 per share on revenue of $16.97 million.
• Reynolds Consumer (NASDAQ:REYN) is expected to report quarterly earnings at $0.36 per share on revenue of $765.54 million.
• OptiNose (NASDAQ:OPTN) is expected to report quarterly loss at $0.53 per share on revenue of $11.20 million.
• Northwest Natural Hldg (NYSE:NWN) is likely to report quarterly earnings at $1.82 per share on revenue of $318.28 million.
• Hemisphere Media (NASDAQ:HMTV) is estimated to report quarterly earnings at $0.02 per share on revenue of $36.65 million.
• Baudax Bio (NASDAQ:BXRX) is projected to report quarterly loss at $0.19 per share on revenue of $630.00 thousand.
• BlackRock TCP Capital (NASDAQ:TCPC) is projected to report quarterly earnings at $0.32 per share on revenue of $41.45 million.
• Surgery Partners (NASDAQ:SGRY) is estimated to report quarterly loss at $0.37 per share on revenue of $499.06 million.
• SPX FLOW (NYSE:FLOW) is estimated to report quarterly earnings at $0.35 per share on revenue of $341.85 million.
• IEC Electronics (NASDAQ:IEC) is projected to report quarterly earnings at $0.17 per share on revenue of $49.47 million.
• MediWound (NASDAQ:MDWD) is estimated to report quarterly loss at $0.11 per share on revenue of $5.43 million.
• PowerFleet (NASDAQ:PWFL) is expected to report quarterly loss at $0.07 per share on revenue of $28.99 million.
• Radware (NASDAQ:RDWR) is estimated to report quarterly earnings at $0.14 per share on revenue of $64.60 million.
• Parsons Corp (NYSE:PSN) is projected to report quarterly earnings at $0.15 per share on revenue of $902.68 million.
• IVERIC bio (NASDAQ:ISEE) is likely to report earnings for its first quarter.
• InMode (NASDAQ:INMD) is expected to report quarterly earnings at $0.53 per share on revenue of $56.21 million.
• Ionis Pharmaceuticals (NASDAQ:IONS) is estimated to report quarterly loss at $0.53 per share on revenue of $128.59 million.
• Horizon Therapeutics (NASDAQ:HZNP) is estimated to report quarterly earnings at $0.04 per share on revenue of $330.73 million.
• Editas Medicine (NASDAQ:EDIT) is likely to report quarterly loss at $0.75 per share on revenue of $5.14 million.
• Banco Latinoamericano (NYSE:BLX) is likely to report quarterly earnings at $0.41 per share on revenue of $217.89 million.
• NOW (NYSE:DNOW) is projected to report quarterly loss at $0.13 per share on revenue of $335.02 million.
• GrafTech International (NYSE:EAF) is projected to report quarterly earnings at $0.37 per share on revenue of $307.82 million.
• Vericel (NASDAQ:VCEL) is likely to report quarterly loss at $0.04 per share on revenue of $32.05 million.
• Marcus (NYSE:MCS) is estimated to report quarterly loss at $1.20 per share on revenue of $45.62 million.
• New Residential Inv (NYSE:NRZ) is expected to report quarterly earnings at $0.34 per share on revenue of $242.49 million.
• KVH Industries (NASDAQ:KVHI) is estimated to report quarterly loss at $0.15 per share on revenue of $39.47 million.
• Performance Food Group (NYSE:PFGC) is expected to report quarterly earnings at $0.28 per share on revenue of $7.01 billion.
• General Finance (NASDAQ:GFN) is expected to report quarterly earnings at $0.08 per share on revenue of $82.32 million.
• International Money (NASDAQ:IMXI) is estimated to report quarterly earnings at $0.22 per share on revenue of $92.20 million.
• Dine Brands Global (NYSE:DIN) is projected to report quarterly earnings at $0.86 per share on revenue of $198.97 million.
• Loews (NYSE:L) is expected to report quarterly earnings at $0.88 per share on revenue of $11.76 billion.
• SiteOne Landscape Supply (NYSE:SITE) is estimated to report quarterly loss at $0.44 per share on revenue of $537.96 million.
• United Fire Group (NASDAQ:UFCS) is estimated to report quarterly earnings at $0.03 per share on revenue of $270.34 million.
• Gibraltar Industries (NASDAQ:ROCK) is estimated to report quarterly earnings at $0.50 per share on revenue of $274.75 million.
• Clovis Oncology (NASDAQ:CLVS) is likely to report quarterly loss at $0.72 per share on revenue of $44.55 million.
• MGP Ingredients (NASDAQ:MGPI) is estimated to report quarterly earnings at $0.58 per share on revenue of $97.77 million.
• NeoGenomics (NASDAQ:NEO) is estimated to report quarterly earnings at $0.01 per share on revenue of $112.41 million.
• Alico (NASDAQ:ALCO) is expected to report quarterly earnings at $1.02 per share on revenue of $55.70 million.
• Arbutus Biopharma (NASDAQ:ABUS) is likely to report quarterly loss at $0.23 per share on revenue of $3.31 million.
• Barrick Gold (NYSE:GOLD) is projected to report quarterly earnings at $0.27 per share on revenue of $3.01 billion.
• New Senior Investment Gr (NYSE:SNR) is estimated to report quarterly loss at $0.07 per share on revenue of $82.66 million.
• Superior Industries Intl (NYSE:SUP) is projected to report quarterly loss at $0.27 per share on revenue of $300.00 million.
• Avista (NYSE:AVA) is projected to report quarterly earnings at $0.84 per share on revenue of $409.66 million.
• Scotts Miracle Gro (NYSE:SMG) is expected to report quarterly earnings at $5.42 per share on revenue of $1.73 billion.
• Spirit AeroSystems Hldgs (NYSE:SPR) is projected to report quarterly loss at $0.86 per share on revenue of $901.12 million.
• Sinclair Broadcast Group (NASDAQ:SBGI) is projected to report quarterly loss at $1.98 per share on revenue of $1.48 billion.
• Owens & Minor (NYSE:OMI) is likely to report quarterly earnings at $0.99 per share on revenue of $2.37 billion.
• Genesis Energy (NYSE:GEL) is likely to report quarterly loss at $0.07 per share on revenue of $409.92 million.
• Cedar Fair (NYSE:FUN) is expected to report quarterly loss at $1.82 per share on revenue of $6.30 million.
• Advanced Energy Indus (NASDAQ:AEIS) is estimated to report quarterly earnings at $1.26 per share on revenue of $352.46 million.
• Vistra (NYSE:VST) is estimated to report quarterly loss at $1.93 per share on revenue of $1.90 billion.
• Chimera Investment (NYSE:CIM) is estimated to report quarterly earnings at $0.30 per share on revenue of $120.39 million.
• Astec Industries (NASDAQ:ASTE) is likely to report quarterly earnings at $0.83 per share on revenue of $311.45 million.
• Tupperware Brands (NYSE:TUP) is projected to report quarterly earnings at $0.54 per share on revenue of $434.05 million.
• Public Service Enterprise (NYSE:PEG) is estimated to report quarterly earnings at $1.12 per share on revenue of $3.27 billion.
• United Therapeutics (NASDAQ:UTHR) is estimated to report quarterly earnings at $2.94 per share on revenue of $368.95 million.
• Clean Harbors (NYSE:CLH) is expected to report quarterly earnings at $0.25 per share on revenue of $787.52 million.
• Exelon (NASDAQ:EXC) is projected to report quarterly earnings at $0.36 per share on revenue of $8.38 billion.
• Fresh Del Monte Produce (NYSE:FDP) is likely to report quarterly earnings at $0.36 per share on revenue of $1.11 billion.
• Lumber Liquidators Hldgs (NYSE:LL) is estimated to report quarterly earnings at $0.24 per share on revenue of $293.12 million.
• SunPower (NASDAQ:SPWR) is expected to report earnings for its first quarter.
• Pinnacle West Capital (NYSE:PNW) is estimated to report quarterly earnings at $0.25 per share on revenue of $706.92 million.
• Novo Nordisk (NYSE:NVO) is likely to report quarterly earnings at $0.83 per share on revenue of $5.29 billion.
• Stratasys (NASDAQ:SSYS) is likely to report quarterly loss at $0.06 per share on revenue of $132.20 million.
• CyberArk Software (NASDAQ:CYBR) is estimated to report quarterly earnings at $0.03 per share on revenue of $109.93 million.
• Trane Technologies (NYSE:TT) is estimated to report quarterly earnings at $0.62 per share on revenue of $2.86 billion.
• Cumulus Media (NASDAQ:CMLS) is likely to report quarterly loss at $1.38 per share on revenue of $192.23 million.
• HollyFrontier (NYSE:HFC) is estimated to report quarterly loss at $0.46 per share on revenue of $2.65 billion.
• Veritiv (NYSE:VRTV) is estimated to report quarterly earnings at $0.02 per share on revenue of $1.52 billion.
• AmerisourceBergen (NYSE:ABC) is estimated to report quarterly earnings at $2.48 per share on revenue of $49.85 billion.
• Hilton Worldwide Holdings (NYSE:HLT) is expected to report quarterly earnings at $0.08 per share on revenue of $1.10 billion.
• Atlas Air Worldwide Hldgs (NASDAQ:AAWW) is projected to report quarterly earnings at $1.80 per share on revenue of $823.35 million.
• ODP (NASDAQ:ODP) is likely to report quarterly earnings at $0.72 per share on revenue of $2.41 billion.
• New York Times (NYSE:NYT) is expected to report quarterly earnings at $0.14 per share on revenue of $463.32 million.
• NiSource (NYSE:NI) is projected to report quarterly earnings at $0.10 per share on revenue of $1.80 billion.
• CNH Industrial (NYSE:CNHI) is estimated to report quarterly earnings at $0.14 per share on revenue of $6.44 billion.
• Caesarstone (NASDAQ:CSTE) is expected to report quarterly earnings at $0.09 per share on revenue of $133.00 million.
• BorgWarner (NYSE:BWA) is estimated to report quarterly earnings at $0.92 per share on revenue of $3.57 billion.
• Bruker (NASDAQ:BRKR) is expected to report quarterly earnings at $0.32 per share on revenue of $513.06 million.
• Brookfield Business (NYSE:BBU) is expected to report quarterly earnings at $1.68 per share on revenue of $10.88 billion.
• WestRock (NYSE:WRK) is likely to report quarterly earnings at $0.61 per share on revenue of $4.51 billion.
• Evoqua Water Technologies (NYSE:AQUA) is likely to report quarterly earnings at $0.66 per share on revenue of $341.60 million.
• Jones Lang LaSalle (NYSE:JLL) is projected to report quarterly earnings at $0.66 per share on revenue of $1.35 billion.
• Blucora (NASDAQ:BCOR) is expected to report quarterly earnings at $0.96 per share on revenue of $279.56 million.
• General Motors (NYSE:GM) is estimated to report quarterly earnings at $1.04 per share on revenue of $32.67 billion.
• Emerson Electric (NYSE:EMR) is expected to report quarterly earnings at $0.90 per share on revenue of $4.36 billion.
• Cerner (NASDAQ:CERN) is estimated to report quarterly earnings at $0.74 per share on revenue of $1.40 billion.
• Sempra Energy (NYSE:SRE) is expected to report quarterly earnings at $2.70 per share on revenue of $3.25 billion.
• Criteo (NASDAQ:CRTO) is expected to report quarterly earnings at $0.51 per share on revenue of $201.07 million.
• Belden (NYSE:BDC) is estimated to report quarterly earnings at $0.66 per share on revenue of $498.03 million.
• Waters (NYSE:WAT) is projected to report quarterly earnings at $1.57 per share on revenue of $525.29 million.
• MDC Partners (NASDAQ:MDCA) is expected to report earnings for its first quarter.
 
Companies Reporting After The Bell
• United Breweries Co (NYSE:CCU) is projected to report earnings for its first quarter.
• Cia Paranaense De Energia (NYSE:Full story available on Benzinga.com",2021-05-05 08:15:58+00:00,https://www.benzinga.com/news/earnings/21/05/20957038/earnings-scheduled-for-may-5-2021,Benzinga,0.030283605283605262,0.543395493395493,neutral,0.030283605283605262,True,False,True,False,True,False,False,False,0.0,13244,"['KW', 'CENT', 'LUMN', 'GDDY', 'GNK', 'SRPT', 'NUVA', 'XPER', 'RYN', 'GSS', 'QTRX', 'TPVG', 'ALG', 'QNST', 'CENTA', 'YELL', 'ETSY', 'HCC', 'PDCE', 'NVEC', 'SBOW', 'SGU', 'LCI', 'WHD', 'HRTG', 'ALL', 'AOSL', 'CENX', 'NOTV', 'UBER', 'HR', 'DLHC', 'ORCC', 'GTHX', 'SJI', 'MOR', 'BKNG', 'SPKE', 'APA', 'HPP', 'CSGS', 'RUN', 'IVC', 'AXGN', 'OSUR', 'AMPY', 'SKT', 'SAR', 'DHC', 'RYI', 'ATO', 'SYN', 'CTSH', 'LILA', 'IVR', 'ALTM', 'PRIM', 'RNGR', 'SWM', 'TGB', 'CDAY', 'CDNA', 'CF', 'CLW', 'MG', 'CUTR', 'GBT', 'LNC', 'ADT', 'RCII', 'HBB', 'TPC', 'ACAD', 'BHR', 'ATTO', 'CPA', 'SBRA', 'EMKR', 'LILAK', 'MET', 'SRC', 'RGLD', 'BAND', 'UGI', 'ADTN', 'TALO', 'HUBS', 'CPE', 'FLT', 'FORR', 'QUOT', 'MRO', 'BFAM', 'RIGL', 'UNM', 'AMOT', 'AFIN', 'USDP', 'CW', 'ESTE', 'GLRE', 'GMRE', 'MTG', 'SIMO', 'WW', 'ANSS', 'ARLO', 'VAPO', 'CXW', 'NMFC', 'HDSN', 'PING', 'MTW', 'WMC', 'SMSI', 'XEC', 'ARNA', 'ALLO', 'NVRO', 'BCSF', 'AINC', 'DCP', 'AMPE', 'HUBG', 'BE', 'NC', 'FOXA', 'STAA', 'ADN', 'ASYS', 'ATSG', 'PLMR', 'KE', 'DHX', 'SCU', 'KLIC', 'INSG', 'NUS', 'FOX', 'TRMB', 'FICO', 'AVID', 'FSLY', 'JRVR', 'EPR', 'ZNGA', 'KTOS', 'TWLO', 'PRA', 'UIHC', 'TTGT', 'PRI', 'BBSI', 'RPT', 'QRVO', 'EQT', 'VAC', 'LBTYA', 'TLND', 'RGR', 'AERI', 'VNDA', 'AVNW', 'CCMP', 'DRTT', 'IAC', 'FMC', 'LPI', 'LHCG', 'CNDT', 'RKT', 'TNDM', 'AEL', 'TWO', 'CCRN', 'WTRG', 'PYPL', 'FRT', 'SUPN', 'LOPE', 'TVTY', 'RSG', 'QTWO', 'ALB', 'KIDS']",ARLO,2021-05-05
"Arlo Technologies (ARLO) Reports Q1 Loss, Tops Revenue Estimates","Arlo Technologies (ARLO) delivered earnings and revenue surprises of 85.71% and 6.83%, respectively, for the quarter ended March 2021. Do the numbers hold clues to what lies ahead for the stock?",2021-05-05 23:20:07+00:00,http://www.zacks.com/stock/news/1506754/arlo-technologies-arlo-reports-q1-loss-tops-revenue-estimates?cid=CS-ZC-FT-tale_of_the_tape|yseop_template_4-1506754,Zacks Investment Research,0.0,0.1,neutral,0.0,True,False,False,False,False,False,False,False,0.0,260,['ARLO'],ARLO,2021-05-05
"Arlo Technologies, Inc. (ARLO) Q1 2021 Earnings Call Transcript","ARLO earnings call for the period ending March 31, 2021.",2021-05-06 11:01:46+00:00,https://www.fool.com/earnings/call-transcripts/2021/05/06/arlo-technologies-inc-arlo-q1-2021-earnings-call-t/?source=iedfolrf0000001,The Motley Fool,0.0,0.0,neutral,0.0,True,False,False,False,False,False,False,False,0.0,121,['ARLO'],ARLO,2021-05-06
12 Information Technology Stocks Moving In Thursday's Pre-Market Session,"Gainers

Avid Technology (NASDAQ:AVID) stock moved upwards by 10.4% to $23.97 during Thursday's pre-market session. The market value of their outstanding shares is at $1.0 billion. The company's, Q1 earnings came out yesterday.
Qualys (NASDAQ:QLYS) stock rose 10.24% to $104.05. The market value of their outstanding shares is at $4.0 billion. As per the news, the Q1 earnings report came out yesterday.
Himax Technologies (NASDAQ:HIMX) shares moved upwards by 8.79% to $13.36. The market value of their outstanding shares is at $2.3 billion. As per the press release, Q1 earnings came out today.
Arlo Technologies (NYSE:ARLO) stock moved upwards by 8.57% ...Full story available on Benzinga.com",2021-05-06 12:17:11+00:00,https://www.benzinga.com/pre-market-outlook/21/05/20986670/12-information-technology-stocks-moving-in-thursdays-pre-market-session,Benzinga,0.4583333333333333,0.8291666666666667,positive,0.4583333333333333,True,False,False,False,True,False,False,False,0.0,769,"['AVID', 'EMKR', 'HIMX', 'IIVI', 'AVNW', 'QLYS', 'INSG', 'MYSZ', 'BRQS', 'CDAY', 'ARLO', 'FSLY']",ARLO,2021-05-06
"Calix (CALX) Boosts Deployment Flexibility, Unveils Enhancement","Calix (CALX) includes a new network enhancement, Intelligent System Monitoring, in the AXOS E3-2 Intelligent PON Node system to boost a flexible deployment infrastructure.",2021-05-19 13:15:00+00:00,http://www.zacks.com/stock/news/1576060/calix-calx-boosts-deployment-flexibility-unveils-enhancement?cid=CS-ZC-FT-analyst_blog|company_news_tech_sector-1576060,Zacks Investment Research,0.5787878787878787,0.7515151515151515,positive,0.5787878787878787,False,False,False,False,False,False,False,False,0.0,236,"['CALX', 'TEAM', 'APPS', 'ARLO']",ARLO,2021-05-19
"Calix (CALX) Gains From Growing Subscriber Base, Tech Innovation","Propelled by business resiliency, accretive partnerships and emerging technological innovation, Calix (CALX) is likely to be a promising investment option for 2021.",2021-05-27 14:15:00+00:00,http://www.zacks.com/stock/news/1614037/calix-calx-gains-from-growing-subscriber-base-tech-innovation?cid=CS-ZC-FT-analyst_blog|company_news_tech_sector-1614037,Zacks Investment Research,-0.20000000000000004,0.8333333333333334,negative,0.20000000000000004,False,False,False,True,True,False,False,False,0.0,230,"['CALX', 'TEAM', 'ARLO', 'THRY']",ARLO,2021-05-27
Arlo Technologies (ARLO) Outpaces Stock Market Gains: What You Should Know,"Arlo Technologies (ARLO) closed the most recent trading day at $6.86, moving +1.03% from the previous trading session.",2021-06-11 21:50:18+00:00,https://www.zacks.com/stock/news/1692621/arlo-technologies-arlo-outpaces-stock-market-gains-what-you-should-know,Zacks Investment Research,0.05833333333333334,0.25416666666666665,neutral,0.05833333333333334,False,False,False,False,False,False,False,False,0.0,194,['ARLO'],ARLO,2021-06-11
Arlo Technologies (ARLO) Is Up 2.33% in One Week: What You Should Know,Does Arlo Technologies (ARLO) have what it takes to be a top stock pick for momentum investors? Let's find out.,2021-06-25 16:00:04+00:00,https://www.zacks.com/stock/news/1754482/arlo-technologies-arlo-is-up-233-in-one-week-what-you-should-know,Zacks Investment Research,0.5,0.5,positive,0.5,False,False,False,False,False,False,False,False,0.0,183,['ARLO'],ARLO,2021-06-25
Arlo Technologies (ARLO) Stock Jumps 7%: Will It Continue to Soar?,Arlo Technologies (ARLO) witnessed a jump in share price last session on above-average trading volume. The latest trend in earnings estimate revisions for the stock doesn't suggest further strength down the road.,2021-07-16 11:17:00+00:00,https://www.zacks.com/stock/news/1762612/arlo-technologies-arlo-stock-jumps-7-will-it-continue-to-soar,Zacks Investment Research,0.08611111111111111,0.43888888888888894,neutral,0.08611111111111111,True,False,False,False,False,False,False,False,0.0,280,['ARLO'],ARLO,2021-07-16
Will Arlo Technologies (ARLO) Report Negative Earnings Next Week? What You Should Know,Arlo Technologies (ARLO) doesn't possess the right combination of the two key ingredients for a likely earnings beat in its upcoming report. Get prepared with the key expectations.,2021-07-28 19:03:48+00:00,https://www.zacks.com/stock/news/1769756/will-arlo-technologies-arlo-report-negative-earnings-next-week-what-you-should-know,Zacks Investment Research,-0.0023809523809523816,0.655952380952381,neutral,0.0023809523809523816,True,False,False,False,False,False,False,False,0.0,268,['ARLO'],ARLO,2021-07-28
"Arlo Technologies (ARLO) Reports Q2 Loss, Tops Revenue Estimates","Arlo Technologies (ARLO) delivered earnings and revenue surprises of 73.33% and 13.84%, respectively, for the quarter ended June 2021. Do the numbers hold clues to what lies ahead for the stock?",2021-08-04 22:45:14+00:00,https://www.zacks.com/stock/news/1774742/arlo-technologies-arlo-reports-q2-loss-tops-revenue-estimates,Zacks Investment Research,0.0,0.1,neutral,0.0,True,False,False,False,False,False,False,False,0.0,260,['ARLO'],ARLO,2021-08-04
"Splunk (SPLK) Q2 Earnings Beat Estimates, Revenues Up Y/Y",Splunk's (SPLK) second-quarter fiscal 2022 results reflect growth in license and cloud revenues aided by customer base expansion.,2021-08-26 14:46:00+00:00,https://www.zacks.com/stock/news/1787253/splunk-splk-q2-earnings-beat-estimates-revenues-up-yy,Zacks Investment Research,-0.8,1.0,negative,0.8,True,False,True,False,False,False,False,False,0.0,188,"['INTC', 'SPLK', 'ARLO', 'ROVR']",ARLO,2021-08-26
Earnings Preview: Arlo Technologies (ARLO) Q3 Earnings Expected to Decline,Arlo Technologies (ARLO) doesn't possess the right combination of the two key ingredients for a likely earnings beat in its upcoming report. Get prepared with the key expectations.,2021-11-02 19:02:01+00:00,https://www.zacks.com/stock/news/1822087/earnings-preview-arlo-technologies-arlo-q3-earnings-expected-to-decline,Zacks Investment Research,0.03714285714285714,0.7871428571428571,neutral,0.03714285714285714,True,False,False,False,False,False,False,False,0.0,256,['ARLO'],ARLO,2021-11-02
"Arlo Technologies (ARLO) Reports Q3 Loss, Tops Revenue Estimates","Arlo Technologies (ARLO) delivered earnings and revenue surprises of 42.86% and 5.03%, respectively, for the quarter ended September 2021. Do the numbers hold clues to what lies ahead for the stock?",2021-11-10 00:15:04+00:00,https://www.zacks.com/stock/news/1826252/arlo-technologies-arlo-reports-q3-loss-tops-revenue-estimates,Zacks Investment Research,0.0,0.1,neutral,0.0,True,False,False,False,False,False,False,False,0.0,264,['ARLO'],ARLO,2021-11-10
"Arlo Technologies, Inc. (ARLO) Q3 2021 Earnings Call Transcript","ARLO earnings call for the period ending September 30, 2021.",2021-11-10 12:32:18+00:00,https://www.fool.com/earnings/call-transcripts/2021/11/10/arlo-technologies-inc-arlo-q3-2021-earnings-call-t/,The Motley Fool,0.0,0.0,neutral,0.0,True,False,False,False,False,False,False,False,0.0,125,['ARLO'],ARLO,2021-11-10
Arlo Technologies: The Only Charts You Need To See,Arlo Technologies reported earnings on Nov. 9. Click here to see the most important metrics and why I think the stock price could appreciate.,2021-11-11 05:39:00+00:00,https://seekingalpha.com/article/4468267-arlo-technologies-arlo-earnings-only-charts-you-need-to-see,Seeking Alpha,0.3,0.8333333333333334,positive,0.3,True,False,False,False,False,False,False,False,0.2,193,['ARLO'],ARLO,2021-11-11
Does Arlo Technologies (ARLO) Have the Potential to Rally 25% as Wall Street Analysts Expect?,"The mean of analysts' price targets for Arlo Technologies (ARLO) points to a 25% upside in the stock. While this highly sought-after metric has not proven reasonably effective, strong agreement among analysts in raising earnings estimates does indicate an upside in the stock.",2021-11-17 15:20:00+00:00,https://www.zacks.com/stock/news/1828898/does-arlo-technologies-arlo-have-the-potential-to-rally-25-as-wall-street-analysts-expect,Zacks Investment Research,0.17616666666666667,0.7521666666666667,positive,0.17616666666666667,True,False,False,False,False,False,False,False,0.0,371,['ARLO'],ARLO,2021-11-17
Add These 3 Cyber Monday Software Charts to Your Watchlist,Add These 3 Cyber Monday Software Charts to Your Watchlist,2021-11-29 20:57:00+00:00,https://www.zacks.com/commentary/1833033/add-these-3-cyber-monday-software-charts-to-your-watchlist,Zacks Investment Research,0.0,0.0,neutral,0.0,False,False,False,False,False,False,False,False,0.0,118,"['MIME', 'ARLO', 'NET']",ARLO,2021-11-29
How Much Upside is Left in Arlo Technologies (ARLO)? Wall Street Analysts Think 30%,"The mean of analysts' price targets for Arlo Technologies (ARLO) points to a 29.6% upside in the stock. While this highly sought-after metric has not proven reasonably effective, strong agreement among analysts in raising earnings estimates does indicate an upside in the stock.",2021-12-03 15:00:03+00:00,https://www.zacks.com/stock/news/1835077/how-much-upside-is-left-in-arlo-technologies-arlo-wall-street-analysts-think-30,Zacks Investment Research,0.18013888888888888,0.49347222222222226,positive,0.18013888888888888,True,False,False,False,False,False,False,False,0.0,363,['ARLO'],ARLO,2021-12-03
Calix (CALX) Revenue EDGE Boosts Tularosa's Marketing Campaigns,Calix's (CALX) Revenue EDGE platform coupled with EDGE Enablement drives the engagement rates of Tularosa's marketing campaign videos for enhanced profitability.,2021-12-06 13:56:00+00:00,https://www.zacks.com/stock/news/1835747/calix-calx-revenue-edge-boosts-tularosas-marketing-campaigns,Zacks Investment Research,0.0,0.0,neutral,0.0,True,False,False,False,False,False,False,False,0.0,226,"['CALX', 'MIME', 'ARLO', 'PINS']",ARLO,2021-12-06
4 Breakout Stocks That Guarantee Explosive Returns,"CPLP, TGAN, ARLO, and FPLPY have been selected as the breakout stocks for today.",2021-12-10 11:56:00+00:00,https://www.zacks.com/stock/news/1837767/4-breakout-stocks-that-guarantee-explosive-returns,Zacks Investment Research,0.0,0.0,neutral,0.0,False,False,False,False,False,False,False,False,0.0,132,"['CPLP', 'ARLO']",ARLO,2021-12-10
Is Arlo Technologies (ARLO) Stock Outpacing Its Computer and Technology Peers This Year?,Here is how Arlo Technologies (ARLO) and Advanced Micro Devices (AMD) have performed compared to their sector so far this year.,2021-12-22 14:40:11+00:00,https://www.zacks.com/stock/news/1842270/is-arlo-technologies-arlo-stock-outpacing-its-computer-and-technology-peers-this-year,Zacks Investment Research,0.25,0.8,positive,0.25,False,False,True,False,False,False,False,False,0.0,217,"['ARLO', 'AMD']",ARLO,2021-12-22
Arlo Technologies (ARLO) Stock Sinks As Market Gains: What You Should Know,"Arlo Technologies (ARLO) closed at $10.39 in the latest trading session, marking a -0.95% move from the prior day.",2022-01-03 23:15:20+00:00,https://www.zacks.com/stock/news/1846752/arlo-technologies-arlo-stock-sinks-as-market-gains-what-you-should-know,Zacks Investment Research,0.075,0.25,neutral,0.075,False,False,False,False,False,False,False,False,0.0,190,['ARLO'],ARLO,2022-01-03
Arlo Technologies (ARLO) Wins 2022 CES Innovation Award,"Arlo Technologies (ARLO) launches the Arlo Security System, which completes the Arlo ecosystem.",2022-01-05 16:26:00+00:00,https://www.zacks.com/stock/news/1847880/arlo-technologies-arlo-wins-2022-ces-innovation-award,Zacks Investment Research,0.3,0.2,positive,0.3,False,False,True,False,True,False,False,False,0.0,152,"['AMD', 'BL', 'ARLO', 'PYCR']",ARLO,2022-01-05
"Magnite (MGNI) Adds Nth Party Team, Strengthens Service Offerings",Magnite (MGNI) adds Nth Party team that boosts of its ability to build identity and audience solutions for sellers and buyers.,2022-01-06 17:14:00+00:00,https://www.zacks.com/stock/news/1848563/magnite-mgni-adds-nth-party-team-strengthens-service-offerings,Zacks Investment Research,0.0,0.0,neutral,0.0,False,True,False,False,False,False,False,False,0.0,193,"['ARLO', 'NET', 'FUBO', 'MGNI']",ARLO,2022-01-06
"NICE Rides on Expanding Customer Base, Prospects Aplenty","Nice (NICE) is benefiting from an expanding customer base. Its solutions like Inform Elite, Actimize, Robotic Process Automation and Investigate have been gaining traction in recent times.",2022-01-07 15:12:00+00:00,https://www.zacks.com/stock/news/1848999/nice-rides-on-expanding-customer-base-prospects-aplenty,Zacks Investment Research,0.014285714285714263,0.7785714285714286,neutral,0.014285714285714263,False,False,False,False,False,False,False,False,0.0,246,"['BCE', 'NICE', 'ARLO', 'NET']",ARLO,2022-01-07
Arlo Technologies (ARLO) Dips More Than Broader Markets: What You Should Know,"Arlo Technologies (ARLO) closed at $9.57 in the latest trading session, marking a -1.75% move from the prior day.",2022-01-10 23:15:19+00:00,https://www.zacks.com/stock/news/1849954/arlo-technologies-arlo-dips-more-than-broader-markets-what-you-should-know,Zacks Investment Research,0.225,0.375,positive,0.225,False,False,False,False,False,False,False,False,0.0,192,['ARLO'],ARLO,2022-01-10
Arlo Technologies (ARLO) Stock Sinks As Market Gains: What You Should Know,"In the latest trading session, Arlo Technologies (ARLO) closed at $9.66, marking a -0.72% move from the previous day.",2022-01-14 23:00:28+00:00,https://www.zacks.com/stock/news/1852390/arlo-technologies-arlo-stock-sinks-as-market-gains-what-you-should-know,Zacks Investment Research,0.03333333333333335,0.2916666666666667,neutral,0.03333333333333335,False,False,False,False,False,False,False,False,0.0,193,['ARLO'],ARLO,2022-01-14
Arlo Technologies (ARLO) Stock Sinks As Market Gains: What You Should Know,"In the latest trading session, Arlo Technologies (ARLO) closed at $8.16, marking a -0.61% move from the previous day.",2022-01-24 23:15:21+00:00,https://www.zacks.com/stock/news/1856480/arlo-technologies-arlo-stock-sinks-as-market-gains-what-you-should-know,Zacks Investment Research,0.03333333333333335,0.2916666666666667,neutral,0.03333333333333335,False,False,False,False,False,False,False,False,0.0,193,['ARLO'],ARLO,2022-01-24
Arlo Technologies (ARLO) Stock Moves -0.74%: What You Should Know,"In the latest trading session, Arlo Technologies (ARLO) closed at $8.10, marking a -0.74% move from the previous day.",2022-01-25 23:00:22+00:00,https://www.zacks.com/stock/news/1857284/arlo-technologies-arlo-stock-moves--074-what-you-should-know,Zacks Investment Research,0.07777777777777779,0.3888888888888889,neutral,0.07777777777777779,False,False,False,False,False,False,False,False,0.0,184,['ARLO'],ARLO,2022-01-25
"Qualtrics International (XM) Reports Q4 Loss, Tops Revenue Estimates","Qualtrics (XM) delivered earnings and revenue surprises of -250% and 6.37%, respectively, for the quarter ended December 2021. Do the numbers hold clues to what lies ahead for the stock?",2022-01-26 22:15:04+00:00,https://www.zacks.com/stock/news/1857734/qualtrics-international-xm-reports-q4-loss-tops-revenue-estimates,Zacks Investment Research,0.0,0.05,neutral,0.0,True,False,False,False,False,False,False,False,0.0,256,"['XM', 'ARLO']",ARLO,2022-01-26
Arlo Technologies (ARLO) Stock Sinks As Market Gains: What You Should Know,"Arlo Technologies (ARLO) closed at $8.64 in the latest trading session, marking a -0.58% move from the prior day.",2022-02-01 23:00:15+00:00,https://www.zacks.com/stock/news/1860958/arlo-technologies-arlo-stock-sinks-as-market-gains-what-you-should-know,Zacks Investment Research,0.075,0.25,neutral,0.075,False,False,False,False,False,False,False,False,0.0,189,['ARLO'],ARLO,2022-02-01
Arlo Technologies (ARLO) Outpaces Stock Market Gains: What You Should Know,"In the latest trading session, Arlo Technologies (ARLO) closed at $8.93, marking a +1.48% move from the previous day.",2022-02-09 23:00:12+00:00,https://www.zacks.com/stock/news/1865324/arlo-technologies-arlo-outpaces-stock-market-gains-what-you-should-know,Zacks Investment Research,0.07777777777777779,0.3888888888888889,neutral,0.07777777777777779,False,False,False,False,False,False,False,False,0.0,193,['ARLO'],ARLO,2022-02-09
Arlo Technologies (ARLO) Outpaces Stock Market Gains: What You Should Know,"In the latest trading session, Arlo Technologies (ARLO) closed at $9.26, marking a +0.65% move from the previous day.",2022-02-16 23:00:10+00:00,https://www.zacks.com/stock/news/1868770/arlo-technologies-arlo-outpaces-stock-market-gains-what-you-should-know,Zacks Investment Research,0.07777777777777779,0.3888888888888889,neutral,0.07777777777777779,False,False,False,False,False,False,False,False,0.0,193,['ARLO'],ARLO,2022-02-16
Arlo Technologies (ARLO) to Report Q4 Earnings: What to Expect?,Arlo Technologies (ARLO) fourth-quarter results are likely to benefit from growing subscriber base.,2022-02-24 17:49:00+00:00,https://www.zacks.com/stock/news/1872834/arlo-technologies-arlo-to-report-q4-earnings-what-to-expect,Zacks Investment Research,-0.4,1.0,negative,0.4,True,False,False,False,False,False,False,False,0.0,164,"['VZ', 'CALX', 'AMBA', 'ARLO']",ARLO,2022-02-24
Arlo Technologies (ARLO) Beats Q4 Earnings and Revenue Estimates,"Arlo Technologies (ARLO) delivered earnings and revenue surprises of 233.33% and 5.25%, respectively, for the quarter ended December 2021. Do the numbers hold clues to what lies ahead for the stock?",2022-03-02 00:15:09+00:00,https://www.zacks.com/stock/news/1875638/arlo-technologies-arlo-beats-q4-earnings-and-revenue-estimates,Zacks Investment Research,0.0,0.1,neutral,0.0,True,False,False,False,False,False,False,False,0.0,264,"['ARLO', 'VERX']",ARLO,2022-03-02
Arlo Technologies (ARLO) Q4 2021 Earnings Call Transcript,"ARLO earnings call for the period ending December 31, 2021.",2022-03-02 14:00:35+00:00,https://www.fool.com/earnings/call-transcripts/2022/03/02/arlo-technologies-arlo-q4-2021-earnings-call-trans/,The Motley Fool,0.0,0.0,neutral,0.0,True,False,False,False,False,False,False,False,0.0,118,['ARLO'],ARLO,2022-03-02
"Arlo Technologies (ARLO) Q4 Earnings Top Estimates, Revenues Up",Arlo Technologies (ARLO) successfully navigated considerable global supply chain disruption to deliver strong fiscal fourth-quarter results.,2022-03-02 15:22:00+00:00,https://www.zacks.com/stock/news/1876091/arlo-technologies-arlo-q4-earnings-top-estimates-revenues-up,Zacks Investment Research,0.3566666666666667,0.5266666666666666,positive,0.3566666666666667,True,False,False,False,False,False,False,False,0.0,205,"['LPSN', 'MODN', 'ARLO', 'PYCR']",ARLO,2022-03-02
Where Arlo Technologies Stands With Analysts,"Over the past 3 months, 4 analysts have published their opinion on Arlo Technologies (NYSE:ARLO) stock. These analysts are typically employed by large Wall Street banks and tasked with understanding a company's business to predict how a stock will trade over the upcoming year.




Bullish
Somewhat Bullish
Indifferent
Somewhat Bearish
Bearish




Total Ratings
3
1
0
0
0


Last 30D
2
1
0
0
0


1M Ago
0
0
0
0
0


2M Ago
1
0
0
0
0


3M Ago
0
0
0
0
0



These 4 analysts have an average price target of $14.25 versus the current price of Arlo Technologies at $11.38, implying  upside.
Below is a summary of how these 4 ...Full story available on Benzinga.com",2022-03-02 20:06:44+00:00,https://www.benzinga.com/analyst-ratings/22/03/25947912/where-arlo-technologies-stands-with-analysts,Benzinga,0.005952380952380959,0.3994047619047619,neutral,0.005952380952380959,False,False,False,False,False,False,False,False,0.0,703,['ARLO'],ARLO,2022-03-02
Arlo Technologies (ARLO) Dips More Than Broader Markets: What You Should Know,"Arlo Technologies (ARLO) closed at $10.21 in the latest trading session, marking a -0.97% move from the prior day.",2022-03-10 23:15:21+00:00,https://www.zacks.com/stock/news/1880563/arlo-technologies-arlo-dips-more-than-broader-markets-what-you-should-know,Zacks Investment Research,0.225,0.375,positive,0.225,False,False,False,False,False,False,False,False,0.0,193,['ARLO'],ARLO,2022-03-10
Arlo Technologies (ARLO) Stock Sinks As Market Gains: What You Should Know,"Arlo Technologies (ARLO) closed at $9.53 in the latest trading session, marking a -0.1% move from the prior day.",2022-03-17 22:00:18+00:00,https://www.zacks.com/stock/news/1883801/arlo-technologies-arlo-stock-sinks-as-market-gains-what-you-should-know,Zacks Investment Research,0.075,0.25,neutral,0.075,False,False,False,False,False,False,False,False,0.0,188,['ARLO'],ARLO,2022-03-17
Arlo Technologies (ARLO) Stock Sinks As Market Gains: What You Should Know,"Arlo Technologies (ARLO) closed the most recent trading day at $8.87, moving -0.45% from the previous trading session.",2022-03-24 22:00:19+00:00,https://www.zacks.com/stock/news/1887183/arlo-technologies-arlo-stock-sinks-as-market-gains-what-you-should-know,Zacks Investment Research,0.026666666666666665,0.2033333333333333,neutral,0.026666666666666665,False,False,False,False,False,False,False,False,0.0,194,['ARLO'],ARLO,2022-03-24
Arlo Technologies (ARLO) Gains As Market Dips: What You Should Know,"Arlo Technologies (ARLO) closed the most recent trading day at $8.86, moving +0.91% from the previous trading session.",2022-03-31 22:00:21+00:00,https://www.zacks.com/stock/news/1890724/arlo-technologies-arlo-gains-as-market-dips-what-you-should-know,Zacks Investment Research,0.05833333333333334,0.25416666666666665,neutral,0.05833333333333334,False,False,False,False,False,False,False,False,0.0,187,['ARLO'],ARLO,2022-03-31
Arlo Technologies (ARLO) Outpaces Stock Market Gains: What You Should Know,"Arlo Technologies (ARLO) closed the most recent trading day at $8.56, moving +0.71% from the previous trading session.",2022-04-07 22:15:20+00:00,https://www.zacks.com/stock/news/1895161/arlo-technologies-arlo-outpaces-stock-market-gains-what-you-should-know,Zacks Investment Research,0.05833333333333334,0.25416666666666665,neutral,0.05833333333333334,False,False,False,False,False,False,False,False,0.0,194,['ARLO'],ARLO,2022-04-07
Arlo Technologies (ARLO) Dips More Than Broader Markets: What You Should Know,"Arlo Technologies (ARLO) closed the most recent trading day at $8.44, moving -1.86% from the previous trading session.",2022-04-14 22:15:22+00:00,https://www.zacks.com/stock/news/1900023/arlo-technologies-arlo-dips-more-than-broader-markets-what-you-should-know,Zacks Investment Research,0.14666666666666667,0.30333333333333334,positive,0.14666666666666667,False,False,False,False,False,False,False,False,0.0,197,['ARLO'],ARLO,2022-04-14
Arlo Technologies (ARLO) Stock Moves -0.77%: What You Should Know,"In the latest trading session, Arlo Technologies (ARLO) closed at $7.76, marking a -0.77% move from the previous day.",2022-04-22 22:00:20+00:00,https://www.zacks.com/stock/news/1905767/arlo-technologies-arlo-stock-moves--077-what-you-should-know,Zacks Investment Research,0.07777777777777779,0.3888888888888889,neutral,0.07777777777777779,False,False,False,False,False,False,False,False,0.0,184,['ARLO'],ARLO,2022-04-22
Materialise (MTLS) Reports Break-Even Earnings for Q1,"Materialise (MTLS) delivered earnings and revenue surprises of -100% and 2.46%, respectively, for the quarter ended March 2022. Do the numbers hold clues to what lies ahead for the stock?",2022-04-28 11:45:09+00:00,https://www.zacks.com/stock/news/1909898/materialise-mtls-reports-break-even-earnings-for-q1,Zacks Investment Research,0.0,0.1,neutral,0.0,True,False,False,False,False,False,False,False,0.0,242,"['MTLS', 'ARLO']",ARLO,2022-04-28
Can UBER Deliver a Beat in Q1 Earnings Despite Omicron Woes?,"While strong delivery demand is likely to have aided UBER's Q1 performance, softness in mobility demand due to Omicron woes might have hurt the same on a sequential basis.",2022-04-29 17:03:00+00:00,https://www.zacks.com/stock/news/1912196/can-uber-deliver-a-beat-in-q1-earnings-despite-omicron-woes,Zacks Investment Research,0.07708333333333332,0.5583333333333333,neutral,0.07708333333333332,True,False,False,False,False,False,False,False,0.0,233,"['ACMR', 'ARLO', 'UBER']",ARLO,2022-04-29
Arlo Technologies (ARLO) Stock Moves -0.51%: What You Should Know,"Arlo Technologies (ARLO) closed the most recent trading day at $7.74, moving -0.51% from the previous trading session.",2022-04-29 22:00:05+00:00,https://www.zacks.com/stock/news/1912319/arlo-technologies-arlo-stock-moves--051-what-you-should-know,Zacks Investment Research,0.05833333333333334,0.25416666666666665,neutral,0.05833333333333334,False,False,False,False,False,False,False,False,0.0,185,['ARLO'],ARLO,2022-04-29
GasLog Partners and MicroStrategy have been highlighted as Zacks Bull and Bear of the Day,GasLog Partners and MicroStrategy have been highlighted as Zacks Bull and Bear of the Day,2022-05-02 12:46:00+00:00,https://www.zacks.com/stock/news/1913346/gaslog-partners-and-microstrategy-have-been-highlighted-as-zacks-bull-and-bear-of-the-day,Zacks Investment Research,0.0,0.0,neutral,0.0,False,False,False,False,False,False,False,False,0.0,180,"['ACMR', 'MSTR', 'GLOP', 'ARLO', 'UBER']",ARLO,2022-05-02
Arlo Technologies (ARLO) Expected to Beat Earnings Estimates: Should You Buy?,Arlo Technologies (ARLO) possesses the right combination of the two key ingredients for a likely earnings beat in its upcoming report. Get prepared with the key expectations.,2022-05-03 19:00:33+00:00,https://www.zacks.com/stock/news/1914765/arlo-technologies-arlo-expected-to-beat-earnings-estimates-should-you-buy,Zacks Investment Research,0.03714285714285714,0.7871428571428571,neutral,0.03714285714285714,True,True,False,False,False,False,False,False,0.0,253,['ARLO'],ARLO,2022-05-03
4 Software Stocks Poised to Top Estimates This Earnings Season,"Here we pick four software stocks - ARLO, BLND, TWOU and DCBO that are likely to pull off a beat this earnings season.",2022-05-06 11:45:00+00:00,https://www.zacks.com/stock/news/1917609/4-software-stocks-poised-to-top-estimates-this-earnings-season,Zacks Investment Research,0.25,0.75,positive,0.25,True,False,False,False,False,False,False,False,0.0,182,"['MSFT', 'TWOU', 'ARLO', 'DCBO', 'BLND']",ARLO,2022-05-06
Microchip (MCHP) to Report Q4 Earnings: What's in the Cards?,"Microchip's (MCHP) fiscal fourth-quarter results are likely to reflect robust uptake of microcontrollers amid uptick in demand across automotive, consumer, industrial and medical end-markets.",2022-05-06 14:54:00+00:00,https://www.zacks.com/stock/news/1917891/microchip-mchp-to-report-q4-earnings-whats-in-the-cards,Zacks Investment Research,0.0,0.5,neutral,0.0,True,False,False,False,False,False,False,False,0.0,253,"['ADI', 'MCHP', 'TWOU', 'ARLO']",ARLO,2022-05-06
The Trade Desk (TTD) to Report Q1 Earnings: What's in Store?,"The Trade Desk's (TTD) first-quarter results are likely to benefit from strength in Connected-TV ad spending, programmatic ad buying and a growing partner ecosystem.",2022-05-06 15:26:00+00:00,https://www.zacks.com/stock/news/1917993/the-trade-desk-ttd-to-report-q1-earnings-whats-in-store,Zacks Investment Research,0.0,1.0,neutral,0.0,True,True,False,False,False,False,False,False,0.0,227,"['ADI', 'TWOU', 'TTD', 'ARLO']",ARLO,2022-05-06
Factors to Take Note Ahead of Sony's Q4 Earnings Release,"SONY's Q4 top line is likely to have been benefited from sales growth in the Imaging & Sensing Solutions, Music and Financial Services segments.",2022-05-06 16:10:00+00:00,https://www.zacks.com/stock/news/1917936/factors-to-take-note-ahead-of-sonys-q4-earnings-release,Zacks Investment Research,0.16666666666666666,0.5,positive,0.16666666666666666,True,False,False,False,True,False,False,False,0.0,202,"['CAMT', 'WIX', 'ARLO', 'SONY']",ARLO,2022-05-06
What's in Store for Arlo Technologies' (ARLO) Q1 Earnings?,Arlo Technologies (ARLO) first-quarter results are likely to reflect benefits from the growing subscriber base due driven by the new business model.,2022-05-06 16:27:00+00:00,https://www.zacks.com/stock/news/1918045/whats-in-store-for-arlo-technologies-arlo-q1-earnings,Zacks Investment Research,-0.19715909090909092,0.7073863636363636,negative,0.19715909090909092,True,False,False,False,False,False,False,False,0.0,208,"['AMZN', 'GOOGL', 'BWXT', 'ARLO']",ARLO,2022-05-06
Arlo Technologies (ARLO) Q1 Earnings and Revenues Surpass Estimates,"Arlo Technologies (ARLO) delivered earnings and revenue surprises of 133.33% and 8.62%, respectively, for the quarter ended March 2022. Do the numbers hold clues to what lies ahead for the stock?",2022-05-10 22:15:14+00:00,https://www.zacks.com/stock/news/1922304/arlo-technologies-arlo-q1-earnings-and-revenues-surpass-estimates,Zacks Investment Research,0.0,0.1,neutral,0.0,True,False,False,False,False,False,False,False,0.0,264,"['ARLO', 'ASAN']",ARLO,2022-05-10
Arlo Technologies (ARLO) Q1 2022 Earnings Call Transcript,"ARLO earnings call for the period ending March 31, 2022.",2022-05-11 22:30:30+00:00,https://www.fool.com/earnings/call-transcripts/2022/05/11/arlo-technologies-arlo-q1-2022-earnings-call-trans/,The Motley Fool,0.0,0.0,neutral,0.0,True,False,False,False,False,False,False,False,0.0,115,['ARLO'],ARLO,2022-05-11
Edgio (EGIO) Surpasses Q2 Earnings and Revenue Estimates,"Edgio (EGIO) delivered earnings and revenue surprises of 333.33% and 21.04%, respectively, for the quarter ended June 2022. Do the numbers hold clues to what lies ahead for the stock?",2022-08-08 21:35:12+00:00,https://www.zacks.com/stock/news/1965588/edgio-egio-surpasses-q2-earnings-and-revenue-estimates,Zacks Investment Research,0.0,0.1,neutral,0.0,True,False,False,False,False,False,False,False,0.0,241,"['EGIO', 'ARLO']",ARLO,2022-08-08
Arlo Technologies (ARLO) Surpasses Q2 Earnings and Revenue Estimates,"Arlo Technologies (ARLO) delivered earnings and revenue surprises of 116.67% and 8.60%, respectively, for the quarter ended June 2022. Do the numbers hold clues to what lies ahead for the stock?",2022-08-09 22:35:09+00:00,https://www.zacks.com/stock/news/1966338/arlo-technologies-arlo-surpasses-q2-earnings-and-revenue-estimates,Zacks Investment Research,0.0,0.1,neutral,0.0,True,False,False,False,False,False,False,False,0.0,264,"['ARLO', 'DOMO']",ARLO,2022-08-09
Arlo Technologies (ARLO) Q2 2022 Earnings Call Transcript,"ARLO earnings call for the period ending June 30, 2022.",2022-08-10 05:00:23+00:00,https://www.fool.com/earnings/call-transcripts/2022/08/10/arlo-technologies-arlo-q2-2022-earnings-call-trans/,The Motley Fool,0.0,0.0,neutral,0.0,True,False,False,False,False,False,False,False,0.0,114,['ARLO'],ARLO,2022-08-10
"Arlo Technologies (ARLO) Reports Q3 Loss, Tops Revenue Estimates","Arlo Technologies (ARLO) delivered earnings and revenue surprises of 61.54% and 0.54%, respectively, for the quarter ended September 2022. Do the numbers hold clues to what lies ahead for the stock?",2022-11-09 00:15:13+00:00,https://www.zacks.com/stock/news/2015798/arlo-technologies-arlo-reports-q3-loss-tops-revenue-estimates,Zacks Investment Research,0.0,0.1,neutral,0.0,True,False,False,False,False,False,False,False,0.0,264,"['ARLO', 'FORG']",ARLO,2022-11-09
Why Arlo Technologies Stock Is Falling Hard Today,Investors lost confidence in Arlo after seeing the company's fourth-quarter guidance.,2022-11-09 17:10:49+00:00,https://www.fool.com/investing/2022/11/09/why-arlo-technologies-stock-is-falling-hard-today/,The Motley Fool,-0.2916666666666667,0.5416666666666666,negative,0.2916666666666667,False,False,False,False,False,False,False,False,0.0,136,['ARLO'],ARLO,2022-11-09
Why RumbleON Shares Are Trading Higher By Around 28%? Here Are 84 Stocks Moving In Wednesday's Mid-Day Session,"Gainers

Merrimack Pharmaceuticals, Inc.  (NASDAQ: MACK) shares jumped 219% to $12.80 after partner Ipsen reported Onivyde met its primary and key secondary endpoint. Merrimack is eligible for up to $450 million in milestone payments for the pancreatic cancer treatment.
NeuroBo Pharmaceuticals, Inc. (NASDAQ: NRBO) shares surged 42.4% to $1.7794. NeuroBo reported closing of $32.3 million underwritten public offering including full exercise of overallotment option and concurrent private placement.
Histogen Inc. (NASDAQ: HSTO) jumped 42.6% to $1.4194.
Kala Pharmaceuticals, Inc. (NASDAQ: KALA) shares jumped 37.7% to $7.19. On Tuesday, Kala Pharmaceuticals said it swung to a profit for the third quarter.
Outset Medical, Inc. (NASDAQ: OM) gained 36.1% to $15.61 after the company reported better-than-expected Q3 results.
OptimizeRx Corporation (NASDAQ: OPRX) jumped 28% to $18.58 following better-than-expected Q3 results.
Health Catalyst, Inc. (NASDAQ: HCAT) gained 23% to $7.95 after the company reported better-than-expected Q3 EPS and sales results. The company also issued FY22 sales guidance above analyst estimates.
Vivint Smart Home, Inc. (NYSE: VVNT) jumped 21.4% to $8.50 after the company posted upbeat quarterly sales and raised FY22 revenue guidance.
Quotient Technology Inc. (NYSE: QUOT) rose 21.3% to $3.1903 after the company reported a narrower Q3 loss.
LiveRamp Holdings, Inc. (NYSE: RAMP) gained 21% to $18.91 after the company reported better-than-expected Q2 results and issued strong guidance.
Axon Enterprise, Inc. (NASDAQ: AXON) jumped 18.2% to $177.25 after the company reported better-than-expected Q3 results.
Angi Inc. (NASDAQ: ANGI) jumped 17% to $2.23 following Q3 earnings.
A-Mark Precious Metals, Inc. (NASDAQ: AMRK) jumped 17% to $32.76 after the company reported better-than-expected Q1 results.
Life Time Group Holdings, Inc. (NYSE: LTH) gained 15.6% to $11.32 following strong Q3 earnings.
Array Technologies, Inc.  (NASDAQ: ARRY) rose 15.2% to $19.56 after the company reported better-than-expected Q3 results and issued strong guidance.
GrowGeneration Corp. (NASDAQ: GRWG) gained 15% to $5.14. GrowGeneration recently reported better-than-expected Q3 sales.
Target Hospitality Corp. (NASDAQ: TH) jumped 14.4% to $12.55 after the company reported Q3 EPS results were higher year over year and better-than-expected Q3 sales results. The company authorized up to $100 million in a stock repurchase program.
Danimer Scientific, Inc. (NYSE: DNMR) gained 13.8% to $2.7878 following Q3 results.
HCI Group, Inc. (NYSE: HCI) jumped 13.8% to $39.38 after reporting a narrower-than-expected quarterly loss.
Maiden Holdings, Ltd. (NASDAQ: MHLD) rose 13.2% to $2.41 following Q3 results.
Seer, Inc. (NASDAQ: SEER) gained 13.2% to $7.31 after reporting upbeat quarterly results.
Sprouts Farmers Market, Inc. (NASDAQ: SFM) jumped 12.2% to $32.17 after the company reported better-than-expected Q3 results and issued guidance above estimates.
MRC Global Inc. (NYSE: MRC) gained 11.6% to $10.89 following strong quarterly results.
Bit Origin Ltd (NASDAQ: BTOG) gained 11.4% to $0.2395.
Forestar Group Inc. (NYSE: FOR) jumped 11.3% to $12.91 following upbeat Q4 results.
Coherent Corp. (NASDAQ: COHR) gained 10.8% to $33.18 ...",2022-11-09 17:33:19+00:00,https://www.benzinga.com/news/22/11/29642350/why-rumbleon-shares-are-trading-higher-by-around-28-here-are-84-stocks-moving-in-wednesdays-mid-day,Benzinga,0.1837941628264209,0.4215437788018431,positive,0.1837941628264209,True,False,True,False,False,False,False,False,0.0,3364,"['RBLX', 'HCI', 'BTOG', 'EVO', 'SG', 'WTI', 'SEER', 'OM', 'ELBM', 'ARRY', 'ATXI', 'WWW', 'ASLE', 'SFM', 'GSUN', 'ATHX', 'KALA', 'OPRX', 'DNMR', 'KODK', 'PKBO', 'COHR', 'CARG', 'AMRS', 'AGFY', 'AMRK', 'GTLS', 'ARLO', 'GEVO', 'HLBZ', 'LEU', 'MHLD', 'META', 'SHLS', 'TH', 'LCID', 'TLS', 'RDNT', 'ZM', 'ANGI', 'TASK', 'AXON', 'VSAT', 'ZVO', 'CLVS', 'LYEL', 'SFT', 'DAR', 'HCAT', 'MACK', 'HOOD', 'QUOT', 'DHI', 'MIRM', 'MRC', 'ICCM', 'ACNT', 'DIS', 'VVNT', 'RAMP', 'LTH', 'XP', 'EBS', 'TMBR', 'SKIN', 'VLD', 'GRWG', 'FOR', 'HSTO', 'UPST', 'DWAC', 'ALBO', 'GME', 'GDRX', 'NRBO', 'ZD', 'HGV', 'KEP', 'ABST', 'PRCH', 'FSRD', 'RMBL', 'TDW', 'AFRM']",ARLO,2022-11-09
Why Merrimack Pharmaceuticals Shares Jumped Around 213%; Here Are 114 Biggest Movers From Yesterday,"Gainers

Merrimack Pharmaceuticals, Inc.  (NASDAQ: MACK) shares climbed 212.8% to close at $12.51 on Wednesday after partner Ipsen reported Onivyde met its primary and key secondary endpoint. Merrimack is eligible for up to $450 million in milestone payments for the pancreatic cancer treatment.
Outset Medical, Inc. (NASDAQ: OM) jumped 29.9% to close at $14.90 after the company reported better-than-expected Q3 results.
NeuroBo Pharmaceuticals, Inc. (NASDAQ: NRBO) shares gained 29.6% to close at $1.62. NeuroBo reported closing of $32.3 million underwritten public offering including full exercise of overallotment option and concurrent private placement.
Riskified Ltd. (NYSE: RSKD) rose 24.9% to close at $5.11 after the company reported better-than-expected Q3 adjusted EPS and sales results and raised FY22 sales guidance.
Health Catalyst, Inc. (NASDAQ: HCAT) jumped 23.3% to close at $7.98 after the company reported better-than-expected Q3 EPS and sales results. The company also issued FY22 sales guidance above analyst estimates.
Kala Pharmaceuticals, Inc. (NASDAQ: KALA) shares climbed 22.8% to close at $6.41. On Tuesday, Kala Pharmaceuticals said it swung to a profit for the third quarter.
Quotient Technology Inc. (NYSE: QUOT) climbed 22.8% to close at $3.23 after the company reported a narrower Q3 loss.
OptimizeRx Corporation (NASDAQ: OPRX) gained 22.4% to close at $17.77 following better-than-expected Q3 results.
Vivint Smart Home, Inc. (NYSE: VVNT) gained 20.6% to settle at $8.44 after the company posted upbeat quarterly sales and raised FY22 revenue guidance.
Berkeley Lights, Inc. (NASDAQ: BLI) rose 20.2% to close at $3.09 following Q3 results.
GlycoMimetics, Inc. (NASDAQ: GLYC) jumped 19.3% to close at $0.8202 following a narrower-than-expected Q3 loss.
LiveRamp Holdings, Inc. (NYSE: RAMP) rose 17.1% to close at $18.29 after the company reported better-than-expected Q2 results and issued strong guidance.
Axon Enterprise, Inc. (NASDAQ: AXON) gained 14.6% to close at $171.84 after the company reported better-than-expected Q3 results.
GrowGeneration Corp. (NASDAQ: GRWG) rose 14.5% to close at $5.12. GrowGeneration recently reported better-than-expected Q3 sales.
Array Technologies, Inc.  (NASDAQ: ARRY) climbed 13.5% to close at $19.27 after the company reported better-than-expected Q3 results and issued strong guidance.
A-Mark Precious Metals, Inc. (NASDAQ: AMRK) climbed 13.3% to close at $31.71 after the company reported better-than-expected Q1 results.
Value Line, Inc. (NASDAQ: VALU) gained 13.1% to close at $63.24.
Radius Global Infrastructure, Inc. (NASDAQ: RADI) surged 12.3% to close at $9.65 following upbeat Q3 earnings.
Sprouts Farmers Market, Inc. (NASDAQ: SFM) jumped 12.2% to close at $32.16 after the company reported better-than-expected Q3 results and issued guidance above estimates.
Cricut, Inc. (NASDAQ: CRCT) gained 11.4% to close at $9.43 after posting strong quarterly sales.
MRC Global Inc. (NYSE: MRC) climbed 10.9% to close at $10.81 following strong quarterly results.
Gold Fields Limited (NYSE: GFI) gained 10.9% to close at $10.92.
Target Hospitality Corp. (NASDAQ: TH) climbed 10.8% to close at $12.15 after the company reported Q3 EPS results were higher year over year and better-than-expected Q3 sales results. The company authorized up to $100 million in a stock repurchase program.
Kuke Music Holding Limited (NYSE: KUKE) rose 10.6% to close at $0.52.
Histogen Inc. (NASDAQ: HSTO) gained 10.5% to close at $1.10.
Ziff Davis, Inc. (NASDAQ: ZD) gained 10.1% to close at $81.31 following strong quarterly earnings.
TPG Inc. (NASDAQ: TPG) rose 9.4% to settle at $35.43 following Q3 earnings.
Forestar Group Inc. (NYSE: FOR) gained 9% to close at $12.64 following upbeat Q4 results.
Korea Electric Power Corporation  (NYSE: KEP) rose 8.6% to close at $6.79.
HCI Group, Inc. (NYSE: HCI) gained 8.1% to close at $37.40 after reporting a narrower-than-expected quarterly loss.
Coherent Corp. (NASDAQ: COHR) rose 7.6% to close at $32.21 after the company reported better-than-expected Q1 results.
XP Inc.  (NASDAQ: XP) gained 7.4% to close at $19.70 after the company reported Q3 financial results.
Angi Inc. (NASDAQ: ANGI) gained 7.3% to close at $2.05 following Q3 earnings.
Hilton Grand Vacations Inc. (NYSE: HGV) gained 7.1% to close at $40.19 after the company reported better-than-expected Q3 results and raised FY22 EBITDA guidance.
Shoals Technologies Group, Inc. (NASDAQ: ...",2022-11-10 10:12:56+00:00,https://www.benzinga.com/news/22/11/29652738/why-merrimack-pharmaceuticals-shares-jumped-around-213-here-are-114-biggest-movers-from-yesterday,Benzinga,0.2148394241417497,0.454346622369878,positive,0.2148394241417497,True,False,True,False,False,False,False,False,0.0,4553,"['EVO', 'TLS', 'LCID', 'FOR', 'CARG', 'FRZA', 'MRC', 'RADI', 'OPK', 'VCEL', 'TASK', 'GFI', 'ARLO', 'PKBO', 'RAMP', 'ABST', 'ARRY', 'AXON', 'LYEL', 'GME', 'META', 'SKIN', 'SKLZ', 'ATHX', 'CFMS', 'HOOD', 'KEP', 'ALEC', 'UPST', 'AFRM', 'COHR', 'SFT', 'RSKD', 'TDW', 'ZM', 'NRBO', 'RBLX', 'SEER', 'DXPE', 'HZN', 'STER', 'WTI', 'ZVO', 'PRCH', 'ASLE', 'GTLS', 'QUOT', 'VLD', 'WWW', 'HCAT', 'HCI', 'KUKE', 'MSTR', 'APE', 'DWAC', 'TPG', 'MIRM', 'OM', 'HUDI', 'RDNT', 'ACNT', 'ZD', 'OPRX', 'NBSE', 'SFM', 'AGFY', 'VALU', 'XP', 'DGHI', 'AMRS', 'VVNT', 'GLYC', 'MYPS', 'VSAT', 'GRWG', 'HLGN', 'GEVO', 'ZNTL', 'TRVN', 'KODK', 'OSCR', 'BBD', 'ALBO', 'FSRD', 'SHLS', 'WETG', 'AMRK', 'CRCT', 'DAR', 'HGV', 'RGTI', 'TH', 'TMBR', 'ATRA', 'EEIQ', 'DHI', 'RMBL', 'ALLG', 'ANGI', 'HSTO', 'RYAM', 'HLBZ', 'DIS', 'SG', 'ELBM', 'CLVS', 'BLI', 'LEU', 'LFST', 'EBS', 'KALA', 'GSUN', 'MACK', 'GDRX']",ARLO,2022-11-10
"OPKO Health, electroCore And This Penny Stock Insiders Are Aggressively Buying","The Dow Jones jumped by over 1,200 points on Thursday. Investors, meanwhile, focused on some notable insider trades.
When insiders purchase or sell shares, it indicates their confidence or concern around the company's prospects. Investors and traders interested in penny stocks can consider this a factor in their overall investment or trading decision.
Below is a look at a few recent notable insider transactions for penny stocks. For more, check out  Benzinga's insider transactions  platform.3
electroCore 

The Trade:  electroCore, Inc.  (NASDAQ: ECOR) Director Thomas Errico  bought a total of 100,000 ...",2022-11-11 14:18:12+00:00,https://www.benzinga.com/trading-ideas/long-ideas/22/11/29680964/opko-health-electrocore-and-this-penny-stock-insiders-are-aggressively-buying,Benzinga,0.19375,0.3875,positive,0.19375,False,True,False,False,False,False,True,False,0.0,691,"['OPK', 'ECOR', 'ARLO']",ARLO,2022-11-11
BlackLine (BL) Q4 Earnings and Revenues Beat Estimates,"BlackLine (BL) delivered earnings and revenue surprises of 105.88% and 0.56%, respectively, for the quarter ended December 2022. Do the numbers hold clues to what lies ahead for the stock?",2023-02-14 22:25:05+00:00,https://www.zacks.com/stock/news/2054297/blackline-bl-q4-earnings-and-revenues-beat-estimates,Zacks Investment Research,0.0,0.1,neutral,0.0,True,False,False,False,False,False,False,False,0.0,244,"['BL', 'ARLO']",ARLO,2023-02-14
Insiders Buying Vicarious Surgical And 2 Other Penny Stocks,"The Dow Jones closed lower by over 400 points on Thursday. When insiders purchase or sell shares, it indicates their confidence or concern around the company's prospects. Investors and traders interested in penny stocks can consider this a factor in their overall investment or trading decision.
Below is a look at a few recent notable insider transactions for penny stocks. For more, check out  Benzinga's insider transactions  platform.
Arlo Technologies 

The Trade:  Arlo Technologies Inc  (NYSE: ARLO) Director Grady Summers  bought a total of 3,497 shares  at an average price of $4.27. To acquire these shares, ...",2023-02-17 11:34:25+00:00,https://www.benzinga.com/trading-ideas/long-ideas/23/02/30957338/insiders-buying-vicarious-surgical-and-2-other-penny-stocks,Benzinga,0.06749999999999999,0.34750000000000003,neutral,0.06749999999999999,False,True,False,False,False,False,True,False,0.0,682,"['MOVE', 'ARLO', 'RBOT']",ARLO,2023-02-17
"CS Disco (LAW) Reports Q4 Loss, Tops Revenue Estimates","CS Disco (LAW) delivered earnings and revenue surprises of 37.93% and 4.03%, respectively, for the quarter ended December 2022. Do the numbers hold clues to what lies ahead for the stock?",2023-02-24 00:20:05+00:00,https://www.zacks.com/stock/news/2058490/cs-disco-law-reports-q4-loss-tops-revenue-estimates,Zacks Investment Research,0.0,0.1,neutral,0.0,True,False,False,False,False,False,False,False,0.0,243,"['LAW', 'ARLO']",ARLO,2023-02-24
"Inseego (INSG) Reports Q4 Loss, Misses Revenue Estimates","Inseego (INSG) delivered earnings and revenue surprises of -10% and 12.58%, respectively, for the quarter ended December 2022. Do the numbers hold clues to what lies ahead for the stock?",2023-03-01 22:15:03+00:00,https://www.zacks.com/stock/news/2060624/inseego-insg-reports-q4-loss-misses-revenue-estimates,Zacks Investment Research,0.0,0.1,neutral,0.0,True,False,False,False,False,False,False,False,0.0,244,"['INSG', 'ARLO']",ARLO,2023-03-01
"Arlo Technologies (ARLO) Reports Q4 Loss, Tops Revenue Estimates","Arlo Technologies (ARLO) delivered earnings and revenue surprises of 63.64% and 11.17%, respectively, for the quarter ended December 2022. Do the numbers hold clues to what lies ahead for the stock?",2023-03-07 22:25:06+00:00,https://www.zacks.com/stock/news/2062674/arlo-technologies-arlo-reports-q4-loss-tops-revenue-estimates,Zacks Investment Research,0.0,0.1,neutral,0.0,True,False,False,False,False,False,False,False,0.0,264,"['ARLO', 'MDB']",ARLO,2023-03-07
"Mesoblast, Arlo Technologies, CPI Card Group And Other Big Stocks Moving Higher On Wednesday","U.S. stocks traded mixed, with the Nasdaq Composite gaining around 30 points on Wednesday. Here are some big stocks recording gains in today’s session.

Arlo Technologies, Inc. (NYSE: ARLO) shares jumped 38% to $4.95 after the company reported better-than-expected Q4 results and issued FY23 adjusted EPS guidance above estimates.
Diversey Holdings, Ltd. (NASDAQ: DSEY) rose 37.3% to $8.16 after the company announced it will be acquired by Solenis for $4.6 billion.
Maxeon Solar Technologies, Ltd. (NASDAQ: MAXN) shares gained 34.2% to $25.17 after the company reported mixed Q4 financial results and issued guidance.
LifeStance Health Group, Inc. (NASDAQ: LFST) jumped 27% to $6.03 after the company reported mixed full year ...",2023-03-08 15:30:17+00:00,https://www.benzinga.com/news/23/03/31259866/mesoblast-arlo-technologies-cpi-card-group-and-other-big-stocks-moving-higher-on-wednesday,Benzinga,0.09772727272727272,0.31136363636363634,neutral,0.09772727272727272,False,True,False,False,False,False,False,False,0.0,824,"['LFST', 'MHUA', 'OPK', 'SWIM', 'GOL', 'KFY', 'SKYT', 'INTR', 'PMTS', 'MESO', 'MCG', 'ARLO', 'VERX', 'MAXN', 'DSEY', 'TMCI']",ARLO,2023-03-08
Dow Drops Over 100 Points; Kimball International Shares Spike Higher,"U.S. stocks traded mixed midway through trading, with the Dow Jones dropping more than 100 points on Wednesday.
The Dow traded down 0.37% to 32,733.54 while the NASDAQ rose 0.15% to 11,547.91. The S&P 500 also fell, dropping, 0.02% to 3,985.60.
Check This Out:  This Analyst With 88% Accuracy Rate Sees Over 20% Upside In Marvell Technology - Here Are 5 Stock Picks For Last Week From Wall Street's Most Accurate Analysts
 
Leading and Lagging Sectors

Real estate shares rose by 1.3% on Wednesday. Meanwhile, top gainers in the sector included  WeWork Inc. (NYSE: WE), up 8%, and  iStar Inc. (NYSE: STAR), up 3%.
In trading on Wednesday, consumer discretionary shares dipped by 0.6%.


 
Top Headline

US crude oil inventories dropped 1.7 million barrels last week, the EIA said.
 
Equities Trading UP

Kimball International, Inc. (NASDAQ: KBAL) shares shot up 84% to $12.34 after HNI Corporation announced it will acquire the company for $485 million.
Shares of  Diversey Holdings, Ltd. (NASDAQ: DSEY) got a boost, shooting 37% to $8.16 after the company announced it will be acquired by Solenis for $4.6 billion.
Arlo Technologies, Inc. (NYSE: ARLO) shares were also up, gaining 37% to ...",2023-03-08 17:49:15+00:00,https://www.benzinga.com/news/earnings/23/03/31262586/dow-drops-over-100-points-kimball-international-shares-spike-higher,Benzinga,0.1996527777777778,0.4378472222222222,positive,0.1996527777777778,False,True,True,False,False,False,False,False,0.0,1262,"['STAR', 'UNFI', 'KBAL', 'ARLO', 'WE', 'DSEY', 'MIRO', 'INBS']",ARLO,2023-03-08
Why Miromatrix Medical Shares Are Trading Lower By 40%? Here Are Other Stocks Moving In Wednesday's Mid-Day Session,"Gainers

Kimball International, Inc. (NASDAQ: KBAL) shares jumped 84.9% to $12.40 after HNI Corporation announced it will acquire the company for $485 million.
Fresh Tracks Therapeutics, Inc. (NASDAQ: FRTX) rose 40.9% to $2.48 after the company announced, in its Phase 1 study, FRTX-02 was generally safe and well tolerated within the potential therapeutic dose range, meeting the study's primary objectives.
Arlo Technologies, Inc. (NYSE: ARLO) gained 38% to $4.95 after the company reported better-than-expected Q4 results and issued FY23 adjusted EPS guidance above estimates.
Diversey Holdings, Ltd. (NASDAQ: DSEY) gained 37.3% to $8.16 after the company announced it will be acquired by Solenis for $4.6 billion.
Edible Garden AG Incorporated (NASDAQ: EDBL) surged 37% to $4.15. Edible Garden announced Whole Foods Market plans to carry pulp line of gourmet sauces and chili-based products.
ObsEva SA (NASDAQ: OBSV) shares jumped 34.6% to $0.1885 after dropping 30% on Tuesday.
Maxeon Solar Technologies, Ltd. (NASDAQ: MAXN) shares climbed 34.2% to $25.17 after the company reported mixed Q4 financial results and issued guidance.
Fresh Tracks Therapeutics, Inc. (NASDAQ: FRTX) gained 30.9% to $2.3050 after the company announced, in its Phase 1 study, FRTX-02 was generally safe and well tolerated within the potential therapeutic dose range, meeting the study's primary objectives.
LifeStance Health Group, Inc. (NASDAQ: LFST) gained 27% to $6.03 after the company reported mixed full year 2022 financial results and issued full year 2023 revenue guidance above estimates.
BEST Inc. (NYSE: BEST) jumped 24.5% to $0.8098. BEST’s board of directors has authorized a share repurchase program, under which BEST may repurchase up to $20 million worth of its shares.
Treace Medical Concepts, Inc. (NASDAQ: TMCI) gained 20.8% to $24.44 after the company reported better-than-expected Q4 financial results.
SaverOne 2014 Ltd (NASDAQ: SVRE) gained 19.5% to $1.65 after the company announced ...",2023-03-08 18:28:04+00:00,https://www.benzinga.com/news/23/03/31263186/why-miromatrix-medical-shares-are-trading-lower-by-40-here-are-other-stocks-moving-in-wednesdays-mid,Benzinga,0.2883928571428572,0.35089285714285723,positive,0.2883928571428572,True,True,False,False,True,False,True,False,0.0,2109,"['TMCI', 'KBAL', 'LFST', 'MESO', 'MIRO', 'FLL', 'HCM', 'BNOX', 'OPK', 'MCG', 'ANGH', 'BEST', 'OBSV', 'NVOS', 'VRAX', 'EFOI', 'SFIX', 'SOUN', 'RIGL', 'NINE', 'EDBL', 'SNCR', 'ARLO', 'SVRE', 'UNFI', 'MFH', 'RBT', 'GOL', 'BSFC', 'FRTX', 'HNI', 'VERX', 'INBS', 'MTP', 'MAXN', 'WW', 'SYTA', 'SHLS', 'DSEY', 'ELLO', 'TRKA', 'AMBI']",ARLO,2023-03-08
Crude Oil Down 1.5%; Campbell Soup Posts Upbeat Earnings,"U.S. stocks traded lower toward the end of trading, with the Dow Jones dropping around 150 points on Wednesday.
The Dow traded down 0.55% to 32,676.14 while the NASDAQ fell 0.10% to 11,518.35. The S&P 500 also fell, dropping, 0.29% to 3,974.62.
Check This Out:  These 3 Energy Stocks With Over 3% Dividend Yields Are Recommended By Wall Street's Most Accurate Analysts
 
Leading and Lagging Sectors

Real estate shares rose by 1.5% on Wednesday. Meanwhile, top gainers in the sector included  Empire State Realty OP, L.P. (NYSE: ESBA), up 7%, and  Diversified Healthcare Trust (NASDAQ: DHC), up 5%.
In trading on Wednesday, energy shares dipped by 1.6%.


 
Top Headline

Campbell Soup Co  (NYSE: CPB) reported better-than-expected Q2 results and raised FY23 guidance.
Campbell reported quarterly sales growth of 12% year-on-year to $2.48 billion, beating the consensus of $2.44 billion. Adjusted EPS of $0.80 beat the analyst consensus of $0.74.
The company raised its FY23 sales growth outlook from 7%-9% to 8.5%-10%.
 
Equities Trading UP

Kimball International, Inc. (NASDAQ: KBAL) shares shot up 83% to $12.30 after HNI Corporation announced it will acquire the company for $485 million.
Shares of  Diversey Holdings, Ltd. (NASDAQ: DSEY) got a boost, shooting 37% to $8.18 after the company announced it will be ...",2023-03-08 20:21:20+00:00,https://www.benzinga.com/news/earnings/23/03/31264848/crude-oil-down-1-5-campbell-soup-posts-upbeat-earnings,Benzinga,0.16888888888888892,0.4961111111111111,positive,0.16888888888888892,True,True,True,False,False,True,False,False,0.0,1378,"['UNFI', 'CPB', 'KBAL', 'ESBA', 'DHC', 'ARLO', 'DSEY', 'MIRO', 'INBS']",ARLO,2023-03-08
Stocks React To February Jobs Report: The Winners And Losers,"The markets have offered investors a rollercoaster ride this week, with a flurry of activity and developments that have sent shockwaves through various sectors.
In the banking industry, regional banks are languishing as Silvergate Capital Corp (NYSE: SI) announced plans to wind down operations.
SVB Financial Group's (NASDAQ: SIVB) is for sale after a failed offering, with shares down over 65% this week as the company seeks to shore up its balance ...",2023-03-10 16:18:45+00:00,https://www.benzinga.com/news/large-cap/23/03/31298181/stocks-react-to-february-jobs-report-the-winners-and-losers,Benzinga,-0.16851851851851854,0.262962962962963,negative,0.16851851851851854,False,False,True,False,False,False,False,False,0.0,516,"['PTRA', 'REI', 'MCRB', 'OPK', 'QRTEA', 'HBAN', 'BNGO', 'PACW', 'ARLO', 'SIVB', 'ASRT', 'GEO', 'YSG', 'GPS', 'RLX', 'KEY', 'DOCN', 'MTB', 'MTTR', 'SI', 'FFIE', 'SM', 'RSKD', 'TSP', 'CIFR', 'VLO', 'BIRD', 'JKS', 'PGY', 'FRC']",ARLO,2023-03-10
BILL Holdings (BILL) Tops Q3 Earnings and Revenue Estimates,"BILL Holdings (BILL) delivered earnings and revenue surprises of 108.33% and 10.49%, respectively, for the quarter ended March 2023. Do the numbers hold clues to what lies ahead for the stock?",2023-05-04 22:25:17+00:00,https://www.zacks.com/stock/news/2090487/bill-holdings-bill-tops-q3-earnings-and-revenue-estimates,Zacks Investment Research,0.0,0.1,neutral,0.0,True,False,False,False,False,False,False,False,0.0,253,"['BILL', 'ARLO']",ARLO,2023-05-04
I3 Verticals (IIIV) Meets Q2 Earnings Estimates,"i3 Verticals (IIIV) delivered earnings and revenue surprises of 0% and 3.14%, respectively, for the quarter ended March 2023. Do the numbers hold clues to what lies ahead for the stock?",2023-05-09 22:05:15+00:00,https://www.zacks.com/stock/news/2092796/i3-verticals-iiiv-meets-q2-earnings-estimates,Zacks Investment Research,0.0,0.1,neutral,0.0,True,False,False,False,False,False,False,False,0.0,234,"['IIIV', 'ARLO']",ARLO,2023-05-09
Arlo Technologies (ARLO) Surpasses Q1 Earnings and Revenue Estimates,"Arlo Technologies (ARLO) delivered earnings and revenue surprises of 120% and 6.11%, respectively, for the quarter ended March 2023. Do the numbers hold clues to what lies ahead for the stock?",2023-05-11 22:05:09+00:00,https://www.zacks.com/stock/news/2094474/arlo-technologies-arlo-surpasses-q1-earnings-and-revenue-estimates,Zacks Investment Research,0.0,0.1,neutral,0.0,True,False,False,False,False,False,False,False,0.0,262,"['ARLO', 'WDAY']",ARLO,2023-05-11
"Arlo Technologies, Array Technologies, AirSculpt Technologies And Other Big Stocks Moving Higher On Friday","U.S. stocks traded slightly lower, with the Dow Jones dropping around 15 points on Friday. Here are some big stocks recording gains in today’s session.

ARS Pharmaceuticals, Inc. (NASDAQ: SPRY) shares surged 82.8% to $8.27 after the company reported the FDA's Advisory Committee voted in support of favorable benefit-risk assessment for neffy in the treatment of severe allergic reactions (Type 1), including anaphylaxis.
Blue Bird Corporation  (NASDAQ: BLBD) rose 38.7% to $26.80 after the company reported better-than-expected Q2 results.
AirSculpt Technologies, Inc.  (NASDAQ: AIRS) shares gained 32.8% to $6.50 after the company reported ...",2023-05-12 15:12:03+00:00,https://www.benzinga.com/news/23/05/32366782/arlo-technologies-array-technologies-airsculpt-technologies-and-other-big-stocks-moving-higher-on-fr,Benzinga,0.07976190476190477,0.32738095238095244,neutral,0.07976190476190477,False,False,True,False,False,False,False,False,0.0,753,"['SPRY', 'SFWL', 'ARRY', 'FSLR', 'NWS', 'PHAR', 'SILV', 'BLBD', 'PNT', 'TPIC', 'HLLY', 'ARLO', 'VTRU', 'TBLA', 'GHRS', 'AIRS']",ARLO,2023-05-12
Why Heron Therapeutics Shares Are Trading Lower By 34%? Here Are Other Stocks Moving In Friday's Mid-Day Session,"Gainers

GSI Technology, Inc. (NASDAQ: GSIT) shares surged 108% to $3.4207. GSI Technology is expected to announce financial results for its fiscal fourth quarter after the market close on May 16, 2023.
ARS Pharmaceuticals, Inc. (NASDAQ: SPRY) shares jumped 82.8% to $8.27 after the company reported the FDA's Advisory Committee voted in support of favorable benefit-risk assessment for neffy in the treatment of severe allergic reactions (Type 1), including anaphylaxis.
Getaround, Inc. (NYSE: GETR) shares climbed 73.6% to $0.5749 after the company announced it is acquiring substantially all of the assets of HyreCar for an aggregate purchase price of $9.45 million.
Dermata Therapeutics, Inc.  (NASDAQ: DRMA) shares climbed 45.1% to $2.80 after the company highlighted recent corporate progress, and reported financial results for the first quarter.
Jupiter Wellness Acquisition Corp. (NASDAQ: JWAC) surged 40% to $7.10.
Blue Bird Corporation  (NASDAQ: BLBD) gained 38.7% to $26.80 after the company reported better-than-expected Q2 results.
AirSculpt Technologies, Inc.  (NASDAQ: AIRS) shares climbed 32.8% to $6.50 after the company reported better-than-expected Q1 financial results.
Arlo Technologies, Inc. (NASDAQ: ARLO) gained 24.3% to $8.76 following strong quarterly results.
Greenbrook TMS Inc. (NASDAQ: GBNH) rose 23.2% to $0.77.
First Solar, Inc. (NASDAQ: FSLR) surged 21.9% to $223.36 after the company announced the acquisition of Evolar.
Ouster, Inc. (NYSE: OUST) gained 19.3% to $4.58 following strong Q1 sales results.
VYNE Therapeutics Inc. (NASDAQ: VYNE) gained 19.3% to $7.28 after the company reported Q1 financial results.
Array Technologies, Inc. (NASDAQ: ARRY) jumped 18.6% to $22.47 following strong quarterly results.
SurgePays, Inc. (NASDAQ: SURG) gained 14.7% to $5.06 after the company reported Q1 financial results.
Pharming Group ...",2023-05-12 17:09:06+00:00,https://www.benzinga.com/news/23/05/32369191/why-heron-therapeutics-shares-are-trading-lower-by-34-here-are-other-stocks-moving-in-fridays-mid-da,Benzinga,0.10874999999999999,0.26208333333333333,positive,0.10874999999999999,False,True,True,False,False,False,False,False,0.0,1981,"['INTZ', 'DAO', 'VCIG', 'HRTX', 'VYNE', 'BNMV', 'MRNS', 'AKU', 'ARRY', 'UFAB', 'IONQ', 'FSLR', 'BLCM', 'IBRX', 'GSIT', 'CHEK', 'OUST', 'HALL', 'BLBD', 'GBNH', 'NWS', 'CDTX', 'IMPL', 'OSUR', 'CETX', 'DDL', 'PIII', 'TOP', 'DRMA', 'SURG', 'EBS', 'HLLY', 'IONM', 'IHS', 'MTC', 'AIRS', 'AUD', 'ARLO', 'JWAC', 'DH', 'HROW', 'FRGT', 'BIOL', 'HEPA', 'SPRY', 'PHAR', 'RCEL', 'GETR']",ARLO,2023-05-12
Earnings Estimates Rising for Arlo Technologies (ARLO): Will It Gain?,"Arlo Technologies (ARLO) shares have started gaining and might continue moving higher in the near term, as indicated by solid earnings estimate revisions.",2023-05-26 16:20:05+00:00,https://www.zacks.com/stock/news/2100478/earnings-estimates-rising-for-arlo-technologies-arlo-will-it-gain,Zacks Investment Research,0.11666666666666665,0.3333333333333333,positive,0.11666666666666665,True,False,False,False,False,False,False,False,0.0,225,['ARLO'],ARLO,2023-05-26
What Makes Arlo Technologies (ARLO) a Strong Momentum Stock: Buy Now?,Does Arlo Technologies (ARLO) have what it takes to be a top stock pick for momentum investors? Let's find out.,2023-05-29 16:00:05+00:00,https://www.zacks.com/stock/news/2101035/what-makes-arlo-technologies-arlo-a-strong-momentum-stock-buy-now,Zacks Investment Research,0.4666666666666667,0.6166666666666667,positive,0.4666666666666667,False,True,False,False,False,False,False,False,0.0,182,['ARLO'],ARLO,2023-05-29
Are Computer and Technology Stocks Lagging  Arlo Technologies (ARLO) This Year?,Here is how Arlo Technologies (ARLO) and Bel Fuse (BELFB) have performed compared to their sector so far this year.,2023-05-30 13:40:11+00:00,https://www.zacks.com/stock/news/2101351/are-computer-and-technology-stocks-lagging-arlo-technologies-arlo-this-year,Zacks Investment Research,0.1,1.0,neutral,0.1,False,False,True,False,False,False,False,False,0.0,196,"['ARLO', 'BELFB']",ARLO,2023-05-30
5 High-Flying Small-Cap Tech Stocks With More Upside to Buy,"We have narrowed our search to five small-cap technology stocks that have popped more than 50% year to date. These are: EVLV, WEAV, INTT, HEAR and ARLO.",2023-05-31 12:06:00+00:00,https://www.zacks.com/stock/news/2101869/5-high-flying-small-cap-tech-stocks-with-more-upside-to-buy,Zacks Investment Research,0.5,0.5,positive,0.5,False,True,False,False,False,False,False,False,0.0,213,"['INTT', 'EVLV', 'HEAR', 'ARLO', 'WEAV']",ARLO,2023-05-31
"Day One Biopharmaceuticals, ImmunoGen And Other Big Stocks Moving Higher In Monday's Pre-Market Session","U.S. stock futures traded mixed this morning. Here are some big stocks recording gains in today’s pre-market trading session.

Day One Biopharmaceuticals, Inc.  (NASDAQ: DAWN) shares jumped 33.8% to $18.19 in pre-market trading after the company announced overall response rate of 67% and clinical benefit rate of 93% in 69 heavily pretreated RANO-HGG evaluable patients in pediatric low-grade glioma trial.
ImmunoGen, Inc. (NASDAQ: IMGN) shares gained 14.3% to $16.43 in pre-market trading after the company announced that ELAHERE demonstrated 35% reduction in the risk of disease progression or death ...",2023-06-05 10:49:57+00:00,https://www.benzinga.com/news/23/06/32711409/day-one-biopharmaceuticals-immunogen-and-other-big-stocks-moving-higher-in-mondays-pre-market-sessio,Benzinga,-0.010714285714285716,0.26071428571428573,neutral,0.010714285714285716,False,False,False,False,False,False,False,False,0.0,711,"['IMGN', 'OSUR', 'DAWN', 'PANW', 'LILM', 'TRMR', 'ARLO', 'RLX']",ARLO,2023-06-05
5 Stocks to Add to Your Portfolio on New Analyst Coverage,"Increased analyst coverage over the last few weeks might lead to solid price appreciation for stocks like Comfort Systems (FIX), MBIA (MBI), Arlo (ARLO), Exponent (EXPO) and Luna (LUNA).",2023-06-13 13:17:00+00:00,https://www.zacks.com/stock/news/2107660/5-stocks-to-add-to-your-portfolio-on-new-analyst-coverage,Zacks Investment Research,-0.015909090909090914,0.1803030303030303,neutral,0.015909090909090914,False,False,False,False,False,False,False,False,0.0,245,"['MBI', 'EXPO', 'FIX', 'LUNA', 'ARLO']",ARLO,2023-06-13
Is Arlo Technologies (ARLO) Outperforming Other Computer and Technology Stocks This Year?,Here is how Arlo Technologies (ARLO) and Unity Software Inc. (U) have performed compared to their sector so far this year.,2023-06-15 13:40:09+00:00,https://www.zacks.com/stock/news/2108827/is-arlo-technologies-arlo-outperforming-other-computer-and-technology-stocks-this-year,Zacks Investment Research,-0.012499999999999997,0.6875,neutral,0.012499999999999997,False,False,True,False,False,False,False,False,0.0,213,"['ARLO', 'U']",ARLO,2023-06-15
"Benzinga's Top Ratings Upgrades, Downgrades For June 29, 2023","Upgrades
For OPKO Health Inc (NASDAQ:OPK), Barrington Research upgraded the previous rating of Market Perform to Outperform. For the first quarter, OPKO Health had an EPS of $0.02, compared to year-ago quarter EPS of $0.08. The current stock performance of OPKO Health shows a 52-week-high of $2.85 and a 52-week-low of $1.00. Moreover, at the end of the last trading period, the closing price was at $1.72.   
For The RealReal Inc (NASDAQ:REAL), B of A Securities upgraded the previous rating of Underperform to Neutral. In the first quarter, RealReal showed an EPS of $0.36, compared to $0.47 from the year-ago quarter. The stock has a 52-week-high of $3.71 and a 52-week-low of $1.00. At the end of the last trading period, RealReal closed at $1.81.   
For Schneider National Inc (NYSE:SNDR), Susquehanna upgraded the previous rating of Neutral to Positive. For the first quarter, Schneider National had an EPS of $0.55, compared to year-ago quarter EPS of $0.57. The current stock performance of Schneider National shows a 52-week-high of $30.93 and a 52-week-low of $20.27. Moreover, at the end of the last trading period, the closing price was at $28.32.   
Canaccord Genuity upgraded the previous rating for Intercept Pharmaceuticals Inc (NASDAQ:ICPT) from Hold to Buy. In the first quarter, Intercept Pharma showed an EPS of $0.77, compared to $0.58 from the year-ago quarter. The current stock performance of Intercept Pharma shows a 52-week-high of $21.86 and a 52-week-low of $8.82. Moreover, at the end of the last trading period, the closing price was at $10.90.   
Morgan Stanley upgraded the previous rating for FREYR Battery (NYSE:FREY) from Equal-Weight to Overweight. In the first quarter, FREYR Battery showed an EPS of $0.09, compared to $0.30 from the year-ago quarter. The current stock performance of FREYR Battery shows a 52-week-high of $16.92 and a 52-week-low of $6.20. Moreover, at the end of the last trading period, the closing price was at $7.55.   
National Bank Financial Inc upgraded the previous rating for Paramount Resources Ltd (OTC:PRMRF) from Outperform to Sector Perform. The current stock performance of Paramount Resources shows a 52-week-high of $26.15 and a 52-week-low of $16.21. Moreover, at the end of the last trading period, the closing price was at $21.70.   
For Micron Technology Inc (NASDAQ:MU), Piper Sandler upgraded the previous rating of Underweight to Neutral. Micron Technology earned $1.43 in the third quarter, compared to $2.59 in the year-ago quarter. The stock has a 52-week-high of $74.77 and a 52-week-low of $48.43. At the end of the last trading period, Micron Technology closed at $67.07.   
See all analyst ratings upgrades.
Downgrades
For Symbotic Inc (NASDAQ:SYM), UBS downgraded the previous rating of Buy to Neutral. In the second quarter, Symbotic showed an EPS of $0.10, compared to $5.61 from the year-ago quarter. The current stock performance of Symbotic shows a 52-week-high of $53.83 and a 52-week-low of $8.75. Moreover, at the end of the last trading period, the closing price was at $41.84.   
According to Evercore ISI Group, the prior rating for Ashland Inc (NYSE:ASH) was changed from Outperform to In-Line. In the second quarter, Ashland showed an EPS of $1.43, compared to $1.50 from the year-ago quarter. At the moment, the stock has a 52-week-high of $114.32 and a 52-week-low of $80.00. Ashland closed at $83.84 at the end of the last trading period.   
Loop Capital downgraded the previous rating for RH (NYSE:RH) from Buy to Hold. For the first quarter, RH had an EPS of $2.21, compared to year-ago quarter EPS of $6.63. The current stock performance of RH shows a 52-week-high of $351.53 and a 52-week-low of $207.65. Moreover, at the end of the last trading period, the closing price was at $310.44.   
Loop Capital downgraded the previous rating for ContextLogic Inc (NASDAQ:WISH) from Hold to Sell. ContextLogic earned $3.83 in the first quarter, compared to $1.80 in the year-ago quarter. The stock has a 52-week-high of $57.90 and a 52-week-low of $6.36. At the end of the last trading period, ContextLogic closed at $7.21.   
For Citizens Financial Group Inc (NYSE:CFG), JP Morgan downgraded the previous rating of Overweight to Neutral. In the first quarter, Citizens Financial Group showed an EPS of $1.10, compared to $1.07 from the year-ago quarter. The current stock performance of Citizens Financial Group shows a 52-week-high of $44.82 and a 52-week-low of $23.37. Moreover, at the end of the last trading period, the closing price was at $25.66.   
According to Credit Suisse, the prior rating for Pfizer Inc (NYSE:PFE) was changed from Outperform to Neutral. Pfizer earned $1.23 in the first quarter, compared to $1.62 in the year-ago quarter. At the moment, the stock has a 52-week-high of $54.93 and a 52-week-low of $36.03. Pfizer closed at $36.29 at the end of the last trading period.   
For Inter & Co Inc (NASDAQ:INTR), JP Morgan downgraded the previous rating of Overweight to Neutral. The stock has a 52-week-high of $4.63 and a 52-week-low of $1.37. At the end of the last trading period, Inter & Co closed at $3.02.   
Keybanc downgraded the previous rating for The Walt Disney Co (NYSE:DIS) from Overweight to Sector Weight. For the second quarter, Walt Disney had an EPS of $0.93, compared to year-ago quarter EPS of $1.08. At the moment, the stock has a 52-week-high of $126.48 and a 52-week-low of $84.08. Walt Disney closed at $88.83 at the ...Full story available on Benzinga.com",2023-06-29 15:02:40+00:00,https://www.benzinga.com/analyst-ratings/upgrades/23/06/33061399/benzingas-top-ratings-upgrades-downgrades-for-june-29-2023,Benzinga,0.007978219696969706,0.17883522727272724,neutral,0.007978219696969706,False,True,True,False,False,False,False,False,0.0,5570,"['PFE', 'CFG', 'PNR', 'MCW', 'ASO', 'TJX', 'INTR', 'OPK', 'TS', 'WING', 'HIBB', 'WMG', 'WISH', 'TIL', 'ROST', 'GNRC', 'SNDR', 'TEAM', 'REAL', 'ROKU', 'AI', 'XYL', 'ESTA', 'ASH', 'U', 'ARLO', 'BLX', 'SYM', 'GROY', 'BMI', 'CLAR', 'FREY', 'CNO', 'ZWS', 'DGX', 'ICPT', 'CRBG', 'DIS', 'RH', 'NPWR', 'FCX', 'FOXF', 'MU', 'BURL']",ARLO,2023-06-29
Why Franklin Covey Shares Are Trading Higher By 25%? Here Are Other Stocks Moving In Thursday's Mid-Day Session,"Gainers

Sigilon Therapeutics, Inc.  (NASDAQ: SGTX) shares climbed 523.8% to $24.25 after Eli Lilly agreed to acquire the company for $14.92/share in cash.
Eco Wave Power Global AB  (NASDAQ: WAVE) gained 47.4% to $2.30. Eco Wave Power Global announced plans for share repurchase program of up to 10% of total number of shares in the company.
Immunome, Inc. (NASDAQ: IMNM) shares climbed 37% to $8.10. Immunome and Morphimmune reported definitive merger agreement and simultaneous private placement investment of $125 million to develop targeted cancer therapies.
TOP Financial Group Limited (NASDAQ: TOP) gained 34.5% to $7.60.
Franklin Covey Co. (NYSE: FC) gained 25.2% to $44.72 following upbeat third-quarter results.
Carriage Services, Inc. (NYSE: CSV) surged 24.4% to $34.89 after its Board of Directors initiated a process to explore potential strategic alternatives.
The Greenbrier Companies, Inc. (NYSE: GBX) gained 23.2% to $40.00 after the company reported better-than-expected third-quarter adjusted EPS and sales results and raised FY23 revenue guidance above estimates.
RenovoRx, Inc. (NASDAQ: RNXT) rose 22.7% to $2.75 after the company released interim data on progression-free survival from Phase 3 study of RenovoGem for pancreatic cancer.
Fangdd Network Group Ltd. (NASDAQ: DUO) shares climbed 20.7% to $0.9299 after dropping 11% on Wednesday. FangDD Network Group recently received Nasdaq notice regarding minimum bid price requirements.
FREYR Battery (NYSE: FREY) gained 20.2% to $9.07 after Morgan Stanley upgraded the stock from Equal-Weight to Overweight and announced a $13 price target.
Kubient, Inc. (NASDAQ: KBNT) surged 19.5% to $0.5499.
Wallbox N.V. (NYSE: WBX) gained 18% to $3.48. Wallbox 13D filing showed Orilla Asset Management, S.L. increased stake in the company to 9.1%.
Shapeways Holdings, Inc. (NYSE: SHPW) gained 17.5% to $3.47 after the company announced securing two new Tier 1 supplier contracts.
ZIVO Bioscience, Inc. (NASDAQ: ZIVO) rose 17% to $2.7483 after declining over 3% on Wednesday.
Amyris, Inc. (NASDAQ: AMRS) climbed 16.3% ...",2023-06-29 17:52:35+00:00,https://www.benzinga.com/news/23/06/33064874/why-franklin-covey-shares-are-trading-higher-by-25-here-are-other-stocks-moving-in-thursdays-mid-day,Benzinga,0.1405844155844156,0.40867074102368217,positive,0.1405844155844156,True,True,True,False,True,False,True,False,0.0,2193,"['HY', 'SRGA', 'ISPR', 'MOBQ', 'KBNT', 'AIXI', 'NERV', 'KTRA', 'OSTK', 'ZIVO', 'IMNM', 'SPIR', 'EVLO', 'SGTX', 'WAVE', 'NNDM', 'ACHR', 'CBD', 'TOP', 'WBX', 'CSV', 'AREB', 'FREY', 'FC', 'BTAI', 'RNXT', 'GBX', 'LQDA', 'JOBY', 'WOR', 'ARLO', 'SHPW', 'AMRS', 'GNLN', 'SISI', 'CRMD', 'AVTX', 'KSCP', 'DSS', 'DUO', 'GNS', 'BB', 'CNTG', 'IRON', 'LILM', 'NKLA', 'HHRS', 'IMBI']",ARLO,2023-06-29
3 Top Breakout Stocks Worth a Buy for Attractive Returns,"Phathom Pharmaceuticals (PHAT), Universal Stainless & Alloy Products (USAP) and Arlo Technologies (ARLO) are the breakout picks for today.",2023-07-07 12:38:00+00:00,https://www.zacks.com/stock/news/2117946/3-top-breakout-stocks-worth-a-buy-for-attractive-returns,Zacks Investment Research,0.36,0.36,positive,0.36,False,True,False,False,True,False,False,False,0.0,196,"['USAP', 'ARLO', 'PHAT']",ARLO,2023-07-07
"Zacks.com featured highlights include Phathom Pharmaceuticals, Universal Stainless & Alloy Products and Arlo Technologies","Phathom Pharmaceuticals, Universal Stainless & Alloy Products and Arlo Technologies are part of the Zacks Screen of the Week article.",2023-07-10 12:26:00+00:00,https://www.zacks.com/stock/news/2118639/zackscom-featured-highlights-include-phathom-pharmaceuticals-universal-stainless-alloy-products-and-arlo-technologies,Zacks Investment Research,0.1,0.1,neutral,0.1,False,False,False,False,True,False,False,False,0.0,256,"['USAP', 'ARLO', 'PHAT']",ARLO,2023-07-10
Kulicke and Soffa (KLIC) Surpasses Q3 Earnings and Revenue Estimates,"Kulicke and Soffa (KLIC) delivered earnings and revenue surprises of 66.67% and 0.43%, respectively, for the quarter ended June 2023. Do the numbers hold clues to what lies ahead for the stock?",2023-08-08 23:05:15+00:00,https://www.zacks.com/stock/news/2134019/kulicke-and-soffa-klic-surpasses-q3-earnings-and-revenue-estimates,Zacks Investment Research,0.0,0.1,neutral,0.0,True,False,False,False,False,False,False,False,0.0,263,"['KLIC', 'ARLO']",ARLO,2023-08-08
Arlo Technologies (ARLO) Q2 Earnings and Revenues Surpass Estimates,"Arlo Technologies (ARLO) delivered earnings and revenue surprises of 50% and 2.98%, respectively, for the quarter ended June 2023. Do the numbers hold clues to what lies ahead for the stock?",2023-08-10 22:05:13+00:00,https://www.zacks.com/stock/news/2135393/arlo-technologies-arlo-q2-earnings-and-revenues-surpass-estimates,Zacks Investment Research,0.0,0.1,neutral,0.0,True,False,False,False,False,False,False,False,0.0,259,"['ARLO', 'ZM']",ARLO,2023-08-10
"Cano Health shares tumble as it explores sale, Pagaya and Archer Aviation stocks soar and other moving shares ","Archer Aviation, Pagaya, Cano Health and Arlo Technologies are among the biggest moving shares ahead of Friday's stock market open.",2023-08-11 09:19:00+00:00,https://www.marketwatch.com/story/cano-health-shares-tumble-as-it-explores-sale-pagaya-and-archer-aviation-stocks-soar-and-other-moving-shares-8dc31482,MarketWatch,-0.0625,0.4375,neutral,0.0625,False,False,False,False,False,False,False,False,0.0,243,"['ACHR', 'BA', 'PGY', 'CANO', 'ARLO']",ARLO,2023-08-11
Is Applied Materials (AMAT) Outperforming Other Computer and Technology Stocks This Year?,Here is how Applied Materials (AMAT) and Arlo Technologies (ARLO) have performed compared to their sector so far this year.,2023-08-21 13:40:10+00:00,https://www.zacks.com/stock/news/2138634/is-applied-materials-amat-outperforming-other-computer-and-technology-stocks-this-year,Zacks Investment Research,-0.012499999999999997,0.6875,neutral,0.012499999999999997,False,False,True,False,False,False,False,False,0.0,214,"['AMAT', 'ARLO']",ARLO,2023-08-21
Arlo Technologies (ARLO) Upgraded to Buy: What Does It Mean for the Stock?,"Arlo Technologies (ARLO) has been upgraded to a Zacks Rank #2 (Buy), reflecting growing optimism about the company's earnings prospects. This might drive the stock higher in the near term.",2023-08-21 16:00:05+00:00,https://www.zacks.com/stock/news/2138798/arlo-technologies-arlo-upgraded-to-buy-what-does-it-mean-for-the-stock,Zacks Investment Research,-0.19062500000000002,0.621875,negative,0.19062500000000002,True,True,False,False,False,False,False,False,0.0,264,['ARLO'],ARLO,2023-08-21
Top 10 Stocks Under $10,"Discover key insights in the upcoming financial article, part of a marketing campaign, featuring an editorial link for paywall preparation. Stay tuned!",2023-08-30 09:00:00+00:00,https://seekingalpha.com/article/4629310-top-10-stocks-under-10-dollars-to-buy-now,Seeking Alpha,0.16666666666666666,0.5,positive,0.16666666666666666,False,False,False,False,False,False,False,False,0.0,176,"['ARLO', 'BBDC', 'CRD.B', 'EPM', 'HGBL', 'MAMA', 'SXC', 'TTI', 'TZOO', 'YEXT']",ARLO,2023-08-30
Rare Stock Picks In August 2023 - From 34 Discerning Analysts,We've compiled a list of August investment picks that you may have missed. Some Seeking Alpha analysts are more discerning by nature. See their Buy recommendations here.,2023-09-03 14:30:00+00:00,https://seekingalpha.com/article/4632762-draft-rare-stock-picks-in-august-2023-from-discerning-analysts,Seeking Alpha,0.4,0.7,positive,0.4,False,True,False,False,False,False,False,False,0.0,232,"['FSI', 'BDTX', 'TDOC', 'LEVI', 'VTR', 'NVDA', 'EXPI', 'AZO', 'CFG', 'FOUR', 'MSGS', 'VTS', 'ATUS', 'HSY', 'GSM', 'X', 'TPYP', 'TACT', 'MP', 'CRM', 'ARLO', 'LOW', 'PYPL', 'NDLS', 'PH', 'SMIN', 'DCTH', 'HOOD', 'COYA', 'CHWY']",ARLO,2023-09-03
Is Applied Materials (AMAT) Stock Outpacing Its Computer and Technology Peers This Year?,Here is how Applied Materials (AMAT) and Arlo Technologies (ARLO) have performed compared to their sector so far this year.,2023-09-06 13:40:09+00:00,https://www.zacks.com/stock/news/2145367/is-applied-materials-amat-stock-outpacing-its-computer-and-technology-peers-this-year,Zacks Investment Research,0.1,1.0,neutral,0.1,False,False,True,False,False,False,False,False,0.0,213,"['AMAT', 'ARLO']",ARLO,2023-09-06
Are Computer and Technology Stocks Lagging  Applied Materials (AMAT) This Year?,Here is how Applied Materials (AMAT) and Arlo Technologies (ARLO) have performed compared to their sector so far this year.,2023-09-22 13:40:08+00:00,https://www.zacks.com/stock/news/2154184/are-computer-and-technology-stocks-lagging-applied-materials-amat-this-year,Zacks Investment Research,0.1,1.0,neutral,0.1,False,False,True,False,False,False,False,False,0.0,204,"['AMAT', 'ARLO']",ARLO,2023-09-22
5 Tech Stocks That More Than Doubled in the First Nine Months,"Applied Optoelectronics (AAOI), Arlo Technologies (ARLO), Super Micro (SMCI), Nvidia (NVDA) and Vertiv Holdings (VRT) are leading the sector higher this year and have a solid Zacks Rank #1 (Strong Buy) or 2 (Buy).",2023-09-25 13:33:00+00:00,https://www.zacks.com/stock/news/2154805/5-tech-stocks-that-more-than-doubled-in-the-first-nine-months,Zacks Investment Research,0.13809523809523808,0.5333333333333333,positive,0.13809523809523808,False,True,True,False,False,False,False,False,0.0,276,"['NVDA', 'SMCI', 'AAOI', 'ARLO', 'VRT']",ARLO,2023-09-25
Is Applied Materials (AMAT) Stock Outpacing Its Computer and Technology Peers This Year?,Here is how Applied Materials (AMAT) and Arlo Technologies (ARLO) have performed compared to their sector so far this year.,2023-10-09 13:40:09+00:00,https://www.zacks.com/stock/news/2162596/is-applied-materials-amat-stock-outpacing-its-computer-and-technology-peers-this-year,Zacks Investment Research,0.1,1.0,neutral,0.1,False,False,True,False,False,False,False,False,0.0,213,"['AMAT', 'ARLO']",ARLO,2023-10-09
AppFolio (APPF) Tops Q3 Earnings and Revenue Estimates,"AppFolio (APPF) delivered earnings and revenue surprises of 47.50% and 5.74%, respectively, for the quarter ended September 2023. Do the numbers hold clues to what lies ahead for the stock?",2023-10-26 21:50:15+00:00,https://www.zacks.com/stock/news/2173218/appfolio-appf-tops-q3-earnings-and-revenue-estimates,Zacks Investment Research,0.0,0.1,neutral,0.0,True,False,False,False,False,False,False,False,0.0,245,"['APPF', 'ARLO']",ARLO,2023-10-26
"Arlo Technologies: Despite Mixed Quarter, Upside Catalysts Still Remain",Arlo has strong long-term potential with a growing subscription base and favorable unit economics. Find out why ARLO stock is a Buy.,2023-11-13 05:31:04+00:00,https://seekingalpha.com/article/4651090-arlo-technologies-despite-mixed-quarter-upside-catalysts-still-remain,Seeking Alpha,-0.09166666666666669,0.7458333333333333,neutral,0.09166666666666669,False,True,False,False,False,False,False,False,0.0,205,['ARLO'],ARLO,2023-11-13
Are Computer and Technology Stocks Lagging  Manhattan Associates (MANH) This Year?,Here is how Manhattan Associates (MANH) and Arlo Technologies (ARLO) have performed compared to their sector so far this year.,2023-11-23 14:40:09+00:00,https://www.zacks.com/stock/news/2188405/are-computer-and-technology-stocks-lagging-manhattan-associates-manh-this-year,Zacks Investment Research,0.1,1.0,neutral,0.1,False,False,True,False,False,False,False,False,0.0,210,"['MANH', 'ARLO']",ARLO,2023-11-23
Surging Earnings Estimates Signal Upside for Arlo Technologies (ARLO) Stock,"Arlo Technologies (ARLO) shares have started gaining and might continue moving higher in the near term, as indicated by solid earnings estimate revisions.",2023-11-23 17:20:05+00:00,https://www.zacks.com/stock/news/2188668/surging-earnings-estimates-signal-upside-for-arlo-technologies-arlo-stock,Zacks Investment Research,0.11666666666666665,0.3333333333333333,positive,0.11666666666666665,True,False,False,False,False,False,False,False,0.0,231,['ARLO'],ARLO,2023-11-23
Are Computer and Technology Stocks Lagging  American Superconductor (AMSC) This Year?,Here is how American Superconductor (AMSC) and Arlo Technologies (ARLO) have performed compared to their sector so far this year.,2023-12-11 14:40:07+00:00,https://www.zacks.com/stock/news/2196149/are-computer-and-technology-stocks-lagging-american-superconductor-amsc-this-year,Zacks Investment Research,0.03333333333333333,0.3333333333333333,neutral,0.03333333333333333,False,False,True,False,False,False,False,False,0.0,216,"['AMSC', 'ARLO']",ARLO,2023-12-11
3 Tech Stocks Under $10 to Boost Your Portfolio in 2024,"Here we discuss three tech stocks, AEYE, ARLO and CXDO, which are trading for less than $10 a share with the potential to continue growth in 2024.",2023-12-21 12:32:00+00:00,https://www.zacks.com/stock/news/2200917/3-tech-stocks-under-10-to-boost-your-portfolio-in-2024,Zacks Investment Research,-0.08333333333333333,0.5333333333333333,neutral,0.08333333333333333,False,False,False,False,False,False,False,False,0.0,203,"['CXDO', 'AEYE', 'ARLO']",ARLO,2023-12-21
Application Software Segment Aids Roper (ROP) Amid Cost Woes,"Roper (ROP) stands to benefit from the solid momentum in the Application Software unit, driven by strength across its Deltek and Aderant businesses. However, cost inflation remains a concern.",2023-12-21 15:32:00+00:00,https://www.zacks.com/stock/news/2201086/application-software-segment-aids-roper-rop-amid-cost-woes,Zacks Investment Research,0.0,0.1,neutral,0.0,False,False,False,False,False,False,False,False,0.0,253,"['ROP', 'ANET', 'APPF', 'ARLO']",ARLO,2023-12-21
20 favorite small-cap stocks for 2024 among Wall Street analysts,"The 2023 stock-market rally has been led by the ""Magnificent Seven"" companies, which have driven an accelerating upward trend for the large-cap benchmark S&P 500. Shares of smaller and medium-sized companies have also rallied, but not as much.",2023-12-26 17:18:00+00:00,https://www.marketwatch.com/story/20-favorite-small-cap-stocks-for-2024-among-wall-street-analysts-bc9133b4,MarketWatch,0.425,0.675,positive,0.425,False,False,False,False,False,False,False,False,0.0,309,"['MID', 'AAPL', 'MSFT', 'AMZN', 'NVDA', 'GOOGL', 'GOOG', 'TSLA', 'META', 'SPY', 'VIR', 'RCUS', 'XNCR', 'DVAX', 'MODV', 'XPER', 'LGND', 'IRWD', 'THRY', 'CPRX', 'GPRE', 'PAYO', 'PTEN', 'ARLO', 'PCRX', 'HLX', 'LTHM', 'TALO', 'SGH', 'DGII']",ARLO,2023-12-26
5 Tech Stocks That Have Returned More Than 100% in 2023,Here's a sneak peek into five technology stocks that have surged more than 100% in 2023 and hold strong fundamentals for investment in 2024.,2023-12-27 13:52:00+00:00,https://www.zacks.com/stock/news/2202522/5-tech-stocks-that-have-returned-more-than-100-in-2023,Zacks Investment Research,0.4777777777777778,0.5777777777777778,positive,0.4777777777777778,False,False,False,False,False,False,False,False,0.0,197,"['NVDA', 'MDB', 'ARLO', 'CRWD', 'META']",ARLO,2023-12-27
Are Computer and Technology Stocks Lagging  Arlo Technologies (ARLO) This Year?,Here is how Arlo Technologies (ARLO) and Cadence Design Systems (CDNS) have performed compared to their sector so far this year.,2023-12-27 14:40:09+00:00,https://www.zacks.com/stock/news/2202632/are-computer-and-technology-stocks-lagging-arlo-technologies-arlo-this-year,Zacks Investment Research,0.1,1.0,neutral,0.1,False,False,True,False,False,False,False,False,0.0,209,"['ARLO', 'CDNS']",ARLO,2023-12-27
"The Russell 2000 Index has soared, but you might be better off looking elsewhere for quality small-cap stocks",A more selective small-cap index has consistently outperformed the Russell 2000,2024-01-06 10:58:00+00:00,https://www.marketwatch.com/story/the-russell-2000-index-has-soared-but-you-might-be-better-off-looking-elsewhere-for-quality-small-cap-stocks-232d38b0,MarketWatch,0.4166666666666667,0.4166666666666667,positive,0.4166666666666667,False,False,False,False,False,False,False,False,0.0,190,"['IWM', 'IJR', 'SPY', 'VIR', 'RCUS', 'XNCR', 'DVAX', 'MODV', 'XPER', 'THRY', 'LGND', 'GPRE', 'PTEN', 'IRWD', 'CPRX', 'PAYO', 'HLX', 'ARLO', 'PCRX', 'PRVA', 'SMTC', 'TALO', 'DGII', 'KPTI', 'RLYB', 'VOR', 'TNYA', 'CMPX', 'VIGL', 'TRVI', 'INZY', 'GRTS', 'ATNM', 'LCTX', 'IPSC', 'ACRV', 'RNA', 'LBPH', 'OMGA', 'ALLO', 'XFOR', 'CRBU', 'STOK']",ARLO,2024-01-06
Top 4 Tech Stocks That May Collapse In March,"As of March 18, 2024, four stocks in the information technology sector could be flashing a real warning to investors who value momentum as a key criteria in their trading decisions.
The RSI is a momentum indicator, which compares a stock's strength on days when prices go up to its strength on days when prices go down. When compared to a stock's price action, it can give traders a better sense of how a stock may perform in the short term. An asset is typically considered overbought when the  RSI is above 70, according to  Benzinga Pro.
Here’s the latest list of major overbought players in this sector.
Veritone, Inc.  (NASDAQ: VERI)

On March 12, Veritone reported better-than-expected fourth-quarter revenue results and issued first-quarter guidance. ...",2024-03-18 12:23:58+00:00,https://www.benzinga.com/news/24/03/37779982/top-4-tech-stocks-that-may-collapse-in-march,Benzinga,0.14002525252525252,0.4535353535353535,positive,0.14002525252525252,True,False,True,False,False,False,False,False,0.0,807,"['MSTR', 'VERI', 'ARLO', 'SOUN']",ARLO,2024-03-18
BlackLine (BL) Q1 Earnings and Revenues Beat Estimates,"BlackLine (BL) delivered earnings and revenue surprises of 14.89% and 1.56%, respectively, for the quarter ended March 2024. Do the numbers hold clues to what lies ahead for the stock?",2024-05-07 22:10:08+00:00,https://www.zacks.com/stock/news/2270080/blackline-bl-q1-earnings-and-revenues-beat-estimates,Zacks Investment Research,0.0,0.1,neutral,0.0,True,False,False,False,False,False,False,False,0.0,240,"['BL', 'ARLO']",ARLO,2024-05-07
Is the Options Market Predicting a Spike in Arlo Technologies (ARLO) Stock?,Investors need to pay close attention to Arlo Technologies (ARLO) stock based on the movements in the options market lately.,2024-06-26 12:36:00+00:00,https://www.zacks.com/stock/news/2293545/is-the-options-market-predicting-a-spike-in-arlo-technologies-arlo-stock,Zacks Investment Research,-0.3,0.6,negative,0.3,False,False,False,False,False,False,False,False,0.0,201,['ARLO'],ARLO,2024-06-26
"Nvidia, Micron, Arlo Technologies And Other Big Stocks Moving Higher On Tuesday - NVIDIA (NASDAQ:NVDA) - Benzinga","Several major tech stocks, including Nvidia, Micron, and Arlo Technologies, saw significant gains on Tuesday. Nvidia's shares rose 3.5% after a positive analyst report, while Arlo Technologies' subscription service growth and Newegg's upcoming sales event also contributed to their stock price increases.",2024-07-09 14:05:05+00:00,https://www.benzinga.com/news/24/07/39690085/nvidia-micron-arlo-technologies-and-other-big-stocks-moving-higher-on-tuesday,Benzinga,0.17372159090909092,0.48068181818181815,positive,0.17372159090909092,False,False,False,False,False,False,False,False,0.0,419,"['NVDA', 'MU', 'ARLO', 'NEGG', 'CRUS']",ARLO,2024-07-09
Arlo Technologies director sells $295k in stock By Investing.com - Investing.com Australia,"Joycelyn Carter Miller, a director at Arlo Technologies, Inc., sold 19,629 shares of the company's common stock for approximately $295,023. The sale was conducted under a Rule 10b5-1 trading plan, and Carter Miller still owns 121,144 shares, indicating continued interest in the company's performance.",2024-07-12 01:44:44+00:00,https://au.investing.com/news/company-news/arlo-technologies-director-sells-295k-in-stock-93CH-3337793,Investing.com,-0.35,0.55,negative,0.35,False,False,False,False,False,False,True,False,0.0,393,['ARLO'],ARLO,2024-07-12
"Smart Baby Monitors Market Forecast Report, 2024-2030: A $2.8 Billion Opportunity Driven by AI Integration and Rising Demand from Working Parents","The global smart baby monitor market is expected to reach $2.8 billion by 2030, driven by increasing demand from working parents and the integration of advanced features like AI and health monitoring.",2024-11-08 14:52:00+00:00,https://www.globenewswire.com/news-release/2024/11/08/2977724/28124/en/Smart-Baby-Monitors-Market-Forecast-Report-2024-2030-A-2-8-Billion-Opportunity-Driven-by-AI-Integration-and-Rising-Demand-from-Working-Parents.html,GlobeNewswire Inc.,0.1457142857142857,0.4571428571428572,positive,0.1457142857142857,False,False,False,False,False,False,False,False,0.0,347,['ARLO'],ARLO,2024-11-08
