title,description,published_utc,article_url,publisher,sentiment_polarity,sentiment_subjectivity,sentiment_label,sentiment_confidence,keywords_earnings,keywords_acquisition,keywords_regulation,keywords_partnership,keywords_product,keywords_financial,keywords_leadership,keywords_lawsuit,urgency_score,text_length,tickers,ticker,date
Kinder Morgan Gets 2021 Off to a Roaring Start,The natural gas pipeline giant benefited from the recent weather-related disruptions in Texas.,2021-04-22 13:26:00+00:00,https://www.fool.com/investing/2021/04/22/kinder-morgan-gets-2021-off-to-a-roaring-start/?source=iedfolrf0000001,The Motley Fool,0.03333333333333333,0.5499999999999999,neutral,0.03333333333333333,False,False,False,False,False,False,False,False,0.0,142,"['KMI', 'BIP', 'BIPC']",BIPC,2021-04-22
3 Dividend Stocks Perfect for Retirees,"Once you're living off your investments, stocks with reliable and growing payouts become more than attractive -- they become essential.",2021-04-24 14:23:00+00:00,https://www.fool.com/investing/2021/04/24/3-dividend-stocks-perfect-for-retirees/?source=iedfolrf0000001,The Motley Fool,0.575,0.7,positive,0.575,False,False,False,False,False,True,False,False,0.0,175,"['BIP', 'XEL', 'CPT', 'BIPC']",BIPC,2021-04-24
67 Economic Recovery Stocks Show 55 Paying Dividends,"April 27, 2021 Kiplinger Today listed four sets of stocks sorted as innovative, infrastructure, bluechip, and dividend boosters. Those four recovery articles revealed 67 equities.",2021-05-02 07:46:03+00:00,https://seekingalpha.com/article/4423457-67-economy-recovery-stocks-show-55-paying-dividends?source=feed,Seeking Alpha,0.35,0.6,positive,0.35,False,False,False,False,False,True,False,False,0.0,233,"['ADI', 'ARES', 'BIPC', 'BMY', 'CCI', 'GWW', 'ICE', 'JEF', 'MRK', 'NEM', 'NUE', 'NXST', 'ORCL', 'PKG', 'TMUS', 'VALE']",BIPC,2021-05-02
Brookfield Infrastructure's Earnings Surge as the Global Economy Restarts,The global infrastructure company is well positioned to benefit from continued economic expansion.,2021-05-06 15:15:00+00:00,https://www.fool.com/investing/2021/05/06/brookfield-infrastructures-earnings-surge-as-the-g/?source=iedfolrf0000001,The Motley Fool,0.06666666666666667,0.06666666666666667,neutral,0.06666666666666667,True,False,False,False,False,False,False,False,0.0,173,"['BIP', 'PBR', 'KMI', 'BIPC']",BIPC,2021-05-06
"Forget Kinder Morgan, Brookfield Infrastructure Partners Is a Better Growth Stock",The diversified infrastructure company has more visible growth ahead.,2021-05-28 13:15:00+00:00,https://www.fool.com/investing/2021/05/28/forget-kinder-morgan-brookfield-infrastructure-par/,The Motley Fool,0.5,0.5,positive,0.5,False,False,False,False,False,False,False,False,0.0,152,"['BIP', 'KMI', 'BIPC']",BIPC,2021-05-28
Pembina (PBA) Inks Deal to Buy Inter Pipeline for C$8.3B,"Pembina (PBA) will also buy Inter Pipeline's Heartland Petrochemical Complex (HPC) in Alberta, which is currently under construction.",2021-06-02 11:45:00+00:00,http://www.zacks.com/stock/news/1643848/pembina-pba-inks-deal-to-buy-inter-pipeline-for-c%2483b?cid=CS-ZC-FT-analyst_blog|company_news_-_energy_sector-1643848,Zacks Investment Research,-0.15,0.4,negative,0.15,False,True,False,False,False,False,False,False,0.0,191,"['BIP', 'KMI', 'PBA', 'BIPC']",BIPC,2021-06-02
Brookfield Infrastructure Ups the Ante on Its Hostile Takeover Attempt,The global infrastructure company boosts its offer following a rival bid.,2021-06-03 11:01:00+00:00,https://www.fool.com/investing/2021/06/03/brookfield-infrastructure-ups-the-ante-on-its-host/,The Motley Fool,0.0,0.05,neutral,0.0,False,False,False,False,False,False,False,False,0.0,145,"['BIP', 'PBA', 'BIPC']",BIPC,2021-06-03
This High-Yield Stock's Buying Binge Could Pay Big Dividends,The monthly dividend payer is working on another needle-moving deal.,2021-06-22 13:19:00+00:00,https://www.fool.com/investing/2021/06/22/this-high-yield-stocks-buying-binge-could-pay-big/,The Motley Fool,0.0,0.1,neutral,0.0,False,True,False,False,False,True,False,False,0.0,130,"['PBA', 'TRP', 'KMI', 'BIP', 'BIPC']",BIPC,2021-06-22
These High-Yield Dividend Stocks Are Growing at Blazing Speeds,These dividend stocks combine high yields with high growth potential.,2021-06-26 14:00:00+00:00,https://www.fool.com/investing/2021/06/26/these-high-yield-dividend-stocks-are-growing-at-bl/,The Motley Fool,0.10666666666666667,0.6933333333333334,positive,0.10666666666666667,False,False,False,False,False,True,False,False,0.0,133,"['BIP', 'BEP', 'NEP', 'BIPC', 'BEPC']",BIPC,2021-06-26
3 Supercharged Dividend Stocks You Can Buy Right Now,"Attractive dividends and tremendous returns? Yes, please.",2021-06-27 10:02:00+00:00,https://www.fool.com/investing/2021/06/27/3-supercharged-dividend-stocks-you-can-buy-right-n/,The Motley Fool,0.47301587301587306,0.8452380952380952,positive,0.47301587301587306,False,True,False,False,False,True,False,False,0.0,111,"['EPD', 'CVS', 'BIP', 'BIPC']",BIPC,2021-06-27
"Got $5,000? 3 Top Dividend Stocks to Buy Right Now",These income-generating stocks could take your portfolio to the next level.,2021-07-03 11:30:00+00:00,https://www.fool.com/investing/2021/07/03/got-5000-3-top-dividend-stocks-to-buy-right-now/,The Motley Fool,0.2619047619047619,0.3452380952380952,positive,0.2619047619047619,False,True,False,False,False,True,False,False,0.0,127,"['TXN', 'VZ', 'BIP', 'BIPC']",BIPC,2021-07-03
3 Stocks to Load Up on When the Stock Market Crashes,These stocks are historically good buys when the market hits a rough patch.,2021-07-10 14:10:00+00:00,https://www.fool.com/investing/2021/07/10/3-stocks-to-load-up-on-when-the-stock-market-crash/,The Motley Fool,0.3,0.5,positive,0.3,False,True,False,False,False,False,False,False,0.0,129,"['CAT', 'NEE', 'BIP', 'BIPC']",BIPC,2021-07-10
Interested in Investing in Canadian Stocks? Check This Out.,"Discussing the Canadian stock market, what makes it different, and some of the most important companies listed on it.",2021-07-14 21:22:27+00:00,https://www.fool.com/investing/2021/07/14/interested-in-investing-in-canadian-stocks-check-t/,The Motley Fool,0.2875,0.65,positive,0.2875,False,False,False,False,False,False,False,False,0.2,178,"['LLY', 'LULU', 'BAM', 'BIP', 'SHOP', 'BIPC', 'ATY', 'ABCL']",BIPC,2021-07-14
2 Infrastructure Stocks and 1 ETF to Buy in July,"With negotiations around an infrastructure bill in full swing and earnings season around the corner, here are three great picks to bet on infrastructure.",2021-07-17 11:25:00+00:00,https://www.fool.com/investing/2021/07/17/2-infrastructure-stocks-and-1-etf-to-buy-in-july/,The Motley Fool,0.575,0.65,positive,0.575,True,True,False,False,False,False,False,False,0.0,203,"['NUE', 'UNP', 'DE', 'VMC', 'BIP', 'ETN', 'SRE', 'PWR', 'BIPC', 'PAVE']",BIPC,2021-07-17
3 Stocks to Buy with Dividends Yielding More Than 3%,These stocks offer dividend yields more than double that of the average stock.,2021-07-17 12:34:00+00:00,https://www.fool.com/investing/2021/07/17/3-stocks-to-buy-with-dividends-yielding-more-than/,The Motley Fool,0.2125,0.35,positive,0.2125,False,True,False,False,False,True,False,False,0.0,132,"['BIP', 'MPW', 'ADC', 'BIPC']",BIPC,2021-07-17
Kinder Morgan Delivers Steady Second-Quarter Earnings,The pipeline giant has had a busy year.,2021-07-22 12:18:00+00:00,https://www.fool.com/investing/2021/07/22/kinder-morgan-delivers-steady-second-quarter-earni/,The Motley Fool,0.08888888888888889,0.6,neutral,0.08888888888888889,True,False,True,False,False,False,False,False,0.0,94,"['KMI', 'ED', 'CEQP', 'BIP', 'BIPC']",BIPC,2021-07-22
Worried A Stock Market Crash Is Coming? 3 No-Brainer Dividend Stocks You Don't Need to Wait to Buy,A future market crash is no reason to hold off on buying these great companies today.,2021-07-25 12:00:00+00:00,https://www.fool.com/investing/2021/07/25/worried-a-stock-market-crash-is-coming-3-no-braine/,The Motley Fool,0.4,0.4375,positive,0.4,False,True,False,False,False,True,False,False,0.0,185,"['V', 'VZ', 'BIP', 'BIPC']",BIPC,2021-07-25
Brookfield Infrastructure Wins Its Takeover Battle for Inter Pipeline,The global infrastructure giant's latest offer sealed the deal.,2021-07-26 15:45:00+00:00,https://www.fool.com/investing/2021/07/26/brookfield-infrastructure-wins-its-takeover-battle/,The Motley Fool,0.2,0.525,positive,0.2,False,False,False,False,False,False,False,False,0.0,134,"['BIP', 'PBA', 'BIPC']",BIPC,2021-07-26
3 Infrastructure Stocks to Buy Right Now,These companies should continue growing even if Congress never passes an infrastructure plan.,2021-07-31 13:42:00+00:00,https://www.fool.com/investing/2021/07/31/3-infrastructure-stocks-to-buy-right-now/,The Motley Fool,0.2857142857142857,0.5357142857142857,positive,0.2857142857142857,False,True,False,False,False,False,False,False,0.0,135,"['BIP', 'CCI', 'AY', 'BIPC']",BIPC,2021-07-31
3 Top Energy Stocks to Buy in August,Three top stocks that are timely buys right now.,2021-08-07 10:03:00+00:00,https://www.fool.com/investing/2021/08/07/3-top-energy-stocks-to-buy-in-august/,The Motley Fool,0.42857142857142855,0.5119047619047619,positive,0.42857142857142855,False,True,False,False,False,False,False,False,0.0,86,"['BIPC', 'PSX', 'BIP', 'XLE', 'TPIC']",BIPC,2021-08-07
Here Are the 12 Best Dividend Stocks I Own Right Now,"All of them offer attractive dividends and solid growth prospects, too.",2021-08-08 09:52:00+00:00,https://www.fool.com/investing/2021/08/08/here-are-the-12-best-dividend-stocks-i-own-right-n/,The Motley Fool,0.5371428571428571,0.5871428571428572,positive,0.5371428571428571,False,False,False,False,False,True,False,False,0.0,125,"['IIPR', 'PFE', 'CVX', 'BMY', 'PEP', 'EPD', 'APD', 'BIP', 'ABBV', 'BEP', 'BIPC', 'BEPC']",BIPC,2021-08-08
Brookfield Infrastructure's Earnings Bounce Back as the Economy Shifts Into High Gear,The global infrastructure giant is setting the stage for its next phase of growth.,2021-08-09 15:45:00+00:00,https://www.fool.com/investing/2021/08/09/brookfield-infrastructures-earnings-bounce-back-as/,The Motley Fool,0.032,0.308,neutral,0.032,True,False,False,False,False,False,False,False,0.0,169,"['BIP', 'DLR', 'BIPC']",BIPC,2021-08-09
3 Top Energy Dividend Stocks to Buy in August,Don't just buy any energy stock: Buy stocks that are also paying rich dividends to grow your wealth faster.,2021-08-18 13:14:00+00:00,https://www.fool.com/investing/2021/08/18/3-top-energy-dividend-stocks-buy-august/,The Motley Fool,0.4375,0.625,positive,0.4375,False,True,False,False,False,True,False,False,0.0,154,"['BIP', 'DVN', 'CWEN', 'CWEN.A', 'BIPC']",BIPC,2021-08-18
This High-Yield Dividend Stock's Latest Deal Launches a New Growth Phase,It now has a clear path to close its latest acquisition.,2021-08-22 14:55:00+00:00,https://www.fool.com/investing/2021/08/22/this-high-yield-dividend-stocks-latest-deal-launch/,The Motley Fool,0.3090909090909091,0.6594696969696969,positive,0.3090909090909091,False,True,False,False,True,True,False,False,0.0,130,"['BIP', 'BIPC']",BIPC,2021-08-22
3 Leading Energy Stocks to Buy in 2021 and Beyond,These infrastructure companies are well-positioned to grow even as the energy market transitions for a greener future.,2021-09-11 14:29:00+00:00,https://www.fool.com/investing/2021/09/11/3-leading-energy-stocks-to-buy-in-2021-and-beyond/,The Motley Fool,0.0,0.125,neutral,0.0,False,True,False,False,False,False,False,False,0.0,169,"['BIP', 'ENB', 'TRP', 'BIPC']",BIPC,2021-09-11
This Stock Could Be a Big Winner of Infrastructure Spending,"With trillions in infrastructure spending likely, here's one way to set yourself up to profit.",2021-09-23 11:21:00+00:00,https://www.fool.com/investing/2021/09/23/this-stock-could-be-a-big-winner-of-infrastructure/,The Motley Fool,0.0,0.55,neutral,0.0,True,False,False,False,False,False,False,False,0.0,155,"['BIP', 'BAM', 'BIPC']",BIPC,2021-09-23
3 Stocks to Buy When the Next Market Crash Comes,Investors with time to let their nest eggs grow should welcome the next market crash.,2021-09-23 13:00:00+00:00,https://www.fool.com/investing/2021/09/23/3-stocks-to-buy-when-the-next-market-crash-comes/,The Motley Fool,0.26666666666666666,0.3,positive,0.26666666666666666,False,True,False,False,False,False,False,False,0.0,135,"['HD', 'GRMN', 'BIP', 'BIPC']",BIPC,2021-09-23
Prepare Now for the Next Sell-Off: 3 Dividend Stocks for Your Wish List,"Market sell-offs enable dividend investors to lock in higher yields, which is why these top stocks should be on your watch list.",2021-09-25 14:21:00+00:00,https://www.fool.com/investing/2021/09/25/prepare-now-for-the-next-sell-off-3-dividend-stock/,The Motley Fool,0.3125,0.5,positive,0.3125,False,False,False,False,False,True,False,False,0.0,201,"['NUE', 'ETN', 'BIP', 'BIPC']",BIPC,2021-09-25
3 Energy Stocks You Can Buy and Hold for the Next Decade,These energy stocks should continue growing for years to come.,2021-09-27 15:15:00+00:00,https://www.fool.com/investing/2021/09/27/3-energy-stocks-you-can-buy-and-hold-for-the-next/,The Motley Fool,0.0,0.0,neutral,0.0,False,True,False,False,False,False,False,False,0.0,120,"['ENB', 'BIP', 'CWEN', 'CWEN.A', 'BIPC']",BIPC,2021-09-27
Got $500? 3 Stocks You Won't Regret Buying,These stocks are great ways to turn $500 into recurring income.,2021-10-02 14:47:00+00:00,https://www.fool.com/investing/2021/10/02/got-500-3-stocks-you-wont-regret-buying/,The Motley Fool,0.8,0.75,positive,0.8,False,True,False,False,False,False,False,False,0.0,107,"['BIP', 'ED', 'NEE', 'BEP', 'NEP', 'VPU', 'BIPC', 'BEPC']",BIPC,2021-10-02
5 of the Safest High-Yield Dividend Stocks on the Planet,These stocks are great for generating passive income.,2021-10-09 13:22:00+00:00,https://www.fool.com/investing/2021/10/09/5-of-the-safest-high-yield-dividend-stocks-on-the/,The Motley Fool,0.8,0.75,positive,0.8,False,False,False,False,False,True,False,False,0.0,111,"['ENB', 'O', 'BIP', 'AVB', 'VER', 'BEP', 'BIPC', 'BEPC']",BIPC,2021-10-09
3 Dividend Stocks That'll Make You Richer in Q4 and Beyond,You won't find many dividend stocks more attractive than these.,2021-10-10 10:01:00+00:00,https://www.fool.com/investing/2021/10/10/3-dividend-stocks-thatll-make-you-richer-in-q4-and/,The Motley Fool,0.6,0.6666666666666666,positive,0.6,False,False,False,False,False,True,False,False,0.0,123,"['IIPR', 'DVN', 'BIP', 'BIPC']",BIPC,2021-10-10
3 Leading Infrastructure Stocks to Buy in 2021 and Beyond,These companies are great ways to invest in the growing need for infrastructure.,2021-10-10 12:14:00+00:00,https://www.fool.com/investing/2021/10/10/3-leading-infrastructure-stocks-to-buy-in-2021-and/,The Motley Fool,0.8,0.75,positive,0.8,False,True,False,False,False,False,False,False,0.0,139,"['BIP', 'CCI', 'AY', 'BIPC']",BIPC,2021-10-10
Got $500? These 3 Stocks Could Make You Richer 1 Dividend Check at a Time,These dividend stocks have steadily grown investor wealth.,2021-10-23 13:06:00+00:00,https://www.fool.com/investing/2021/10/23/got-500-these-3-stocks-could-make-you-richer-one-d/,The Motley Fool,0.16666666666666666,0.5,positive,0.16666666666666666,False,False,False,False,False,True,False,False,0.0,133,"['CVX', 'AWR', 'BIP', 'BIPC']",BIPC,2021-10-23
3 Inflation-Proof Dividend Stocks Begging to Be Bought,More inflation is coming. Don't get left behind.,2021-10-24 11:00:00+00:00,https://www.fool.com/investing/2021/10/24/3-inflation-proof-dividend-stocks-begging-to-be-bo/,The Motley Fool,0.033333333333333326,0.39999999999999997,neutral,0.033333333333333326,False,False,False,False,False,True,False,False,0.0,104,"['VZ', 'AVGO', 'BIP', 'BIPC']",BIPC,2021-10-24
This 8.4%-Yielding Dividend Stock Just Added a Huge Fuel Source,The high-yield energy stock is combining with a rival to significantly increase its scale and cash flow.,2021-10-27 12:25:00+00:00,https://www.fool.com/investing/2021/10/27/this-84-yielding-dividend-stock-just-added-a-huge/,The Motley Fool,0.38750000000000007,0.8875,positive,0.38750000000000007,False,False,False,False,False,True,False,False,0.0,169,"['CEQP', 'APA', 'BIP', 'OMP', 'ALTM', 'BIPC', 'OAS']",BIPC,2021-10-27
3 Top Dividend Stocks to Buy in November,Income-seeking investors should especially like these stocks.,2021-10-31 09:52:00+00:00,https://www.fool.com/investing/2021/10/31/3-top-dividend-stocks-to-buy-in-november/,The Motley Fool,0.25,0.75,positive,0.25,False,True,False,False,False,True,False,False,0.0,103,"['MRK', 'DVN', 'BIP', 'BIPC']",BIPC,2021-10-31
This High-Yielding Infrastructure Stock's Growth Engine Shifts Into High Gear,A needle-moving deal gives the infrastructure company lots of fuel to keep growing.,2021-11-04 11:46:00+00:00,https://www.fool.com/investing/2021/11/04/this-high-yielding-infrastructure-stocks-growth-en/,The Motley Fool,0.16,0.5399999999999999,positive,0.16,False,False,False,False,False,False,False,False,0.0,162,"['BIP', 'BIPC', 'BAM', 'CQP', 'PBR']",BIPC,2021-11-04
3 Stocks to Help You Pick Up the Pieces After Shiba Inu Implodes,An implosion for the popular cryptocurrency seems likely. It's just a matter of time.,2021-11-05 09:52:00+00:00,https://www.fool.com/investing/2021/11/05/3-stocks-to-help-you-pick-up-the-pieces-after-shib/,The Motley Fool,0.3,0.95,positive,0.3,False,False,False,False,False,False,False,False,0.0,151,"['IIPR', 'GOOGL', 'BIP', 'GOOG', 'BIPC']",BIPC,2021-11-05
Interest In Bonds Rising Despite Low Real Yields And Major Stock Indices’ Records,,2021-11-09 15:24:00+00:00,https://www.investing.com/analysis/interest-in-bonds-rising-despite-low-real-yields-and-major-stock-indices-records-200607804,Investing.com,0.08750000000000001,0.3666666666666667,neutral,0.08750000000000001,False,False,False,False,False,False,False,False,0.0,83,"['GE', 'UBER', 'GM', 'RBLX', 'DHI', 'AMD', 'FB', 'VMC', 'MLM', 'NUE', 'FCX', 'CAT', 'DE', 'BIPC', 'ICE', 'AMC']",BIPC,2021-11-09
General Electric Announces Plans to Split Up into Three Companies,"The S&P 500 futures (/ES) were struggling to stay positive before the open which means the S&P 500’s (SPX) eight-day win streak may be at risk. Meanwhile the Nasdaq Composite (COMP:GIDS) is working on an 11-day win streak and Nasdaq futures were trading higher before the open. The Cboe Volatility Index (VIX) dropped to 15 last week but has crept higher in the last few days and volatility in oil prices (/CL) could also be prompting some traders to take profits. Finally, the market could be just taking a breather after last week’s hefty load of earnings.
Despite the positive moves in stocks, investors continue to buy up Treasuries—pushing prices higher and yields lower. The 30-year Treasury Index (TYX) is down almost 5% in the last four days. The latest Consumer Price Index (CPI) was released in September and measured inflation at 5.4% for the year. The 30-year Treasury yield closed Monday at 1.88%. This means investors are getting a real yield of -3.52% (1.88-5.4) which is why the bond-buying is perplexing.
The inflation picture is still pretty bad according to the October Producer Price Index (PPI) that was released this morning. Inflation at the producer level is up 8.6% over the year and up 0.6% from September to October. Many producers have been able to shield consumers from rising costs, but eventually, something may have to give. The October Consumer Price Index (CPI) comes out Wednesday.
Outside of inflation, The Wall Street Journal is reporting that General Electric (NYSE: GE) has announced plans to break up into three different companies focusing on aviation, health care, and energy. The once symbol of American manufacturing has struggled in recent years and has sold off parts of its business to try and stabilize its operations.
Electric vehicle (EV) chargers got another boost as EVgo (NASDAQ: EVGO) was up nearly 37% in premarket trading on the news that it and Uber (NYSE: UBER) have reached a deal that gives Uber drivers certain discounts and benefits at EVgo charging stations. Additionally, General Motors (NYSE: GM) plans to add 40,000 new electric vehicle chargers across the U.S. and Canada.
In earnings news, game maker Roblox (NYSE: RBLX) was up 24% in premarket trading after it announced that it beat both revenue and earnings estimates. The company reported a 31% increase in average daily users compared to a year ago.  
Despite some reports of cooling in the housing market, DR Horton (NYSE: DHI) reported better than expected earnings and increased earnings guidance as well as its dividend. A higher dividend is often seen as a show of strength by many investors because it ...",2021-11-09 15:27:25+00:00,https://www.benzinga.com/news/earnings/21/11/23985961/general-electric-announces-plans-to-split-up-into-three-companies,Benzinga,0.11999098124098126,0.4166026334776335,positive,0.11999098124098126,True,True,False,False,True,True,False,False,0.0,2701,"['BIPC', 'AMD', 'RBLX', 'BIP', 'EVGO', 'CAT', 'DE', 'DHI', 'FCX', 'GE', 'GM', 'MLM', 'NUE', 'VMC', 'FB', 'CHPT', 'AMC', 'UBER']",BIPC,2021-11-09
Nicholas Ward's Dividend Growth Portfolio: October 2021 Review,"My passive income was up 21% YoY in October. Check out where Nicholas Ward Dividend Growth portfolio sits, as far as positions, weightings, and cost basis go.",2021-11-21 09:44:47+00:00,https://seekingalpha.com/article/4471022-nicholas-ward-dividend-growth-portfolio-october-2021,Seeking Alpha,0.1,1.0,neutral,0.1,False,False,False,False,False,True,False,False,0.0,222,"['AAPL', 'ABBV', 'ADC', 'AMGN', 'AMZN', 'ARKF', 'ARKG', 'ARKK', 'ARKQ', 'ARKW', 'ARKX', 'AVB', 'AVGO', 'BAM', 'BEPC', 'BIPC', 'BLK', 'BMY', 'BTI', 'CARR', 'CMCSA', 'CMI', 'CRM', 'CSCO', 'DE', 'DEO', 'DIS', 'DLR', 'DPZ', 'ENB', 'ESS', 'FB', 'FRT', 'GOOG', 'GOOGL', 'HD', 'HON', 'HRL', 'INTC', 'ITW', 'JNJ', 'KMB', 'KO', 'LHX', 'LMT', 'LOW', 'MA', 'MDT', 'MKC', 'MMM', 'MO', 'MRK', 'MSFT', 'NKE', 'NNN', 'NOC', 'NVDA', 'NVO', 'O', 'OTIS', 'PEP', 'PFE', 'PLTR', 'PM', 'PNW', 'PRS', 'PRU', 'PYPL', 'QCOM', 'ROP', 'RTX', 'S', 'SBUX', 'SMG', 'SQ', 'STOR', 'STZ', 'STZ.B', 'T', 'TSN', 'TXN', 'V', 'VTRS', 'VZ', 'WPC']",BIPC,2021-11-21
These 3 Dividend Stocks Are Practically Money Machines,"Steady, attractive dividends. Strong growth prospects.",2021-11-22 10:55:00+00:00,https://www.fool.com/investing/2021/11/22/these-3-dividend-stocks-are-practically-money-mach/,The Motley Fool,0.4666666666666666,0.7444444444444445,positive,0.4666666666666666,False,False,False,False,False,True,False,False,0.0,110,"['BIP', 'DEA', 'IIPR', 'BIPC']",BIPC,2021-11-22
Coal May Not Be Such a Bad Gift This Year if Inflation Continues,"The fourth quarter of 2021 is shaping up well with the S&P 500 (SPX) rising about 10% from October 1 to its November high. While stocks had a severe drop on Black Friday, they started bouncing back the following Monday helping the fourth quarter to live up to its reputation as being a strong time of the year for equities. However, the rise of the omicron variant of the COVID-19 virus is a new risk that could stymy fourth-quarter growth.
While many investors are now looking to see if Santa will come, others are reflecting on the gifts from the recent earnings season. While rising interest rates, supply chain issues, inflation, and worker shortages continue to be issued for many companies, earnings calls revealed that many found ways to cope. However, some of these issues appear to be sticking, which means they could be a drag on Santa’s sleigh.
Santa Coming to Town?
Every December the Santa Claus rally phenomenon seems to be discussed at nauseum. However, there is a good reason for this. Although past performance isn’t a guarantee of future performance, it’s a pretty reliable cycle according to the Stock Trader’s Almanac. The cycle occurs during the last five days of trading in December through the first two days of trading in January the following year. During that time frame, stocks have seen positive returns 76% of the time and averaged a 1.3% return since 1950.
If Santa doesn’t deliver, it could be a bad sign for the market. In 2000, the market declined 4% during the days attributed to the Santa rally, foreshadowing the dot-com bubble. In 2008, there was a loss of 2.5%, which was followed by the second-worst bear market of all time.
There are a couple of theories for what causes the Santa Claus rally, although there’s no generally accepted explanation for it. What may be the most likely cause is that portfolio managers are trying to get their portfolios set for the next year. This theory leads to another market phenomenon known as the January Effect. This is a time when small-cap stocks tend to outperform the market from January through February.
The theory goes that money managers look for small-cap stocks because of their potential for growth. The right small-cap investments could help a portfolio outperform its benchmark. This means that investors may want to keep an eye on small-cap stocks to see if they exhibit greater relative strength during the Santa rally and may have the potential for growth through the first quarter of the next year and possibly beyond.
Holiday Shopping
The third-quarter earnings season is close to being done at this point, and the retailers are trying to wrap it up on a strong note. Earnings started off with many companies singing from the same dull carols about rising costs from inflation, supply chain issues, and worker shortages. Through most of October, the major indices pulled back about 5%. However, November changed as many retailers found they were able to successfully pass on higher costs to consumers.
Positive earnings announcements from retailers resulted in the Dow Jones U.S. Retail Index ($DJUSRT) rallying more than 14.5% from its October low to its October high. Of course, these results reflect a reaction to third-quarter earnings as well as guidance for earnings going forward.
So, how is the fourth quarter going? We can’t see the sales for these companies, but the National Retail Federation (NRF) is providing some insights. As of October, the NRF is seeing that consumers are spending as much this year as they did last year. They’re focusing on gifts but resisting impulse purchases for themselves and their families. Consumers are ...",2021-11-29 17:12:51+00:00,https://www.benzinga.com/markets/cryptocurrency/21/11/24336776/coal-may-not-be-such-a-bad-gift-this-year-if-inflation-continues,Benzinga,0.13961491538764267,0.4252788272333727,positive,0.13961491538764267,True,False,True,False,False,False,False,False,0.0,3710,"['STLD', 'BIP', 'CAT', 'CLF', 'DE', 'FCX', 'MLM', 'NUE', 'VMC', 'X', 'CHPT', 'BLNK', 'BIPC', 'EVGO']",BIPC,2021-11-29
1 Infrastructure Stock That Could Be a Great Investment for Decades,Here's one company that could be a big winner as infrastructure spending ramps up.,2021-12-01 12:21:00+00:00,https://www.fool.com/investing/2021/12/01/1-infrastructure-stock-could-be-great-investment/,The Motley Fool,0.4,0.425,positive,0.4,False,False,False,False,False,False,False,False,0.0,151,"['BIP', 'BAM', 'BIPC']",BIPC,2021-12-01
My Top Renewable Energy Stock to Buy in December,The high-yielding renewable energy company sees high-end dividend growth over the next several years.,2021-12-12 15:38:00+00:00,https://www.fool.com/investing/2021/12/12/my-top-renewable-energy-stock-to-buy-in-december/,The Motley Fool,0.16666666666666666,0.16666666666666666,positive,0.16666666666666666,False,True,False,False,False,True,False,False,0.0,151,"['CWEN', 'KKR', 'BIP', 'CWEN.A', 'BIPC']",BIPC,2021-12-12
3 Infrastructure Stocks You Can Buy and Hold for the Next Decade,"As the U.S. gets ready to invest in infrastructure, here are three solid names to look at for your portfolio with long-term appeal.",2021-12-17 13:15:00+00:00,https://www.fool.com/investing/2021/12/17/3-infrastructure-stocks-you-can-buy-and-hold-for-t/,The Motley Fool,0.06666666666666667,0.19999999999999998,neutral,0.06666666666666667,False,True,False,False,False,False,False,False,0.0,197,"['BIP', 'EPD', 'NEE', 'BIPC']",BIPC,2021-12-17
5 Stocks You Can Confidently Invest $500 in Right Now,These stocks have a high probability of producing attractive returns.,2021-12-18 14:38:00+00:00,https://www.fool.com/investing/2021/12/18/5-stocks-you-can-confidently-invest-500-in-right-n/,The Motley Fool,0.43642857142857144,0.7272619047619048,positive,0.43642857142857144,False,False,False,False,False,False,False,False,0.0,124,"['O', 'WM', 'NEE', 'BIP', 'STAG', 'BIPC']",BIPC,2021-12-18
Brookfield Infrastructure: Won't Build Your Portfolio,"Too many negatives persist to recommend retail value investors buy Brookfield at this time: losses, fewer assets than liabilities, debt, etc. Read to know more...",2021-12-28 06:51:36+00:00,https://seekingalpha.com/article/4477020-brookfield-infrastructure-wont-build-your-portfolio,Seeking Alpha,0.5,0.5,positive,0.5,True,True,False,False,False,True,False,False,0.0,217,['BIPC'],BIPC,2021-12-28
22 Top Dividend Stocks to Buy and Hold in 2022,Some offer strong growth prospects. Others are bargains. But they all should provide reliable dividends in the new year and beyond.,2022-01-02 10:55:00+00:00,https://www.fool.com/investing/2022/01/02/22-top-dividend-stocks-to-buy-and-hold-in-2022/,The Motley Fool,0.3565656565656566,0.5626262626262627,positive,0.3565656565656566,False,True,False,False,False,True,False,False,0.0,179,"['ABT', 'VZ', 'PFE', 'INTC', 'JNJ', 'BMY', 'DVN', 'PEP', 'LLY', 'CVS', 'EPD', 'DUK', 'APD', 'BIP', 'ABBV', 'MPW', 'BEP', 'DEA', 'IIPR', 'BIPC', 'BEPC', 'VTRS']",BIPC,2022-01-02
3 Dividend Stocks to Buy Hand Over Fist,These are the ideal kinds of stocks for income investors to buy in times like these.,2022-01-09 10:52:00+00:00,https://www.fool.com/investing/2022/01/09/3-dividend-stocks-to-buy-hand-over-fist/,The Motley Fool,0.9,1.0,positive,0.9,False,True,False,False,False,True,False,False,0.0,125,"['IIPR', 'DVN', 'BIP', 'BIPC']",BIPC,2022-01-09
"Have $1,000? 2 All-Weather Dividend Stocks to Buy and Hold Forever",These high-quality dividend stocks can produce enduring income.,2022-01-22 14:45:00+00:00,https://www.fool.com/investing/2022/01/22/have-1000-2-all-weather-dividend-stocks-to-buy-and/,The Motley Fool,0.0,0.0,neutral,0.0,False,True,False,False,False,True,False,False,0.0,131,"['O', 'BIP', 'BIPC']",BIPC,2022-01-22
Inflation Is Giving This Dividend Growth Stock a Boost,Inflation is one of many growth drivers for the company's dividend.,2022-02-03 12:35:00+00:00,https://www.fool.com/investing/2022/02/03/inflation-is-giving-this-dividend-growth-stock-a-b/,The Motley Fool,0.5,0.5,positive,0.5,False,False,False,False,False,True,False,False,0.0,123,"['BIPC', 'BIP']",BIPC,2022-02-03
3 No-Brainer Dividend Stocks to Own in a Market Crash,These dividend stocks offer stability that can help blunt the impact of a stock market crash.,2022-02-12 12:35:00+00:00,https://www.fool.com/investing/2022/02/12/3-no-brainer-dividend-stocks-to-own-in-a-market-cr/,The Motley Fool,0.6,1.0,positive,0.6,False,False,False,False,False,True,False,False,0.0,148,"['EPD', 'WCN', 'BIP', 'BIPC']",BIPC,2022-02-12
3 Under-the-Radar Dividend Growth Stocks You Won't Want to Overlook,These dividends continue to head higher with each passing year.,2022-02-13 14:35:00+00:00,https://www.fool.com/investing/2022/02/13/3-under-the-radar-dividend-growth-stocks-you-wont/,The Motley Fool,0.25,0.5,positive,0.25,False,False,False,False,False,True,False,False,0.0,132,"['BEP', 'BIP', 'SLG', 'BIPC', 'BEPC']",BIPC,2022-02-13
"These 5 Stocks Will Make Me More Than $3,000 in Passive Income This Year",And they have solid long-term growth prospects.,2022-02-27 10:52:00+00:00,https://www.fool.com/investing/2022/02/27/5-stocks-over-3000-in-passive-income-this-year/,The Motley Fool,0.25,0.3,positive,0.25,False,False,False,False,False,False,False,False,0.0,121,"['ABBV', 'PFE', 'DVN', 'BIP', 'IIPR', 'BIPC']",BIPC,2022-02-27
This Stock Has Been Market-Crushing Since Its IPO,Here's one big reason why.,2022-03-01 19:04:46+00:00,https://www.fool.com/investing/2022/03/01/this-stock-has-been-market-crushing-since-its-ipo/,The Motley Fool,0.0,0.1,neutral,0.0,False,False,False,False,False,False,False,False,0.0,77,"['BAM', 'BIP', 'BIPC']",BIPC,2022-03-01
How Berkshire Hathaway Could Use Its $144 Billion,"""Charlie [Munger] and I are not stock-pickers; we are business-pickers,"" wrote Warren Buffett.",2022-03-08 19:52:00+00:00,https://www.fool.com/investing/2022/03/08/how-berkshire-hathaway-could-use-its-144-billion/,The Motley Fool,0.0,0.0,neutral,0.0,False,False,False,False,False,False,False,False,0.0,145,"['AAPL', 'BRK.A', 'BRK.B', 'CMG', 'SBUX', 'F', 'TSLA', 'MA', 'GM', 'NVDA', 'BAM', 'MKC', 'BIP', 'KHC', 'BIPC']",BIPC,2022-03-08
Brookfield Infrastructure Corporation Completes Annual Filings,"BROOKFIELD, NEWS, March  09, 2022  (GLOBE NEWSWIRE) -- Brookfield Infrastructure Corporation (NYSE: BIPC; TSX: BIPC) today announced that it has filed its 2021 annual report on Form 20-F (the “Annual Report”), including its audited financial statements for the year ended December 31, 2021, with the SEC on EDGAR as well as with the Canadian securities authorities on SEDAR. These documents are also available under the Financial Reports section of our website and a hard copy will be provided to shareholders free of charge upon request.",2022-03-10 00:44:00+00:00,https://www.globenewswire.com/news-release/2022/03/10/2400455/0/en/Brookfield-Infrastructure-Corporation-Completes-Annual-Filings.html,GlobeNewswire Inc.,0.06805555555555556,0.3902777777777778,neutral,0.06805555555555556,False,False,True,False,False,False,False,False,0.0,602,"['BIPC', 'BIPC']",BIPC,2022-03-10
"Got $1,000? 4 Unstoppable Stocks to Buy",Large opportunity sets should drive growth for years.,2022-03-12 13:33:00+00:00,https://www.fool.com/investing/2022/03/12/got-1000-4-unstoppable-stocks-to-buy/,The Motley Fool,0.21428571428571427,0.42857142857142855,positive,0.21428571428571427,False,True,False,False,False,False,False,False,0.0,94,"['BIPC', 'O', 'BIP', 'PAYC', 'FVRR']",BIPC,2022-03-12
3 Dividend Stocks That Will Hold Up No Matter the Market Conditions,"Market volatility got you down? These three companies pay a healthy and growing dividend, and their businesses can weather inflation and geopolitical tensions.",2022-03-13 10:30:00+00:00,https://www.fool.com/investing/2022/03/13/3-dividend-stocks-that-will-hold-up-no-matter-the/,The Motley Fool,0.17222222222222222,0.3944444444444445,positive,0.17222222222222222,False,False,False,False,False,True,False,False,0.0,228,"['COST', 'MSFT', 'WMT', 'BIP', 'ATVI', 'BIPC']",BIPC,2022-03-13
2 Dividend Stocks That Can Help You Fight Inflation,These companies benefit from inflation.,2022-03-21 14:15:00+00:00,https://www.fool.com/investing/2022/03/21/2-dividend-stocks-that-can-help-you-fight-inflatio/,The Motley Fool,0.0,0.0,neutral,0.0,False,False,False,False,False,True,False,False,0.0,92,"['BIPC', 'WPC', 'BIP']",BIPC,2022-03-21
$300 a Month in These 3 Stocks Could Make You a Millionaire by Retirement,These stocks could help you slowly build a nice retirement nest egg.,2022-03-26 12:30:00+00:00,https://www.fool.com/investing/2022/03/26/300-a-month-in-these-3-stocks-could-make-you-a-mil/,The Motley Fool,0.14999999999999997,0.7,positive,0.14999999999999997,False,False,False,False,False,False,False,False,0.0,143,"['BIPC', 'O', 'BIP', 'CWEN', 'CWEN.A']",BIPC,2022-03-26
3 Dividend Stocks With Elite Potential,These dividend stocks are well on their way toward joining an elite group.,2022-03-30 11:35:00+00:00,https://www.fool.com/investing/2022/03/30/3-dividend-stocks-with-elite-potential/,The Motley Fool,0.0,1.0,neutral,0.0,False,False,False,False,False,True,False,False,0.0,114,"['BIPC', 'EPD', 'BIP', 'BEP', 'BEPC']",BIPC,2022-03-30
3 Surefire Stocks to Buy in the Next Bear Market,You won't regret buying these stocks when the markets crash next.,2022-04-01 11:07:00+00:00,https://www.fool.com/investing/2022/04/01/3-surefire-stocks-to-buy-in-the-next-bear-market/,The Motley Fool,0.0,0.0,neutral,0.0,False,True,False,False,False,False,False,False,0.0,115,"['V', 'NEE', 'BAM', 'BIP', 'BIPC']",BIPC,2022-04-01
Investors Are Loving This Massive Data Center REIT,Data center storage is red-hot and these stocks are the ones to watch.,2022-04-05 11:00:00+00:00,https://www.fool.com/investing/2022/04/05/investors-are-loving-this-massive-data-center-reit/,The Motley Fool,0.1,0.5375,neutral,0.1,False,False,False,False,False,False,False,False,0.0,122,"['EQIX', 'IRM', 'DLR', 'SWCH', 'BIPC', 'CYXT']",BIPC,2022-04-05
Data Center Stocks Deliver Strong Growth by Marrying Tech and Real Estate,Long-term investors should keep a watch on these stocks.,2022-04-05 11:00:00+00:00,https://www.fool.com/investing/2022/04/05/data-center-stocks-deliver-strong-growth-by-marryi/,The Motley Fool,0.17777777777777773,0.37777777777777777,positive,0.17777777777777773,False,False,False,False,False,False,False,False,0.0,131,"['FB', 'AMZN', 'BIP', 'BIPC']",BIPC,2022-04-05
You Might Kick Yourself Later for Not Buying These Dividend Stocks Right Now,There's a lot to like with each of these stocks.,2022-04-22 09:52:00+00:00,https://www.fool.com/investing/2022/04/22/you-might-kick-yourself-later-for-not-buying-these/,The Motley Fool,0.14285714285714285,0.26785714285714285,positive,0.14285714285714285,False,True,False,False,False,True,False,False,0.0,126,"['BEP', 'BIP', 'IIPR', 'BIPC', 'BEPC']",BIPC,2022-04-22
Brookfield Infrastructure Is Benefitting From an Inflation-Driven Boost,The global infrastructure operator has a very positive outlook.,2022-05-05 11:05:00+00:00,https://www.fool.com/investing/2022/05/05/brookfield-infrastructure-is-benefitting-from-an-i/,The Motley Fool,0.14772727272727273,0.35454545454545455,positive,0.14772727272727273,False,False,False,False,False,False,False,False,0.0,136,"['BIPC', 'BIP']",BIPC,2022-05-05
Brookfield Sees Natural Gas as an Essential Fuel for the Future,The global infrastructure company highlighted the cleaner-burning fossil fuel in its recent letter to investors.,2022-05-07 14:15:00+00:00,https://www.fool.com/investing/2022/05/07/brookfield-sees-natural-gas-as-an-essential-fuel-f/,The Motley Fool,0.02,0.215,neutral,0.02,False,False,False,False,False,False,False,False,0.0,177,"['BIPC', 'ENB', 'CQP', 'BIP', 'BX', 'SHEL']",BIPC,2022-05-07
1 Stock-Split Stock You Can Buy and Hold for Decades,A multi-decade infrastructure super-cycle is underway that should present significant tailwinds.,2022-05-23 09:55:00+00:00,https://www.fool.com/investing/2022/05/23/1-stock-split-stock-you-can-buy-and-hold-for-decad/,The Motley Fool,0.1875,0.4375,positive,0.1875,False,True,False,False,False,True,False,False,0.0,150,"['BIP', 'BIPC']",BIPC,2022-05-23
The Perfect Stock-Split Stock for This Wild Market (Hint: It's Not Amazon or Tesla),Brookfield Infrastructure is performing quite well during the current market downturn.,2022-05-28 09:54:00+00:00,https://www.fool.com/investing/2022/05/28/the-perfect-stock-split-stock-for-this-wild-market/,The Motley Fool,0.3666666666666667,0.6,positive,0.3666666666666667,False,False,False,False,False,True,False,False,0.0,171,"['BIP', 'AMZN', 'TSLA', 'BIPC']",BIPC,2022-05-28
"Got $3,000? Here Are 3 Stocks to Buy and Hold for the Long Term",These stocks are proven winners.,2022-05-28 14:05:00+00:00,https://www.fool.com/investing/2022/05/28/got-3000-here-are-3-stocks-to-buy-and-hold-for-the/,The Motley Fool,-0.05,0.4,neutral,0.05,False,True,False,False,False,False,False,False,0.0,97,"['BIPC', 'O', 'NEE', 'BIP', 'NEP']",BIPC,2022-05-28
Here's the Next Stock-Split Stock to Buy After Amazon,You might not have heard much about this solid company.,2022-06-06 19:38:00+00:00,https://www.fool.com/investing/2022/06/06/next-spock-split-stock-to-buy-after-amazon/,The Motley Fool,0.06666666666666667,0.10000000000000002,neutral,0.06666666666666667,False,True,False,False,False,True,False,False,0.0,110,"['BIP', 'GOOGL', 'AMZN', 'TSLA', 'GOOG', 'BIPC']",BIPC,2022-06-06
Here's Why These 14 Companies Did A Stock Split In 2022,"A stock split's main purpose is to make a company's shares more appealing to potential investors. By raising the number of outstanding shares, it improves a company's liquidity. Stock splits do not change the market value of a corporation; rather, they are a reassignment of share value by increasing the number of shares.
For example, on Monday, the much-anticipated Amazon.com, Inc. (NASDAQ: AMZN) stock split was completed; shares went from $2,447 on Friday's close to $122 on Monday's open.
Retail investors who had been priced out of the e-commerce behemoth's stock should now be able to purchase full shares ...",2022-06-07 16:46:21+00:00,https://www.benzinga.com/news/22/06/27576000/heres-why-these-14-companies-did-a-stock-split-in-2022,Benzinga,0.3145833333333333,0.6104166666666666,positive,0.3145833333333333,False,False,False,False,False,True,False,False,0.0,674,"['SGH', 'ACMR', 'AMZN', 'DXCM', 'PTSI', 'C', 'EP', 'IVR', 'MFA', 'PRE', 'TR', 'AMRK', 'ENOV', 'BIPC', 'KNTK']",BIPC,2022-06-07
These 3 Beaten-Down Stocks Are Great Buys Right Now,"While the market hasn't been too kind to these stocks, they look like great opportunities for investors with a long-term mindset.",2022-06-11 12:35:00+00:00,https://www.fool.com/investing/2022/06/11/these-3-beaten-down-stocks-are-great-buys-right-no/,The Motley Fool,0.6214285714285714,0.7339285714285714,positive,0.6214285714285714,False,True,False,False,False,False,False,False,0.0,182,"['MMP', 'BIP', 'BE', 'BIPC']",BIPC,2022-06-11
Brookfield Infrastructure Corporation Announces Results of Annual Meeting of Shareholders,"BROOKFIELD, NEWS, June  16, 2022  (GLOBE NEWSWIRE) -- Brookfield Infrastructure Corporation (the “Corporation”) (TSX, NYSE: BIPC) today announced that all eight nominees proposed for election to the board of directors by holders of class A exchangeable subordinate voting shares (“Exchangeable Shares”) and holders of class B multiple voting shares (“Class B Shares”) were elected at the Corporation’s annual meeting of shareholders held on June 16, 2022 in a virtual meeting format. Detailed results of the vote for the election of directors are set out below.",2022-06-16 20:05:00+00:00,https://www.globenewswire.com/news-release/2022/06/16/2464350/0/en/Brookfield-Infrastructure-Corporation-Announces-Results-of-Annual-Meeting-of-Shareholders.html,GlobeNewswire Inc.,0.2,0.375,positive,0.2,False,False,False,False,False,False,True,False,0.0,652,"['BIPC', 'BIPC']",BIPC,2022-06-16
3 Stocks to Hold Even if the Market Turns More Bearish,Keeping the long term in mind is essential when the market gets bearish.,2022-06-18 10:15:00+00:00,https://www.fool.com/investing/2022/06/18/3-stocks-to-hold-even-if-the-market-turns-more-bea/,The Motley Fool,0.15,0.39999999999999997,positive,0.15,False,False,False,False,False,False,False,False,0.0,128,"['ENB', 'BIP', 'BEP', 'BIPC', 'BEPC']",BIPC,2022-06-18
3 Supercharged Dividend Stocks to Buy in the Stock Market Sell-Off,Steady passive income from dividend stocks can make a big difference during challenging times.,2022-06-23 11:07:00+00:00,https://www.fool.com/investing/2022/06/23/3-supercharged-dividend-stocks-to-buy-market-sell/,The Motley Fool,0.2222222222222222,0.5333333333333333,positive,0.2222222222222222,False,True,False,False,False,True,False,False,0.0,162,"['EPD', 'NEE', 'BIP', 'NEP', 'BIPC']",BIPC,2022-06-23
Brookfield Renewable: Inflation-Proof Growth With A Compounding Dividend,"Trillions of dollars are pouring into the clean energy transition, growing the total addressable market for Brookfield Renewable. BEP guides for 5-9% annual dividend growth.",2022-06-24 05:44:24+00:00,https://seekingalpha.com/article/4520069-brookfield-renewable-stock-inflation-proof-growth-compounding-dividend,Seeking Alpha,0.18333333333333335,0.7250000000000001,positive,0.18333333333333335,False,False,False,False,False,True,False,False,0.0,247,"['BAM', 'BIP', 'BIPC', 'BEPC', 'BEP']",BIPC,2022-06-24
Here's a Stock Split That You Probably Missed Entirely,"It's easy to get distracted by bigger names, but the returns on this stock have been phenomenal.",2022-06-28 09:42:00+00:00,https://www.fool.com/investing/2022/06/28/heres-a-stock-split-that-you-probably-missed-entir/,The Motley Fool,0.3111111111111111,0.6111111111111112,positive,0.3111111111111111,False,False,False,False,False,True,False,False,0.0,152,"['BIP', 'GOOGL', 'AMZN', 'TSLA', 'GOOG', 'BIPC']",BIPC,2022-06-28
3 Top Stocks to Buy During the Sell-Off,These three companies provide investors buffers to lean on during tumultuous times.,2022-06-29 12:51:00+00:00,https://www.fool.com/investing/2022/06/29/3-top-stocks-to-buy-during-the-sell-off/,The Motley Fool,0.5,0.5,positive,0.5,False,True,False,False,False,False,False,False,0.0,124,"['HD', 'LOW', 'NDAQ', 'GRMN', 'BIPC']",BIPC,2022-06-29
Why Brookfield Infrastructure Stock Tanked 5% Today,The market is pricing in a recession for infrastructure and energy stocks today.,2022-07-05 17:20:00+00:00,https://www.fool.com/investing/2022/07/05/why-brookfield-infrastructure-stock-tanked-5-today/,The Motley Fool,0.0,0.0,neutral,0.0,False,False,False,False,False,False,False,False,0.0,133,"['BIP', 'BIPC']",BIPC,2022-07-05
Nicholas Ward's Dividend Growth Portfolio: June 2022 Update,My passive income was up by 23.32% during June. I made 13 trades during the month; 11 purchases and 2 sales. Click here for my portfolio update for June 2022.,2022-07-10 17:46:55+00:00,https://seekingalpha.com/article/4522603-nicholas-wards-dividend-growth-portfolio-june-2022-update,Seeking Alpha,0.0,0.0,neutral,0.0,False,False,False,False,False,True,False,False,0.0,219,"['AAPL', 'ABBV', 'ADBE', 'ADC', 'AMGN', 'AMZN', 'APD', 'ARE', 'ASML', 'AVB', 'AVGO', 'AVGOP', 'BAH', 'BAM', 'BEPC', 'BIPC', 'BLK', 'BMY', 'BTI', 'BX', 'CARR', 'CMCSA', 'CMG', 'CMI', 'CRM', 'CSCO', 'DE', 'DEO', 'DIS', 'DLR', 'DPZ', 'ECL', 'ENB', 'ESS', 'FRT', 'GOOGL', 'HD', 'HON', 'HRL', 'ICE', 'INTC', 'ITW', 'JNJ', 'KO', 'LHX', 'LMT', 'LOW', 'MA', 'MDT', 'META', 'MKC', 'MO', 'MRK', 'MSFT', 'NFLX', 'NKE', 'NNN', 'NOC', 'NVDA', 'O', 'ORCC', 'OTIS', 'PEP', 'PFE', 'PH', 'PLD', 'PLTR', 'PM', 'PNW', 'PRU', 'PYPL', 'QCOM', 'ROP', 'RTX', 'SBUX', 'SHW', 'SMG', 'SPGI', 'SQ', 'STOR', 'STZ', 'STZ.B', 'SWK', 'SWT', 'T', 'TBB', 'TBC', 'TSN', 'TXN', 'V', 'VZ', 'WPC']",BIPC,2022-07-10
Warren Buffett's Advice on What Stocks to Buy When Inflation Is High,The Oracle of Omaha's wisdom from four decades ago is still relevant today.,2022-07-11 09:57:00+00:00,https://www.fool.com/investing/2022/07/11/warren-buffett-advice-stocks-to-buy-high-inflation/,The Motley Fool,0.28,0.72,positive,0.28,False,True,False,False,False,False,False,False,0.0,145,"['BIP', 'BRK.A', 'BRK.B', 'MKL', 'BIPC']",BIPC,2022-07-11
This High-Yield Stock Is Adding a Towering Growth Driver,The company continues to expand its data infrastructure platform.,2022-07-15 12:15:00+00:00,https://www.fool.com/investing/2022/07/15/this-high-yield-stock-is-adding-a-towering-growth/,The Motley Fool,0.0,0.0,neutral,0.0,False,False,False,False,False,False,False,False,0.0,123,"['BIPC', 'BIP', 'DBRG']",BIPC,2022-07-15
2 Stocks to Buy With Dividends Yielding More Than 3%,These dividend stocks offer more than double the S&P 500's dividend yield.,2022-07-16 11:45:00+00:00,https://www.fool.com/investing/2022/07/16/2-stocks-to-buy-with-dividends-yielding-more-than/,The Motley Fool,0.3333333333333333,0.3333333333333333,positive,0.3333333333333333,False,True,False,False,False,True,False,False,0.0,128,"['AVB', 'BIP', 'BIPC']",BIPC,2022-07-16
3 High-Yield Infrastructure Stocks to Buy Now,Investing in equal parts of these three stocks gives an investor a dividend yield over 4%.,2022-07-18 10:15:00+00:00,https://www.fool.com/investing/2022/07/18/3-high-yield-infrastructure-stocks-to-buy-now/,The Motley Fool,0.0,0.25,neutral,0.0,False,True,False,False,False,True,False,False,0.0,137,"['BIPC', 'KMI', 'BIP', 'HUBB']",BIPC,2022-07-18
This Infrastructure Stock Is a Must-Own If You Want Passive Income,The company offers income seekers an above-average yielding payout that should keep rising.,2022-07-19 13:15:00+00:00,https://www.fool.com/investing/2022/07/19/this-infrastructure-stock-is-a-must-own-if-you-wan/,The Motley Fool,0.1,0.0,neutral,0.1,False,False,False,False,False,False,False,False,0.0,159,"['BIPC', 'BIP']",BIPC,2022-07-19
"Got $5,000? 3 Top Dividend Stocks to Buy Right Now",These dividend stocks are a great way to turn cash into a passive income stream.,2022-07-23 15:05:00+00:00,https://www.fool.com/investing/2022/07/23/got-5000-3-top-dividend-stocks-to-buy-right-now/,The Motley Fool,0.5285714285714286,0.5952380952380952,positive,0.5285714285714286,False,True,False,False,False,True,False,False,0.0,132,"['BIPC', 'WPC', 'BIP', 'CWEN', 'CWEN.A']",BIPC,2022-07-23
"Forget the Bear Market, Hold Your Nose and Buy These 3 ""On Sale"" Stocks",The bear market has these stocks looking like compelling buys.,2022-07-24 11:45:00+00:00,https://www.fool.com/investing/2022/07/24/forget-the-bear-market-hold-your-nose-and-buy-thes/,The Motley Fool,0.3,0.6,positive,0.3,False,True,False,False,False,False,False,False,0.0,135,"['SWK', 'AWR', 'BIP', 'BIPC']",BIPC,2022-07-24
This High-Yield Dividend Stock Is Getting a Big Inflation-Driven Boost,Elevated prices could drive its dividend higher.,2022-08-04 12:30:00+00:00,https://www.fool.com/investing/2022/08/04/this-high-yield-dividend-stock-is-getting-a-big-in/,The Motley Fool,0.125,0.3,positive,0.125,False,False,False,False,False,True,False,False,0.0,120,"['BIPC', 'BIP']",BIPC,2022-08-04
"3 Top Trends to Invest $5,000 in Right Now","Don't worry about setting the trend, instead consider these investing areas that are already en vogue.",2022-08-14 10:30:00+00:00,https://www.fool.com/investing/2022/08/14/3-top-trends-to-invest-5000-in-right-now/,The Motley Fool,0.39285714285714285,0.5178571428571428,positive,0.39285714285714285,False,False,False,False,False,False,False,False,0.0,146,"['BIP', 'CVX', 'AWK', 'BIPC']",BIPC,2022-08-14
5 Stocks You Can Confidently Invest $500 in Right Now,These lower-risk stocks have enormous upside potential.,2022-08-20 12:30:00+00:00,https://www.fool.com/investing/2022/08/20/5-stocks-you-can-confidently-invest-500-in-right-n/,The Motley Fool,0.19642857142857142,0.8172619047619047,positive,0.19642857142857142,False,False,False,False,False,False,False,False,0.0,110,"['NEE', 'PSA', 'PAYC', 'CRWD', 'BIPC']",BIPC,2022-08-20
3 High-Yield Energy Stocks to Earn Passive Income for Years,These energy companies offer durable passive income streams.,2022-08-21 14:30:00+00:00,https://www.fool.com/investing/2022/08/21/3-high-yield-energy-stocks-to-earn-passive-income/,The Motley Fool,0.0,0.0,neutral,0.0,False,False,False,False,False,False,False,False,0.0,121,"['BIPC', 'WMB', 'BIP', 'CWEN', 'CWEN.A']",BIPC,2022-08-21
Brookfield Pushes Its Chips Further Into Data Infrastructure,The infrastructure investor continues to pour capital into the data sector.,2022-08-24 12:30:00+00:00,https://www.fool.com/investing/2022/08/24/brookfield-pushes-its-chips-further-into-data-infr/,The Motley Fool,0.0,0.5,neutral,0.0,False,False,True,False,False,False,False,False,0.0,137,"['BIPC', 'INTC', 'BIP']",BIPC,2022-08-24
Intel's Smart Move Puts Its High-Yielding Dividend on a Firmer Foundation,The company's funding partnership with Brookfield will free up cash flow for dividends.,2022-08-30 12:30:00+00:00,https://www.fool.com/investing/2022/08/30/intels-smart-move-puts-its-high-yielding-dividend/,The Motley Fool,0.30714285714285716,0.7214285714285715,positive,0.30714285714285716,False,False,False,True,False,True,False,False,0.0,162,"['INTC', 'BIP', 'BIPC']",BIPC,2022-08-30
Why Intel Stock Slumped 12% in August,The tech giant's shares remained under pressure.,2022-09-04 11:00:00+00:00,https://www.fool.com/investing/2022/09/04/why-intel-stock-slumped-12-in-august/,The Motley Fool,0.0,1.0,neutral,0.0,False,False,False,False,False,False,False,False,0.0,87,"['INTC', 'BIP', 'BIPC']",BIPC,2022-09-04
"2 Recession-Resistant, Market-Beating Stocks We'd Buy Right Now",Companies and countries are set to spend trillions of dollars on these two categories for decades to come.,2022-09-06 16:00:00+00:00,https://www.fool.com/investing/2022/09/06/2-recession-resistant-market-beating-stocks-wed-bu/,The Motley Fool,0.2857142857142857,0.5357142857142857,positive,0.2857142857142857,False,True,False,False,False,False,False,False,0.0,171,"['CRWD', 'BIP', 'BIPC']",BIPC,2022-09-06
1 Stock-Split Stock Risk-Averse Investors Should Love (Hint: It's Not Amazon or Tesla),"This stock isn't as well known as Amazon or Tesla, but it's a relatively low-risk pick.",2022-09-10 09:57:00+00:00,https://www.fool.com/investing/2022/09/10/stock-split-risk-averse-investors-not-amazon-tesla/,The Motley Fool,0.25,0.3,positive,0.25,False,False,False,False,False,True,False,False,0.0,175,"['BIPC', 'AMZN', 'TSLA', 'BIP']",BIPC,2022-09-10
"3 Stock-Split Stocks Set to Soar 33% to 133%, According to Wall Street",Only one of these three stocks has delivered a positive gain so far this year.,2022-09-16 09:52:00+00:00,https://www.fool.com/investing/2022/09/16/3-stock-split-stocks-set-to-soar-33-to-133-accordi/,The Motley Fool,0.10909090909090909,0.8484848484848485,positive,0.10909090909090909,False,False,False,False,False,True,False,False,0.0,150,"['SHOP', 'AMZN', 'BIP', 'BIPC']",BIPC,2022-09-16
5 Dividend Stocks Yielding Over 5% to Boost Your Passive Income This September,"With stock prices sliding, dividend yields are rising, enabling investors to generate more income from new investments.",2022-09-18 12:30:00+00:00,https://www.fool.com/investing/2022/09/18/5-dividend-stocks-yielding-over-5-to-boost-your-pa/,The Motley Fool,0.3181818181818182,0.4772727272727273,positive,0.3181818181818182,False,False,False,False,False,True,False,False,0.0,199,"['BX', 'INTC', 'WBA', 'KMI', 'WPC', 'BIP', 'BIPC']",BIPC,2022-09-18
Buy These 3 Stocks Now for Decades of Passive Income,These companies offer durable dividends that can endure whatever's ahead.,2022-09-18 12:45:00+00:00,https://www.fool.com/investing/2022/09/18/buy-these-3-stocks-decades-of-passive-income/,The Motley Fool,0.0,0.0,neutral,0.0,False,True,False,False,False,True,False,False,0.0,127,"['EPD', 'NEE', 'BIP', 'NEP', 'BIPC']",BIPC,2022-09-18
The Stock-Split Stock Dividend Investors Should Love the Most,There's more to like than just the dividend with this stock.,2022-09-23 09:52:00+00:00,https://www.fool.com/investing/2022/09/23/stock-split-dividend-investors-should-love-most/,The Motley Fool,0.5,0.5333333333333333,positive,0.5,False,False,False,False,False,True,False,False,0.0,123,"['BIPC', 'BIP']",BIPC,2022-09-23
This Stock Is Your Ticket to an $80 Trillion Market Opportunity,The world needs to invest an incredible amount of money in infrastructure.,2022-09-24 12:36:00+00:00,https://www.fool.com/investing/2022/09/24/this-stock-is-your-ticket-to-an-80-trillion-market/,The Motley Fool,0.9,0.9,positive,0.9,False,False,False,False,False,False,False,False,0.0,139,"['BIPC', 'INTC', 'BAM', 'BIP']",BIPC,2022-09-24
3 Top Stocks That Provide Shelter Amid the Market's Current Storm,These stable companies help mute some of the market's volatility.,2022-09-27 11:45:00+00:00,https://www.fool.com/investing/2022/09/27/3-top-stocks-that-provide-shelter-amid-the-markets/,The Motley Fool,0.25,0.45,positive,0.25,False,False,False,False,False,False,False,False,0.0,132,"['BIPC', 'WM', 'ED', 'BIP']",BIPC,2022-09-27
Dow Jones Bear Market: 2 Dividend Stocks That Haven't Been This Cheap in Years,Can these laggards rebound?,2022-09-29 09:42:00+00:00,https://www.fool.com/investing/2022/09/29/dow-jones-bear-market-2-dividend-stocks-cheap/,The Motley Fool,0.4,0.7,positive,0.4,False,False,False,False,False,True,False,False,0.0,107,"['MMM', 'INTC', 'NVDA', 'AMD', 'BIP', 'BIPC']",BIPC,2022-09-29
Why I'm Doubling Down On Intel's Dividend,The troubled semiconductor company should be able to grow its dividend in the future.,2022-10-09 13:05:00+00:00,https://www.fool.com/investing/2022/10/09/why-im-doubling-down-on-intels-dividend/,The Motley Fool,-0.03888888888888889,0.5097222222222222,neutral,0.03888888888888889,False,False,False,False,False,True,False,False,0.0,128,"['INTC', 'BIP', 'BIPC']",BIPC,2022-10-09
These 4 Stocks Could Triple Your Money Over the Next Decade,These companies have the growth potential to make investors a lot of money in the coming years.,2022-10-09 13:30:00+00:00,https://www.fool.com/investing/2022/10/09/these-4-stocks-could-triple-your-money-over-the-ne/,The Motley Fool,0.0,0.5,neutral,0.0,False,False,False,False,False,False,False,False,0.0,156,"['ENB', 'NEE', 'BIP', 'PLD', 'BIPC']",BIPC,2022-10-09
3 Top Energy Stocks to Play the LNG Boom,LNG will fuel enormous demand for natural gas in the coming years.,2022-10-25 11:25:00+00:00,https://www.fool.com/investing/2022/10/25/3-top-energy-stocks-to-play-the-lng-boom/,The Motley Fool,0.19999999999999998,0.6,positive,0.19999999999999998,False,False,False,False,False,False,False,False,0.0,108,"['KMI', 'LNG', 'CQP', 'BIP', 'BIPC']",BIPC,2022-10-25
3 Big-Time Passive Income Stocks to Consider Loading Up On During the Bear Market,These companies offer big-time dividend yields.,2022-10-26 12:08:00+00:00,https://www.fool.com/investing/2022/10/26/3-big-time-passive-income-stocks-to-consider-loadi/,The Motley Fool,0.0,0.0,neutral,0.0,False,False,False,False,False,True,False,False,0.0,130,"['VZ', 'INTC', 'WBA', 'BIP', 'BIPC']",BIPC,2022-10-26
Don't Be Scared by the Bear Market; Buy These 3 Top Stocks for the Long Term,These stocks look like great buys amid the bear market.,2022-10-29 13:00:00+00:00,https://www.fool.com/investing/2022/10/29/dont-be-scared-by-the-bear-market-buy-these-3-top/,The Motley Fool,0.4166666666666667,0.5499999999999999,positive,0.4166666666666667,False,True,False,False,False,False,False,False,0.0,133,"['EPD', 'BIP', 'CWEN', 'CWEN.A', 'BIPC']",BIPC,2022-10-29
"Down 20% Ahead of Earnings, is Brookfield Infrastructure a Buy or is Trouble Ahead?","Rising interest rates, inflation, and a tough foreign exchange environment have investors looking elsewhere.",2022-11-01 15:29:12+00:00,https://www.fool.com/investing/2022/11/01/down-20-ahead-of-earnings-is-brookfield-infrastruc/,The Motley Fool,-0.21736111111111112,0.3618055555555556,negative,0.21736111111111112,True,True,False,False,False,False,False,False,0.0,193,"['BIP', 'BIPC']",BIPC,2022-11-01
This High-Yield Dividend Stock Is Delivering Explosive Growth (With More to Come),The company's strategy is paying big dividends.,2022-11-04 12:15:00+00:00,https://www.fool.com/investing/2022/11/04/this-high-yield-dividend-stock-is-delivering-explo/,The Motley Fool,0.25,0.3,positive,0.25,False,False,False,False,False,True,False,False,0.0,130,"['BIPC', 'BIP']",BIPC,2022-11-04
The $94 Trillion Reason Brookfield Infrastructure Is an Absolute Buy After Earnings,Strong profits and cash flows and a potential catalyst for more homeowners to host on the platform should help make it a long-term winner.,2022-11-06 10:10:00+00:00,https://www.fool.com/investing/2022/11/06/the-94-trillion-reason-brookfield-infrastructure-i/,The Motley Fool,0.2833333333333333,0.7833333333333333,positive,0.2833333333333333,True,True,False,False,False,False,False,False,0.0,223,"['BIPC', 'BIP']",BIPC,2022-11-06
These Dividend Stocks Can Double Your Money in Under 7 Years,These dividend stocks seem likely to deliver the returns needed to double their investors' money in the coming years.,2022-11-06 13:30:00+00:00,https://www.fool.com/investing/2022/11/06/these-dividend-stocks-can-double-your-money-in-und/,The Motley Fool,0.0,0.3333333333333333,neutral,0.0,False,False,False,False,False,True,False,False,0.0,179,"['BIPC', 'CCI', 'NEE', 'BIP']",BIPC,2022-11-06
3 Investing Megatrends You Can't Afford to Miss,Trillions of dollars will pour into these themes over the coming years.,2022-11-12 12:30:00+00:00,https://www.fool.com/investing/2022/11/12/3-investing-megatrends-you-cant-afford-to-miss/,The Motley Fool,0.0,0.0,neutral,0.0,False,False,False,False,False,False,False,False,0.0,120,"['BIPC', 'INTC', 'CCI', 'AMT', 'LNG', 'NEE', 'EQIX', 'BIP', 'DLR', 'BEP', 'BEPC']",BIPC,2022-11-12
2 Very Safe Stocks to Invest in Right Now,These companies offer investors many safety features.,2022-11-18 12:05:00+00:00,https://www.fool.com/investing/2022/11/18/2-very-safe-stocks-to-invest-in-right-now/,The Motley Fool,0.4785714285714286,0.5619047619047619,positive,0.4785714285714286,False,False,False,False,False,False,False,False,0.0,96,"['ENB', 'BIP', 'BIPC']",BIPC,2022-11-18
Is Your Portfolio Way Down? Get Paid to De-Risk Your Portfolio With These 2 Dividend Growth Stocks,2022 has been a brutal year for investors. These two dividend stocks can boost your returns and lower your risk.,2022-11-20 11:45:00+00:00,https://www.fool.com/investing/2022/11/20/is-your-portfolio-way-down-get-paid-to-de-risk-you/,The Motley Fool,-0.5152777777777778,0.6444444444444445,negative,0.5152777777777778,False,False,False,False,False,True,False,False,0.0,212,"['AMT', 'BIP', 'BIPC']",BIPC,2022-11-20
This Trillion-Dollar Opportunity Is Another Reason This Growth Stock Is a Screaming Buy,The company has been working hard to capitalize on this massive growth catalyst.,2022-11-20 13:38:00+00:00,https://www.fool.com/investing/2022/11/20/this-trillion-dollar-opportunity-is-another-reason/,The Motley Fool,-0.14583333333333334,0.7708333333333333,negative,0.14583333333333334,False,True,False,False,False,False,False,False,0.0,169,"['BIPC', 'BIP', 'DBRG', 'DT']",BIPC,2022-11-20
"Near 52-Week Lows, These Beaten-Down Dividend Stocks Look Like Bargains",Their lower share prices have them offering investors a much higher dividend yield these days.,2022-11-29 12:04:00+00:00,https://www.fool.com/investing/2022/11/29/near-52-week-lows-these-beaten-down-dividend-stock/,The Motley Fool,0.175,0.45,positive,0.175,False,False,False,False,False,True,False,False,0.0,167,"['MMM', 'VZ', 'INTC', 'BIP', 'BIPC']",BIPC,2022-11-29
Is Your Investment Portfolio Down Big? 3 Dividend Stocks to Buy Now,"This basket of passive income powerhouse stocks blends growth, value, and income.",2022-12-03 10:45:00+00:00,https://www.fool.com/investing/2022/12/03/investment-portfolio-down-big-dividend-stocks-buy/,The Motley Fool,-0.07777777777777779,0.19444444444444448,neutral,0.07777777777777779,False,True,False,False,False,True,False,False,0.0,150,"['BIPC', 'DE', 'UPS', 'SPGI', 'BIP']",BIPC,2022-12-03
3 Dividend Stocks to Buy Hand Over Fist Before 2022 Ends,Each of these gems should increase its payout in 2023.,2022-12-04 12:25:00+00:00,https://www.fool.com/investing/2022/12/04/3-dividend-stocks-to-buy-hand-over-fist-before-202/,The Motley Fool,0.0,0.0,neutral,0.0,False,True,False,False,False,True,False,False,0.0,112,"['CVX', 'XOM', 'TTE', 'BIP', 'CWEN', 'CWEN.A', 'BIPC']",BIPC,2022-12-04
3 Top Energy Dividend Stocks to Buy in December,These energy stocks should produce lots of income in 2023.,2022-12-10 15:11:00+00:00,https://www.fool.com/investing/2022/12/10/3-top-energy-dividend-stocks-to-buy-in-december/,The Motley Fool,0.5,0.5,positive,0.5,False,True,False,False,False,True,False,False,0.0,107,"['EPD', 'NEE', 'BIP', 'BIPC']",BIPC,2022-12-10
This Stock-Split Stock Sees Unstoppable Growth Ahead,The company's strategy has its growth already locked in for the next few years.,2022-12-12 12:08:00+00:00,https://www.fool.com/investing/2022/12/12/this-stock-split-stock-sees-unstoppable-growth-ahe/,The Motley Fool,-0.1,0.05,neutral,0.1,False,False,False,False,False,True,False,False,0.0,133,"['BAM', 'INTC', 'BIP', 'BEP', 'BIPC', 'BEPC']",BIPC,2022-12-12
BAM Is Misunderstood And Offers A Great Opportunity,Brookfield Asset Management is an attractive asset management pure-play with compelling growth potential. See why we recommend BAM a buy.,2022-12-17 13:30:00+00:00,https://seekingalpha.com/article/4564992-bam-is-misunderstood-and-offers-a-great-opportunity,Seeking Alpha,0.4,0.67,positive,0.4,False,True,False,False,False,False,True,False,0.0,190,"['BEP', 'BEPC', 'BIP', 'BIPC', 'BN', 'BAM']",BIPC,2022-12-17
3 Passive Income Bargains to Buy Now for 2023,"These dividend stocks trade at lower valuations, which has them offering higher yields.",2022-12-17 13:41:00+00:00,https://www.fool.com/investing/2022/12/17/3-passive-income-bargains-to-buy-now-for-2023/,The Motley Fool,0.25,0.5,positive,0.25,False,True,False,False,False,True,False,False,0.0,134,"['MMM', 'ET', 'BIP', 'BIPC']",BIPC,2022-12-17
"Got $5,000? 3 Stocks to Hold for the Next 20 Years",These companies have latched onto some of the biggest investment megatrends.,2022-12-18 15:13:00+00:00,https://www.fool.com/investing/2022/12/18/got-5000-3-stocks-to-hold-for-the-next-20-years/,The Motley Fool,0.0,0.0,neutral,0.0,False,False,False,False,False,False,False,False,0.0,128,"['AMT', 'INTC', 'ENB', 'BIP', 'BIPC']",BIPC,2022-12-18
Could Intel's Pain Become This Dividend Stock's Gain?,The chip giant's cash flow problems led it to seek a funding partner.,2022-12-20 14:15:00+00:00,https://www.fool.com/investing/2022/12/20/could-intels-pain-become-this-dividend-stocks-gain/,The Motley Fool,0.0,1.0,neutral,0.0,False,False,False,False,False,True,False,False,0.0,124,"['INTC', 'BIP', 'BIPC']",BIPC,2022-12-20
"3 Dividend Stocks to Buy That Could Soar 34% to 45% in 2023, According to Wall Street",Analysts think these high-yield dividend stocks could be big winners in the new year.,2022-12-22 10:57:00+00:00,https://www.fool.com/investing/2022/12/22/dividend-stocks-buy-could-soar-2023-wall-street/,The Motley Fool,0.06818181818181818,0.2772727272727273,neutral,0.06818181818181818,False,True,False,False,False,True,False,False,0.0,172,"['MPW', 'EPD', 'BIP', 'BIPC']",BIPC,2022-12-22
"At a 52-Week Low, This Top-Notch Dividend Stock Is an Incredible Buying Opportunity",One side of the company is trading at a widening discount right now.,2022-12-23 12:28:00+00:00,https://www.fool.com/investing/2022/12/23/at-a-52-week-low-this-top-notch-dividend-stock-is/,The Motley Fool,0.5464285714285714,0.6839285714285714,positive,0.5464285714285714,False,True,False,False,False,True,False,False,0.0,153,"['BIPC', 'BIP']",BIPC,2022-12-23
3 Super-Safe Dividend Stocks to Buy for 2023 and Beyond,These companies offer rock-solid dividends.,2022-12-24 14:05:00+00:00,https://www.fool.com/investing/2022/12/24/3-super-safe-dividend-stocks-to-buy-for-2023-and-b/,The Motley Fool,0.0,0.0,neutral,0.0,False,True,False,False,False,True,False,False,0.0,100,"['BIPC', 'KMI', 'BIP', 'PLD']",BIPC,2022-12-24
3 Top Dividend Stocks to Buy Now That Are Down 23% to 27%,These high-quality dividend stocks like look great buys after slumping this year.,2022-12-26 10:47:00+00:00,https://www.fool.com/investing/2022/12/26/3-top-dividend-stocks-to-buy-now-that-are-down-23/,The Motley Fool,0.3814814814814815,0.512962962962963,positive,0.3814814814814815,False,True,False,False,False,True,False,False,0.0,140,"['D', 'BRK.A', 'BRK.B', 'BIP', 'BEP', 'VPU', 'BEPC', 'BIPC']",BIPC,2022-12-26
"Where to Invest $5,000 for the Next 5 Years",Put your money into these megatrends.,2022-12-26 12:22:00+00:00,https://www.fool.com/investing/2022/12/26/where-to-invest-5000-for-the-next-5-years/,The Motley Fool,0.0,0.0,neutral,0.0,False,False,False,False,False,False,False,False,0.0,82,"['BIPC', 'AMT', 'INTC', 'NEE', 'BIP', 'PANW', 'PLD', 'CBRE']",BIPC,2022-12-26
"Near a 52-Week Low Now, This Stock Could Be One of the Biggest Winners of 2023","Despite projecting record numbers for 2023, this surprising dividend growth stock is being punished.",2022-12-30 12:00:00+00:00,https://www.fool.com/investing/2022/12/30/near-52-week-low-now-stock-biggest-winners-2023/,The Motley Fool,0.26666666666666666,0.39999999999999997,positive,0.26666666666666666,False,False,False,False,False,True,False,False,0.0,180,"['BIP', 'INTC', 'BIPC']",BIPC,2022-12-30
"Got $5,000? 3 Top Infrastructure Stocks to Buy for the Long Term","The world is filled with irreplaceable and vital physical assets, and you can profit from owning them with this trio of dividend stocks.",2022-12-31 19:04:00+00:00,https://www.fool.com/investing/2022/12/31/got-5000-3-top-infrastructure-stocks-to-buy-for-th/,The Motley Fool,0.19,0.4685714285714286,positive,0.19,True,True,False,False,False,True,False,False,0.0,202,"['EPD', 'ENB', 'BIP', 'BIPC']",BIPC,2022-12-31
23 Top Dividend Stocks to Buy and Hold in 2023,These dividend stocks could reward investors in the new year and beyond.,2023-01-03 10:55:00+00:00,https://www.fool.com/investing/2023/01/03/23-top-dividend-stocks-to-buy-and-hold-in-2023/,The Motley Fool,0.3181818181818182,0.4772727272727273,positive,0.3181818181818182,False,True,False,False,False,True,False,False,0.0,120,"['ARCC', 'AAPL', 'VZ', 'MSFT', 'JNJ', 'DVN', 'O', 'CVX', 'UPS', 'PXD', 'WPC', 'BMY', 'BIP', 'EPD', 'ABBV', 'DLR', 'OKE', 'MPW', 'RITM', 'BEP', 'DEA', 'BIPC', 'BEPC']",BIPC,2023-01-03
Better High-Yield Healthcare REIT Buy: Medical Properties Or Physicians Realty,Medical Properties Trust and Physicians Realty Trust are both high-yield healthcare REITs. Click here for a comparison of MPW and DOC.,2023-01-11 13:30:00+00:00,https://seekingalpha.com/article/4569108-better-high-yield-healthcare-reit-buy-medical-properties-or-physicians-realty,Seeking Alpha,0.16666666666666666,0.16666666666666666,positive,0.16666666666666666,False,True,False,False,False,False,False,False,0.0,214,"['VNQ', 'BN', 'BAM', 'BBU', 'BIP', 'BIPC', 'BEP', 'DOC', 'MPW']",BIPC,2023-01-11
3 Stocks That Could Create Lasting Generational Wealth,Making money that spans generations requires thinking big.,2023-01-15 10:50:00+00:00,https://www.fool.com/investing/2023/01/15/3-stocks-that-create-lasting-generational-wealth/,The Motley Fool,0.0,0.05,neutral,0.0,False,False,False,False,False,False,False,False,0.0,114,"['MA', 'BIP', 'BEAM', 'BIPC', 'SOUN']",BIPC,2023-01-15
3 No-Brainer Stocks to Buy for Less Than the Cost of 1 Tesla Share,Why buy one share of Tesla when you can buy each of these three great stocks and have money left over?,2023-01-17 10:52:00+00:00,https://www.fool.com/investing/2023/01/17/no-brainer-stocks-to-buy-for-less-than-tesla/,The Motley Fool,0.21111111111111114,0.2722222222222222,positive,0.21111111111111114,False,True,False,False,False,False,False,False,0.0,170,"['TTD', 'TSLA', 'BIP', 'BEP', 'BIPC', 'BEPC']",BIPC,2023-01-17
Buying $500 of This Stock Would Be a Genius Move Right Now,This entity trades at a huge price disconnect and has powerful growth prospects.,2023-01-17 15:29:00+00:00,https://www.fool.com/investing/2023/01/17/buying-500-of-this-stock-would-be-a-genius-move-ri/,The Motley Fool,0.32857142857142857,0.811904761904762,positive,0.32857142857142857,False,True,False,False,False,False,False,False,0.0,140,"['BIP', 'BIPC']",BIPC,2023-01-17
3 Rock-Solid Dividend Stocks to Buy in 2023 and Hold for the Next Decade,You can rest easy while owning these dependable cash generators.,2023-02-01 10:50:00+00:00,https://www.fool.com/investing/2023/02/01/rock-solid-dividend-stocks-to-buy-in-2023-and-hold/,The Motley Fool,0.21666666666666667,0.4166666666666667,positive,0.21666666666666667,False,True,False,False,False,True,False,False,0.0,138,"['MCD', 'LMT', 'BIP', 'BIPC']",BIPC,2023-02-01
This Top Dividend Stock's High-Powered Growth Makes it a Great Buy,The company delivered healthy growth last year and has more ahead.,2023-02-04 15:30:00+00:00,https://www.fool.com/investing/2023/02/04/this-top-dividend-stocks-high-powered-growth-makes/,The Motley Fool,0.45999999999999996,0.46333333333333326,positive,0.45999999999999996,False,True,False,False,False,True,False,False,0.0,134,"['BIPC', 'BIP']",BIPC,2023-02-04
History Shows This Is One of the Best Investments to Make Right Now,This type of investment outperforms during economic downturns.,2023-02-11 11:08:00+00:00,https://www.fool.com/investing/2023/02/11/history-shows-this-is-one-of-the-best-investments/,The Motley Fool,0.4952380952380952,0.3452380952380952,positive,0.4952380952380952,False,False,False,False,False,False,False,False,0.0,131,"['BIPC', 'AMT', 'ENB', 'NEE', 'BIP']",BIPC,2023-02-11
Love Making Money? 3 Dividend Powerhouses You Won't Regret Buying,These companies have made their investors lots of money by paying attractive dividends over the years.,2023-02-12 13:33:00+00:00,https://www.fool.com/investing/2023/02/12/love-making-money-3-dividend-powerhouses-you-wont/,The Motley Fool,0.65,0.8,positive,0.65,False,True,False,False,False,True,False,False,0.0,169,"['BIPC', 'SWK', 'BIP', 'NEP']",BIPC,2023-02-12
Better Canadian Infrastructure Buy: Enbridge Or Brookfield Infrastructure?,Brookfield Infrastructure and Enbridge are two BBB+ rated infrastructure businesses with impressive track records. See which one is a better buy right now.,2023-02-14 13:00:00+00:00,https://seekingalpha.com/article/4577576-better-canadian-infrastructure-buy-enbridge-brookfield,Seeking Alpha,0.5714285714285714,0.6339285714285714,positive,0.5714285714285714,False,True,False,False,False,False,False,False,0.0,231,"['BAM', 'BN', 'CNI', 'DLR', 'ENBA', 'BIP', 'BIPC', 'ENB']",BIPC,2023-02-14
Brookfield Asset Management Can Help You Retire Wall Street Rich,Brookfield Asset Management grew 24% since we recommended it at Dec.-end. Click to see why I think BAM offers Buffett-like long-term returns.,2023-02-15 12:00:00+00:00,https://seekingalpha.com/article/4578264-brookfield-asset-management-can-help-you-retire-wall-street-rich,Seeking Alpha,0.2375,0.375,positive,0.2375,False,False,False,False,False,False,True,False,0.0,207,"['BN', 'BEP', 'BIPC', 'BAM']",BIPC,2023-02-15
Why It Could Be Time to Sell These Brookfield Stocks,An increasingly complex corporate structure should have investors at least paying closer attention.,2023-02-17 10:14:00+00:00,https://www.fool.com/investing/2023/02/17/why-it-could-be-time-to-sell-these-brookfield-stoc/,The Motley Fool,-0.19999999999999998,0.26666666666666666,negative,0.19999999999999998,False,False,False,False,False,False,False,False,0.0,153,"['BIP', 'BN', 'BEP', 'BBU', 'BIPC', 'BEPC', 'BNRE', 'BBUC', 'BAM']",BIPC,2023-02-17
A Recession Could Be More Likely Now: Here's What Investors Should Do,There's one strategy that's the best approach of all.,2023-02-18 11:55:00+00:00,https://www.fool.com/investing/2023/02/18/recession-more-likely-now-what-investors-should-do/,The Motley Fool,0.5,0.6,positive,0.5,False,False,False,False,False,False,False,False,0.0,124,"['BIP', 'VRTX', 'PG', 'BIPC']",BIPC,2023-02-18
Why Brookfield Infrastructure Is a Top Dividend Stock to Buy Right Now,"Diverse, stable cash flows, global exposure, and massive tailwinds.",2023-02-19 10:05:00+00:00,https://www.fool.com/investing/2023/02/19/why-brookfield-infrastructure-is-a-dividend-stock/,The Motley Fool,0.19642857142857142,0.5089285714285714,positive,0.19642857142857142,False,True,False,False,False,True,False,False,0.0,139,"['BIP', 'BIPC']",BIPC,2023-02-19
3 Great Dividend Stocks for Retirees to Buy Right Now,Solid dividends plus solid underlying businesses make these stocks solid picks for retirees.,2023-02-19 10:50:00+00:00,https://www.fool.com/investing/2023/02/19/3-great-dividend-stocks-for-retirees-to-buy-now/,The Motley Fool,0.21714285714285717,0.31714285714285717,positive,0.21714285714285717,False,True,False,False,False,True,False,False,0.0,147,"['ENB', 'BIP', 'DEA', 'BIPC']",BIPC,2023-02-19
"Down 17%, This Magnificent Dividend Stock Is a Screaming Buy",The company has lots of upside catalysts.,2023-02-21 13:45:00+00:00,https://www.fool.com/investing/2023/02/21/down-17-this-magnificent-dividend-stock-is-a-screa/,The Motley Fool,0.4222222222222222,0.6444444444444445,positive,0.4222222222222222,False,True,False,False,False,True,False,False,0.0,103,"['BIPC', 'INTC', 'BIP']",BIPC,2023-02-21
This Stock's Ultra-High-Yielding Dividend Is Getting Safer By the Deal,Crestwood Equity Partners' robust payout is on an increasingly firm foundation.,2023-02-22 15:18:00+00:00,https://www.fool.com/investing/2023/02/22/this-stocks-ultra-high-yielding-dividend-is-gettin/,The Motley Fool,-0.2,0.4,negative,0.2,False,False,False,False,False,True,False,False,0.0,151,"['CEQP', 'BIP', 'BIPC']",BIPC,2023-02-22
Is Brookfield Infrastructure Stock a Buy?,"Brookfield Infrastructure has a strong history of dividend growth, but it is a unique offering because it isn't really an operating company.",2023-02-23 10:31:00+00:00,https://www.fool.com/investing/2023/02/23/is-brookfield-infrastructure-stock-a-buy/,The Motley Fool,0.3361111111111111,0.6444444444444445,positive,0.3361111111111111,False,True,False,False,False,True,False,False,0.0,183,"['BIPC', 'D', 'BIP']",BIPC,2023-02-23
Intel Is Gutting Its Dividend. How Did It Fall So Far So Fast?,The semiconductor company is slashing its dividend to save money.,2023-02-24 12:46:00+00:00,https://www.fool.com/investing/2023/02/24/intel-is-gutting-its-dividend-how-did-it-fall-so-f/,The Motley Fool,0.15000000000000002,0.8,positive,0.15000000000000002,False,False,False,False,False,True,False,False,0.0,129,"['INTC', 'BIP', 'BIPC']",BIPC,2023-02-24
"3 Top Stocks to Invest $3,000 in Right Now",These three stocks have tremendous growth prospects.,2023-02-25 10:50:00+00:00,https://www.fool.com/investing/2023/02/25/3-top-stocks-to-invest-3000-in-right-now/,The Motley Fool,0.373015873015873,0.6785714285714285,positive,0.373015873015873,False,False,False,False,False,False,False,False,0.0,96,"['VRTX', 'AMZN', 'BIP', 'BIPC']",BIPC,2023-02-25
This Dividend Stock's Brilliant Strategy Continues to Supercharge Its Growth,The company actively enhances its portfolio.,2023-02-27 14:12:00+00:00,https://www.fool.com/investing/2023/02/27/this-dividend-stocks-brilliant-strategy-continues/,The Motley Fool,0.38333333333333336,0.8,positive,0.38333333333333336,False,False,False,False,False,True,False,False,0.0,122,"['BIPC', 'BIP', 'CEQP']",BIPC,2023-02-27
2 Energy Stocks That Are Heating Up Right Now,These energy infrastructure operators have gotten 2023 off to a red-hot start.,2023-02-28 14:28:00+00:00,https://www.fool.com/investing/2023/02/28/2-energy-stocks-that-are-heating-up-right-now/,The Motley Fool,0.2857142857142857,0.5357142857142857,positive,0.2857142857142857,False,False,False,False,False,False,False,False,0.0,125,"['BIPC', 'BIP', 'AY', 'AQN']",BIPC,2023-02-28
3 Magnificent Dividend Stocks to Buy in March,Income investors should find a lot to like with each of these stocks.,2023-03-01 10:55:00+00:00,https://www.fool.com/investing/2023/03/01/3-magnificent-dividend-stocks-to-buy-in-march/,The Motley Fool,1.0,1.0,positive,1.0,False,True,False,False,False,True,False,False,0.0,116,"['ENB', 'ARCC', 'BIP', 'BIPC']",BIPC,2023-03-01
This Magnificent Dividend Stock's Recent Additions Add More Fuel to the Buy Case,The company has plenty of power to continue growing its payout.,2023-03-02 12:37:00+00:00,https://www.fool.com/investing/2023/03/02/this-magnificent-dividend-stocks-recent-additions/,The Motley Fool,0.5,0.5833333333333334,positive,0.5,False,True,False,False,False,True,False,False,0.0,145,"['ENB', 'MT', 'CEQP', 'BIP', 'BIPC']",BIPC,2023-03-02
4 Top Dividend Stocks Yielding 4%+ to Buy This March,These stocks are great passive income producers.,2023-03-04 12:09:00+00:00,https://www.fool.com/investing/2023/03/04/4-top-dividend-stocks-yielding-4-to-buy-this-march/,The Motley Fool,0.65,0.625,positive,0.65,False,True,False,False,False,True,False,False,0.0,102,"['BIP', 'CCI', 'WMB', 'CWEN', 'CWEN.A', 'BIPC']",BIPC,2023-03-04
3 Top Dividend Stocks I Can't Wait to Buy In March,I plan to buy more of these excellent income stocks this month.,2023-03-05 13:09:00+00:00,https://www.fool.com/investing/2023/03/05/3-top-dividend-stocks-i-cant-wait-to-buy-in-march/,The Motley Fool,0.6666666666666666,0.6666666666666666,positive,0.6666666666666666,False,True,False,False,False,True,False,False,0.0,115,"['BIP', 'TTE', 'NEE', 'CWEN', 'CWEN.A', 'BIPC']",BIPC,2023-03-05
3 Premier Dividend Stocks Yielding 3% to Buy Without Hesitation,These companies offer above-average dividend yields and growth prospects.,2023-03-09 13:28:00+00:00,https://www.fool.com/investing/2023/03/09/3-premier-dividend-stocks-yielding-3-buy-without-h/,The Motley Fool,0.0,0.0,neutral,0.0,False,True,False,False,False,True,False,False,0.0,138,"['AMT', 'AVGO', 'BIP', 'BIPC']",BIPC,2023-03-09
Buy and Hold These 3 Stocks for Decades of Passive Income,These companies should be able to supply steady income for years to come.,2023-03-11 15:23:00+00:00,https://www.fool.com/investing/2023/03/11/buy-and-hold-these-3-stocks-for-decades-of-passive/,The Motley Fool,0.3333333333333333,0.5625,positive,0.3333333333333333,False,True,False,False,False,False,False,False,0.0,132,"['BIPC', 'ENB', 'AWR', 'BIP']",BIPC,2023-03-11
These Super Cheap Dividend Stocks Can Supercharge Your Income,These companies trade at low valuations and high dividend yields.,2023-03-12 14:33:00+00:00,https://www.fool.com/investing/2023/03/12/these-super-cheap-dividend-stocks-can-supercharge/,The Motley Fool,0.22333333333333336,0.5516666666666666,positive,0.22333333333333336,False,False,False,False,False,True,False,False,0.0,128,"['BIP', 'ET', 'WMB', 'ENB', 'CEQP', 'KMI', 'BIPC']",BIPC,2023-03-12
3 Stocks I Bought This Week,Market sell-offs are often great times to buy high-quality stocks at more attractive values.,2023-03-18 11:35:00+00:00,https://www.fool.com/investing/2023/03/18/3-stocks-i-bought-this-week/,The Motley Fool,0.7000000000000001,0.75,positive,0.7000000000000001,False,True,False,False,False,False,False,False,0.0,121,"['AMT', 'NEE', 'BIP', 'BIPC']",BIPC,2023-03-18
3 Surefire Dividend Stocks That'll Help You Build Wealth,These companies have excellent long-term track records of enriching their investors.,2023-03-18 13:08:00+00:00,https://www.fool.com/investing/2023/03/18/surefire-dividend-stocks-that-help-build-wealth/,The Motley Fool,1.0,1.0,positive,1.0,False,False,False,False,False,True,False,False,0.0,142,"['EPD', 'BIP', 'BEP', 'BIPC', 'BEPC']",BIPC,2023-03-18
Still Concerned About Inflation? These 3 Dividend Stocks Get an Inflation-Driven Boost,These companies have features that enable them to benefit from inflation.,2023-03-19 11:45:00+00:00,https://www.fool.com/investing/2023/03/19/still-concerned-about-inflation-these-3-dividend-s/,The Motley Fool,0.0,0.0,neutral,0.0,False,False,False,False,False,True,False,False,0.0,161,"['BIPC', 'WPC', 'BIP', 'LAND']",BIPC,2023-03-19
I Own 12 High-Yield Dividend Stocks. Here's the Best of the Bunch.,It isn't an easy decision to choose the best among this group of dividend stocks.,2023-03-25 09:52:00+00:00,https://www.fool.com/investing/2023/03/25/i-own-12-high-yield-dividend-stocks-heres-the-best/,The Motley Fool,0.7583333333333333,0.6083333333333333,positive,0.7583333333333333,False,False,False,False,False,True,False,False,0.0,149,"['BEP', 'PFE', 'WMB', 'BIP', 'DVN', 'EPD', 'ABBV', 'OKE', 'MPW', 'IIPR', 'BIPC', 'BEPC', 'VTRS', 'DLY']",BIPC,2023-03-25
This Exceptional Dividend Stock Trades at a Bargain-Basement Price,This partnership trades at a lower valuation and higher dividend yield than its corporate sibling.,2023-03-29 11:09:00+00:00,https://www.fool.com/investing/2023/03/29/this-exceptional-dividend-stock-trades-at-a-bargai/,The Motley Fool,0.3055555555555555,0.5,positive,0.3055555555555555,False,False,False,True,False,True,False,False,0.0,166,"['BIP', 'BN', 'BEP', 'BIPC', 'BEPC']",BIPC,2023-03-29
3 Premium Dividend Stocks I'd Buy Without Hesitation This April,These companies offer a premium combination of growth and income.,2023-04-01 15:03:00+00:00,https://www.fool.com/investing/2023/04/01/3-premium-dividend-stocks-id-buy-without-hesitatio/,The Motley Fool,0.0,0.0,neutral,0.0,False,True,False,False,False,True,False,False,0.0,130,"['EPD', 'BIP', 'PLD', 'BIPC']",BIPC,2023-04-01
"These 5 High-Yield Dividend Stocks Should Make Me $3,000 in Passive Income This Year",The dividends should increase for several of these stocks.,2023-04-02 09:50:00+00:00,https://www.fool.com/investing/2023/04/02/high-yield-dividend-stocks-passive-income/,The Motley Fool,0.0,0.0,neutral,0.0,False,False,False,False,False,True,False,False,0.0,144,"['MPW', 'DVN', 'EPD', 'BIP', 'ABBV', 'BIPC']",BIPC,2023-04-02
3 Top Stocks to Buy in April,These stocks offer a great combination of income and upside potential.,2023-04-02 11:45:00+00:00,https://www.fool.com/investing/2023/04/02/3-top-stocks-to-buy-in-april/,The Motley Fool,0.43333333333333335,0.75,positive,0.43333333333333335,False,True,False,False,False,False,False,False,0.0,100,"['BIP', 'NEE', 'PLD', 'BIPC']",BIPC,2023-04-02
3 Top Dividend Stocks I Can't Wait to Buy In April,This Fool plans to put his dividend income to work generating more dividends.,2023-04-03 13:39:00+00:00,https://www.fool.com/investing/2023/04/03/3-top-dividend-stocks-i-cant-wait-to-buy-in-april/,The Motley Fool,0.5,0.5,positive,0.5,False,True,False,False,False,True,False,False,0.0,129,"['ET', 'NEE', 'BIP', 'BIPC']",BIPC,2023-04-03
5 Dividend Stocks to Invest in Now,These stocks have great yields and rock-solid businesses.,2023-04-11 13:17:27+00:00,https://www.fool.com/investing/2023/04/11/5-dividend-stocks-to-invest-in-now/,The Motley Fool,0.8,0.75,positive,0.8,False,False,False,False,False,True,False,False,0.0,93,"['VZ', 'T', 'BBY', 'SWK', 'BIP', 'BIPC']",BIPC,2023-04-11
Here's Why Brookfield Infrastructure Partners Is a No-Brainer Dividend Stock,The company pays a very durable dividend.,2023-04-12 11:44:00+00:00,https://www.fool.com/investing/2023/04/12/heres-why-brookfield-infrastructure-partners-is-a/,The Motley Fool,0.2,0.3,positive,0.2,False,False,False,False,False,True,False,False,0.0,119,"['BIP', 'BIPC']",BIPC,2023-04-12
Merger News Is Sending These 2 Stocks Soaring,"One is climbing because of an acquisition, while the other is on the rise after canceling a planned deal.",2023-04-12 13:26:30+00:00,https://www.fool.com/investing/2023/04/12/merger-news-is-sending-these-2-stocks-soaring/,The Motley Fool,-0.125,0.375,negative,0.125,False,True,False,False,False,False,False,False,0.0,152,"['TRTN', 'BIP', 'BIPC', 'HZON']",BIPC,2023-04-12
Why Triton International Stock Is Skyrocketing Today,The company has agreed to be acquired at a substantial premium.,2023-04-12 16:12:22+00:00,https://www.fool.com/investing/2023/04/12/why-triton-international-stock-is-skyrocketing-tod/,The Motley Fool,0.0,0.0,neutral,0.0,False,True,False,False,False,False,False,False,0.0,117,"['TRTN', 'BIP', 'BIPC']",BIPC,2023-04-12
This Top Dividend Stock Continues to Supercharge Its Growth Profile,The global infrastructure company continues to find attractive acquisitions to complement organic growth.,2023-04-13 11:49:00+00:00,https://www.fool.com/investing/2023/04/13/this-top-dividend-stock-continues-to-supercharge-i/,The Motley Fool,0.43333333333333335,0.5,positive,0.43333333333333335,False,True,False,False,False,True,False,False,0.0,174,"['BIP', 'TRTN', 'BIPC']",BIPC,2023-04-13
Why I Just Bought More of This Magnificent Dividend Stock,The company is trading at such an attractive valuation these days.,2023-04-15 11:15:00+00:00,https://www.fool.com/investing/2023/04/15/why-i-just-bought-more-of-this-magnificent-dividen/,The Motley Fool,0.575,0.75,positive,0.575,False,False,False,False,False,True,False,False,0.0,125,"['BIP', 'BIPC']",BIPC,2023-04-15
A Potential Warning Sign for This Ultra-Popular High-Yield Dividend Stock,Tyler adds a new wrinkle to existing concerns for Brookfield Infrastructure.,2023-04-23 11:07:00+00:00,https://www.fool.com/investing/2023/04/23/a-potential-warning-sign-for-this-ultra-popular-hi/,The Motley Fool,0.06818181818181818,0.7272727272727273,neutral,0.06818181818181818,False,False,False,False,False,True,False,False,0.0,151,"['BIP', 'BIPC']",BIPC,2023-04-23
These 3 Dividend Stocks Are Your Answer to the Banking Industry's Financial Woes,These dividend stocks offer a secure way to generate passive income.,2023-04-23 14:15:00+00:00,https://www.fool.com/investing/2023/04/23/these-3-dividend-stocks-are-your-answer-to-the-ban/,The Motley Fool,0.2,0.3,positive,0.2,False,False,True,False,False,True,False,False,0.0,150,"['EPD', 'NEE', 'BIP', 'FRC', 'NEP', 'KBE', 'BIPC', 'TRTN']",BIPC,2023-04-23
A Bull Market Is Coming: 2 Stocks That Could Skyrocket,These two companies are investing billions for future growth and cash flow.,2023-04-28 21:42:00+00:00,https://www.fool.com/investing/2023/04/28/a-bull-market-is-coming-2-stocks-that-could-skyroc/,The Motley Fool,0.0,0.125,neutral,0.0,False,False,False,False,False,False,False,False,0.0,131,"['TSLA', 'BIP', 'TRTN', 'BIPC']",BIPC,2023-04-28
2 Extraordinary Growth Stocks to Buy at a Discount,These companies offer big-time growth at dirt-cheap prices.,2023-04-29 15:33:00+00:00,https://www.fool.com/investing/2023/04/29/2-extraordinary-growth-stocks-to-buy-at-a-discount/,The Motley Fool,0.3333333333333333,1.0,positive,0.3333333333333333,False,True,False,False,False,False,False,False,0.0,111,"['BIP', 'INTC', 'NEE', 'NEP', 'BIPC', 'TRTN']",BIPC,2023-04-29
5 Top Stocks for May,"Earnings season is moving the stock market, but these quality companies have the fundamentals to power through volatility.",2023-05-01 09:30:00+00:00,https://www.fool.com/investing/2023/05/01/5-top-stocks-for-may/,The Motley Fool,0.5,0.5,positive,0.5,True,False,False,False,False,False,False,False,0.0,144,"['AMZN', 'F', 'BIP', 'ENPH', 'ROKU', 'BIPC']",BIPC,2023-05-01
"The Best Stocks to Invest $5,000 in Right Now",These appear to be the ideal stocks in times like these.,2023-05-01 09:50:00+00:00,https://www.fool.com/investing/2023/05/01/the-best-stocks-to-invest-5000-in-right-now/,The Motley Fool,0.7285714285714285,0.6119047619047618,positive,0.7285714285714285,False,False,False,False,False,False,False,False,0.0,103,"['VRTX', 'PEP', 'BIP', 'BIPC']",BIPC,2023-05-01
3 Energy Stocks to Buy Hand Over Fist in May,These companies could energize your portfolio.,2023-05-04 11:18:00+00:00,https://www.fool.com/investing/2023/05/04/3-energy-stocks-to-buy-hand-over-fist-in-may/,The Motley Fool,0.0,0.0,neutral,0.0,False,True,False,False,False,False,False,False,0.0,92,"['EPD', 'NEE', 'BIP', 'BIPC']",BIPC,2023-05-04
"Buying $1,000 of This 4.3%-Yielding Dividend Stock Would Be a Genius Move in May",The company proves it can continue growing its attractive dividend.,2023-05-07 14:35:00+00:00,https://www.fool.com/investing/2023/05/07/buying-1000-of-this-43-yielding-dividend-stock-wou/,The Motley Fool,0.55,0.5,positive,0.55,False,True,False,False,False,True,False,False,0.0,149,"['BIP', 'INTC', 'BIPC', 'TRTN']",BIPC,2023-05-07
Like Passive Income and Growth Potential? Then You'll Love These 3 Stocks,These three companies are bridging the gap between the physical and the digital world.,2023-05-14 10:30:00+00:00,https://www.fool.com/investing/2023/05/14/like-passive-income-and-growth-potential-then-youl/,The Motley Fool,0.125,0.4357142857142857,positive,0.125,False,False,False,False,False,False,False,False,0.0,161,"['JCI', 'QCOM', 'BIP', 'BIPC']",BIPC,2023-05-14
4 Dividend Stocks Yielding 4%+ to Buy Right Now for Loads of Passive Income,These companies can produce lots of dividend income in the coming years.,2023-05-14 13:16:00+00:00,https://www.fool.com/investing/2023/05/14/4-dividend-stocks-yielding-4-to-buy-right-now-for/,The Motley Fool,0.2857142857142857,0.5357142857142857,positive,0.2857142857142857,False,True,False,False,False,True,False,False,0.0,149,"['ARE', 'KMI', 'BIP', 'VICI', 'BIPC', 'TRTN']",BIPC,2023-05-14
"If I Only Had $100 to Invest, Here's the 1 Stock I'd Buy Right Now",This company is this Fool's highest-conviction idea right now.,2023-05-16 12:47:00+00:00,https://www.fool.com/investing/2023/05/16/if-i-only-had-100-to-invest-heres-the-1-stock-id-b/,The Motley Fool,0.19047619047619047,0.6904761904761904,positive,0.19047619047619047,False,True,False,False,False,False,False,False,0.0,130,"['BIP', 'INTC', 'BIPC', 'TRTN']",BIPC,2023-05-16
3 Great Dividend Stocks You Can Buy for Less Than $50,These companies make it easy to start generating passive income.,2023-05-17 12:37:00+00:00,https://www.fool.com/investing/2023/05/17/3-great-dividend-stocks-you-can-buy-for-less-than/,The Motley Fool,0.3555555555555556,0.5499999999999999,positive,0.3555555555555556,False,True,False,False,False,True,False,False,0.0,119,"['VZ', 'NNN', 'BIP', 'BIPC']",BIPC,2023-05-17
"Sometimes, Investing Isn't Exciting - April Dividend Income Report",Each month and each quarter doesn’t necessarily bring a comparable level of excitement. The best thing to do with your portfolio is often not to do anything.,2023-05-19 05:30:00+00:00,https://seekingalpha.com/article/4605962-sometimes-investing-isnt-exciting-april-dividend-income-report,Seeking Alpha,0.43333333333333335,0.7000000000000001,positive,0.43333333333333335,False,False,False,False,False,True,False,False,0.0,225,"['AAPL', 'AQN', 'AQNA', 'AQNB', 'ATVI', 'BEP', 'BEPC', 'BIPC', 'BLK', 'CAE', 'CNQ', 'DIS', 'FTS', 'GNTX', 'HD', 'MGA', 'MSFT', 'RY', 'SBUX', 'SPY', 'TD', 'TU', 'TXN', 'V']",BIPC,2023-05-19
This Emerging Megatrend Will Be a Huge Boon for These Dividend Stocks,Evolving global supply chains will provide new growth opportunities for logistics companies.,2023-05-20 11:11:00+00:00,https://www.fool.com/investing/2023/05/20/this-emerging-megatrend-will-be-a-huge-boon-for-th/,The Motley Fool,0.1787878787878788,0.4515151515151515,positive,0.1787878787878788,False,False,False,False,False,True,False,False,0.0,163,"['BIP', 'TRNO', 'PLD', 'REXR', 'TRTN', 'BIPC']",BIPC,2023-05-20
"The Best Stocks to Invest $20,000 in Right Now",These stocks should be winners in good times and bad times.,2023-05-27 09:50:00+00:00,https://www.fool.com/investing/2023/05/27/the-best-stocks-to-invest-20000-in-right-now/,The Motley Fool,0.3214285714285714,0.5255952380952381,positive,0.3214285714285714,False,False,False,False,False,False,False,False,0.0,107,"['VRTX', 'DG', 'BIP', 'BIPC']",BIPC,2023-05-27
Want to Get Richer? 3 Top Stocks to Buy Now and Hold Forever,These stocks have what it takes to help you build long-term wealth.,2023-05-28 09:50:00+00:00,https://www.fool.com/investing/2023/05/28/want-to-get-richer-3-top-stocks-to-buy-now-and-hol/,The Motley Fool,0.5,0.5,positive,0.5,False,True,False,False,False,False,False,False,0.0,129,"['VRTX', 'MELI', 'BIP', 'BIPC']",BIPC,2023-05-28
3 High-Yield Dividend Stocks That Could Be Worth Holding Forever,These companies could supply their investors with a lifetime of dividend income.,2023-05-28 12:41:00+00:00,https://www.fool.com/investing/2023/05/28/3-high-yield-dividend-stocks-that-could-be-worth-h/,The Motley Fool,0.3,0.1,positive,0.3,False,False,False,False,False,True,False,False,0.0,146,"['ENB', 'NEE', 'BIP', 'NEP', 'BIPC']",BIPC,2023-05-28
Want Passive Income From Stocks? 3 Once-in-a-Decade Buying Opportunities.,Overlooking the passive income potential of these quality dividend investments is a big mistake.,2023-06-12 10:15:00+00:00,https://www.fool.com/investing/2023/06/12/want-passive-income-from-stocks-3-once-in-a-decade/,The Motley Fool,0.0,0.55,neutral,0.0,False,True,False,False,False,True,False,False,0.0,171,"['CWEN', 'BIP', 'BIPC', 'NFRA']",BIPC,2023-06-12
Brookfield Infrastructure Corporation Announces Results of Annual Meeting of Shareholders,"BROOKFIELD, NEWS, June  14, 2023  (GLOBE NEWSWIRE) -- Brookfield Infrastructure Corporation (the “Corporation”) (TSX, NYSE: BIPC) today announced that all eight nominees proposed for election to the board of directors by holders of class A exchangeable subordinate voting shares (“Exchangeable Shares”) and holders of class B multiple voting shares (“Class B Shares”) were elected at the Corporation’s annual meeting of shareholders held on June 14, 2023 in a virtual meeting format. Detailed results of the vote for the election of directors are set out below.",2023-06-14 20:12:00+00:00,https://www.globenewswire.com/news-release/2023/06/14/2688462/0/en/Brookfield-Infrastructure-Corporation-Announces-Results-of-Annual-Meeting-of-Shareholders.html,GlobeNewswire Inc.,0.2,0.375,positive,0.2,False,False,False,False,False,False,True,False,0.0,652,"['BIPC', 'BIPC']",BIPC,2023-06-14
Adding More Of Telus - May Dividend Income Report,All dividend growth is coming from the stocks and not from any additional capital being added to the account.,2023-06-16 05:51:00+00:00,https://seekingalpha.com/article/4611876-adding-more-of-telus-may-dividend-income-report,Seeking Alpha,0.5,0.5,positive,0.5,False,False,False,False,False,True,False,False,0.0,160,"['AAPL', 'ATVI', 'BEPC', 'BIPC', 'BLK', 'CAE', 'CNQ', 'DIS', 'FTS', 'HD', 'MGA', 'MSFT', 'RY', 'SBUX', 'SPY', 'TD', 'TU', 'TXN', 'V']",BIPC,2023-06-16
This Magnificent 4.1%-Yielding Dividend Stock Continues to Gear Up for More Growth,The company is actively selling assets to recycle that capital into higher-returning opportunities.,2023-06-16 12:15:00+00:00,https://www.fool.com/investing/2023/06/16/this-magnificent-41-yielding-dividend-stock-contin/,The Motley Fool,0.45555555555555555,0.7000000000000001,positive,0.45555555555555555,False,False,False,False,False,True,False,False,0.0,183,"['BIP', 'KMI', 'BIPC']",BIPC,2023-06-16
2 Bargain-Basement Stocks to Buy Now to Make You Richer,"These stocks are incredibly cheap right now, which is why they offer such attractive payouts.",2023-06-20 14:32:59+00:00,https://www.fool.com/investing/2023/06/20/2-bargain-basement-stocks-to-buy-now-to-make-you-r/,The Motley Fool,0.37142857142857144,0.6839285714285714,positive,0.37142857142857144,False,True,False,False,False,False,False,False,0.0,150,"['ET', 'WMB', 'BIP', 'OKE', 'BIPC']",BIPC,2023-06-20
This 4.3%-Yielding Dividend Stock Continues Enhancing its Ability Capture This $1 Trillion Opportunity,The company continues to invest heavily to capitalize on the digitalization megatrend.,2023-06-21 12:35:00+00:00,https://www.fool.com/investing/2023/06/21/this-43-yielding-dividend-stock-continues-enhancin/,The Motley Fool,-0.2,0.5,negative,0.2,False,False,False,False,False,True,False,False,0.0,190,"['BIP', 'T', 'INTC', 'DLR', 'BIPC']",BIPC,2023-06-21
Retire With Passive Income: SCHD Vs. SPYD,Passive income from dividend stocks is arguably the best method for funding a retirement. Read more as we look at two popular passive income ETFs: SPYD and SCHD.,2023-06-23 10:00:00+00:00,https://seekingalpha.com/article/4613206-schd-vs-spyd-retire-with-passive-income,Seeking Alpha,0.7000000000000001,0.5666666666666668,positive,0.7000000000000001,False,False,False,False,False,True,False,False,0.0,204,"['ARCC', 'BIP', 'BIPC', 'EPD', 'IYJ', 'QQQ', 'VNQ', 'WPC', 'XLU', 'SCHD', 'SPYD']",BIPC,2023-06-23
2 Energy Stocks That Are Heating Up Right Now,These sibling companies have been busy enhancing their growth prospects over the past year.,2023-06-26 12:46:00+00:00,https://www.fool.com/investing/2023/06/26/2-energy-stocks-that-are-heating-up-right-now/,The Motley Fool,0.04523809523809522,0.3619047619047619,neutral,0.04523809523809522,False,False,False,False,False,False,False,False,0.0,138,"['BEP', 'INTC', 'BN', 'BIP', 'DUK', 'BIPC', 'BEPC', 'TRTN']",BIPC,2023-06-26
Brookfield Infrastructure Is One Of The Best Income Plays On The Market,Brookfield Infrastructure has a breathtaking portfolio of wide-moat businesses that cover every major infrastructure segment. See why BIP stock is a Buy.,2023-06-28 04:39:19+00:00,https://seekingalpha.com/article/4614012-brookfield-infrastructure-one-best-income-plays-market-buy,Seeking Alpha,0.6875,0.6,positive,0.6875,False,True,False,False,False,False,False,False,0.0,226,"['BIP', 'BIPC']",BIPC,2023-06-28
3 No-Brainer Stocks to Buy With $500,These companies have excellent track records of growing value for their investors.,2023-07-05 13:34:00+00:00,https://www.fool.com/investing/2023/07/05/3-no-brainer-stocks-to-buy-with-500/,The Motley Fool,1.0,1.0,positive,1.0,False,True,False,False,False,False,False,False,0.0,120,"['EPD', 'NEE', 'BIP', 'BIPC']",BIPC,2023-07-05
A Bull Market Might Be Upon Us: 2 Bargain-Basement Stocks to Buy Now,"These stocks look cheap, heading into a potential recovery.",2023-07-06 13:35:00+00:00,https://www.fool.com/investing/2023/07/06/a-bull-market-might-be-upon-us-2-bargain-basement/,The Motley Fool,0.2,0.85,positive,0.2,False,True,False,False,False,False,False,False,0.0,129,"['BIP', 'WMB', 'BIPC']",BIPC,2023-07-06
Industries That Thrive During Recessions,A look at some recession-proof stocks to consider adding to your portfolio.,2023-07-10 19:04:14+00:00,https://www.fool.com/investing/how-to-invest/what-to-invest-in/recession-proof-stocks/,The Motley Fool,0.0,0.0,neutral,0.0,False,False,False,False,False,False,False,False,0.0,117,"['JNJ', 'WM', 'PFE', 'HD', 'WMB', 'PG', 'UNH', 'DLTR', 'COST', 'PEP', 'DG', 'BIP', 'CVS', 'GIS', 'WBA', 'KR', 'BIPC', 'TSN', 'NEE', 'WMT', 'AWK']",BIPC,2023-07-10
Warren Buffett Is Betting Another $3.3 Billion on a Fossil Fuel-Filled Future,Buffett continues to put money behind the belief that fossil fuels will remain vital for a long time.,2023-07-12 10:08:00+00:00,https://www.fool.com/investing/2023/07/12/warren-buffett-is-betting-another-33-billion-on-a/,The Motley Fool,-0.08750000000000001,0.40625,neutral,0.08750000000000001,False,False,False,False,False,False,False,False,0.0,180,"['BRK.B', 'BRK.A', 'CVX', 'OXY', 'D', 'BIP', 'BIPC', 'SHEL', 'BAM']",BIPC,2023-07-12
These 3 Stocks Are on Sale: Why You Can't Miss Out on This Spectacular Buying Opportunity,These stocks still look attractive.,2023-07-13 12:05:00+00:00,https://www.fool.com/investing/2023/07/13/these-3-stocks-are-on-sale-why-you-cant-miss-out-o/,The Motley Fool,0.7,0.95,positive,0.7,False,True,False,False,False,False,False,False,0.0,126,"['DVN', 'ET', 'BIP', 'BIPC']",BIPC,2023-07-13
5 Stocks You Can Confidently Invest $500 in Right Now,"These companies are capitalizing on long-term growth trends, positioning them to continue creating value for investors.",2023-07-15 12:38:00+00:00,https://www.fool.com/investing/2023/07/15/5-stocks-you-can-confidently-invest-500-in-right-n/,The Motley Fool,0.39285714285714285,0.6845238095238095,positive,0.39285714285714285,False,False,False,False,False,False,False,False,0.0,174,"['AMT', 'NEE', 'BIP', 'PLD', 'BIPC', 'BX']",BIPC,2023-07-15
7 Spectacular High-Yield Dividend Stocks to Buy in July,These dividend yields could be hotter for investors than the temperatures this month.,2023-07-16 09:50:00+00:00,https://www.fool.com/investing/2023/07/16/7-spectacular-high-yield-dividend-stocks-to-buy-in/,The Motley Fool,0.6,0.9,positive,0.6,False,True,False,False,False,True,False,False,0.0,142,"['USB', 'CCI', 'EPD', 'ET', 'BIP', 'ABBV', 'BEP', 'BIPC', 'BEPC']",BIPC,2023-07-16
2 Bargain-Basement Stocks to Buy With No Hesitation,"While the market is starting to get more expensive, these stocks remain bargains.",2023-07-18 12:18:00+00:00,https://www.fool.com/investing/2023/07/18/2-bargain-basement-stocks-to-buy-with-no-hesitatio/,The Motley Fool,0.0,0.4333333333333333,neutral,0.0,False,True,False,False,False,False,False,False,0.0,134,"['BIP', 'WMB', 'BIPC']",BIPC,2023-07-18
3 High-Yield Dividend Stocks I Plan on Holding Forever,These stocks offer great yields but have even better underlying businesses.,2023-07-21 09:50:00+00:00,https://www.fool.com/investing/2023/07/21/3-high-yield-dividend-stocks-i-plan-on-holding-for/,The Motley Fool,0.65,0.625,positive,0.65,False,False,False,False,False,True,False,False,0.0,131,"['BIP', 'ABBV', 'BEP', 'BIPC', 'BEPC']",BIPC,2023-07-21
"Got $2,000? Here Are 2 Beaten-Down Growth Stocks to Buy Right Now",These top-notch growth stocks look like compelling investment opportunities right now.,2023-07-27 11:14:00+00:00,https://www.fool.com/investing/2023/07/27/got-2000-here-are-2-beaten-down-growth-stocks-to-b/,The Motley Fool,0.46785714285714286,0.6678571428571428,positive,0.46785714285714286,False,True,False,False,False,False,False,False,0.0,153,"['BIP', 'PLD', 'BIPC']",BIPC,2023-07-27
2 Multi-Trillion-Dollar Investing Megatrends You Won't Want to Miss,These massive trends could drive outsized investment returns in the coming years.,2023-07-29 12:25:00+00:00,https://www.fool.com/investing/2023/07/29/2-multi-trillion-dollar-investing-megatrends-you-w/,The Motley Fool,0.0,1.0,neutral,0.0,False,False,False,False,False,False,False,False,0.0,150,"['BX', 'AMT', 'NEE', 'EQIX', 'BIP', 'NI', 'BEP', 'BIPC', 'BEPC']",BIPC,2023-07-29
The Risk of a Dividend Cut Has Dropped Sharply for This High-Yield Stock,Digital Realty has finally made meaningful progress on its 2023 capital plan.,2023-07-30 15:01:00+00:00,https://www.fool.com/investing/2023/07/30/the-risk-of-a-dividend-cut-has-dropped-sharply-for/,The Motley Fool,0.09375,0.5625,neutral,0.09375,False,False,False,False,False,True,False,False,0.0,151,"['DLR', 'AMT', 'EQIX', 'BIP', 'BIPC', 'TPG']",BIPC,2023-07-30
3 High-Conviction Dividend Stocks to Buy in August,Investing in equal parts with these three industry-leading stocks produces a dividend yield of 3.5%.,2023-08-01 14:03:00+00:00,https://www.fool.com/investing/2023/08/01/3-high-conviction-dividend-stocks-to-buy-in-august/,The Motley Fool,0.0,0.25,neutral,0.0,False,True,False,False,False,True,False,False,0.0,152,"['UPS', 'NEM', 'BIP', 'BIPC']",BIPC,2023-08-01
A New Bull Market Is in Sight: 3 Top Dividend Stocks to Buy Sooner Rather Than Later,Income investors should love these stocks.,2023-08-09 09:52:00+00:00,https://www.fool.com/investing/2023/08/09/a-new-bull-market-is-in-sight-3-top-dividend-stock/,The Motley Fool,0.32727272727272727,0.510909090909091,positive,0.32727272727272727,False,True,False,False,False,True,False,False,0.0,128,"['EPD', 'BAC', 'BIP', 'BIPC']",BIPC,2023-08-09
3 Dividend Stocks You'll Regret Not Buying on the Dip,These beaten-down dividend stocks look like compelling investment opportunities.,2023-08-13 12:13:00+00:00,https://www.fool.com/investing/2023/08/13/3-dividend-stocks-youll-regret-not-buying-on-the-d/,The Motley Fool,0.3,0.6,positive,0.3,False,True,False,False,False,True,False,False,0.0,135,"['BEPC', 'SWK', 'INTC', 'BIP', 'BEP', 'BIPC', 'TRTN']",BIPC,2023-08-13
"Have $1,000? 2 All-Weather Dividend Stocks to Buy and Hold Forever",These companies generate very durable dividend income.,2023-08-23 12:15:00+00:00,https://www.fool.com/investing/2023/08/23/have-1000-2-all-weather-dividend-stocks-to-buy-and/,The Motley Fool,0.2,0.3,positive,0.2,False,True,False,False,False,True,False,False,0.0,122,"['O', 'BIP', 'BIPC']",BIPC,2023-08-23
"This Is My Favorite High-Yield Dividend Stock, and It's Not Even Close",Brookfield Infrastructure offers a high-yielding dividend and high total return potential.,2023-08-26 12:30:00+00:00,https://www.fool.com/investing/2023/08/26/this-is-my-favorite-high-yield-dividend-stock-and/,The Motley Fool,0.152,0.658,positive,0.152,False,False,False,False,False,True,False,False,0.0,162,"['BIP', 'BIPC']",BIPC,2023-08-26
3 Energy Stocks That Are Screaming Buys in September,These energy companies offer lots of income and upside potential.,2023-09-02 12:15:00+00:00,https://www.fool.com/investing/2023/09/02/3-energy-stocks-that-are-screaming-buys-in-septemb/,The Motley Fool,0.0,1.0,neutral,0.0,False,True,False,False,False,False,False,False,0.0,119,"['ET', 'INTC', 'BIP', 'CEQP', 'NEP', 'BIPC']",BIPC,2023-09-02
"Down 31% and 58%, Here's Why I Can't Stop Buying These 2 High-Yield Stocks",Owning the infrastructure has long proved to be a winning investment strategy.,2023-09-10 09:21:00+00:00,https://www.fool.com/investing/2023/09/10/down-31-and-58-why-i-cant-stop-buying-these-2-high/,The Motley Fool,0.09814814814814814,0.47962962962962963,neutral,0.09814814814814814,False,True,False,False,False,False,False,False,0.0,154,"['BEP', 'V', 'BIP', 'SCHH', 'VNQ', 'AY', 'CWEN.A', 'BIPC', 'BEPC']",BIPC,2023-09-10
3 Bargain-Basement Stocks to Buy With No Hesitation,These stocks are dirt cheap.,2023-09-12 12:28:00+00:00,https://www.fool.com/investing/2023/09/12/3-bargain-basement-stocks-to-buy-with-no-hesitatio/,The Motley Fool,0.4,0.7,positive,0.4,False,True,False,False,False,False,False,False,0.0,81,"['ET', 'FANG', 'BIP', 'BIPC']",BIPC,2023-09-12
3 Out-of-Favor Utility Stocks With 10-Plus Years of Dividend Raises and High Yields,These utilities have generated a growing stream of dividend income over the years.,2023-09-17 11:50:00+00:00,https://www.fool.com/investing/2023/09/17/3-out-of-favor-utility-stocks-with-10-years-of-div/,The Motley Fool,0.16,0.5399999999999999,positive,0.16,False,False,False,False,False,True,False,False,0.0,167,"['SO', 'ED', 'BIP', 'BIPC']",BIPC,2023-09-17
3 Unstoppable Stocks to Buy and Hold for the Next 20 Years,These stocks are great long-term picks.,2023-09-21 09:50:00+00:00,https://www.fool.com/investing/2023/09/21/3-unstoppable-stocks-to-buy-and-hold-for-the-next/,The Motley Fool,0.4,0.375,positive,0.4,False,True,False,False,False,False,False,False,0.0,99,"['VRTX', 'MSFT', 'BIP', 'BIPC']",BIPC,2023-09-21
Wells Fargo Maintains Overweight Rating for Brookfield Infrastructure: Here's What You Need To Know,"Wells Fargo has decided to maintain its Overweight rating of Brookfield Infrastructure (NYSE:BIPC) and lower its price target from $46.00 to $42.00.
Shares of Brookfield Infrastructure are trading up 1.0% over the last 24 hours, at $37.50 per share.
A move to $42.00 would account for a 12.0% increase from the current share price.
About Brookfield Infrastructure
Brookfield Infrastructure Corp is an indirect subsidiary of the partnership of the diversified infrastructure owner and operators. Its business is comprised of a U.K. regulated distribution operation, a Brazilian regulated natural gas transmission ...Full story available on Benzinga.com",2023-09-22 17:00:29+00:00,https://www.benzinga.com/analyst-ratings/23/09/34828882/wells-fargo-maintains-overweight-rating-for-brookfield-infrastructure-heres-what-you-need-to-know,Benzinga,0.125,0.31666666666666665,positive,0.125,False,False,False,True,False,False,False,False,0.0,752,['BIPC'],BIPC,2023-09-22
"3 Stocks to Buy in October That Could Soar More Than 40% Over the Next 12 Months, According to Wall Street",Analysts like these stocks for very good reasons.,2023-10-01 09:52:00+00:00,https://www.fool.com/investing/2023/10/01/3-stocks-to-buy-in-october-that-could-soar-more-th/,The Motley Fool,0.47,0.42666666666666675,positive,0.47,False,True,False,False,False,False,False,False,0.0,157,"['BIP', 'PYPL', 'PFE', 'BNTX', 'BIPC']",BIPC,2023-10-01
3 No-Brainer Stocks to Buy With $200 Right Now,You don't need much money to open positions in these great stocks.,2023-10-07 09:52:00+00:00,https://www.fool.com/investing/2023/10/07/3-no-brainer-stocks-to-buy-with-200-right-now/,The Motley Fool,0.32142857142857145,0.49642857142857144,positive,0.32142857142857145,False,True,False,False,False,False,False,False,0.0,114,"['PYPL', 'EPD', 'BIP', 'BIPC']",BIPC,2023-10-07
Intel: On the Road to a Breakup?,Last week's reorganization of the FPGA unit is another step in what looks like a breakup of the chip giant.,2023-10-09 10:05:00+00:00,https://www.fool.com/investing/2023/10/09/intel-on-the-road-to-a-break-up/,The Motley Fool,0.0,0.5333333333333333,neutral,0.0,False,False,False,False,False,False,False,False,0.0,141,"['INTC', 'AMD', 'BIPC', 'MBLY']",BIPC,2023-10-09
3 Dividend Stocks to Buy Before They Skyrocket,Investors looking for a nice blend of growth and income to round out their portfolios have come to the right place.,2023-10-11 09:30:00+00:00,https://www.fool.com/investing/2023/10/11/3-dividend-stocks-to-buy-before-they-skyrocket/,The Motley Fool,0.22857142857142856,0.6452380952380952,positive,0.22857142857142856,False,True,False,False,False,True,False,False,0.0,163,"['CGNX', 'AAPL', 'EL', 'RJF', 'BIP', 'BIPC']",BIPC,2023-10-11
"Down 26%, This Incredible Dividend Stock Is a Screaming Buy Right Now","Brookfield Infrastructure Partners is ridiculously cheap, given its growth prospects.",2023-10-11 11:45:00+00:00,https://www.fool.com/investing/2023/10/11/down-26-this-incredible-dividend-stock-is-a-scream/,The Motley Fool,0.3575396825396825,0.6061507936507937,positive,0.3575396825396825,False,True,False,False,False,True,False,False,0.0,156,"['BIP', 'INTC', 'BIPC']",BIPC,2023-10-11
This Magnificent High-Yield Dividend Stock Is Actually an Under-the-Hood Artificial Intelligence (AI) Play,This company plans to deploy AI throughout its organization to add value for shareholders.,2023-10-12 09:52:00+00:00,https://www.fool.com/investing/2023/10/12/high-yield-dividend-stock-artificial-intelligence/,The Motley Fool,0.13333333333333333,0.7000000000000001,positive,0.13333333333333333,False,False,False,False,False,True,False,False,0.0,198,"['BIP', 'NVDA', 'BIPC']",BIPC,2023-10-12
3 Bargain-Basement Growth Stocks to Buy on the Dip,These stocks look like bargain buys right now.,2023-10-12 12:41:00+00:00,https://www.fool.com/investing/2023/10/12/3-bargain-basement-growth-stocks-to-buy-on-the-dip/,The Motley Fool,0.2857142857142857,0.5357142857142857,positive,0.2857142857142857,False,True,False,False,False,False,False,False,0.0,98,"['BIP', 'ENB', 'CWEN', 'CWEN.A', 'BIPC']",BIPC,2023-10-12
Brookfield Infrastructure: You May Kick Yourself For Not Buying At These Prices,"Brookfield Infrastructure has growth drivers in digitization, deglobalization, and decarbonization. Read why BIP stock is a Strong Buy.",2023-10-17 01:13:06+00:00,https://seekingalpha.com/article/4641146-brookfield-infrastructure-you-may-kick-yourself-for-not-buying-at-these-prices,Seeking Alpha,0.4333333333333333,0.7333333333333333,positive,0.4333333333333333,False,True,False,False,False,False,False,False,0.0,216,"['BAM', 'BIPC', 'DLR', 'ENB', 'BIP']",BIPC,2023-10-17
Artificial Intelligence Will Have 2 Massive Impacts on This Top Dividend Stock,Brookfield Infrastructure believes AI will be a revenue generator and margin enhancer.,2023-10-17 09:37:00+00:00,https://www.fool.com/investing/2023/10/17/artificial-intelligence-will-have-2-massive-impact/,The Motley Fool,-0.033333333333333326,0.8333333333333334,neutral,0.033333333333333326,True,False,False,False,False,True,False,False,0.0,166,"['BIP', 'BIPC']",BIPC,2023-10-17
The Once-in-a-Generation $1 Trillion Opportunity You Won't Want to Miss,Four catalysts are driving robust demand for data centers.,2023-10-18 10:13:00+00:00,https://www.fool.com/investing/2023/10/18/the-once-in-a-generation-1-trillion-opportunity-yo/,The Motley Fool,0.0,0.0,neutral,0.0,False,False,False,False,False,False,False,False,0.0,131,"['BIP', 'EQIX', 'DLR', 'BIPC']",BIPC,2023-10-18
3 Ultra High-Yield Dividend Stocks Down 22% to 73% to Buy on the Dip,Falling share prices have pushed these dividend yields even higher.,2023-10-20 10:15:00+00:00,https://www.fool.com/investing/2023/10/20/3-ultra-high-yield-dividend-stocks-down-22-to-73-t/,The Motley Fool,0.04722222222222221,0.3944444444444445,neutral,0.04722222222222221,False,True,False,False,False,True,False,False,0.0,137,"['ENB', 'BIP', 'NEP', 'BIPC']",BIPC,2023-10-20
This Dividend Stock Is Down 49%: Why to Buy the Dip and Why to Wait,"It could fall more in the near term, but the price looks reasonable for long-term investors.",2023-10-24 10:03:00+00:00,https://www.fool.com/investing/2023/10/24/this-dividend-stock-is-down-49-why-to-buy-the-dip/,The Motley Fool,0.1611111111111111,0.4472222222222223,positive,0.1611111111111111,False,True,False,False,False,True,False,False,0.0,161,"['BIP', 'BN', 'BIPC', 'BAM']",BIPC,2023-10-24
British American And Brookfield Infrastructure: 7+% Yielding Buffett-Style Bargains,"Brookfield Infrastructure and British American Tobacco experienced significant declines, causing fear and even terror as a recent short report claims fraud. Read more here.",2023-10-25 11:20:00+00:00,https://seekingalpha.com/article/4642960-british-american-and-brookfield-infrastructure-7-plus-percent-yielding-buffett-style-bargains,Seeking Alpha,0.18611111111111112,0.3138888888888889,positive,0.18611111111111112,False,False,False,False,False,False,False,False,0.0,257,"['BIP', 'BIPC', 'BTI']",BIPC,2023-10-25
Why I Just Bought More of This Brilliant Growth Stock,Brookfield Infrastructure Partners is such a compelling buying opportunity these days.,2023-10-27 09:37:00+00:00,https://www.fool.com/investing/2023/10/27/why-i-just-bought-more-of-this-brilliant-growth-st/,The Motley Fool,0.425,0.65,positive,0.425,False,True,False,False,False,False,False,False,0.0,141,"['BIP', 'BIPC']",BIPC,2023-10-27
3 Spectacular High-Yield Dividend Stocks Down 48% or More to Buy Right Now,Brighter days should lie ahead for these beaten-down dividend stocks.,2023-10-27 09:50:00+00:00,https://www.fool.com/investing/2023/10/27/3-spectacular-high-yield-dividend-stocks-down-buy/,The Motley Fool,0.30753968253968256,0.5561507936507937,positive,0.30753968253968256,False,True,False,False,False,True,False,False,0.0,145,"['CCI', 'BAC', 'BIP', 'BIPC']",BIPC,2023-10-27
An Important Warning To Dividend Investors From Mr. Market,Discover why dividend stocks have been considered conservative investments and how they provide stable income and risk mitigation. Click here for more.,2023-10-31 17:08:51+00:00,https://seekingalpha.com/article/4645431-an-important-warning-to-dividend-investors-from-mr-market,Seeking Alpha,0.45,0.75,positive,0.45,False,False,False,False,False,True,False,False,0.2,211,"['VNQ', 'XLU', 'NEE', 'NEP', 'BIP', 'BIPC', 'BEP', 'BEPC', 'ENB', 'O', 'SGOV']",BIPC,2023-10-31
5 Top Stocks for November,The recent market sell-off presents some compelling buying opportunities.,2023-11-01 09:45:00+00:00,https://www.fool.com/investing/2023/11/01/5-top-stocks-for-november/,The Motley Fool,0.26666666666666666,0.45,positive,0.26666666666666666,False,True,False,False,False,False,False,False,0.0,100,"['UPS', 'MA', 'BIP', 'ROKU', 'TMDX', 'BIPC']",BIPC,2023-11-01
Why Brookfield Infrastructure Is Soaring Today,The global infrastructure operator had a strong quarter and secured another needle-moving acquisition.,2023-11-01 15:30:54+00:00,https://www.fool.com/investing/2023/11/01/why-brookfield-infrastructure-is-soaring-today/,The Motley Fool,0.21666666666666665,0.36666666666666664,positive,0.21666666666666665,False,True,True,False,False,False,False,False,0.0,150,"['BIP', 'BIPC']",BIPC,2023-11-01
This Brilliant High-Yield Dividend Stock is About to Shift Into a Higher Gear,Brookfield Infrastructure's recent investments will accelerate its already solid earnings growth rate.,2023-11-02 10:29:00+00:00,https://www.fool.com/investing/2023/11/02/this-brilliant-high-yield-dividend-stock-is-about/,The Motley Fool,0.2875,0.4625,positive,0.2875,True,False,False,False,False,True,False,False,0.0,181,"['BIP', 'BIPC']",BIPC,2023-11-02
A Transformational Transaction Further Positions This Incredible Dividend Stock to Capitalize on a $1 Trillion Opportunity,Brookfield Infrastructure is acquiring another data center platform.,2023-11-03 09:01:00+00:00,https://www.fool.com/investing/2023/11/03/a-transformational-transaction-further-positions-t/,The Motley Fool,0.26666666666666666,0.5,positive,0.26666666666666666,False,False,False,False,False,True,False,False,0.0,192,"['BIP', 'DLR', 'BIPC']",BIPC,2023-11-03
3 Top High-Yielding Dividend Stocks I Can't Wait to Add to in November,Three of this Fool's favorite income-producing investments are on sale this month.,2023-11-05 12:15:00+00:00,https://www.fool.com/investing/2023/11/05/3-top-high-yielding-dividend-stocks-i-cant-wait-to/,The Motley Fool,0.5,0.75,positive,0.5,False,False,False,False,False,True,False,False,0.0,154,"['BIP', 'ENB', 'D', 'BEP', 'BIPC', 'BEPC']",BIPC,2023-11-05
This 5.7%-Yielding Dividend Stock Thinks It's a Screaming Buy,Brookfield Infrastructure believes the recent weakness in its price doesn't reflect its underlying value.,2023-11-07 12:45:00+00:00,https://www.fool.com/investing/2023/11/07/this-63-yielding-dividend-stock-thinks-its-a-screa/,The Motley Fool,0.0,0.25,neutral,0.0,False,True,False,False,False,True,False,False,0.0,168,"['BIP', 'BIPC']",BIPC,2023-11-07
Billionaire 'Bond King' Says Sell These Charlie Munger Must-Buy Stocks: Our Approach,"Learn about Charlie Munger's recommended stocks, Jeffrey Gundlach's warning about their performance in a recession, and our approach. Click for more of our picks.",2023-11-09 19:59:36+00:00,https://seekingalpha.com/article/4649911-billionaire-bond-king-says-sell-these-charlie-munger-must-buy-stocks-our-approach,Seeking Alpha,0.5,0.5,positive,0.5,False,True,False,False,False,False,False,False,0.0,248,"['AAPL', 'AMZN', 'BABA', 'BIP', 'BIPC', 'BND', 'BRK.A', 'BRK.B', 'GDX', 'GLD', 'GOOG', 'GOOGL', 'META', 'MSFT', 'NVDA', 'O', 'PLTR', 'SLV', 'TSLA', 'VOO', 'XLU']",BIPC,2023-11-09
This Phenomenal 6.2%-Yielding Dividend Stock Is Plugging Into a $1 Trillion Investment Opportunity,Realty Income is expanding into the high-growth data center space.,2023-11-14 12:24:00+00:00,https://www.fool.com/investing/2023/11/14/this-phenomenal-62-yielding-dividend-stock-is-plug/,The Motley Fool,0.2,0.3,positive,0.2,False,False,False,False,False,True,False,False,0.0,166,"['O', 'DLR', 'BIP', 'BIPC']",BIPC,2023-11-14
Are Fed Rate Hikes Actually Fueling Inflation?,Conventional wisdom suggests that rate hikes successfully fight inflation. Click here for a detailed analysis.,2023-11-15 05:02:21+00:00,https://seekingalpha.com/article/4651896-are-fed-rate-hikes-actually-fueling-inflation,Seeking Alpha,0.2517857142857143,0.5392857142857143,positive,0.2517857142857143,False,False,False,False,False,False,False,False,0.0,158,"['XLU', 'VNQ', 'O', 'CCI', 'BIP', 'BIPC', 'BEP', 'BEPC', 'NEP', 'NEE']",BIPC,2023-11-15
A Massive Market Reversal Is Likely Coming,"Tech has flown high year-to-date, while several other sectors have been left in the dust. Learn why major economic trends are shifting.",2023-11-15 13:05:00+00:00,https://seekingalpha.com/article/4651967-massive-market-reversal-coming,Seeking Alpha,0.0371875,0.451875,neutral,0.0371875,False,False,True,False,False,False,False,False,0.0,179,"['AAPL', 'AMZN', 'AQN', 'AQNB', 'AQNU', 'BEP', 'BEPC', 'BIP', 'BIPC', 'BND', 'CCI', 'EPD', 'ET', 'GOOG', 'GOOGL', 'IWM', 'META', 'MSFT', 'NVDA', 'O', 'PLTR', 'QQQ', 'SCHD', 'SPY', 'TSLA', 'VNQ', 'VOO', 'VYM', 'XLU', 'ACTV', 'AFMC', 'AFSM', 'ARKK', 'AVUV', 'BAPR', 'IVOO', 'IVOV', 'IVV', 'IVW', 'IWC', 'IWN', 'IWO', 'IWP', 'IWR', 'IWS', 'IYY', 'SPLV', 'SPMD', 'SPMO', 'SPMV', 'SPSM', 'SPUS', 'SPUU', 'SPVM', 'SPVU', 'SPXE', 'SPXL', 'SPXN', 'SPXS', 'SPXT', 'SPXU', 'SPXV', 'SPYD', 'SPYG', 'SPYV', 'SPYX', 'SQEW', 'SQLV', 'SSLY', 'SSO', 'SSPY', 'SVAL', 'SYLD', 'TMDV', 'TPHD', 'TPLC', 'TPSC', 'UAUG', 'UJAN', 'UMAR', 'UMAY', 'UOCT', 'UPRO', 'USMC', 'USMF', 'USVM']",BIPC,2023-11-15
Brookfield Infrastructure: A Billionaire's Blueprint For Wealth Creation,Brookfield Infrastructure is a top-tier infrastructure investment option with a globally diversified portfolio. Learn how BIP presents a compelling opportunity for investors.,2023-11-17 12:00:00+00:00,https://seekingalpha.com/article/4652482-brookfield-infrastructure-a-billionaires-blueprint-for-wealth-creation,Seeking Alpha,0.15,0.3,positive,0.15,False,False,False,False,False,False,False,False,0.0,248,"['BIP', 'BIPC']",BIPC,2023-11-17
Yields Up To 15%: 5 Top Dividend Stocks For November 2023,"With inflation seeming to finally be getting under control and recession odds rising, the markets are about to shift. Read more to see 5 top dividend stocks.",2023-11-17 14:05:00+00:00,https://seekingalpha.com/article/4652618-yields-up-to-15-percent-5-top-dividend-stocks-for-november-2023,Seeking Alpha,0.375,0.625,positive,0.375,False,False,False,False,False,True,False,False,0.0,216,"['BIP', 'BIPC', 'EPD', 'FSK', 'NEM', 'O']",BIPC,2023-11-17
Prediction: 3 Stocks That Could Trounce the Market,These stocks could bounce back big-time in the coming months.,2023-11-18 11:01:00+00:00,https://www.fool.com/investing/2023/11/18/prediction-3-stocks-that-could-trounce-the-market/,The Motley Fool,0.25,0.5,positive,0.25,False,False,False,False,False,False,False,False,0.0,113,"['NEP', 'DVN', 'BIP', 'BIPC']",BIPC,2023-11-18
Billionaire Ray Dalio Is Navigating U.S. 'Inflection Point' With These Stocks,Ray Dalio recently issued a stern warning about the US economy. Check out our thoughts on Dalio's outlook for the US economy and our portfolio.,2023-11-21 11:15:00+00:00,https://seekingalpha.com/article/4653301-billionaire-ray-dalio-navigating-us-inflection-point-with-stocks,Seeking Alpha,0.0,0.25,neutral,0.0,False,False,False,False,False,False,False,False,0.0,222,"['AAPL', 'AMZN', 'AQN', 'AQNB', 'AQNU', 'BEP', 'BEPC', 'BIP', 'BIPC', 'GDX', 'GLD', 'GOLD', 'GOOG', 'GOOGL', 'META', 'MSFT', 'NVDA', 'O', 'SLV', 'TSLA', 'VNQ', 'XLU']",BIPC,2023-11-21
3 Phenomenal Bargain Energy Stocks That Are No-Brainer Buys Right Now,These energy stocks could produce powerful total returns in the coming years.,2023-11-21 15:21:00+00:00,https://www.fool.com/investing/2023/11/21/3-phenomenal-bargain-energy-stocks-are-no-brainer/,The Motley Fool,0.2714285714285714,0.6964285714285714,positive,0.2714285714285714,False,True,False,False,False,False,False,False,0.0,148,"['ENPH', 'PDS', 'BIP', 'BIPC']",BIPC,2023-11-21
Black Friday Sale: These 3 Wealth-Creating Dividend Stocks Are on Sale Right Now.,These companies have enriched their investors over the years.,2023-11-24 11:04:00+00:00,https://www.fool.com/investing/2023/11/24/black-friday-sale-these-3-wealth-creating-dividend/,The Motley Fool,0.05952380952380952,0.4845238095238095,neutral,0.05952380952380952,False,False,False,False,False,True,False,False,0.0,144,"['NEE', 'O', 'BIP', 'SRC', 'BIPC']",BIPC,2023-11-24
"$5,000 Invested in These 3 Ultra-High-Yield Dividend Stocks Could Make You Rich",These big-time dividend stocks have long histories of enriching their investors.,2023-11-28 10:15:00+00:00,https://www.fool.com/investing/2023/11/28/5000-invested-in-these-3-ultra-high-yield-dividend/,The Motley Fool,0.1625,0.575,positive,0.1625,False,False,False,False,False,True,False,False,0.0,161,"['ENB', 'O', 'BIP', 'BIPC']",BIPC,2023-11-28
"Bristol-Myers Squibb Is A Great Buy, But These 5+% Yielding Bargains Are Better",Bristol-Myers Squibb's stock is down 40% despite a market increase of 20%. Read here why we think BMY may be undervalued.,2023-11-28 12:10:00+00:00,https://seekingalpha.com/article/4654400-bristol-myers-squibb-great-buy-these-5-plus-percent-yielding-bargains-better,Seeking Alpha,0.3814814814814815,0.512962962962963,positive,0.3814814814814815,False,True,False,False,False,False,False,False,0.0,202,"['VICI', 'BIP', 'BIPC', 'PRU', 'BMY']",BIPC,2023-11-28
Why I Made Big Changes To My Dividend Growth Portfolio,"How to make significant changes to your portfolio, for when buying a new house and selling stocks for cash? Click here to read about my strategy.",2023-11-29 16:25:26+00:00,https://seekingalpha.com/article/4654898-why-i-made-big-changes-to-my-dividend-growth-portfolio,Seeking Alpha,0.17045454545454544,0.4765151515151515,positive,0.17045454545454544,False,True,False,False,False,True,False,False,0.0,201,"['A', 'AAPL', 'ABBV', 'ACN', 'ADP', 'AMGN', 'AMZN', 'ARCC', 'ARE', 'ASML', 'AVB', 'AVGO', 'BAH', 'BEPC', 'BIL', 'BIPC', 'BR', 'BTI', 'BX', 'CARR', 'CMCSA', 'CME', 'CMI', 'CNI', 'CRM', 'CSCO', 'CSL', 'DE', 'DHR', 'DLR', 'ECL', 'ENB', 'ESS', 'GOOGL', 'HD', 'HON', 'HRL', 'HSY', 'ICE', 'ITW', 'JNJ', 'KO', 'LHX', 'LIN', 'LMT', 'LOW', 'MA', 'MAA', 'MAIN', 'MCD', 'MCO', 'MO', 'MRK', 'MSCI', 'MSFT', 'NKE', 'NNN', 'NOC', 'NVDA', 'O', 'OBDC', 'PEP', 'PH', 'PLD', 'PLTR', 'QCOM', 'REXR', 'RSG', 'RTX', 'RY', 'SBUX', 'SHW', 'SPGI', 'SWAN', 'TD', 'TMO', 'UNH', 'USFR', 'V', 'VLTO', 'WM', 'ZTS', 'APD']",BIPC,2023-11-29
Buy Alert For These 6-15% Yields: Little-Known Indicator Is Very Bullish,Central banks across different countries have been cutting interest rates. Read what it indicates and find out some of our top high-yield stock picks.,2023-11-30 12:05:00+00:00,https://seekingalpha.com/article/4654975-buy-alert-for-these-6-15-percent-yields-little-known-indicator-is-very-bullish,Seeking Alpha,0.020000000000000007,0.51,neutral,0.020000000000000007,False,True,False,False,False,False,False,False,0.2,224,"['BAM', 'BIP', 'BIPC', 'BN', 'KMI', 'NEE', 'NEP', 'O', 'VNQ', 'VOO', 'XLU']",BIPC,2023-11-30
2 Magnificent Stocks to Buy That Are Near 52-Week Lows,These wealth-creating stocks are on sale this year.,2023-12-09 10:39:00+00:00,https://www.fool.com/investing/2023/12/09/2-magnificent-stocks-to-buy-that-are-near-52-week/,The Motley Fool,0.55,0.7,positive,0.55,False,True,False,False,False,False,False,False,0.0,107,"['NEE', 'BIP', 'BIPC']",BIPC,2023-12-09
Get Ready for 2024 With These 3 Dividend Stocks,These companies can supply your portfolio with a lot of income next year.,2023-12-10 11:09:00+00:00,https://www.fool.com/investing/2023/12/10/get-ready-for-2024-with-these-3-dividend-stocks/,The Motley Fool,0.1,0.25,neutral,0.1,False,False,False,False,False,True,False,False,0.0,122,"['ET', 'SWK', 'BIP', 'BIPC']",BIPC,2023-12-10
"A Major Market Disruption Is Underway: How To Invest $100,000 For 2024","A major shift is taking place which we believe is bringing about a major market disruption. Find out why and how to invest $100,000 to profit from this in 2024.",2023-12-18 12:35:00+00:00,https://seekingalpha.com/article/4658423-major-market-disruption-underway-how-to-invest-2024,Seeking Alpha,0.0625,0.5,neutral,0.0625,True,False,False,False,False,False,False,False,0.0,232,"['SPY', 'XLU', 'VNQ', 'AQN', 'BIP', 'BIPC', 'BEP', 'BEPC', 'O', 'CCI', 'NYCB', 'ENB', 'EPD', 'GLD', 'SLV', 'BIZD', 'MAIN', 'ARCC', 'SCHD', 'VYM', 'JEPI']",BIPC,2023-12-18
"Got $5,000? Here's How to Turn It Into Over $300 of Annual Passive Income in 2024",These high-yielding dividend stocks can generate plenty of reliable income.,2023-12-20 11:24:00+00:00,https://www.fool.com/investing/2023/12/20/got-5000-heres-how-to-turn-it-into-over-300-of-ann/,The Motley Fool,0.0,0.0,neutral,0.0,False,False,False,False,False,True,False,False,0.0,158,"['ET', 'VZ', 'O', 'BIP', 'CWEN', 'SRC', 'CWEN.A', 'BIPC']",BIPC,2023-12-20
Holiday Sale: These 3 Dividend Stocks Are Bargain Buys This Holiday Season,Their high-yielding dividends will be the gift that keeps on giving.,2023-12-24 15:32:00+00:00,https://www.fool.com/investing/2023/12/24/holiday-sale-these-3-dividend-stocks-are-bargain-b/,The Motley Fool,0.0,0.0,neutral,0.0,False,True,False,False,False,True,False,False,0.0,144,"['KMI', 'BIP', 'STAG', 'BIPC']",BIPC,2023-12-24
3 Wealth-Creating Dividend Stocks to Boost Your Income in 2024,These dividend stocks can supply income and upside potential in 2024.,2023-12-27 10:07:00+00:00,https://www.fool.com/investing/2023/12/27/3-wealth-creating-dividend-stocks-to-boost-your-in/,The Motley Fool,0.0,1.0,neutral,0.0,False,False,False,False,False,True,False,False,0.0,133,"['BIPC', 'BIP', 'EXR', 'REXR']",BIPC,2023-12-27
2 Stocks Poised to Soar When the Fed Cuts Rates in 2024,Income stocks should have a two-pronged tailwind coming in 2024.,2023-12-29 15:00:00+00:00,https://www.fool.com/investing/2023/12/29/2-stocks-to-soar-when-the-fed-cuts-rates-in-2024/,The Motley Fool,0.0,0.0,neutral,0.0,False,False,False,False,False,False,False,False,0.0,121,"['O', 'BIPC']",BIPC,2023-12-29
My Top Income Stocks to Buy in January,These dividend stocks could generate strong total returns from here.,2024-01-03 11:15:00+00:00,https://www.fool.com/investing/2024/01/03/my-top-income-stocks-to-buy-in-january/,The Motley Fool,0.3111111111111111,0.6611111111111111,positive,0.3111111111111111,False,True,False,False,False,True,False,False,0.0,108,"['NEE', 'O', 'BIP', 'BIPC']",BIPC,2024-01-03
5 Top Stocks to Buy in January,Start the year off right by investing in these quality businesses.,2024-01-07 10:45:00+00:00,https://www.fool.com/investing/2024/01/07/5-top-stocks-to-buy-in-january/,The Motley Fool,0.39285714285714285,0.5178571428571428,positive,0.39285714285714285,False,True,False,False,False,False,False,False,0.0,98,"['NFLX', 'IBM', 'VRTX', 'SBUX', 'BIP', 'BIPC']",BIPC,2024-01-07
24 Top Dividend Stocks to Buy and Hold in 2024,These stocks could deliver positive gains in the new year -- but the real money-making opportunities are over the next decade and beyond.,2024-01-07 10:50:00+00:00,https://www.fool.com/investing/2024/01/07/24-top-dividend-stocks-to-buy-and-hold-in-2024/,The Motley Fool,0.21272727272727274,0.36,positive,0.21272727272727274,False,True,False,False,False,True,False,False,0.0,185,"['AVGO', 'GS', 'BAC', 'VZ', 'PFE', 'JNJ', 'XOM', 'DVN', 'TGT', 'TMUS', 'LOW', 'UPS', 'CCI', 'CVS', 'ENB', 'EPD', 'ET', 'HRL', 'CAG', 'PSA', 'ARCC', 'BIP', 'ABBV', 'RITM', 'BEP', 'BIPC', 'BEPC']",BIPC,2024-01-07
Want an Above-Average Retirement? Check Out These 3 Boring Stocks,These rather dull companies have produced exciting returns.,2024-01-08 10:43:00+00:00,https://www.fool.com/investing/2024/01/08/want-an-above-average-retirement-check-out-these-3/,The Motley Fool,-0.33055555555555555,0.7666666666666666,negative,0.33055555555555555,False,False,False,False,False,False,False,False,0.0,126,"['O', 'INTC', 'AWK', 'BIP', 'BIPC']",BIPC,2024-01-08
"After a Down Year in 2023, These 3 Top Dividend Stocks Could Bounce Back Big Time in 2024","With their headwinds expected to fade, these dividend stocks could soar in 2024.",2024-01-08 13:30:00+00:00,https://www.fool.com/investing/2024/01/08/after-a-down-year-in-2023-these-3-top-dividend-sto/,The Motley Fool,0.048888888888888885,0.2577777777777778,neutral,0.048888888888888885,False,False,False,False,False,True,False,False,0.0,171,"['NEE', 'BIP', 'NEP', 'BIPC']",BIPC,2024-01-08
This $2.5 Billion Acquisition Will Enhance These High-Yielding Dividend Stocks,American Tower and Brookfield seal a win-win deal.,2024-01-09 10:07:00+00:00,https://www.fool.com/investing/2024/01/09/this-25-billion-acquisition-will-enhance-these-hig/,The Motley Fool,0.0,0.0,neutral,0.0,False,True,False,False,False,True,False,False,0.0,130,"['AMT', 'BIP', 'BIPC', 'BAM']",BIPC,2024-01-09
3 Top Value Stocks for 2024,These reliable companies can support future dividend growth and endure an economic slowdown.,2024-01-09 11:00:00+00:00,https://www.fool.com/investing/2024/01/09/3-top-value-stocks-for-2024/,The Motley Fool,0.2333333333333333,0.27499999999999997,positive,0.2333333333333333,False,False,False,False,False,True,False,False,0.0,121,"['KO', 'JCI', 'BIP', 'BIPC']",BIPC,2024-01-09
Buffett's Warning Of How Smart People Go Broke And Dividend Investing,Warren Buffett once discussed the only way that a smart person could go broke. Find out more about the investing ramifications.,2024-01-10 16:36:28+00:00,https://seekingalpha.com/article/4662162-buffetts-warning-of-how-smart-people-go-broke-and-dividend-investing,Seeking Alpha,0.23214285714285715,0.6964285714285714,positive,0.23214285714285715,False,False,False,False,False,True,False,False,0.0,198,"['AQN', 'BIP', 'BIPC', 'BRK.A', 'BRK.B', 'ENB', 'EPD', 'ET', 'LUMN', 'T', 'MPW', 'O']",BIPC,2024-01-10
3 Super-Safe High-Yield Dividend Stocks You Can Buy Right Now,You shouldn't lose any sleep worrying about these great dividends.,2024-01-14 10:50:00+00:00,https://www.fool.com/investing/2024/01/14/super-safe-high-yield-dividend-stocks-buy-now/,The Motley Fool,0.5428571428571429,0.6428571428571428,positive,0.5428571428571429,False,True,False,False,False,True,False,False,0.0,129,"['KVUE', 'EPD', 'BIP', 'BIPC']",BIPC,2024-01-14
Billionaire Investors Are Buying Infrastructure Hand-Over-Fist: Our Top Picks,Billionaire investors have recently been pouring hundreds of billions of dollars into infrastructure investments. Click here to find out our top picks for this sector.,2024-01-15 12:15:00+00:00,https://seekingalpha.com/article/4662862-billionaire-investors-buying-infrastructure-hand-over-fist-our-top-picks,Seeking Alpha,0.3333333333333333,0.4166666666666667,positive,0.3333333333333333,False,True,True,False,False,False,False,False,0.0,246,"['BIP', 'BIPC', 'BEP', 'BEPC']",BIPC,2024-01-15
Trades... Many Trades! - December Dividend Income Report,"Slowly but surely, the portfolio is taking shape with 10 companies spread across 7 sectors.",2024-01-19 06:24:00+00:00,https://seekingalpha.com/article/4663668-december-dividend-income-report,Seeking Alpha,0.27499999999999997,0.5962962962962962,positive,0.27499999999999997,False,False,True,False,False,True,False,False,0.0,149,"['SPY', 'CAE', 'AAPL', 'MSFT', 'ADP', 'LMAT', 'BIPC', 'CNQ', 'NTR', 'TU', 'TD', 'BEPC', 'FTS', 'MGA', 'RY', 'BLK', 'BN', 'HD', 'SBUX', 'TXN', 'V']",BIPC,2024-01-19
3 No-Brainer Stocks to Buy Right Now for Less than $50,A little upfront money can go a long way with these three stocks.,2024-01-19 10:50:00+00:00,https://www.fool.com/investing/2024/01/19/3-no-brainer-stocks-to-buy-right-now-for-less-than/,The Motley Fool,-0.02961309523809524,0.3755952380952381,neutral,0.02961309523809524,False,True,False,False,False,False,False,False,0.0,121,"['PFE', 'EPD', 'BIP', 'BIPC']",BIPC,2024-01-19
These Stocks Can Provide the Secret Sauce to Help Your Portfolio Deliver Above-Average Returns,Dividend growth stocks can deliver standout returns.,2024-01-20 10:20:00+00:00,https://www.fool.com/investing/2024/01/20/these-stocks-can-provide-the-secret-sauce-to-help/,The Motley Fool,-0.4,0.7,negative,0.4,False,False,True,False,False,True,False,False,0.0,148,"['PLD', 'BIP', 'BIPC']",BIPC,2024-01-20
"Down 25%, This Magnificent Dividend Stock Is a Screaming Buy",Brookfield Infrastructure is such a compelling investment opportunity right now.,2024-02-04 13:49:00+00:00,https://www.fool.com/investing/2024/02/04/down-25-this-magnificent-dividend-stock-is-a-screa/,The Motley Fool,0.28603174603174597,0.5849206349206348,positive,0.28603174603174597,False,True,False,False,False,True,False,False,0.0,142,"['BIPC', 'AMT', 'BIP']",BIPC,2024-02-04
"5-8% Yields: The More They Drop, The More I Buy",Concerns about the Federal Reserve's interest rates have triggered a sell-off in high yield stocks. Find out some of our top picks of the moment.,2024-02-06 13:15:00+00:00,https://seekingalpha.com/article/4667747-5-8-percent-yields-the-more-they-drop-the-more-i-buy,Seeking Alpha,0.415,0.51,positive,0.415,False,True,False,False,False,False,False,False,0.0,194,"['AEM', 'AMLP', 'BEP', 'BIP', 'BIPC', 'EPD', 'GDX', 'GLD', 'GOLD', 'KRE', 'NEM', 'NEP', 'NYCB', 'SGOV', 'SLV', 'VNQ', 'WPC', 'XLU']",BIPC,2024-02-06
Jerome Powell Just Gave Dividend Investors A Huge Gift,Dividend stocks have taken a beating lately after Chairman Powell expressed little urgency to cut interest rates. Click here to read more.,2024-02-09 12:01:12+00:00,https://seekingalpha.com/article/4669008-jerome-powell-just-gave-dividend-investors-huge-gift,Seeking Alpha,0.10312500000000002,0.625,positive,0.10312500000000002,False,False,False,False,False,True,False,False,0.0,194,"['BRK.A', 'BRK.B', 'XLU', 'VNQ', 'SCHD', 'SPY', 'QQQ', 'BX', 'BN', 'BAM', 'BIP', 'BIPC', 'AQN', 'O', 'GLD', 'SLV', 'NTR', 'NEM', 'AMLP', 'EPD', 'ET']",BIPC,2024-02-09
2 Dividend Stocks to Double Up On Right Now,These beaten-down dividend stocks look like great buys right now.,2024-02-10 12:38:00+00:00,https://www.fool.com/investing/2024/02/10/2-dividend-stocks-to-double-up-on-right-now/,The Motley Fool,0.34285714285714286,0.4553571428571428,positive,0.34285714285714286,False,True,False,False,False,True,False,False,0.0,110,"['NEE', 'BIP', 'BIPC']",BIPC,2024-02-10
3 Dividend Stocks That Dividend Lovers Will Love,These stocks offer higher-yielding payouts that should continue rising at a solid clip.,2024-02-14 11:14:00+00:00,https://www.fool.com/investing/2024/02/14/3-dividend-stocks-that-dividend-lovers-will-love/,The Motley Fool,0.25,0.35,positive,0.25,False,False,False,False,False,True,False,False,0.0,137,"['O', 'BIP', 'CWEN', 'CWEN.A', 'BIPC']",BIPC,2024-02-14
Get Rich Slow With These Phenomenal Dividend Stocks,Investing a little bit of money into these dividend stocks each month could grow into a big nest egg by retirement.,2024-02-18 10:34:00+00:00,https://www.fool.com/investing/2024/02/18/get-rich-slow-with-these-phenomenal-dividend-stock/,The Motley Fool,0.07749999999999999,0.45,neutral,0.07749999999999999,False,False,False,False,False,True,False,False,0.0,168,"['ENB', 'O', 'BIP', 'BIPC']",BIPC,2024-02-18
3 Incredible Dividend Stocks to Buy Now and Hold Forever,These companies have done excellent jobs increasing their dividends over the years.,2024-02-18 14:19:00+00:00,https://www.fool.com/investing/2024/02/18/3-incredible-dividend-stocks-to-buy-now-and-hold-f/,The Motley Fool,0.95,0.95,positive,0.95,False,True,False,False,False,True,False,False,0.0,141,"['EPD', 'NEE', 'BIP', 'BIPC']",BIPC,2024-02-18
Beyond Semiconductor Stocks: 2 Under-the-Radar Ways to Cash In on the AI Megatrend,Artificial intelligence applications require lots of data and power to thrive.,2024-02-24 12:33:00+00:00,https://www.fool.com/investing/2024/02/24/beyond-semiconductor-stocks-2-under-the-radar-ways/,The Motley Fool,-0.6,1.0,negative,0.6,False,False,False,False,False,False,False,False,0.0,162,"['BIP', 'NEE', 'EQIX', 'DLR', 'BEP', 'BIPC', 'BEPC']",BIPC,2024-02-24
2 Potentially Explosive Stocks to Buy in February,Near-term catalysts and long-term megatrends could power explosive total returns for these stocks.,2024-02-25 12:20:00+00:00,https://www.fool.com/investing/2024/02/25/2-potentially-explosive-stocks-to-buy-in-february/,The Motley Fool,0.0,0.875,neutral,0.0,False,True,False,False,False,False,False,False,0.0,149,"['NEE', 'BIP', 'BIPC']",BIPC,2024-02-25
"A $100,000 Dividend Snowball From A 5.5%-Yielding All-Weather Portfolio",Learn from renowned investors Charlie Munger and Ray Dalio on how to achieve long-term financial freedom through dividend growth investing. Read more here.,2024-02-25 21:00:00+00:00,https://seekingalpha.com/article/4673214-a-100000-dividend-snowball-from-a-5-5-percent-yielding-all-weather-portfolio,Seeking Alpha,0.25,0.25,positive,0.25,False,False,False,False,False,True,False,False,0.0,228,"['ABBV', 'ADM', 'AMCR', 'ARCC', 'AVGO', 'BCI', 'BEP', 'BEPC', 'BIP', 'BIPC', 'BRK.A', 'BRK.B', 'CCI', 'EPD', 'GLD', 'HD', 'IBM', 'JNJ', 'KO', 'MSFT', 'NEM', 'NTR', 'ORI', 'PFE', 'RIO', 'SCHR', 'SPG', 'SPTL', 'SPY', 'UPS', 'VCIT', 'VCLT', 'VZ', 'WPC', 'XOM']",BIPC,2024-02-25
"Got $5,000? Buy and Hold These 3 Value Stocks for Years.",These stocks are dirt cheap.,2024-02-26 10:15:00+00:00,https://www.fool.com/investing/2024/02/26/got-5000-buy-and-hold-these-3-value-stocks-for-yea/,The Motley Fool,0.4,0.7,positive,0.4,False,True,False,False,False,False,False,False,0.0,86,"['KMI', 'WPC', 'BIP', 'BIPC']",BIPC,2024-02-26
1 Super-Cheap Way to Cash In on This $1 Trillion Artificial Intelligence Megatrend,Brookfield Infrastructure is an under-the-radar way to cash in on the AI-powered data center boom.,2024-03-02 12:18:00+00:00,https://www.fool.com/investing/2024/03/02/1-super-cheap-way-to-cash-in-on-this-1-trillion-ar/,The Motley Fool,-0.35,0.55,negative,0.35,False,False,False,False,False,False,False,False,0.0,182,"['BIPC', 'BIP', 'DLR']",BIPC,2024-03-02
Finding Value in a Bull Market: 3 Dirt Cheap Stocks to Buy in March,These stocks are too cheap to ignore.,2024-03-03 10:18:00+00:00,https://www.fool.com/investing/2024/03/03/finding-value-in-a-bull-market-3-dirt-cheap-stocks/,The Motley Fool,0.43333333333333335,0.7999999999999999,positive,0.43333333333333335,False,True,False,False,False,False,False,False,0.0,106,"['KMI', 'VZ', 'BIP', 'BIPC']",BIPC,2024-03-03
2 No-Brainer Dividend Stocks to Buy Right Now for Less Than $200,These stocks have proven that they can grow a small investment into a lot more money.,2024-03-11 09:28:00+00:00,https://www.fool.com/investing/2024/03/11/2-no-brainer-dividend-stocks-to-buy-right-now-for/,The Motley Fool,0.09226190476190477,0.3755952380952381,neutral,0.09226190476190477,False,True,False,False,False,True,False,False,0.0,151,"['ENB', 'INTC', 'BIP', 'BIPC']",BIPC,2024-03-11
The 'Wide-Moat' Infrastructure Pick: Invest Like Warren Buffett With Brookfield Infrastructure,Brookfield Infrastructure offers a similar path to BNSF. Click here to read what makes BIPC stock attractive for income-focused investors.,2024-03-13 06:00:30+00:00,https://seekingalpha.com/article/4677829-the-wide-moat-infrastructure-pick-invest-like-warren-buffett-with-brookfield-infrastructure,Seeking Alpha,0.3,0.4666666666666666,positive,0.3,False,False,False,False,False,False,False,False,0.0,234,"['BIPC', 'BIP']",BIPC,2024-03-13
More Big Changes To My Dividend Growth Portfolio,I have been actively reshaping my portfolio by selling off low-conviction holdings and focusing on high-growth compounders. Explore more details here.,2024-03-18 10:46:25+00:00,https://seekingalpha.com/article/4678836-more-big-changes-to-my-dividend-growth-portfolio,Seeking Alpha,0.21666666666666667,0.425,positive,0.21666666666666667,False,False,False,False,False,True,False,False,0.0,200,"['CMI', 'CARR', 'V', 'LOW', 'HD', 'AMZN', 'REXR', 'APD', 'ELV', 'PFE', 'FRT', 'RY', 'TD', 'RTX', 'NOC', 'MO', 'BTI', 'CSCO', 'CME', 'SBUX', 'PEP', 'MRK', 'OBDC', 'AVB', 'AMGN', 'JNJ', 'LHX', 'BKNG', 'BX', 'BIPC', 'BEPC', 'BAM', 'MAIN', 'ARCC', 'ITW', 'ADP', 'AAPL', 'NVDA', 'AVGO', 'MSFT', 'GOOGL', 'QCOM', 'O', 'BLK', 'META', 'CNI', 'CRM', 'SPGI', 'USFR', 'PH', 'ABBV', 'MA', 'HON', 'TMO', 'ACN', 'BR', 'NKE', 'LMT', 'UNH', 'KO', 'TXN', 'DE', 'ECL', 'ENB', 'DHR', 'CP', 'ASML', 'LIN', 'BIL', 'HSY', 'ICE', 'NNN', 'WM', 'MCD', 'BAH', 'SHW', 'ESS', 'ZTS', 'PLD', 'MCO', 'MSCI', 'RSG', 'A', 'CSL', 'CPT', 'ARE', 'PLTR', 'GOOG']",BIPC,2024-03-18
Are Dividends Your Thing? Then You'll Love These 3 High-Yield Stocks.,These companies stand out as excellent options for those who like to collect dividends.,2024-03-18 12:36:00+00:00,https://www.fool.com/investing/2024/03/18/are-dividends-your-thing-then-youll-love-these-3-h/,The Motley Fool,0.75,0.8,positive,0.75,False,False,False,False,False,True,False,False,0.0,158,"['BEPC', 'SO', 'NEE', 'BIP', 'DUK', 'AEP', 'BKH', 'BEP', 'BIPC']",BIPC,2024-03-18
3 Dividend Stocks Poised To Profit From 3 Massive Macro Trends,We share three dividend stocks that are poised to profit from 3 massive macro trends. Find out which stocks I'm currently buying and which is on my watch list.,2024-03-21 11:15:00+00:00,https://seekingalpha.com/article/4679565-3-dividend-stocks-poised-to-profit-from-3-massive-macro-trends,Seeking Alpha,0.0,0.7999999999999999,neutral,0.0,True,True,False,False,False,True,False,False,0.0,223,"['BIP', 'BIPC', 'AVGO']",BIPC,2024-03-21
Forget Buying a Lottery Ticket. Stake Your Claim in This $1.7 Trillion Annual Jackpot Instead.,Investing in dividend stocks can enable you to hit the jackpot slowly.,2024-03-23 09:16:00+00:00,https://www.fool.com/investing/2024/03/23/forget-buying-a-lottery-ticket-stake-your-claim-in/,The Motley Fool,-0.30000000000000004,0.39999999999999997,negative,0.30000000000000004,False,True,False,False,False,True,False,False,0.0,166,"['O', 'BIP', 'BIPC']",BIPC,2024-03-23
A Once-in-a-Generation Investment Opportunity: 1 AI Stock to Buy Now,Brookfield Infrastructure offers a unique way to invest in the data infrastructure megatrend.,2024-03-24 12:02:00+00:00,https://www.fool.com/investing/2024/03/24/a-once-in-a-generation-investment-opportunity-1-ai/,The Motley Fool,0.2375,0.5,positive,0.2375,False,True,False,False,False,False,False,False,0.0,163,"['BIPC', 'NVDA', 'T', 'BIP', 'DLR']",BIPC,2024-03-24
"Got $1,000? 2 Dividend Stocks to Buy and Hold Forever.",These companies could supply their investors with a potential lifetime of steadily rising income.,2024-03-28 10:28:00+00:00,https://www.fool.com/investing/2024/03/28/got-1000-2-dividend-stocks-to-buy-and-hold-forever/,The Motley Fool,0.08333333333333333,0.75,neutral,0.08333333333333333,False,True,False,False,False,True,False,False,0.0,153,"['NEE', 'BIP', 'BIPC']",BIPC,2024-03-28
Why The Market May Be About To Get Turned Upside Down,The underlying fundamentals and several macro trends imply that the market's current trend could be about to get turned upside down. Click here for a detailed analysis.,2024-03-28 11:15:00+00:00,https://seekingalpha.com/article/4680825-why-the-market-may-be-about-to-get-turned-upside-down,Seeking Alpha,0.01777777777777777,0.34555555555555556,neutral,0.01777777777777777,False,False,False,False,False,False,False,False,0.0,223,"['SPY', 'VOO', 'SPYD', 'VNQ', 'XLU', 'UTF', 'AMLP', 'BIZD', 'ET', 'EPD', 'ARCC', 'MAIN', 'BX', 'BLK', 'BAM', 'BN', 'ARES', 'KKR', 'CG', 'APO', 'GS', 'JPM', 'OWL', 'FSK', 'OCSL', 'ENB', 'WPC', 'BEP', 'BEPC', 'BIP', 'BIPC']",BIPC,2024-03-28
4 Top Dividend Stocks Yielding 4% to Buy in April,These companies offer higher-yielding payouts that should continue rising.,2024-04-01 11:15:00+00:00,https://www.fool.com/investing/2024/04/01/4-top-dividend-stocks-yielding-4-to-buy-in-april/,The Motley Fool,0.5,0.5,positive,0.5,False,True,False,False,False,True,False,False,0.0,125,"['CVX', 'WMB', 'HES', 'BIP', 'CPT', 'BIPC']",BIPC,2024-04-01
2 No-Brainer Stocks to Buy in April,"Investing can be hard and complicated. But sometimes there are simple, obvious opportunities to buy.",2024-04-05 09:00:00+00:00,https://www.fool.com/investing/2024/04/05/2-no-brainer-stocks-to-buy-in-april/,The Motley Fool,-0.19791666666666669,0.5997023809523809,negative,0.19791666666666669,False,True,False,False,False,False,False,False,0.0,137,"['BIPC', 'EXPD', 'BIP']",BIPC,2024-04-05
Bargain Hunting for Dividends: 2 High-Yield Stocks Haven't Been This Cheap in 4 Years,You can't usually get this kind of yield from these two great stocks.,2024-04-06 08:20:00+00:00,https://www.fool.com/investing/2024/04/06/bargain-hunting-for-dividends-2-high-yield-stocks/,The Motley Fool,0.3875,0.65,positive,0.3875,False,False,False,False,False,True,False,False,0.0,156,"['BIP', 'O', 'BN', 'BIPC', 'BAM']",BIPC,2024-04-06
8 Stocks I'm Buying The Second Week Of April,"Exploring trends in US economy: immigration driving job gains, manufacturing rebound driven by subsidies, commercial real estate holding up.",2024-04-06 12:30:00+00:00,https://seekingalpha.com/article/4682275-8-stocks-im-buying-the-second-week-of-april,Seeking Alpha,0.06666666666666667,0.10000000000000002,neutral,0.06666666666666667,False,True,True,False,False,False,False,False,0.0,186,"['MAA', 'ADC', 'EPRT', 'AMT', 'BIP', 'BIPC', 'IVT', 'REG', 'PECO', 'ROIC', 'FRT', 'WSR', 'REXR', 'VICI', 'WTRG']",BIPC,2024-04-06
3 Top Dividend Stocks to Buy Without Hesitation This April,These dividend stocks seem like locks to supply investors with an attractive and growing income stream.,2024-04-08 10:14:00+00:00,https://www.fool.com/investing/2024/04/08/3-top-dividend-stocks-to-buy-without-hesitation-th/,The Motley Fool,0.65,0.75,positive,0.65,False,True,False,False,False,True,False,False,0.0,163,"['NEE', 'ENB', 'BIP', 'BIPC']",BIPC,2024-04-08
Very Good News For Energy Stocks,"Energy stocks are no longer the same, yet still remain compelling investment options. Check here to learn about some top picks of the moment in the sector.",2024-04-09 12:15:00+00:00,https://seekingalpha.com/article/4682809-very-good-news-for-energy-stocks,Seeking Alpha,0.4275,0.50125,positive,0.4275,False,False,True,False,False,False,False,False,0.0,189,"['XLE', 'AMLP', 'PAA', 'PAGP', 'ET', 'WES', 'TRP', 'BIP', 'BIPC', 'BN', 'BAM']",BIPC,2024-04-09
An Important Warning For High Yield Investors,High-yield stocks sold off due to accelerating inflation. Check out the three important implications for high-yield stocks due to the recent CPI report.,2024-04-11 11:15:00+00:00,https://seekingalpha.com/article/4683235-important-warning-for-high-yield-investors,Seeking Alpha,0.11833333333333335,0.59,positive,0.11833333333333335,False,False,False,False,False,False,False,False,0.2,199,"['SPYD', 'SCHD', 'SPY', 'VNQ', 'SPG', 'O', 'MPW', 'BIZD', 'ARCC', 'XLU', 'KRE', 'NYCB', 'NEP', 'EPD', 'BIP', 'BIPC', 'ADC']",BIPC,2024-04-11
3 Of The Best Dividend Stocks To Buy Today,"There are plenty of good, dividend-paying investment opportunities outside the realm of REITs. Click here for 3 of my picks.",2024-04-11 11:30:00+00:00,https://seekingalpha.com/article/4682955-3-of-the-best-dividend-stocks-to-buy-today,Seeking Alpha,0.5666666666666667,0.3166666666666667,positive,0.5666666666666667,False,True,False,False,False,True,False,False,0.0,168,"['BIP', 'BIPC', 'BN', 'PEP', 'VNQ', 'WTRG']",BIPC,2024-04-11
"Strategies For Building A High-Yield, Low-Risk Dividend Portfolio","Discover how investing in high-yield, low-risk dividend stocks can generate dependable passive income while preserving and growing principal.",2024-04-14 19:00:00+00:00,https://seekingalpha.com/article/4683655-strategies-for-building-a-high-yield-low-risk-dividend-portfolio,Seeking Alpha,0.0,0.0,neutral,0.0,False,False,False,False,False,True,False,False,0.0,208,"['XLU', 'VNQ', 'UTF', 'AMLP', 'PFFA', 'JEPI', 'SPYI', 'RQI', 'UTG', 'NML', 'SCHD', 'VIG', 'VYM', 'DGRO', 'O', 'ENB', 'BXSL', 'EPD', 'BIP', 'BIPC', 'BEP', 'BEPC']",BIPC,2024-04-14
My Favorite Sectors To Find Dividend Stocks In April 2024,High-yield investors can maximize long-term passive income growth and overall wealth compounding by focusing on a few key sectors. Find out some of my top picks at the moment.,2024-04-16 12:15:00+00:00,https://seekingalpha.com/article/4683951-my-favorite-sectors-to-find-dividend-stocks-april-2024,Seeking Alpha,0.16,0.52,positive,0.16,False,False,True,False,False,True,False,False,0.0,234,"['O', 'BIP', 'BIPC', 'ENB', 'BAM', 'VNQ', 'XLU', 'BIZD']",BIPC,2024-04-16
6-7% Yields With 10%+ Growth That I Am Buying Hand Over Fist,"Discover high-quality dividend stocks with 6-7% yields and 10%+ annual growth potential, defying market expectations of higher interest rates. Click for the picks!",2024-04-24 11:15:00+00:00,https://seekingalpha.com/article/4685432-6-7-percent-yields-with-10-percent-plus-growth-that-i-am-buying-hand-over-fist,Seeking Alpha,0.15625,0.75,positive,0.15625,False,True,False,False,False,True,False,False,0.0,225,"['SCHD', 'BIP', 'BIPC', 'BN', 'BAM', 'BEP', 'BEPC']",BIPC,2024-04-24
"If I Had To Retire With Only 5 Stocks, It Would Be These",Buffett once encouraged investors to only make a few high-quality investment decisions. Check out my five picks that I would hold for the rest of my life.,2024-04-26 11:15:00+00:00,https://seekingalpha.com/article/4686001-if-had-to-retire-with-5-stocks,Seeking Alpha,-0.06666666666666667,0.7000000000000001,neutral,0.06666666666666667,False,False,False,False,False,False,False,False,0.0,212,"['ADC', 'ARCC', 'ARES', 'BAM', 'BEP', 'BEPC', 'BIP', 'BIPC', 'BX', 'BXSL', 'CPT', 'ENB', 'EPD', 'ET', 'MAIN', 'MPLX', 'O', 'WPC']",BIPC,2024-04-26
Inflation Won't Go Away: 3 Dividend Stocks to Cash In With,These dividend stocks should deliver inflation-beating income growth.,2024-04-27 12:15:00+00:00,https://www.fool.com/investing/2024/04/27/inflation-wont-go-away-3-dividend-stocks-to-cash-i/,The Motley Fool,0.5,1.0,positive,0.5,False,False,False,False,False,True,False,False,0.0,129,"['BEPC', 'MPC', 'BIP', 'BEP', 'BIPC']",BIPC,2024-04-27
"3 High-Yield Dividend Stocks That Could Soar 22% to 49%, According to Wall Street","Whether or not these stocks hit analysts' price targets, they all should be attractive to investors seeking great income and solid growth.",2024-04-28 09:50:00+00:00,https://www.fool.com/investing/2024/04/28/3-high-yield-dividend-stocks-that-could-soar-22-to/,The Motley Fool,0.5333333333333333,0.6166666666666667,positive,0.5333333333333333,False,False,False,False,False,True,False,False,0.0,221,"['BEP', 'PFE', 'BIP', 'BIPC', 'BEPC', 'BAM']",BIPC,2024-04-28
3 High-Yield Dividend Stocks I'm Excited to Buy More of in May,These companies can help boost my passive income.,2024-04-30 09:46:00+00:00,https://www.fool.com/investing/2024/04/30/3-high-yield-dividend-stocks-im-excited-to-buy-mor/,The Motley Fool,0.4375,0.625,positive,0.4375,False,True,False,False,False,True,False,False,0.0,113,"['VICI', 'BIP', 'CPT', 'BIPC', 'BOWL']",BIPC,2024-04-30
This Overlooked AI Stock Is Stronger Than It Has Ever Been,Brookfield Infrastructure will play a key role in supporting the AI and digitalization megatrends.,2024-05-04 12:41:35+00:00,https://www.fool.com/investing/2024/05/04/this-overlooked-ai-stock-is-stronger-than-it-has-e/,The Motley Fool,0.125,0.625,positive,0.125,False,False,False,False,False,False,False,False,0.0,158,"['BIPC', 'BIP']",BIPC,2024-05-04
"Did Someone Say ""Free Money""?",A podcast episode for dividend stock investors.,2024-05-07 13:33:00+00:00,https://www.fool.com/investing/2024/05/07/did-someone-say-free-money/,The Motley Fool,0.4,0.8,positive,0.4,False,False,False,False,False,True,False,False,0.0,78,"['WMT', 'BRK.A', 'SBUX', 'META', 'NFLX', 'COST', 'MSFT', 'GOOGL', 'AAPL', 'AMZN', 'AXP', 'BRK.B', 'KO', 'CVX', 'RIO', 'RPM', 'HSY', 'TDG', 'CNA', 'BIP', 'MELI', 'EPR', 'GOOG', 'CNSWF', 'SHOP', 'BIPC']",BIPC,2024-05-07
2 Little-Known Artificial Intelligence (AI) Stocks to Buy in May,It's time to look beyond the companies making semiconductors and building AI.,2024-05-07 14:00:00+00:00,https://www.fool.com/investing/2024/05/07/2-little-known-artificial-intelligence-ai-stocks-t/,The Motley Fool,-0.6,1.0,negative,0.6,False,True,False,False,False,False,False,False,0.0,143,"['BIPC', 'INTC', 'BIP', 'EME']",BIPC,2024-05-07
Buy SCHD And These 4 High Yields For A Diversified Retirement Dividend Portfolio,SCHD is a top dividend growth ETF. Check out 4 high-yield stocks that can be added to the fund to make it an even better long-term passive income machine.,2024-05-08 12:15:00+00:00,https://seekingalpha.com/article/4690610-buy-schd-4-high-yields-for-diversified-retirement-dividend-portfolio,Seeking Alpha,0.3866666666666667,0.5133333333333333,positive,0.3866666666666667,False,True,False,False,False,True,False,False,0.0,236,"['ADC', 'BIP', 'BIPC', 'CCOI', 'DGRW', 'O', 'RIO', 'VIG', 'VZ', 'WPC', 'VYM', 'SCHD']",BIPC,2024-05-08
2 Supercharged Dividend Stocks to Buy If There's a Stock Market Sell-Off,These high-quality companies are often great buys during a sell-off.,2024-05-11 12:05:00+00:00,https://www.fool.com/investing/2024/05/11/2-supercharged-dividend-stocks-to-buy-if-theres-a/,The Motley Fool,0.8,0.75,positive,0.8,False,True,False,False,False,True,False,False,0.0,142,"['NEE', 'BIP', 'BIPC']",BIPC,2024-05-11
Why You Might Regret Buying 3M Stock: 1 Better High-Yield Dividend Stock to Buy Now,"Despite improvements in its business, the yield trap has been spring.",2024-05-18 09:03:00+00:00,https://www.fool.com/investing/2024/05/18/why-you-might-regret-buying-3m-stock-1-better-high/,The Motley Fool,0.5,0.5,positive,0.5,False,True,False,False,False,True,False,False,0.0,154,"['MMM', 'BIP', 'BIPC']",BIPC,2024-05-18
Bull Market Buys: 2 Growth Stocks to Own for the Long Run,These siblings are riding the growth waves of some powerful megatrends.,2024-05-25 09:40:00+00:00,https://www.fool.com/investing/2024/05/25/bull-market-buys-2-growth-stocks-to-own-for-the-lo/,The Motley Fool,0.28333333333333327,0.7999999999999999,positive,0.28333333333333327,False,True,False,False,False,False,False,False,0.0,130,"['BEPC', 'BIP', 'BEP', 'BIPC']",BIPC,2024-05-25
9 Stocks I'm Buying In Late May,"Read more on the importance of financial freedom, the impact of potential rate hikes on stock prices, and the correlation between gold and deficit spending.",2024-05-25 12:05:00+00:00,https://seekingalpha.com/article/4695457-9-stocks-im-buying-in-late-may,Seeking Alpha,0.05,0.525,neutral,0.05,False,True,False,False,False,False,False,False,0.0,189,"['VNQ', 'XLU', 'SPY', 'WMT', 'AMZN', 'TGT', 'GLD', 'BIZD', 'MAIN', 'CSWC', 'ADC', 'AMT', 'ARE', 'BHB', 'CFR', 'CMCSA', 'IVT', 'REXR', 'WTRG', 'CCI', 'BN', 'BAM', 'BIP', 'BIPC']",BIPC,2024-05-25
3 Top Dividend Stocks to Double Up on Right Now,These dividend stocks have generated huge returns in the past and could continue doing so.,2024-05-26 09:07:00+00:00,https://www.fool.com/investing/2024/05/26/3-top-dividend-stocks-to-double-up-on-right-now/,The Motley Fool,0.18714285714285714,0.4371428571428571,positive,0.18714285714285714,False,False,False,False,False,True,False,False,0.0,139,"['BEPC', 'AWR', 'BIP', 'BEP', 'BIPC']",BIPC,2024-05-26
These High-Yield Dividend Stocks See Value (and Growth) in This Overlooked Space,Energy infrastructure companies believe their investments in natural gas storage assets will pay big dividends.,2024-05-26 11:19:00+00:00,https://www.fool.com/investing/2024/05/26/these-high-yield-dividend-stocks-see-value-and-gro/,The Motley Fool,0.05,0.25,neutral,0.05,False,False,False,False,False,True,False,False,0.0,193,"['ENB', 'WMB', 'BIP', 'BIPC']",BIPC,2024-05-26
Very Good News For Big Dividend Stock Investors,High-yield stocks have underperformed the broader market considerably over the past few years. Click here for some good news for high-yield investors.,2024-05-26 12:05:00+00:00,https://seekingalpha.com/article/4695708-very-good-news-for-big-dividend-stock-investors,Seeking Alpha,0.21,0.38000000000000006,positive,0.21,False,False,False,False,False,True,False,False,0.0,199,"['SCHD', 'DIV', 'SPY', 'BIZD', 'ARCC', 'XLU', 'BEP', 'BEPC', 'VNQ', 'BXP', 'KRE', 'NYCB', 'GLD', 'SLV', 'NEM', 'GOLD', 'UTF', 'BIP', 'BIPC', 'AMLP', 'EPD', 'ET', 'ENB', 'BX', 'BAM', 'BN']",BIPC,2024-05-26
Why You Shouldn't Buy 8.4%-Yielding RQI,"We are bullish on REITs, and we think RQI is a good way to play a bull market in the sector. Find out why we are unlikely to ever buy the fund.",2024-05-28 12:04:00+00:00,https://seekingalpha.com/article/4695962-why-you-shouldnt-buy-rqi,Seeking Alpha,0.09999999999999998,0.55,neutral,0.09999999999999998,False,True,True,False,False,False,False,False,0.0,184,"['AMT', 'BIP', 'BIPC', 'CCI', 'DLR', 'ENB', 'EPD', 'O', 'VNQ', 'WPC', 'EPR', 'RQI']",BIPC,2024-05-28
5 Top Stocks to Buy in June,"This medley of growth, value, and income stocks is poised to thrive long-term, even if the stock market sells off this summer.",2024-06-02 09:47:00+00:00,https://www.fool.com/investing/2024/06/02/5-top-stocks-to-buy-in-june/,The Motley Fool,0.5,0.5,positive,0.5,False,True,False,False,False,False,False,False,0.0,155,"['SOUN', 'HD', 'VRTX', 'ADBE', 'BIP', 'BIPC']",BIPC,2024-06-02
Rule Breaker Investing Mailbag: From Nvidia's Stock Split to the Power of Always Learning,Listeners -- and what they have to say -- are a big part of this podcast.,2024-06-03 19:22:00+00:00,https://www.fool.com/investing/2024/06/03/rule-breaker-investing-mailbag-from-nvidias-stock/,The Motley Fool,0.0,0.1,neutral,0.0,True,False,False,False,False,True,False,False,0.0,164,"['TSLA', 'INTC', 'CMG', 'NVDA', 'MELI', 'BIP', 'EPR', 'BIPC']",BIPC,2024-06-03
Why I Keep Buying This Top High-Yield Dividend Stock Hand Over Fist,Brookfield Infrastructure is an income-producing machine.,2024-06-04 11:15:00+00:00,https://www.fool.com/investing/2024/06/04/why-i-keep-buying-this-top-high-yield-dividend-sto/,The Motley Fool,0.5,0.5,positive,0.5,False,True,False,False,False,True,False,False,0.0,126,"['BIP', 'BIPC']",BIPC,2024-06-04
2 Very Overrated And 2 Very Underrated Big Dividend Stocks,Discover two overrated and two underrated big dividend stocks that offer attractive yields and potential for passive income growth. Click here for the picks!,2024-06-07 16:45:50+00:00,https://seekingalpha.com/article/4698076-2-very-overrated-and-2-very-underrated-big-dividend-stocks,Seeking Alpha,0.20000000000000004,0.4666666666666666,positive,0.20000000000000004,False,False,False,False,False,True,False,False,0.0,217,"['SCHD', 'T', 'MMM', 'VZ', 'MO', 'EPD', 'BIP', 'BIPC']",BIPC,2024-06-07
3 High-Yield Dividend Stocks to Buy in June to Safeguard Your Portfolio From Future Storms,These companies should supply investors with reliable dividends during market storms.,2024-06-08 15:01:00+00:00,https://www.fool.com/investing/2024/06/08/3-high-yield-dividend-stocks-to-buy-in-june-to-saf/,The Motley Fool,0.0,0.125,neutral,0.0,False,True,False,False,False,True,False,False,0.0,177,"['EPD', 'BIP', 'BEP', 'BIPC', 'BEPC']",BIPC,2024-06-08
Want $1 Million in Retirement? 2 Stocks to Buy Now and Hold for Decades.,These companies have excellent records of enriching their investors.,2024-06-09 10:34:00+00:00,https://www.fool.com/investing/2024/06/09/want-1-million-in-retirement-2-stocks-to-buy-now-a/,The Motley Fool,1.0,1.0,positive,1.0,False,True,False,False,False,False,False,False,0.0,142,"['BIP', 'BIPC']",BIPC,2024-06-09
Here Are My 4 Biggest Dividend Stocks,They make up around 10% of my invested wealth.,2024-06-11 08:00:00+00:00,https://www.fool.com/investing/2024/06/11/here-are-my-4-biggest-dividend-stocks/,The Motley Fool,0.0,0.0,neutral,0.0,False,False,False,False,False,True,False,False,0.0,85,"['BEPC', 'TXN', 'BIP', 'EPR', 'BEP', 'BIPC']",BIPC,2024-06-11
"Are There Any Dividend Buys as the S&P 500 Rallies? Yes, and Here They Are.",Income-focused investors still have some solid options even as the market continues to rally.,2024-06-18 08:12:00+00:00,https://www.fool.com/investing/2024/06/18/are-there-any-dividend-buys-as-the-sp-500-rallies/,The Motley Fool,0.0,0.1,neutral,0.0,False,True,False,False,False,True,False,False,0.0,170,"['SCHD', 'BIP', 'CWEN', 'CWEN.A', 'BIPC']",BIPC,2024-06-18
Important Lessons Learned From My Latest Investing Mistakes,Investing in dividend stocks has been exceptionally rewarding for me. Check out the important lessons that my latest investing mistakes have taught me.,2024-06-18 11:05:00+00:00,https://seekingalpha.com/article/4699757-important-lessons-learned-from-my-latest-investing-mistakes,Seeking Alpha,0.45999999999999996,0.96,positive,0.45999999999999996,False,False,False,False,False,True,False,False,0.2,212,"['SCHD', 'AY', 'CWEN', 'CWEN.A', 'NEP', 'AQN', 'BEP', 'BEPC', 'BIP', 'BIPC', 'O', 'GDX', 'GOLD', 'NEM', 'GLD', 'SLV', 'KRE', 'NYCB', 'BIZD', 'MAIN', 'ARCC', 'JPM', 'BAC']",BIPC,2024-06-18
Retirement Dividend Portfolio: The Anatomy Of A Passive Income Snowball,Buffett once explained why building a passive income snowball is so important. Find out top ideas for building a passive income snowball out of dividend stocks.,2024-06-18 12:05:00+00:00,https://seekingalpha.com/article/4699760-retirement-dividend-portfolio-the-anatomy-of-a-passive-income-snowball,Seeking Alpha,0.45,0.75,positive,0.45,False,False,False,False,False,True,False,False,0.2,233,"['ET', 'T', 'O', 'EPRT', 'WPC', 'CPT', 'MAA', 'AVB', 'XLU', 'AMLP', 'ENB', 'EPD', 'BIP', 'BIPC', 'AAPL', 'MSFT', 'KO', 'NOBL', 'BAM', 'OWL', 'PAA', 'PAGP', 'BIZD', 'BXSL', 'ARCC', 'VNQ', 'EPR', 'SCHD', 'JEPI', 'JEPQ']",BIPC,2024-06-18
Brookfield Infrastructure Corporation Announces Results of Annual Meeting of Shareholders,"BROOKFIELD, NEWS, June  18, 2024  (GLOBE NEWSWIRE) -- Brookfield Infrastructure Corporation (the “Corporation”) (TSX, NYSE: BIPC) today announced that all eight nominees proposed for election to the board of directors by holders of class A exchangeable subordinate voting shares (“Exchangeable Shares”) and holders of class B multiple voting shares (“Class B Shares”) were elected at the Corporation’s annual meeting of shareholders held on June 18, 2024 in a virtual meeting format. Detailed results of the vote for the election of directors are set out below.",2024-06-18 20:08:00+00:00,https://www.globenewswire.com/news-release/2024/06/18/2900816/0/en/Brookfield-Infrastructure-Corporation-Announces-Results-of-Annual-Meeting-of-Shareholders.html,GlobeNewswire Inc.,0.2,0.375,positive,0.2,False,False,False,False,False,False,True,False,0.0,652,"['BIPC', 'BIPC']",BIPC,2024-06-18
4 Dividend Growth Stocks For A Powerful Passive Income Snowball,Dividend growth is an extremely important component of building a passive income snowball. Check out 4 stocks set to grow dividends rapidly for years to come.,2024-06-21 11:05:00+00:00,https://seekingalpha.com/article/4700311-4-dividend-growth-stocks-for-powerful-passive-income-snowball,Seeking Alpha,0.35,1.0,positive,0.35,False,False,False,False,False,True,False,False,0.2,223,"['BAM', 'AVGO', 'GD', 'BIP', 'BIPC']",BIPC,2024-06-21
"Got $1,000? This High-Yield Dividend Stock Is Such a Screaming Buy Right Now",Brookfield Infrastructure offers a high-yielding dividend and a high earnings-growth rate at a very low valuation.,2024-06-22 11:25:00+00:00,https://www.fool.com/investing/2024/06/22/got-1000-this-high-yield-dividend-stock-is-such-a/,The Motley Fool,0.10914285714285714,0.3931428571428571,positive,0.10914285714285714,True,True,False,False,False,True,False,False,0.0,192,"['BIPC', 'BIP']",BIPC,2024-06-22
Very Overrated And Very Underrated High Yield Sectors,"Not all high yield subsectors are good investments all the time. Click here for the one Mr. Market is overrating and underrating, and also my top picks.",2024-06-23 15:00:00+00:00,https://seekingalpha.com/article/4700537-very-overrated-and-very-underrated-high-yield-sectors,Seeking Alpha,0.32,0.4633333333333333,positive,0.32,False,False,True,False,False,False,False,False,0.0,207,"['APO', 'ARCC', 'ARES', 'BAM', 'BEP', 'BEPC', 'BIP', 'BIPC', 'BIZD', 'BN', 'BX', 'BXSL', 'CSWC', 'GS', 'HTGC', 'JPM', 'KRE', 'MAIN', 'NYCB', 'SCHD', 'TSLX', 'UTF']",BIPC,2024-06-23
Very Good News For High Yield Stocks,There has been meaningful good news recently that suggests high-yield stocks may outperform moving forward. Check out our top picks of the moment.,2024-06-25 11:05:00+00:00,https://seekingalpha.com/article/4700859-very-good-news-for-high-yield-stocks,Seeking Alpha,0.4616666666666666,0.5283333333333333,positive,0.4616666666666666,False,False,False,False,False,False,False,False,0.0,184,"['SCHD', 'DIV', 'SPY', 'QQQ', 'XLU', 'VNQ', 'AMLP', 'BX', 'BAM', 'BN', 'O', 'WPC', 'EPD', 'ENB', 'BIP', 'BIPC', 'BEP', 'BEPC']",BIPC,2024-06-25
3 Top Dividend Stocks I Plan to Buy Hand Over Fist This July,I plan to continue adding to my income this month.,2024-07-01 09:18:00+00:00,https://www.fool.com/investing/2024/07/01/3-top-dividend-stocks-i-plan-to-buy-hand-over-fist/,The Motley Fool,0.5,0.5,positive,0.5,False,True,False,False,False,True,False,False,0.0,112,"['ENB', 'O', 'BIP', 'BIPC']",BIPC,2024-07-01
My Top High-Yield Dividend Stock to Buy in July (Income is Only Part of the Equation) - The Motley Fool,"Brookfield Infrastructure is a high-yield dividend stock that is growing rapidly, with a sustainable dividend and a cheap valuation. The company's strong growth profile and stable cash flows make it an attractive option for income-focused investors.",2024-07-03 09:01:00+00:00,https://www.fool.com/investing/2024/07/03/my-top-high-yield-dividend-stock-to-buy-in-july-in/,The Motley Fool,0.45555555555555555,0.8055555555555555,positive,0.45555555555555555,False,True,False,False,False,True,False,False,0.0,354,['BIPC'],BIPC,2024-07-03
Do You Want to be Financially Independent? Consider Buying These Wealth-Creating Dividend Stocks. - The Motley Fool,"Investing in high-quality dividend stocks like Realty Income, Brookfield Infrastructure, and Enbridge can help you achieve financial independence. These companies have a track record of steadily increasing their dividends, which has historically led to wealth-building total returns.",2024-07-04 09:35:00+00:00,https://www.fool.com/investing/2024/07/04/do-you-want-to-be-financially-independent-consider/,The Motley Fool,0.12777777777777777,0.37916666666666665,positive,0.12777777777777777,False,True,False,False,False,True,False,False,0.0,400,"['O', 'Op', 'BIPC', 'ENB']",BIPC,2024-07-04
3 Supercharged Dividend Stocks to Buy if There's a Stock Market Sell-Off - The Motley Fool,"The article discusses three top dividend stocks - NextEra Energy, Brookfield Infrastructure, and Enbridge - that could be attractive investment opportunities during a market sell-off due to their high dividend yields and growth potential.",2024-07-13 09:12:00+00:00,https://www.fool.com/investing/2024/07/13/3-supercharged-dividend-stocks-to-buy-if-theres-a/,The Motley Fool,0.3225,0.7191666666666666,positive,0.3225,False,True,False,False,False,True,False,False,0.0,330,"['BIPC', 'ENB']",BIPC,2024-07-13
Here's Why Brookfield Infrastructure Partners Tumbled Nearly 13% in the 1st Half of 2024 - The Motley Fool,"Brookfield Infrastructure Partners (BIP) saw a 12.9% decline in the first half of 2024, underperforming its corporate twin Brookfield Infrastructure Corporation (BIPC) and the broader S&P 500. The decline was likely due to a potential sale of BIP units by its parent Brookfield Corporation and the impact of higher interest rates on the company's borrowing costs and asset valuations.",2024-07-15 15:07:00+00:00,https://www.fool.com/investing/2024/07/15/heres-why-brookfield-infrastructure-partners-tumbl/,The Motley Fool,0.07416666666666667,0.4841666666666667,neutral,0.07416666666666667,False,False,False,False,False,False,False,False,0.0,492,"['BIP', 'BIPH', 'BIPI', 'BIPJ', 'BIPpA', 'BIPpB', 'BIPC', 'BN', 'BNH', 'BNJ']",BIPC,2024-07-15
Why Brookfield Infrastructure Partners Stock Rebounded and Jumped 15% in July,"Brookfield Infrastructure Partners (BIP) stock rebounded strongly in July, gaining over 15% after underperforming the S&P 500 in recent months. The company's consistent operational performance, including 10% year-over-year growth in funds from operations (FFO) in Q2, and its plans to reinvest proceeds from asset sales into growth projects contributed to the stock's recovery.",2024-08-07 17:42:57+00:00,https://www.fool.com/investing/2024/08/07/why-brookfield-infrastructure-partners-stock-rebou/?source=iedfolrf0000001,The Motley Fool,0.22777777777777777,0.41111111111111115,positive,0.22777777777777777,False,False,False,False,False,False,False,False,0.0,456,"['BIP', 'BIPH', 'BIPI', 'BIPJ', 'BIPpA', 'BIPpB', 'BIPC']",BIPC,2024-08-07
Stock Market Sell-Off: 3 Stocks You'd Want to Buy on Every Dip,"The article discusses three stocks that investors should consider buying during market sell-offs: Brookfield Infrastructure, Nucor, and NextEra Energy. The companies are highlighted for their ability to generate stable cash flows, growth potential, and commitment to dividend growth, even in challenging times.",2024-08-17 14:48:00+00:00,https://www.fool.com/investing/2024/08/17/stock-market-sell-off-3-stocks-youd-want-to-buy-on/?source=iedfolrf0000001,The Motley Fool,0.3333333333333333,1.0,positive,0.3333333333333333,False,True,False,False,False,True,False,False,0.0,374,"['BIPC', 'NUE']",BIPC,2024-08-17
2 Supercharged Dividend Stocks to Buy if There's a Stock Market Sell-Off,"The article discusses two dividend stocks, Dominion Energy and Brookfield Infrastructure, that could be good investments during market sell-offs. Both companies offer high dividend yields and visible earnings growth, making them attractive options for investors looking to lock in lucrative income streams.",2024-08-18 11:43:00+00:00,https://www.fool.com/investing/2024/08/18/2-supercharged-dividend-stocks-to-buy-if-theres-a/?source=iedfolrf0000001,The Motley Fool,0.5533333333333333,0.7133333333333334,positive,0.5533333333333333,True,True,False,False,False,True,False,False,0.0,380,"['D', 'BIPC']",BIPC,2024-08-18
3 Magnificent Dividend Stocks I Plan to Continue Buying for a Lifetime of Passive Income,"The article discusses three dividend stocks - Realty Income, Brookfield Infrastructure, and Enbridge - that the author plans to continue buying for their high and steadily rising dividends, which align with the author's passive income strategy for early retirement.",2024-08-26 12:13:00+00:00,https://www.fool.com/investing/2024/08/26/3-magnificent-dividend-stocks-i-plan-to-continue-b/?source=iedfolrf0000001,The Motley Fool,0.3566666666666667,0.585,positive,0.3566666666666667,False,True,False,False,False,True,False,False,0.0,355,"['O', 'Op', 'BIPC', 'ENB']",BIPC,2024-08-26
"If I Could Only Buy 1 Dividend Stock in September, This Would Be My Top Choice","Brookfield Infrastructure is a top dividend stock pick for its strong dividend growth, stable cash flows, and exposure to major investment megatrends like digitalization, decarbonization, and deglobalization. The company's exceptional track record and double-digit growth potential make it an attractive choice for dividend investors.",2024-09-02 10:11:00+00:00,https://www.fool.com/investing/2024/09/02/if-i-could-only-buy-1-dividend-stock-in-september/?source=iedfolrf0000001,The Motley Fool,0.37031250000000004,0.7791666666666667,positive,0.37031250000000004,False,True,False,False,False,True,False,False,0.0,414,"['BIPC', 'INTC']",BIPC,2024-09-02
Bargain Hunting in Energy Stocks: 2 Stocks to Buy Before Kinder Morgan,"The article compares the long-term investor returns of Kinder Morgan, Brookfield Infrastructure, and HF Sinclair. It suggests that Brookfield Infrastructure and HF Sinclair have rewarded investors with solid returns, while Kinder Morgan has a long record of poor investor returns.",2024-09-14 09:15:00+00:00,https://www.fool.com/investing/2024/09/14/bargain-hunting-in-energy-stocks-2-stocks-to-buy-b/?source=iedfolrf0000001,The Motley Fool,-0.15,0.3666666666666667,negative,0.15,False,True,False,False,False,False,False,False,0.0,352,"['EP', 'EPpC', 'KMI', 'BIPC', 'DINO']",BIPC,2024-09-14
This Magnificent Dividend Stock's No. 1 Priority Is to Enrich Investors. Here's How It Does That.,"Brookfield Infrastructure, a global infrastructure company, has a top priority of creating value for investors. It has delivered a 6.6x return for investors since its formation 15 years ago, and it plans to continue enriching investors through capital expansion, earnings growth, and accretive M&A.",2024-09-28 10:06:00+00:00,https://www.fool.com/investing/2024/09/28/this-magnificent-dividend-stocks-no-1-priority-is/?source=iedfolrf0000001,The Motley Fool,0.5,0.5,positive,0.5,True,False,False,False,False,True,False,False,0.0,397,"['BIPC', 'INTC', 'AMT']",BIPC,2024-09-28
A Historic Buying Opportunity: This Top Dividend Stock Is a Screaming Bargain Right Now.,"Brookfield Infrastructure is currently trading at a historically cheap valuation, making it an attractive investment opportunity. The company's growth prospects are strong, driven by global investment megatrends like decarbonization, deglobalization, and digitalization.",2024-09-29 11:43:00+00:00,https://www.fool.com/investing/2024/09/29/a-historic-buying-opportunity-this-top-dividend-st/?source=iedfolrf0000001,The Motley Fool,0.30238095238095236,0.48363095238095233,positive,0.30238095238095236,False,True,False,False,False,True,False,False,0.0,360,['BIPC'],BIPC,2024-09-29
3 Top Stocks to Buy to Cash In on the AI-Fueled Digital Revolution,"The article discusses how the growing demand for data centers and AI applications is driving the need for more infrastructure, particularly in the areas of energy and data transmission. It highlights three companies - Brookfield Infrastructure, Equinix, and Kinder Morgan - as great stocks to buy to capitalize on this trend.",2024-09-30 09:04:00+00:00,https://www.fool.com/investing/2024/09/30/3-top-stocks-to-buy-to-cash-in-on-the-ai-fueled-di/?source=iedfolrf0000001,The Motley Fool,0.39333333333333337,0.41666666666666663,positive,0.39333333333333337,False,True,False,False,False,False,False,False,0.0,393,"['BIPC', 'EQIX', 'EP', 'EPpC', 'KMI']",BIPC,2024-09-30
Here Are My Top-3 Dividend Stocks to Buy in October,"The article discusses three dividend-paying companies - Brookfield Infrastructure, NextEra Energy, and Prologis - that are expected to continue growing their dividends at a healthy pace due to their strong growth prospects and attractive valuations.",2024-10-05 09:37:00+00:00,https://www.fool.com/investing/2024/10/05/here-are-my-top-3-dividend-stocks-to-buy-in-octobe/?source=iedfolrf0000001,The Motley Fool,0.30166666666666664,0.6016666666666667,positive,0.30166666666666664,False,True,False,False,False,True,False,False,0.0,302,"['BIPC', 'PLD']",BIPC,2024-10-05
Brookfield Infrastructure Announces Reorganization of Brookfield Infrastructure Corporation,Brookfield Infrastructure Partners L.P. and Brookfield Infrastructure Corporation announced a reorganization to maintain the benefits of Brookfield Infrastructure's business structure while addressing proposed tax changes in Canada.,2024-10-09 21:41:00+00:00,https://www.globenewswire.com/news-release/2024/10/09/2960959/0/en/Brookfield-Infrastructure-Announces-Reorganization-of-Brookfield-Infrastructure-Corporation.html,GlobeNewswire Inc.,0.0,0.0,neutral,0.0,False,False,False,False,False,False,False,False,0.0,325,"['BIP', 'BIPH', 'BIPI', 'BIPJ', 'BIPpA', 'BIPpB', 'BIPC']",BIPC,2024-10-09
Unabated Demand Could Drive Towering Growth for This Top Dividend Stock in 2025 and Beyond,"American Tower, a REIT focused on communications and data infrastructure, experienced a slowdown in growth due to the sale of its Indian tower portfolio. However, the company is seeing strong demand for its services, particularly in the U.S., Europe, and Africa. With investments in expanding its tower and data center portfolios, American Tower is well-positioned to deliver high-quality earnings growth and shareholder returns in the coming years.",2024-11-01 09:42:00+00:00,https://www.fool.com/investing/2024/11/01/unabated-demand-could-drive-towering-growth-for-th/?source=iedfolrf0000001,The Motley Fool,0.209375,0.36770833333333336,positive,0.209375,True,False,False,False,False,True,False,False,0.0,541,"['AMT', 'BIPC']",BIPC,2024-11-01
"Got $1,000? This Nearly 4%-Yielding Dividend Stock Could Turn It Into Almost $40 of Annual Passive Income (And Grow Your Investment by 10%+ Each Year).","Brookfield Infrastructure (BIPC/BIP) is a global infrastructure operator that has consistently increased its dividend and is expected to deliver double-digit growth in funds from operations per share, making it an attractive investment opportunity.",2024-11-08 10:23:00+00:00,https://www.fool.com/investing/2024/11/08/got-1000-this-nearly-4-yielding-dividend-stock-cou/?source=iedfolrf0000001,The Motley Fool,0.21000000000000002,0.41,positive,0.21000000000000002,False,False,False,False,False,True,False,False,0.0,401,['BIPC'],BIPC,2024-11-08
2 Brilliant Growth Stocks to Buy Now and Hold for the Long Term,Companies will need to invest trillions of dollars into digitalization and decarbonization initiatives in the future. Brookfield Infrastructure and Constellation Energy are two companies that stand out for their robust growth potential related to these megatrends.,2024-11-09 10:46:00+00:00,https://www.fool.com/investing/2024/11/09/2-brilliant-growth-stocks-to-buy-now-and-hold-for/?source=iedfolrf0000001,The Motley Fool,0.16999999999999998,0.585,positive,0.16999999999999998,False,True,False,False,False,False,False,False,0.0,329,"['BIPC', 'CEG']",BIPC,2024-11-09
This Top Dividend Stock Expects This Staggering $100 Trillion Investment Supercycle to Power Robust Growth for Years to Come,"Brookfield Infrastructure expects robust growth driven by a $100 trillion global infrastructure investment supercycle, fueled by the rising demand for digital infrastructure and decarbonization. The company has a strong organic growth pipeline and plans to recycle capital to capitalize on new opportunities.",2024-11-10 10:10:00+00:00,https://www.fool.com/investing/2024/11/10/this-top-dividend-stock-expects-this-staggering-10/?source=iedfolrf0000001,The Motley Fool,0.21393939393939396,0.3375757575757576,positive,0.21393939393939396,False,False,False,False,False,True,False,False,0.0,434,"['BIPC', 'INTC']",BIPC,2024-11-10
3 Supercharged Stocks That Could Soar Even Higher,"The article discusses three stocks that could continue to see strong growth: Cameco, Brookfield Renewable, and Brookfield Infrastructure. Cameco is a pick-and-shovel play in the nuclear power industry, which may be experiencing a resurgence. Brookfield Renewable and Brookfield Infrastructure are expected to deliver robust growth in the coming years, driven by their extensive development pipelines and accretive acquisitions.",2024-11-11 10:28:00+00:00,https://www.fool.com/investing/2024/11/11/3-supercharged-stocks-that-could-soar-even-higher/?source=iedfolrf0000001,The Motley Fool,0.14583333333333334,0.49166666666666664,positive,0.14583333333333334,False,True,False,False,False,False,False,False,0.0,478,"['CCJ', 'BEPC', 'BIPC']",BIPC,2024-11-11
3 High-Yield Dividend Stocks You Can Buy With $130 Now and Hold at Least a Decade,"The article discusses three high-yield dividend stocks - Brookfield Infrastructure, Realty Income, and Royalty Pharma - that offer yields above 3% and have impressive track records that are likely to continue for at least another decade.",2024-11-14 10:20:00+00:00,https://www.fool.com/investing/2024/11/14/3-high-yield-dividend-stocks-you-can-buy-with-130/?source=iedfolrf0000001,The Motley Fool,0.07999999999999999,0.58,neutral,0.07999999999999999,False,True,False,False,False,True,False,False,0.0,320,"['BIPC', 'O', 'RPRX']",BIPC,2024-11-14
This Fantastic Dividend Stock Is Looking to Expand Into an Emerging $8 Trillion Market Opportunity,"Brookfield Infrastructure, a dividend-paying infrastructure company, sees a massive opportunity in AI infrastructure, which it estimates to be a $8 trillion market over the next 3-5 years. The company plans to leverage its expertise and capital to capitalize on this growth trend.",2024-11-19 09:28:00+00:00,https://www.fool.com/investing/2024/11/19/this-fantastic-dividend-stock-is-looking-to-expand/?source=iedfolrf0000001,The Motley Fool,0.13333333333333333,0.6333333333333333,positive,0.13333333333333333,False,False,False,False,False,True,False,False,0.0,380,['BIPC'],BIPC,2024-11-19
3 Top Dividend Stocks Yielding More Than 3% to Buy Right Now,"The article discusses three high-yielding dividend stocks - Brookfield Infrastructure, Rexford Industrial Realty, and Mid-America Apartment Communities - that are expected to continue increasing their dividends due to their healthy growth profiles.",2024-11-20 11:35:00+00:00,https://www.fool.com/investing/2024/11/20/3-top-dividend-stocks-yielding-more-than-3-to-buy/?source=iedfolrf0000001,The Motley Fool,0.2601190476190476,0.4684523809523809,positive,0.2601190476190476,False,True,False,False,False,True,False,False,0.0,310,"['BIPC', 'REXR', 'REXRpB', 'REXRpC', 'MAA', 'MAApI']",BIPC,2024-11-20
Brookfield Infrastructure Renews Its Normal Course Issuer Bids,"Brookfield Infrastructure Partners L.P. (BIP) and Brookfield Infrastructure Corporation (BIPC) have announced the renewal of their normal course issuer bids to repurchase their outstanding units and shares, respectively. The companies believe this will provide flexibility to use available funds to purchase their securities if they are trading at prices that do not fully reflect their value.",2024-11-27 23:34:00+00:00,https://www.globenewswire.com/news-release/2024/11/27/2988474/0/en/Brookfield-Infrastructure-Renews-Its-Normal-Course-Issuer-Bids.html,GlobeNewswire Inc.,0.24000000000000005,0.5349999999999999,positive,0.24000000000000005,False,False,True,False,False,False,False,False,0.0,457,"['BIP', 'BIPH', 'BIPI', 'BIPJ', 'BIPpA', 'BIPpB', 'BIPC']",BIPC,2024-11-27
3 Dividend Stocks I'm Very Thankful I Owned This Year,"The article discusses three dividend stocks that performed well in 2024: Brookfield Infrastructure, Energy Transfer, and Kinder Morgan. The author is thankful for owning these stocks, which provided strong total returns through a combination of dividend income and share price appreciation.",2024-11-28 09:14:00+00:00,https://www.fool.com/investing/2024/11/28/3-dividend-stocks-im-very-thankful-i-owned-this-ye/?source=iedfolrf0000001,The Motley Fool,0.2111111111111111,0.5944444444444444,positive,0.2111111111111111,False,False,False,False,False,True,False,False,0.0,345,"['BIPC', 'ET', 'ETpI', 'EP', 'EPpC', 'KMI']",BIPC,2024-11-28
My Highest Conviction High-Yield Dividend Stock to Buy in December,"Brookfield Infrastructure (BIPC/BIP) is a high-yielding dividend stock that the author believes can deliver superior total returns in the coming years. The company operates crucial infrastructure assets that generate stable cash flow, and it is well-positioned to capitalize on economic megatrends like decarbonization, deglobalization, and digitalization.",2024-12-01 11:04:00+00:00,https://www.fool.com/investing/2024/12/01/my-highest-conviction-high-yield-dividend-stock-to/?source=iedfolrf0000001,The Motley Fool,0.22499999999999998,0.7125,positive,0.22499999999999998,False,True,False,False,False,True,False,False,0.0,424,['BIPC'],BIPC,2024-12-01
2 Top Dividend Stocks to Buy in December,"The article discusses two top dividend stocks, Brookfield Infrastructure and Enbridge, which offer high and growing dividends, stable cash flows, and strong growth prospects. Both companies are well-positioned to deliver solid total returns in the coming years.",2024-12-08 09:18:00+00:00,https://www.fool.com/investing/2024/12/08/2-top-dividend-stocks-to-buy-in-december/?source=iedfolrf0000001,The Motley Fool,0.26555555555555554,0.5205555555555555,positive,0.26555555555555554,False,True,False,False,False,True,False,False,0.0,303,"['BIPC', 'ENB']",BIPC,2024-12-08
This 4%-Yielding Dividend Stock Is a Top Buy for Income and Upside in 2025 and Beyond,"Brookfield Infrastructure (BIPC/BIP) offers investors a high-yielding dividend (over 4%) and strong growth potential, making it a compelling investment opportunity. The company's diversified portfolio of infrastructure assets generates stable cash flow, supporting its dividend growth and future expansion plans.",2024-12-19 10:27:00+00:00,https://www.fool.com/investing/2024/12/19/this-4-yielding-dividend-stock-is-a-top-buy-for-in/?source=iedfolrf0000001,The Motley Fool,0.2261904761904762,0.45833333333333337,positive,0.2261904761904762,False,True,False,False,False,True,False,False,0.0,399,['BIPC'],BIPC,2024-12-19
Brookfield Infrastructure Announces Closing Date of Reorganization,"Brookfield Infrastructure Partners L.P. (BIP) and Brookfield Infrastructure Corporation (BIPC) have received all required approvals for their previously announced reorganization. As a result, BIPC shareholders will automatically receive new class A exchangeable shares that provide the same economic benefits and governance as investing in BIPC.",2024-12-20 22:46:00+00:00,https://www.globenewswire.com/news-release/2024/12/20/3000889/0/en/Brookfield-Infrastructure-Announces-Closing-Date-of-Reorganization.html,GlobeNewswire Inc.,0.04242424242424243,0.23655303030303032,neutral,0.04242424242424243,False,False,False,False,False,False,False,False,0.0,413,"['BIP', 'BIPH', 'BIPI', 'BIPJ', 'BIPpA', 'BIPpB', 'BIPC']",BIPC,2024-12-20
