title,description,published_utc,article_url,publisher,sentiment_polarity,sentiment_subjectivity,sentiment_label,sentiment_confidence,keywords_earnings,keywords_acquisition,keywords_regulation,keywords_partnership,keywords_product,keywords_financial,keywords_leadership,keywords_lawsuit,urgency_score,text_length,tickers,ticker,date
Vornado (VNO) to Post Q1 Earnings: What's in the Offing?,"Despite anticipated gains from the sale of condominium units, Vornado's (VNO) Q1 results are likely to reflect the impacts of trade show cancellations and retail headwinds.",2021-04-28 15:56:00+00:00,http://www.zacks.com/stock/news/1468135/vornado-vno-to-post-q1-earnings-whats-in-the-offing?cid=CS-ZC-FT-analyst_blog|earnings_preview-1468135,Zacks Investment Research,0.0,1.0,neutral,0.0,True,False,False,False,False,False,False,False,0.0,230,"['VNO', 'DLR', 'CUBE', 'CWK']",CWK,2021-04-28
What's in the Cards for Realty Income's (O) Q1 Earnings?,"While Realty Income's (O) Q1 results will likely reflect the benefits of having essential retail tenants in its roster, rent collections from non-essential tenants are a concern.",2021-04-30 17:28:00+00:00,http://www.zacks.com/stock/news/1479998/whats-in-the-cards-for-realty-incomes-o-q1-earnings?cid=CS-ZC-FT-analyst_blog|earnings_preview-1479998,Zacks Investment Research,0.0,0.65,neutral,0.0,True,False,False,False,False,False,False,False,0.0,236,"['ADC', 'O', 'NSA', 'CWK']",CWK,2021-04-30
Here's How Federal Realty (FRT) is Placed Ahead of Q1 Earnings,"Federal Realty's (FRT) Q1 results likely to reflect adverse impact of industry headwinds, including store closures, bankruptcies and rent-collection woes, affecting occupancy levels and rental rates.",2021-05-03 17:24:00+00:00,http://www.zacks.com/stock/news/1494644/heres-how-federal-realty-frt-is-placed-ahead-of-q1-earnings?cid=CS-ZC-FT-analyst_blog|earnings_preview-1494644,Zacks Investment Research,0.0,1.0,neutral,0.0,True,False,False,False,False,False,False,False,0.0,263,"['FRT', 'HTA', 'NSA', 'CWK']",CWK,2021-05-03
Here's How Regency (REG) is Placed Ahead of Q1 Earnings,"While Regency (REG) has premium retail properties in solid trade areas, its Q1 results will likely reflect retail bankruptcies, store closures and rent-collection woes.",2021-05-05 13:56:00+00:00,http://www.zacks.com/stock/news/1504718/heres-how-regency-reg-is-placed-ahead-of-q1-earnings?cid=CS-ZC-FT-analyst_blog|earnings_preview-1504718,Zacks Investment Research,0.0,0.55,neutral,0.0,True,False,False,False,False,False,False,False,0.0,225,"['REG', 'HTA', 'CDR', 'CWK']",CWK,2021-05-05
Cushman & Wakefield (CWK) Tops Q1 Earnings and Revenue Estimates,"Cushman & Wakefield (CWK) delivered earnings and revenue surprises of 237.50% and 10.13%, respectively, for the quarter ended March 2021. Do the numbers hold clues to what lies ahead for the stock?",2021-05-06 23:15:09+00:00,http://www.zacks.com/stock/news/1512512/cushman-wakefield-cwk-tops-q1-earnings-and-revenue-estimates?cid=CS-ZC-FT-tale_of_the_tape|yseop_template_4-1512512,Zacks Investment Research,0.0,0.1,neutral,0.0,True,False,False,False,False,False,False,False,0.0,263,['CWK'],CWK,2021-05-06
Here's How Simon Property (SPG) is Placed Ahead of Q1 Earnings,"While efforts to support omni-channel retailing and solid balance-sheet will help Simon Property (SPG) sail through, its Q1 results might reflect retail bankruptcies, store closings and rent-collection woes.",2021-05-07 13:26:00+00:00,http://www.zacks.com/stock/news/1516059/heres-how-simon-property-spg-is-placed-ahead-of-q1-earnings?cid=CS-ZC-FT-analyst_blog|earnings_preview-1516059,Zacks Investment Research,0.0,0.1,neutral,0.0,True,False,False,False,False,False,False,False,0.0,271,"['KIM', 'SPG', 'O', 'CWK']",CWK,2021-05-07
Cushman & Wakefield plc (CWK) Q1 2021 Earnings Call Transcript,"CWK earnings call for the period ending March 31, 2021.",2021-05-08 04:30:47+00:00,https://www.fool.com/earnings/call-transcripts/2021/05/08/cushman-wakefield-plc-cwk-q1-2021-earnings-call-tr/?source=iedfolrf0000001,The Motley Fool,0.0,0.0,neutral,0.0,True,False,False,False,False,False,False,False,0.0,119,['CWK'],CWK,2021-05-08
Stocks That Hit 52-Week Highs On Monday,"This morning 792 companies reached new 52-week highs.
Points of Interest:

JPMorgan Chase (NYSE: JPM) was the largest company by market cap to set a new 52-week high.
The smallest company when looking at market cap to set a new 52-week high was Tortoise Energy (NYSE: NDP).
Protagenic Therapeutics (NASDAQ: PTIX)'s stock gained the most, trading up 48.0% to reach a new 52-week high.

The stocks that set new 52-week highs during the first half-hour of trading on Monday:

JPMorgan Chase (NYSE: JPM) shares hit $163.60 on Monday morning, setting a new 52-week high for a change of up 1.27%.
UnitedHealth Group (NYSE: UNH) shares were up 1.25% for the day, having made a 52-week high of $424.24.
Home Depot (NYSE: HD) shares were up 1.15% for the day, having made a 52-week high of $344.55.
Bank of America (NYSE: BAC) stock made a new 52-week high of $42.94 Monday. The stock was up 1.39% for the day.
Comcast (NASDAQ: CMCSA) shares reached a new 52-week high of $59.11 on Monday morning, moving up 0.82%.
Exxon Mobil (NYSE: XOM) shares hit a yearly high of $64.02. The stock traded up 1.24% on the session.
Coca-Cola (NYSE: KO) shares set a new 52-week high of $55.49 on Monday, moving up 1.44%.
Cisco Systems (NASDAQ: CSCO) shares reached a new 52-week high of $54.14 on Monday morning, moving up 0.7%.
Chevron (NYSE: CVX) shares hit $113.10 on Monday morning, setting a new 52-week high for a change of up 1.0%.
AbbVie (NYSE: ABBV) shares achieved a new 52-week high on Monday morning, hitting $117.18 with a daily change of up 0.53%.
BHP Group (NYSE: BHP) shares hit a new 52-week high of $82.07. The stock traded up 2.19% on the session.
Wells Fargo (NYSE: WFC) shares hit a new 52-week high of $47.35. The stock traded up 1.14% on the session.
United Parcel Service (NYSE: UPS) stock hit a yearly high price of $219.57. The stock was up 0.84% for the day.
Novo Nordisk (NYSE: NVO) shares set a new 52-week high of $76.65 on Monday, moving up 0.85%.
BHP Gr (NYSE: BBL) shares reached a new 52-week high of $68.05 on Monday morning, moving up 1.8%.
Morgan Stanley (NYSE: MS) shares reached a new 52-week high of $88.87 on Monday morning, moving down 0.21%.
Citigroup (NYSE: C) shares hit a yearly high of $76.78. The stock traded up 1.93% on the session.
Linde (NYSE: LIN) shares set a new yearly high of $303.73 this morning. The stock was up 0.88% on the session.
Rio Tinto (NYSE: RIO) shares were up 2.2% on Monday to hit a new 52-week high of $95.97 for a change of up 2.2%.
Philip Morris Intl (NYSE: PM) shares reached a new 52-week high of $98.62 on Monday morning, moving up 1.0%.
Union Pacific (NYSE: UNP) shares hit a new 52-week high of $231.26. The stock traded up 0.29% on the session.
Lowe's Companies (NYSE: LOW) stock made a new 52-week high of $213.43 Monday. The stock was up 2.03% for the day.
Royal Bank of Canada (NYSE: RY) stock made a new 52-week high of $100.33 Monday. The stock was up 1.15% for the day.
Charles Schwab (NYSE: SCHW) shares were up 0.92% for the day, having made a 52-week high of $72.53.
BlackRock (NYSE: BLK) shares broke to a new 52-week high of $880.67 on Monday. Shares of the company traded up 0.55%.
Caterpillar (NYSE: CAT) shares were up 1.48% on Monday morning to hit a new 52-week high of $245.75.
Charter Communications (NASDAQ: CHTR) shares were up 0.88% for the day, having made a 52-week high of $700.97.
Raytheon Technologies (NYSE: RTX) shares achieved a new 52-week high on Monday morning, hitting $87.04 with a daily change of up 0.95%.
HSBC Holdings (NYSE: HSBC) shares were up 1.41% on Monday to hit a new 52-week high of $32.17 for a change of up 1.41%.
Toronto-Dominion Bank (NYSE: TD) shares hit a new 52-week high of $71.67. The stock traded up 0.84% on the session.
American Express (NYSE: AXP) stock hit a yearly high price of $160.68. The stock was up 0.6% for the day.
Goldman Sachs Group (NYSE: GS) shares broke to $376.95 on Monday, setting a new 52-week high with a change of up 1.02%.
Deere (NYSE: DE) shares broke to a new 52-week high of $400.34 on Monday. Shares of the company traded up 0.67%.
3M (NYSE: MMM) stock made a new 52-week high of $208.30 Monday. The stock was up 2.37% for the day.
Vale (NYSE: VALE) stock made a new 52-week high of $23.02 Monday. The stock was up 2.6% for the day.
CVS Health (NYSE: CVS) shares set a new yearly high of $86.98 this morning. The stock was up 1.95% on the session.
Diageo (NYSE: DEO) stock hit a yearly high price of $184.66. The stock was up 0.51% for the day.
Target (NYSE: TGT) shares hit $216.90 on Monday morning, setting a new 52-week high for a change of up 0.73%.
Anthem (NYSE: ANTM) shares broke to $405.23 on Monday, setting a new 52-week high with a change of up 1.43%.
Cigna (NYSE: CI) shares were up 3.91% for the day, having made a 52-week high of $271.74.
U.S. Bancorp (NYSE: USB) shares were up 1.21% on Monday to hit a new 52-week high of $62.26 for a change of up 1.21%.
TJX Companies (NYSE: TJX) stock on Monday broke to a yearly high of $74.64. Shares traded up 0.93%.
Mondelez International (NASDAQ: MDLZ) shares achieved a new 52-week high on Monday morning, hitting $62.67 with a daily change of up 0.89%.
Prologis (NYSE: PLD) stock on Monday broke to a yearly high of $117.48. Shares traded up 1.24%.
PNC Financial Services Gr (NYSE: PNC) shares hit a yearly high of $203.88. The stock traded up 1.42% on the session.
FedEx (NYSE: FDX) shares broke to $317.00 on Monday, setting a new 52-week high with a change of up 0.25%.
Truist Financial (NYSE: TFC) stock set a new 52-week high of $62.10 Monday morning. Over the session, the stock traded up 0.35%.
Enbridge (NYSE: ENB) shares hit a new 52-week high of $40.35. The stock traded up 1.17% on the session.
Bank of Nova Scotia (NYSE: BNS) shares hit $66.12 on Monday morning, setting a new 52-week high for a change of up 0.83%.
Duke Energy (NYSE: DUK) shares were up 1.84% on Monday to hit a new 52-week high of $102.95 for a change of up 1.84%.
CSX (NASDAQ: CSX) shares were up 0.75% on Monday to hit a new 52-week high of $104.38 for a change of up 0.75%.
Illinois Tool Works (NYSE: ITW) shares were up 1.41% on Monday morning to hit a new 52-week high of $241.71.
Westpac Banking (NYSE: WBK) shares set a new 52-week high of $20.79 on Monday, moving up 1.07%.
PetroChina Co (NYSE: PTR) shares broke to $41.60 on Monday, setting a new 52-week high with a change of up 3.6%.
Norfolk Southern (NYSE: NSC) shares hit a new 52-week high of $294.25. The stock traded up 1.09% on the session.
Brookfield Asset Mgmt (NYSE: BAM) shares broke to a new 52-week high of $47.01 on Monday. Shares of the company traded up 0.75%.
Capital One Financial (NYSE: COF) shares achieved a new 52-week high on Monday morning, hitting $160.31 with a daily change of up 0.81%.
Southern (NYSE: SO) shares were up 0.94% for the day, having made a 52-week high of $66.89.
Marsh & McLennan (NYSE: MMC) shares reached a new 52-week high of $139.08 on Monday morning, moving up 0.77%.
Equinor (NYSE: EQNR) stock set a new 52-week high of $22.02 Monday morning. Over the session, the stock traded down 0.5%.
HCA Healthcare (NYSE: HCA) shares broke to $213.34 on Monday, setting a new 52-week high with a change of up 1.12%.
Banco Santander (NYSE: SAN) shares were up 2.04% on Monday morning to hit a new 52-week high of $4.04.
Freeport-McMoRan (NYSE: FCX) shares hit a new 52-week high of $46.10. The stock traded up 0.13% on the session.
Blackstone Group (NYSE: BX) shares hit $91.41 on Monday morning, setting a new 52-week high for a change of up 0.52%.
Bank of Montreal (NYSE: BMO) stock on Monday broke to a yearly high of $98.13. Shares traded up 0.94%.
Southern Copper (NYSE: SCCO) shares were up 6.62% for the day, having made a 52-week high of $83.29.
Progressive (NYSE: PGR) shares hit a yearly high of $107.15. The stock traded up 1.18% on the session.
Waste Management (NYSE: WM) stock made a new 52-week high of $144.43 Monday. The stock was up 2.07% for the day.
Northrop Grumman (NYSE: NOC) shares were up 1.5% on Monday morning to hit a new 52-week high of $377.52.
Eaton Corp (NYSE: ETN) shares were up 1.23% for the day, having made a 52-week high of $149.31.
MetLife (NYSE: MET) stock set a new 52-week high of $67.45 Monday morning. Over the session, the stock traded down 0.31%.
Prudential (NYSE: PUK) stock hit a yearly high price of $44.94. The stock was up 0.48% for the day.
Aon (NYSE: AON) shares achieved a new 52-week high on Monday morning, hitting $260.97 with a daily change of up 0.64%.
Emerson Electric (NYSE: EMR) stock hit a yearly high price of $96.90. The stock was up 1.64% for the day.
Vodafone Group (NASDAQ: VOD) shares reached a new 52-week high of $20.35 on Monday morning, moving up 1.52%.
General Dynamics (NYSE: GD) shares broke to $197.42 on Monday, setting a new 52-week high with a change of up 1.19%.
Canadian Pacific Railway (NYSE: CP) stock on Monday broke to a yearly high of $401.57. Shares traded up 0.71%.
Kraft Heinz (NASDAQ: KHC) shares were up 0.39% for the day, having made a 52-week high of $44.06.
ING Groep (NYSE: ING) shares set a new yearly high of $13.48 this morning. The stock was up 1.05% on the session.
Dow (NYSE: DOW) shares were up 1.29% on Monday morning to hit a new 52-week high of $70.60.
Keurig Dr Pepper (NASDAQ: KDP) stock on Monday broke to a yearly high of $36.81. Shares traded down 0.22%.
TC Energy (NYSE: TRP) shares broke to $51.92 on Monday, setting a new 52-week high with a change of up 0.86%.
EOG Resources (NYSE: EOG) shares were up 2.0% on Monday to hit a new 52-week high of $86.56 for a change of up 2.0%.
Canadian Imperial Bank (NYSE: CM) shares hit $108.72 on Monday morning, setting a new 52-week high for a change of up 0.71%.
Ross Stores (NASDAQ: ROST) shares were up 0.62% on Monday to hit a new 52-week high of $134.22 for a change of up 0.62%.
Johnson Controls Intl (NYSE: JCI) stock on Monday broke to a yearly high of $66.38. Shares traded up 0.75%.
Lloyds Banking Group (NYSE: LYG) stock set a new 52-week high of $2.68 Monday morning. Over the session, the stock traded up 3.09%.
National Grid (NYSE: NGG) stock set a new 52-week high of $65.70 Monday morning. Over the session, the stock traded up 1.0%.
Bank of New York Mellon (NYSE: BK) shares broke to $52.66 on Monday, setting a new 52-week high with a change of up 1.36%.
TE Connectivity (NYSE: TEL) shares reached a new 52-week high of $138.91 on Monday morning, moving down 0.32%.
Schlumberger (NYSE: SLB) stock on Monday broke to a yearly high of $32.87. Shares traded up 1.85%.
Eni (NYSE: E) stock hit a yearly high price of $25.50. The stock was up 0.08% for the day.
L3Harris Technologies (NYSE: LHX) shares were up 0.15% for the day, having made a 52-week high of $221.49.
American Intl Gr (NYSE: AIG) shares were up 1.19% on Monday morning to hit a new 52-week high of $52.45.
Trane Technologies (NYSE: TT) shares reached a new 52-week high of $186.77 on Monday morning, moving up 1.52%.
BCE (NYSE: BCE) shares broke to a new 52-week high of $49.32 on Monday. Shares of the company traded up 1.08%.
HP (NYSE: HPQ) shares achieved a new 52-week high on Monday morning, hitting $36.00 with a daily change of down 0.2%.
T. Rowe Price Gr (NASDAQ: TROW) shares set a new 52-week high of $191.63 on Monday, moving up 0.85%.
PPG Industries (NYSE: PPG) shares set a new 52-week high of $181.35 on Monday, moving up 0.68%.
Prudential Financial (NYSE: PRU) shares set a new 52-week high of $107.48 on Monday, moving up 1.12%.
Simon Property Group (NYSE: SPG) shares hit a new 52-week high of $127.63. The stock traded up 1.82% on the session.
Wipro (NYSE: WIT) stock hit a yearly high price of $7.69. The stock was up 1.19% for the day.
Parker Hannifin (NYSE: PH) shares reached a new 52-week high of $324.68 on Monday morning, moving up 0.99%.
Pioneer Natural Resources (NYSE: PXD) stock on Monday broke to a yearly high of $175.37. Shares traded up 1.39%.
Kinder Morgan (NYSE: KMI) stock hit a yearly high price of $18.22. The stock was up 2.05% for the day.
Travelers Companies (NYSE: TRV) shares reached a new 52-week high of $162.44 on Monday morning, moving up 0.83%.
Canadian Natural Res (NYSE: CNQ) stock set a new 52-week high of $34.75 Monday morning. Over the session, the stock traded down 0.17%.
Allstate (NYSE: ALL) shares set a new 52-week high of $136.18 on Monday, moving up 2.7%.
CRH (NYSE: CRH) shares reached a new 52-week high of $51.42 on Monday morning, moving up 0.47%.
BBVA (NYSE: BBVA) shares set a new yearly high of $6.05 this morning. The stock was up 1.27% on the session.
O'Reilly Automotive (NASDAQ: ORLY) shares reached a new 52-week high of $568.61 on Monday morning, moving up 0.81%.
Carrier Global (NYSE: CARR) shares were up 1.45% for the day, having made a 52-week high of $45.51.
Marathon Petroleum (NYSE: MPC) shares broke to a new 52-week high of $61.10 on Monday. Shares of the company traded up 0.52%.
Aflac (NYSE: AFL) shares were up 1.61% for the day, having made a 52-week high of $57.20.
LyondellBasell Industries (NYSE: LYB) shares hit a new 52-week high of $116.77. The stock traded up 0.07% on the session.
D.R. Horton (NYSE: DHI) shares hit a new 52-week high of $106.14. The stock traded up 1.84% on the session.
Archer-Daniels Midland (NYSE: ADM) shares broke to a new 52-week high of $68.53 on Monday. Shares of the company traded up 1.77%.
Paychex (NASDAQ: PAYX) stock on Monday broke to a yearly high of $102.61. Shares traded up 1.32%.
Discover Financial (NYSE: DFS) stock made a new 52-week high of $121.44 Monday. The stock was up 0.63% for the day.
Yum Brands (NYSE: YUM) shares reached a new 52-week high of $122.43 on Monday morning, moving up 0.87%.
Stanley Black & Decker (NYSE: SWK) stock hit a yearly high price of $224.82. The stock was up 2.25% for the day.
Republic Services (NYSE: RSG) shares set a new 52-week high of $113.00 on Monday, moving up 1.61%.
ArcelorMittal (NYSE: MT) stock hit a yearly high price of $33.95. The stock was up 1.62% for the day.
Suncor Energy (NYSE: SU) shares set a new 52-week high of $24.11 on Monday, moving down 0.17%.
Nutrien (NYSE: NTR) stock on Monday broke to a yearly high of $62.31. Shares traded up 1.22%.
Hershey (NYSE: HSY) shares broke to a new 52-week high of $170.84 on Monday. Shares of the company traded up 1.18%.
Willis Towers Watson (NASDAQ: WLTW) shares set a new yearly high of $271.87 this morning. The stock was up 0.44% on the session.
Lennar (NYSE: LEN) stock hit a yearly high price of $109.86. The stock was up 1.28% for the day.
Motorola Solutions (NYSE: MSI) shares reached a new 52-week high of $202.99 on Monday morning, moving up 1.53%.
AutoZone (NYSE: AZO) shares achieved a new 52-week high on Monday morning, hitting $1,538.38 with a daily change of up 1.51%.
First Republic Bank (NYSE: FRC) shares achieved a new 52-week high on Monday morning, hitting $190.70 with a daily change of up 1.21%.
Waste Connections (NYSE: WCN) shares hit a yearly high of $124.82. The stock traded up 1.03% on the session.
McKesson (NYSE: MCK) shares reached a new 52-week high of $204.66 on Monday morning, moving up 3.4%.
Liberty Broadband (NASDAQ: LBRDK) shares achieved a new 52-week high on Monday morning, hitting $168.19 with a daily change of up 0.61%.
NatWest Group (NYSE: NWG) shares hit $5.79 on Monday morning, setting a new 52-week high for a change of down 0.53%.
Sun Life Financial (NYSE: SLF) shares were up 0.57% on Monday morning to hit a new 52-week high of $55.02.
SVB Finl Gr (NASDAQ: SIVB) shares reached a new 52-week high of $592.34 on Monday morning, moving up 0.27%.
AMETEK (NYSE: AME) shares were up 0.95% on Monday morning to hit a new 52-week high of $138.86.
Best Buy Co (NYSE: BBY) shares were up 3.75% on Monday morning to hit a new 52-week high of $128.16.
Old Dominion Freight Line (NASDAQ: ODFL) stock hit a yearly high price of $274.77. The stock was up 1.65% for the day.
Liberty Broadband (NASDAQ: LBRDA) shares set a new 52-week high of $162.86 on Monday, moving up 0.53%.
Weyerhaeuser (NYSE: WY) shares reached a new 52-week high of $41.67 on Monday morning, moving up 3.87%.
Ameriprise Financial (NYSE: AMP) shares were up 0.71% for the day, having made a 52-week high of $268.74.
Williams Companies (NYSE: WMB) stock set a new 52-week high of $25.62 Monday morning. Over the session, the stock traded up 0.93%.
State Street (NYSE: STT) shares were up 1.57% on Monday to hit a new 52-week high of $88.70 for a change of up 1.57%.
Nucor (NYSE: NUE) shares reached a new 52-week high of $103.96 on Monday morning, moving up 4.24%.
Fifth Third Bancorp (NASDAQ: FITB) shares broke to $43.06 on Monday, setting a new 52-week high with a change of up 0.66%.
Arthur J. Gallagher (NYSE: AJG) shares set a new 52-week high of $153.95 on Monday, moving up 1.63%.
TELUS (NYSE: TU) shares broke to $21.91 on Monday, setting a new 52-week high with a change of up 1.1%.
CBRE Group (NYSE: CBRE) stock on Monday broke to a yearly high of $88.24. Shares traded up 1.01%.
Equifax (NYSE: EFX) shares hit a new 52-week high of $242.03. The stock traded up 0.69% on the session.
DTE Energy (NYSE: DTE) stock hit a yearly high price of $145.17. The stock was up 2.16% for the day.
Kansas City Southern (NYSE: KSU) shares reached a new 52-week high of $308.90 on Monday morning, moving up 1.05%.
Garmin (NASDAQ: GRMN) shares set a new 52-week high of $144.89 on Monday, moving up 0.8%.
POSCO (NYSE: PKX) shares hit a yearly high of $92.15. The stock traded up 2.09% on the session.
AvalonBay Communities (NYSE: AVB) shares were up 1.5% on Monday morning to hit a new 52-week high of $199.48.
Laboratory Corp (NYSE: LH) stock on Monday broke to a yearly high of $280.69. Shares traded up 0.87%.
Synchrony Finl (NYSE: SYF) stock made a new 52-week high of $47.21 Monday. The stock was up 2.15% for the day.
Nasdaq (NASDAQ: NDAQ) shares hit a yearly high of $166.79. The stock traded up 0.75% on the session.
Ryanair Holdings (NASDAQ: RYAAY) shares hit a yearly high of $120.96. The stock traded up 0.56% on the session.
Alexandria Real Estate (NYSE: ARE) shares hit $181.70 on Monday morning, setting a new 52-week high for a change of up 1.93%.
Coca-Cola European (NYSE: CCEP) stock set a new 52-week high of $57.61 Monday morning. Over the session, the stock traded up 0.44%.
Vulcan Materials (NYSE: VMC) shares hit $193.84 on Monday morning, setting a new 52-week high for a change of up 1.0%.
Hess (NYSE: HES) shares hit a new 52-week high of $84.27. The stock traded up 1.14% on the session.
United Rentals (NYSE: URI) shares hit a yearly high of $353.88. The stock traded up 1.4% on the session.
Northern Trust (NASDAQ: NTRS) shares were up 1.35% for the day, having made a 52-week high of $121.22.
W.W. Grainger (NYSE: GWW) stock on Monday broke to a yearly high of $478.60. Shares traded up 2.71%.
DISH Network (NASDAQ: DISH) stock on Monday broke to a yearly high of $47.04. Shares traded up 0.11%.
International Paper (NYSE: IP) stock on Monday broke to a yearly high of $62.66. Shares traded up 1.4%.
ONEOK (NYSE: OKE) shares were up 1.82% on Monday to hit a new 52-week high of $54.62 for a change of up 1.82%.
Martin Marietta Materials (NYSE: MLM) shares broke to a new 52-week high of $382.70 on Monday. Shares of the company traded up 1.04%.
Tractor Supply (NASDAQ: TSCO) shares broke to $199.25 on Monday, setting a new 52-week high with a change of up 1.67%.
Imperial Oil (AMEX: IMO) shares were down 0.03% for the day, having made a 52-week high of $31.90.
CNH Industrial (NYSE: CNHI) stock on Monday broke to a yearly high of $17.13. Shares traded up 0.77%.
KeyCorp (NYSE: KEY) stock on Monday broke to a yearly high of $23.42. Shares traded up 0.98%.
CGI (NYSE: GIB) stock made a new 52-week high of $91.33 Monday. The stock was down 0.86% for the day.
Dover (NYSE: DOV) shares broke to $155.33 on Monday, setting a new 52-week high with a change of up 1.36%.
Burlington Stores (NYSE: BURL) shares were up 0.46% on Monday morning to hit a new 52-week high of $333.60.
Regions Financial (NYSE: RF) shares hit a new 52-week high of $23.26. The stock traded up 0.57% on the session.
Xylem (NYSE: XYL) shares were up 0.75% on Monday to hit a new 52-week high of $120.73 for a change of up 0.75%.
Caesars Entertainment (NASDAQ: CZR) shares were down 2.02% on Monday to hit a new 52-week high of $106.85 for a change of down 2.02%.
Hewlett Packard (NYSE: HPE) stock set a new 52-week high of $16.74 Monday morning. Over the session, the stock traded up 0.21%.
Fortis (NYSE: FTS) shares set a new yearly high of $45.86 this morning. The stock was up 0.95% on the session.
M&T Bank (NYSE: MTB) stock hit a yearly high price of $166.06. The stock was up 1.44% for the day.
Citizens Financial Group (NYSE: CFG) stock set a new 52-week high of $50.24 Monday morning. Over the session, the stock traded up 0.46%.
Cheniere Energy (AMEX: LNG) shares set a new 52-week high of $83.35 on Monday, moving down 0.34%.
KB Financial Group (NYSE: KB) stock set a new 52-week high of $53.67 Monday morning. Over the session, the stock traded up 0.25%.
Expeditors International (NASDAQ: EXPD) stock on Monday broke to a yearly high of $120.84. Shares traded up 1.25%.
SK Telecom Co (NYSE: SKM) stock set a new 52-week high of $31.80 Monday morning. Over the session, the stock traded up 1.05%.
Ally Financial (NYSE: ALLY) shares were up 0.85% on Monday to hit a new 52-week high of $55.14 for a change of up 0.85%.
Invitation Homes (NYSE: INVH) shares were up 1.11% for the day, having made a 52-week high of $35.48.
Shinhan Financial Group (NYSE: SHG) stock set a new 52-week high of $38.49 Monday morning. Over the session, the stock traded up 2.91%.
Waters (NYSE: WAT) shares were up 1.42% on Monday to hit a new 52-week high of $319.60 for a change of up 1.42%.
L Brands (NYSE: LB) stock made a new 52-week high of $70.66 Monday. The stock was up 4.5% for the day.
Genuine Parts (NYSE: GPC) shares hit a yearly high of $135.79. The stock traded up 1.25% on the session.
Amcor (NYSE: AMCR) shares were up 1.65% on Monday to hit a new 52-week high of $12.72 for a change of up 1.65%.
Cincinnati Financial (NASDAQ: CINF) shares set a new 52-week high of $122.80 on Monday, moving up 0.34%.
Broadridge Financial Soln (NYSE: BR) stock made a new 52-week high of $167.27 Monday. The stock was up 1.63% for the day.
JB Hunt Transport Servs (NASDAQ: JBHT) stock set a new 52-week high of $183.55 Monday morning. Over the session, the stock traded up 2.49%.
Tradeweb Markets (NASDAQ: TW) stock hit a yearly high price of $83.23. The stock was up 0.62% for the day.
NVR (NYSE: NVR) shares hit $5,301.80 on Monday morning, setting a new 52-week high for a change of up 1.38%.
Celanese (NYSE: CE) shares reached a new 52-week high of $171.00 on Monday morning, moving down 0.09%.
Raymond James Financial (NYSE: RJF) stock made a new 52-week high of $138.12 Monday. The stock was up 0.77% for the day.
Jacobs Engineering Group (NYSE: J) shares hit a new 52-week high of $145.32. The stock traded up 3.0% on the session.
Avery Dennison (NYSE: AVY) shares were up 1.68% on Monday to hit a new 52-week high of $225.34 for a change of up 1.68%.
Omnicom Group (NYSE: OMC) shares were up 1.08% on Monday to hit a new 52-week high of $86.14 for a change of up 1.08%.
Mid-America Apartment (NYSE: MAA) shares achieved a new 52-week high on Monday morning, hitting $160.52 with a daily change of up 2.07%.
Principal Financial Gr (NASDAQ: PFG) shares were up 1.05% for the day, having made a 52-week high of $67.67.
Pool (NASDAQ: POOL) stock hit a yearly high price of $447.45. The stock was up 0.52% for the day.
Devon Energy (NYSE: DVN) shares were up 0.31% on Monday to hit a new 52-week high of $27.31 for a change of up 0.31%.
Franklin Resources (NYSE: BEN) shares were up 3.32% on Monday morning to hit a new 52-week high of $35.35.
Pembina Pipeline (NYSE: PBA) shares reached a new 52-week high of $32.38 on Monday morning, moving up 1.18%.
Masco (NYSE: MAS) shares set a new yearly high of $68.23 this morning. The stock was up 1.9% on the session.
Quest Diagnostics (NYSE: DGX) stock hit a yearly high price of $142.26. The stock was up 2.15% for the day.
Eastman Chemical (NYSE: EMN) shares hit $127.44 on Monday morning, setting a new 52-week high for a change of up 1.01%.
Boston Properties (NYSE: BXP) shares hit a yearly high of $110.54. The stock traded up 1.48% on the session.
Markel (NYSE: MKL) shares were up 1.82% for the day, having made a 52-week high of $1,249.24.
WPP (NYSE: WPP) shares were up 0.53% for the day, having made a 52-week high of $70.12.
PulteGroup (NYSE: PHM) shares hit $63.63 on Monday morning, setting a new 52-week high for a change of up 2.61%.
XPO Logistics (NYSE: XPO) shares were up 1.05% for the day, having made a 52-week high of $149.34.
Whirlpool (NYSE: WHR) shares were up 1.46% on Monday to hit a new 52-week high of $257.36 for a change of up 1.46%.
Mohawk Industries (NYSE: MHK) shares hit a yearly high of $231.56. The stock traded down 0.12% on the session.
Molina Healthcare (NYSE: MOH) shares were up 0.94% on Monday to hit a new 52-week high of $271.47 for a change of up 0.94%.
WestRock (NYSE: WRK) shares set a new 52-week high of $60.56 on Monday, moving up 0.17%.
Fortune Brands Home (NYSE: FBHS) shares set a new yearly high of $113.45 this morning. The stock was up 1.36% on the session.
Textron (NYSE: TXT) shares were up 1.19% for the day, having made a 52-week high of $69.11.
Loews (NYSE: L) shares were up 1.08% for the day, having made a 52-week high of $59.19.
Brown & Brown (NYSE: BRO) stock set a new 52-week high of $54.35 Monday morning. Over the session, the stock traded up 0.75%.
LKQ (NASDAQ: LKQ) shares set a new yearly high of $50.66 this morning. The stock was up 1.26% on the session.
Dentsply Sirona (NASDAQ: XRAY) stock on Monday broke to a yearly high of $69.47. Shares traded up 1.26%.
Shaw Communications (NYSE: SJR) stock hit a yearly high price of $30.00. The stock was up 1.4% for the day.
Vedanta (NYSE: VEDL) shares broke to a new 52-week high of $16.32 on Monday. Shares of the company traded up 1.87%.
Packaging Corp of America (NYSE: PKG) stock made a new 52-week high of $155.71 Monday. The stock was up 1.4% for the day.
WR Berkley (NYSE: WRB) shares set a new 52-week high of $82.41 on Monday, moving up 0.86%.
Howmet Aerospace (NYSE: HWM) shares hit a yearly high of $33.89. The stock traded down 0.24% on the session.
Williams-Sonoma (NYSE: WSM) shares hit a yearly high of $193.41. The stock traded up 2.41% on the session.
Quanta Services (NYSE: PWR) shares were up 1.34% on Monday to hit a new 52-week high of $101.90 for a change of up 1.34%.
Tenaris (NYSE: TS) stock set a new 52-week high of $24.02 Monday morning. Over the session, the stock traded down 0.04%.
Snap-on (NYSE: SNA) shares were up 2.53% for the day, having made a 52-week high of $258.42.
Mosaic (NYSE: ...Full story available on Benzinga.com",2021-05-10 15:26:09+00:00,https://www.benzinga.com/news/21/05/21035954/stocks-that-hit-52-week-highs-on-monday,Benzinga,0.12787941268353506,0.4525923149015941,positive,0.12787941268353506,False,True,False,False,False,False,True,False,0.0,26901,"['JACK', 'RGP', 'HLIO', 'NVO', 'EQT', 'UFS', 'VBTX', 'UFPT', 'VLRS', 'KB', 'BHP', 'RJF', 'GMS', 'CRESY', 'GSM', 'MEC', 'BDC', 'MPA', 'CVS', 'PAYX', 'LKQ', 'PDT', 'FCX', 'APO', 'VTA', 'AVNT', 'AFG', 'PBFX', 'LH', 'BXP', 'SJR', 'HPQ', 'FUND', 'TRGP', 'ARGO', 'NCR', 'DSX', 'THC', 'PCI', 'SCHN', 'PDI', 'PNC', 'FSS', 'ANDE', 'WRB', 'ATKR', 'AVB', 'MET', 'CMA', 'TD', 'ITT', 'TDS', 'ITW', 'JBHT', 'SOLY', 'LHX', 'NVR', 'ERF', 'UGI', 'CFG', 'UMBF', 'CTT', 'KBH', 'BIF', 'RL', 'GNK', 'CROX', 'BBVA', 'SBOW', 'BDJ', 'MS', 'CVX', 'PFBI', 'ALSN', 'PEO', 'FDX', 'EML', 'VTN', 'DIAX', 'AFL', 'SYF', 'LII', 'BZH', 'SKM', 'HPS', 'FWRD', 'KMF', 'EQNR', 'NFG', 'DTE', 'THG', 'AR', 'SCHW', 'JRI', 'PNI', 'FT', 'ATAX', 'WRI', 'YETI', 'AVK', 'MFM', 'CMC', 'CMU', 'TEL', 'IVZ', 'LAMR', 'JTD', 'RPT', 'NWL', 'ERJ', 'UHS', 'BOOT', 'UMPQ', 'BURL', 'KBR', 'BK', 'RPM', 'GPC', 'CSCO', 'CBOE', 'JHG', 'BEN', 'MSB', 'CX', 'PGC', 'RM', 'PFG', 'FFA', 'JRS', 'VVR', 'SPXX', 'AIG', 'SFBS', 'LNC', 'C', 'SLB', 'HRB', 'GIII', 'AGRO', 'HWC', 'NGG', 'DUK', 'TJX', 'ALLY', 'SCVL', 'MDLZ', 'PNR', 'FUL', 'BBSI', 'WSM', 'HRI', 'AVT', 'MGU', 'MHK', 'CNA', 'TEN', 'JCI', 'LBAI', 'TROX', 'XPEL', 'NX', 'ESI', 'UNH', 'IHRT', 'WERN', 'CNHI', 'KEX', 'BKD', 'RRC', 'GPK', 'CWST', 'BH', 'CSSE', 'BFZ', 'MSM', 'DCI', 'PGTI', 'RXN', 'PFL', 'FGB', 'MCB', 'WAT', 'MIE', 'AIT', 'NAVI', 'LOW', 'CAL', 'SLF', 'HSC', 'GOLF', 'NLSN', 'GRIN', 'NI', 'DVA', 'TKR', 'CCS', 'SEIC', 'BERY', 'PPG', 'GAB', 'BECN', 'WSO', 'VVV', 'AVY', 'AWI', 'MHN', 'CNO', 'TEX', 'JLL', 'LECO', 'BCX', 'BRBR', 'OC', 'ETG', 'UNM', 'AXTA', 'WIRE', 'COMM', 'KEY', 'BKE', 'RS', 'GRX', 'DCOM', 'AON', 'CPLG', 'BG', 'MT', 'DDF', 'POOL', 'RPAI', 'PFN', 'FHI', 'MVF', 'WBK', 'APLE', 'AJG', 'BWFG', 'LPX', 'CAT', 'SLM', 'HSY', 'GOOD', 'FEI', 'KDP', 'NJR', 'DVN', 'TNC', 'PLYM', 'SHOO', 'TPH', 'PRU', 'GAM', 'BGFV', 'WTS', 'ARNC', 'WWW', 'OPP', 'AXP', 'MHO', 'CNQ', 'TFC', 'JPM', 'LIVE', 'DPG', 'CARR', 'OI', 'ETN', 'UNP', 'LBRDA', 'WSBC', 'GLPI', 'KF', 'BLK', 'RSG', 'GS', 'DISH', 'TW', 'BHF', 'BGR', 'MTB', 'DE', 'PPBI', 'MRC', 'PFS', 'FHN', 'NZF', 'WCC', 'LBRDK', 'AKR', 'VNOM', 'LXP', 'CBT', 'SNA', 'HTD', 'GPRE', 'HCA', 'CWK', 'NLY', 'E', 'TOL', 'CHX', 'SIVB', 'TRQ', 'PTR', 'GBL', 'BHLB', 'BLDR', 'WY', 'TECK', 'AXR', 'MIY', 'COF', 'TGT', 'JTA', 'LSTR', 'GNT', 'HWM', 'OII', 'ETO', 'UPS', 'ANTM', 'WTBA', 'BRX', 'KIM', 'BMO', 'RY', 'GT', 'EGLE', 'CEM', 'OMP', 'BGY', 'MTH', 'DEO', 'PRFT', 'ACRE', 'PGR', 'FIF', 'PBA', 'WCN', 'KHC', 'ALG', 'TGLS', 'LYG', 'CE', 'SO', 'HUN', 'GRMN', 'TT', 'SIC', 'NNN', 'EFX', 'TPL', 'TMST', 'SMBC', 'CNOB', 'PTY', 'GCO', 'PUK', 'GD', 'BPFH', 'X', 'FDEU', 'AXS', 'MKL', 'CP', 'MLHR', 'JSD', 'CVLG', 'OKE', 'ETW', 'URI', 'FRPH', 'XRAY', 'LGIH', 'KNL', 'BNS', 'RYN', 'GTY', 'ELTK', 'LYB', 'BPMP', 'MTW', 'DEX', 'PSTL', 'GATX', 'PH', 'FIX', 'RIV', 'WES', 'WRK', 'ALL', 'MAA', 'CF', 'SPG', 'HZO', 'HAFC', 'ARCO', 'CPRI', 'NOA', 'ELS', 'TRP', 'ARCB', 'STLD', 'BCC', 'PVH', 'GDV', 'BPOP', 'XEC', 'CNDT', 'AYI', 'MLI', 'CPE', 'NDAQ', 'SCU', 'NWG', 'OLN', 'EVF', 'USB', 'GHY', 'ZION', 'ALLE', 'KNX', 'BOE', 'SAN', 'GWW', 'ESEA', 'CZR', 'CEIX', 'MTX', 'DFS', 'PTIX', 'INGR', 'PHK', 'FL', 'SMM', 'WFC', 'EPC', 'AME', 'MAN', 'CFR', 'SRV', 'IDA', 'HCCI', 'HSBC', 'AMTB', 'NOC', 'EME', 'TRV', 'CEN', 'TAYD', 'ABBV', 'PWR', 'GEF', 'BRKL', 'XOM', 'KRP', 'AZO', 'MLM', 'CPT', 'NFBK', 'FBHS', 'NTST', 'OMC', 'EVN', 'USM', 'ARDC', 'AA', 'LB', 'KO', 'BR', 'SCD', 'HBI', 'EXPD', 'CHTR', 'NMRK', 'MTZ', 'DGX', 'ROST', 'DEN', 'PHM', 'FLR', 'SXC', 'WHR', 'RILY', 'AMG', 'MAS', 'CHH', 'SSD', 'IDT', 'HIBB', 'STNG', 'CCEP', 'NOV', 'EMN', 'TS', 'NVT', 'TBBK', 'LAND', 'TOWN', 'ATH', 'PXD', 'GER', 'CENTA', 'YUM', 'HVBC', 'BAC', 'MMC', 'CR', 'NTRS', 'EYE', 'EBC', 'ORI', 'EVR', 'VALE', 'HIE', 'AAP', 'NVGS', 'KRG', 'BRO', 'SCL', 'HD', 'FCBC', 'KMI', 'NTR', 'MUJ', 'DHI', 'RUTH', 'NDP', 'PKG', 'FLS', 'UMH', 'WIT', 'VEDL', 'AMP', 'MCK', 'CI', 'STC', 'IGA', 'HOMB', 'HEQ', 'FSK', 'NPO', 'EMO', 'TTI', 'UNVR', 'TU', 'SLCT', 'TRMD', 'CSTM', 'R', 'GES', 'CINF', 'TRNO', 'INVH', 'BAM', 'MMM', 'CRH', 'ODFL', 'XYL', 'CIXX', 'OSK', 'EVT', 'VLY', 'UE', 'ACC', 'SAFM', 'KSU', 'BTO', 'SCX', 'HE', 'FELE', 'FRC', 'GTES', 'MUR', 'DIN', 'RYAAY', 'CLAR', 'PKO', 'FMO', 'XPO', 'WIW', 'HPE', 'ANF', 'MCN', 'CII', 'STL', 'ING', 'HTBK', 'NRGX', 'TIGO', 'NQP', 'EMR', 'ENB', 'TWI', 'NHF', 'TROW', 'CPTA', 'REG', 'GFF', 'CMCSA', 'WM', 'TFII', 'BBL', 'MMU', 'CSL', 'ORLY', 'CUBE', 'PAG', 'EXG', 'VMC', 'ESXB', 'ACH', 'NWHM', 'KYN', 'BTU', 'SEE', 'HEP', 'FITB', 'HBM', 'VCTR', 'MVT', 'DKS', 'SAIA', 'GNTY', 'PKX', 'FNF', 'AAWW', 'WLK', 'GDEN', 'AOS', 'MDC', 'CIM', 'STT', 'IP', 'HUBG', 'FTS', 'DBI', 'NSC', 'NSL', 'EOD', 'TXT', 'NTP', 'TSCO', 'CBRE', 'RF', 'GGB', 'CNTY', 'SCCO', 'J', 'BBY', 'MOD', 'CSX', 'OSBC', 'HBP', 'PCH', 'EXP', 'VMI', 'GOGL', 'ADM', 'SC', 'L', 'BWA', 'SHG', 'HES', 'FLIC', 'MSI', 'QRTEA', 'MWA', 'DLX', 'SASR', 'FRBA', 'PLD', 'FOF', 'AGNC', 'WLL', 'NBLX', 'ARE', 'MDU', 'CLF', 'SU', 'IPG', 'III', 'RTX', 'MNRL', 'NTG', 'EOG', 'TY', 'PGRE', 'UBSI', 'AMH', 'RHI', 'GGG', 'CODI', 'CC', 'GL', 'BC', 'MOH', 'CTB', 'OTTR', 'MTDR', 'PCM', 'FAF', 'VMO', 'NSA', 'ADS', 'AMRK', 'LEG', 'BX', 'SID', 'HIX', 'FLOW', 'HHC', 'OXSQ', 'MYN', 'DOV', 'SBLK', 'CAAP', 'PM', 'FPL', 'AINV', 'WMB', 'WLTW', 'ATI', 'MED', 'CLH', 'SWK', 'IRM', 'IIIN', 'MPC', 'PTMN', 'NUE', 'EOI', 'TYG', 'GWB', 'UFPI', 'LIN', 'RIO', 'GIB', 'CRAI', 'SPB', 'DXC', 'BCE', 'MOS', 'CTR', 'PACW', 'POST', 'PDS', 'FBP', 'VOD', 'BXMX', 'ADX', 'ENBL', 'LEN', 'BXC', 'SIG', 'HNI', 'FRBK', 'ROIC', 'EAF', 'NAD', 'DOW', 'SBSI', 'AMEH', 'PMM', 'FRT', 'ANAT', 'WPP', 'SITE', 'ATR', 'MEI', 'CM', 'TAP', 'IRR', 'IMKTA', 'FDUS', 'AMCR']",CWK,2021-05-10
Duke Realty (DRE) Starts Speculative Development in Florida,"With a robust pipeline of development, both build-to-suit and speculative, Duke Realty (DRE) is well poised to enhance its presence in key markets.",2021-05-14 14:00:00+00:00,http://www.zacks.com/stock/news/1551029/duke-realty-dre-starts-speculative-development-in-florida?cid=CS-ZC-FT-analyst_blog|company_news_-_finance_sector-1551029,Zacks Investment Research,0.0,1.0,neutral,0.0,False,False,False,False,False,False,False,False,0.0,208,"['PLD', 'DRE', 'REXR', 'CWK']",CWK,2021-05-14
Stocks That Hit 52-Week Highs On Tuesday,"Tuesday's morning session saw 173 companies set new 52-week highs.
Significant Points:

The largest company by market cap to hit a new 52-week high was JPMorgan Chase (NYSE:JPM).
The smallest company by market cap to set a new 52-week high was Cushing MLP & Infr Total (NYSE:SRV).
Friedman Industries (AMEX:FRD) rallied the most, trading up 22.21% to reach its new 52-week high.

The following stocks set new 52-week highs as of 10 a.m. ET on Tuesday:

JPMorgan Chase (NYSE:JPM) stock hit a yearly high price of $165.69. The stock was up 0.26% for the day.
Bank of America (NYSE:BAC) shares hit $43.25 on Tuesday morning, setting a new 52-week high for a change of up 0.27%.
ASML Holding (NASDAQ:ASML) shares achieved a new 52-week high on Tuesday morning, hitting $679.44 with a daily change of up 2.47%.
Toyota Motor (NYSE:TM) shares set a new 52-week high of $163.80 on Tuesday, moving up 0.09%.
Morgan Stanley (NYSE:MS) stock set a new 52-week high of $91.35 Tuesday morning. Over the session, the stock traded up 0.31%.
Citigroup (NYSE:C) stock set a new 52-week high of $79.28 Tuesday morning. Over the session, the stock traded up 0.81%.
Royal Bank of Canada (NYSE:RY) shares were up 0.54% on Tuesday to hit a new 52-week high of $103.31 for a change of up 0.54%.
Raytheon Technologies (NYSE:RTX) stock hit a yearly high price of $87.28. The stock was up 0.1% for the day.
Brookfield Asset Mgmt (NYSE:BAM) shares set a new 52-week high of $50.02 on Tuesday, moving up 0.83%.
Capital One Financial (NYSE:COF) shares set a new 52-week high of $162.44 on Tuesday, moving up 0.58%.
Banco Santander (NYSE:SAN) stock set a new 52-week high of $4.17 Tuesday morning. Over the session, the stock traded up 1.59%.
Bank of Montreal (NYSE:BMO) shares hit a yearly high of $103.96. The stock traded up 0.99% on the session.
Blackstone Group (NYSE:BX) shares hit $92.44 on Tuesday morning, setting a new 52-week high for a change of up 1.15%.
Analog Devices (NASDAQ:ADI) shares broke to a new 52-week high of $165.16 on Tuesday. Shares of the company traded up 0.9%.
ING Groep (NYSE:ING) shares hit $13.83 on Tuesday morning, setting a new 52-week high for a change of up 1.02%.
Canadian Imperial Bank (NYSE:CM) shares were up 0.25% on Tuesday to hit a new 52-week high of $113.28 for a change of up 0.25%.
Lloyds Banking Group (NYSE:LYG) stock set a new 52-week high of $2.76 Tuesday morning. Over the session, the stock traded up 0.55%.
Wipro (NYSE:WIT) shares set a new yearly high of $7.74 this morning. The stock was up 0.59% on the session.
Fortinet (NASDAQ:FTNT) stock set a new 52-week high of $216.00 Tuesday morning. Over the session, the stock traded up 1.11%.
Motorola Solutions (NYSE:MSI) shares broke to $204.58 on Tuesday, setting a new 52-week high with a change of up 0.62%.
First Republic Bank (NYSE:FRC) shares hit $192.04 on Tuesday morning, setting a new 52-week high for a change of down 0.18%.
Deutsche Bank (NYSE:DB) shares reached a new 52-week high of $15.34 on Tuesday morning, moving up 1.06%.
CBRE Group (NYSE:CBRE) shares hit a yearly high of $89.48. The stock traded up 0.13% on the session.
Yum China Holdings (NYSE:YUMC) shares set a new yearly high of $65.84 this morning. The stock was up 0.91% on the session.
Synchrony Finl (NYSE:SYF) shares achieved a new 52-week high on Tuesday morning, hitting $47.67 with a daily change of up 1.37%.
Maxim Integrated Products (NASDAQ:MXIM) stock made a new 52-week high of $102.31 Tuesday. The stock was up 0.89% for the day.
EPAM Systems (NYSE:EPAM) stock made a new 52-week high of $486.20 Tuesday. The stock was down 1.03% for the day.
Arista Networks (NYSE:ANET) stock set a new 52-week high of $340.40 Tuesday morning. Over the session, the stock traded up 0.58%.
West Pharmaceutical Servs (NYSE:WST) shares hit a yearly high of $345.95. The stock traded up 1.62% on the session.
VeriSign (NASDAQ:VRSN) shares achieved a new 52-week high on Tuesday morning, hitting $226.18 with a daily change of up 0.22%.
Northern Trust (NASDAQ:NTRS) shares were up 0.51% on Tuesday morning to hit a new 52-week high of $122.44.
International Paper (NYSE:IP) stock made a new 52-week high of $64.89 Tuesday. The stock was down 0.1% for the day.
Caesars Entertainment (NASDAQ:CZR) shares achieved a new 52-week high on Tuesday morning, hitting $107.60 with a daily change of up 1.24%.
Cheniere Energy (AMEX:LNG) shares hit a new 52-week high of $85.31. The stock traded up 0.57% on the session.
MGM Resorts Intl (NYSE:MGM) shares were up 1.9% for the day, having made a 52-week high of $43.25.
Expeditors International (NASDAQ:EXPD) shares reached a new 52-week high of $124.82 on Tuesday morning, moving down 0.41%.
Invitation Homes (NYSE:INVH) shares achieved a new 52-week high on Tuesday morning, hitting $36.27 with a daily change of down 0.22%.
Sun Communities (NYSE:SUI) shares hit a new 52-week high of $168.62. The stock traded up 0.26% on the session.
Brookfield Prop Partners (NASDAQ:BPY) stock set a new 52-week high of $18.68 Tuesday morning. Over the session, the stock traded up 0.48%.
NortonLifeLock (NASDAQ:NLOK) stock hit a yearly high price of $27.75. The stock was up 0.65% for the day.
Bentley Systems (NASDAQ:BSY) shares reached a new 52-week high of $55.62 on Tuesday morning, moving up 0.56%.
News (NASDAQ:NWS) shares set a new 52-week high of $25.94 on Tuesday, moving up 0.51%.
Interpublic Gr of Cos (NYSE:IPG) shares set a new 52-week high of $33.76 on Tuesday, moving down 0.08%.
Annaly Capital Management (NYSE:NLY) stock hit a yearly high price of $9.35. The stock was up 0.86% for the day.
Equity Lifestyle Props (NYSE:ELS) shares set a new 52-week high of $71.50 on Tuesday, moving up 0.24%.
Camden Prop Trust (NYSE:CPT) stock hit a yearly high price of $125.08. The stock was up 0.05% for the day.
American Homes 4 Rent (NYSE:AMH) shares were down 1.1% for the day, having made a 52-week high of $38.27.
Santander Consumer USA (NYSE:SC) stock on Tuesday broke to a yearly high of $38.36. Shares traded up 0.16%.
PRA Health Sciences (NASDAQ:PRAH) shares broke to $175.95 on Tuesday, setting a new 52-week high with a change of up 0.28%.
AGNC Investment (NASDAQ:AGNC) shares reached a new 52-week high of $18.67 ...Full story available on Benzinga.com",2021-05-25 14:52:48+00:00,https://www.benzinga.com/news/21/05/21280254/stocks-that-hit-52-week-highs-on-tuesday,Benzinga,0.12534547152194228,0.4504248366013066,positive,0.12534547152194228,False,False,False,False,True,False,True,False,0.0,6282,"['EPAM', 'PSEC', 'VRT', 'MTX', 'CET', 'PGNY', 'DKL', 'C', 'SWZ', 'EPIX', 'PRAH', 'IGD', 'RTX', 'RDNT', 'ESTA', 'MUR', 'CNR', 'NLOK', 'BPY', 'CIM', 'TEN', 'EXLS', 'JYNT', 'IGR', 'NXR', 'SGMS', 'CWK', 'NAC', 'FRD', 'PIPR', 'CBRE', 'CM', 'TGP', 'EXPD', 'NXRT', 'IGT', 'TROX', 'VRSN', 'VRRM', 'NLY', 'GGN', 'FSKR', 'AMH', 'COF', 'TM', 'III', 'ATLC', 'ING', 'RCON', 'ADI', 'FSK', 'OCN', 'LNG', 'EBC', 'SC', 'CPT', 'VTA', 'INTT', 'DIAX', 'IP', 'IPG', 'DPG', 'AFB', 'SWAV', 'OLN', 'NRO', 'NGMS', 'ANET', 'DB', 'WIT', 'ITRN', 'GGZ', 'JBL', 'GNT', 'AOD', 'PACK', 'OLP', 'NXJ', 'SYF', 'DEI', 'WLL', 'LAWS', 'VIAV', 'JPM', 'IDE', 'ARW', 'ORI', 'ADTN', 'SFBS', 'EGP', 'WST', 'LIVE', 'EVRI', 'JTA', 'SPE', 'AVT', 'PDS', 'AGNC', 'NAVI', 'ELS', 'SEM', 'MGRC', 'PLXP', 'KNL', 'RM', 'BAC', 'RRR', 'ASML', 'CUBI', 'ERJ', 'FTNT', 'MXIM', 'YUMC', 'HGV', 'KRC', 'ACRE', 'BAM', 'RY', 'ATAX', 'TGLS', 'ETW', 'ARI', 'NEWT', 'NSIT', 'INVH', 'LYG', 'DEN', 'BDJ', 'SAN', 'CDZI', 'VRTV', 'EVC', 'CZR', 'NTRS', 'VREX', 'MEI', 'BOTJ', 'BMO', 'SCD', 'COKE', 'UNVR', 'EVR', 'FRC', 'NWS', 'JILL', 'MGM', 'CARE', 'BSY', 'SLG', 'CSTR', 'NHF', 'FFG', 'MSI', 'PLAB', 'GPMT', 'MHF', 'RLGY', 'BTO', 'SRV', 'CSWC', 'PGRE', 'GAB', 'BKEP', 'STK', 'PRFT', 'SYNH', 'MS', 'TILE', 'BX', 'SUI', 'CVLT', 'USDP', 'HNI']",CWK,2021-05-25
"Benzinga's Top Ratings Upgrades, Downgrades For June 15, 2021","Upgrades

According to Raymond James, the prior rating for Welltower Inc (NYSE:WELL) was changed from Market Perform to Strong Buy. For the first quarter, Welltower had an EPS of $0.80, compared to year-ago quarter EPS of $1.02. The stock has a 52-week-high of $81.36 and a 52-week-low of $47.18. At the end of the last trading period, Welltower closed at $81.21.
Raymond James upgraded the previous rating for Finance of America Companies Inc (NYSE:FOA) from Outperform to Strong Buy. Finance of America earned $1.87 in the first quarter. At the moment, the stock has a 52-week-high of $11.65 and a 52-week-low of $7.26. Finance of America closed at $7.30 at the end of the last trading period.
According to Morgan Stanley, the prior rating for LexinFintech Holdings Ltd (NASDAQ:LX) was changed from Equal-Weight to Overweight. For the first quarter, LexinFintech Holdings had an EPS of $0.57, compared to year-ago quarter EPS of $0.46. The current stock performance of LexinFintech Holdings shows a 52-week-high of $15.42 and a 52-week-low of $6.04. Moreover, at the end of the last trading period, the closing price was at $12.85.
For Spirit Airlines Inc (NYSE:SAVE), Citigroup upgraded the previous rating of Neutral to Buy. For the first quarter, Spirit Airlines had an EPS of $2.48, compared to year-ago quarter EPS of $0.86. At the moment, the stock has a 52-week-high of $40.77 and a 52-week-low of $14.65. Spirit Airlines closed at $34.00 at the end of the last trading period.
According to UBS, the prior rating for Olin Corp (NYSE:OLN) was changed from Neutral to Buy. Olin earned $1.54 in the first quarter, compared to $0.49 in the year-ago quarter. The stock has a 52-week-high of $51.04 and a 52-week-low of $9.67. At the end of the last trading period, Olin closed at $47.94.
According to DA Davidson, the prior rating for Crane Co (NYSE:CR) was changed from Neutral to Buy. For the first quarter, Crane had an EPS of $1.66, compared to year-ago quarter EPS of $1.15. The stock has a 52-week-high of $99.93 and a 52-week-low of $48.19. At the end of the last trading period, Crane closed at $90.80.

See all analyst ratings upgrades.
 
Downgrades

According to Raymond James, the prior rating for Nutrien Ltd (NYSE:NTR) was changed from Strong Buy to Outperform. For the first quarter, Nutrien had an EPS of $0.29, compared to year-ago quarter EPS of $0.12. At the moment, the stock has a 52-week-high of $65.93 and a 52-week-low of $30.56. Nutrien closed at $63.73 at the end of the last trading period.
According to UBS, the prior rating for Cimarex Energy Co (NYSE:XEC) was changed from Buy to Neutral. For the first quarter, Cimarex Energy had an EPS of $1.98, compared to year-ago quarter EPS of $0.58. At the moment, the stock has a 52-week-high of $74.92 and a 52-week-low of $22.39. Cimarex Energy closed at $69.81 at the end of the last trading period.
According to JP Morgan, the prior rating for Broadstone Net Lease Inc (NYSE:BNL) was changed from Overweight to Neutral. For the first quarter, Broadstone Net Lease had an EPS of $0.31, compared to year-ago quarter EPS of $0.30. At the moment, the stock has a 52-week-high of $26.85 and a 52-week-low of $15.90. Broadstone Net Lease closed at $25.85 at the end of the last trading period.
Piper Sandler downgraded the previous rating for Principal Financial Group Inc (NASDAQ:PFG) from Overweight to Neutral. For the first quarter, Principal Financial Gr had an EPS of $1.53, compared to year-ago quarter EPS of $1.15. The stock has a 52-week-high of $67.97 and a 52-week-low of $37.03. At the end of the last trading period, Principal Financial Gr closed at $64.24.
For Fastenal Co (NASDAQ:FAST), Morgan Stanley downgraded the previous rating of Equal-Weight to Underweight. Fastenal earned $0.37 in the first quarter, compared to $0.35 in the year-ago quarter. The current stock performance of Fastenal shows a 52-week-high of $54.32 and a 52-week-low of $39.15. Moreover, at the end of the last trading period, the closing price was at $52.73.
According to Needham, the prior rating for Ceridian HCM Holding Inc (NYSE:CDAY) was changed from Buy to Hold. In the first quarter, Ceridian HCM Holding showed an EPS of $0.09, compared to $0.15 from the year-ago quarter. The stock has a 52-week-high of $111.93 and a 52-week-low of $67.67. At the end of the last trading period, Ceridian HCM Holding closed at $89.13.

See all analyst ratings downgrades.
 
Initiations

With a Neutral rating, JP Morgan initiated coverage on Organon & Co (NYSE:OGN). The price target seems to have been set at $38.00 for Organon. The current stock performance of Organon shows a 52-week-high of $38.24 and a 52-week-low of $27.25. Moreover, at the end of the last trading period, the closing price was at $30.28.
Jefferies initiated coverage on Natura &Co Holding SA (NYSE:NTCO) with a Buy rating. The price target for Natura &Co Holding is set to $28.00. Interestingly, in the first quarter, Natura &Co Holding's EPS was $0.02. The stock has a 52-week-high of $22.96 and a 52-week-low of $14.28. At the end of the last trading period, Natura &Co Holding closed at $22.87.
Cantor Fitzgerald initiated coverage on ADC Therapeutics SA (NYSE:ADCT) with an Overweight rating. The price target for ADC Therapeutics is set to $46.00. ADC Therapeutics earned $0.74 in the first quarter. At the moment, the stock has a 52-week-high of $56.59 and a 52-week-low of $20.01. ADC Therapeutics closed at $23.18 at the end of the last trading period.
With an Outperform rating, Barrington Research initiated coverage on Concentrix Corp (NASDAQ:CNXC). The price target seems to have been set at $182.00 for Concentrix. Interestingly, in the first quarter, Concentrix's EPS was $2.29. At the moment, the stock has a 52-week-high of $163.28 and a 52-week-low of $80.00. Concentrix closed at $152.13 at the end of the last trading period.
Raymond James initiated coverage on Myriad Genetics Inc (NASDAQ:MYGN) with a Market Perform rating. Myriad Genetics earned $0.06 in the third quarter, compared to $0.08 in the year-ago quarter. At the moment, the stock has a 52-week-high of $33.97 and a 52-week-low of $10.54. Myriad Genetics closed at $29.94 at the end of the last trading period.
Raymond James initiated coverage on Guardant Health Inc (NASDAQ:GH) with a Market Perform rating. In the first quarter, Guardant Health showed an EPS of $0.49, compared to $0.29 from the year-ago quarter. At the moment, the stock has a 52-week-high of $181.07 and a 52-week-low of $74.31. Guardant Health closed at $123.77 at the end of the last trading period.
Raymond James initiated coverage on Natera Inc (NASDAQ:NTRA) with a Market Perform rating. For the first quarter, Natera had an EPS of $0.74, compared to year-ago quarter EPS of $0.45. The current stock performance of Natera shows a 52-week-high of $127.19 and a 52-week-low of $39.43. Moreover, at the end of the last trading period, the closing price was at $103.75.
Raymond James initiated coverage on Veracyte Inc (NASDAQ:VCYT) with an Outperform rating. The price target for Veracyte is set to $45.00. Veracyte earned $0.11 in the first quarter, compared to $0.24 in the year-ago quarter. At the moment, the stock has a 52-week-high of $86.03 and a 52-week-low of $22.69. Veracyte closed at $37.25 at the end of the last trading period.
BTIG initiated coverage on Mogo Inc (NASDAQ:MOGO) with a Buy rating. The price target for Mogo is set to $13.00. In the first quarter, Mogo earned $0.05. At the moment, the stock has a 52-week-high of $12.29 and a 52-week-low of $0.88. Mogo closed at $7.20 at the end of the last trading period.
With a Buy rating, Citigroup initiated coverage on ITT Inc (NYSE:ITT). The price target seems to have been set at $113.00 for ITT. ITT earned $1.06 in the first quarter, compared to $0.80 in the year-ago quarter. At the moment, the stock has a ...Full story available on Benzinga.com",2021-06-15 14:24:55+00:00,https://www.benzinga.com/analyst-ratings/upgrades/21/06/21569615/benzingas-top-ratings-upgrades-downgrades-for-june-15-2021,Benzinga,0.0662878787878788,0.1833333333333333,neutral,0.0662878787878788,False,True,False,False,False,False,False,False,0.0,7974,"['SRPT', 'FOA', 'ACRS', 'LFT', 'TSHA', 'WELL', 'ADCT', 'SELB', 'MPW', 'SIOX', 'CBRE', 'EXAS', 'INVH', 'O', 'VTRS', 'AMH', 'EXEL', 'VICI', 'OHI', 'AFCG', 'VCYT', 'FAST', 'NMRK', 'OLN', 'OTLY', 'ESRT', 'MYGN', 'NTR', 'PFG', 'CXP', 'AVB', 'MOGO', 'PLD', 'GLPI', 'CPT', 'CDAY', 'PSA', 'QURE', 'CR', 'MGTA', 'SLG', 'AGTC', 'EQR', 'AVRO', 'UDR', 'MGP', 'ESS', 'EPRT', 'VTR', 'GH', 'EXR', 'CWK', 'XEC', 'NVTA', 'FR', 'NTCO', 'HPP', 'CNXC', 'ITT', 'PASG', 'WD', 'LX', 'JLL', 'NTST', 'SAVE', 'NTRA', 'KRC', 'OGN', 'BNL']",CWK,2021-06-15
"Duke Realty (DRE) Sees Solid Demand, Preleases Building to Joyin","Amid the surging demand for its well-located industrial spaces in the Southern California market, Duke Realty (DRE) preleases entire Rancho Cucamonga Building to Joyin.",2021-06-23 13:31:00+00:00,https://www.zacks.com/stock/news/1752821/duke-realty-dre-sees-solid-demand-preleases-building-to-joyin,Zacks Investment Research,0.0,0.24166666666666667,neutral,0.0,False,False,False,False,True,False,False,False,0.0,234,"['PLD', 'DRE', 'REXR', 'CWK']",CWK,2021-06-23
4 Reasons to Buy Jones Lang LaSalle (JLL) Stock Right Now,Jones Lang LaSalle (JLL) appears to be a prudent investment pick at the moment as it continues to display robust fundamentals and improving prospects.,2021-07-06 15:57:00+00:00,https://www.zacks.com/stock/news/1758236/4-reasons-to-buy-jones-lang-lasalle-jll-stock-right-now,Zacks Investment Research,0.2857142857142857,0.5357142857142857,positive,0.2857142857142857,False,True,False,False,False,False,False,False,0.0,209,"['JLL', 'FSV', 'RLGY', 'CWK']",CWK,2021-07-06
Key Factors to Impact Prologis (PLD) This Earnings Season,Prologis' (PLD) Q2 results likely to reflect benefits from the company's efforts to leverage on the industrial real estate market's healthy fundamentals backed by stellar demand.,2021-07-15 15:56:00+00:00,https://www.zacks.com/stock/news/1762292/key-factors-to-impact-prologis-pld-this-earnings-season,Zacks Investment Research,0.19,0.61,positive,0.19,True,False,False,False,False,False,False,False,0.0,237,"['PSA', 'PLD', 'DRE', 'CWK']",CWK,2021-07-15
Industrial REITs Poised to Shine on Robust Demand: 4 Key Players,"Industrial REITs likely to benefit as the asset category is still firing on all cylinders even at mid-year with robust demand, rents and pipeline that are scaling new records.",2021-07-15 15:58:00+00:00,https://www.zacks.com/stock/news/1762294/industrial-reits-poised-to-shine-on-robust-demand-4-key-players,Zacks Investment Research,0.04545454545454545,0.8181818181818182,neutral,0.04545454545454545,False,False,False,False,False,False,False,False,0.0,241,"['PLD', 'DRE', 'TRNO', 'REXR', 'CWK']",CWK,2021-07-15
"The Zacks Analyst Blog Highlights: Cushman & Wakefield, Prologis, Duke Realty Corp, Rexford Industrial Realty and Terreno Realty","The Zacks Analyst Blog Highlights: Cushman & Wakefield, Prologis, Duke Realty Corp, Rexford Industrial Realty and Terreno Realty",2021-07-16 11:10:00+00:00,https://www.zacks.com/stock/news/1762578/the-zacks-analyst-blog-highlights-cushman-wakefield-prologis-duke-realty-corp-rexford-industrial-realty-and-terreno-realty,Zacks Investment Research,0.0,0.0,neutral,0.0,False,False,False,False,False,False,False,False,0.0,258,"['PLD', 'DRE', 'TRNO', 'REXR', 'CWK']",CWK,2021-07-16
SL Green (SLG) to Post Q2 Earnings: What's in the Offing?,"Despite the negative impact of pandemic-induced job losses and remote-working dynamics, SL Green's (SLG) healthy leasing activities and portfolio occupancy in Q2 are likely to reflect recovery.",2021-07-20 14:16:00+00:00,https://www.zacks.com/stock/news/1764280/sl-green-slg-to-post-q2-earnings-whats-in-the-offing,Zacks Investment Research,-0.039999999999999994,0.5,neutral,0.039999999999999994,True,False,False,False,False,False,False,False,0.0,252,"['AMT', 'PSA', 'SLG', 'CWK']",CWK,2021-07-20
What's in Store for Boston Properties (BXP) This Earnings Season?,"With the reopening of economy and recovery in the job market, Boston Properties' (BXP) office portfolio performance is likely to have improved in Q2.",2021-07-23 13:24:00+00:00,https://www.zacks.com/stock/news/1766770/whats-in-store-for-boston-properties-bxp-this-earnings-season,Zacks Investment Research,0.0,1.0,neutral,0.0,True,False,False,False,False,False,False,False,0.0,216,"['BXP', 'DRE', 'DLR', 'CWK']",CWK,2021-07-23
Key Factors to Impact Duke Realty (DRE) This Earnings Season,Duke Realty's (DRE) Q2 results likely to reflect benefits from its efforts to leverage on the industrial real estate market's healthy fundamentals.,2021-07-26 12:21:00+00:00,https://www.zacks.com/stock/news/1767461/key-factors-to-impact-duke-realty-dre-this-earnings-season,Zacks Investment Research,0.175,0.7,positive,0.175,True,False,False,False,False,False,False,False,0.0,209,"['AMT', 'DRE', 'DLR', 'CWK']",CWK,2021-07-26
What's in the Offing for CBRE Group's (CBRE) Q2 Earnings?,"CBRE Group's (CBRE) Q2 results will likely reflect benefits from its broad diversification across property types, lines of business, geographic markets and clients, and disciplined expense management.",2021-07-28 12:18:00+00:00,https://www.zacks.com/stock/news/1769232/whats-in-the-offing-for-cbre-groups-cbre-q2-earnings,Zacks Investment Research,0.03125,0.65625,neutral,0.03125,True,False,False,False,False,False,True,False,0.0,259,"['PSA', 'DLR', 'CBRE', 'CWK']",CWK,2021-07-28
What's in Store for Vornado (VNO) This Earnings Season?,"While focus on having assets in selected high-rent and high barrier-to-entry markets is likely to have aided Vornado's (VNO) Q2 performance, retail store closures and bankruptcies are concerns.",2021-07-28 12:35:00+00:00,https://www.zacks.com/stock/news/1769285/whats-in-store-for-vornado-vno-this-earnings-season,Zacks Investment Research,0.08,0.77,neutral,0.08,True,False,False,False,False,False,False,False,0.0,250,"['VNO', 'DLR', 'CUBE', 'CWK']",CWK,2021-07-28
Cushman & Wakefield (CWK) Earnings Expected to Grow: What to Know Ahead of Next Week's Release,Cushman & Wakefield (CWK) possesses the right combination of the two key ingredients for a likely earnings beat in its upcoming report. Get prepared with the key expectations.,2021-07-29 19:04:55+00:00,https://www.zacks.com/stock/news/1770837/cushman-wakefield-cwk-earnings-expected-to-grow-what-to-know-ahead-of-next-weeks-release,Zacks Investment Research,0.03095238095238095,0.655952380952381,neutral,0.03095238095238095,True,False,False,False,True,False,False,False,0.0,271,['CWK'],CWK,2021-07-29
"Jones Lang LaSalle (JLL) Q2 Earnings Top Estimates, Stock Up",Jones Lang LaSalle's (JLL) Q2 results reflect strong rebound in its transaction-based businesses.,2021-08-05 14:48:00+00:00,https://www.zacks.com/stock/news/1775331/jones-lang-lasalle-jll-q2-earnings-top-estimates-stock-up,Zacks Investment Research,0.4666666666666667,0.6166666666666667,positive,0.4666666666666667,True,False,False,False,False,False,False,False,0.0,159,"['JLL', 'BAM', 'CBRE', 'CWK']",CWK,2021-08-05
Cushman & Wakefield (CWK) Tops Q2 Earnings and Revenue Estimates,"Cushman & Wakefield (CWK) delivered earnings and revenue surprises of 117.39% and 14.68%, respectively, for the quarter ended June 2021. Do the numbers hold clues to what lies ahead for the stock?",2021-08-06 00:15:11+00:00,https://www.zacks.com/stock/news/1775751/cushman-wakefield-cwk-tops-q2-earnings-and-revenue-estimates,Zacks Investment Research,0.0,0.1,neutral,0.0,True,False,False,False,False,False,False,False,0.0,262,['CWK'],CWK,2021-08-06
Cushman & Wakefield plc (CWK) Q2 2021 Earnings Call Transcript,"CWK earnings call for the period ending June 30, 2021.",2021-08-06 14:00:43+00:00,https://www.fool.com/earnings/call-transcripts/2021/08/06/cushman-wakefield-plc-cwk-q2-2021-earnings-call-tr/,The Motley Fool,0.0,0.0,neutral,0.0,True,False,False,False,False,False,False,False,0.0,118,['CWK'],CWK,2021-08-06
Cushman & Wakefield (CWK) Is Attractively Priced Despite Fast-paced Momentum,Cushman & Wakefield (CWK) made it through our 'Fast-Paced Momentum at a Bargain' screen and could be a great choice for investors looking for stocks that have gained strong momentum recently but are still trading at reasonable prices.,2021-08-10 12:50:07+00:00,https://www.zacks.com/stock/news/1777415/cushman-wakefield-cwk-is-attractively-priced-despite-fast-paced-momentum,Zacks Investment Research,0.44666666666666666,0.6666666666666667,positive,0.44666666666666666,False,False,False,False,False,False,False,False,0.0,312,['CWK'],CWK,2021-08-10
Top Ranked Growth Stocks to Buy for August 24th,"ON, ARCB, CWK, and DVN made it to the Zacks Rank #1 (Strong Buy) growth stocks list on August 24, 2021",2021-08-24 13:54:00+00:00,https://www.zacks.com/commentary/1785844/top-ranked-growth-stocks-to-buy-for-august-24th,Zacks Investment Research,0.04444444444444442,0.7111111111111111,neutral,0.04444444444444442,False,True,False,False,False,False,False,False,0.0,151,"['DVN', 'ARCB', 'ON', 'CWK']",CWK,2021-08-24
New Strong Buy Stocks for August 24th,"CWK, OC, RLGY, DE, and ON have been added to the Zacks Rank #1 (Strong Buy) List on August 24, 2021.",2021-08-24 14:18:00+00:00,https://www.zacks.com/commentary/1785382/new-strong-buy-stocks-for-august-24th,Zacks Investment Research,0.05075757575757571,0.7053030303030303,neutral,0.05075757575757571,False,True,False,False,False,False,False,False,0.0,139,"['DE', 'OC', 'ON', 'RLGY', 'CWK']",CWK,2021-08-24
Top Ranked Growth Stocks to Buy for September 22nd,"GIL, CRAI, CWK, and MXL made it to the Zacks Rank #1 (Strong Buy) growth stocks list on September 22, 2021",2021-09-22 13:55:00+00:00,https://www.zacks.com/commentary/1799453/top-ranked-growth-stocks-to-buy-for-september-22nd,Zacks Investment Research,0.04444444444444442,0.7111111111111111,neutral,0.04444444444444442,False,True,False,False,False,False,False,False,0.0,158,"['CRAI', 'GIL', 'MXL', 'CWK']",CWK,2021-09-22
Here Is Why Bargain Hunters Would Love Fast-paced Mover Cushman & Wakefield (CWK),Cushman & Wakefield (CWK) made it through our 'Fast-Paced Momentum at a Bargain' screen and could be a great choice for investors looking for stocks that have gained strong momentum recently but are still trading at reasonable prices.,2021-09-23 12:50:03+00:00,https://www.zacks.com/stock/news/1799976/here-is-why-bargain-hunters-would-love-fast-paced-mover-cushman-wakefield-cwk,Zacks Investment Research,0.38666666666666666,0.5866666666666667,positive,0.38666666666666666,False,False,False,False,False,False,False,False,0.0,317,['CWK'],CWK,2021-09-23
Top Ranked Growth Stocks to Buy for September 28th,"ABG, CWK, TPX, and CRI made it to the Zacks Rank #1 (Strong Buy) growth stocks list on September 28, 2021",2021-09-28 13:08:00+00:00,https://www.zacks.com/commentary/1801726/top-ranked-growth-stocks-to-buy-for-september-28th,Zacks Investment Research,0.04444444444444442,0.7111111111111111,neutral,0.04444444444444442,False,True,False,False,False,False,False,False,0.0,157,"['TPX', 'ABG', 'CRI', 'CWK']",CWK,2021-09-28
Top Ranked Growth Stocks to Buy for September 30th,"CWK, AMOT, and COLM made it to the Zacks Rank #1 (Strong Buy) growth stocks list on September 30, 2021",2021-09-30 17:02:00+00:00,https://www.zacks.com/commentary/1803349/top-ranked-growth-stocks-to-buy-for-september-30th,Zacks Investment Research,0.04444444444444442,0.7111111111111111,neutral,0.04444444444444442,False,True,False,False,False,False,False,False,0.0,154,"['COLM', 'AMOT', 'CWK']",CWK,2021-09-30
Top Ranked Growth Stocks to Buy for October 8th,"NVEE, OLN, PAG, and CWK made it to the Zacks Rank #1 (Strong Buy) growth stocks list on October 8, 2021.",2021-10-08 14:00:00+00:00,https://www.zacks.com/commentary/1808215/top-ranked-growth-stocks-to-buy-for-october-8th,Zacks Investment Research,0.04444444444444442,0.7111111111111111,neutral,0.04444444444444442,False,True,False,False,False,False,False,False,0.0,153,"['PAG', 'OLN', 'NVEE', 'CWK']",CWK,2021-10-08
What's in Store for Prologis (PLD) This Earnings Season?,Prologis' (PLD) Q3 results will likely reflect benefits from the company's efforts to leverage on the industrial real estate market's healthy fundamentals backed by healthy demand.,2021-10-11 13:46:00+00:00,https://www.zacks.com/stock/news/1809102/whats-in-store-for-prologis-pld-this-earnings-season,Zacks Investment Research,0.3,0.575,positive,0.3,True,False,False,False,False,False,False,False,0.0,238,"['PLD', 'CCI', 'APLE', 'CWK']",CWK,2021-10-11
SL Green (SLG) to Post Q3 Earnings: What's in the Offing?,"While SL Green (SLG) is likely to have gained from its high-quality office properties and diverse tenant base, the pandemic-led job losses and remote-working dynamics might have been deterrents in Q3.",2021-10-18 13:15:00+00:00,https://www.zacks.com/stock/news/1811559/sl-green-slg-to-post-q3-earnings-whats-in-the-offing,Zacks Investment Research,-0.30000000000000004,0.65,negative,0.30000000000000004,True,False,False,False,False,False,False,False,0.0,259,"['LSI', 'SLG', 'APLE', 'CWK']",CWK,2021-10-18
What's in Store for Boston Properties (BXP) This Earnings Season?,"With the reopening of economy and recovery in the job market as well as high demand for life-science assets, Boston Properties' (BXP) portfolio performance is likely to have improved in Q3.",2021-10-20 09:22:00+00:00,https://www.zacks.com/stock/news/1813038/whats-in-store-for-boston-properties-bxp-this-earnings-season,Zacks Investment Research,0.08,0.77,neutral,0.08,True,False,False,False,False,False,False,False,0.0,256,"['BXP', 'LSI', 'APLE', 'CWK']",CWK,2021-10-20
Key Factors to Impact Duke Realty (DRE) This Earnings Season,Duke Realty's (DRE) Q3 results likely to reflect benefits from its efforts to leverage on the industrial real estate market's healthy fundamentals.,2021-10-22 17:10:00+00:00,https://www.zacks.com/stock/news/1815320/key-factors-to-impact-duke-realty-dre-this-earnings-season,Zacks Investment Research,0.175,0.7,positive,0.175,True,False,False,False,False,False,False,False,0.0,209,"['PSA', 'DRE', 'DLR', 'CWK']",CWK,2021-10-22
Best Growth Stocks to Buy for October 25th,"CWK, OLM, ARCB, and HPQ made it to the Zacks Rank #1 (Strong Buy) growth stocks list on October 25, 2021.",2021-10-25 15:20:00+00:00,https://www.zacks.com/commentary/1815868/best-growth-stocks-to-buy-for-october-25th,Zacks Investment Research,0.2111111111111111,0.6444444444444444,positive,0.2111111111111111,False,True,False,False,False,False,False,False,0.0,149,"['HPQ', 'OLN', 'ARCB', 'CWK']",CWK,2021-10-25
What's in the Offing for CBRE Group's (CBRE) Q3 Earnings?,"CBRE Group's (CBRE) Q3 results will likely reflect benefits from its broad diversification across property types, lines of business, geographic markets and clients, and disciplined expense management.",2021-10-25 16:17:00+00:00,https://www.zacks.com/stock/news/1816090/whats-in-the-offing-for-cbre-groups-cbre-q3-earnings,Zacks Investment Research,0.03125,0.65625,neutral,0.03125,True,False,False,False,False,False,True,False,0.0,259,"['JLL', 'NMRK', 'CBRE', 'CWK']",CWK,2021-10-25
What's in the Offing for Realogy Holdings' (RLGY) Q3 Earnings?,Realogy Holdings' (RLGY) Q3 results will likely reflect the benefits from its diverse brand portfolio and healthy transaction volumes.,2021-10-25 16:24:00+00:00,https://www.zacks.com/stock/news/1816100/whats-in-the-offing-for-realogy-holdings-rlgy-q3-earnings,Zacks Investment Research,0.25,0.75,positive,0.25,True,False,False,False,False,False,False,False,0.0,198,"['JLL', 'RLGY', 'CBRE', 'CWK']",CWK,2021-10-25
5 Mid-Cap Growth Picks Ahead of Earnings for Long-Term Gain,"We have narrowed down our search to five mid-cap growth stocks that will report earnings results within next week. These are: RL, SYNA, CC, CRI and CWK.",2021-10-28 10:40:00+00:00,https://www.zacks.com/stock/news/1818378/5-mid-cap-growth-picks-ahead-of-earnings-for-long-term-gain,Zacks Investment Research,-0.07777777777777779,0.14444444444444446,neutral,0.07777777777777779,True,False,False,False,False,False,False,False,0.0,213,"['RL', 'SYNA', 'CRI', 'CC', 'CWK']",CWK,2021-10-28
CBRE Group (CBRE) Q3 Earnings & Revenues Beat Estimates,CBRE Group's (CBRE) Q3 results reflect the benefits of diversifying and expanding its resilient business in recent years.,2021-10-28 16:01:00+00:00,https://www.zacks.com/stock/news/1818997/cbre-group-cbre-q3-earnings-revenues-beat-estimates,Zacks Investment Research,0.0,0.25,neutral,0.0,True,False,False,False,False,False,False,False,0.0,178,"['JLL', 'NMRK', 'CBRE', 'CWK']",CWK,2021-10-28
"The Zacks Analyst Blog Highlights: Carter's, Ralph Lauren, Synaptics, Chemours and Cushman & Wakefield","The Zacks Analyst Blog Highlights: Carter's, Ralph Lauren, Synaptics, Chemours and Cushman & Wakefield",2021-10-29 14:20:00+00:00,https://www.zacks.com/stock/news/1819917/the-zacks-analyst-blog-highlights-carters-ralph-lauren-synaptics-chemours-and-cushman-wakefield,Zacks Investment Research,0.0,0.0,neutral,0.0,False,False,False,False,False,False,False,False,0.0,206,"['RL', 'SYNA', 'CRI', 'CC', 'CWK']",CWK,2021-10-29
Will Higher Revenues Boost Motorola's (MSI) Q3 Earnings?,Motorola's (MSI) performance in the third quarter of 2021 is likely to have benefited from the increasing demand for its mission-critical technologies in North America and globally.,2021-11-01 11:56:00+00:00,https://www.zacks.com/stock/news/1820662/will-higher-revenues-boost-motorolas-msi-q3-earnings,Zacks Investment Research,0.0625,0.375,neutral,0.0625,True,False,False,False,False,False,False,False,0.2,239,"['REGN', 'EOG', 'MSI', 'CWK']",CWK,2021-11-01
"Jones Lang LaSalle (JLL) Q3 Earnings Top Estimates, Stock Up",Jones Lang LaSalle's (JLL) Q3 results reflect strong rebound in its transaction-based businesses.,2021-11-04 14:06:00+00:00,https://www.zacks.com/stock/news/1823619/jones-lang-lasalle-jll-q3-earnings-top-estimates-stock-up,Zacks Investment Research,0.4666666666666667,0.6166666666666667,positive,0.4666666666666667,True,False,False,False,False,False,False,False,0.0,159,"['JLL', 'BAM', 'CBRE', 'CWK']",CWK,2021-11-04
Cushman & Wakefield (CWK) Surpasses Q3 Earnings and Revenue Estimates,"Cushman & Wakefield (CWK) delivered earnings and revenue surprises of 60.00% and 2.15%, respectively, for the quarter ended September 2021. Do the numbers hold clues to what lies ahead for the stock?",2021-11-04 22:55:06+00:00,https://www.zacks.com/stock/news/1823952/cushman-wakefield-cwk-surpasses-q3-earnings-and-revenue-estimates,Zacks Investment Research,0.0,0.1,neutral,0.0,True,False,False,False,False,False,False,False,0.0,270,['CWK'],CWK,2021-11-04
Cushman & Wakefield plc (CWK) Q3 2021 Earnings Call Transcript,"CWK earnings call for the period ending September 30, 2021.",2021-11-06 18:00:47+00:00,https://www.fool.com/earnings/call-transcripts/2021/11/06/cushman-wakefield-plc-cwk-q3-2021-earnings-call-tr/,The Motley Fool,0.0,0.0,neutral,0.0,True,False,False,False,False,False,False,False,0.0,123,['CWK'],CWK,2021-11-06
Fast-paced Momentum Stock Cushman & Wakefield (CWK) Is Still Trading at a Bargain,Cushman & Wakefield (CWK) could be a great choice for investors looking to buy stocks that have gained strong momentum recently but are still trading at reasonable prices. It is one of the several stocks that made it through our 'Fast-Paced Momentum at a Bargain' screen.,2021-11-12 15:54:29+00:00,https://www.zacks.com/stock/news/1827480/fast-paced-momentum-stock-cushman-wakefield-cwk-is-still-trading-at-a-bargain,Zacks Investment Research,0.2866666666666667,0.4666666666666667,positive,0.2866666666666667,False,True,False,False,False,False,False,False,0.0,354,['CWK'],CWK,2021-11-12
New Strong Buy Stocks for November 16th,"BKE, CWK, DDS, and MRBK have been added to the Zacks Rank #1 (Strong Buy) List on November 16th.",2021-11-16 15:32:00+00:00,https://www.zacks.com/commentary/1827813/new-strong-buy-stocks-for-november-16th,Zacks Investment Research,0.05075757575757571,0.7053030303030303,neutral,0.05075757575757571,False,True,False,False,False,False,False,False,0.0,137,"['DDS', 'BKE', 'AOSL', 'MRBK', 'CWK']",CWK,2021-11-16
"Top Real Estate News for Thursday, Nov. 18, 2021: Office Space Subleasing Declines","Subleasing office space past its peak, while CVS plans 900 store closings.",2021-11-18 20:00:00+00:00,https://www.fool.com/investing/2021/11/18/top-real-estate-news-for-thursday-nov-18-2021-offi/,The Motley Fool,0.15,0.35000000000000003,positive,0.15,False,False,False,False,False,False,False,False,0.0,158,"['CVS', 'VTR', 'CWK']",CWK,2021-11-18
WeWork and Oatly Report,And a look at holiday spending estimates.,2021-11-22 20:47:00+00:00,https://www.fool.com/investing/2021/11/22/wework-and-oatly-report/,The Motley Fool,0.0,0.0,neutral,0.0,False,False,False,False,False,False,False,False,0.0,66,"['OTLY', 'MA', 'KO', 'PEP', 'SPG', 'MKC', 'SKT', 'CWK', 'BYND', 'WE']",CWK,2021-11-22
Earnings Estimates Rising for Cushman & Wakefield (CWK): Will It Gain?,"Cushman & Wakefield (CWK) shares have started gaining and might continue moving higher in the near term, as indicated by solid earnings estimate revisions.",2021-11-25 17:20:08+00:00,https://www.zacks.com/stock/news/1832040/earnings-estimates-rising-for-cushman-wakefield-cwk-will-it-gain,Zacks Investment Research,0.11666666666666665,0.3333333333333333,positive,0.11666666666666665,True,False,False,False,False,False,False,False,0.0,227,['CWK'],CWK,2021-11-25
Can Cushman & Wakefield (CWK) Climb 28% to Reach the Level Wall Street Analysts Expect?,"The mean of analysts' price targets for Cushman & Wakefield (CWK) points to a 28.2% upside in the stock. While this highly sought-after metric has not proven reasonably effective, strong agreement among analysts in raising earnings estimates does indicate an upside in the stock.",2021-11-29 15:00:19+00:00,https://www.zacks.com/stock/news/1832820/can-cushman-wakefield-cwk-climb-28-to-reach-the-level-wall-street-analysts-expect,Zacks Investment Research,0.22020833333333334,0.6902083333333333,positive,0.22020833333333334,True,False,False,False,False,False,False,False,0.0,368,['CWK'],CWK,2021-11-29
New Strong Buy Stocks for November 29th,"CWK, GNK, TITN, RM, and YELP have been added to the Zacks Rank #1 (Strong Buy) List on November 29th.",2021-11-29 15:26:00+00:00,https://www.zacks.com/commentary/1832291/new-strong-buy-stocks-for-november-29th,Zacks Investment Research,0.05075757575757571,0.7053030303030303,neutral,0.05075757575757571,False,True,False,False,False,False,False,False,0.0,142,"['GNK', 'TITN', 'YELP', 'RM', 'CWK']",CWK,2021-11-29
4 Reasons to Buy Jones Lang LaSalle (JLL) Stock Right Now,Jones Lang LaSalle (JLL) is a prudent investment pick at present as it continues to display robust fundamentals and an improvement in prospects.,2021-11-29 16:06:00+00:00,https://www.zacks.com/stock/news/1832902/4-reasons-to-buy-jones-lang-lasalle-jll-stock-right-now,Zacks Investment Research,0.14285714285714285,0.26785714285714285,positive,0.14285714285714285,False,True,False,False,False,False,False,False,0.0,203,"['JLL', 'KW', 'CBRE', 'CWK']",CWK,2021-11-29
Best Value Stocks to Buy for November 29th,"ATCO, TMST, and CWK made it to the Zacks Rank #1 (Strong Buy) value stocks list on November 29, 2021.",2021-11-29 16:26:00+00:00,https://www.zacks.com/commentary/1832887/best-value-stocks-to-buy-for-november-29th,Zacks Investment Research,0.2111111111111111,0.6444444444444444,positive,0.2111111111111111,False,True,False,False,False,False,False,False,0.0,145,"['TMST', 'CWK', 'ATCO']",CWK,2021-11-29
Best Growth Stocks to Buy for November 29th,"HHR, CWK, and STLA made it to the Zacks Rank #1 (Strong Buy) growth stocks list on November 29, 2021.",2021-11-29 16:34:00+00:00,https://www.zacks.com/commentary/1832914/best-growth-stocks-to-buy-for-november-29th,Zacks Investment Research,0.2111111111111111,0.6444444444444444,positive,0.2111111111111111,False,True,False,False,False,False,False,False,0.0,146,"['CWK', 'HHR', 'STLA']",CWK,2021-11-29
"Despite Fast-paced Momentum, Cushman & Wakefield (CWK) Is Still a Bargain Stock","If you are looking for stocks that have gained strong momentum recently but are still trading at reasonable prices, Cushman & Wakefield (CWK) could be a great choice. It is one of the several stocks that passed through our 'Fast-Paced Momentum at a Bargain' screen.",2021-11-30 13:50:06+00:00,https://www.zacks.com/stock/news/1833282/despite-fast-paced-momentum-cushman-wakefield-cwk-is-still-a-bargain-stock,Zacks Investment Research,0.2866666666666667,0.4666666666666666,positive,0.2866666666666667,False,False,False,False,False,False,False,False,0.0,346,['CWK'],CWK,2021-11-30
Jones Lang (JLL) Acquires Building Engines for $300 Million,Jones Lang (JLL) closing the acquisition of Building Engines comes as part of its focus on embracing technology to solve real estate issues and help it expand its client reach.,2021-12-01 14:46:00+00:00,https://www.zacks.com/stock/news/1833864/jones-lang-jll-acquires-building-engines-for-300-million,Zacks Investment Research,0.2,0.30000000000000004,positive,0.2,False,True,False,False,False,False,False,False,0.0,237,"['JLL', 'KW', 'CBRE', 'CWK']",CWK,2021-12-01
Best Growth Stocks to Buy for December 3rd,"CPRI, ABG, CWK, and ACI made it to the Zacks Rank #1 (Strong Buy) growth stocks list on December 3, 2021.",2021-12-03 13:03:00+00:00,https://www.zacks.com/commentary/1834929/best-growth-stocks-to-buy-for-december-3rd,Zacks Investment Research,0.15833333333333333,0.4833333333333333,positive,0.15833333333333333,False,True,False,False,False,False,False,False,0.0,149,"['ACI', 'ABG', 'CWK', 'CPRI']",CWK,2021-12-03
New Strong Buy Stocks for December 13th,"BKE, CWK, FNKO, HHR, and STRL have been added to the Zacks Rank #1 (Strong Buy) List on December 13th.",2021-12-13 12:32:00+00:00,https://www.zacks.com/commentary/1837936/new-strong-buy-stocks-for-december-13th,Zacks Investment Research,0.033838383838383806,0.47020202020202023,neutral,0.033838383838383806,False,True,False,False,False,False,False,False,0.0,143,"['BKE', 'STRL', 'FNKO', 'CWK', 'HHR']",CWK,2021-12-13
Best Growth Stocks to Buy for December 16th,"CWK, CPRI, and OLN made it to the Zacks Rank #1 (Strong Buy) growth stocks list on December 16, 2021",2021-12-16 12:57:00+00:00,https://www.zacks.com/commentary/1840019/best-growth-stocks-to-buy-for-december-16th,Zacks Investment Research,0.2111111111111111,0.6444444444444444,positive,0.2111111111111111,False,True,False,False,False,False,False,False,0.0,145,"['OLN', 'CWK', 'CPRI']",CWK,2021-12-16
Cushman & Wakefield (CWK) Shows Fast-paced Momentum But Is Still a Bargain Stock,Cushman & Wakefield (CWK) made it through our 'Fast-Paced Momentum at a Bargain' screen and could be a great choice for investors looking for stocks that have gained strong momentum recently but are still trading at reasonable prices.,2021-12-16 13:50:05+00:00,https://www.zacks.com/stock/news/1840087/cushman-wakefield-cwk-shows-fast-paced-momentum-but-is-still-a-bargain-stock,Zacks Investment Research,0.35833333333333334,0.5833333333333334,positive,0.35833333333333334,False,False,False,False,False,False,False,False,0.0,316,['CWK'],CWK,2021-12-16
Best Growth Stocks to Buy for December 21st,"LAD, CWK, CBRE and ATCO made it to the Zacks Rank #1 (Strong Buy) growth stocks list on December 21, 2021",2021-12-21 15:57:00+00:00,https://www.zacks.com/commentary/1841771/best-growth-stocks-to-buy-for-december-21st,Zacks Investment Research,0.15833333333333333,0.4833333333333333,positive,0.15833333333333333,False,True,False,False,False,False,False,False,0.0,150,"['LAD', 'CBRE', 'CWK', 'ATCO']",CWK,2021-12-21
New Strong Buy Stocks for December 27th,"ASO, GGB, PAG, TOL, and CWK have been added to the Zacks Rank #1 (Strong Buy) List on December 27th.",2021-12-27 14:58:00+00:00,https://www.zacks.com/commentary/1842836/new-strong-buy-stocks-for-december-27th,Zacks Investment Research,0.05075757575757571,0.7053030303030303,neutral,0.05075757575757571,False,True,False,False,False,False,False,False,0.0,141,"['PAG', 'GGB', 'TOL', 'CWK', 'ASO']",CWK,2021-12-27
Best Growth Stocks to Buy for December 27th,"CWK, TGLS, CC, and GGB made it to the Zacks Rank #1 (Strong Buy) growth stocks list on December 27, 2021.",2021-12-27 16:24:00+00:00,https://www.zacks.com/commentary/1843881/best-growth-stocks-to-buy-for-december-27th,Zacks Investment Research,0.2111111111111111,0.6444444444444444,positive,0.2111111111111111,False,True,False,False,False,False,False,False,0.0,150,"['GGB', 'TGLS', 'CC', 'CWK']",CWK,2021-12-27
Cushman & Wakefield (CWK) Gains But Lags Market: What You Should Know,"In the latest trading session, Cushman & Wakefield (CWK) closed at $22.31, marking a +0.31% move from the previous day.",2022-01-03 23:15:19+00:00,https://www.zacks.com/stock/news/1846744/cushman-wakefield-cwk-gains-but-lags-market-what-you-should-know,Zacks Investment Research,0.07777777777777779,0.3888888888888889,neutral,0.07777777777777779,False,False,False,False,False,False,False,False,0.0,190,['CWK'],CWK,2022-01-03
Cushman & Wakefield (CWK) Gains As Market Dips: What You Should Know,"In the latest trading session, Cushman & Wakefield (CWK) closed at $22.61, marking a +1.34% move from the previous day.",2022-01-04 23:00:18+00:00,https://www.zacks.com/stock/news/1847392/cushman-wakefield-cwk-gains-as-market-dips-what-you-should-know,Zacks Investment Research,0.07777777777777779,0.3888888888888889,neutral,0.07777777777777779,False,False,False,False,False,False,False,False,0.0,189,['CWK'],CWK,2022-01-04
Cushman & Wakefield (CWK) Dips More Than Broader Markets: What You Should Know,"Cushman & Wakefield (CWK) closed at $21.40 in the latest trading session, marking a -1.47% move from the prior day.",2022-01-10 23:15:20+00:00,https://www.zacks.com/stock/news/1849961/cushman-wakefield-cwk-dips-more-than-broader-markets-what-you-should-know,Zacks Investment Research,0.225,0.375,positive,0.225,False,False,False,False,False,False,False,False,0.0,195,['CWK'],CWK,2022-01-10
Cushman & Wakefield (CWK) Stock Sinks As Market Gains: What You Should Know,"Cushman & Wakefield (CWK) closed at $21.80 in the latest trading session, marking a -1.8% move from the prior day.",2022-01-17 23:00:22+00:00,https://www.zacks.com/stock/news/1853061/cushman-wakefield-cwk-stock-sinks-as-market-gains-what-you-should-know,Zacks Investment Research,0.075,0.25,neutral,0.075,False,False,False,False,False,False,False,False,0.0,191,['CWK'],CWK,2022-01-17
Key Factors to Impact Boston Properties (BXP) in Q4 Earnings,"With the recovery in the job market as well as high demand for life-science assets, Boston Properties' (BXP) portfolio performance is likely to have improved in Q4.",2022-01-21 17:49:00+00:00,https://www.zacks.com/stock/news/1855559/key-factors-to-impact-boston-properties-bxp-in-q4-earnings,Zacks Investment Research,0.05333333333333334,0.8466666666666667,neutral,0.05333333333333334,True,False,False,False,False,False,False,False,0.0,226,"['BXP', 'LSI', 'CIO', 'CWK']",CWK,2022-01-21
New Strong Buy Stocks for January 25th,"AAWW, CWK, HLI, CNXC, and DKS have been added to the Zacks Rank #1 (Strong Buy) List on January 25, 2022.",2022-01-25 12:00:00+00:00,https://www.zacks.com/commentary/1855956/new-strong-buy-stocks-for-january-25th,Zacks Investment Research,0.05075757575757571,0.7053030303030303,neutral,0.05075757575757571,False,True,False,False,False,False,False,False,0.0,145,"['DKS', 'AAWW', 'CNXC', 'HLI', 'CWK']",CWK,2022-01-25
Why Cushman & Wakefield (CWK) is Poised to Beat Earnings Estimates Again,Cushman & Wakefield (CWK) has an impressive earnings surprise history and currently possesses the right combination of the two key ingredients for a likely beat in its next quarterly report.,2022-01-25 17:10:12+00:00,https://www.zacks.com/stock/news/1857029/why-cushman-wakefield-cwk-is-poised-to-beat-earnings-estimates-again,Zacks Investment Research,0.21428571428571427,0.655952380952381,positive,0.21428571428571427,True,False,False,False,False,False,False,False,0.0,264,['CWK'],CWK,2022-01-25
What's in Store for SL Green (SLG) This Earnings Season?,"While SL Green (SLG) is likely to have gained from its high-quality office properties and a diverse tenant base, escalated supply for office properties might have been a bane in Q4.",2022-01-25 19:04:00+00:00,https://www.zacks.com/stock/news/1857102/whats-in-store-for-sl-green-slg-this-earnings-season,Zacks Investment Research,-0.30000000000000004,0.65,negative,0.30000000000000004,True,False,False,False,False,False,False,False,0.0,239,"['HIW', 'SLG', 'EGP', 'CWK']",CWK,2022-01-25
Key Factors to Impact Duke Realty (DRE) This Earnings Season,Duke Realty's (DRE) Q4 results are likely to reflect benefits from its efforts to leverage the industrial real estate market's healthy fundamentals.,2022-01-25 19:11:00+00:00,https://www.zacks.com/stock/news/1857106/key-factors-to-impact-duke-realty-dre-this-earnings-season,Zacks Investment Research,0.175,0.7,positive,0.175,True,False,False,False,False,False,False,False,0.0,210,"['HIW', 'DRE', 'EGP', 'CWK']",CWK,2022-01-25
Best Growth Stocks to Buy for January 26th,"CWK, SIG, and M made it to the Zacks Rank #1 (Strong Buy) growth stocks list on January 26, 2022.",2022-01-26 16:20:00+00:00,https://www.zacks.com/commentary/1857544/best-growth-stocks-to-buy-for-january-26th,Zacks Investment Research,0.2111111111111111,0.6444444444444444,positive,0.2111111111111111,False,True,False,False,False,False,False,False,0.0,141,"['M', 'SIG', 'CWK']",CWK,2022-01-26
Cushman & Wakefield (CWK) Gains As Market Dips: What You Should Know,"Cushman & Wakefield (CWK) closed at $20.66 in the latest trading session, marking a +0.68% move from the prior day.",2022-01-26 23:00:17+00:00,https://www.zacks.com/stock/news/1857820/cushman-wakefield-cwk-gains-as-market-dips-what-you-should-know,Zacks Investment Research,0.13333333333333333,0.3333333333333333,positive,0.13333333333333333,False,False,False,False,False,False,False,False,0.0,185,['CWK'],CWK,2022-01-26
Shell & 4 Other Stocks With Solid Relative Price Strength,"Shell (RDS.A), J.B. Hunt Transport Services (JBHT), Concentrix (CNXC), ExxonMobil (XOM) and Cushman & Wakefield (CWK) are five stocks with explosive relative price strength.",2022-01-27 11:38:00+00:00,https://www.zacks.com/stock/news/1857970/shell-4-other-stocks-with-solid-relative-price-strength,Zacks Investment Research,-0.03125,0.11875,neutral,0.03125,False,False,False,False,False,False,False,False,0.0,232,"['XOM', 'RDS.A', 'JBHT', 'CNXC', 'CWK']",CWK,2022-01-27
Fortinet (FTNT) to Report Q4 Earnings: What's in Store?,"Fortinet's (FTNT) Q4 results are likely to reflect increased demand for IT security, stellar growth in Fortinet Security Fabric, cloud and SD-WAN offerings amid the pandemic-led remote working trend.",2022-02-01 16:57:00+00:00,https://www.zacks.com/stock/news/1860688/fortinet-ftnt-to-report-q4-earnings-whats-in-store,Zacks Investment Research,0.049999999999999996,0.48333333333333334,neutral,0.049999999999999996,True,False,True,False,False,False,False,False,0.0,256,"['JLL', 'FTNT', 'STAA', 'CWK']",CWK,2022-02-01
Cushman & Wakefield (CWK) Outpaces Stock Market Gains: What You Should Know,"In the latest trading session, Cushman & Wakefield (CWK) closed at $21.19, marking a +0.95% move from the previous day.",2022-02-01 23:00:14+00:00,https://www.zacks.com/stock/news/1860960/cushman-wakefield-cwk-outpaces-stock-market-gains-what-you-should-know,Zacks Investment Research,0.07777777777777779,0.3888888888888889,neutral,0.07777777777777779,False,False,False,False,False,False,False,False,0.0,196,['CWK'],CWK,2022-02-01
3 Top Stocks From the Prosperous Real Estate Operations Industry,"The Zacks Real Estate Operations industry stocks - CBRE, JLL and CWK - are in focus thanks to an improving economy, widespread vaccination, outsourcing of real estate needs, acceleration of certain trends, tech investments, despite the health crisis.",2022-02-07 15:13:00+00:00,https://www.zacks.com/commentary/1863279/3-top-stocks-from-the-prosperous-real-estate-operations-industry,Zacks Investment Research,0.2523809523809523,0.36190476190476195,positive,0.2523809523809523,False,False,False,False,False,False,False,False,0.0,316,"['JLL', 'CBRE', 'CWK']",CWK,2022-02-07
Twilio (TWLO) to Report Q4 Earnings: What's in the Cards?,Twilio (TWLO) Q4 top line is likely to reflect benefits from newly acquired Zipwhip and Segment. Elevated spending on product and market expansions might have weighed on the bottom line.,2022-02-07 15:17:00+00:00,https://www.zacks.com/stock/news/1863446/twilio-twlo-to-report-q4-earnings-whats-in-the-cards,Zacks Investment Research,0.21212121212121213,0.6515151515151515,positive,0.21212121212121213,True,True,False,False,True,False,False,False,0.0,245,"['JLL', 'STAA', 'TWLO', 'CWK']",CWK,2022-02-07
Cushman & Wakefield (CWK) Gains As Market Dips: What You Should Know,"In the latest trading session, Cushman & Wakefield (CWK) closed at $21.46, marking a +1.18% move from the previous day.",2022-02-07 23:15:20+00:00,https://www.zacks.com/stock/news/1863749/cushman-wakefield-cwk-gains-as-market-dips-what-you-should-know,Zacks Investment Research,0.07777777777777779,0.3888888888888889,neutral,0.07777777777777779,False,False,False,False,False,False,False,False,0.0,189,['CWK'],CWK,2022-02-07
"Zacks Industry Outlook Highlights: CBRE Group, Jones Lang LaSalle and Cushman & Wakefield","CBRE Group, Jones Lang LaSalle and Cushman & Wakefield are included in this Industry Outlook blog.",2022-02-08 15:41:00+00:00,https://www.zacks.com/stock/news/1864149/zacks-industry-outlook-highlights-cbre-group-jones-lang-lasalle-and-cushman-wakefield,Zacks Investment Research,0.0,0.0,neutral,0.0,False,False,False,False,False,False,False,False,0.0,189,"['JLL', 'CBRE', 'CWK']",CWK,2022-02-08
Cushman & Wakefield (CWK) Outpaces Stock Market Gains: What You Should Know,"Cushman & Wakefield (CWK) closed the most recent trading day at $21.68, moving +1.03% from the previous trading session.",2022-02-08 23:00:25+00:00,https://www.zacks.com/stock/news/1864485/cushman-wakefield-cwk-outpaces-stock-market-gains-what-you-should-know,Zacks Investment Research,0.05833333333333334,0.25416666666666665,neutral,0.05833333333333334,False,False,False,False,False,False,False,False,0.0,197,['CWK'],CWK,2022-02-08
Vornado (VNO) to Report Q4 Earnings: What's in the Offing?,"While Vornado's (VNO) Q4 performance is likely to have gained from an improved office market, stiff competition might have been a deterrent.",2022-02-10 20:33:00+00:00,https://www.zacks.com/stock/news/1866014/vornado-vno-to-report-q4-earnings-whats-in-the-offing,Zacks Investment Research,-0.10714285714285714,0.75,negative,0.10714285714285714,True,False,False,False,False,False,False,False,0.0,200,"['VNO', 'NSA', 'MGP', 'CWK']",CWK,2022-02-10
Best Growth Stocks to Buy for February 11th,"CWK, SIG, and BAK made it to the Zacks Rank #1 (Strong Buy) growth stocks list on February 11, 2022.",2022-02-11 12:41:00+00:00,https://www.zacks.com/commentary/1866239/best-growth-stocks-to-buy-for-february-11th,Zacks Investment Research,0.2111111111111111,0.6444444444444444,positive,0.2111111111111111,False,True,False,False,False,False,False,False,0.0,145,"['SIG', 'BAK', 'CWK']",CWK,2022-02-11
Newmark Group (NMRK) Beats Q4 Earnings and Revenue Estimates,"Newmark Group (NMRK) delivered earnings and revenue surprises of 18.18% and 10.92%, respectively, for the quarter ended December 2021. Do the numbers hold clues to what lies ahead for the stock?",2022-02-11 15:15:02+00:00,https://www.zacks.com/stock/news/1866443/newmark-group-nmrk-beats-q4-earnings-and-revenue-estimates,Zacks Investment Research,0.0,0.1,neutral,0.0,True,False,False,False,False,False,False,False,0.0,256,"['NMRK', 'CWK']",CWK,2022-02-11
What's in the Offing for The Trade Desk's (TTD) Q4 Earnings?,"The Trade Desk's (TTD) fourth-quarter results are likely to benefit from strength in connected-TV ad spending, programmatic ad buying and a growing partner ecosystem.",2022-02-15 16:56:00+00:00,https://www.zacks.com/stock/news/1867887/whats-in-the-offing-for-the-trade-desks-ttd-q4-earnings,Zacks Investment Research,0.0,1.0,neutral,0.0,True,True,False,False,False,False,False,False,0.0,228,"['JLL', 'TPX', 'TTD', 'CWK']",CWK,2022-02-15
EPAM Systems (EPAM) to Report Q4 Earnings: What's in Store?,"EPAM's (EPAM) Q4 results are likely to reflect benefits from growing demand for its products and services as well as contributions from acquisitions, including Emakina.",2022-02-16 14:53:00+00:00,https://www.zacks.com/stock/news/1868417/epam-systems-epam-to-report-q4-earnings-whats-in-store,Zacks Investment Research,0.0,1.0,neutral,0.0,True,True,False,False,True,False,False,False,0.0,229,"['JLL', 'TPX', 'EPAM', 'CWK']",CWK,2022-02-16
Earnings Estimates Moving Higher for Cushman & Wakefield (CWK): Time to Buy?,"Cushman & Wakefield (CWK) shares have started gaining and might continue moving higher in the near term, as indicated by solid earnings estimate revisions.",2022-02-17 17:20:07+00:00,https://www.zacks.com/stock/news/1869306/earnings-estimates-moving-higher-for-cushman-wakefield-cwk-time-to-buy,Zacks Investment Research,0.15,0.375,positive,0.15,True,True,False,False,False,False,False,False,0.0,233,['CWK'],CWK,2022-02-17
Cushman & Wakefield (CWK) Earnings Expected to Grow: What to Know Ahead of Next Week's Release,Cushman & Wakefield (CWK) possesses the right combination of the two key ingredients for a likely earnings beat in its upcoming report. Get prepared with the key expectations.,2022-02-17 20:02:56+00:00,https://www.zacks.com/stock/news/1869439/cushman-wakefield-cwk-earnings-expected-to-grow-what-to-know-ahead-of-next-weeks-release,Zacks Investment Research,0.03095238095238095,0.655952380952381,neutral,0.03095238095238095,True,False,False,False,True,False,False,False,0.0,271,['CWK'],CWK,2022-02-17
Cushman & Wakefield (CWK) Stock Moves -1.38%: What You Should Know,"Cushman & Wakefield (CWK) closed at $22.80 in the latest trading session, marking a -1.38% move from the prior day.",2022-02-17 23:00:03+00:00,https://www.zacks.com/stock/news/1869595/cushman-wakefield-cwk-stock-moves--138-what-you-should-know,Zacks Investment Research,0.13333333333333333,0.3333333333333333,positive,0.13333333333333333,False,False,False,False,False,False,False,False,0.0,183,['CWK'],CWK,2022-02-17
Zscaler (ZS) to Report Q2 Earnings: What's in The Offing?,Increased demand for its security and networking products amid the ongoing pandemic-led hybrid work environment and digitization process is likely to have aided Zscaler's (ZS) Q2 results.,2022-02-21 15:04:00+00:00,https://www.zacks.com/stock/news/1870636/zscaler-zs-to-report-q2-earnings-whats-in-the-offing,Zacks Investment Research,0.0,1.0,neutral,0.0,True,False,True,False,True,False,False,False,0.0,246,"['JLL', 'NLSN', 'ZS', 'CWK']",CWK,2022-02-21
Autodesk (ADSK) to Report Q4 Earnings: What's in the Offing?,"Though Autodesk's (ADSK) Q4 result is likely to have benefited from continued strong demand for its software products, supply chain disruptions might have negatively hurt sales growth.",2022-02-22 14:48:00+00:00,https://www.zacks.com/stock/news/1871231/autodesk-adsk-to-report-q4-earnings-whats-in-the-offing,Zacks Investment Research,0.04444444444444443,0.7111111111111111,neutral,0.04444444444444443,True,False,False,False,True,False,False,False,0.0,246,"['JLL', 'ADSK', 'NLSN', 'CWK']",CWK,2022-02-22
TPG RE Finance Trust (TRTX) Q4 Earnings Miss Estimates,"TPG RE Finance Trust (TRTX) delivered earnings and revenue surprises of -23.33% and 3.58%, respectively, for the quarter ended December 2021. Do the numbers hold clues to what lies ahead for the stock?",2022-02-23 00:25:02+00:00,https://www.zacks.com/stock/news/1871473/tpg-re-finance-trust-trtx-q4-earnings-miss-estimates,Zacks Investment Research,0.0,0.1,neutral,0.0,True,False,False,False,False,False,False,False,0.0,257,"['TRTX', 'CWK']",CWK,2022-02-23
What's in the Offing for CBRE Group (CBRE) in Q4 Earnings?,"CBRE Group's (CBRE) Q4 results are likely to reflect the benefits from its broad diversification across property types, lines of business, geographic markets, and clients and disciplined expense management.",2022-02-23 16:15:00+00:00,https://www.zacks.com/stock/news/1871893/whats-in-the-offing-for-cbre-group-cbre-in-q4-earnings,Zacks Investment Research,0.03125,0.65625,neutral,0.03125,True,False,False,False,False,False,True,False,0.0,266,"['JLL', 'CBRE', 'CWK']",CWK,2022-02-23
Cushman & Wakefield (CWK) Beats Q4 Earnings and Revenue Estimates,"Cushman & Wakefield (CWK) delivered earnings and revenue surprises of 51.61% and 9.10%, respectively, for the quarter ended December 2021. Do the numbers hold clues to what lies ahead for the stock?",2022-02-24 23:20:12+00:00,https://www.zacks.com/stock/news/1872975/cushman-wakefield-cwk-beats-q4-earnings-and-revenue-estimates,Zacks Investment Research,0.0,0.1,neutral,0.0,True,False,False,False,False,False,False,False,0.0,265,"['CWK', 'OFS']",CWK,2022-02-24
Cushman & Wakefield plc Ordinary Shares (CWK) Q4 2021 Earnings Call Transcript,"CWK earnings call for the period ending December 31, 2021.",2022-02-25 09:00:40+00:00,https://www.fool.com/earnings/call-transcripts/2022/02/25/cushman-wakefield-plc-ordinary-shares-cwk-q4-2021/,The Motley Fool,-0.25,0.5,negative,0.25,True,False,False,False,False,False,False,False,0.0,138,['CWK'],CWK,2022-02-25
Cushman & Wakefield (CWK) Is Attractively Priced Despite Fast-paced Momentum,Cushman & Wakefield (CWK) made it through our 'Fast-Paced Momentum at a Bargain' screen and could be a great choice for investors looking for stocks that have gained strong momentum recently but are still trading at reasonable prices.,2022-03-02 13:50:06+00:00,https://www.zacks.com/stock/news/1875920/cushman-wakefield-cwk-is-attractively-priced-despite-fast-paced-momentum,Zacks Investment Research,0.44666666666666666,0.6666666666666667,positive,0.44666666666666666,False,False,False,False,False,False,False,False,0.0,312,['CWK'],CWK,2022-03-02
Best Growth Stocks to Buy for March 4th,"CWK, CBRE, and CLS made it to the Zacks Rank #1 (Strong Buy) growth stocks list on March 4, 2022",2022-03-04 14:04:00+00:00,https://www.zacks.com/commentary/1877249/best-growth-stocks-to-buy-for-march-4th,Zacks Investment Research,0.2111111111111111,0.6444444444444444,positive,0.2111111111111111,False,True,False,False,False,False,False,False,0.0,137,"['CLS', 'CBRE', 'CWK']",CWK,2022-03-04
Best Growth Stocks to Buy for March 9th,"ABG, CBRE, and CWK made it to the Zacks Rank #1 (Strong Buy) growth stocks list on March 9, 2022.",2022-03-09 12:43:00+00:00,https://www.zacks.com/commentary/1879447/best-growth-stocks-to-buy-for-march-9th,Zacks Investment Research,0.2111111111111111,0.6444444444444444,positive,0.2111111111111111,False,True,False,False,False,False,False,False,0.0,138,"['ABG', 'CBRE', 'CWK']",CWK,2022-03-09
Cushman & Wakefield (CWK) Gains As Market Dips: What You Should Know,"Cushman & Wakefield (CWK) closed at $19.63 in the latest trading session, marking a +0.72% move from the prior day.",2022-03-11 23:00:23+00:00,https://www.zacks.com/stock/news/1881116/cushman-wakefield-cwk-gains-as-market-dips-what-you-should-know,Zacks Investment Research,0.13333333333333333,0.3333333333333333,positive,0.13333333333333333,False,False,False,False,False,False,False,False,0.0,185,['CWK'],CWK,2022-03-11
Are These Finance Stocks a Great Value Stocks Right Now?,"Here at Zacks, our focus is on the proven Zacks Rank system, which emphasizes earnings estimates and estimate revisions to find great stocks. Nevertheless, we are always paying attention to the latest value, growth, and momentum trends to underscore strong picks.",2022-03-16 13:40:12+00:00,https://www.zacks.com/stock/news/1882816/are-these-finance-stocks-a-great-value-stocks-right-now,Zacks Investment Research,0.3365079365079365,0.7615079365079365,positive,0.3365079365079365,True,False,False,False,False,False,False,False,0.0,321,"['CWK', 'NMRK']",CWK,2022-03-16
These 4 Growth Stocks Are Ripe for the Picking,The last few months have been tough for the market but this has created an opportunity to invest cheaply in growth.,2022-03-17 12:33:00+00:00,https://www.zacks.com/stock/news/1883322/these-4-growth-stocks-are-ripe-for-the-picking,Zacks Investment Research,-0.04722222222222222,0.425,neutral,0.04722222222222222,False,False,False,False,False,False,False,False,0.0,163,"['FLR', 'ABG', 'ARCO', 'CWK']",CWK,2022-03-17
Cushman & Wakefield (CWK) Stock Sinks As Market Gains: What You Should Know,"Cushman & Wakefield (CWK) closed at $20.51 in the latest trading session, marking a -0.49% move from the prior day.",2022-03-17 22:00:19+00:00,https://www.zacks.com/stock/news/1883799/cushman-wakefield-cwk-stock-sinks-as-market-gains-what-you-should-know,Zacks Investment Research,0.075,0.25,neutral,0.075,False,False,False,False,False,False,False,False,0.0,192,['CWK'],CWK,2022-03-17
"The Zacks Analyst Blog Highlights Asbury Automotive Group, Arcos Dorados Holdings, Fluor, and Cushman & Wakefield","Asbury Automotive Group, Arcos Dorados Holdings, Fluor, and Cushman & Wakefield are part of today's analyst blog.",2022-03-18 13:27:00+00:00,https://www.zacks.com/stock/news/1884034/the-zacks-analyst-blog-highlights-asbury-automotive-group-arcos-dorados-holdings-fluor-and-cushman-wakefield,Zacks Investment Research,0.0,0.0,neutral,0.0,False,False,False,False,False,False,False,False,0.0,228,"['FLR', 'ABG', 'ARCO', 'CWK']",CWK,2022-03-18
Best Growth Stocks to Buy for March 21st,"CWK, ARCB, and SIG made it to the Zacks Rank #1 (Strong Buy) growth stocks list on March 21, 2022.",2022-03-21 16:10:00+00:00,https://www.zacks.com/commentary/1884944/best-growth-stocks-to-buy-for-march-21st,Zacks Investment Research,0.15833333333333333,0.4833333333333333,positive,0.15833333333333333,False,True,False,False,False,False,False,False,0.0,140,"['SIG', 'ARCB', 'CWK']",CWK,2022-03-21
5 Reasons to Add CBRE Group (CBRE) to Your Portfolio Now,"CBRE Group's (CBRE) wide array of real estate products and services offerings, a healthy outsourcing business, strategic buyouts, technology investments and a solid balance sheet are likely to aid its performance.",2022-03-22 15:18:00+00:00,https://www.zacks.com/stock/news/1885657/5-reasons-to-add-cbre-group-cbre-to-your-portfolio-now,Zacks Investment Research,0.12,0.4600000000000001,positive,0.12,False,True,False,False,True,False,False,False,0.0,271,"['JLL', 'EXPI', 'CBRE', 'CWK']",CWK,2022-03-22
Best Growth Stocks to Buy for March 24th,"CWK, SIG, and VALE made it to the Zacks Rank #1 (Strong Buy) growth stocks list on March 24, 2022",2022-03-24 14:50:00+00:00,https://www.zacks.com/commentary/1886984/best-growth-stocks-to-buy-for-march-24th,Zacks Investment Research,0.2111111111111111,0.6444444444444444,positive,0.2111111111111111,False,True,False,False,False,False,False,False,0.0,139,"['VALE', 'SIG', 'CWK']",CWK,2022-03-24
Cushman & Wakefield (CWK) Gains But Lags Market: What You Should Know,"Cushman & Wakefield (CWK) closed at $19.93 in the latest trading session, marking a +0.86% move from the prior day.",2022-03-24 22:00:21+00:00,https://www.zacks.com/stock/news/1887173/cushman-wakefield-cwk-gains-but-lags-market-what-you-should-know,Zacks Investment Research,0.13333333333333333,0.3333333333333333,positive,0.13333333333333333,False,False,False,False,False,False,False,False,0.0,186,['CWK'],CWK,2022-03-24
4 Reasons to Buy Jones Lang LaSalle (JLL) Stock Right Now,Jones Lang LaSalle (JLL) is a prudent investment pick at present as it continues to display robust fundamentals and an improvement in prospects.,2022-03-28 15:19:00+00:00,https://www.zacks.com/stock/news/1888605/4-reasons-to-buy-jones-lang-lasalle-jll-stock-right-now,Zacks Investment Research,0.14285714285714285,0.26785714285714285,positive,0.14285714285714285,False,True,False,False,False,False,False,False,0.0,203,"['JLL', 'EXPI', 'CBRE', 'CWK']",CWK,2022-03-28
Best Growth Stocks to Buy for March 30th,"CBRE, CWK, and TGLS made it to the Zacks Rank #1 (Strong Buy) growth stocks list on March 30, 2022.",2022-03-30 12:28:00+00:00,https://www.zacks.com/commentary/1889650/best-growth-stocks-to-buy-for-march-30th,Zacks Investment Research,0.2111111111111111,0.6444444444444444,positive,0.2111111111111111,False,True,False,False,False,False,False,False,0.0,141,"['TGLS', 'CBRE', 'CWK']",CWK,2022-03-30
How Cushman & Wakefield (CWK) Stock Stands Out in a Strong Industry,"Cushman & Wakefield (CWK) has seen solid earnings estimate revision activity over the past month, and belongs to a strong industry as well.",2022-03-30 12:34:00+00:00,https://www.zacks.com/stock/news/1889621/how-cushman-wakefield-cwk-stock-stands-out-in-a-strong-industry,Zacks Investment Research,0.15416666666666665,0.4541666666666666,positive,0.15416666666666665,True,False,False,False,False,False,False,False,0.0,208,['CWK'],CWK,2022-03-30
Cushman & Wakefield (CWK) Dips More Than Broader Markets: What You Should Know,"In the latest trading session, Cushman & Wakefield (CWK) closed at $20.76, marking a -1.56% move from the previous day.",2022-03-30 22:00:18+00:00,https://www.zacks.com/stock/news/1890089/cushman-wakefield-cwk-dips-more-than-broader-markets-what-you-should-know,Zacks Investment Research,0.18333333333333335,0.4166666666666667,positive,0.18333333333333335,False,False,False,False,False,False,False,False,0.0,199,['CWK'],CWK,2022-03-30
"Benzinga's Top Ratings Upgrades, Downgrades For April 5, 2022","Upgrades
Wolfe Research upgraded the previous rating for Landstar System Inc (NASDAQ:LSTR) from Underperform to Peer Perform. In the fourth quarter, Landstar System showed an EPS of $2.99, compared to $2.01 from the year-ago quarter. The current stock performance of Landstar System shows a 52-week-high of $188.62 and a 52-week-low of $139.12. Moreover, at the end of the last trading period, the closing price was at $142.64.   
According to Wolfe Research, the prior rating for Expeditors International of Washington Inc (NASDAQ:EXPD) was changed from Underperform to Peer Perform. In the fourth quarter, Expeditors International showed an EPS of $2.66, compared to $1.16 from the year-ago quarter. At the moment, the stock has a 52-week-high of $137.80 and a 52-week-low of $97.37. Expeditors International closed at $100.46 at the end of the last trading period.   
Barclays upgraded the previous rating for Teva Pharmaceutical Industries Ltd (NYSE:TEVA) from Equal-Weight to Overweight. Teva Pharmaceutical Indus earned $0.77 in the fourth quarter, compared to $0.68 in the year-ago quarter. The current stock performance of Teva Pharmaceutical Indus shows a 52-week-high of $11.72 and a 52-week-low of $7.24. Moreover, at the end of the last trading period, the closing price was at $9.89.   
Credit Suisse upgraded the previous rating for First Republic Bank (NYSE:FRC) from Underperform to Neutral. For the fourth quarter, First Republic Bank had an EPS of $2.02, compared to year-ago quarter EPS of $1.60. At the moment, the stock has a 52-week-high of $222.86 and a 52-week-low of $155.67. First Republic Bank closed at $161.32 at the end of the last trading period.   
For Xylem Inc (NYSE:XYL), Raymond James upgraded the previous rating of Underperform to Market Perform. In the fourth quarter, Xylem showed an EPS of $0.63, compared to $0.81 from the year-ago quarter. At the moment, the stock has a 52-week-high of $138.78 and a 52-week-low of $82.03. Xylem closed at $86.76 at the end of the last trading period.   
Jefferies upgraded the previous rating for EZCORP Inc (NASDAQ:EZPW) from Hold to Buy. In the first quarter, EZCORP showed an EPS of $0.22, compared to $0.13 from the year-ago quarter. At the moment, the stock has a 52-week-high of $8.80 and a 52-week-low of $4.91. EZCORP closed at $5.95 at the end of the last trading period.   
For Generac Holdings Inc (NYSE:GNRC), Goldman Sachs upgraded the previous rating of Neutral to Buy. Generac Hldgs earned $2.51 in the fourth quarter, compared to $2.12 in the year-ago quarter. The stock has a 52-week-high of $524.31 and a 52-week-low of $251.74. At the end of the last trading period, Generac Hldgs closed at $315.43.   
For Clean Harbors Inc (NYSE:CLH), Goldman Sachs upgraded the previous rating of Sell to Neutral. In the fourth quarter, Clean Harbors showed an EPS of $0.89, compared to $0.63 from the year-ago quarter. The stock has a 52-week-high of $118.89 and a 52-week-low of $83.56. At the end of the last trading period, Clean Harbors closed at $110.42.   
See all analyst ratings upgrades.
Downgrades
For Sharps Compliance Corp (NASDAQ:SMED), Roth Capital downgraded the previous rating of Buy to Neutral. Sharps Compliance earned $0.07 in the second quarter, compared to $0.07 in the year-ago quarter. The stock has a 52-week-high of $18.66 and a 52-week-low of $4.81. At the end of the last trading period, Sharps Compliance closed at $5.40.   
According to Canaccord Genuity, the prior rating for Royal Gold Inc (NASDAQ:RGLD) was changed from Buy to Hold. Royal Gold earned $1.05 in the second quarter, compared to $0.92 in the year-ago quarter. The current stock performance of Royal Gold shows a 52-week-high of $147.52 and a 52-week-low of $92.01. Moreover, at the end of the last trading period, the closing price was at $144.92.   
According to Canaccord Genuity, the prior rating for Franco-Nevada Corp (NYSE:FNV) was changed from Buy to Hold. For the fourth quarter, Franco-Nevada had an EPS of $0.86, compared to year-ago quarter EPS of $0.85. At the moment, the stock has a 52-week-high of $168.37 and a 52-week-low of $124.95. Franco-Nevada closed at $162.81 at the end of the last trading period.   
According to Wolfe Research, the prior rating for United Parcel Service Inc (NYSE:UPS) was changed from Outperform to Peer Perform. For the fourth quarter, United Parcel Service had an EPS of $3.59, compared to year-ago quarter EPS of $2.66. The stock has a 52-week-high of $233.72 and a 52-week-low of $168.83. At the end of the last trading period, United Parcel Service closed at $205.21.   
Wolfe Research downgraded the previous rating for Ryder System Inc (NYSE:R) from Peer Perform to Underperform. For the fourth quarter, Ryder System had an EPS of $3.52, compared to year-ago quarter EPS of $0.83. The stock has a 52-week-high of $93.05 and a 52-week-low of $67.58. At the end of the last trading period, Ryder System closed at $72.75.   
According to Wolfe Research, the prior rating for Atlas Air Worldwide Holdings Inc (NASDAQ:AAWW) was changed from Peer Perform to Underperform. In the fourth quarter, Atlas Air Worldwide Hldgs showed an EPS of $7.05, compared to $4.83 from the year-ago quarter. The current stock performance of Atlas Air Worldwide Hldgs shows a 52-week-high of $97.13 and a 52-week-low of $60.06. Moreover, at the end of the last trading period, the closing price was at $81.72.   
According to UBS, the prior rating for Assured Guaranty Ltd (NYSE:AGO) was changed from Buy to Neutral. Assured Guaranty earned $3.88 in the fourth quarter, compared to $0.69 in the year-ago quarter. The stock has a 52-week-high of $65.68 and a 52-week-low of $42.08. At the end of the last trading period, Assured Guaranty closed at $64.33.   
For Cemex SAB de CV (NYSE:CX), Goldman Sachs downgraded the previous rating of Buy to Neutral. Cemex earned $0.15 in the fourth quarter, compared to $0.06 in the year-ago quarter. The current stock performance of Cemex shows a 52-week-high of $9.09 and a 52-week-low of $4.34. Moreover, at the end of the last trading period, the closing price was at $5.27.   
Barclays downgraded the previous rating for Lloyds Banking Group PLC (NYSE:LYG) from Overweight to Equal-Weight. Lloyds Banking Group earned $0.02 in the fourth quarter, compared to $0.01 in the year-ago quarter. The stock has a 52-week-high of $3.00 and a 52-week-low of $2.09. At the end of the last trading period, Lloyds Banking Group closed at $2.44.   
For Vale SA (NYSE:VALE), Deutsche Bank downgraded the previous rating of Buy to Hold. For the fourth quarter, Vale had an EPS of $1.07, compared to year-ago quarter EPS of $0.14. The current stock performance of Vale shows a 52-week-high of $23.18 and a 52-week-low of $11.16. Moreover, at the end of the last trading period, the closing price was at $21.23.   
Berenberg downgraded the previous rating for Vodafone Group PLC (NASDAQ:VOD) from Buy to Hold. NoneThe current stock performance of Vodafone Group shows a 52-week-high of $20.36 and a 52-week-low of $14.53. Moreover, at the end of the last trading period, the closing price was at $16.81.   
B of A Securities downgraded the previous rating for First Solar Inc (NASDAQ:FSLR) from Neutral to Underperform. In the fourth quarter, First Solar showed an EPS of $1.23, compared to $1.08 from the year-ago quarter. At the moment, the stock has a 52-week-high of $123.12 and a 52-week-low of $61.24. First Solar closed at $83.96 at the end of the last trading period.   
For VF Corp (NYSE:VFC), Wells Fargo downgraded the previous rating of Overweight to Equal-Weight. In the third quarter, VF showed an EPS of $1.35, compared to $0.93 from the year-ago quarter. The stock has a 52-week-high of $90.79 and a 52-week-low of $51.02. At the end of the last trading period, VF closed at $56.93.   
For TJX Companies Inc (NYSE:TJX), Wells Fargo downgraded the previous rating of Overweight to Equal-Weight. For the fourth quarter, TJX Companies had an EPS of $0.78, compared to year-ago quarter EPS of $0.50. At the moment, the stock has a 52-week-high of $77.35 and a 52-week-low of $57.92. TJX Companies closed at $62.07 at the end of the last trading period.   
According to Wells Fargo, the prior rating for Ralph Lauren Corp (NYSE:RL) was changed from Overweight to Equal-Weight. For the third quarter, Ralph Lauren had an EPS of $2.94, compared to year-ago quarter EPS of $1.67. At the moment, the stock has a 52-week-high of $142.06 and a 52-week-low of $100.44. Ralph Lauren closed at $115.07 at the end of the last trading period.   
According to Truist Securities, the prior rating for Owens-Corning Inc (NYSE:OC) was changed from Buy to Hold. For the fourth quarter, Owens-Corning had an EPS of $2.20, compared to year-ago quarter EPS of $1.90. The current stock performance of Owens-Corning shows a 52-week-high of $109.89 and a 52-week-low of $79.35. Moreover, at the end of the last trading period, the closing price was at $92.14.   
According to Wedbush, the prior rating for Starbucks Corp (NASDAQ:SBUX) was changed from Outperform to Neutral. Starbucks earned $0.72 in the first quarter, compared to $0.61 in the year-ago quarter. The current stock performance of Starbucks shows a 52-week-high of $126.32 and a 52-week-low of $78.92. Moreover, at the end of the last trading period, the closing price was at $88.09.   
For BRC Inc (NYSE:BRCC), Raymond James downgraded the previous rating of Outperform to Market Perform. The current stock performance of BRC shows a 52-week-high of $29.20 and a 52-week-low of $13.55. Moreover, at the end of the last trading period, the closing price was at $28.28.   
For Twitter Inc (NYSE:TWTR), MKM Partners downgraded the previous rating of Buy to Neutral. In the fourth quarter, Twitter showed an EPS of $0.33, compared to $0.38 from the year-ago quarter. The current stock performance of Twitter shows a 52-week-high of $73.34 and a 52-week-low of $31.30. Moreover, at the end of the last trading period, the closing price was at $49.97.   
Raymond James downgraded the previous rating for NextEra Energy Partners LP (NYSE:NEP) from Market Perform to Underperform. For the fourth quarter, NextEra Energy Partners had an EPS of $0.12, compared to year-ago quarter EPS of $0.85. The stock has a 52-week-high of $88.80 and a 52-week-low of $63.59. At the end of the last trading period, NextEra Energy Partners closed at $83.56.   
Raymond James downgraded the previous rating for Enviva Inc (NYSE:EVA) from Outperform to Market Perform. In the fourth quarter, Enviva showed an EPS of $0.23, compared to $0.28 from the year-ago quarter. At the moment, the stock has a 52-week-high of $81.68 and a 52-week-low of $46.95. Enviva closed at $81.39 at the end of the last trading period.   
According to Cowen & Co., the prior rating for Domino's Pizza Inc (NYSE:Full story available on Benzinga.com",2022-04-05 14:02:47+00:00,https://www.benzinga.com/analyst-ratings/upgrades/22/04/26476294/benzingas-top-ratings-upgrades-downgrades-for-april-5-2022,Benzinga,-0.008785529715762271,0.13281653746770022,neutral,0.008785529715762271,False,True,True,False,False,False,False,False,0.0,10948,"['BLD', 'FRC', 'TEVA', 'EVA', 'MHK', 'AFRM', 'WEX', 'FLT', 'WDFC', 'PSTG', 'MTH', 'TIXT', 'AAWW', 'TREX', 'AGO', 'SQ', 'NU', 'HAYW', 'CIEN', 'FNV', 'AWI', 'SOFI', 'OC', 'TASK', 'CRIS', 'FBHS', 'CLH', 'PING', 'PHM', 'JOBY', 'FORG', 'EXPD', 'XYL', 'CSL', 'SPT', 'R', 'TOST', 'EZPW', 'FOUR', 'CX', 'JELD', 'RL', 'IONM', 'FISV', 'TMHC', 'DHI', 'CVNA', 'SWK', 'BRCC', 'FSLR', 'TWTR', 'DPZ', 'SAIL', 'TJX', 'LSTR', 'IBP', 'FIS', 'NMRK', 'TOL', 'NTAP', 'NEP', 'GPN', 'PAGS', 'UPS', 'VALE', 'PCAR', 'CYBR', 'JLL', 'BILL', 'VFC', 'POOL', 'CFG', 'KBH', 'CWK', 'VOD', 'RGLD', 'PYPL', 'LEN', 'STNE', 'WHR', 'SBUX', 'MQ', 'LYG', 'AZEK', 'GNRC', 'SMED', 'SHOP', 'MAS', 'LSPD']",CWK,2022-04-05
Cushman & Wakefield (CWK) Stock Moves -0.78%: What You Should Know,"Cushman & Wakefield (CWK) closed at $20.34 in the latest trading session, marking a -0.78% move from the prior day.",2022-04-05 22:00:20+00:00,https://www.zacks.com/stock/news/1893682/cushman-wakefield-cwk-stock-moves--078-what-you-should-know,Zacks Investment Research,0.13333333333333333,0.3333333333333333,positive,0.13333333333333333,False,False,False,False,False,False,False,False,0.0,183,['CWK'],CWK,2022-04-05
Key Factors to Impact Prologis (PLD) This Earnings Season,Prologis' (PLD) Q1 results are likely to reflect the benefits of the company's efforts to leverage the industrial real estate market's healthy fundamentals backed by stellar demand.,2022-04-14 13:01:00+00:00,https://www.zacks.com/stock/news/1899470/key-factors-to-impact-prologis-pld-this-earnings-season,Zacks Investment Research,0.19,0.61,positive,0.19,True,False,False,False,False,False,False,False,0.0,240,"['PLD', 'CCI', 'ARE', 'CWK']",CWK,2022-04-14
Expert Ratings for Cushman & Wakefield,"Analysts have provided the following ratings for Cushman & Wakefield (NYSE:CWK) within the last quarter: 




Bullish
Somewhat Bullish
Indifferent
Somewhat Bearish
Bearish




Total Ratings
3
3
0
0
0


Last 30D
0
1
0
0
0


1M Ago
1
0
0
0
0


2M Ago
1
2
0
0
0


3M Ago
1
0
0
0
0



In the last 3 months, 6 analysts have offered 12-month price targets for Cushman & Wakefield. The company has an average price target of $29.0 with a high of $38.00 and a low of $23.00. 
Below is a summary of how these 6 analysts rated Cushman & Wakefield over the past 3 ...Full story available on Benzinga.com",2022-04-19 18:19:21+00:00,https://www.benzinga.com/analyst-ratings/22/04/26697277/expert-ratings-for-cushman-wakefield,Benzinga,0.016000000000000004,0.29399999999999993,neutral,0.016000000000000004,False,False,False,False,False,False,False,False,0.0,632,['CWK'],CWK,2022-04-19
Cushman & Wakefield (CWK) Dips More Than Broader Markets: What You Should Know,"Cushman & Wakefield (CWK) closed at $18.71 in the latest trading session, marking a -1.99% move from the prior day.",2022-04-21 22:15:22+00:00,https://www.zacks.com/stock/news/1904902/cushman-wakefield-cwk-dips-more-than-broader-markets-what-you-should-know,Zacks Investment Research,0.225,0.375,positive,0.225,False,False,False,False,False,False,False,False,0.0,195,['CWK'],CWK,2022-04-21
Cushman & Wakefield (CWK) Stock Moves -1.98%: What You Should Know,"Cushman & Wakefield (CWK) closed the most recent trading day at $18.34, moving -1.98% from the previous trading session.",2022-04-22 22:00:20+00:00,https://www.zacks.com/stock/news/1905766/cushman-wakefield-cwk-stock-moves--198-what-you-should-know,Zacks Investment Research,0.05833333333333334,0.25416666666666665,neutral,0.05833333333333334,False,False,False,False,False,False,False,False,0.0,188,['CWK'],CWK,2022-04-22
Is CBRE Group (CBRE) a Great Value Stock Right Now?,"Here at Zacks, our focus is on the proven Zacks Rank system, which emphasizes earnings estimates and estimate revisions to find great stocks. Nevertheless, we are always paying attention to the latest value, growth, and momentum trends to underscore strong picks.",2022-04-25 13:40:12+00:00,https://www.zacks.com/stock/news/1906928/is-cbre-group-cbre-a-great-value-stock-right-now,Zacks Investment Research,0.3365079365079365,0.7615079365079365,positive,0.3365079365079365,True,False,False,False,False,False,False,False,0.0,316,"['CBRE', 'CWK']",CWK,2022-04-25
Cushman & Wakefield (CWK) Earnings Expected to Grow: Should You Buy?,Cushman & Wakefield (CWK) possesses the right combination of the two key ingredients for a likely earnings beat in its upcoming report. Get prepared with the key expectations.,2022-04-28 19:02:12+00:00,https://www.zacks.com/stock/news/1910676/cushman-wakefield-cwk-earnings-expected-to-grow-should-you-buy,Zacks Investment Research,0.03714285714285714,0.7871428571428571,neutral,0.03714285714285714,True,True,False,False,False,False,False,False,0.0,245,['CWK'],CWK,2022-04-28
Cushman & Wakefield (CWK) Stock Moves -1.65%: What You Should Know,"Cushman & Wakefield (CWK) closed at $17.90 in the latest trading session, marking a -1.65% move from the prior day.",2022-04-29 22:00:06+00:00,https://www.zacks.com/stock/news/1912318/cushman-wakefield-cwk-stock-moves--165-what-you-should-know,Zacks Investment Research,0.13333333333333333,0.3333333333333333,positive,0.13333333333333333,False,False,False,False,False,False,False,False,0.0,183,['CWK'],CWK,2022-04-29
What's in the Offing for CBRE Group (CBRE) in Q1 Earnings?,"CBRE Group's (CBRE) Q1 results are likely to reflect the benefits of its broad diversification across property types, lines of business, geographic markets and clients and disciplined expense management.",2022-05-04 13:31:00+00:00,https://www.zacks.com/stock/news/1915593/whats-in-the-offing-for-cbre-group-cbre-in-q1-earnings,Zacks Investment Research,0.03125,0.65625,neutral,0.03125,True,False,False,False,False,False,True,False,0.0,263,"['JLL', 'CBRE', 'CWK']",CWK,2022-05-04
Cushman & Wakefield (CWK) Q1 Earnings and Revenues Surpass Estimates,"Cushman & Wakefield (CWK) delivered earnings and revenue surprises of 140% and 7.13%, respectively, for the quarter ended March 2022. Do the numbers hold clues to what lies ahead for the stock?",2022-05-05 23:25:08+00:00,https://www.zacks.com/stock/news/1917393/cushman-wakefield-cwk-q1-earnings-and-revenues-surpass-estimates,Zacks Investment Research,0.0,0.1,neutral,0.0,True,False,False,False,False,False,False,False,0.0,263,"['CWK', 'TRIN']",CWK,2022-05-05
Where Cushman & Wakefield Stands With Analysts,"Analysts have provided the following ratings for Cushman & Wakefield (NYSE:CWK) within the last quarter: 




Bullish
Somewhat Bullish
Indifferent
Somewhat Bearish
Bearish




Total Ratings
4
3
0
0
0


Last 30D
1
0
0
0
0


1M Ago
1
1
0
0
0


2M Ago
1
1
0
0
0


3M Ago
1
1
0
0
0



These 7 analysts have an average price target of $29.43 versus the current price of Cushman & Wakefield at $18.54, implying  upside.
Below is a summary of how these 7 analysts rated Cushman & Wakefield over the past 3 months. The greater the number of ...Full story available on Benzinga.com",2022-05-06 14:02:21+00:00,https://www.benzinga.com/analyst-ratings/22/05/27047876/where-cushman-wakefield-stands-with-analysts,Benzinga,0.05555555555555555,0.3259259259259259,neutral,0.05555555555555555,False,False,False,False,False,False,False,False,0.0,620,['CWK'],CWK,2022-05-06
Raymond James Maintains Strong Buy Rating for Cushman & Wakefield: Here's What You Need To Know,"Raymond James has decided to maintain its Strong Buy rating of Cushman & Wakefield (NYSE:CWK) and raise its price target from $32.00 to $35.00.
Shares of Cushman & Wakefield are trading up 4.48% over the last 24 hours, at $19.00 per share.
A move to $35.00 would account for a 84.16% increase from the current share price.
About Cushman & Wakefield
Cushman & Wakefield is the third largest commercial real estate services firm in the world with a global headquarters in Chicago. The firm provides various real estate-related services to owners, occupiers and investors. These include ...Full story available on Benzinga.com",2022-05-06 16:08:45+00:00,https://www.benzinga.com/analyst-ratings/22/05/27051590/raymond-james-maintains-strong-buy-rating-for-cushman-wakefield-heres-what-you-need-to-know,Benzinga,0.09743589743589744,0.32564102564102565,neutral,0.09743589743589744,False,True,False,False,False,False,False,False,0.0,720,['CWK'],CWK,2022-05-06
Cushman & Wakefield plc Ordinary Shares (CWK) Q1 2022 Earnings Call Transcript,"CWK earnings call for the period ending March 31, 2022.",2022-05-06 22:30:59+00:00,https://www.fool.com/earnings/call-transcripts/2022/05/06/cushman-wakefield-plc-ordinary-shares-cwk-q1-2022/,The Motley Fool,-0.25,0.5,negative,0.25,True,False,False,False,False,False,False,False,0.0,135,['CWK'],CWK,2022-05-06
Can Cushman & Wakefield (CWK) Climb 36% to Reach the Level Wall Street Analysts Expect?,"The average of price targets set by Wall Street analysts indicates a potential upside of 35.9% in Cushman & Wakefield (CWK). While the effectiveness of this highly sought-after metric is questionable, the positive trend in earnings estimate revisions might translate into an upside in the stock.",2022-05-26 13:55:21+00:00,https://www.zacks.com/stock/news/1929659/can-cushman-wakefield-cwk-climb-36-to-reach-the-level-wall-street-analysts-expect,Zacks Investment Research,-0.05254545454545454,0.6970909090909091,neutral,0.05254545454545454,True,False,False,False,False,False,False,False,0.0,384,['CWK'],CWK,2022-05-26
Cushman & Wakefield (CWK) Just Overtook the 50-Day Moving Average,Is it a good or bad thing when a stock surpasses resistance at the 50-day simple moving average?,2022-05-30 13:30:05+00:00,https://www.zacks.com/stock/news/1931136/cushman-wakefield-cwk-just-overtook-the-50-day-moving-average,Zacks Investment Research,-0.059999999999999984,0.4847619047619047,neutral,0.059999999999999984,False,False,False,False,False,False,False,False,0.0,163,['CWK'],CWK,2022-05-30
Best Buy And 3 Other Stocks Insiders Are Selling,"US stock futures traded lower this morning on Friday. Investors, meanwhile, focused on some notable insider trades.
When insiders sell shares, it indicates their concern in the company’s prospects or that they view the stock as being overpriced. Either way, this signals an opportunity to go short on the stock. Insider sales should not be taken as the only indicator for making an investment or trading decision. At best, it can lend conviction to a selling decision.
Below is a look at a few recent notable insider sales. For more, check out  Benzinga's insider transactions  platform.
Zoom Video Communications 

The Trade: Zoom Video Communications, Inc. (NASDAQ: ZM) Chief Operating Officer Aparna Bawa  sold a total of 2,000 shares  at an average price of $108.47. The insider received around $216.94 thousand from selling those shares.
What’s Happening: Zoom Video recently announced ...",2022-06-03 12:27:38+00:00,https://www.benzinga.com/news/22/06/27541197/best-buy-and-3-other-stocks-insiders-are-selling,Benzinga,0.2326923076923077,0.42500000000000004,positive,0.2326923076923077,False,True,False,False,False,False,False,False,0.0,944,"['BBY', 'WSM', 'CWK', 'ZM']",CWK,2022-06-03
CoStar Group: Drastically Overpriced,CoStar (CSGP) has done a great job growing in recent years. Strength on its bottom line has been particularly impressive and the long-term outlook is promising.,2022-06-09 04:35:13+00:00,https://seekingalpha.com/article/4517328-costar-group-stock-drastically-overpriced,Seeking Alpha,0.5,0.625,positive,0.5,False,False,False,False,False,False,False,False,0.0,198,"['CWK', 'EFX', 'NMRK', 'VRSK', 'Z', 'ZG', 'CSGP']",CWK,2022-06-09
"Down 13.3% in 4 Weeks, Here's Why You Should You Buy the Dip in Cushman & Wakefield (CWK)","The heavy selling pressure might have exhausted for Cushman & Wakefield (CWK) as it is technically in oversold territory now. In addition to this technical measure, strong agreement among Wall Street analysts in revising earnings estimates higher indicates that the stock is ripe for a trend reversal.",2022-06-13 13:35:04+00:00,https://www.zacks.com/stock/news/1938091/down-133-in-4-weeks-heres-why-you-should-you-buy-the-dip-in-cushman-wakefield-cwk,Zacks Investment Research,-0.010317460317460336,0.4174603174603175,neutral,0.010317460317460336,True,True,False,False,False,False,False,False,0.0,392,['CWK'],CWK,2022-06-13
Is Cushman & Wakefield (CWK) Stock Undervalued Right Now?,"Here at Zacks, our focus is on the proven Zacks Rank system, which emphasizes earnings estimates and estimate revisions to find great stocks. Nevertheless, we are always paying attention to the latest value, growth, and momentum trends to underscore strong picks.",2022-07-05 13:40:10+00:00,https://www.zacks.com/stock/news/1947983/is-cushman-wakefield-cwk-stock-undervalued-right-now,Zacks Investment Research,0.24380952380952378,0.7638095238095238,positive,0.24380952380952378,True,False,False,False,False,False,False,False,0.0,322,"['CWK', 'NMRK']",CWK,2022-07-05
Is the Options Market Predicting a Spike in Cushman & Wakefield (CWK) Stock?,Investors need to pay close attention to Cushman & Wakefield (CWK) stock based on the movements in the options market lately.,2022-07-11 12:42:00+00:00,https://www.zacks.com/stock/news/1950326/is-the-options-market-predicting-a-spike-in-cushman-wakefield-cwk-stock,Zacks Investment Research,-0.3,0.6,negative,0.3,False,False,False,False,False,False,False,False,0.0,203,['CWK'],CWK,2022-07-11
Key Factors to Impact Boston Properties' (BXP) Q2 Earnings,"Amid uneven U.S. office market recovery, improving demand for Boston Properties' (BXP) office buildings and life-science assets in key U.S. markets is likely to have driven its Q2 earnings.",2022-07-22 10:59:00+00:00,https://www.zacks.com/stock/news/1956225/key-factors-to-impact-boston-properties-bxp-q2-earnings,Zacks Investment Research,-0.05,0.8,neutral,0.05,True,False,False,False,False,False,False,False,0.0,249,"['BXP', 'SBAC', 'ESS', 'CWK']",CWK,2022-07-22
FirstService (FSV) Q2 Earnings Lag Estimates,"FirstService (FSV) delivered earnings and revenue surprises of -4.27% and 1.07%, respectively, for the quarter ended June 2022. Do the numbers hold clues to what lies ahead for the stock?",2022-07-27 13:05:04+00:00,https://www.zacks.com/stock/news/1958600/firstservice-fsv-q2-earnings-lag-estimates,Zacks Investment Research,0.0,0.1,neutral,0.0,True,False,False,False,False,False,False,False,0.0,233,"['FSV', 'CWK']",CWK,2022-07-27
Vornado (VNO) to Report Q2 Earnings: What's in the Cards?,Vornado's (VNO) Q2 earnings are likely to have benefited from the improved U.S. office market scenario.,2022-07-27 13:51:00+00:00,https://www.zacks.com/stock/news/1958688/vornado-vno-to-report-q2-earnings-whats-in-the-cards,Zacks Investment Research,0.0,1.0,neutral,0.0,True,False,False,False,False,False,False,False,0.0,162,"['AMT', 'VNO', 'SBAC', 'CWK']",CWK,2022-07-27
Anywhere Real Estate (HOUS) Lags Q2 Earnings and Revenue Estimates,"Anywhere Real Estate (HOUS) delivered earnings and revenue surprises of -21.59% and 4.01%, respectively, for the quarter ended June 2022. Do the numbers hold clues to what lies ahead for the stock?",2022-07-28 12:55:09+00:00,https://www.zacks.com/stock/news/1959451/anywhere-real-estate-hous-lags-q2-earnings-and-revenue-estimates,Zacks Investment Research,0.13333333333333333,0.23333333333333336,positive,0.13333333333333333,True,False,False,False,False,False,False,False,0.0,265,"['HOUS', 'CWK']",CWK,2022-07-28
Cushman & Wakefield (CWK) Reports Next Week: Wall Street Expects Earnings Growth,Cushman & Wakefield (CWK) doesn't possess the right combination of the two key ingredients for a likely earnings beat in its upcoming report. Get prepared with the key expectations.,2022-07-28 14:03:24+00:00,https://www.zacks.com/stock/news/1959613/cushman-wakefield-cwk-reports-next-week-wall-street-expects-earnings-growth,Zacks Investment Research,0.05714285714285714,0.7071428571428571,neutral,0.05714285714285714,True,False,False,False,False,False,False,False,0.0,263,"['CWK', 'EXPI']",CWK,2022-07-28
Cushman & Wakefield (CWK) Surpasses Q2 Earnings and Revenue Estimates,"Cushman & Wakefield (CWK) delivered earnings and revenue surprises of 18.87% and 9.53%, respectively, for the quarter ended June 2022. Do the numbers hold clues to what lies ahead for the stock?",2022-08-04 22:55:16+00:00,https://www.zacks.com/stock/news/1964370/cushman-wakefield-cwk-surpasses-q2-earnings-and-revenue-estimates,Zacks Investment Research,0.0,0.1,neutral,0.0,True,False,False,False,False,False,False,False,0.0,265,"['CWK', 'GOCO']",CWK,2022-08-04
Cushman & Wakefield plc Ordinary Shares (CWK) Q2 2022 Earnings Call Transcript,"CWK earnings call for the period ending June 30, 2022.",2022-08-05 12:30:53+00:00,https://www.fool.com/earnings/call-transcripts/2022/08/05/cushman-wakefield-plc-ordinary-shares-cwk-q2-2022/,The Motley Fool,-0.25,0.5,negative,0.25,True,False,False,False,False,False,False,False,0.0,134,['CWK'],CWK,2022-08-05
Are Investors Undervaluing Cushman & Wakefield (CWK) Right Now?,"Here at Zacks, our focus is on the proven Zacks Rank system, which emphasizes earnings estimates and estimate revisions to find great stocks. Nevertheless, we are always paying attention to the latest value, growth, and momentum trends to underscore strong picks.",2022-10-07 13:40:13+00:00,https://www.zacks.com/stock/news/1989157/are-investors-undervaluing-cushman-wakefield-cwk-right-now,Zacks Investment Research,0.24380952380952378,0.7638095238095238,positive,0.24380952380952378,True,False,False,False,False,False,False,False,0.0,328,"['CWK', 'RMR']",CWK,2022-10-07
Industrial REITs to Shine in Q3 Earnings on Robust Demand,"Industrial REITs are likely to benefit as the asset category is still firing on all cylinders with robust demand, tight vacancy rate and rents scaling new heights.",2022-10-11 15:16:00+00:00,https://www.zacks.com/stock/news/1990404/industrial-reits-to-shine-in-q3-earnings-on-robust-demand,Zacks Investment Research,-0.014069264069264073,0.5800865800865801,neutral,0.014069264069264073,True,False,False,False,False,False,False,False,0.0,222,"['PLD', 'TRNO', 'STAG', 'EGP', 'CWK']",CWK,2022-10-11
"The Zacks Analyst Blog Highlights Prologis, EastGroup Properties, STAG Industrial, Terreno Realty and Cushman & Wakefield","Prologis, EastGroup Properties, STAG Industrial, Terreno Realty and Cushman & Wakefield are included in this Analyst Blog.",2022-10-12 10:20:00+00:00,https://www.zacks.com/stock/news/1990704/the-zacks-analyst-blog-highlights-prologis-eastgroup-properties-stag-industrial-terreno-realty-and-cushman-wakefield,Zacks Investment Research,0.0,0.0,neutral,0.0,False,False,False,False,False,False,False,False,0.0,245,"['PLD', 'TRNO', 'STAG', 'EGP', 'CWK']",CWK,2022-10-12
Key Factors to Impact Prologis (PLD) This Earnings Season,"Prologis' (PLD) Q3 results are likely to reflect the benefits of the company's efforts to leverage the industrial real estate market's healthy fundamentals, backed by stellar demand.",2022-10-18 12:20:00+00:00,https://www.zacks.com/stock/news/1993329/key-factors-to-impact-prologis-pld-this-earnings-season,Zacks Investment Research,0.19,0.61,positive,0.19,True,False,False,False,False,False,False,False,0.0,241,"['EQR', 'PLD', 'HIW', 'CWK']",CWK,2022-10-18
What Awaits Boston Properties (BXP) This Earnings Season?,"Amid improving U.S. office market fundamentals, solid demand for lab and office space is likely to have driven Boston Properties' (BXP) Q3 earnings. Higher interest rates might have been a deterrent.",2022-10-21 14:01:00+00:00,https://www.zacks.com/stock/news/1995689/what-awaits-boston-properties-bxp-this-earnings-season,Zacks Investment Research,0.08333333333333333,0.5333333333333333,neutral,0.08333333333333333,True,False,False,False,False,False,False,False,0.0,258,"['PSA', 'BXP', 'CUZ', 'CWK']",CWK,2022-10-21
What's in Store for STAG Industrial (STAG) in Q3 Earnings?,"STAG Industrial's (STAG) Q3 results are likely to reflect the benefits of the company's efforts to leverage the industrial real estate market's healthy fundamentals, backed by strong demand.",2022-10-24 09:31:00+00:00,https://www.zacks.com/stock/news/1996025/whats-in-store-for-stag-industrial-stag-in-q3-earnings,Zacks Investment Research,0.2833333333333333,0.6333333333333333,positive,0.2833333333333333,True,False,False,False,False,False,False,False,0.0,250,"['PSA', 'SBAC', 'EXR', 'STAG', 'CWK']",CWK,2022-10-24
Kimco (KIM) to Report Q3 Earnings: Is a Beat in the Cards?,Pent-up consumer demand and focus on its grocery-anchored centers and mixed-use assets are likely to have aided Kimco's (KIM) Q3 earnings.,2022-10-25 14:07:00+00:00,https://www.zacks.com/stock/news/1996862/kimco-kim-to-report-q3-earnings-is-a-beat-in-the-cards,Zacks Investment Research,0.0,1.0,neutral,0.0,True,False,False,False,False,False,False,False,0.0,198,"['KIM', 'CUZ', 'SBAC', 'CWK']",CWK,2022-10-25
"Stock Market News for Oct 26, 2022","Wall Street closed sharply higher on Tuesday, extending its rally to the third session in a row.",2022-10-26 13:31:00+00:00,https://www.zacks.com/stock/news/1997537/stock-market-news-for-oct-26-2022,Zacks Investment Research,0.049999999999999996,0.19999999999999998,neutral,0.049999999999999996,False,False,False,False,False,False,False,False,0.0,132,"['ITW', 'CWK', 'BBWI']",CWK,2022-10-26
Cushman & Wakefield (CWK) Reports Next Week: Wall Street Expects Earnings Growth,Cushman & Wakefield (CWK) doesn't possess the right combination of the two key ingredients for a likely earnings beat in its upcoming report. Get prepared with the key expectations.,2022-10-27 14:02:55+00:00,https://www.zacks.com/stock/news/1998546/cushman-wakefield-cwk-reports-next-week-wall-street-expects-earnings-growth,Zacks Investment Research,0.05714285714285714,0.7071428571428571,neutral,0.05714285714285714,True,False,False,False,False,False,False,False,0.0,263,"['CWK', 'OPAD']",CWK,2022-10-27
What's in the Offing for Vornado (VNO) This Earnings Season?,"The improving leasing scenario in the U.S. office real estate market is likely to have aided Vornado's (VNO) Q3 earnings. However, rising supply and higher interest rates might have been a spoilsport.",2022-10-27 17:49:00+00:00,https://www.zacks.com/stock/news/1998872/whats-in-the-offing-for-vornado-vno-this-earnings-season,Zacks Investment Research,0.15,0.6,positive,0.15,True,False,False,False,False,False,False,False,0.0,262,"['HST', 'PSA', 'VNO', 'CWK']",CWK,2022-10-27
Newmark Group (NMRK) Q3 Earnings and Revenues Lag Estimates,"Newmark Group (NMRK) delivered earnings and revenue surprises of -27.08% and 13.12%, respectively, for the quarter ended September 2022. Do the numbers hold clues to what lies ahead for the stock?",2022-10-28 13:55:03+00:00,https://www.zacks.com/stock/news/2006817/newmark-group-nmrk-q3-earnings-and-revenues-lag-estimates,Zacks Investment Research,0.0,0.1,neutral,0.0,True,False,False,False,False,False,False,False,0.0,257,"['NMRK', 'CWK']",CWK,2022-10-28
EXp World Holdings (EXPI) Q3 Earnings and Revenues Lag Estimates,"eXp World Holdings (EXPI) delivered earnings and revenue surprises of -50% and 11.45%, respectively, for the quarter ended September 2022. Do the numbers hold clues to what lies ahead for the stock?",2022-11-02 11:15:06+00:00,https://www.zacks.com/stock/news/2012305/exp-world-holdings-expi-q3-earnings-and-revenues-lag-estimates,Zacks Investment Research,0.0,0.1,neutral,0.0,True,False,False,False,False,False,False,False,0.0,264,"['EXPI', 'CWK']",CWK,2022-11-02
4 Analysts Have This to Say About Cushman & Wakefield,"Cushman & Wakefield (NYSE:CWK) has observed the following analyst ratings within the last quarter: 




Bullish
Somewhat Bullish
Indifferent
Somewhat Bearish
Bearish




Total Ratings
4
0
0
0
0


Last 30D
1
0
0
0
0


1M Ago
3
0
0
0
0


2M Ago
0
0
0
0
0


3M Ago
0
0
0
0
0



These 4 analysts have an average price target of $20.75 versus the current price of Cushman & Wakefield at $10.735, implying  upside.
Below is a summary of how these 4 analysts rated Cushman & Wakefield over the past 3 months. The greater the number of bullish ratings, the more ...Full story available on Benzinga.com",2022-11-08 17:42:40+00:00,https://www.benzinga.com/analyst-ratings/22/11/29620111/4-analysts-have-this-to-say-about-cushman-wakefield,Benzinga,0.1,0.3433333333333333,neutral,0.1,False,False,False,False,False,False,False,False,0.0,648,['CWK'],CWK,2022-11-08
Where Cushman & Wakefield Stands With Analysts,"Over the past 3 months, 4 analysts have published their opinion on Cushman & Wakefield (NYSE:CWK) stock. These analysts are typically employed by large Wall Street banks and tasked with understanding a company's business to predict how a stock will trade over the upcoming year.




Bullish
Somewhat Bullish
Indifferent
Somewhat Bearish
Bearish




Total Ratings
4
0
0
0
0


Last 30D
1
0
0
0
0


1M Ago
3
0
0
0
0


2M Ago
0
0
0
0
0


3M Ago
0
0
0
0
0



In the last 3 months, 4 analysts have offered 12-month price targets for Cushman & Wakefield. The company has an average price target of $20.75 with a high of $30.00 and a low of $13.00. 
Below is a summary of how these 4 analysts rated Cushman & Wakefield over ...Full story available on Benzinga.com",2022-11-08 18:18:10+00:00,https://www.benzinga.com/analyst-ratings/22/11/29621198/where-cushman-wakefield-stands-with-analysts,Benzinga,0.020761904761904766,0.3701904761904762,neutral,0.020761904761904766,False,False,False,False,False,False,False,False,0.0,803,['CWK'],CWK,2022-11-08
Expert Ratings for Cushman & Wakefield,"Analysts have provided the following ratings for Cushman & Wakefield (NYSE:CWK) within the last quarter: 




Bullish
Somewhat Bullish
Indifferent
Somewhat Bearish
Bearish




Total Ratings
4
0
0
0
0


Last 30D
1
0
0
0
0


1M Ago
3
0
0
0
0


2M Ago
0
0
0
0
0


3M Ago
0
0
0
0
0



These 4 analysts have an average price target of $20.75 versus the current price of Cushman & Wakefield at $10.595, implying  upside.
Below is a summary of how these 4 analysts rated Cushman & Wakefield over the past 3 months. The greater the number of bullish ratings, the more positive ...Full story available on Benzinga.com",2022-11-08 19:18:44+00:00,https://www.benzinga.com/analyst-ratings/22/11/29622112/expert-ratings-for-cushman-wakefield,Benzinga,0.1115702479338843,0.3617079889807162,positive,0.1115702479338843,False,False,False,False,False,False,False,False,0.0,648,['CWK'],CWK,2022-11-08
Key Factors to Impact Prologis (PLD) This Earnings Season,Prologis' (PLD) Q4 results are likely to reflect the benefits of its premium facilities at strategic locations and expansion efforts amid the industrial real estate market's healthy fundamentals.,2023-01-16 14:55:00+00:00,https://www.zacks.com/stock/news/2039669/key-factors-to-impact-prologis-pld-this-earnings-season,Zacks Investment Research,0.175,0.7,positive,0.175,True,False,False,False,False,False,False,False,0.0,254,"['HST', 'PLD', 'SLG', 'STAG', 'CWK']",CWK,2023-01-16
Boston Properties (BXP) to Post Q4 Earnings: What's in Store?,"Despite declining office-space demand, Boston Properties' (BXP) Q4 earnings are likely to have benefited from the healthy demand for its flight-to-quality office properties and life-science assets.",2023-01-27 13:24:00+00:00,https://www.zacks.com/stock/news/2045354/boston-properties-bxp-to-post-q4-earnings-whats-in-store,Zacks Investment Research,0.25,0.75,positive,0.25,True,False,False,False,False,False,False,False,0.0,260,"['EQIX', 'HIW', 'BXP', 'CWK']",CWK,2023-01-27
Expert Ratings for Cushman & Wakefield,"Over the past 3 months, 4 analysts have published their opinion on Cushman & Wakefield (NYSE:CWK) stock. These analysts are typically employed by large Wall Street banks and tasked with understanding a company's business to predict how a stock will trade over the upcoming year.




Bullish
Somewhat Bullish
Indifferent
Somewhat Bearish
Bearish




Total Ratings
4
0
0
0
0


Last 30D
1
0
0
0
0


1M Ago
1
0
0
0
0


2M Ago
0
0
0
0
0


3M Ago
2
0
0
0
0



These 4 analysts have an average price target of $19.25 versus the current price of Cushman & Wakefield at $14.35, implying  upside.
Below is a summary of how these 4 analysts rated Cushman & Wakefield ...Full story available on Benzinga.com",2023-01-27 17:00:35+00:00,https://www.benzinga.com/analyst-ratings/23/01/30605985/expert-ratings-for-cushman-wakefield,Benzinga,0.005952380952380959,0.3994047619047619,neutral,0.005952380952380959,False,False,False,False,False,False,False,False,0.0,735,['CWK'],CWK,2023-01-27
"Benzinga's Top Ratings Upgrades, Downgrades For February 1, 2023","Upgrades
According to Alembic Global, the prior rating for Woodward Inc (NASDAQ:WWD) was changed from Neutral to Overweight. Woodward earned $0.49 in the first quarter, compared to $0.56 in the year-ago quarter. The stock has a 52-week-high of $129.12 and a 52-week-low of $79.26. At the end of the last trading period, Woodward closed at $102.26.   
For TransUnion (NYSE:TRU), B of A Securities upgraded the previous rating of Neutral to Buy. For the third quarter, TransUnion had an EPS of $0.93, compared to year-ago quarter EPS of $1.01. The current stock performance of TransUnion shows a 52-week-high of $105.23 and a 52-week-low of $50.32. Moreover, at the end of the last trading period, the closing price was at $71.75.   
Hovde Group upgraded the previous rating for Wintrust Financial Corp (NASDAQ:WTFC) from Market Perform to Outperform. Wintrust Finl earned $2.23 in the fourth quarter, compared to $1.58 in the year-ago quarter. The current stock performance of Wintrust Finl shows a 52-week-high of $105.56 and a 52-week-low of $76.13. Moreover, at the end of the last trading period, the closing price was at $91.47.   
Alliance Global Partners upgraded the previous rating for KNOT Offshore Partners LP (NYSE:KNOP) from Sell to Neutral. KNOT Offshore Partners earned $0.47 in the third quarter, compared to $0.41 in the year-ago quarter. The stock has a 52-week-high of $18.85 and a 52-week-low of $5.37. At the end of the last trading period, KNOT Offshore Partners closed at $5.62.   
According to Credit Suisse, the prior rating for Foot Locker Inc (NYSE:FL) was changed from Neutral to Outperform. Foot Locker earned $1.27 in the third quarter, compared to $1.93 in the year-ago quarter. The current stock performance of Foot Locker shows a 52-week-high of $45.59 and a 52-week-low of $23.85. Moreover, at the end of the last trading period, the closing price was at $43.51.   
According to Stephens & Co., the prior rating for First Interstate BancSystem Inc (NASDAQ:FIBK) was changed from Equal-Weight to Overweight. For the fourth quarter, First Interstate BancSys had an EPS of $0.82, compared to year-ago quarter EPS of $0.83. At the moment, the stock has a 52-week-high of $46.34 and a 52-week-low of $32.40. First Interstate BancSys closed at $35.88 at the end of the last trading period.   
JP Morgan upgraded the previous rating for Hubbell Inc (NYSE:HUBB) from Underweight to Neutral. In the fourth quarter, Hubbell showed an EPS of $2.60, compared to $2.07 from the year-ago quarter. The current stock performance of Hubbell shows a 52-week-high of $263.30 and a 52-week-low of $170.21. Moreover, at the end of the last trading period, the closing price was at $228.91.   
For Primis Financial Corp (NASDAQ:FRST), Piper Sandler upgraded the previous rating of Neutral to Overweight. In the fourth quarter, Primis Finl showed an EPS of $0.12, compared to $0.31 from the year-ago quarter. The stock has a 52-week-high of $15.26 and a 52-week-low of $11.61. At the end of the last trading period, Primis Finl closed at $11.84.   
For NeoGenomics Inc (NASDAQ:NEO), Needham upgraded the previous rating of Hold to Buy. NeoGenomics earned $0.14 in the third quarter, compared to $0.08 in the year-ago quarter. The stock has a 52-week-high of $23.78 and a 52-week-low of $6.00. At the end of the last trading period, NeoGenomics closed at $11.88.   
According to BMO Capital, the prior rating for Magna International Inc (NYSE:MGA) was changed from Market Perform to Outperform. Magna International earned $1.07 in the third quarter, compared to $0.56 in the year-ago quarter. At the moment, the stock has a 52-week-high of $83.68 and a 52-week-low of $45.58. Magna International closed at $64.94 at the end of the last trading period.   
See all analyst ratings upgrades.
Downgrades
Lake Street downgraded the previous rating for Atlas Technical Consultants Inc (NASDAQ:ATCX) from Buy to Hold. For the third quarter, Atlas Technical had an EPS of $0.23, compared to year-ago quarter EPS of $0.14. The current stock performance of Atlas Technical shows a 52-week-high of $13.57 and a 52-week-low of $4.71. Moreover, at the end of the last trading period, the closing price was at $12.13.   
Craig-Hallum downgraded the previous rating for Advanced Micro Devices Inc (NASDAQ:AMD) from Buy to Hold. For the fourth quarter, Advanced Micro Devices had an EPS of $0.69, compared to year-ago quarter EPS of $0.92. At the moment, the stock has a 52-week-high of $132.96 and a 52-week-low of $54.57. Advanced Micro Devices closed at $75.15 at the end of the last trading period.   
For Digital Turbine Inc (NASDAQ:APPS), B. Riley Securities downgraded the previous rating of Buy to Neutral. For the second quarter, Digital Turbine had an EPS of $0.34, compared to year-ago quarter EPS of $0.44. The stock has a 52-week-high of $55.68 and a 52-week-low of $10.65. At the end of the last trading period, Digital Turbine closed at $17.36.   
According to BTIG, the prior rating for Getty Realty Corp (NYSE:GTY) was changed from Buy to Neutral. Getty Realty earned $0.54 in the third quarter, compared to $0.50 in the year-ago ...Full story available on Benzinga.com",2023-02-01 15:00:45+00:00,https://www.benzinga.com/analyst-ratings/upgrades/23/02/30668875/benzingas-top-ratings-upgrades-downgrades-for-february-1-2023,Benzinga,0.010666666666666672,0.12666666666666662,neutral,0.010666666666666672,False,True,True,False,False,False,False,False,0.0,5245,"['MGA', 'NTLA', 'TRU', 'SNAP', 'CGNX', 'HUBB', 'AQUA', 'MDRX', 'NFE', 'FNKO', 'NATI', 'FIBK', 'RCKT', 'WSFS', 'WD', 'CWK', 'WTFC', 'WWD', 'ETRN', 'AEP', 'BEAM', 'ATCX', 'AMD', 'VNRX', 'TSHA', 'EIX', 'FRST', 'VERV', 'FL', 'NEO', 'GIS', 'NEO', 'GTY', 'KNOP', 'HAS', 'APPS', 'JLL', 'SHOP', 'MCO', 'EDIT']",CWK,2023-02-01
Tesla Stock Gets an Upgrade: The Week's 5 Biggest Analyst Calls,,2023-02-05 12:19:00+00:00,https://www.investing.com/analysis/tesla-stock-gets-an-upgrade-the-weeks-5-biggest-analyst-calls-200635020,Investing.com,0.0,0.0,neutral,0.0,False,False,False,False,False,False,False,False,0.0,65,"['TSLA', 'CWK', 'HAS', 'FDX', 'IP']",CWK,2023-02-05
Is a Beat in Store for Vornado (VNO) This Earnings Season?,"Despite declining office-space demand, Vornado's (VNO) Q4 earnings are likely to have benefited from the healthy demand for its high-quality office properties.",2023-02-09 15:59:00+00:00,https://www.zacks.com/stock/news/2052431/is-a-beat-in-store-for-vornado-vno-this-earnings-season,Zacks Investment Research,0.25,0.75,positive,0.25,True,False,False,False,False,False,False,False,0.0,219,"['PSA', 'VNO', 'SBAC', 'CWK']",CWK,2023-02-09
What's in Store for STAG Industrial (STAG) in Q4 Earnings?,"STAG Industrial's (STAG) Q4 results are likely to reflect the benefits of the company's efforts to leverage the industrial real estate market's healthy fundamentals, backed by healthy demand.",2023-02-14 13:52:00+00:00,https://www.zacks.com/stock/news/2053934/whats-in-store-for-stag-industrial-stag-in-q4-earnings,Zacks Investment Research,0.3,0.575,positive,0.3,True,False,False,False,False,False,False,False,0.0,251,"['DLR', 'STAG', 'GOOD', 'VICI', 'CWK']",CWK,2023-02-14
Analysts Estimate Cushman & Wakefield (CWK) to Report a Decline in Earnings: What to Look Out for,Cushman & Wakefield (CWK) doesn't possess the right combination of the two key ingredients for a likely earnings beat in its upcoming report. Get prepared with the key expectations.,2023-02-16 15:01:25+00:00,https://www.zacks.com/stock/news/2055327/analysts-estimate-cushman-wakefield-cwk-to-report-a-decline-in-earnings-what-to-look-out-for,Zacks Investment Research,0.07142857142857142,0.8839285714285714,neutral,0.07142857142857142,True,False,False,False,False,False,False,False,0.0,280,['CWK'],CWK,2023-02-16
What's in the Offing for CBRE Group (CBRE) in Q4 Earnings?,"The adverse impact on commercial real estate transactions amid macroeconomic uncertainties, rising rates and a challenging capital market is likely to have affected CBRE Group's (CBRE) Q4 performance.",2023-02-17 16:24:00+00:00,https://www.zacks.com/stock/news/2055980/whats-in-the-offing-for-cbre-group-cbre-in-q4-earnings,Zacks Investment Research,0.175,0.575,positive,0.175,True,False,False,False,False,False,False,False,0.0,260,"['JLL', 'CBRE', 'CWK']",CWK,2023-02-17
Cushman & Wakefield (CWK) Q4 Earnings Meet Estimates,"Cushman & Wakefield (CWK) delivered earnings and revenue surprises of 0% and 8.51%, respectively, for the quarter ended December 2022. Do the numbers hold clues to what lies ahead for the stock?",2023-02-23 23:40:08+00:00,https://www.zacks.com/stock/news/2058464/cushman-wakefield-cwk-q4-earnings-meet-estimates,Zacks Investment Research,0.0,0.1,neutral,0.0,True,False,False,False,False,False,False,False,0.0,248,"['CWK', 'EXPI']",CWK,2023-02-23
Valero Energy To Rally 32%? Here Are 10 Other Analyst Forecasts For Monday,"Credit Suisse boosted the price target for  The Boeing Company  (NYSE: BA) from $200 to $220. Credit Suisse analyst Scott Deuschle maintained a Neutral rating on the stock. Boeing shares fell 0.4% to $210.60 in pre-market trading.
Raymond James boosted the price target for  Valero Energy Corporation  (NYSE: VLO) from $174 to $176. Raymond James analyst Justin Jenkins maintained a Strong Buy rating. Valero Energy shares rose 0.4% to $133.17 in pre-market trading.
DA Davidson raised the price target for  Weyerhaeuser Company  (NYSE: WY) from $34 to $35. DA Davidson analyst Kurt Yinger upgraded the stock from Neutral to Buy. Weyerhaeuser shares rose 1.5% to $30.30 in pre-market trading.
Deutsche Bank boosted  Catalent, Inc.  (NYSE: CTLT) price target from ...Full story available on Benzinga.com",2023-04-10 12:32:13+00:00,https://www.benzinga.com/news/23/04/31724728/valero-energy-to-rally-32-here-are-10-other-analyst-forecasts-for-monday,Benzinga,0.38166666666666665,0.6816666666666668,positive,0.38166666666666665,False,True,False,False,False,False,False,False,0.0,878,"['INCY', 'BA', 'OXY', 'VLO', 'WY', 'KMPR', 'CTLT', 'SQ', 'HRI', 'CWK', 'CLNN']",CWK,2023-04-10
"Benzinga's Top Ratings Upgrades, Downgrades For April 10, 2023","Upgrades
For Regions Financial Corp (NYSE:RF), UBS upgraded the previous rating of Neutral to Buy. Regions Finl earned $0.67 in the fourth quarter, compared to $0.44 in the year-ago quarter. The current stock performance of Regions Finl shows a 52-week-high of $24.33 and a 52-week-low of $13.94. Moreover, at the end of the last trading period, the closing price was at $18.36.   
OTR Global upgraded the previous rating for Starbucks Corp (NASDAQ:SBUX) from Mixed to Positive. Starbucks earned $0.75 in the first quarter, compared to $0.72 in the year-ago quarter. At the moment, the stock has a 52-week-high of $110.83 and a 52-week-low of $68.39. Starbucks closed at $104.68 at the end of the last trading period.   
For The Western Union Co (NYSE:WU), UBS upgraded the previous rating of Sell to Neutral. Western Union earned $0.32 in the fourth quarter, compared to $0.64 in the year-ago quarter. The current stock performance of Western Union shows a 52-week-high of $19.96 and a 52-week-low of $10.07. Moreover, at the end of the last trading period, the closing price was at $11.03.   
Scotiabank upgraded the previous rating for Nutrien Ltd (NYSE:NTR) from Sector Perform to Sector Outperform. In the fourth quarter, Nutrien showed an EPS of $2.02, compared to $2.47 from the year-ago quarter. The stock has a 52-week-high of $117.22 and a 52-week-low of $67.52. At the end of the last trading period, Nutrien closed at $68.01.   
According to Scotiabank, the prior rating for CF Industries Holdings Inc (NYSE:CF) was changed from Sector Perform to Sector Outperform. CF Industries Holdings earned $4.35 in the fourth quarter, compared to $3.27 in the year-ago quarter. The stock has a 52-week-high of $119.54 and a 52-week-low of $67.95. At the end of the last trading period, CF Industries Holdings closed at $71.46.   
For McDonald's Corp (NYSE:MCD), Northcoast Research upgraded the previous rating of Neutral to Buy. McDonald's earned $2.59 in the fourth quarter, compared to $2.23 in the year-ago quarter. The current stock performance of McDonald's shows a 52-week-high of $284.98 and a 52-week-low of $228.39. Moreover, at the end of the last trading period, the closing price was at $282.89.   
Evercore ISI Group upgraded the previous rating for AvalonBay Communities Inc (NYSE:AVB) from In-Line to Outperform. For the fourth quarter, AvalonBay Communities had an EPS of $2.59, compared to year-ago quarter EPS of $2.27. The current stock performance of AvalonBay Communities shows a 52-week-high of $258.66 and a 52-week-low of $153.07. Moreover, at the end of the last trading period, the closing price was at $168.19.   
According to Evercore ISI Group, the prior rating for American Homes 4 Rent (NYSE:AMH) was changed from In-Line to Outperform. American Homes 4 Rent earned $0.40 in the fourth quarter, compared to $0.37 in the year-ago quarter. The current stock performance of American Homes 4 Rent shows a 52-week-high of $43.88 and a 52-week-low of $28.79. Moreover, at the end of the last trading period, the closing price was at $31.70.   
For Weyerhaeuser Co (NYSE:WY), DA Davidson upgraded the previous rating of Neutral to Buy. In the fourth quarter, Weyerhaeuser showed an EPS of $0.24, compared to $0.49 from the year-ago quarter. At the moment, the stock has a 52-week-high of $42.83 and a 52-week-low of $27.37. Weyerhaeuser closed at $29.85 at the end of the last trading period.   
Benchmark upgraded the previous rating for Emergent BioSolutions Inc (NYSE:EBS) from Hold to Buy. In the fourth quarter, Emergent BioSolutions showed an EPS of $0.31, compared to $4.50 from the year-ago quarter. At the moment, the stock has a 52-week-high of $43.78 and a 52-week-low of $7.74. Emergent BioSolutions closed at $10.56 at the end of the last trading period.   
Susquehanna upgraded the previous rating for TFI International Inc (NYSE:TFII) from Neutral to Positive. TFI International earned $1.72 in the fourth quarter, compared to $1.57 in the year-ago quarter. The stock has a 52-week-high of $128.93 and a 52-week-low of $71.95. At the end of the last trading period, TFI International closed at $111.42.   
For SiteOne Landscape Supply Inc (NYSE:SITE), Loop Capital upgraded the previous rating of Hold to Buy. SiteOne Landscape Supply earned $0.02 in the fourth quarter, compared to $0.60 in the year-ago quarter. The current stock performance of SiteOne Landscape Supply shows a 52-week-high ...Full story available on Benzinga.com",2023-04-10 15:00:36+00:00,https://www.benzinga.com/analyst-ratings/upgrades/23/04/31728264/benzingas-top-ratings-upgrades-downgrades-for-april-10-2023,Benzinga,-0.010509860509860504,0.1265752765752766,neutral,0.010509860509860504,False,True,True,False,False,False,False,False,0.0,4538,"['XMTR', 'USB', 'XPOF', 'WBD', 'BBWI', 'HBAN', 'WU', 'RLYB', 'INCY', 'WY', 'CWAN', 'NTAP', 'NFE', 'LUXH', 'NTRS', 'KMPR', 'GEHC', 'SBUX', 'CERE', 'AVB', 'AMH', 'CTLT', 'BCE', 'SQ', 'CF', 'SITE', 'EBS', 'TFII', 'EE', 'RBBN', 'ESS', 'NTR', 'MCD', 'CWK', 'MTB', 'FVRR', 'RF']",CWK,2023-04-10
4 Analysts Have This to Say About Cushman & Wakefield,"Over the past 3 months, 4 analysts have published their opinion on Cushman & Wakefield (NYSE:CWK) stock. These analysts are typically employed by large Wall Street banks and tasked with understanding a company's business to predict how a stock will trade over the upcoming year.




Bullish
Somewhat Bullish
Indifferent
Somewhat Bearish
Bearish




Total Ratings
2
0
2
0
0


Last 30D
0
0
1
0
0


1M Ago
0
0
1
0
0


2M Ago
0
0
0
0
0


3M Ago
2
0
0
0
0



These 4 analysts have an average price target of $15.25 versus the current price of Cushman & Wakefield at $9.785, implying  upside.
Below is a summary of how these 4 analysts rated Cushman & Wakefield ...Full story available on Benzinga.com",2023-04-11 18:01:31+00:00,https://www.benzinga.com/analyst-ratings/23/04/31752655/4-analysts-have-this-to-say-about-cushman-wakefield,Benzinga,0.005952380952380959,0.3994047619047619,neutral,0.005952380952380959,False,False,False,False,False,False,False,False,0.0,750,['CWK'],CWK,2023-04-11
Key Factors to Impact Prologis (PLD) This Earnings Season,"Prologis' (PLD) Q1 results are likely to reflect the benefits of its premium facilities at strategic locations and expansion efforts, though moderation in demand might partly limit the growth tempo.",2023-04-17 14:35:00+00:00,https://www.zacks.com/stock/news/2079742/key-factors-to-impact-prologis-pld-this-earnings-season,Zacks Investment Research,0.0,1.0,neutral,0.0,True,False,False,False,False,False,False,False,0.0,257,"['HST', 'PLD', 'BXP', 'SLG', 'CWK']",CWK,2023-04-17
"Benzinga's Top Ratings Upgrades, Downgrades For April 17, 2023","Upgrades
OTR Global upgraded the previous rating for Crocs Inc (NASDAQ:CROX) from Mixed to Positive. For the fourth quarter, Crocs had an EPS of $2.65, compared to year-ago quarter EPS of $2.15. At the moment, the stock has a 52-week-high of $143.50 and a 52-week-low of $46.14. Crocs closed at $134.30 at the end of the last trading period.   
For HP Inc (NYSE:HPQ), JP Morgan upgraded the previous rating of Neutral to Overweight. For the first quarter, HP had an EPS of $0.75, compared to year-ago quarter EPS of $1.10. The stock has a 52-week-high of $40.74 and a 52-week-low of $24.08. At the end of the last trading period, HP closed at $29.82.   
According to Susquehanna, the prior rating for Taiwan Semiconductor Manufacturing Co Ltd (NYSE:TSM) was changed from Neutral to Positive. For the fourth quarter, Taiwan Semiconductor had an EPS of $1.82, compared to year-ago quarter EPS of $1.15. The current stock performance of Taiwan Semiconductor shows a 52-week-high of $106.43 and a 52-week-low of $59.44. Moreover, at the end of the last trading period, the closing price was at $87.20.   
For Ollie's Bargain Outlet Holdings Inc (NASDAQ:OLLI), JP Morgan upgraded the previous rating of Underweight to Neutral. Ollie's Bargain Outlet earned $0.84 in the fourth quarter, compared to $0.69 in the year-ago quarter. The stock has a 52-week-high of $72.25 and a 52-week-low of $40.40. At the end of the last trading period, Ollie's Bargain Outlet closed at $57.54.   
According to Raymond James, the prior rating for DexCom Inc (NASDAQ:DXCM) was changed from Outperform to Strong Buy. DexCom earned $0.34 in the fourth quarter, compared to $0.17 in the year-ago quarter. At the moment, the stock has a 52-week-high of $125.58 and a 52-week-low of $66.94. DexCom closed at $115.70 at the end of the last trading period.   
JP Morgan upgraded the previous rating for SLM Corp (NASDAQ:SLM) from Neutral to Overweight. In the fourth quarter, SLM showed an EPS of $0.33, compared to $1.05 from the year-ago quarter. The current stock performance of SLM shows a 52-week-high of $20.16 and a 52-week-low of $10.81. Moreover, at the end of the last trading period, the closing price was at $14.32.   
According to JP Morgan, the prior rating for Lumentum Holdings Inc (NASDAQ:LITE) was changed from Neutral to Overweight. In the second quarter, Lumentum Holdings showed an EPS of $1.52, compared to $1.60 from the year-ago quarter. At the moment, the stock has a 52-week-high of $96.45 and a 52-week-low of $44.94. Lumentum Holdings closed at $45.24 at the end of the last trading period.   
Piper Sandler upgraded the previous rating for Biogen Inc (NASDAQ:BIIB) from Neutral to Overweight. Biogen earned $4.05 in the fourth quarter, compared to $3.39 in the year-ago quarter. The current stock performance of Biogen shows a 52-week-high of $311.79 and a 52-week-low of $187.22. Moreover, at the end of the last trading period, the closing price was at $288.13.   
Piper Sandler upgraded the previous rating for Enphase Energy Inc (NASDAQ:ENPH) from Neutral to Overweight. In the fourth quarter, Enphase Energy showed an EPS of $1.51, compared to $0.73 from the year-ago quarter. The stock has a 52-week-high of $339.88 and a 52-week-low of $128.68. At the end of the last trading period, Enphase Energy closed at $208.90.   
See all analyst ratings upgrades.
Downgrades
For Prometheus Biosciences Inc (NASDAQ:RXDX), Guggenheim downgraded the previous rating of Buy to Neutral. Prometheus Biosciences earned $0.90 in the fourth quarter, compared to $0.77 in the year-ago quarter. The current stock performance of Prometheus Biosciences shows a 52-week-high of $129.60 and a 52-week-low of $21.57. Moreover, at the end of the last trading period, the closing price was at $114.01.   
Oppenheimer downgraded the previous rating for EverQuote Inc (NASDAQ:EVER) from Outperform to Perform. For the fourth quarter, EverQuote had an EPS of $0.26, compared to year-ago quarter EPS of $0.29. The stock has a 52-week-high of $18.86 and a 52-week-low of $5.25. At the end of the last trading period, EverQuote closed at $8.66.   
For Valero Energy Corp (NYSE:VLO), Tudor Pickering downgraded the previous rating of Buy to Hold. For the fourth quarter, Valero Energy had an EPS of $8.45, compared to year-ago quarter EPS of $2.47. The current stock performance of Valero Energy shows a 52-week-high of $160.16 and a 52-week-low of $96.76. Moreover, at the end of the last trading period, the closing price was at $131.86.   
UBS downgraded the previous rating for Cushman & Wakefield PLC (NYSE:CWK) from Buy to Neutral. In the fourth quarter, Cushman & Wakefield showed an EPS of $0.46, compared to $0.94 from the year-ago quarter. At the moment, the stock has a 52-week-high of $19.50 and a 52-week-low of $9.26. Cushman & Wakefield closed at $9.51 at the end of the last trading period.   
For Adecoagro SA (NYSE:AGRO), HSBC downgraded the previous rating of Buy to Hold. Adecoagro earned $0.17 in the fourth quarter, compared to $0.52 in the year-ago quarter. The current stock performance of Adecoagro shows a 52-week-high of $13.54 and a 52-week-low of $6.96. Moreover, at the end of the last trading period, the closing price was at $8.98.   
B of A Securities downgraded the previous rating for Westlake Corp (NYSE:WLK) from Buy to Neutral. Westlake earned $1.79 in the fourth quarter, compared to $4.98 in the year-ago quarter. The current stock performance of Westlake shows a 52-week-high of $140.99 and a 52-week-low of $81.39. Moreover, at the end of the last trading period, the closing price ...Full story available on Benzinga.com",2023-04-17 15:00:43+00:00,https://www.benzinga.com/analyst-ratings/upgrades/23/04/31833711/benzingas-top-ratings-upgrades-downgrades-for-april-17-2023,Benzinga,-0.011374943464495696,0.1478742650384441,neutral,0.011374943464495696,False,True,True,False,False,False,False,False,0.0,5698,"['ECL', 'RXDX', 'CPTN', 'ESS', 'CTLT', 'HPQ', 'VRAY', 'ADSK', 'PHX', 'OLLI', 'ANGO', 'SLM', 'LITE', 'BIIB', 'TER', 'OKTA', 'CHKP', 'TNL', 'OPT', 'CROX', 'TSM', 'HGV', 'DELL', 'DXCM', 'VLO', 'CWK', 'HELE', 'WLK', 'META', 'PENN', 'AGRO', 'OVV', 'STAA', 'ENPH', 'VRDN', 'TXRH', 'EVER', 'KLTR', 'WOLF', 'CRSR', 'TALS', 'AES', 'SYM', 'RLYB', 'COP', 'COMM', 'FLNC']",CWK,2023-04-17
Is a Beat in Store for Boston Properties (BXP) in Q1 Earnings?,"Despite declining office-space demand, Boston Properties' (BXP) Q1 earnings are likely to have benefited from the healthy demand for its flight-to-quality office properties and life-science assets.",2023-04-19 12:34:00+00:00,https://www.zacks.com/stock/news/2081049/is-a-beat-in-store-for-boston-properties-bxp-in-q1-earnings,Zacks Investment Research,0.25,0.75,positive,0.25,True,False,False,False,False,False,False,False,0.0,261,"['EQIX', 'BXP', 'VICI', 'CWK']",CWK,2023-04-19
Slowing Demand & Economic Woes: Are Industrial REITs at Risk?,"While decelerating consumer demand and economic uncertainty pose challenges, industrial REITs like PLD, REXR, COLD and EGP exhibit resilience through strong occupancy and healthy rates.",2023-04-19 14:46:00+00:00,https://www.zacks.com/stock/news/2081395/slowing-demand-economic-woes-are-industrial-reits-at-risk,Zacks Investment Research,0.14666666666666667,0.5266666666666666,positive,0.14666666666666667,False,False,False,False,False,False,False,False,0.0,248,"['PLD', 'EGP', 'REXR', 'COLD', 'CWK']",CWK,2023-04-19
"The Zacks Analyst Blog Highlights Prologis, Rexford Industrial Realty, Americold Realty Trust, EastGroup Properties and Cushman & Wakefield","Prologis, Rexford Industrial Realty, Americold Realty Trust, EastGroup Properties and Cushman & Wakefield are part of the Zacks top Analyst Blog.",2023-04-20 13:34:00+00:00,https://www.zacks.com/stock/news/2082236/the-zacks-analyst-blog-highlights-prologis-rexford-industrial-realty-americold-realty-trust-eastgroup-properties-and-cushman-wakefield,Zacks Investment Research,0.5,0.5,positive,0.5,False,False,False,False,False,False,False,False,0.0,286,"['PLD', 'EGP', 'REXR', 'COLD', 'CWK']",CWK,2023-04-20
Kimco (KIM) to Report Q1 Earnings: What's in the Offing?,"Resilient demand for Kimco's (KIM) grocery-anchored centers, diverse tenant base & focus on mixed-use assets are likely to have aided its Q1 earnings.",2023-04-21 13:11:00+00:00,https://www.zacks.com/stock/news/2082806/kimco-kim-to-report-q1-earnings-whats-in-the-offing,Zacks Investment Research,-0.4,1.0,negative,0.4,True,False,False,False,False,False,False,False,0.0,208,"['SPG', 'KIM', 'FRT', 'CWK']",CWK,2023-04-21
Vornado (VNO) to Post Q1 Earnings: Is a Beat in the Cards?,"Despite declining office-space demand, Vornado's (VNO) Q1 earnings are likely to have benefited from the healthy demand for its flight-to-quality office properties.",2023-04-25 13:06:00+00:00,https://www.zacks.com/stock/news/2084273/vornado-vno-to-post-q1-earnings-is-a-beat-in-the-cards,Zacks Investment Research,0.25,0.75,positive,0.25,True,False,False,False,False,False,False,False,0.0,224,"['AMT', 'VNO', 'WELL', 'CWK']",CWK,2023-04-25
What to Expect From STAG Industrial (STAG) in Q1 Earnings?,"Despite the slowing consumer demand, STAG Industrial's (STAG) strong leasing activity is likely to have helped maintain high occupancy rates and provide a steady stream of rental income in Q1.",2023-04-25 17:15:00+00:00,https://www.zacks.com/stock/news/2084475/what-to-expect-from-stag-industrial-stag-in-q1-earnings,Zacks Investment Research,0.18999999999999997,0.6933333333333334,positive,0.18999999999999997,True,False,False,False,False,False,False,False,0.0,252,"['STAG', 'COLD', 'VICI', 'CWK']",CWK,2023-04-25
What's in the Offing for CBRE Group (CBRE) in Q1 Earnings?,"How has CBRE Group (CBRE) managed to perform in Q1 2023 amid rising interest rates, inflationary pressures and macroeconomic uncertainty? Discover the factors at play and the company's strategies for growth amid adversity.",2023-04-25 17:21:00+00:00,https://www.zacks.com/stock/news/2084478/whats-in-the-offing-for-cbre-group-cbre-in-q1-earnings,Zacks Investment Research,0.0,0.0,neutral,0.0,True,False,False,False,False,False,False,False,0.0,282,"['JLL', 'CBRE', 'CWK']",CWK,2023-04-25
Earnings Preview: Cushman & Wakefield (CWK) Q1 Earnings Expected to Decline,Cushman & Wakefield (CWK) doesn't possess the right combination of the two key ingredients for a likely earnings beat in its upcoming report. Get prepared with the key expectations.,2023-04-27 14:02:41+00:00,https://www.zacks.com/stock/news/2086083/earnings-preview-cushman-wakefield-cwk-q1-earnings-expected-to-decline,Zacks Investment Research,0.03714285714285714,0.7871428571428571,neutral,0.03714285714285714,True,False,False,False,False,False,False,False,0.0,258,"['CWK', 'CIGI']",CWK,2023-04-27
CBRE Group (CBRE) Q1 Earnings and Revenues Top Estimates,CBRE Group's (CBRE) Q1 results reflect the benefits of diversification and the expansion of its resilient business in recent years despite the challenging macro environment.,2023-04-27 15:34:00+00:00,https://www.zacks.com/stock/news/2086222/cbre-group-cbre-q1-earnings-and-revenues-top-estimates,Zacks Investment Research,0.3333333333333333,0.5833333333333334,positive,0.3333333333333333,True,False,False,False,False,False,False,False,0.0,231,"['JLL', 'CBRE', 'CWK']",CWK,2023-04-27
Colliers International (CIGI) Q1 Earnings Lag Estimates,"Colliers International (CIGI) delivered earnings and revenue surprises of -39.01% and 0.11%, respectively, for the quarter ended March 2023. Do the numbers hold clues to what lies ahead for the stock?",2023-05-02 12:35:07+00:00,https://www.zacks.com/stock/news/2087926/colliers-international-cigi-q1-earnings-lag-estimates,Zacks Investment Research,0.0,0.03333333333333333,neutral,0.0,True,False,False,False,False,False,False,False,0.0,257,"['CIGI', 'CWK']",CWK,2023-05-02
RMR Group (RMR) Meets Q2 Earnings Estimates,"RMR Group (RMR) delivered earnings and revenue surprises of 0% and 13.24%, respectively, for the quarter ended March 2023. Do the numbers hold clues to what lies ahead for the stock?",2023-05-04 00:25:06+00:00,https://www.zacks.com/stock/news/2089636/rmr-group-rmr-meets-q2-earnings-estimates,Zacks Investment Research,0.0,0.1,neutral,0.0,True,False,False,False,False,False,False,False,0.0,227,"['RMR', 'CWK']",CWK,2023-05-04
2 REITS Likely to Turn Out Winners This Earnings Season,With the REIT industry offering a real estate structure for several economic activities - real or virtual - there are pockets of strength. This is likely to be reflected in the earnings releases of AHH and GRP.U.,2023-05-04 15:22:00+00:00,https://www.zacks.com/stock/news/2090175/2-reits-likely-to-turn-out-winners-this-earnings-season,Zacks Investment Research,0.10000000000000002,0.4666666666666666,positive,0.10000000000000002,True,False,False,False,True,False,False,False,0.0,269,"['AHH', 'GRP.U', 'CBRE', 'CWK']",CWK,2023-05-04
"Cushman & Wakefield (CWK) Reports Q1 Loss, Tops Revenue Estimates","Cushman & Wakefield (CWK) delivered earnings and revenue surprises of -121.05% and 5.41%, respectively, for the quarter ended March 2023. Do the numbers hold clues to what lies ahead for the stock?",2023-05-04 23:25:15+00:00,https://www.zacks.com/stock/news/2090559/cushman-wakefield-cwk-reports-q1-loss-tops-revenue-estimates,Zacks Investment Research,0.0,0.1,neutral,0.0,True,False,False,False,False,False,False,False,0.0,264,"['CWK', 'DOUG']",CWK,2023-05-04
Why Cushman & Wakefield Stock Got Rocked Today,The property specialist delivered a mixed first quarter for its investors.,2023-05-05 22:46:00+00:00,https://www.fool.com/investing/2023/05/05/why-cushman-wakefield-stock-got-rocked-today/,The Motley Fool,0.125,0.29166666666666663,positive,0.125,False,False,False,False,False,False,False,False,0.0,122,['CWK'],CWK,2023-05-05
The Latest Analyst Ratings for Cushman & Wakefield,"Analysts have provided the following ratings for Cushman & Wakefield (NYSE:CWK) within the last quarter: 




Bullish
Somewhat Bullish
Indifferent
Somewhat Bearish
Bearish




Total Ratings
1
0
4
0
0


Last 30D
0
0
1
0
0


1M Ago
1
0
3
0
0


2M Ago
0
0
0
0
0


3M Ago
0
0
0
0
0



In the last 3 months, 5 analysts have offered 12-month price targets for Cushman & Wakefield. The company has an average price target of $12.3 with a high of $21.00 and a low of $8.50. 
Below is a summary of how these 5 analysts rated Cushman & Wakefield over the past 3 months. The greater the number of bullish ratings, the more positive analysts are ...Full story available on Benzinga.com",2023-05-09 17:01:35+00:00,https://www.benzinga.com/analyst-ratings/23/05/32296954/the-latest-analyst-ratings-for-cushman-wakefield,Benzinga,0.1348051948051948,0.3846753246753246,positive,0.1348051948051948,False,False,False,False,False,False,False,False,0.0,725,['CWK'],CWK,2023-05-09
Top 5 Real Estate Stocks That Are Preparing To Pump In May,"The most oversold stocks in the real estate sector presents an opportunity to buy into undervalued companies.
The RSI is a momentum indicator, which compares a stock's strength on days when prices go up to its strength on days when prices go down. When compared to a stock's price action, it can give traders a better sense of how a stock may perform in the short term. An asset is typically considered oversold when the  RSI is below 30.
Here’s the latest list of major oversold players in this sector, having an RSI near or below 30.
Cushman & Wakefield plc  (NYSE: CWK)

Cushman & Wakefield reported a year-over-year decrease in first-quarter EPS and worse-than-expected revenue results. ""Despite a ...",2023-05-17 12:25:29+00:00,https://www.benzinga.com/trading-ideas/long-ideas/23/05/32443042/top-5-real-estate-stocks-that-are-preparing-to-pump-in-may,Benzinga,0.19502314814814814,0.4240740740740741,positive,0.19502314814814814,True,True,True,False,False,False,False,False,0.0,765,"['DEI', 'KRC', 'UE', 'CWK', 'WE']",CWK,2023-05-17
Analyst Ratings for Cushman & Wakefield,"Within the last quarter, Cushman & Wakefield (NYSE:CWK) has observed the following analyst ratings: 




Bullish
Somewhat Bullish
Indifferent
Somewhat Bearish
Bearish




Total Ratings
1
0
6
0
0


Last 30D
0
0
1
0
0


1M Ago
0
0
0
0
0


2M Ago
1
0
2
0
0


3M Ago
0
0
3
0
0



In the last 3 months, 7 analysts have offered 12-month price targets for Cushman & Wakefield. The company has an average price target of $11.29 with a high of $21.00 and a low of $8.50. 
Below is a summary of how these 7 analysts rated Cushman & Wakefield over the past 3 months. The greater the number of ...Full story available on Benzinga.com",2023-06-28 17:00:53+00:00,https://www.benzinga.com/analyst-ratings/23/06/33047146/analyst-ratings-for-cushman-wakefield,Benzinga,0.060000000000000005,0.3127272727272727,neutral,0.060000000000000005,False,False,False,False,False,False,False,False,0.0,662,['CWK'],CWK,2023-06-28
Implied Volatility Surging for Cushman & Wakefield (CWK) Stock Options,Investors need to pay close attention to Cushman & Wakefield (CWK) stock based on the movements in the options market lately.,2023-07-03 12:58:00+00:00,https://www.zacks.com/stock/news/2115908/implied-volatility-surging-for-cushman-wakefield-cwk-stock-options,Zacks Investment Research,-0.3,0.6,negative,0.3,False,False,False,False,False,False,False,False,0.0,197,['CWK'],CWK,2023-07-03
Offerpad Solutions Inc. (OPAD) Surges 12.4%: Is This an Indication of Further Gains?,Offerpad Solutions Inc. (OPAD) was a big mover last session on higher-than-average trading volume. The latest trend in earnings estimate revisions might help the stock continue moving higher in the near term.,2023-07-13 12:32:00+00:00,https://www.zacks.com/stock/news/2120541/offerpad-solutions-inc-opad-surges-124-is-this-an-indication-of-further-gains,Zacks Investment Research,0.14166666666666666,0.41111111111111104,positive,0.14166666666666666,True,False,False,False,False,False,False,False,0.0,294,"['OPAD', 'CWK']",CWK,2023-07-13
Are Industrial REITs Poised to Grow Despite Normalizing Demand?,"The industrial real estate market is adjusting its pace. But how does this impact key Industrial REITs like PLD, REXR, COLD and EGP?",2023-07-14 14:07:00+00:00,https://www.zacks.com/stock/news/2121421/are-industrial-reits-poised-to-grow-despite-normalizing-demand,Zacks Investment Research,-0.13333333333333333,0.7666666666666666,negative,0.13333333333333333,False,False,False,False,False,False,False,False,0.0,197,"['PLD', 'EGP', 'REXR', 'COLD', 'CWK']",CWK,2023-07-14
Key Factors to Impact Prologis (PLD) This Earnings Season,"Prologis' (PLD) Q2 results are likely to reflect the benefits of its premium facilities at strategic locations and expansion efforts, though moderation in demand might partly limit the growth tempo.",2023-07-14 15:54:00+00:00,https://www.zacks.com/stock/news/2121472/key-factors-to-impact-prologis-pld-this-earnings-season,Zacks Investment Research,0.0,1.0,neutral,0.0,True,False,False,False,False,False,False,False,0.0,257,"['PLD', 'CCI', 'SLG', 'CWK']",CWK,2023-07-14
"The Zacks Analyst Blog Highlights Prologis, Rexford, Americold, EastGroup Properties and Cushman & Wakefield","Prologis, Rexford, Americold, EastGroup Properties and Cushman & Wakefield are included in this Analyst Blog.",2023-07-17 08:54:00+00:00,https://www.zacks.com/stock/news/2121827/the-zacks-analyst-blog-highlights-prologis-rexford-americold-eastgroup-properties-and-cushman-wakefield,Zacks Investment Research,0.0,0.0,neutral,0.0,False,False,False,False,False,False,False,False,0.0,219,"['PLD', 'EGP', 'REXR', 'COLD', 'CWK']",CWK,2023-07-17
Kimco (KIM) to Report Q2 Earnings: What's in the Offing?,"The resilient demand for Kimco's (KIM) grocery-anchored centers, a diverse tenant base and a focus on mixed-use assets are likely to have aided its Q2 earnings.",2023-07-21 13:43:00+00:00,https://www.zacks.com/stock/news/2125338/kimco-kim-to-report-q2-earnings-whats-in-the-offing,Zacks Investment Research,-0.4,1.0,negative,0.4,True,False,False,False,False,False,False,False,0.0,218,"['SPG', 'KIM', 'AKR', 'CWK']",CWK,2023-07-21
Earnings Preview: Cushman & Wakefield (CWK) Q2 Earnings Expected to Decline,Cushman & Wakefield (CWK) doesn't possess the right combination of the two key ingredients for a likely earnings beat in its upcoming report. Get prepared with the key expectations.,2023-07-24 14:00:27+00:00,https://www.zacks.com/stock/news/2126177/earnings-preview-cushman-wakefield-cwk-q2-earnings-expected-to-decline,Zacks Investment Research,0.03714285714285714,0.7871428571428571,neutral,0.03714285714285714,True,False,False,False,False,False,False,False,0.0,258,"['CWK', 'CBRE']",CWK,2023-07-24
What to Expect From STAG Industrial (STAG) in Q2 Earnings?,"Despite the signs of normalization of the industrial real estate sector, STAG Industrial's (STAG) healthy leasing activity is likely to have helped maintain decent occupancy rate rental income in Q2.",2023-07-24 14:09:00+00:00,https://www.zacks.com/stock/news/2126184/what-to-expect-from-stag-industrial-stag-in-q2-earnings,Zacks Investment Research,0.21666666666666665,0.6166666666666667,positive,0.21666666666666665,True,False,True,False,False,False,False,False,0.0,259,"['AMT', 'STAG', 'COLD', 'CWK']",CWK,2023-07-24
Analyst Ratings for Cushman & Wakefield,"Within the last quarter, Cushman & Wakefield (NYSE:CWK) has observed the following analyst ratings: 




Bullish
Somewhat Bullish
Indifferent
Somewhat Bearish
Bearish




Total Ratings
2
1
3
0
0


Last 30D
1
0
0
0
0


1M Ago
0
1
1
0
0


2M Ago
0
0
0
0
0


3M Ago
1
0
2
0
0



In the last 3 months, 6 analysts have offered 12-month price targets for Cushman & Wakefield. The company has an average price target of $12.92 with a high of $21.00 and a low of $8.50. 
Below is a summary of how these 6 analysts rated Cushman & Wakefield over the past 3 months. The greater ...Full story available on Benzinga.com",2023-07-24 19:00:17+00:00,https://www.benzinga.com/analyst-ratings/23/07/33352643/analyst-ratings-for-cushman-wakefield,Benzinga,0.060000000000000005,0.3127272727272727,neutral,0.060000000000000005,False,False,False,False,False,False,False,False,0.0,648,['CWK'],CWK,2023-07-24
Boston Properties (BXP) to Post Q2 Earnings: What's in Store?,"While solid demand for Boston Properties' (BXP) premier office & life-science assets is likely to have aided its Q2 earnings, a choppy U.S. office market and high interest expenses might have ailed.",2023-07-26 11:58:00+00:00,https://www.zacks.com/stock/news/2127656/boston-properties-bxp-to-post-q2-earnings-whats-in-store,Zacks Investment Research,-0.010000000000000002,0.45999999999999996,neutral,0.010000000000000002,True,False,False,False,False,False,False,False,0.0,261,"['AMT', 'VTR', 'BXP', 'CWK']",CWK,2023-07-26
What's in the Offing for Vornado (VNO) This Earnings Season?,"While healthy demand for Vornado's (VNO) premium office assets is likely to have aided its Q2 earnings, an overall choppy U.S. office market and high interest expenses are likely to have marred it.",2023-07-26 12:20:00+00:00,https://www.zacks.com/stock/news/2127695/whats-in-the-offing-for-vornado-vno-this-earnings-season,Zacks Investment Research,0.07666666666666666,0.5399999999999999,neutral,0.07666666666666666,True,False,False,False,False,False,False,False,0.0,259,"['AMT', 'VTR', 'VNO', 'CWK']",CWK,2023-07-26
Earnings Preview: RE/MAX (RMAX) Q2 Earnings Expected to Decline,RE/MAX (RMAX) doesn't possess the right combination of the two key ingredients for a likely earnings beat in its upcoming report. Get prepared with the key expectations.,2023-07-26 14:02:15+00:00,https://www.zacks.com/stock/news/2127921/earnings-preview-remax-rmax-q2-earnings-expected-to-decline,Zacks Investment Research,0.03714285714285714,0.7871428571428571,neutral,0.03714285714285714,True,False,False,False,False,False,False,False,0.0,234,"['RMAX', 'CWK']",CWK,2023-07-26
4 REITS Likely to Turn Out Winners This Earnings Season,"With the REIT industry offering a real estate structure for several economic activities ??? real or virtual ??? there are pockets of strength. This is likely to be reflected in the earnings releases of SPG, EQR, WPC and AMH.",2023-07-26 14:49:00+00:00,https://www.zacks.com/stock/news/2128003/4-reits-likely-to-turn-out-winners-this-earnings-season,Zacks Investment Research,0.10000000000000002,0.4666666666666666,positive,0.10000000000000002,True,False,False,False,True,False,False,False,0.0,281,"['EQR', 'SPG', 'WPC', 'AMH', 'CWK']",CWK,2023-07-26
"The Zacks Analyst Blog Highlights Cushman & Wakefield, Simon Property, Equity Residential, W. P. Carey and American Homes 4 Rent","Cushman & Wakefield, Simon Property, Equity Residential, W. P. Carey and American Homes 4 Rent are included in this Analyst Blog.",2023-07-27 09:00:00+00:00,https://www.zacks.com/stock/news/2128517/the-zacks-analyst-blog-highlights-cushman-wakefield-simon-property-equity-residential-w-p-carey-and-american-homes-4-rent,Zacks Investment Research,0.0,0.0,neutral,0.0,False,False,False,False,False,False,False,False,0.0,259,"['EQR', 'SPG', 'WPC', 'AMH', 'CWK']",CWK,2023-07-27
CBRE Group (CBRE) Q2 Earnings and Revenues Surpass Estimates,"CBRE (CBRE) delivered earnings and revenue surprises of 6.49% and 2.05%, respectively, for the quarter ended June 2023. Do the numbers hold clues to what lies ahead for the stock?",2023-07-27 12:15:11+00:00,https://www.zacks.com/stock/news/2128623/cbre-group-cbre-q2-earnings-and-revenues-surpass-estimates,Zacks Investment Research,0.0,0.1,neutral,0.0,True,False,False,False,False,False,False,False,0.0,241,"['CBRE', 'CWK']",CWK,2023-07-27
"CBRE Group (CBRE) Q2 Earnings & Revenues Beat, Decline Y/Y","CBRE Group's (CBRE) Q2 results reflect the benefits of diversification and the expansion of its resilient business in recent years. However, severely constrained capital availability affects its sales revenues.",2023-07-27 15:15:00+00:00,https://www.zacks.com/stock/news/2128873/cbre-group-cbre-q2-earnings-revenues-beat-decline-yy,Zacks Investment Research,0.0,0.25,neutral,0.0,True,False,False,False,False,False,False,False,0.0,270,"['JLL', 'CBRE', 'CWK']",CWK,2023-07-27
Newmark Group (NMRK) Misses Q2 Earnings Estimates,"Newmark Group (NMRK) delivered earnings and revenue surprises of -21.74% and 4.04%, respectively, for the quarter ended June 2023. Do the numbers hold clues to what lies ahead for the stock?",2023-07-28 13:35:05+00:00,https://www.zacks.com/stock/news/2129402/newmark-group-nmrk-misses-q2-earnings-estimates,Zacks Investment Research,0.0,0.1,neutral,0.0,True,False,False,False,False,False,False,False,0.0,241,"['NMRK', 'CWK']",CWK,2023-07-28
San Francisco's push to turn office buildings into homes hinges on this simple idea,"Converting San Francisco's unloved office buildings into homes won't be an easy task. Calling it a success will be even harder, say these real estate CEOs.",2023-07-31 22:10:00+00:00,https://www.marketwatch.com/story/san-franciscos-push-to-turn-office-buildings-into-homes-hinges-on-this-simple-idea-a83af10e,MarketWatch,0.16666666666666669,0.2980952380952381,positive,0.16666666666666669,False,False,False,False,False,False,True,False,0.0,240,"['CRM', 'ACM', 'CWK', 'AAPL', 'AMZN', 'GOOG', 'MSFT', 'META', 'NVDA', 'TSLA', 'COMP', 'DJIA']",CWK,2023-07-31
Cushman & Wakefield (CWK) Tops Q2 Earnings and Revenue Estimates,"Cushman & Wakefield (CWK) delivered earnings and revenue surprises of 4.76% and 2.25%, respectively, for the quarter ended June 2023. Do the numbers hold clues to what lies ahead for the stock?",2023-07-31 22:25:07+00:00,https://www.zacks.com/stock/news/2130125/cushman-wakefield-cwk-tops-q2-earnings-and-revenue-estimates,Zacks Investment Research,0.0,0.1,neutral,0.0,True,False,False,False,False,False,False,False,0.0,259,"['CWK', 'JLL']",CWK,2023-07-31
White House wants federal workers back in the office in September. It’s a rare bright spot for D.C. properties.,"The Biden administration wants the entire federal workforce back in the office more often starting in September, a change that will affect hundreds of thousands of people, an administration official told MarketWatch.",2023-08-24 14:17:00+00:00,https://www.marketwatch.com/story/white-house-wants-federal-workers-back-to-the-office-in-september-a-rare-bright-spot-for-d-c-properties-fc36f1f7,MarketWatch,0.19,0.3125,positive,0.19,False,False,False,False,False,False,False,False,0.0,329,"['CWK', 'AMZN', 'GS', 'CBRE']",CWK,2023-08-24
"Company News for Sep 15, 2023","Companies in The News Are: HPQ, BRK.B, SMTC, MRNA, CWK",2023-09-15 13:30:00+00:00,https://www.zacks.com/stock/news/2149443/company-news-for-sep-15-2023,Zacks Investment Research,0.0,0.0,neutral,0.0,False,False,False,False,False,False,False,False,0.0,85,"['HPQ', 'BRK.B', 'MRNA', 'SMTC', 'CWK']",CWK,2023-09-15
The Latest Analyst Ratings for Cushman & Wakefield,"Cushman & Wakefield (NYSE:CWK) has observed the following analyst ratings within the last quarter: 




Bullish
Somewhat Bullish
Indifferent
Somewhat Bearish
Bearish




Total Ratings
2
1
2
0
0


Last 30D
0
0
1
0
0


1M Ago
0
0
0
0
0


2M Ago
2
0
0
0
0


3M Ago
0
1
1
0
0



These 5 analysts have an average price target of $13.5 versus the current price of Cushman & Wakefield at $8.27, implying  upside.
Below is a summary of how these 5 analysts rated Cushman & Wakefield over the past 3 months. The greater the number of bullish ratings, the more positive analysts are ...Full story available on Benzinga.com",2023-09-18 16:00:46+00:00,https://www.benzinga.com/analyst-ratings/23/09/34697129/the-latest-analyst-ratings-for-cushman-wakefield,Benzinga,0.14393939393939395,0.4065656565656566,positive,0.14393939393939395,False,False,False,False,False,False,False,False,0.0,664,['CWK'],CWK,2023-09-18
Expert Ratings for Cushman & Wakefield,"Within the last quarter, Cushman & Wakefield (NYSE:CWK) has observed the following analyst ratings: 




Bullish
Somewhat Bullish
Indifferent
Somewhat Bearish
Bearish




Total Ratings
3
0
1
0
0


Last 30D
1
0
0
0
0


1M Ago
0
0
1
0
0


2M Ago
0
0
0
0
0


3M Ago
2
0
0
0
0



In the last 3 months, 4 analysts have offered 12-month price targets for Cushman & Wakefield. The company has an average price target of $15.12 with a high of $20.00 and a low of $10.50. 
Below is a summary of how these 4 analysts rated Cushman & Wakefield over the past 3 months. The greater the number of bullish ratings, the more positive analysts are on the stock and ...Full story available on Benzinga.com",2023-10-04 15:01:00+00:00,https://www.benzinga.com/analyst-ratings/23/10/35091743/expert-ratings-for-cushman-wakefield,Benzinga,0.10671328671328671,0.345034965034965,positive,0.10671328671328671,False,False,False,False,False,False,False,False,0.0,727,['CWK'],CWK,2023-10-04
New Strong Sell Stocks for October 6th,"DIOD, CWK and D have been added to the Zacks Rank #5 (Strong Sell) List on October 6, 2023.",2023-10-06 11:00:00+00:00,https://www.zacks.com/stock/news/2161344/new-strong-sell-stocks-for-october-6th,Zacks Investment Research,0.05075757575757571,0.7053030303030303,neutral,0.05075757575757571,False,False,False,False,False,False,False,False,0.0,131,"['D', 'DIOD', 'CWK']",CWK,2023-10-06
Key Factors to Impact Prologis (PLD) This Earnings Season,"Prologis' (PLD) Q3 results are likely to reflect the benefits of its premium facilities at strategic locations and expansion efforts, though high supply might partly limit the growth tempo.",2023-10-16 15:14:00+00:00,https://www.zacks.com/stock/news/2166562/key-factors-to-impact-prologis-pld-this-earnings-season,Zacks Investment Research,0.05333333333333334,0.8466666666666667,neutral,0.05333333333333334,True,False,False,False,False,False,False,False,0.0,248,"['AMT', 'PLD', 'CCI', 'CWK']",CWK,2023-10-16
Earnings Preview: Cushman & Wakefield (CWK) Q3 Earnings Expected to Decline,Cushman & Wakefield (CWK) doesn't possess the right combination of the two key ingredients for a likely earnings beat in its upcoming report. Get prepared with the key expectations.,2023-10-23 14:00:38+00:00,https://www.zacks.com/stock/news/2170303/earnings-preview-cushman-wakefield-cwk-q3-earnings-expected-to-decline,Zacks Investment Research,0.03714285714285714,0.7871428571428571,neutral,0.03714285714285714,True,False,False,False,False,False,False,False,0.0,258,"['CWK', 'CBRE']",CWK,2023-10-23
Earnings Preview: Newmark Group (NMRK) Q3 Earnings Expected to Decline,Newmark Group (NMRK) doesn't possess the right combination of the two key ingredients for a likely earnings beat in its upcoming report. Get prepared with the key expectations.,2023-10-25 14:02:08+00:00,https://www.zacks.com/stock/news/2171623/earnings-preview-newmark-group-nmrk-q3-earnings-expected-to-decline,Zacks Investment Research,0.03714285714285714,0.7871428571428571,neutral,0.03714285714285714,True,False,False,False,False,False,False,False,0.0,248,"['NMRK', 'CWK']",CWK,2023-10-25
Vornado (VNO) to Report Q3 Earnings: What's in the Cards?,"Healthy demand for Vornado's (VNO) premium office assets is likely to have benefited its Q3 earnings. However, higher interest expenses are anticipated to have hurt it.",2023-10-26 13:33:00+00:00,https://www.zacks.com/stock/news/2172926/vornado-vno-to-report-q3-earnings-whats-in-the-cards,Zacks Investment Research,0.25,0.6666666666666666,positive,0.25,True,False,False,False,False,False,False,False,0.0,227,"['BX', 'VNO', 'HPP', 'CWK']",CWK,2023-10-26
CBRE Group (CBRE) Q3 Earnings Beat on Resilient Business Growth,CBRE Group's (CBRE) Q3 results reflect the benefits of diversification and the expansion of its resilient business in recent years despite the challenging macro environment.,2023-10-27 15:03:00+00:00,https://www.zacks.com/stock/news/2173852/cbre-group-cbre-q3-earnings-beat-on-resilient-business-growth,Zacks Investment Research,0.25,0.625,positive,0.25,True,False,False,False,False,False,False,False,0.0,238,"['JLL', 'CBRE', 'CWK']",CWK,2023-10-27
Key Factors to Impact Boston Properties' (BXP) Q3 Earnings,"Healthy demand for Boston Properties' (BXP) premium office and life-science assets is likely to have benefited its Q3 earnings. However, higher interest expenses might have hurt it.",2023-10-30 14:17:00+00:00,https://www.zacks.com/stock/news/2174629/key-factors-to-impact-boston-properties-bxp-q3-earnings,Zacks Investment Research,0.1875,0.75,positive,0.1875,True,False,False,False,False,False,False,False,0.0,241,"['VTR', 'BXP', 'SBAC', 'CWK']",CWK,2023-10-30
Cushman & Wakefield (CWK) Tops Q3 Earnings Estimates,"Cushman & Wakefield (CWK) delivered earnings and revenue surprises of 5% and 2.29%, respectively, for the quarter ended September 2023. Do the numbers hold clues to what lies ahead for the stock?",2023-10-30 22:15:06+00:00,https://www.zacks.com/stock/news/2174900/cushman-wakefield-cwk-tops-q3-earnings-estimates,Zacks Investment Research,0.0,0.1,neutral,0.0,True,False,False,False,False,False,False,False,0.0,249,"['CWK', 'TCN']",CWK,2023-10-30
4 Analysts Have This to Say About Cushman & Wakefield,"Cushman & Wakefield (NYSE:CWK) has observed the following analyst ratings within the last quarter: 




Bullish
Somewhat Bullish
Indifferent
Somewhat Bearish
Bearish




Total Ratings
2
0
2
0
0


Last 30D
0
0
1
0
0


1M Ago
1
0
0
0
0


2M Ago
1
0
0
0
0


3M Ago
0
0
1
0
0



These 4 analysts have an average price target of $10.62 versus the current price of Cushman & Wakefield at $8.42, implying  upside.
Below is a summary of how these 4 analysts rated Cushman ...Full story available on Benzinga.com",2023-11-22 18:00:27+00:00,https://www.benzinga.com/analyst-ratings/23/11/35921816/4-analysts-have-this-to-say-about-cushman-wakefield,Benzinga,0.03571428571428571,0.31190476190476185,neutral,0.03571428571428571,False,False,False,False,False,False,False,False,0.0,558,['CWK'],CWK,2023-11-22
"Pure Storage Issues Weak Forecast, Joins Frontline, Weibo And Other Big Stocks Moving Lower In Thursday's Pre-Market Session","U.S. stock futures traded higher this morning, with the Dow Jones futures gaining more than 150 points on Thursday.
Shares of  Pure Storage, Inc. (NYSE: PSTG) shares tumbled in pre-market trading after the company reported worse-than-expected third-quarter revenue results and issued FY24 revenue guidance below estimates.
The company posted quarterly revenue of $762.8 million missing estimates of $763.362 million. The company’s quarterly earnings came in at 50 cents per share, versus estimates of 40 cents per share.
Pure Storage shares ...",2023-11-30 11:08:33+00:00,https://www.benzinga.com/news/23/11/36018666/pure-storage-issues-weak-forecast-joins-frontline-weibo-and-other-big-stocks-moving-lower-in-thursda,Benzinga,0.07698412698412699,0.40555555555555556,neutral,0.07698412698412699,True,False,False,False,False,False,False,False,0.0,670,"['FRO', 'TV', 'WB', 'PSTG', 'OKTA', 'CWK', 'CDT']",CWK,2023-11-30
5 Analysts Have This to Say About Cushman & Wakefield,"Cushman & Wakefield (NYSE:CWK) has observed the following analyst ratings within the last quarter: 




Bullish
Somewhat Bullish
Indifferent
Somewhat Bearish
Bearish




Total Ratings
2
1
2
0
0


Last 30D
0
1
0
0
0


1M Ago
0
0
1
0
0


2M Ago
1
0
0
0
0


3M Ago
1
0
1
0
0



In the last 3 months, 5 analysts have offered 12-month price targets for Cushman & Wakefield. The company has an average price target of $10.9 with a high of $12.00 and a low of $9.00. 
Below is ...Full story available on Benzinga.com",2023-12-08 17:00:44+00:00,https://www.benzinga.com/analyst-ratings/23/12/36156546/5-analysts-have-this-to-say-about-cushman-wakefield,Benzinga,0.04555555555555556,0.2988888888888888,neutral,0.04555555555555556,False,False,False,False,False,False,False,False,0.0,564,['CWK'],CWK,2023-12-08
Key Factors to Impact Prologis (PLD) This Earnings Season,"Prologis' (PLD) Q4 results are likely to reflect the benefits of its premium facilities at strategic locations and expansion efforts, though high supply might partly limit the growth tempo.",2024-01-16 15:02:00+00:00,https://www.zacks.com/stock/news/2210842/key-factors-to-impact-prologis-pld-this-earnings-season,Zacks Investment Research,0.05333333333333334,0.8466666666666667,neutral,0.05333333333333334,True,False,False,False,False,False,False,False,0.0,248,"['PLD', 'CCI', 'VICI', 'CWK']",CWK,2024-01-16
Analyst Expectations For Cushman & Wakefield's Future,"Providing a diverse range of perspectives from bullish to bearish, 4 analysts have published ratings on Cushman & Wakefield (NYSE:CWK) in the last three months.
The following table provides a quick overview of their recent ratings, highlighting the changing sentiments over the past 30 days and comparing them to the preceding months.




Bullish
Somewhat Bullish
Indifferent
Somewhat Bearish
Bearish




Total Ratings
2
1
1
0
0


Last 30D
1
0
0
0
0


1M Ago
0
0
0
0
0


2M Ago
0
1
0
0
0


3M Ago
1
0
1
0
0



In the assessment of 12-month price targets, analysts unveil insights for Cushman & Wakefield, presenting an average target of $11.0, a high estimate of $12.00, and a low estimate of $9.00. A decline of 2.91% from the prior average price target is evident in the current average. 

Diving into Analyst Ratings: An In-Depth Exploration
The analysis of recent analyst actions sheds light on the perception of Cushman & Wakefield by financial experts. The following summary presents key analysts, their recent evaluations, and adjustments to ratings and price targets.



Analyst
Analyst Firm
Action Taken
Rating
Current Price Target
Prior Price Target




Patrick O'Shaughnessy
Raymond James
Raises
Strong Buy
$12.00
$11.00


Andrew Rosivach
Wolfe Research
Announces
Outperform
$12.00
-


Alex Kramm
UBS
Lowers
Neutral
$9.00
$11.00


Patrick O'Shaughnessy
Raymond James
Lowers
Strong Buy
$11.00
$12.00



Key Insights:

Action Taken: Responding to changing market dynamics and company performance, analysts update their recommendations. Whether they 'Maintain', 'Raise', or 'Lower' their ...Full story available on Benzinga.com",2024-01-25 14:00:22+00:00,https://www.benzinga.com/insights/analyst-ratings/24/01/36779909/analyst-expectations-for-cushman-wakefields-future,Benzinga,0.055161290322580644,0.35370967741935483,neutral,0.055161290322580644,False,True,False,False,False,False,False,False,0.0,1690,['CWK'],CWK,2024-01-25
Key Factors to Impact Boston Properties' (BXP) Q4 Earnings,"Healthy demand for Boston Properties' (BXP) premium office and life-science assets is likely to have benefited its Q4 earnings. However, higher interest expenses might have hurt the company.",2024-01-25 15:34:00+00:00,https://www.zacks.com/stock/news/2215938/key-factors-to-impact-boston-properties-bxp-q4-earnings,Zacks Investment Research,0.1875,0.75,positive,0.1875,True,False,False,False,False,False,False,False,0.0,250,"['BXP', 'KIM', 'WELL', 'VICI', 'CWK']",CWK,2024-01-25
Vornado (VNO) to Report Q4 Earnings: What's in the Cards?,"Although Vornado (VNO) has premium office assets in key markets, its Q4 performance is likely to be affected by the choppy office real estate market environment and high interest expenses.",2024-02-09 14:21:00+00:00,https://www.zacks.com/stock/news/2224035/vornado-vno-to-report-q4-earnings-whats-in-the-cards,Zacks Investment Research,0.032,0.608,neutral,0.032,True,False,False,False,False,False,False,False,0.0,247,"['VNO', 'SLG', 'AMH', 'VICI', 'CWK']",CWK,2024-02-09
"Reliance Steel & Aluminum Posts Upbeat Earnings, Joins JFrog, AppLovin, Shake Shack And Other Big Stocks Moving Higher On Thursday","U.S. stocks were mostly higher, with the Dow Jones index gaining more than 150 points on Wednesday.
Shares of  Reliance Steel & Aluminum Co. (NYSE: RS) rose sharply in today’s session after the company reported fourth-quarter earnings above estimates and issued above-consensus first-quarter FY24 adjusted EPS.
Reliance Steel & Aluminum posted adjusted earnings of $4.73 per share, beating market estimates of $3.92 per share. The company’s quarterly sales came in at $3.34 billion versus estimates of $3.30 billion.
Reliance Steel & Aluminum shares climbed 10.4% to $325.15 on Thursday.
Here are some other big stocks recording gains in today’s session.

Nano-X Imaging Ltd. (NASDAQ: NNOX) shares surged 54.7% to $9.84. Nvidia reported a 59,632 share stake in Nano X Imaging.
SoundHound AI, Inc. (NASDAQ: SOUN) rose 53% to $3.4499. According to data from Benzinga Pro, BlackRock reported a 5.6% passive stake in SoundHound AI after the market close. Traders also appear to be circling a filing from Nvidia in which the company disclosed positions in several companies, including SoundHound AI.
Pegasystems Inc. (NASDAQ: PEGA) climbed 27.8% to $64.84 after the company reported better-than-expected fourth-quarter financial results and issued FY24 EPS and revenue guidance above estimates.
JFrog Ltd. (NASDAQ: FROG) shares gained 27% to $47.09 after the company reported better-than-expected fourth-quarter financial results and issued first-quarter adjusted EPS and ...",2024-02-15 15:23:41+00:00,https://www.benzinga.com/news/24/02/37160478/reliance-steel-aluminum-posts-upbeat-earnings-joins-jfrog-applovin-shake-shack-and-other-big-stocks,Benzinga,0.12166666666666667,0.35333333333333333,positive,0.12166666666666667,True,False,False,False,False,False,False,False,0.0,1602,"['SOUN', 'FROG', 'SLVM', 'AR', 'APP', 'DNOW', 'CGNX', 'SHAK', 'COIN', 'BPMC', 'INFA', 'LYFT', 'PEGA', 'DTSS', 'PTEN', 'CRSP', 'ULBI', 'APPN', 'ZBRA', 'CWK', 'ALB', 'BBIO', 'KAI', 'NNOX', 'MFC', 'OGN', 'RS', 'AMWL', 'EPAM', 'DWAC', 'SPWR']",CWK,2024-02-15
CBRE Group (CBRE) Q4 Earnings and Revenues Top Estimates,CBRE Group's (CBRE) Q4 results reflect the benefits from the expansion of its resilient business in recent years despite the challenging macro environment.,2024-02-15 17:13:00+00:00,https://www.zacks.com/stock/news/2227092/cbre-group-cbre-q4-earnings-and-revenues-top-estimates,Zacks Investment Research,0.3333333333333333,0.5833333333333334,positive,0.3333333333333333,True,False,False,False,False,False,False,False,0.0,213,"['JLL', 'CBRE', 'CWK']",CWK,2024-02-15
Cushman & Wakefield (CWK) Q4 Earnings and Revenues Beat Estimates,"Cushman & Wakefield (CWK) delivered earnings and revenue surprises of 15.38% and 2.17%, respectively, for the quarter ended December 2023. Do the numbers hold clues to what lies ahead for the stock?",2024-02-20 22:45:05+00:00,https://www.zacks.com/stock/news/2228828/cushman-wakefield-cwk-q4-earnings-and-revenues-beat-estimates,Zacks Investment Research,0.0,0.1,neutral,0.0,True,False,False,False,False,False,False,False,0.0,265,"['CWK', 'TCN']",CWK,2024-02-20
Why Cushman & Wakefield (CWK) Could Beat Earnings Estimates Again,Cushman & Wakefield (CWK) has an impressive earnings surprise history and currently possesses the right combination of the two key ingredients for a likely beat in its next quarterly report.,2024-04-15 16:10:14+00:00,https://www.zacks.com/stock/news/2255548/why-cushman-wakefield-cwk-could-beat-earnings-estimates-again,Zacks Investment Research,0.21428571428571427,0.655952380952381,positive,0.21428571428571427,True,False,False,False,False,False,False,False,0.0,257,['CWK'],CWK,2024-04-15
Cushman & Wakefield (CWK) Expected to Beat Earnings Estimates: Can the Stock Move Higher?,Cushman & Wakefield (CWK) possesses the right combination of the two key ingredients for a likely earnings beat in its upcoming report. Get prepared with the key expectations.,2024-04-22 14:00:18+00:00,https://www.zacks.com/stock/news/2259315/cushman-wakefield-cwk-expected-to-beat-earnings-estimates-can-the-stock-move-higher,Zacks Investment Research,0.07261904761904762,0.7392857142857143,neutral,0.07261904761904762,True,False,False,False,False,False,False,False,0.0,266,"['CWK', 'FSV']",CWK,2024-04-22
TPG RE Finance Trust (TRTX) Reports Next Week: What Awaits?,TPG RE Finance Trust (TRTX) doesn't possess the right combination of the two key ingredients for a likely earnings beat in its upcoming report. Get prepared with the key expectations.,2024-04-23 14:01:09+00:00,https://www.zacks.com/stock/news/2260212/tpg-re-finance-trust-trtx-reports-next-week-what-awaits,Zacks Investment Research,0.05714285714285714,0.7071428571428571,neutral,0.05714285714285714,True,False,False,False,False,False,False,False,0.0,244,"['TRTX', 'CWK']",CWK,2024-04-23
Key Factors to Impact Boston Properties' (BXP) Q1 Earnings,"Healthy demand for Boston Properties' (BXP) premium office and life-science assets is likely to have benefited its Q1 earnings. However, high interest expenses remain a concern.",2024-04-25 16:51:00+00:00,https://www.zacks.com/stock/news/2262628/key-factors-to-impact-boston-properties-bxp-q1-earnings,Zacks Investment Research,0.165,0.76,positive,0.165,True,False,False,False,False,False,False,False,0.0,237,"['BXP', 'PK', 'CBRE', 'CWK']",CWK,2024-04-25
What's in the Cards for Kimco (KIM) This Earnings Season?,"While a healthy retail real estate market and focus on developing mixed-use assets are likely to have aided Kimco's (KIM) Q1 earnings, higher interest expenses may have hurt it.",2024-04-29 17:31:00+00:00,https://www.zacks.com/stock/news/2264441/whats-in-the-cards-for-kimco-kim-this-earnings-season,Zacks Investment Research,0.2375,0.575,positive,0.2375,True,False,False,False,False,False,False,False,0.0,236,"['PSA', 'KIM', 'MPW', 'CWK']",CWK,2024-04-29
Cushman & Wakefield (CWK) Reports Break-Even Earnings for Q1,"Cushman & Wakefield (CWK) delivered earnings and revenue surprises of 100% and 2.75%, respectively, for the quarter ended March 2024. Do the numbers hold clues to what lies ahead for the stock?",2024-04-29 21:45:03+00:00,https://www.zacks.com/stock/news/2264509/cushman-wakefield-cwk-reports-break-even-earnings-for-q1,Zacks Investment Research,0.0,0.1,neutral,0.0,True,False,False,False,False,False,False,False,0.0,255,"['CWK', 'TRTX']",CWK,2024-04-29
Vornado (VNO) to Report Q1 Earnings: What's in the Cards?,"Healthy demand for Vornado's (VNO) premium office assets is likely to have benefited its Q1 performance. However, higher interest expenses are anticipated to have hurt it.",2024-05-01 16:18:00+00:00,https://www.zacks.com/stock/news/2266281/vornado-vno-to-report-q1-earnings-whats-in-the-cards,Zacks Investment Research,0.25,0.6666666666666666,positive,0.25,True,False,False,False,False,False,False,False,0.0,230,"['VNO', 'MPW', 'CWK', 'PKST']",CWK,2024-05-01
What's in Store for Gladstone Commercial (GOOD) in Q1 Earnings?,"Gladstone Commercial's (GOOD) Q1 results are likely to reflect the benefits of its premium facilities at strategic locations and expansion efforts, though high supply might partly limit the growth tempo",2024-05-03 17:23:00+00:00,https://www.zacks.com/stock/news/2268223/whats-in-store-for-gladstone-commercial-good-in-q1-earnings,Zacks Investment Research,0.25999999999999995,0.4566666666666667,positive,0.25999999999999995,True,False,False,False,False,False,False,False,0.0,267,"['MPW', 'GOOD', 'CWK', 'PKST']",CWK,2024-05-03
Redfin (RDFN) Moves 5.3% Higher: Will This Strength Last?,Redfin (RDFN) was a big mover last session on higher-than-average trading volume. The latest trend in earnings estimate revisions might not help the stock continue moving higher in the near term.,2024-06-13 12:38:00+00:00,https://www.zacks.com/stock/news/2287822/redfin-rdfn-moves-53-higher-will-this-strength-last,Zacks Investment Research,0.15714285714285717,0.3619047619047619,positive,0.15714285714285717,True,False,False,False,False,False,False,False,0.0,254,"['RDFN', 'CWK']",CWK,2024-06-13
Global Golf Cart OEMs Market Size To Exceed a Significant Share By 2033 | CAGR Of 4.7% - GlobeNewswire,"The global golf cart OEMs market is expected to grow at a CAGR of 4.7% from 2023 to 2033, driven by the increasing demand for electric and solar-powered golf carts, as well as the growing popularity of golf courses.",2024-07-04 06:01:11+00:00,https://www.globenewswire.com/news-release/2024/07/04/2908528/0/en/Global-Golf-Cart-OEMs-Market-Size-To-Exceed-a-Significant-Share-By-2033-CAGR-Of-4-7.html,GlobeNewswire Inc.,0.06875,0.31875,neutral,0.06875,False,False,False,False,False,False,False,False,0.0,319,['CWK'],CWK,2024-07-04
Office Delinquencies Rise As Working From Home and Higher Rates Factor In - Benzinga,"The delinquency rate for U.S. office loans rose in June due to the post-pandemic work-from-home trend and high interest rates, according to a report from Fitch Ratings. Office loans accounted for the largest share of delinquencies, with three of the five largest new delinquencies being office loans.",2024-07-13 14:24:16+00:00,https://www.benzinga.com/etfs/24/07/39760958/office-delinquencies-rise-as-working-from-home-and-higher-rates-factor-in,Benzinga,0.2042727272727273,0.5639090909090909,positive,0.2042727272727273,False,False,False,False,False,False,False,False,0.0,386,"['CWK', 'CBRE', 'WD']",CWK,2024-07-13
Key Factors to Impact Prologis (PLD) This Earnings Season - Zacks Investment Research,"Prologis, the leading industrial REIT, is set to report Q2 2024 earnings. Analysts are closely watching the company's performance amid a softening industrial real estate market. While Prologis' expansion efforts and industry-leading cost structure are expected to boost its top line, elevated interest expenses and increased competition from new supply may have impacted its results.",2024-07-15 14:32:17+00:00,https://www.zacks.com/stock/news/2301786/key-factors-to-impact-prologis-pld-this-earnings-season,Zacks Investment Research,0.14727272727272728,0.530909090909091,positive,0.14727272727272728,True,False,False,False,False,False,False,False,0.0,470,"['PLD', 'WELL', 'CUZ', 'CWK']",CWK,2024-07-15
Can CBRE Group (CBRE) Keep Its Winning Streak Alive in Q2? - Zacks Investment Research,"CBRE Group, Inc. is set to announce its second-quarter 2024 earnings on July 25. The company is expected to benefit from its diversified business model, technology investments, and cost reduction initiatives, though persistent macroeconomic uncertainties may impact commercial real estate transactions.",2024-07-19 14:00:27+00:00,https://www.zacks.com/stock/news/2305381/can-cbre-group-cbre-keep-its-winning-streak-alive-in-q2,Zacks Investment Research,0.13999999999999999,0.37,positive,0.13999999999999999,True,False,True,False,False,False,False,False,0.0,390,"['CBRE', 'JLL', 'CWK']",CWK,2024-07-19
"Cushman & Wakefield and Greystone Arrange and Provide $33 Million in Construction Financing for New 210-Unit Multifamily Project in Downtown Spokane, WA","Cushman & Wakefield and Greystone have arranged and provided $33 million in construction financing for the development of a 210-unit multifamily apartment complex in downtown Spokane, Washington. The project, called Kōz on West 4th, is being developed by a partnership comprising an affiliate of Kōz Development, LLC and Catalyst Opportunity Funds.",2024-09-10 16:56:00+00:00,https://www.globenewswire.com/news-release/2024/09/10/2943984/30865/en/Cushman-Wakefield-and-Greystone-Arrange-and-Provide-33-Million-in-Construction-Financing-for-New-210-Unit-Multifamily-Project-in-Downtown-Spokane-WA.html,GlobeNewswire Inc.,-0.02121212121212121,0.38484848484848483,neutral,0.02121212121212121,False,False,False,True,False,False,False,False,0.0,502,['CWK'],CWK,2024-09-10
