Warning: stock_num (1026) does not match eod_data.shape[0] (4819). Adjusting stock_num.
市场为 A_SHARE，实际加载股票数量更新为: 4819
总交易天数: 252
根据 60%/20%/_ 分割比例 (已调整为满足最小数据集要求):
训练集天数 (0-indexed, up to valid_index-1): 151 (实际比例: 59.9%)
验证集天数 (valid_index to test_index-1): 50 (实际比例: 19.8%)
测试集天数 (test_index to end): 51 (实际比例: 20.2%)
验证集起始索引 (valid_index): 151
测试集起始索引 (test_index): 201
✅ 数据集分割检查通过
✅ EOD数据已使用训练集的均值和标准差进行标准化

============================================================
🎯 设置基于行业的稀疏注意力机制
============================================================
⚠️ 警告: 无法加载 A_SHARE 的股票列表，稀疏注意力将无法使用
⚠️ 未找到股票代码列表，模型将使用标准的全连接注意力机制
============================================================
✅ 模型初始化完成
============================================================

C:\ProgramData\anaconda3\envs\mypytorch\lib\site-packages\torch\optim\lr_scheduler.py:62: UserWarning: The verbose parameter is deprecated. Please use get_last_lr() to access the learning rate.
  warnings.warn(
epoch1##########################################################
⚠️ 警告: 稀疏注意力未配置，将使用全连接注意力
⚠️ 警告: 稀疏注意力未配置，将使用全连接注意力
⚠️ 警告: 稀疏注意力未配置，将使用全连接注意力
⚠️ 警告: 稀疏注意力未配置，将使用全连接注意力
⚠️ 警告: 稀疏注意力未配置，将使用全连接注意力
⚠️ 警告: 稀疏注意力未配置，将使用全连接注意力
⚠️ 警告: 稀疏注意力未配置，将使用全连接注意力
⚠️ 警告: 稀疏注意力未配置，将使用全连接注意力
⚠️ 警告: 稀疏注意力未配置，将使用全连接注意力
⚠️ 警告: 稀疏注意力未配置，将使用全连接注意力
⚠️ 警告: 稀疏注意力未配置，将使用全连接注意力
⚠️ 警告: 稀疏注意力未配置，将使用全连接注意力
⚠️ 警告: 稀疏注意力未配置，将使用全连接注意力
⚠️ 警告: 稀疏注意力未配置，将使用全连接注意力
⚠️ 警告: 稀疏注意力未配置，将使用全连接注意力
⚠️ 警告: 稀疏注意力未配置，将使用全连接注意力
⚠️ 警告: 稀疏注意力未配置，将使用全连接注意力
⚠️ 警告: 稀疏注意力未配置，将使用全连接注意力
⚠️ 警告: 稀疏注意力未配置，将使用全连接注意力
⚠️ 警告: 稀疏注意力未配置，将使用全连接注意力
⚠️ 警告: 稀疏注意力未配置，将使用全连接注意力
⚠️ 警告: 稀疏注意力未配置，将使用全连接注意力
⚠️ 警告: 稀疏注意力未配置，将使用全连接注意力
⚠️ 警告: 稀疏注意力未配置，将使用全连接注意力
⚠️ 警告: 稀疏注意力未配置，将使用全连接注意力
⚠️ 警告: 稀疏注意力未配置，将使用全连接注意力
⚠️ 警告: 稀疏注意力未配置，将使用全连接注意力
⚠️ 警告: 稀疏注意力未配置，将使用全连接注意力
⚠️ 警告: 稀疏注意力未配置，将使用全连接注意力
⚠️ 警告: 稀疏注意力未配置，将使用全连接注意力
⚠️ 警告: 稀疏注意力未配置，将使用全连接注意力
⚠️ 警告: 稀疏注意力未配置，将使用全连接注意力
⚠️ 警告: 稀疏注意力未配置，将使用全连接注意力
⚠️ 警告: 稀疏注意力未配置，将使用全连接注意力
⚠️ 警告: 稀疏注意力未配置，将使用全连接注意力
⚠️ 警告: 稀疏注意力未配置，将使用全连接注意力
⚠️ 警告: 稀疏注意力未配置，将使用全连接注意力
⚠️ 警告: 稀疏注意力未配置，将使用全连接注意力
⚠️ 警告: 稀疏注意力未配置，将使用全连接注意力
⚠️ 警告: 稀疏注意力未配置，将使用全连接注意力
⚠️ 警告: 稀疏注意力未配置，将使用全连接注意力
⚠️ 警告: 稀疏注意力未配置，将使用全连接注意力
⚠️ 警告: 稀疏注意力未配置，将使用全连接注意力
⚠️ 警告: 稀疏注意力未配置，将使用全连接注意力
⚠️ 警告: 稀疏注意力未配置，将使用全连接注意力
⚠️ 警告: 稀疏注意力未配置，将使用全连接注意力
⚠️ 警告: 稀疏注意力未配置，将使用全连接注意力
⚠️ 警告: 稀疏注意力未配置，将使用全连接注意力
⚠️ 警告: 稀疏注意力未配置，将使用全连接注意力
⚠️ 警告: 稀疏注意力未配置，将使用全连接注意力
⚠️ 警告: 稀疏注意力未配置，将使用全连接注意力
⚠️ 警告: 稀疏注意力未配置，将使用全连接注意力
⚠️ 警告: 稀疏注意力未配置，将使用全连接注意力
⚠️ 警告: 稀疏注意力未配置，将使用全连接注意力
⚠️ 警告: 稀疏注意力未配置，将使用全连接注意力
⚠️ 警告: 稀疏注意力未配置，将使用全连接注意力
⚠️ 警告: 稀疏注意力未配置，将使用全连接注意力
⚠️ 警告: 稀疏注意力未配置，将使用全连接注意力
⚠️ 警告: 稀疏注意力未配置，将使用全连接注意力
⚠️ 警告: 稀疏注意力未配置，将使用全连接注意力
⚠️ 警告: 稀疏注意力未配置，将使用全连接注意力
⚠️ 警告: 稀疏注意力未配置，将使用全连接注意力
⚠️ 警告: 稀疏注意力未配置，将使用全连接注意力
⚠️ 警告: 稀疏注意力未配置，将使用全连接注意力
⚠️ 警告: 稀疏注意力未配置，将使用全连接注意力
⚠️ 警告: 稀疏注意力未配置，将使用全连接注意力
⚠️ 警告: 稀疏注意力未配置，将使用全连接注意力
⚠️ 警告: 稀疏注意力未配置，将使用全连接注意力
⚠️ 警告: 稀疏注意力未配置，将使用全连接注意力
⚠️ 警告: 稀疏注意力未配置，将使用全连接注意力
⚠️ 警告: 稀疏注意力未配置，将使用全连接注意力
⚠️ 警告: 稀疏注意力未配置，将使用全连接注意力
⚠️ 警告: 稀疏注意力未配置，将使用全连接注意力
⚠️ 警告: 稀疏注意力未配置，将使用全连接注意力
⚠️ 警告: 稀疏注意力未配置，将使用全连接注意力
⚠️ 警告: 稀疏注意力未配置，将使用全连接注意力
⚠️ 警告: 稀疏注意力未配置，将使用全连接注意力
⚠️ 警告: 稀疏注意力未配置，将使用全连接注意力
⚠️ 警告: 稀疏注意力未配置，将使用全连接注意力
⚠️ 警告: 稀疏注意力未配置，将使用全连接注意力
⚠️ 警告: 稀疏注意力未配置，将使用全连接注意力
⚠️ 警告: 稀疏注意力未配置，将使用全连接注意力
⚠️ 警告: 稀疏注意力未配置，将使用全连接注意力
⚠️ 警告: 稀疏注意力未配置，将使用全连接注意力
⚠️ 警告: 稀疏注意力未配置，将使用全连接注意力
⚠️ 警告: 稀疏注意力未配置，将使用全连接注意力
⚠️ 警告: 稀疏注意力未配置，将使用全连接注意力
⚠️ 警告: 稀疏注意力未配置，将使用全连接注意力
⚠️ 警告: 稀疏注意力未配置，将使用全连接注意力
⚠️ 警告: 稀疏注意力未配置，将使用全连接注意力
⚠️ 警告: 稀疏注意力未配置，将使用全连接注意力
⚠️ 警告: 稀疏注意力未配置，将使用全连接注意力
⚠️ 警告: 稀疏注意力未配置，将使用全连接注意力
⚠️ 警告: 稀疏注意力未配置，将使用全连接注意力
⚠️ 警告: 稀疏注意力未配置，将使用全连接注意力
⚠️ 警告: 稀疏注意力未配置，将使用全连接注意力
⚠️ 警告: 稀疏注意力未配置，将使用全连接注意力
⚠️ 警告: 稀疏注意力未配置，将使用全连接注意力
⚠️ 警告: 稀疏注意力未配置，将使用全连接注意力
⚠️ 警告: 稀疏注意力未配置，将使用全连接注意力
⚠️ 警告: 稀疏注意力未配置，将使用全连接注意力
⚠️ 警告: 稀疏注意力未配置，将使用全连接注意力
⚠️ 警告: 稀疏注意力未配置，将使用全连接注意力
⚠️ 警告: 稀疏注意力未配置，将使用全连接注意力
⚠️ 警告: 稀疏注意力未配置，将使用全连接注意力
⚠️ 警告: 稀疏注意力未配置，将使用全连接注意力
⚠️ 警告: 稀疏注意力未配置，将使用全连接注意力
⚠️ 警告: 稀疏注意力未配置，将使用全连接注意力
⚠️ 警告: 稀疏注意力未配置，将使用全连接注意力
⚠️ 警告: 稀疏注意力未配置，将使用全连接注意力
⚠️ 警告: 稀疏注意力未配置，将使用全连接注意力
⚠️ 警告: 稀疏注意力未配置，将使用全连接注意力
⚠️ 警告: 稀疏注意力未配置，将使用全连接注意力
⚠️ 警告: 稀疏注意力未配置，将使用全连接注意力
⚠️ 警告: 稀疏注意力未配置，将使用全连接注意力
⚠️ 警告: 稀疏注意力未配置，将使用全连接注意力
⚠️ 警告: 稀疏注意力未配置，将使用全连接注意力
⚠️ 警告: 稀疏注意力未配置，将使用全连接注意力
⚠️ 警告: 稀疏注意力未配置，将使用全连接注意力
Train : loss:4.02e-01  =  4.00e-01 + alpha*2.46e-03
⚠️ 警告: 稀疏注意力未配置，将使用全连接注意力
train.py:305: DeprecationWarning: __array__ implementation doesn't accept a copy keyword, so passing copy=False failed. __array__ must implement 'dtype' and 'copy' keyword arguments.
  cur_valid_pred[:, cur_offset - (start_index - lookback_length - steps + 1)] = cur_rr[:, 0].cpu()
train.py:306: DeprecationWarning: __array__ implementation doesn't accept a copy keyword, so passing copy=False failed. __array__ must implement 'dtype' and 'copy' keyword arguments.
  cur_valid_gt[:, cur_offset - (start_index - lookback_length - steps + 1)] = gt_batch[:, 0].cpu()
train.py:307: DeprecationWarning: __array__ implementation doesn't accept a copy keyword, so passing copy=False failed. __array__ must implement 'dtype' and 'copy' keyword arguments.
  cur_valid_mask[:, cur_offset - (start_index - lookback_length - steps + 1)] = mask_batch[:, 0].cpu()
⚠️ 警告: 稀疏注意力未配置，将使用全连接注意力
⚠️ 警告: 稀疏注意力未配置，将使用全连接注意力
⚠️ 警告: 稀疏注意力未配置，将使用全连接注意力
⚠️ 警告: 稀疏注意力未配置，将使用全连接注意力
⚠️ 警告: 稀疏注意力未配置，将使用全连接注意力
⚠️ 警告: 稀疏注意力未配置，将使用全连接注意力
⚠️ 警告: 稀疏注意力未配置，将使用全连接注意力
⚠️ 警告: 稀疏注意力未配置，将使用全连接注意力
⚠️ 警告: 稀疏注意力未配置，将使用全连接注意力
⚠️ 警告: 稀疏注意力未配置，将使用全连接注意力
⚠️ 警告: 稀疏注意力未配置，将使用全连接注意力
⚠️ 警告: 稀疏注意力未配置，将使用全连接注意力
⚠️ 警告: 稀疏注意力未配置，将使用全连接注意力
⚠️ 警告: 稀疏注意力未配置，将使用全连接注意力
⚠️ 警告: 稀疏注意力未配置，将使用全连接注意力
⚠️ 警告: 稀疏注意力未配置，将使用全连接注意力
⚠️ 警告: 稀疏注意力未配置，将使用全连接注意力
⚠️ 警告: 稀疏注意力未配置，将使用全连接注意力
⚠️ 警告: 稀疏注意力未配置，将使用全连接注意力
⚠️ 警告: 稀疏注意力未配置，将使用全连接注意力
⚠️ 警告: 稀疏注意力未配置，将使用全连接注意力
⚠️ 警告: 稀疏注意力未配置，将使用全连接注意力
⚠️ 警告: 稀疏注意力未配置，将使用全连接注意力
⚠️ 警告: 稀疏注意力未配置，将使用全连接注意力
⚠️ 警告: 稀疏注意力未配置，将使用全连接注意力
⚠️ 警告: 稀疏注意力未配置，将使用全连接注意力
⚠️ 警告: 稀疏注意力未配置，将使用全连接注意力
⚠️ 警告: 稀疏注意力未配置，将使用全连接注意力
⚠️ 警告: 稀疏注意力未配置，将使用全连接注意力
⚠️ 警告: 稀疏注意力未配置，将使用全连接注意力
⚠️ 警告: 稀疏注意力未配置，将使用全连接注意力
⚠️ 警告: 稀疏注意力未配置，将使用全连接注意力
⚠️ 警告: 稀疏注意力未配置，将使用全连接注意力
⚠️ 警告: 稀疏注意力未配置，将使用全连接注意力
⚠️ 警告: 稀疏注意力未配置，将使用全连接注意力
⚠️ 警告: 稀疏注意力未配置，将使用全连接注意力
⚠️ 警告: 稀疏注意力未配置，将使用全连接注意力
⚠️ 警告: 稀疏注意力未配置，将使用全连接注意力
⚠️ 警告: 稀疏注意力未配置，将使用全连接注意力
⚠️ 警告: 稀疏注意力未配置，将使用全连接注意力
⚠️ 警告: 稀疏注意力未配置，将使用全连接注意力
⚠️ 警告: 稀疏注意力未配置，将使用全连接注意力
⚠️ 警告: 稀疏注意力未配置，将使用全连接注意力
⚠️ 警告: 稀疏注意力未配置，将使用全连接注意力
⚠️ 警告: 稀疏注意力未配置，将使用全连接注意力
⚠️ 警告: 稀疏注意力未配置，将使用全连接注意力
⚠️ 警告: 稀疏注意力未配置，将使用全连接注意力
⚠️ 警告: 稀疏注意力未配置，将使用全连接注意力
⚠️ 警告: 稀疏注意力未配置，将使用全连接注意力
Valid : loss:1.10e-01  =  1.07e-01 + alpha*3.92e-03
⚠️ 警告: 稀疏注意力未配置，将使用全连接注意力
⚠️ 警告: 稀疏注意力未配置，将使用全连接注意力
⚠️ 警告: 稀疏注意力未配置，将使用全连接注意力
⚠️ 警告: 稀疏注意力未配置，将使用全连接注意力
⚠️ 警告: 稀疏注意力未配置，将使用全连接注意力
⚠️ 警告: 稀疏注意力未配置，将使用全连接注意力
⚠️ 警告: 稀疏注意力未配置，将使用全连接注意力
⚠️ 警告: 稀疏注意力未配置，将使用全连接注意力
⚠️ 警告: 稀疏注意力未配置，将使用全连接注意力
⚠️ 警告: 稀疏注意力未配置，将使用全连接注意力
⚠️ 警告: 稀疏注意力未配置，将使用全连接注意力
⚠️ 警告: 稀疏注意力未配置，将使用全连接注意力
⚠️ 警告: 稀疏注意力未配置，将使用全连接注意力
⚠️ 警告: 稀疏注意力未配置，将使用全连接注意力
⚠️ 警告: 稀疏注意力未配置，将使用全连接注意力
⚠️ 警告: 稀疏注意力未配置，将使用全连接注意力
⚠️ 警告: 稀疏注意力未配置，将使用全连接注意力
⚠️ 警告: 稀疏注意力未配置，将使用全连接注意力
⚠️ 警告: 稀疏注意力未配置，将使用全连接注意力
⚠️ 警告: 稀疏注意力未配置，将使用全连接注意力
⚠️ 警告: 稀疏注意力未配置，将使用全连接注意力
⚠️ 警告: 稀疏注意力未配置，将使用全连接注意力
⚠️ 警告: 稀疏注意力未配置，将使用全连接注意力
⚠️ 警告: 稀疏注意力未配置，将使用全连接注意力
⚠️ 警告: 稀疏注意力未配置，将使用全连接注意力
⚠️ 警告: 稀疏注意力未配置，将使用全连接注意力
⚠️ 警告: 稀疏注意力未配置，将使用全连接注意力
⚠️ 警告: 稀疏注意力未配置，将使用全连接注意力
⚠️ 警告: 稀疏注意力未配置，将使用全连接注意力
⚠️ 警告: 稀疏注意力未配置，将使用全连接注意力
⚠️ 警告: 稀疏注意力未配置，将使用全连接注意力
⚠️ 警告: 稀疏注意力未配置，将使用全连接注意力
⚠️ 警告: 稀疏注意力未配置，将使用全连接注意力
⚠️ 警告: 稀疏注意力未配置，将使用全连接注意力
⚠️ 警告: 稀疏注意力未配置，将使用全连接注意力
⚠️ 警告: 稀疏注意力未配置，将使用全连接注意力
⚠️ 警告: 稀疏注意力未配置，将使用全连接注意力
⚠️ 警告: 稀疏注意力未配置，将使用全连接注意力
⚠️ 警告: 稀疏注意力未配置，将使用全连接注意力
⚠️ 警告: 稀疏注意力未配置，将使用全连接注意力
⚠️ 警告: 稀疏注意力未配置，将使用全连接注意力
⚠️ 警告: 稀疏注意力未配置，将使用全连接注意力
⚠️ 警告: 稀疏注意力未配置，将使用全连接注意力
⚠️ 警告: 稀疏注意力未配置，将使用全连接注意力
⚠️ 警告: 稀疏注意力未配置，将使用全连接注意力
⚠️ 警告: 稀疏注意力未配置，将使用全连接注意力
⚠️ 警告: 稀疏注意力未配置，将使用全连接注意力
⚠️ 警告: 稀疏注意力未配置，将使用全连接注意力
⚠️ 警告: 稀疏注意力未配置，将使用全连接注意力
⚠️ 警告: 稀疏注意力未配置，将使用全连接注意力
⚠️ 警告: 稀疏注意力未配置，将使用全连接注意力
Test: loss:1.71e-01  =  1.68e-01 + alpha*5.16e-03
Valid performance:
 mse:1.07e-01, IC:5.39e-02, RIC:3.22e-01, prec@10:4.86e-01, SR:5.17e-01
Test performance:
 mse:1.68e-01, IC:2.08e-02, RIC:1.29e-01, prec@10:4.84e-01, SR:1.22e+00 


epoch2##########################################################
⚠️ 警告: 稀疏注意力未配置，将使用全连接注意力
⚠️ 警告: 稀疏注意力未配置，将使用全连接注意力
⚠️ 警告: 稀疏注意力未配置，将使用全连接注意力
⚠️ 警告: 稀疏注意力未配置，将使用全连接注意力
⚠️ 警告: 稀疏注意力未配置，将使用全连接注意力
⚠️ 警告: 稀疏注意力未配置，将使用全连接注意力
⚠️ 警告: 稀疏注意力未配置，将使用全连接注意力
⚠️ 警告: 稀疏注意力未配置，将使用全连接注意力
⚠️ 警告: 稀疏注意力未配置，将使用全连接注意力
⚠️ 警告: 稀疏注意力未配置，将使用全连接注意力
⚠️ 警告: 稀疏注意力未配置，将使用全连接注意力
⚠️ 警告: 稀疏注意力未配置，将使用全连接注意力
⚠️ 警告: 稀疏注意力未配置，将使用全连接注意力
⚠️ 警告: 稀疏注意力未配置，将使用全连接注意力
⚠️ 警告: 稀疏注意力未配置，将使用全连接注意力
⚠️ 警告: 稀疏注意力未配置，将使用全连接注意力
⚠️ 警告: 稀疏注意力未配置，将使用全连接注意力
⚠️ 警告: 稀疏注意力未配置，将使用全连接注意力
⚠️ 警告: 稀疏注意力未配置，将使用全连接注意力
⚠️ 警告: 稀疏注意力未配置，将使用全连接注意力
⚠️ 警告: 稀疏注意力未配置，将使用全连接注意力
⚠️ 警告: 稀疏注意力未配置，将使用全连接注意力
⚠️ 警告: 稀疏注意力未配置，将使用全连接注意力
⚠️ 警告: 稀疏注意力未配置，将使用全连接注意力
⚠️ 警告: 稀疏注意力未配置，将使用全连接注意力
⚠️ 警告: 稀疏注意力未配置，将使用全连接注意力
⚠️ 警告: 稀疏注意力未配置，将使用全连接注意力
⚠️ 警告: 稀疏注意力未配置，将使用全连接注意力
⚠️ 警告: 稀疏注意力未配置，将使用全连接注意力
⚠️ 警告: 稀疏注意力未配置，将使用全连接注意力
⚠️ 警告: 稀疏注意力未配置，将使用全连接注意力
⚠️ 警告: 稀疏注意力未配置，将使用全连接注意力
⚠️ 警告: 稀疏注意力未配置，将使用全连接注意力
⚠️ 警告: 稀疏注意力未配置，将使用全连接注意力
⚠️ 警告: 稀疏注意力未配置，将使用全连接注意力
⚠️ 警告: 稀疏注意力未配置，将使用全连接注意力
⚠️ 警告: 稀疏注意力未配置，将使用全连接注意力
⚠️ 警告: 稀疏注意力未配置，将使用全连接注意力
⚠️ 警告: 稀疏注意力未配置，将使用全连接注意力
⚠️ 警告: 稀疏注意力未配置，将使用全连接注意力
⚠️ 警告: 稀疏注意力未配置，将使用全连接注意力
⚠️ 警告: 稀疏注意力未配置，将使用全连接注意力
⚠️ 警告: 稀疏注意力未配置，将使用全连接注意力
⚠️ 警告: 稀疏注意力未配置，将使用全连接注意力
⚠️ 警告: 稀疏注意力未配置，将使用全连接注意力
⚠️ 警告: 稀疏注意力未配置，将使用全连接注意力
⚠️ 警告: 稀疏注意力未配置，将使用全连接注意力
⚠️ 警告: 稀疏注意力未配置，将使用全连接注意力
⚠️ 警告: 稀疏注意力未配置，将使用全连接注意力
⚠️ 警告: 稀疏注意力未配置，将使用全连接注意力
⚠️ 警告: 稀疏注意力未配置，将使用全连接注意力
⚠️ 警告: 稀疏注意力未配置，将使用全连接注意力
⚠️ 警告: 稀疏注意力未配置，将使用全连接注意力
⚠️ 警告: 稀疏注意力未配置，将使用全连接注意力
⚠️ 警告: 稀疏注意力未配置，将使用全连接注意力
⚠️ 警告: 稀疏注意力未配置，将使用全连接注意力
⚠️ 警告: 稀疏注意力未配置，将使用全连接注意力
⚠️ 警告: 稀疏注意力未配置，将使用全连接注意力
⚠️ 警告: 稀疏注意力未配置，将使用全连接注意力
⚠️ 警告: 稀疏注意力未配置，将使用全连接注意力
⚠️ 警告: 稀疏注意力未配置，将使用全连接注意力
⚠️ 警告: 稀疏注意力未配置，将使用全连接注意力
⚠️ 警告: 稀疏注意力未配置，将使用全连接注意力
⚠️ 警告: 稀疏注意力未配置，将使用全连接注意力
⚠️ 警告: 稀疏注意力未配置，将使用全连接注意力
⚠️ 警告: 稀疏注意力未配置，将使用全连接注意力
⚠️ 警告: 稀疏注意力未配置，将使用全连接注意力
⚠️ 警告: 稀疏注意力未配置，将使用全连接注意力
⚠️ 警告: 稀疏注意力未配置，将使用全连接注意力
⚠️ 警告: 稀疏注意力未配置，将使用全连接注意力
⚠️ 警告: 稀疏注意力未配置，将使用全连接注意力
⚠️ 警告: 稀疏注意力未配置，将使用全连接注意力
⚠️ 警告: 稀疏注意力未配置，将使用全连接注意力
⚠️ 警告: 稀疏注意力未配置，将使用全连接注意力
⚠️ 警告: 稀疏注意力未配置，将使用全连接注意力
⚠️ 警告: 稀疏注意力未配置，将使用全连接注意力
⚠️ 警告: 稀疏注意力未配置，将使用全连接注意力
⚠️ 警告: 稀疏注意力未配置，将使用全连接注意力
⚠️ 警告: 稀疏注意力未配置，将使用全连接注意力
⚠️ 警告: 稀疏注意力未配置，将使用全连接注意力
⚠️ 警告: 稀疏注意力未配置，将使用全连接注意力
⚠️ 警告: 稀疏注意力未配置，将使用全连接注意力
⚠️ 警告: 稀疏注意力未配置，将使用全连接注意力
⚠️ 警告: 稀疏注意力未配置，将使用全连接注意力
⚠️ 警告: 稀疏注意力未配置，将使用全连接注意力
⚠️ 警告: 稀疏注意力未配置，将使用全连接注意力
⚠️ 警告: 稀疏注意力未配置，将使用全连接注意力
⚠️ 警告: 稀疏注意力未配置，将使用全连接注意力
⚠️ 警告: 稀疏注意力未配置，将使用全连接注意力
⚠️ 警告: 稀疏注意力未配置，将使用全连接注意力
⚠️ 警告: 稀疏注意力未配置，将使用全连接注意力
⚠️ 警告: 稀疏注意力未配置，将使用全连接注意力
⚠️ 警告: 稀疏注意力未配置，将使用全连接注意力
⚠️ 警告: 稀疏注意力未配置，将使用全连接注意力
⚠️ 警告: 稀疏注意力未配置，将使用全连接注意力
⚠️ 警告: 稀疏注意力未配置，将使用全连接注意力
⚠️ 警告: 稀疏注意力未配置，将使用全连接注意力
⚠️ 警告: 稀疏注意力未配置，将使用全连接注意力
⚠️ 警告: 稀疏注意力未配置，将使用全连接注意力
⚠️ 警告: 稀疏注意力未配置，将使用全连接注意力
⚠️ 警告: 稀疏注意力未配置，将使用全连接注意力
⚠️ 警告: 稀疏注意力未配置，将使用全连接注意力
⚠️ 警告: 稀疏注意力未配置，将使用全连接注意力
⚠️ 警告: 稀疏注意力未配置，将使用全连接注意力
⚠️ 警告: 稀疏注意力未配置，将使用全连接注意力
⚠️ 警告: 稀疏注意力未配置，将使用全连接注意力
⚠️ 警告: 稀疏注意力未配置，将使用全连接注意力
⚠️ 警告: 稀疏注意力未配置，将使用全连接注意力
⚠️ 警告: 稀疏注意力未配置，将使用全连接注意力
⚠️ 警告: 稀疏注意力未配置，将使用全连接注意力
⚠️ 警告: 稀疏注意力未配置，将使用全连接注意力
⚠️ 警告: 稀疏注意力未配置，将使用全连接注意力
⚠️ 警告: 稀疏注意力未配置，将使用全连接注意力
⚠️ 警告: 稀疏注意力未配置，将使用全连接注意力
⚠️ 警告: 稀疏注意力未配置，将使用全连接注意力
⚠️ 警告: 稀疏注意力未配置，将使用全连接注意力
⚠️ 警告: 稀疏注意力未配置，将使用全连接注意力
⚠️ 警告: 稀疏注意力未配置，将使用全连接注意力
⚠️ 警告: 稀疏注意力未配置，将使用全连接注意力
Train : loss:4.44e-02  =  4.28e-02 + alpha*2.13e-03
⚠️ 警告: 稀疏注意力未配置，将使用全连接注意力
⚠️ 警告: 稀疏注意力未配置，将使用全连接注意力
⚠️ 警告: 稀疏注意力未配置，将使用全连接注意力
⚠️ 警告: 稀疏注意力未配置，将使用全连接注意力
⚠️ 警告: 稀疏注意力未配置，将使用全连接注意力
⚠️ 警告: 稀疏注意力未配置，将使用全连接注意力
⚠️ 警告: 稀疏注意力未配置，将使用全连接注意力
⚠️ 警告: 稀疏注意力未配置，将使用全连接注意力
⚠️ 警告: 稀疏注意力未配置，将使用全连接注意力
⚠️ 警告: 稀疏注意力未配置，将使用全连接注意力
⚠️ 警告: 稀疏注意力未配置，将使用全连接注意力
⚠️ 警告: 稀疏注意力未配置，将使用全连接注意力
⚠️ 警告: 稀疏注意力未配置，将使用全连接注意力
⚠️ 警告: 稀疏注意力未配置，将使用全连接注意力
⚠️ 警告: 稀疏注意力未配置，将使用全连接注意力
⚠️ 警告: 稀疏注意力未配置，将使用全连接注意力
⚠️ 警告: 稀疏注意力未配置，将使用全连接注意力
⚠️ 警告: 稀疏注意力未配置，将使用全连接注意力
⚠️ 警告: 稀疏注意力未配置，将使用全连接注意力
⚠️ 警告: 稀疏注意力未配置，将使用全连接注意力
⚠️ 警告: 稀疏注意力未配置，将使用全连接注意力
⚠️ 警告: 稀疏注意力未配置，将使用全连接注意力
⚠️ 警告: 稀疏注意力未配置，将使用全连接注意力
⚠️ 警告: 稀疏注意力未配置，将使用全连接注意力
⚠️ 警告: 稀疏注意力未配置，将使用全连接注意力
⚠️ 警告: 稀疏注意力未配置，将使用全连接注意力
⚠️ 警告: 稀疏注意力未配置，将使用全连接注意力
⚠️ 警告: 稀疏注意力未配置，将使用全连接注意力
⚠️ 警告: 稀疏注意力未配置，将使用全连接注意力
⚠️ 警告: 稀疏注意力未配置，将使用全连接注意力
⚠️ 警告: 稀疏注意力未配置，将使用全连接注意力
⚠️ 警告: 稀疏注意力未配置，将使用全连接注意力
⚠️ 警告: 稀疏注意力未配置，将使用全连接注意力
⚠️ 警告: 稀疏注意力未配置，将使用全连接注意力
⚠️ 警告: 稀疏注意力未配置，将使用全连接注意力
⚠️ 警告: 稀疏注意力未配置，将使用全连接注意力
⚠️ 警告: 稀疏注意力未配置，将使用全连接注意力
⚠️ 警告: 稀疏注意力未配置，将使用全连接注意力
⚠️ 警告: 稀疏注意力未配置，将使用全连接注意力
⚠️ 警告: 稀疏注意力未配置，将使用全连接注意力
⚠️ 警告: 稀疏注意力未配置，将使用全连接注意力
⚠️ 警告: 稀疏注意力未配置，将使用全连接注意力
⚠️ 警告: 稀疏注意力未配置，将使用全连接注意力
⚠️ 警告: 稀疏注意力未配置，将使用全连接注意力
⚠️ 警告: 稀疏注意力未配置，将使用全连接注意力
⚠️ 警告: 稀疏注意力未配置，将使用全连接注意力
⚠️ 警告: 稀疏注意力未配置，将使用全连接注意力
⚠️ 警告: 稀疏注意力未配置，将使用全连接注意力
⚠️ 警告: 稀疏注意力未配置，将使用全连接注意力
⚠️ 警告: 稀疏注意力未配置，将使用全连接注意力
Valid : loss:5.13e-02  =  4.90e-02 + alpha*3.05e-03
⚠️ 警告: 稀疏注意力未配置，将使用全连接注意力
⚠️ 警告: 稀疏注意力未配置，将使用全连接注意力
⚠️ 警告: 稀疏注意力未配置，将使用全连接注意力
⚠️ 警告: 稀疏注意力未配置，将使用全连接注意力
⚠️ 警告: 稀疏注意力未配置，将使用全连接注意力
⚠️ 警告: 稀疏注意力未配置，将使用全连接注意力
⚠️ 警告: 稀疏注意力未配置，将使用全连接注意力
⚠️ 警告: 稀疏注意力未配置，将使用全连接注意力
⚠️ 警告: 稀疏注意力未配置，将使用全连接注意力
⚠️ 警告: 稀疏注意力未配置，将使用全连接注意力
⚠️ 警告: 稀疏注意力未配置，将使用全连接注意力
⚠️ 警告: 稀疏注意力未配置，将使用全连接注意力
⚠️ 警告: 稀疏注意力未配置，将使用全连接注意力
⚠️ 警告: 稀疏注意力未配置，将使用全连接注意力
⚠️ 警告: 稀疏注意力未配置，将使用全连接注意力
⚠️ 警告: 稀疏注意力未配置，将使用全连接注意力
⚠️ 警告: 稀疏注意力未配置，将使用全连接注意力
⚠️ 警告: 稀疏注意力未配置，将使用全连接注意力
⚠️ 警告: 稀疏注意力未配置，将使用全连接注意力
⚠️ 警告: 稀疏注意力未配置，将使用全连接注意力
⚠️ 警告: 稀疏注意力未配置，将使用全连接注意力
⚠️ 警告: 稀疏注意力未配置，将使用全连接注意力
⚠️ 警告: 稀疏注意力未配置，将使用全连接注意力
⚠️ 警告: 稀疏注意力未配置，将使用全连接注意力
⚠️ 警告: 稀疏注意力未配置，将使用全连接注意力
⚠️ 警告: 稀疏注意力未配置，将使用全连接注意力
⚠️ 警告: 稀疏注意力未配置，将使用全连接注意力
⚠️ 警告: 稀疏注意力未配置，将使用全连接注意力
⚠️ 警告: 稀疏注意力未配置，将使用全连接注意力
⚠️ 警告: 稀疏注意力未配置，将使用全连接注意力
⚠️ 警告: 稀疏注意力未配置，将使用全连接注意力
⚠️ 警告: 稀疏注意力未配置，将使用全连接注意力
⚠️ 警告: 稀疏注意力未配置，将使用全连接注意力
⚠️ 警告: 稀疏注意力未配置，将使用全连接注意力
⚠️ 警告: 稀疏注意力未配置，将使用全连接注意力
⚠️ 警告: 稀疏注意力未配置，将使用全连接注意力
⚠️ 警告: 稀疏注意力未配置，将使用全连接注意力
⚠️ 警告: 稀疏注意力未配置，将使用全连接注意力
⚠️ 警告: 稀疏注意力未配置，将使用全连接注意力
⚠️ 警告: 稀疏注意力未配置，将使用全连接注意力
⚠️ 警告: 稀疏注意力未配置，将使用全连接注意力
⚠️ 警告: 稀疏注意力未配置，将使用全连接注意力
⚠️ 警告: 稀疏注意力未配置，将使用全连接注意力
⚠️ 警告: 稀疏注意力未配置，将使用全连接注意力
⚠️ 警告: 稀疏注意力未配置，将使用全连接注意力
⚠️ 警告: 稀疏注意力未配置，将使用全连接注意力
⚠️ 警告: 稀疏注意力未配置，将使用全连接注意力
⚠️ 警告: 稀疏注意力未配置，将使用全连接注意力
⚠️ 警告: 稀疏注意力未配置，将使用全连接注意力
⚠️ 警告: 稀疏注意力未配置，将使用全连接注意力
⚠️ 警告: 稀疏注意力未配置，将使用全连接注意力
Test: loss:4.72e-02  =  4.50e-02 + alpha*2.98e-03
Valid performance:
 mse:4.90e-02, IC:2.13e-02, RIC:1.20e-01, prec@10:4.92e-01, SR:-5.21e-01
Test performance:
 mse:4.50e-02, IC:6.52e-03, RIC:5.48e-02, prec@10:5.00e-01, SR:7.26e-01 


epoch3##########################################################
⚠️ 警告: 稀疏注意力未配置，将使用全连接注意力
⚠️ 警告: 稀疏注意力未配置，将使用全连接注意力
⚠️ 警告: 稀疏注意力未配置，将使用全连接注意力
⚠️ 警告: 稀疏注意力未配置，将使用全连接注意力
⚠️ 警告: 稀疏注意力未配置，将使用全连接注意力
⚠️ 警告: 稀疏注意力未配置，将使用全连接注意力
⚠️ 警告: 稀疏注意力未配置，将使用全连接注意力
⚠️ 警告: 稀疏注意力未配置，将使用全连接注意力
⚠️ 警告: 稀疏注意力未配置，将使用全连接注意力
⚠️ 警告: 稀疏注意力未配置，将使用全连接注意力
⚠️ 警告: 稀疏注意力未配置，将使用全连接注意力
⚠️ 警告: 稀疏注意力未配置，将使用全连接注意力
⚠️ 警告: 稀疏注意力未配置，将使用全连接注意力
⚠️ 警告: 稀疏注意力未配置，将使用全连接注意力
⚠️ 警告: 稀疏注意力未配置，将使用全连接注意力
⚠️ 警告: 稀疏注意力未配置，将使用全连接注意力
⚠️ 警告: 稀疏注意力未配置，将使用全连接注意力
⚠️ 警告: 稀疏注意力未配置，将使用全连接注意力
⚠️ 警告: 稀疏注意力未配置，将使用全连接注意力
⚠️ 警告: 稀疏注意力未配置，将使用全连接注意力
⚠️ 警告: 稀疏注意力未配置，将使用全连接注意力
⚠️ 警告: 稀疏注意力未配置，将使用全连接注意力
⚠️ 警告: 稀疏注意力未配置，将使用全连接注意力
⚠️ 警告: 稀疏注意力未配置，将使用全连接注意力
⚠️ 警告: 稀疏注意力未配置，将使用全连接注意力
⚠️ 警告: 稀疏注意力未配置，将使用全连接注意力
⚠️ 警告: 稀疏注意力未配置，将使用全连接注意力
⚠️ 警告: 稀疏注意力未配置，将使用全连接注意力
⚠️ 警告: 稀疏注意力未配置，将使用全连接注意力
⚠️ 警告: 稀疏注意力未配置，将使用全连接注意力
⚠️ 警告: 稀疏注意力未配置，将使用全连接注意力
⚠️ 警告: 稀疏注意力未配置，将使用全连接注意力
⚠️ 警告: 稀疏注意力未配置，将使用全连接注意力
⚠️ 警告: 稀疏注意力未配置，将使用全连接注意力
⚠️ 警告: 稀疏注意力未配置，将使用全连接注意力
⚠️ 警告: 稀疏注意力未配置，将使用全连接注意力
⚠️ 警告: 稀疏注意力未配置，将使用全连接注意力
⚠️ 警告: 稀疏注意力未配置，将使用全连接注意力
⚠️ 警告: 稀疏注意力未配置，将使用全连接注意力
⚠️ 警告: 稀疏注意力未配置，将使用全连接注意力
⚠️ 警告: 稀疏注意力未配置，将使用全连接注意力
⚠️ 警告: 稀疏注意力未配置，将使用全连接注意力
⚠️ 警告: 稀疏注意力未配置，将使用全连接注意力
⚠️ 警告: 稀疏注意力未配置，将使用全连接注意力
⚠️ 警告: 稀疏注意力未配置，将使用全连接注意力
⚠️ 警告: 稀疏注意力未配置，将使用全连接注意力
⚠️ 警告: 稀疏注意力未配置，将使用全连接注意力
⚠️ 警告: 稀疏注意力未配置，将使用全连接注意力
⚠️ 警告: 稀疏注意力未配置，将使用全连接注意力
⚠️ 警告: 稀疏注意力未配置，将使用全连接注意力
⚠️ 警告: 稀疏注意力未配置，将使用全连接注意力
⚠️ 警告: 稀疏注意力未配置，将使用全连接注意力
⚠️ 警告: 稀疏注意力未配置，将使用全连接注意力
⚠️ 警告: 稀疏注意力未配置，将使用全连接注意力
⚠️ 警告: 稀疏注意力未配置，将使用全连接注意力
⚠️ 警告: 稀疏注意力未配置，将使用全连接注意力
⚠️ 警告: 稀疏注意力未配置，将使用全连接注意力
⚠️ 警告: 稀疏注意力未配置，将使用全连接注意力
⚠️ 警告: 稀疏注意力未配置，将使用全连接注意力
⚠️ 警告: 稀疏注意力未配置，将使用全连接注意力
⚠️ 警告: 稀疏注意力未配置，将使用全连接注意力
⚠️ 警告: 稀疏注意力未配置，将使用全连接注意力
⚠️ 警告: 稀疏注意力未配置，将使用全连接注意力
⚠️ 警告: 稀疏注意力未配置，将使用全连接注意力
⚠️ 警告: 稀疏注意力未配置，将使用全连接注意力
⚠️ 警告: 稀疏注意力未配置，将使用全连接注意力
⚠️ 警告: 稀疏注意力未配置，将使用全连接注意力
⚠️ 警告: 稀疏注意力未配置，将使用全连接注意力
⚠️ 警告: 稀疏注意力未配置，将使用全连接注意力
⚠️ 警告: 稀疏注意力未配置，将使用全连接注意力
⚠️ 警告: 稀疏注意力未配置，将使用全连接注意力
⚠️ 警告: 稀疏注意力未配置，将使用全连接注意力
⚠️ 警告: 稀疏注意力未配置，将使用全连接注意力
⚠️ 警告: 稀疏注意力未配置，将使用全连接注意力
⚠️ 警告: 稀疏注意力未配置，将使用全连接注意力
⚠️ 警告: 稀疏注意力未配置，将使用全连接注意力
⚠️ 警告: 稀疏注意力未配置，将使用全连接注意力
⚠️ 警告: 稀疏注意力未配置，将使用全连接注意力
⚠️ 警告: 稀疏注意力未配置，将使用全连接注意力
⚠️ 警告: 稀疏注意力未配置，将使用全连接注意力
⚠️ 警告: 稀疏注意力未配置，将使用全连接注意力
⚠️ 警告: 稀疏注意力未配置，将使用全连接注意力
⚠️ 警告: 稀疏注意力未配置，将使用全连接注意力
⚠️ 警告: 稀疏注意力未配置，将使用全连接注意力
⚠️ 警告: 稀疏注意力未配置，将使用全连接注意力
⚠️ 警告: 稀疏注意力未配置，将使用全连接注意力
⚠️ 警告: 稀疏注意力未配置，将使用全连接注意力
⚠️ 警告: 稀疏注意力未配置，将使用全连接注意力
⚠️ 警告: 稀疏注意力未配置，将使用全连接注意力
⚠️ 警告: 稀疏注意力未配置，将使用全连接注意力
⚠️ 警告: 稀疏注意力未配置，将使用全连接注意力
⚠️ 警告: 稀疏注意力未配置，将使用全连接注意力
⚠️ 警告: 稀疏注意力未配置，将使用全连接注意力
⚠️ 警告: 稀疏注意力未配置，将使用全连接注意力
⚠️ 警告: 稀疏注意力未配置，将使用全连接注意力
⚠️ 警告: 稀疏注意力未配置，将使用全连接注意力
⚠️ 警告: 稀疏注意力未配置，将使用全连接注意力
⚠️ 警告: 稀疏注意力未配置，将使用全连接注意力
⚠️ 警告: 稀疏注意力未配置，将使用全连接注意力
⚠️ 警告: 稀疏注意力未配置，将使用全连接注意力
⚠️ 警告: 稀疏注意力未配置，将使用全连接注意力
⚠️ 警告: 稀疏注意力未配置，将使用全连接注意力
⚠️ 警告: 稀疏注意力未配置，将使用全连接注意力
⚠️ 警告: 稀疏注意力未配置，将使用全连接注意力
⚠️ 警告: 稀疏注意力未配置，将使用全连接注意力
⚠️ 警告: 稀疏注意力未配置，将使用全连接注意力
⚠️ 警告: 稀疏注意力未配置，将使用全连接注意力
⚠️ 警告: 稀疏注意力未配置，将使用全连接注意力
⚠️ 警告: 稀疏注意力未配置，将使用全连接注意力
⚠️ 警告: 稀疏注意力未配置，将使用全连接注意力
⚠️ 警告: 稀疏注意力未配置，将使用全连接注意力
⚠️ 警告: 稀疏注意力未配置，将使用全连接注意力
⚠️ 警告: 稀疏注意力未配置，将使用全连接注意力
⚠️ 警告: 稀疏注意力未配置，将使用全连接注意力
⚠️ 警告: 稀疏注意力未配置，将使用全连接注意力
⚠️ 警告: 稀疏注意力未配置，将使用全连接注意力
⚠️ 警告: 稀疏注意力未配置，将使用全连接注意力
⚠️ 警告: 稀疏注意力未配置，将使用全连接注意力
⚠️ 警告: 稀疏注意力未配置，将使用全连接注意力
Train : loss:2.44e-02  =  2.31e-02 + alpha*1.76e-03
⚠️ 警告: 稀疏注意力未配置，将使用全连接注意力
⚠️ 警告: 稀疏注意力未配置，将使用全连接注意力
⚠️ 警告: 稀疏注意力未配置，将使用全连接注意力
⚠️ 警告: 稀疏注意力未配置，将使用全连接注意力
⚠️ 警告: 稀疏注意力未配置，将使用全连接注意力
⚠️ 警告: 稀疏注意力未配置，将使用全连接注意力
⚠️ 警告: 稀疏注意力未配置，将使用全连接注意力
⚠️ 警告: 稀疏注意力未配置，将使用全连接注意力
⚠️ 警告: 稀疏注意力未配置，将使用全连接注意力
⚠️ 警告: 稀疏注意力未配置，将使用全连接注意力
⚠️ 警告: 稀疏注意力未配置，将使用全连接注意力
⚠️ 警告: 稀疏注意力未配置，将使用全连接注意力
⚠️ 警告: 稀疏注意力未配置，将使用全连接注意力
⚠️ 警告: 稀疏注意力未配置，将使用全连接注意力
⚠️ 警告: 稀疏注意力未配置，将使用全连接注意力
⚠️ 警告: 稀疏注意力未配置，将使用全连接注意力
⚠️ 警告: 稀疏注意力未配置，将使用全连接注意力
⚠️ 警告: 稀疏注意力未配置，将使用全连接注意力
⚠️ 警告: 稀疏注意力未配置，将使用全连接注意力
⚠️ 警告: 稀疏注意力未配置，将使用全连接注意力
⚠️ 警告: 稀疏注意力未配置，将使用全连接注意力
⚠️ 警告: 稀疏注意力未配置，将使用全连接注意力
⚠️ 警告: 稀疏注意力未配置，将使用全连接注意力
⚠️ 警告: 稀疏注意力未配置，将使用全连接注意力
⚠️ 警告: 稀疏注意力未配置，将使用全连接注意力
⚠️ 警告: 稀疏注意力未配置，将使用全连接注意力
⚠️ 警告: 稀疏注意力未配置，将使用全连接注意力
⚠️ 警告: 稀疏注意力未配置，将使用全连接注意力
⚠️ 警告: 稀疏注意力未配置，将使用全连接注意力
⚠️ 警告: 稀疏注意力未配置，将使用全连接注意力
⚠️ 警告: 稀疏注意力未配置，将使用全连接注意力
⚠️ 警告: 稀疏注意力未配置，将使用全连接注意力
⚠️ 警告: 稀疏注意力未配置，将使用全连接注意力
⚠️ 警告: 稀疏注意力未配置，将使用全连接注意力
⚠️ 警告: 稀疏注意力未配置，将使用全连接注意力
⚠️ 警告: 稀疏注意力未配置，将使用全连接注意力
⚠️ 警告: 稀疏注意力未配置，将使用全连接注意力
⚠️ 警告: 稀疏注意力未配置，将使用全连接注意力
⚠️ 警告: 稀疏注意力未配置，将使用全连接注意力
⚠️ 警告: 稀疏注意力未配置，将使用全连接注意力
⚠️ 警告: 稀疏注意力未配置，将使用全连接注意力
⚠️ 警告: 稀疏注意力未配置，将使用全连接注意力
⚠️ 警告: 稀疏注意力未配置，将使用全连接注意力
⚠️ 警告: 稀疏注意力未配置，将使用全连接注意力
⚠️ 警告: 稀疏注意力未配置，将使用全连接注意力
⚠️ 警告: 稀疏注意力未配置，将使用全连接注意力
⚠️ 警告: 稀疏注意力未配置，将使用全连接注意力
⚠️ 警告: 稀疏注意力未配置，将使用全连接注意力
⚠️ 警告: 稀疏注意力未配置，将使用全连接注意力
⚠️ 警告: 稀疏注意力未配置，将使用全连接注意力
Valid : loss:3.51e-02  =  3.31e-02 + alpha*2.57e-03
⚠️ 警告: 稀疏注意力未配置，将使用全连接注意力
⚠️ 警告: 稀疏注意力未配置，将使用全连接注意力
⚠️ 警告: 稀疏注意力未配置，将使用全连接注意力
⚠️ 警告: 稀疏注意力未配置，将使用全连接注意力
⚠️ 警告: 稀疏注意力未配置，将使用全连接注意力
⚠️ 警告: 稀疏注意力未配置，将使用全连接注意力
⚠️ 警告: 稀疏注意力未配置，将使用全连接注意力
⚠️ 警告: 稀疏注意力未配置，将使用全连接注意力
⚠️ 警告: 稀疏注意力未配置，将使用全连接注意力
⚠️ 警告: 稀疏注意力未配置，将使用全连接注意力
⚠️ 警告: 稀疏注意力未配置，将使用全连接注意力
⚠️ 警告: 稀疏注意力未配置，将使用全连接注意力
⚠️ 警告: 稀疏注意力未配置，将使用全连接注意力
⚠️ 警告: 稀疏注意力未配置，将使用全连接注意力
⚠️ 警告: 稀疏注意力未配置，将使用全连接注意力
⚠️ 警告: 稀疏注意力未配置，将使用全连接注意力
⚠️ 警告: 稀疏注意力未配置，将使用全连接注意力
⚠️ 警告: 稀疏注意力未配置，将使用全连接注意力
⚠️ 警告: 稀疏注意力未配置，将使用全连接注意力
⚠️ 警告: 稀疏注意力未配置，将使用全连接注意力
⚠️ 警告: 稀疏注意力未配置，将使用全连接注意力
⚠️ 警告: 稀疏注意力未配置，将使用全连接注意力
⚠️ 警告: 稀疏注意力未配置，将使用全连接注意力
⚠️ 警告: 稀疏注意力未配置，将使用全连接注意力
⚠️ 警告: 稀疏注意力未配置，将使用全连接注意力
⚠️ 警告: 稀疏注意力未配置，将使用全连接注意力
⚠️ 警告: 稀疏注意力未配置，将使用全连接注意力
⚠️ 警告: 稀疏注意力未配置，将使用全连接注意力
⚠️ 警告: 稀疏注意力未配置，将使用全连接注意力
⚠️ 警告: 稀疏注意力未配置，将使用全连接注意力
⚠️ 警告: 稀疏注意力未配置，将使用全连接注意力
⚠️ 警告: 稀疏注意力未配置，将使用全连接注意力
⚠️ 警告: 稀疏注意力未配置，将使用全连接注意力
⚠️ 警告: 稀疏注意力未配置，将使用全连接注意力
⚠️ 警告: 稀疏注意力未配置，将使用全连接注意力
⚠️ 警告: 稀疏注意力未配置，将使用全连接注意力
⚠️ 警告: 稀疏注意力未配置，将使用全连接注意力
⚠️ 警告: 稀疏注意力未配置，将使用全连接注意力
⚠️ 警告: 稀疏注意力未配置，将使用全连接注意力
⚠️ 警告: 稀疏注意力未配置，将使用全连接注意力
⚠️ 警告: 稀疏注意力未配置，将使用全连接注意力
⚠️ 警告: 稀疏注意力未配置，将使用全连接注意力
⚠️ 警告: 稀疏注意力未配置，将使用全连接注意力
⚠️ 警告: 稀疏注意力未配置，将使用全连接注意力
⚠️ 警告: 稀疏注意力未配置，将使用全连接注意力
⚠️ 警告: 稀疏注意力未配置，将使用全连接注意力
⚠️ 警告: 稀疏注意力未配置，将使用全连接注意力
⚠️ 警告: 稀疏注意力未配置，将使用全连接注意力
⚠️ 警告: 稀疏注意力未配置，将使用全连接注意力
⚠️ 警告: 稀疏注意力未配置，将使用全连接注意力
⚠️ 警告: 稀疏注意力未配置，将使用全连接注意力
Test: loss:3.75e-02  =  3.56e-02 + alpha*2.57e-03
Valid performance:
 mse:3.31e-02, IC:1.93e-02, RIC:1.10e-01, prec@10:4.92e-01, SR:1.26e+00
Test performance:
 mse:3.56e-02, IC:9.17e-03, RIC:7.61e-02, prec@10:5.25e-01, SR:-8.23e-01 


epoch4##########################################################
⚠️ 警告: 稀疏注意力未配置，将使用全连接注意力
⚠️ 警告: 稀疏注意力未配置，将使用全连接注意力
⚠️ 警告: 稀疏注意力未配置，将使用全连接注意力
⚠️ 警告: 稀疏注意力未配置，将使用全连接注意力
⚠️ 警告: 稀疏注意力未配置，将使用全连接注意力
⚠️ 警告: 稀疏注意力未配置，将使用全连接注意力
⚠️ 警告: 稀疏注意力未配置，将使用全连接注意力
⚠️ 警告: 稀疏注意力未配置，将使用全连接注意力
⚠️ 警告: 稀疏注意力未配置，将使用全连接注意力
⚠️ 警告: 稀疏注意力未配置，将使用全连接注意力
⚠️ 警告: 稀疏注意力未配置，将使用全连接注意力
⚠️ 警告: 稀疏注意力未配置，将使用全连接注意力
⚠️ 警告: 稀疏注意力未配置，将使用全连接注意力
⚠️ 警告: 稀疏注意力未配置，将使用全连接注意力
⚠️ 警告: 稀疏注意力未配置，将使用全连接注意力
⚠️ 警告: 稀疏注意力未配置，将使用全连接注意力
⚠️ 警告: 稀疏注意力未配置，将使用全连接注意力
⚠️ 警告: 稀疏注意力未配置，将使用全连接注意力
⚠️ 警告: 稀疏注意力未配置，将使用全连接注意力
⚠️ 警告: 稀疏注意力未配置，将使用全连接注意力
⚠️ 警告: 稀疏注意力未配置，将使用全连接注意力
⚠️ 警告: 稀疏注意力未配置，将使用全连接注意力
⚠️ 警告: 稀疏注意力未配置，将使用全连接注意力
⚠️ 警告: 稀疏注意力未配置，将使用全连接注意力
⚠️ 警告: 稀疏注意力未配置，将使用全连接注意力
⚠️ 警告: 稀疏注意力未配置，将使用全连接注意力
⚠️ 警告: 稀疏注意力未配置，将使用全连接注意力
⚠️ 警告: 稀疏注意力未配置，将使用全连接注意力
⚠️ 警告: 稀疏注意力未配置，将使用全连接注意力
⚠️ 警告: 稀疏注意力未配置，将使用全连接注意力
⚠️ 警告: 稀疏注意力未配置，将使用全连接注意力
⚠️ 警告: 稀疏注意力未配置，将使用全连接注意力
⚠️ 警告: 稀疏注意力未配置，将使用全连接注意力
⚠️ 警告: 稀疏注意力未配置，将使用全连接注意力
⚠️ 警告: 稀疏注意力未配置，将使用全连接注意力
⚠️ 警告: 稀疏注意力未配置，将使用全连接注意力
⚠️ 警告: 稀疏注意力未配置，将使用全连接注意力
⚠️ 警告: 稀疏注意力未配置，将使用全连接注意力
⚠️ 警告: 稀疏注意力未配置，将使用全连接注意力
⚠️ 警告: 稀疏注意力未配置，将使用全连接注意力
⚠️ 警告: 稀疏注意力未配置，将使用全连接注意力
⚠️ 警告: 稀疏注意力未配置，将使用全连接注意力
⚠️ 警告: 稀疏注意力未配置，将使用全连接注意力
⚠️ 警告: 稀疏注意力未配置，将使用全连接注意力
⚠️ 警告: 稀疏注意力未配置，将使用全连接注意力
⚠️ 警告: 稀疏注意力未配置，将使用全连接注意力
⚠️ 警告: 稀疏注意力未配置，将使用全连接注意力
⚠️ 警告: 稀疏注意力未配置，将使用全连接注意力
⚠️ 警告: 稀疏注意力未配置，将使用全连接注意力
⚠️ 警告: 稀疏注意力未配置，将使用全连接注意力
⚠️ 警告: 稀疏注意力未配置，将使用全连接注意力
⚠️ 警告: 稀疏注意力未配置，将使用全连接注意力
⚠️ 警告: 稀疏注意力未配置，将使用全连接注意力
⚠️ 警告: 稀疏注意力未配置，将使用全连接注意力
⚠️ 警告: 稀疏注意力未配置，将使用全连接注意力
⚠️ 警告: 稀疏注意力未配置，将使用全连接注意力
⚠️ 警告: 稀疏注意力未配置，将使用全连接注意力
⚠️ 警告: 稀疏注意力未配置，将使用全连接注意力
⚠️ 警告: 稀疏注意力未配置，将使用全连接注意力
⚠️ 警告: 稀疏注意力未配置，将使用全连接注意力
⚠️ 警告: 稀疏注意力未配置，将使用全连接注意力
⚠️ 警告: 稀疏注意力未配置，将使用全连接注意力
⚠️ 警告: 稀疏注意力未配置，将使用全连接注意力
⚠️ 警告: 稀疏注意力未配置，将使用全连接注意力
⚠️ 警告: 稀疏注意力未配置，将使用全连接注意力
⚠️ 警告: 稀疏注意力未配置，将使用全连接注意力
⚠️ 警告: 稀疏注意力未配置，将使用全连接注意力
⚠️ 警告: 稀疏注意力未配置，将使用全连接注意力
⚠️ 警告: 稀疏注意力未配置，将使用全连接注意力
⚠️ 警告: 稀疏注意力未配置，将使用全连接注意力
⚠️ 警告: 稀疏注意力未配置，将使用全连接注意力
⚠️ 警告: 稀疏注意力未配置，将使用全连接注意力
⚠️ 警告: 稀疏注意力未配置，将使用全连接注意力
⚠️ 警告: 稀疏注意力未配置，将使用全连接注意力
⚠️ 警告: 稀疏注意力未配置，将使用全连接注意力
⚠️ 警告: 稀疏注意力未配置，将使用全连接注意力
⚠️ 警告: 稀疏注意力未配置，将使用全连接注意力
⚠️ 警告: 稀疏注意力未配置，将使用全连接注意力
⚠️ 警告: 稀疏注意力未配置，将使用全连接注意力
⚠️ 警告: 稀疏注意力未配置，将使用全连接注意力
⚠️ 警告: 稀疏注意力未配置，将使用全连接注意力
⚠️ 警告: 稀疏注意力未配置，将使用全连接注意力
⚠️ 警告: 稀疏注意力未配置，将使用全连接注意力
⚠️ 警告: 稀疏注意力未配置，将使用全连接注意力
⚠️ 警告: 稀疏注意力未配置，将使用全连接注意力
⚠️ 警告: 稀疏注意力未配置，将使用全连接注意力
⚠️ 警告: 稀疏注意力未配置，将使用全连接注意力
⚠️ 警告: 稀疏注意力未配置，将使用全连接注意力
⚠️ 警告: 稀疏注意力未配置，将使用全连接注意力
⚠️ 警告: 稀疏注意力未配置，将使用全连接注意力
⚠️ 警告: 稀疏注意力未配置，将使用全连接注意力
⚠️ 警告: 稀疏注意力未配置，将使用全连接注意力
⚠️ 警告: 稀疏注意力未配置，将使用全连接注意力
⚠️ 警告: 稀疏注意力未配置，将使用全连接注意力
⚠️ 警告: 稀疏注意力未配置，将使用全连接注意力
⚠️ 警告: 稀疏注意力未配置，将使用全连接注意力
⚠️ 警告: 稀疏注意力未配置，将使用全连接注意力
⚠️ 警告: 稀疏注意力未配置，将使用全连接注意力
⚠️ 警告: 稀疏注意力未配置，将使用全连接注意力
⚠️ 警告: 稀疏注意力未配置，将使用全连接注意力
⚠️ 警告: 稀疏注意力未配置，将使用全连接注意力
⚠️ 警告: 稀疏注意力未配置，将使用全连接注意力
⚠️ 警告: 稀疏注意力未配置，将使用全连接注意力
⚠️ 警告: 稀疏注意力未配置，将使用全连接注意力
⚠️ 警告: 稀疏注意力未配置，将使用全连接注意力
⚠️ 警告: 稀疏注意力未配置，将使用全连接注意力
⚠️ 警告: 稀疏注意力未配置，将使用全连接注意力
⚠️ 警告: 稀疏注意力未配置，将使用全连接注意力
⚠️ 警告: 稀疏注意力未配置，将使用全连接注意力
⚠️ 警告: 稀疏注意力未配置，将使用全连接注意力
⚠️ 警告: 稀疏注意力未配置，将使用全连接注意力
⚠️ 警告: 稀疏注意力未配置，将使用全连接注意力
⚠️ 警告: 稀疏注意力未配置，将使用全连接注意力
⚠️ 警告: 稀疏注意力未配置，将使用全连接注意力
⚠️ 警告: 稀疏注意力未配置，将使用全连接注意力
⚠️ 警告: 稀疏注意力未配置，将使用全连接注意力
⚠️ 警告: 稀疏注意力未配置，将使用全连接注意力
⚠️ 警告: 稀疏注意力未配置，将使用全连接注意力
⚠️ 警告: 稀疏注意力未配置，将使用全连接注意力
Train : loss:1.88e-02  =  1.77e-02 + alpha*1.52e-03
⚠️ 警告: 稀疏注意力未配置，将使用全连接注意力
⚠️ 警告: 稀疏注意力未配置，将使用全连接注意力
⚠️ 警告: 稀疏注意力未配置，将使用全连接注意力
⚠️ 警告: 稀疏注意力未配置，将使用全连接注意力
⚠️ 警告: 稀疏注意力未配置，将使用全连接注意力
⚠️ 警告: 稀疏注意力未配置，将使用全连接注意力
⚠️ 警告: 稀疏注意力未配置，将使用全连接注意力
⚠️ 警告: 稀疏注意力未配置，将使用全连接注意力
⚠️ 警告: 稀疏注意力未配置，将使用全连接注意力
⚠️ 警告: 稀疏注意力未配置，将使用全连接注意力
⚠️ 警告: 稀疏注意力未配置，将使用全连接注意力
⚠️ 警告: 稀疏注意力未配置，将使用全连接注意力
⚠️ 警告: 稀疏注意力未配置，将使用全连接注意力
⚠️ 警告: 稀疏注意力未配置，将使用全连接注意力
⚠️ 警告: 稀疏注意力未配置，将使用全连接注意力
⚠️ 警告: 稀疏注意力未配置，将使用全连接注意力
⚠️ 警告: 稀疏注意力未配置，将使用全连接注意力
⚠️ 警告: 稀疏注意力未配置，将使用全连接注意力
⚠️ 警告: 稀疏注意力未配置，将使用全连接注意力
⚠️ 警告: 稀疏注意力未配置，将使用全连接注意力
⚠️ 警告: 稀疏注意力未配置，将使用全连接注意力
⚠️ 警告: 稀疏注意力未配置，将使用全连接注意力
⚠️ 警告: 稀疏注意力未配置，将使用全连接注意力
⚠️ 警告: 稀疏注意力未配置，将使用全连接注意力
⚠️ 警告: 稀疏注意力未配置，将使用全连接注意力
⚠️ 警告: 稀疏注意力未配置，将使用全连接注意力
⚠️ 警告: 稀疏注意力未配置，将使用全连接注意力
⚠️ 警告: 稀疏注意力未配置，将使用全连接注意力
⚠️ 警告: 稀疏注意力未配置，将使用全连接注意力
⚠️ 警告: 稀疏注意力未配置，将使用全连接注意力
⚠️ 警告: 稀疏注意力未配置，将使用全连接注意力
⚠️ 警告: 稀疏注意力未配置，将使用全连接注意力
⚠️ 警告: 稀疏注意力未配置，将使用全连接注意力
⚠️ 警告: 稀疏注意力未配置，将使用全连接注意力
⚠️ 警告: 稀疏注意力未配置，将使用全连接注意力
⚠️ 警告: 稀疏注意力未配置，将使用全连接注意力
⚠️ 警告: 稀疏注意力未配置，将使用全连接注意力
⚠️ 警告: 稀疏注意力未配置，将使用全连接注意力
⚠️ 警告: 稀疏注意力未配置，将使用全连接注意力
⚠️ 警告: 稀疏注意力未配置，将使用全连接注意力
⚠️ 警告: 稀疏注意力未配置，将使用全连接注意力
⚠️ 警告: 稀疏注意力未配置，将使用全连接注意力
⚠️ 警告: 稀疏注意力未配置，将使用全连接注意力
⚠️ 警告: 稀疏注意力未配置，将使用全连接注意力
⚠️ 警告: 稀疏注意力未配置，将使用全连接注意力
⚠️ 警告: 稀疏注意力未配置，将使用全连接注意力
⚠️ 警告: 稀疏注意力未配置，将使用全连接注意力
⚠️ 警告: 稀疏注意力未配置，将使用全连接注意力
⚠️ 警告: 稀疏注意力未配置，将使用全连接注意力
⚠️ 警告: 稀疏注意力未配置，将使用全连接注意力
Valid : loss:3.22e-02  =  3.04e-02 + alpha*2.38e-03
⚠️ 警告: 稀疏注意力未配置，将使用全连接注意力
⚠️ 警告: 稀疏注意力未配置，将使用全连接注意力
⚠️ 警告: 稀疏注意力未配置，将使用全连接注意力
⚠️ 警告: 稀疏注意力未配置，将使用全连接注意力
⚠️ 警告: 稀疏注意力未配置，将使用全连接注意力
⚠️ 警告: 稀疏注意力未配置，将使用全连接注意力
⚠️ 警告: 稀疏注意力未配置，将使用全连接注意力
⚠️ 警告: 稀疏注意力未配置，将使用全连接注意力
⚠️ 警告: 稀疏注意力未配置，将使用全连接注意力
⚠️ 警告: 稀疏注意力未配置，将使用全连接注意力
⚠️ 警告: 稀疏注意力未配置，将使用全连接注意力
⚠️ 警告: 稀疏注意力未配置，将使用全连接注意力
⚠️ 警告: 稀疏注意力未配置，将使用全连接注意力
⚠️ 警告: 稀疏注意力未配置，将使用全连接注意力
⚠️ 警告: 稀疏注意力未配置，将使用全连接注意力
⚠️ 警告: 稀疏注意力未配置，将使用全连接注意力
⚠️ 警告: 稀疏注意力未配置，将使用全连接注意力
⚠️ 警告: 稀疏注意力未配置，将使用全连接注意力
⚠️ 警告: 稀疏注意力未配置，将使用全连接注意力
⚠️ 警告: 稀疏注意力未配置，将使用全连接注意力
⚠️ 警告: 稀疏注意力未配置，将使用全连接注意力
⚠️ 警告: 稀疏注意力未配置，将使用全连接注意力
⚠️ 警告: 稀疏注意力未配置，将使用全连接注意力
⚠️ 警告: 稀疏注意力未配置，将使用全连接注意力
⚠️ 警告: 稀疏注意力未配置，将使用全连接注意力
⚠️ 警告: 稀疏注意力未配置，将使用全连接注意力
⚠️ 警告: 稀疏注意力未配置，将使用全连接注意力
⚠️ 警告: 稀疏注意力未配置，将使用全连接注意力
⚠️ 警告: 稀疏注意力未配置，将使用全连接注意力
⚠️ 警告: 稀疏注意力未配置，将使用全连接注意力
⚠️ 警告: 稀疏注意力未配置，将使用全连接注意力
⚠️ 警告: 稀疏注意力未配置，将使用全连接注意力
⚠️ 警告: 稀疏注意力未配置，将使用全连接注意力
⚠️ 警告: 稀疏注意力未配置，将使用全连接注意力
⚠️ 警告: 稀疏注意力未配置，将使用全连接注意力
⚠️ 警告: 稀疏注意力未配置，将使用全连接注意力
⚠️ 警告: 稀疏注意力未配置，将使用全连接注意力
⚠️ 警告: 稀疏注意力未配置，将使用全连接注意力
⚠️ 警告: 稀疏注意力未配置，将使用全连接注意力
⚠️ 警告: 稀疏注意力未配置，将使用全连接注意力
⚠️ 警告: 稀疏注意力未配置，将使用全连接注意力
⚠️ 警告: 稀疏注意力未配置，将使用全连接注意力
⚠️ 警告: 稀疏注意力未配置，将使用全连接注意力
⚠️ 警告: 稀疏注意力未配置，将使用全连接注意力
⚠️ 警告: 稀疏注意力未配置，将使用全连接注意力
⚠️ 警告: 稀疏注意力未配置，将使用全连接注意力
⚠️ 警告: 稀疏注意力未配置，将使用全连接注意力
⚠️ 警告: 稀疏注意力未配置，将使用全连接注意力
⚠️ 警告: 稀疏注意力未配置，将使用全连接注意力
⚠️ 警告: 稀疏注意力未配置，将使用全连接注意力
⚠️ 警告: 稀疏注意力未配置，将使用全连接注意力
Test: loss:3.63e-02  =  3.45e-02 + alpha*2.43e-03
Valid performance:
 mse:3.04e-02, IC:1.15e-02, RIC:6.64e-02, prec@10:4.56e-01, SR:6.63e-01
Test performance:
 mse:3.45e-02, IC:5.17e-03, RIC:4.38e-02, prec@10:5.12e-01, SR:-3.76e-01 


epoch5##########################################################
⚠️ 警告: 稀疏注意力未配置，将使用全连接注意力
⚠️ 警告: 稀疏注意力未配置，将使用全连接注意力
⚠️ 警告: 稀疏注意力未配置，将使用全连接注意力
⚠️ 警告: 稀疏注意力未配置，将使用全连接注意力
⚠️ 警告: 稀疏注意力未配置，将使用全连接注意力
⚠️ 警告: 稀疏注意力未配置，将使用全连接注意力
⚠️ 警告: 稀疏注意力未配置，将使用全连接注意力
⚠️ 警告: 稀疏注意力未配置，将使用全连接注意力
⚠️ 警告: 稀疏注意力未配置，将使用全连接注意力
⚠️ 警告: 稀疏注意力未配置，将使用全连接注意力
⚠️ 警告: 稀疏注意力未配置，将使用全连接注意力
⚠️ 警告: 稀疏注意力未配置，将使用全连接注意力
⚠️ 警告: 稀疏注意力未配置，将使用全连接注意力
⚠️ 警告: 稀疏注意力未配置，将使用全连接注意力
⚠️ 警告: 稀疏注意力未配置，将使用全连接注意力
⚠️ 警告: 稀疏注意力未配置，将使用全连接注意力
⚠️ 警告: 稀疏注意力未配置，将使用全连接注意力
⚠️ 警告: 稀疏注意力未配置，将使用全连接注意力
⚠️ 警告: 稀疏注意力未配置，将使用全连接注意力
⚠️ 警告: 稀疏注意力未配置，将使用全连接注意力
⚠️ 警告: 稀疏注意力未配置，将使用全连接注意力
⚠️ 警告: 稀疏注意力未配置，将使用全连接注意力
⚠️ 警告: 稀疏注意力未配置，将使用全连接注意力
⚠️ 警告: 稀疏注意力未配置，将使用全连接注意力
⚠️ 警告: 稀疏注意力未配置，将使用全连接注意力
⚠️ 警告: 稀疏注意力未配置，将使用全连接注意力
⚠️ 警告: 稀疏注意力未配置，将使用全连接注意力
⚠️ 警告: 稀疏注意力未配置，将使用全连接注意力
⚠️ 警告: 稀疏注意力未配置，将使用全连接注意力
⚠️ 警告: 稀疏注意力未配置，将使用全连接注意力
⚠️ 警告: 稀疏注意力未配置，将使用全连接注意力
⚠️ 警告: 稀疏注意力未配置，将使用全连接注意力
⚠️ 警告: 稀疏注意力未配置，将使用全连接注意力
⚠️ 警告: 稀疏注意力未配置，将使用全连接注意力
⚠️ 警告: 稀疏注意力未配置，将使用全连接注意力
⚠️ 警告: 稀疏注意力未配置，将使用全连接注意力
⚠️ 警告: 稀疏注意力未配置，将使用全连接注意力
⚠️ 警告: 稀疏注意力未配置，将使用全连接注意力
⚠️ 警告: 稀疏注意力未配置，将使用全连接注意力
⚠️ 警告: 稀疏注意力未配置，将使用全连接注意力
⚠️ 警告: 稀疏注意力未配置，将使用全连接注意力
⚠️ 警告: 稀疏注意力未配置，将使用全连接注意力
⚠️ 警告: 稀疏注意力未配置，将使用全连接注意力
⚠️ 警告: 稀疏注意力未配置，将使用全连接注意力
⚠️ 警告: 稀疏注意力未配置，将使用全连接注意力
⚠️ 警告: 稀疏注意力未配置，将使用全连接注意力
⚠️ 警告: 稀疏注意力未配置，将使用全连接注意力
⚠️ 警告: 稀疏注意力未配置，将使用全连接注意力
⚠️ 警告: 稀疏注意力未配置，将使用全连接注意力
⚠️ 警告: 稀疏注意力未配置，将使用全连接注意力
⚠️ 警告: 稀疏注意力未配置，将使用全连接注意力
⚠️ 警告: 稀疏注意力未配置，将使用全连接注意力
⚠️ 警告: 稀疏注意力未配置，将使用全连接注意力
⚠️ 警告: 稀疏注意力未配置，将使用全连接注意力
⚠️ 警告: 稀疏注意力未配置，将使用全连接注意力
⚠️ 警告: 稀疏注意力未配置，将使用全连接注意力
⚠️ 警告: 稀疏注意力未配置，将使用全连接注意力
⚠️ 警告: 稀疏注意力未配置，将使用全连接注意力
⚠️ 警告: 稀疏注意力未配置，将使用全连接注意力
⚠️ 警告: 稀疏注意力未配置，将使用全连接注意力
⚠️ 警告: 稀疏注意力未配置，将使用全连接注意力
⚠️ 警告: 稀疏注意力未配置，将使用全连接注意力
⚠️ 警告: 稀疏注意力未配置，将使用全连接注意力
⚠️ 警告: 稀疏注意力未配置，将使用全连接注意力
⚠️ 警告: 稀疏注意力未配置，将使用全连接注意力
⚠️ 警告: 稀疏注意力未配置，将使用全连接注意力
⚠️ 警告: 稀疏注意力未配置，将使用全连接注意力
⚠️ 警告: 稀疏注意力未配置，将使用全连接注意力
⚠️ 警告: 稀疏注意力未配置，将使用全连接注意力
⚠️ 警告: 稀疏注意力未配置，将使用全连接注意力
⚠️ 警告: 稀疏注意力未配置，将使用全连接注意力
⚠️ 警告: 稀疏注意力未配置，将使用全连接注意力
⚠️ 警告: 稀疏注意力未配置，将使用全连接注意力
⚠️ 警告: 稀疏注意力未配置，将使用全连接注意力
⚠️ 警告: 稀疏注意力未配置，将使用全连接注意力
⚠️ 警告: 稀疏注意力未配置，将使用全连接注意力
⚠️ 警告: 稀疏注意力未配置，将使用全连接注意力
⚠️ 警告: 稀疏注意力未配置，将使用全连接注意力
⚠️ 警告: 稀疏注意力未配置，将使用全连接注意力
⚠️ 警告: 稀疏注意力未配置，将使用全连接注意力
⚠️ 警告: 稀疏注意力未配置，将使用全连接注意力
⚠️ 警告: 稀疏注意力未配置，将使用全连接注意力
⚠️ 警告: 稀疏注意力未配置，将使用全连接注意力
⚠️ 警告: 稀疏注意力未配置，将使用全连接注意力
⚠️ 警告: 稀疏注意力未配置，将使用全连接注意力
⚠️ 警告: 稀疏注意力未配置，将使用全连接注意力
⚠️ 警告: 稀疏注意力未配置，将使用全连接注意力
⚠️ 警告: 稀疏注意力未配置，将使用全连接注意力
⚠️ 警告: 稀疏注意力未配置，将使用全连接注意力
⚠️ 警告: 稀疏注意力未配置，将使用全连接注意力
⚠️ 警告: 稀疏注意力未配置，将使用全连接注意力
⚠️ 警告: 稀疏注意力未配置，将使用全连接注意力
⚠️ 警告: 稀疏注意力未配置，将使用全连接注意力
⚠️ 警告: 稀疏注意力未配置，将使用全连接注意力
⚠️ 警告: 稀疏注意力未配置，将使用全连接注意力
⚠️ 警告: 稀疏注意力未配置，将使用全连接注意力
⚠️ 警告: 稀疏注意力未配置，将使用全连接注意力
⚠️ 警告: 稀疏注意力未配置，将使用全连接注意力
⚠️ 警告: 稀疏注意力未配置，将使用全连接注意力
⚠️ 警告: 稀疏注意力未配置，将使用全连接注意力
⚠️ 警告: 稀疏注意力未配置，将使用全连接注意力
⚠️ 警告: 稀疏注意力未配置，将使用全连接注意力
⚠️ 警告: 稀疏注意力未配置，将使用全连接注意力
⚠️ 警告: 稀疏注意力未配置，将使用全连接注意力
⚠️ 警告: 稀疏注意力未配置，将使用全连接注意力
⚠️ 警告: 稀疏注意力未配置，将使用全连接注意力
⚠️ 警告: 稀疏注意力未配置，将使用全连接注意力
⚠️ 警告: 稀疏注意力未配置，将使用全连接注意力
⚠️ 警告: 稀疏注意力未配置，将使用全连接注意力
⚠️ 警告: 稀疏注意力未配置，将使用全连接注意力
⚠️ 警告: 稀疏注意力未配置，将使用全连接注意力
⚠️ 警告: 稀疏注意力未配置，将使用全连接注意力
⚠️ 警告: 稀疏注意力未配置，将使用全连接注意力
⚠️ 警告: 稀疏注意力未配置，将使用全连接注意力
⚠️ 警告: 稀疏注意力未配置，将使用全连接注意力
⚠️ 警告: 稀疏注意力未配置，将使用全连接注意力
⚠️ 警告: 稀疏注意力未配置，将使用全连接注意力
⚠️ 警告: 稀疏注意力未配置，将使用全连接注意力
⚠️ 警告: 稀疏注意力未配置，将使用全连接注意力
Train : loss:1.56e-02  =  1.46e-02 + alpha*1.39e-03
⚠️ 警告: 稀疏注意力未配置，将使用全连接注意力
⚠️ 警告: 稀疏注意力未配置，将使用全连接注意力
⚠️ 警告: 稀疏注意力未配置，将使用全连接注意力
⚠️ 警告: 稀疏注意力未配置，将使用全连接注意力
⚠️ 警告: 稀疏注意力未配置，将使用全连接注意力
⚠️ 警告: 稀疏注意力未配置，将使用全连接注意力
⚠️ 警告: 稀疏注意力未配置，将使用全连接注意力
⚠️ 警告: 稀疏注意力未配置，将使用全连接注意力
⚠️ 警告: 稀疏注意力未配置，将使用全连接注意力
⚠️ 警告: 稀疏注意力未配置，将使用全连接注意力
⚠️ 警告: 稀疏注意力未配置，将使用全连接注意力
⚠️ 警告: 稀疏注意力未配置，将使用全连接注意力
⚠️ 警告: 稀疏注意力未配置，将使用全连接注意力
⚠️ 警告: 稀疏注意力未配置，将使用全连接注意力
⚠️ 警告: 稀疏注意力未配置，将使用全连接注意力
⚠️ 警告: 稀疏注意力未配置，将使用全连接注意力
⚠️ 警告: 稀疏注意力未配置，将使用全连接注意力
⚠️ 警告: 稀疏注意力未配置，将使用全连接注意力
⚠️ 警告: 稀疏注意力未配置，将使用全连接注意力
⚠️ 警告: 稀疏注意力未配置，将使用全连接注意力
⚠️ 警告: 稀疏注意力未配置，将使用全连接注意力
⚠️ 警告: 稀疏注意力未配置，将使用全连接注意力
⚠️ 警告: 稀疏注意力未配置，将使用全连接注意力
⚠️ 警告: 稀疏注意力未配置，将使用全连接注意力
⚠️ 警告: 稀疏注意力未配置，将使用全连接注意力
⚠️ 警告: 稀疏注意力未配置，将使用全连接注意力
⚠️ 警告: 稀疏注意力未配置，将使用全连接注意力
⚠️ 警告: 稀疏注意力未配置，将使用全连接注意力
⚠️ 警告: 稀疏注意力未配置，将使用全连接注意力
⚠️ 警告: 稀疏注意力未配置，将使用全连接注意力
⚠️ 警告: 稀疏注意力未配置，将使用全连接注意力
⚠️ 警告: 稀疏注意力未配置，将使用全连接注意力
⚠️ 警告: 稀疏注意力未配置，将使用全连接注意力
⚠️ 警告: 稀疏注意力未配置，将使用全连接注意力
⚠️ 警告: 稀疏注意力未配置，将使用全连接注意力
⚠️ 警告: 稀疏注意力未配置，将使用全连接注意力
⚠️ 警告: 稀疏注意力未配置，将使用全连接注意力
⚠️ 警告: 稀疏注意力未配置，将使用全连接注意力
⚠️ 警告: 稀疏注意力未配置，将使用全连接注意力
⚠️ 警告: 稀疏注意力未配置，将使用全连接注意力
⚠️ 警告: 稀疏注意力未配置，将使用全连接注意力
⚠️ 警告: 稀疏注意力未配置，将使用全连接注意力
⚠️ 警告: 稀疏注意力未配置，将使用全连接注意力
⚠️ 警告: 稀疏注意力未配置，将使用全连接注意力
⚠️ 警告: 稀疏注意力未配置，将使用全连接注意力
⚠️ 警告: 稀疏注意力未配置，将使用全连接注意力
⚠️ 警告: 稀疏注意力未配置，将使用全连接注意力
⚠️ 警告: 稀疏注意力未配置，将使用全连接注意力
⚠️ 警告: 稀疏注意力未配置，将使用全连接注意力
⚠️ 警告: 稀疏注意力未配置，将使用全连接注意力
Valid : loss:2.73e-02  =  2.57e-02 + alpha*2.18e-03
⚠️ 警告: 稀疏注意力未配置，将使用全连接注意力
⚠️ 警告: 稀疏注意力未配置，将使用全连接注意力
⚠️ 警告: 稀疏注意力未配置，将使用全连接注意力
⚠️ 警告: 稀疏注意力未配置，将使用全连接注意力
⚠️ 警告: 稀疏注意力未配置，将使用全连接注意力
⚠️ 警告: 稀疏注意力未配置，将使用全连接注意力
⚠️ 警告: 稀疏注意力未配置，将使用全连接注意力
⚠️ 警告: 稀疏注意力未配置，将使用全连接注意力
⚠️ 警告: 稀疏注意力未配置，将使用全连接注意力
⚠️ 警告: 稀疏注意力未配置，将使用全连接注意力
⚠️ 警告: 稀疏注意力未配置，将使用全连接注意力
⚠️ 警告: 稀疏注意力未配置，将使用全连接注意力
⚠️ 警告: 稀疏注意力未配置，将使用全连接注意力
⚠️ 警告: 稀疏注意力未配置，将使用全连接注意力
⚠️ 警告: 稀疏注意力未配置，将使用全连接注意力
⚠️ 警告: 稀疏注意力未配置，将使用全连接注意力
⚠️ 警告: 稀疏注意力未配置，将使用全连接注意力
⚠️ 警告: 稀疏注意力未配置，将使用全连接注意力
⚠️ 警告: 稀疏注意力未配置，将使用全连接注意力
⚠️ 警告: 稀疏注意力未配置，将使用全连接注意力
⚠️ 警告: 稀疏注意力未配置，将使用全连接注意力
⚠️ 警告: 稀疏注意力未配置，将使用全连接注意力
⚠️ 警告: 稀疏注意力未配置，将使用全连接注意力
⚠️ 警告: 稀疏注意力未配置，将使用全连接注意力
⚠️ 警告: 稀疏注意力未配置，将使用全连接注意力
⚠️ 警告: 稀疏注意力未配置，将使用全连接注意力
⚠️ 警告: 稀疏注意力未配置，将使用全连接注意力
⚠️ 警告: 稀疏注意力未配置，将使用全连接注意力
⚠️ 警告: 稀疏注意力未配置，将使用全连接注意力
⚠️ 警告: 稀疏注意力未配置，将使用全连接注意力
⚠️ 警告: 稀疏注意力未配置，将使用全连接注意力
⚠️ 警告: 稀疏注意力未配置，将使用全连接注意力
⚠️ 警告: 稀疏注意力未配置，将使用全连接注意力
⚠️ 警告: 稀疏注意力未配置，将使用全连接注意力
⚠️ 警告: 稀疏注意力未配置，将使用全连接注意力
⚠️ 警告: 稀疏注意力未配置，将使用全连接注意力
⚠️ 警告: 稀疏注意力未配置，将使用全连接注意力
⚠️ 警告: 稀疏注意力未配置，将使用全连接注意力
⚠️ 警告: 稀疏注意力未配置，将使用全连接注意力
⚠️ 警告: 稀疏注意力未配置，将使用全连接注意力
⚠️ 警告: 稀疏注意力未配置，将使用全连接注意力
⚠️ 警告: 稀疏注意力未配置，将使用全连接注意力
⚠️ 警告: 稀疏注意力未配置，将使用全连接注意力
⚠️ 警告: 稀疏注意力未配置，将使用全连接注意力
⚠️ 警告: 稀疏注意力未配置，将使用全连接注意力
⚠️ 警告: 稀疏注意力未配置，将使用全连接注意力
⚠️ 警告: 稀疏注意力未配置，将使用全连接注意力
⚠️ 警告: 稀疏注意力未配置，将使用全连接注意力
⚠️ 警告: 稀疏注意力未配置，将使用全连接注意力
⚠️ 警告: 稀疏注意力未配置，将使用全连接注意力
⚠️ 警告: 稀疏注意力未配置，将使用全连接注意力
Test: loss:3.34e-02  =  3.17e-02 + alpha*2.27e-03
Valid performance:
 mse:2.57e-02, IC:7.81e-03, RIC:4.55e-02, prec@10:4.90e-01, SR:8.50e-01
Test performance:
 mse:3.17e-02, IC:5.80e-03, RIC:4.86e-02, prec@10:5.29e-01, SR:2.72e-01 


epoch6##########################################################
⚠️ 警告: 稀疏注意力未配置，将使用全连接注意力
⚠️ 警告: 稀疏注意力未配置，将使用全连接注意力
⚠️ 警告: 稀疏注意力未配置，将使用全连接注意力
⚠️ 警告: 稀疏注意力未配置，将使用全连接注意力
⚠️ 警告: 稀疏注意力未配置，将使用全连接注意力
⚠️ 警告: 稀疏注意力未配置，将使用全连接注意力
⚠️ 警告: 稀疏注意力未配置，将使用全连接注意力
⚠️ 警告: 稀疏注意力未配置，将使用全连接注意力
⚠️ 警告: 稀疏注意力未配置，将使用全连接注意力
⚠️ 警告: 稀疏注意力未配置，将使用全连接注意力
⚠️ 警告: 稀疏注意力未配置，将使用全连接注意力
⚠️ 警告: 稀疏注意力未配置，将使用全连接注意力
⚠️ 警告: 稀疏注意力未配置，将使用全连接注意力
⚠️ 警告: 稀疏注意力未配置，将使用全连接注意力
⚠️ 警告: 稀疏注意力未配置，将使用全连接注意力
⚠️ 警告: 稀疏注意力未配置，将使用全连接注意力
⚠️ 警告: 稀疏注意力未配置，将使用全连接注意力
⚠️ 警告: 稀疏注意力未配置，将使用全连接注意力
⚠️ 警告: 稀疏注意力未配置，将使用全连接注意力
⚠️ 警告: 稀疏注意力未配置，将使用全连接注意力
⚠️ 警告: 稀疏注意力未配置，将使用全连接注意力
⚠️ 警告: 稀疏注意力未配置，将使用全连接注意力
⚠️ 警告: 稀疏注意力未配置，将使用全连接注意力
⚠️ 警告: 稀疏注意力未配置，将使用全连接注意力
⚠️ 警告: 稀疏注意力未配置，将使用全连接注意力
⚠️ 警告: 稀疏注意力未配置，将使用全连接注意力
⚠️ 警告: 稀疏注意力未配置，将使用全连接注意力
⚠️ 警告: 稀疏注意力未配置，将使用全连接注意力
⚠️ 警告: 稀疏注意力未配置，将使用全连接注意力
⚠️ 警告: 稀疏注意力未配置，将使用全连接注意力
⚠️ 警告: 稀疏注意力未配置，将使用全连接注意力
⚠️ 警告: 稀疏注意力未配置，将使用全连接注意力
⚠️ 警告: 稀疏注意力未配置，将使用全连接注意力
⚠️ 警告: 稀疏注意力未配置，将使用全连接注意力
⚠️ 警告: 稀疏注意力未配置，将使用全连接注意力
⚠️ 警告: 稀疏注意力未配置，将使用全连接注意力
⚠️ 警告: 稀疏注意力未配置，将使用全连接注意力
⚠️ 警告: 稀疏注意力未配置，将使用全连接注意力
⚠️ 警告: 稀疏注意力未配置，将使用全连接注意力
⚠️ 警告: 稀疏注意力未配置，将使用全连接注意力
⚠️ 警告: 稀疏注意力未配置，将使用全连接注意力
⚠️ 警告: 稀疏注意力未配置，将使用全连接注意力
⚠️ 警告: 稀疏注意力未配置，将使用全连接注意力
⚠️ 警告: 稀疏注意力未配置，将使用全连接注意力
⚠️ 警告: 稀疏注意力未配置，将使用全连接注意力
⚠️ 警告: 稀疏注意力未配置，将使用全连接注意力
⚠️ 警告: 稀疏注意力未配置，将使用全连接注意力
⚠️ 警告: 稀疏注意力未配置，将使用全连接注意力
⚠️ 警告: 稀疏注意力未配置，将使用全连接注意力
⚠️ 警告: 稀疏注意力未配置，将使用全连接注意力
⚠️ 警告: 稀疏注意力未配置，将使用全连接注意力
⚠️ 警告: 稀疏注意力未配置，将使用全连接注意力
⚠️ 警告: 稀疏注意力未配置，将使用全连接注意力
⚠️ 警告: 稀疏注意力未配置，将使用全连接注意力
⚠️ 警告: 稀疏注意力未配置，将使用全连接注意力
⚠️ 警告: 稀疏注意力未配置，将使用全连接注意力
⚠️ 警告: 稀疏注意力未配置，将使用全连接注意力
⚠️ 警告: 稀疏注意力未配置，将使用全连接注意力
⚠️ 警告: 稀疏注意力未配置，将使用全连接注意力
⚠️ 警告: 稀疏注意力未配置，将使用全连接注意力
⚠️ 警告: 稀疏注意力未配置，将使用全连接注意力
⚠️ 警告: 稀疏注意力未配置，将使用全连接注意力
⚠️ 警告: 稀疏注意力未配置，将使用全连接注意力
⚠️ 警告: 稀疏注意力未配置，将使用全连接注意力
⚠️ 警告: 稀疏注意力未配置，将使用全连接注意力
⚠️ 警告: 稀疏注意力未配置，将使用全连接注意力
⚠️ 警告: 稀疏注意力未配置，将使用全连接注意力
⚠️ 警告: 稀疏注意力未配置，将使用全连接注意力
⚠️ 警告: 稀疏注意力未配置，将使用全连接注意力
⚠️ 警告: 稀疏注意力未配置，将使用全连接注意力
⚠️ 警告: 稀疏注意力未配置，将使用全连接注意力
⚠️ 警告: 稀疏注意力未配置，将使用全连接注意力
⚠️ 警告: 稀疏注意力未配置，将使用全连接注意力
⚠️ 警告: 稀疏注意力未配置，将使用全连接注意力
⚠️ 警告: 稀疏注意力未配置，将使用全连接注意力
⚠️ 警告: 稀疏注意力未配置，将使用全连接注意力
⚠️ 警告: 稀疏注意力未配置，将使用全连接注意力
⚠️ 警告: 稀疏注意力未配置，将使用全连接注意力
⚠️ 警告: 稀疏注意力未配置，将使用全连接注意力
⚠️ 警告: 稀疏注意力未配置，将使用全连接注意力
⚠️ 警告: 稀疏注意力未配置，将使用全连接注意力
⚠️ 警告: 稀疏注意力未配置，将使用全连接注意力
⚠️ 警告: 稀疏注意力未配置，将使用全连接注意力
⚠️ 警告: 稀疏注意力未配置，将使用全连接注意力
⚠️ 警告: 稀疏注意力未配置，将使用全连接注意力
⚠️ 警告: 稀疏注意力未配置，将使用全连接注意力
⚠️ 警告: 稀疏注意力未配置，将使用全连接注意力
⚠️ 警告: 稀疏注意力未配置，将使用全连接注意力
⚠️ 警告: 稀疏注意力未配置，将使用全连接注意力
⚠️ 警告: 稀疏注意力未配置，将使用全连接注意力
⚠️ 警告: 稀疏注意力未配置，将使用全连接注意力
⚠️ 警告: 稀疏注意力未配置，将使用全连接注意力
⚠️ 警告: 稀疏注意力未配置，将使用全连接注意力
⚠️ 警告: 稀疏注意力未配置，将使用全连接注意力
⚠️ 警告: 稀疏注意力未配置，将使用全连接注意力
⚠️ 警告: 稀疏注意力未配置，将使用全连接注意力
⚠️ 警告: 稀疏注意力未配置，将使用全连接注意力
⚠️ 警告: 稀疏注意力未配置，将使用全连接注意力
⚠️ 警告: 稀疏注意力未配置，将使用全连接注意力
⚠️ 警告: 稀疏注意力未配置，将使用全连接注意力
⚠️ 警告: 稀疏注意力未配置，将使用全连接注意力
⚠️ 警告: 稀疏注意力未配置，将使用全连接注意力
⚠️ 警告: 稀疏注意力未配置，将使用全连接注意力
⚠️ 警告: 稀疏注意力未配置，将使用全连接注意力
⚠️ 警告: 稀疏注意力未配置，将使用全连接注意力
⚠️ 警告: 稀疏注意力未配置，将使用全连接注意力
⚠️ 警告: 稀疏注意力未配置，将使用全连接注意力
⚠️ 警告: 稀疏注意力未配置，将使用全连接注意力
⚠️ 警告: 稀疏注意力未配置，将使用全连接注意力
⚠️ 警告: 稀疏注意力未配置，将使用全连接注意力
⚠️ 警告: 稀疏注意力未配置，将使用全连接注意力
⚠️ 警告: 稀疏注意力未配置，将使用全连接注意力
⚠️ 警告: 稀疏注意力未配置，将使用全连接注意力
⚠️ 警告: 稀疏注意力未配置，将使用全连接注意力
⚠️ 警告: 稀疏注意力未配置，将使用全连接注意力
⚠️ 警告: 稀疏注意力未配置，将使用全连接注意力
⚠️ 警告: 稀疏注意力未配置，将使用全连接注意力
⚠️ 警告: 稀疏注意力未配置，将使用全连接注意力
⚠️ 警告: 稀疏注意力未配置，将使用全连接注意力
Train : loss:1.35e-02  =  1.25e-02 + alpha*1.30e-03
⚠️ 警告: 稀疏注意力未配置，将使用全连接注意力
⚠️ 警告: 稀疏注意力未配置，将使用全连接注意力
⚠️ 警告: 稀疏注意力未配置，将使用全连接注意力
⚠️ 警告: 稀疏注意力未配置，将使用全连接注意力
⚠️ 警告: 稀疏注意力未配置，将使用全连接注意力
⚠️ 警告: 稀疏注意力未配置，将使用全连接注意力
⚠️ 警告: 稀疏注意力未配置，将使用全连接注意力
⚠️ 警告: 稀疏注意力未配置，将使用全连接注意力
⚠️ 警告: 稀疏注意力未配置，将使用全连接注意力
⚠️ 警告: 稀疏注意力未配置，将使用全连接注意力
⚠️ 警告: 稀疏注意力未配置，将使用全连接注意力
⚠️ 警告: 稀疏注意力未配置，将使用全连接注意力
⚠️ 警告: 稀疏注意力未配置，将使用全连接注意力
⚠️ 警告: 稀疏注意力未配置，将使用全连接注意力
⚠️ 警告: 稀疏注意力未配置，将使用全连接注意力
⚠️ 警告: 稀疏注意力未配置，将使用全连接注意力
⚠️ 警告: 稀疏注意力未配置，将使用全连接注意力
⚠️ 警告: 稀疏注意力未配置，将使用全连接注意力
⚠️ 警告: 稀疏注意力未配置，将使用全连接注意力
⚠️ 警告: 稀疏注意力未配置，将使用全连接注意力
⚠️ 警告: 稀疏注意力未配置，将使用全连接注意力
⚠️ 警告: 稀疏注意力未配置，将使用全连接注意力
⚠️ 警告: 稀疏注意力未配置，将使用全连接注意力
⚠️ 警告: 稀疏注意力未配置，将使用全连接注意力
⚠️ 警告: 稀疏注意力未配置，将使用全连接注意力
⚠️ 警告: 稀疏注意力未配置，将使用全连接注意力
⚠️ 警告: 稀疏注意力未配置，将使用全连接注意力
⚠️ 警告: 稀疏注意力未配置，将使用全连接注意力
⚠️ 警告: 稀疏注意力未配置，将使用全连接注意力
⚠️ 警告: 稀疏注意力未配置，将使用全连接注意力
⚠️ 警告: 稀疏注意力未配置，将使用全连接注意力
⚠️ 警告: 稀疏注意力未配置，将使用全连接注意力
⚠️ 警告: 稀疏注意力未配置，将使用全连接注意力
⚠️ 警告: 稀疏注意力未配置，将使用全连接注意力
⚠️ 警告: 稀疏注意力未配置，将使用全连接注意力
⚠️ 警告: 稀疏注意力未配置，将使用全连接注意力
⚠️ 警告: 稀疏注意力未配置，将使用全连接注意力
⚠️ 警告: 稀疏注意力未配置，将使用全连接注意力
⚠️ 警告: 稀疏注意力未配置，将使用全连接注意力
⚠️ 警告: 稀疏注意力未配置，将使用全连接注意力
⚠️ 警告: 稀疏注意力未配置，将使用全连接注意力
⚠️ 警告: 稀疏注意力未配置，将使用全连接注意力
⚠️ 警告: 稀疏注意力未配置，将使用全连接注意力
⚠️ 警告: 稀疏注意力未配置，将使用全连接注意力
⚠️ 警告: 稀疏注意力未配置，将使用全连接注意力
⚠️ 警告: 稀疏注意力未配置，将使用全连接注意力
⚠️ 警告: 稀疏注意力未配置，将使用全连接注意力
⚠️ 警告: 稀疏注意力未配置，将使用全连接注意力
⚠️ 警告: 稀疏注意力未配置，将使用全连接注意力
⚠️ 警告: 稀疏注意力未配置，将使用全连接注意力
Valid : loss:2.54e-02  =  2.39e-02 + alpha*2.06e-03
⚠️ 警告: 稀疏注意力未配置，将使用全连接注意力
⚠️ 警告: 稀疏注意力未配置，将使用全连接注意力
⚠️ 警告: 稀疏注意力未配置，将使用全连接注意力
⚠️ 警告: 稀疏注意力未配置，将使用全连接注意力
⚠️ 警告: 稀疏注意力未配置，将使用全连接注意力
⚠️ 警告: 稀疏注意力未配置，将使用全连接注意力
⚠️ 警告: 稀疏注意力未配置，将使用全连接注意力
⚠️ 警告: 稀疏注意力未配置，将使用全连接注意力
⚠️ 警告: 稀疏注意力未配置，将使用全连接注意力
⚠️ 警告: 稀疏注意力未配置，将使用全连接注意力
⚠️ 警告: 稀疏注意力未配置，将使用全连接注意力
⚠️ 警告: 稀疏注意力未配置，将使用全连接注意力
⚠️ 警告: 稀疏注意力未配置，将使用全连接注意力
⚠️ 警告: 稀疏注意力未配置，将使用全连接注意力
⚠️ 警告: 稀疏注意力未配置，将使用全连接注意力
⚠️ 警告: 稀疏注意力未配置，将使用全连接注意力
⚠️ 警告: 稀疏注意力未配置，将使用全连接注意力
⚠️ 警告: 稀疏注意力未配置，将使用全连接注意力
⚠️ 警告: 稀疏注意力未配置，将使用全连接注意力
⚠️ 警告: 稀疏注意力未配置，将使用全连接注意力
⚠️ 警告: 稀疏注意力未配置，将使用全连接注意力
⚠️ 警告: 稀疏注意力未配置，将使用全连接注意力
⚠️ 警告: 稀疏注意力未配置，将使用全连接注意力
⚠️ 警告: 稀疏注意力未配置，将使用全连接注意力
⚠️ 警告: 稀疏注意力未配置，将使用全连接注意力
⚠️ 警告: 稀疏注意力未配置，将使用全连接注意力
⚠️ 警告: 稀疏注意力未配置，将使用全连接注意力
⚠️ 警告: 稀疏注意力未配置，将使用全连接注意力
⚠️ 警告: 稀疏注意力未配置，将使用全连接注意力
⚠️ 警告: 稀疏注意力未配置，将使用全连接注意力
⚠️ 警告: 稀疏注意力未配置，将使用全连接注意力
⚠️ 警告: 稀疏注意力未配置，将使用全连接注意力
⚠️ 警告: 稀疏注意力未配置，将使用全连接注意力
⚠️ 警告: 稀疏注意力未配置，将使用全连接注意力
⚠️ 警告: 稀疏注意力未配置，将使用全连接注意力
⚠️ 警告: 稀疏注意力未配置，将使用全连接注意力
⚠️ 警告: 稀疏注意力未配置，将使用全连接注意力
⚠️ 警告: 稀疏注意力未配置，将使用全连接注意力
⚠️ 警告: 稀疏注意力未配置，将使用全连接注意力
⚠️ 警告: 稀疏注意力未配置，将使用全连接注意力
⚠️ 警告: 稀疏注意力未配置，将使用全连接注意力
⚠️ 警告: 稀疏注意力未配置，将使用全连接注意力
⚠️ 警告: 稀疏注意力未配置，将使用全连接注意力
⚠️ 警告: 稀疏注意力未配置，将使用全连接注意力
⚠️ 警告: 稀疏注意力未配置，将使用全连接注意力
⚠️ 警告: 稀疏注意力未配置，将使用全连接注意力
⚠️ 警告: 稀疏注意力未配置，将使用全连接注意力
⚠️ 警告: 稀疏注意力未配置，将使用全连接注意力
⚠️ 警告: 稀疏注意力未配置，将使用全连接注意力
⚠️ 警告: 稀疏注意力未配置，将使用全连接注意力
⚠️ 警告: 稀疏注意力未配置，将使用全连接注意力
Test: loss:3.27e-02  =  3.10e-02 + alpha*2.17e-03
Valid performance:
 mse:2.39e-02, IC:7.47e-03, RIC:4.25e-02, prec@10:4.94e-01, SR:7.51e-02
Test performance:
 mse:3.10e-02, IC:3.78e-03, RIC:3.15e-02, prec@10:5.06e-01, SR:1.02e-01 


epoch7##########################################################
⚠️ 警告: 稀疏注意力未配置，将使用全连接注意力
⚠️ 警告: 稀疏注意力未配置，将使用全连接注意力
⚠️ 警告: 稀疏注意力未配置，将使用全连接注意力
⚠️ 警告: 稀疏注意力未配置，将使用全连接注意力
⚠️ 警告: 稀疏注意力未配置，将使用全连接注意力
⚠️ 警告: 稀疏注意力未配置，将使用全连接注意力
⚠️ 警告: 稀疏注意力未配置，将使用全连接注意力
⚠️ 警告: 稀疏注意力未配置，将使用全连接注意力
⚠️ 警告: 稀疏注意力未配置，将使用全连接注意力
⚠️ 警告: 稀疏注意力未配置，将使用全连接注意力
⚠️ 警告: 稀疏注意力未配置，将使用全连接注意力
⚠️ 警告: 稀疏注意力未配置，将使用全连接注意力
⚠️ 警告: 稀疏注意力未配置，将使用全连接注意力
⚠️ 警告: 稀疏注意力未配置，将使用全连接注意力
⚠️ 警告: 稀疏注意力未配置，将使用全连接注意力
⚠️ 警告: 稀疏注意力未配置，将使用全连接注意力
⚠️ 警告: 稀疏注意力未配置，将使用全连接注意力
⚠️ 警告: 稀疏注意力未配置，将使用全连接注意力
⚠️ 警告: 稀疏注意力未配置，将使用全连接注意力
⚠️ 警告: 稀疏注意力未配置，将使用全连接注意力
⚠️ 警告: 稀疏注意力未配置，将使用全连接注意力
⚠️ 警告: 稀疏注意力未配置，将使用全连接注意力
⚠️ 警告: 稀疏注意力未配置，将使用全连接注意力
⚠️ 警告: 稀疏注意力未配置，将使用全连接注意力
⚠️ 警告: 稀疏注意力未配置，将使用全连接注意力
⚠️ 警告: 稀疏注意力未配置，将使用全连接注意力
⚠️ 警告: 稀疏注意力未配置，将使用全连接注意力
⚠️ 警告: 稀疏注意力未配置，将使用全连接注意力
⚠️ 警告: 稀疏注意力未配置，将使用全连接注意力
⚠️ 警告: 稀疏注意力未配置，将使用全连接注意力
⚠️ 警告: 稀疏注意力未配置，将使用全连接注意力
⚠️ 警告: 稀疏注意力未配置，将使用全连接注意力
⚠️ 警告: 稀疏注意力未配置，将使用全连接注意力
⚠️ 警告: 稀疏注意力未配置，将使用全连接注意力
⚠️ 警告: 稀疏注意力未配置，将使用全连接注意力
⚠️ 警告: 稀疏注意力未配置，将使用全连接注意力
⚠️ 警告: 稀疏注意力未配置，将使用全连接注意力
⚠️ 警告: 稀疏注意力未配置，将使用全连接注意力
⚠️ 警告: 稀疏注意力未配置，将使用全连接注意力
⚠️ 警告: 稀疏注意力未配置，将使用全连接注意力
⚠️ 警告: 稀疏注意力未配置，将使用全连接注意力
⚠️ 警告: 稀疏注意力未配置，将使用全连接注意力
⚠️ 警告: 稀疏注意力未配置，将使用全连接注意力
⚠️ 警告: 稀疏注意力未配置，将使用全连接注意力
⚠️ 警告: 稀疏注意力未配置，将使用全连接注意力
⚠️ 警告: 稀疏注意力未配置，将使用全连接注意力
⚠️ 警告: 稀疏注意力未配置，将使用全连接注意力
⚠️ 警告: 稀疏注意力未配置，将使用全连接注意力
⚠️ 警告: 稀疏注意力未配置，将使用全连接注意力
⚠️ 警告: 稀疏注意力未配置，将使用全连接注意力
⚠️ 警告: 稀疏注意力未配置，将使用全连接注意力
⚠️ 警告: 稀疏注意力未配置，将使用全连接注意力
⚠️ 警告: 稀疏注意力未配置，将使用全连接注意力
⚠️ 警告: 稀疏注意力未配置，将使用全连接注意力
⚠️ 警告: 稀疏注意力未配置，将使用全连接注意力
⚠️ 警告: 稀疏注意力未配置，将使用全连接注意力
⚠️ 警告: 稀疏注意力未配置，将使用全连接注意力
⚠️ 警告: 稀疏注意力未配置，将使用全连接注意力
⚠️ 警告: 稀疏注意力未配置，将使用全连接注意力
⚠️ 警告: 稀疏注意力未配置，将使用全连接注意力
⚠️ 警告: 稀疏注意力未配置，将使用全连接注意力
⚠️ 警告: 稀疏注意力未配置，将使用全连接注意力
⚠️ 警告: 稀疏注意力未配置，将使用全连接注意力
⚠️ 警告: 稀疏注意力未配置，将使用全连接注意力
⚠️ 警告: 稀疏注意力未配置，将使用全连接注意力
⚠️ 警告: 稀疏注意力未配置，将使用全连接注意力
⚠️ 警告: 稀疏注意力未配置，将使用全连接注意力
⚠️ 警告: 稀疏注意力未配置，将使用全连接注意力
⚠️ 警告: 稀疏注意力未配置，将使用全连接注意力
⚠️ 警告: 稀疏注意力未配置，将使用全连接注意力
⚠️ 警告: 稀疏注意力未配置，将使用全连接注意力
⚠️ 警告: 稀疏注意力未配置，将使用全连接注意力
⚠️ 警告: 稀疏注意力未配置，将使用全连接注意力
⚠️ 警告: 稀疏注意力未配置，将使用全连接注意力
⚠️ 警告: 稀疏注意力未配置，将使用全连接注意力
⚠️ 警告: 稀疏注意力未配置，将使用全连接注意力
⚠️ 警告: 稀疏注意力未配置，将使用全连接注意力
⚠️ 警告: 稀疏注意力未配置，将使用全连接注意力
⚠️ 警告: 稀疏注意力未配置，将使用全连接注意力
⚠️ 警告: 稀疏注意力未配置，将使用全连接注意力
⚠️ 警告: 稀疏注意力未配置，将使用全连接注意力
⚠️ 警告: 稀疏注意力未配置，将使用全连接注意力
⚠️ 警告: 稀疏注意力未配置，将使用全连接注意力
⚠️ 警告: 稀疏注意力未配置，将使用全连接注意力
⚠️ 警告: 稀疏注意力未配置，将使用全连接注意力
⚠️ 警告: 稀疏注意力未配置，将使用全连接注意力
⚠️ 警告: 稀疏注意力未配置，将使用全连接注意力
⚠️ 警告: 稀疏注意力未配置，将使用全连接注意力
⚠️ 警告: 稀疏注意力未配置，将使用全连接注意力
⚠️ 警告: 稀疏注意力未配置，将使用全连接注意力
⚠️ 警告: 稀疏注意力未配置，将使用全连接注意力
⚠️ 警告: 稀疏注意力未配置，将使用全连接注意力
⚠️ 警告: 稀疏注意力未配置，将使用全连接注意力
⚠️ 警告: 稀疏注意力未配置，将使用全连接注意力
⚠️ 警告: 稀疏注意力未配置，将使用全连接注意力
⚠️ 警告: 稀疏注意力未配置，将使用全连接注意力
⚠️ 警告: 稀疏注意力未配置，将使用全连接注意力
⚠️ 警告: 稀疏注意力未配置，将使用全连接注意力
⚠️ 警告: 稀疏注意力未配置，将使用全连接注意力
⚠️ 警告: 稀疏注意力未配置，将使用全连接注意力
⚠️ 警告: 稀疏注意力未配置，将使用全连接注意力
⚠️ 警告: 稀疏注意力未配置，将使用全连接注意力
⚠️ 警告: 稀疏注意力未配置，将使用全连接注意力
⚠️ 警告: 稀疏注意力未配置，将使用全连接注意力
⚠️ 警告: 稀疏注意力未配置，将使用全连接注意力
⚠️ 警告: 稀疏注意力未配置，将使用全连接注意力
⚠️ 警告: 稀疏注意力未配置，将使用全连接注意力
⚠️ 警告: 稀疏注意力未配置，将使用全连接注意力
⚠️ 警告: 稀疏注意力未配置，将使用全连接注意力
⚠️ 警告: 稀疏注意力未配置，将使用全连接注意力
⚠️ 警告: 稀疏注意力未配置，将使用全连接注意力
⚠️ 警告: 稀疏注意力未配置，将使用全连接注意力
⚠️ 警告: 稀疏注意力未配置，将使用全连接注意力
⚠️ 警告: 稀疏注意力未配置，将使用全连接注意力
⚠️ 警告: 稀疏注意力未配置，将使用全连接注意力
⚠️ 警告: 稀疏注意力未配置，将使用全连接注意力
⚠️ 警告: 稀疏注意力未配置，将使用全连接注意力
⚠️ 警告: 稀疏注意力未配置，将使用全连接注意力
⚠️ 警告: 稀疏注意力未配置，将使用全连接注意力
Train : loss:1.20e-02  =  1.10e-02 + alpha*1.22e-03
⚠️ 警告: 稀疏注意力未配置，将使用全连接注意力
⚠️ 警告: 稀疏注意力未配置，将使用全连接注意力
⚠️ 警告: 稀疏注意力未配置，将使用全连接注意力
⚠️ 警告: 稀疏注意力未配置，将使用全连接注意力
⚠️ 警告: 稀疏注意力未配置，将使用全连接注意力
⚠️ 警告: 稀疏注意力未配置，将使用全连接注意力
⚠️ 警告: 稀疏注意力未配置，将使用全连接注意力
⚠️ 警告: 稀疏注意力未配置，将使用全连接注意力
⚠️ 警告: 稀疏注意力未配置，将使用全连接注意力
⚠️ 警告: 稀疏注意力未配置，将使用全连接注意力
⚠️ 警告: 稀疏注意力未配置，将使用全连接注意力
⚠️ 警告: 稀疏注意力未配置，将使用全连接注意力
⚠️ 警告: 稀疏注意力未配置，将使用全连接注意力
⚠️ 警告: 稀疏注意力未配置，将使用全连接注意力
⚠️ 警告: 稀疏注意力未配置，将使用全连接注意力
⚠️ 警告: 稀疏注意力未配置，将使用全连接注意力
⚠️ 警告: 稀疏注意力未配置，将使用全连接注意力
⚠️ 警告: 稀疏注意力未配置，将使用全连接注意力
⚠️ 警告: 稀疏注意力未配置，将使用全连接注意力
⚠️ 警告: 稀疏注意力未配置，将使用全连接注意力
⚠️ 警告: 稀疏注意力未配置，将使用全连接注意力
⚠️ 警告: 稀疏注意力未配置，将使用全连接注意力
⚠️ 警告: 稀疏注意力未配置，将使用全连接注意力
⚠️ 警告: 稀疏注意力未配置，将使用全连接注意力
⚠️ 警告: 稀疏注意力未配置，将使用全连接注意力
⚠️ 警告: 稀疏注意力未配置，将使用全连接注意力
⚠️ 警告: 稀疏注意力未配置，将使用全连接注意力
⚠️ 警告: 稀疏注意力未配置，将使用全连接注意力
⚠️ 警告: 稀疏注意力未配置，将使用全连接注意力
⚠️ 警告: 稀疏注意力未配置，将使用全连接注意力
⚠️ 警告: 稀疏注意力未配置，将使用全连接注意力
⚠️ 警告: 稀疏注意力未配置，将使用全连接注意力
⚠️ 警告: 稀疏注意力未配置，将使用全连接注意力
⚠️ 警告: 稀疏注意力未配置，将使用全连接注意力
⚠️ 警告: 稀疏注意力未配置，将使用全连接注意力
⚠️ 警告: 稀疏注意力未配置，将使用全连接注意力
⚠️ 警告: 稀疏注意力未配置，将使用全连接注意力
⚠️ 警告: 稀疏注意力未配置，将使用全连接注意力
⚠️ 警告: 稀疏注意力未配置，将使用全连接注意力
⚠️ 警告: 稀疏注意力未配置，将使用全连接注意力
⚠️ 警告: 稀疏注意力未配置，将使用全连接注意力
⚠️ 警告: 稀疏注意力未配置，将使用全连接注意力
⚠️ 警告: 稀疏注意力未配置，将使用全连接注意力
⚠️ 警告: 稀疏注意力未配置，将使用全连接注意力
⚠️ 警告: 稀疏注意力未配置，将使用全连接注意力
⚠️ 警告: 稀疏注意力未配置，将使用全连接注意力
⚠️ 警告: 稀疏注意力未配置，将使用全连接注意力
⚠️ 警告: 稀疏注意力未配置，将使用全连接注意力
⚠️ 警告: 稀疏注意力未配置，将使用全连接注意力
⚠️ 警告: 稀疏注意力未配置，将使用全连接注意力
Valid : loss:2.44e-02  =  2.29e-02 + alpha*1.96e-03
⚠️ 警告: 稀疏注意力未配置，将使用全连接注意力
⚠️ 警告: 稀疏注意力未配置，将使用全连接注意力
⚠️ 警告: 稀疏注意力未配置，将使用全连接注意力
⚠️ 警告: 稀疏注意力未配置，将使用全连接注意力
⚠️ 警告: 稀疏注意力未配置，将使用全连接注意力
⚠️ 警告: 稀疏注意力未配置，将使用全连接注意力
⚠️ 警告: 稀疏注意力未配置，将使用全连接注意力
⚠️ 警告: 稀疏注意力未配置，将使用全连接注意力
⚠️ 警告: 稀疏注意力未配置，将使用全连接注意力
⚠️ 警告: 稀疏注意力未配置，将使用全连接注意力
⚠️ 警告: 稀疏注意力未配置，将使用全连接注意力
⚠️ 警告: 稀疏注意力未配置，将使用全连接注意力
⚠️ 警告: 稀疏注意力未配置，将使用全连接注意力
⚠️ 警告: 稀疏注意力未配置，将使用全连接注意力
⚠️ 警告: 稀疏注意力未配置，将使用全连接注意力
⚠️ 警告: 稀疏注意力未配置，将使用全连接注意力
⚠️ 警告: 稀疏注意力未配置，将使用全连接注意力
⚠️ 警告: 稀疏注意力未配置，将使用全连接注意力
⚠️ 警告: 稀疏注意力未配置，将使用全连接注意力
⚠️ 警告: 稀疏注意力未配置，将使用全连接注意力
⚠️ 警告: 稀疏注意力未配置，将使用全连接注意力
⚠️ 警告: 稀疏注意力未配置，将使用全连接注意力
⚠️ 警告: 稀疏注意力未配置，将使用全连接注意力
⚠️ 警告: 稀疏注意力未配置，将使用全连接注意力
⚠️ 警告: 稀疏注意力未配置，将使用全连接注意力
⚠️ 警告: 稀疏注意力未配置，将使用全连接注意力
⚠️ 警告: 稀疏注意力未配置，将使用全连接注意力
⚠️ 警告: 稀疏注意力未配置，将使用全连接注意力
⚠️ 警告: 稀疏注意力未配置，将使用全连接注意力
⚠️ 警告: 稀疏注意力未配置，将使用全连接注意力
⚠️ 警告: 稀疏注意力未配置，将使用全连接注意力
⚠️ 警告: 稀疏注意力未配置，将使用全连接注意力
⚠️ 警告: 稀疏注意力未配置，将使用全连接注意力
⚠️ 警告: 稀疏注意力未配置，将使用全连接注意力
⚠️ 警告: 稀疏注意力未配置，将使用全连接注意力
⚠️ 警告: 稀疏注意力未配置，将使用全连接注意力
⚠️ 警告: 稀疏注意力未配置，将使用全连接注意力
⚠️ 警告: 稀疏注意力未配置，将使用全连接注意力
⚠️ 警告: 稀疏注意力未配置，将使用全连接注意力
⚠️ 警告: 稀疏注意力未配置，将使用全连接注意力
⚠️ 警告: 稀疏注意力未配置，将使用全连接注意力
⚠️ 警告: 稀疏注意力未配置，将使用全连接注意力
⚠️ 警告: 稀疏注意力未配置，将使用全连接注意力
⚠️ 警告: 稀疏注意力未配置，将使用全连接注意力
⚠️ 警告: 稀疏注意力未配置，将使用全连接注意力
⚠️ 警告: 稀疏注意力未配置，将使用全连接注意力
⚠️ 警告: 稀疏注意力未配置，将使用全连接注意力
⚠️ 警告: 稀疏注意力未配置，将使用全连接注意力
⚠️ 警告: 稀疏注意力未配置，将使用全连接注意力
⚠️ 警告: 稀疏注意力未配置，将使用全连接注意力
⚠️ 警告: 稀疏注意力未配置，将使用全连接注意力
Test: loss:3.23e-02  =  3.08e-02 + alpha*2.08e-03
Valid performance:
 mse:2.29e-02, IC:4.74e-03, RIC:2.65e-02, prec@10:4.74e-01, SR:7.12e-01
Test performance:
 mse:3.08e-02, IC:4.71e-03, RIC:3.89e-02, prec@10:5.14e-01, SR:-5.46e-01 


epoch8##########################################################
⚠️ 警告: 稀疏注意力未配置，将使用全连接注意力
⚠️ 警告: 稀疏注意力未配置，将使用全连接注意力
⚠️ 警告: 稀疏注意力未配置，将使用全连接注意力
⚠️ 警告: 稀疏注意力未配置，将使用全连接注意力
⚠️ 警告: 稀疏注意力未配置，将使用全连接注意力
⚠️ 警告: 稀疏注意力未配置，将使用全连接注意力
⚠️ 警告: 稀疏注意力未配置，将使用全连接注意力
⚠️ 警告: 稀疏注意力未配置，将使用全连接注意力
⚠️ 警告: 稀疏注意力未配置，将使用全连接注意力
⚠️ 警告: 稀疏注意力未配置，将使用全连接注意力
⚠️ 警告: 稀疏注意力未配置，将使用全连接注意力
⚠️ 警告: 稀疏注意力未配置，将使用全连接注意力
⚠️ 警告: 稀疏注意力未配置，将使用全连接注意力
⚠️ 警告: 稀疏注意力未配置，将使用全连接注意力
⚠️ 警告: 稀疏注意力未配置，将使用全连接注意力
⚠️ 警告: 稀疏注意力未配置，将使用全连接注意力
⚠️ 警告: 稀疏注意力未配置，将使用全连接注意力
⚠️ 警告: 稀疏注意力未配置，将使用全连接注意力
⚠️ 警告: 稀疏注意力未配置，将使用全连接注意力
⚠️ 警告: 稀疏注意力未配置，将使用全连接注意力
⚠️ 警告: 稀疏注意力未配置，将使用全连接注意力
⚠️ 警告: 稀疏注意力未配置，将使用全连接注意力
⚠️ 警告: 稀疏注意力未配置，将使用全连接注意力
⚠️ 警告: 稀疏注意力未配置，将使用全连接注意力
⚠️ 警告: 稀疏注意力未配置，将使用全连接注意力
⚠️ 警告: 稀疏注意力未配置，将使用全连接注意力
⚠️ 警告: 稀疏注意力未配置，将使用全连接注意力
⚠️ 警告: 稀疏注意力未配置，将使用全连接注意力
⚠️ 警告: 稀疏注意力未配置，将使用全连接注意力
⚠️ 警告: 稀疏注意力未配置，将使用全连接注意力
⚠️ 警告: 稀疏注意力未配置，将使用全连接注意力
⚠️ 警告: 稀疏注意力未配置，将使用全连接注意力
⚠️ 警告: 稀疏注意力未配置，将使用全连接注意力
⚠️ 警告: 稀疏注意力未配置，将使用全连接注意力
⚠️ 警告: 稀疏注意力未配置，将使用全连接注意力
⚠️ 警告: 稀疏注意力未配置，将使用全连接注意力
⚠️ 警告: 稀疏注意力未配置，将使用全连接注意力
⚠️ 警告: 稀疏注意力未配置，将使用全连接注意力
⚠️ 警告: 稀疏注意力未配置，将使用全连接注意力
⚠️ 警告: 稀疏注意力未配置，将使用全连接注意力
⚠️ 警告: 稀疏注意力未配置，将使用全连接注意力
⚠️ 警告: 稀疏注意力未配置，将使用全连接注意力
⚠️ 警告: 稀疏注意力未配置，将使用全连接注意力
⚠️ 警告: 稀疏注意力未配置，将使用全连接注意力
⚠️ 警告: 稀疏注意力未配置，将使用全连接注意力
⚠️ 警告: 稀疏注意力未配置，将使用全连接注意力
⚠️ 警告: 稀疏注意力未配置，将使用全连接注意力
⚠️ 警告: 稀疏注意力未配置，将使用全连接注意力
⚠️ 警告: 稀疏注意力未配置，将使用全连接注意力
⚠️ 警告: 稀疏注意力未配置，将使用全连接注意力
⚠️ 警告: 稀疏注意力未配置，将使用全连接注意力
⚠️ 警告: 稀疏注意力未配置，将使用全连接注意力
⚠️ 警告: 稀疏注意力未配置，将使用全连接注意力
⚠️ 警告: 稀疏注意力未配置，将使用全连接注意力
⚠️ 警告: 稀疏注意力未配置，将使用全连接注意力
⚠️ 警告: 稀疏注意力未配置，将使用全连接注意力
⚠️ 警告: 稀疏注意力未配置，将使用全连接注意力
⚠️ 警告: 稀疏注意力未配置，将使用全连接注意力
⚠️ 警告: 稀疏注意力未配置，将使用全连接注意力
⚠️ 警告: 稀疏注意力未配置，将使用全连接注意力
⚠️ 警告: 稀疏注意力未配置，将使用全连接注意力
⚠️ 警告: 稀疏注意力未配置，将使用全连接注意力
⚠️ 警告: 稀疏注意力未配置，将使用全连接注意力
⚠️ 警告: 稀疏注意力未配置，将使用全连接注意力
⚠️ 警告: 稀疏注意力未配置，将使用全连接注意力
⚠️ 警告: 稀疏注意力未配置，将使用全连接注意力
⚠️ 警告: 稀疏注意力未配置，将使用全连接注意力
⚠️ 警告: 稀疏注意力未配置，将使用全连接注意力
⚠️ 警告: 稀疏注意力未配置，将使用全连接注意力
⚠️ 警告: 稀疏注意力未配置，将使用全连接注意力
⚠️ 警告: 稀疏注意力未配置，将使用全连接注意力
⚠️ 警告: 稀疏注意力未配置，将使用全连接注意力
⚠️ 警告: 稀疏注意力未配置，将使用全连接注意力
⚠️ 警告: 稀疏注意力未配置，将使用全连接注意力
⚠️ 警告: 稀疏注意力未配置，将使用全连接注意力
⚠️ 警告: 稀疏注意力未配置，将使用全连接注意力
⚠️ 警告: 稀疏注意力未配置，将使用全连接注意力
⚠️ 警告: 稀疏注意力未配置，将使用全连接注意力
⚠️ 警告: 稀疏注意力未配置，将使用全连接注意力
⚠️ 警告: 稀疏注意力未配置，将使用全连接注意力
⚠️ 警告: 稀疏注意力未配置，将使用全连接注意力
⚠️ 警告: 稀疏注意力未配置，将使用全连接注意力
⚠️ 警告: 稀疏注意力未配置，将使用全连接注意力
⚠️ 警告: 稀疏注意力未配置，将使用全连接注意力
⚠️ 警告: 稀疏注意力未配置，将使用全连接注意力
⚠️ 警告: 稀疏注意力未配置，将使用全连接注意力
⚠️ 警告: 稀疏注意力未配置，将使用全连接注意力
⚠️ 警告: 稀疏注意力未配置，将使用全连接注意力
⚠️ 警告: 稀疏注意力未配置，将使用全连接注意力
⚠️ 警告: 稀疏注意力未配置，将使用全连接注意力
⚠️ 警告: 稀疏注意力未配置，将使用全连接注意力
⚠️ 警告: 稀疏注意力未配置，将使用全连接注意力
⚠️ 警告: 稀疏注意力未配置，将使用全连接注意力
⚠️ 警告: 稀疏注意力未配置，将使用全连接注意力
⚠️ 警告: 稀疏注意力未配置，将使用全连接注意力
⚠️ 警告: 稀疏注意力未配置，将使用全连接注意力
⚠️ 警告: 稀疏注意力未配置，将使用全连接注意力
⚠️ 警告: 稀疏注意力未配置，将使用全连接注意力
⚠️ 警告: 稀疏注意力未配置，将使用全连接注意力
⚠️ 警告: 稀疏注意力未配置，将使用全连接注意力
⚠️ 警告: 稀疏注意力未配置，将使用全连接注意力
⚠️ 警告: 稀疏注意力未配置，将使用全连接注意力
⚠️ 警告: 稀疏注意力未配置，将使用全连接注意力
⚠️ 警告: 稀疏注意力未配置，将使用全连接注意力
⚠️ 警告: 稀疏注意力未配置，将使用全连接注意力
⚠️ 警告: 稀疏注意力未配置，将使用全连接注意力
⚠️ 警告: 稀疏注意力未配置，将使用全连接注意力
⚠️ 警告: 稀疏注意力未配置，将使用全连接注意力
⚠️ 警告: 稀疏注意力未配置，将使用全连接注意力
⚠️ 警告: 稀疏注意力未配置，将使用全连接注意力
⚠️ 警告: 稀疏注意力未配置，将使用全连接注意力
⚠️ 警告: 稀疏注意力未配置，将使用全连接注意力
⚠️ 警告: 稀疏注意力未配置，将使用全连接注意力
⚠️ 警告: 稀疏注意力未配置，将使用全连接注意力
⚠️ 警告: 稀疏注意力未配置，将使用全连接注意力
⚠️ 警告: 稀疏注意力未配置，将使用全连接注意力
⚠️ 警告: 稀疏注意力未配置，将使用全连接注意力
⚠️ 警告: 稀疏注意力未配置，将使用全连接注意力
⚠️ 警告: 稀疏注意力未配置，将使用全连接注意力
Train : loss:1.12e-02  =  1.03e-02 + alpha*1.16e-03
⚠️ 警告: 稀疏注意力未配置，将使用全连接注意力
⚠️ 警告: 稀疏注意力未配置，将使用全连接注意力
⚠️ 警告: 稀疏注意力未配置，将使用全连接注意力
⚠️ 警告: 稀疏注意力未配置，将使用全连接注意力
⚠️ 警告: 稀疏注意力未配置，将使用全连接注意力
⚠️ 警告: 稀疏注意力未配置，将使用全连接注意力
⚠️ 警告: 稀疏注意力未配置，将使用全连接注意力
⚠️ 警告: 稀疏注意力未配置，将使用全连接注意力
⚠️ 警告: 稀疏注意力未配置，将使用全连接注意力
⚠️ 警告: 稀疏注意力未配置，将使用全连接注意力
⚠️ 警告: 稀疏注意力未配置，将使用全连接注意力
⚠️ 警告: 稀疏注意力未配置，将使用全连接注意力
⚠️ 警告: 稀疏注意力未配置，将使用全连接注意力
⚠️ 警告: 稀疏注意力未配置，将使用全连接注意力
⚠️ 警告: 稀疏注意力未配置，将使用全连接注意力
⚠️ 警告: 稀疏注意力未配置，将使用全连接注意力
⚠️ 警告: 稀疏注意力未配置，将使用全连接注意力
⚠️ 警告: 稀疏注意力未配置，将使用全连接注意力
⚠️ 警告: 稀疏注意力未配置，将使用全连接注意力
⚠️ 警告: 稀疏注意力未配置，将使用全连接注意力
⚠️ 警告: 稀疏注意力未配置，将使用全连接注意力
⚠️ 警告: 稀疏注意力未配置，将使用全连接注意力
⚠️ 警告: 稀疏注意力未配置，将使用全连接注意力
⚠️ 警告: 稀疏注意力未配置，将使用全连接注意力
⚠️ 警告: 稀疏注意力未配置，将使用全连接注意力
⚠️ 警告: 稀疏注意力未配置，将使用全连接注意力
⚠️ 警告: 稀疏注意力未配置，将使用全连接注意力
⚠️ 警告: 稀疏注意力未配置，将使用全连接注意力
⚠️ 警告: 稀疏注意力未配置，将使用全连接注意力
⚠️ 警告: 稀疏注意力未配置，将使用全连接注意力
⚠️ 警告: 稀疏注意力未配置，将使用全连接注意力
⚠️ 警告: 稀疏注意力未配置，将使用全连接注意力
⚠️ 警告: 稀疏注意力未配置，将使用全连接注意力
⚠️ 警告: 稀疏注意力未配置，将使用全连接注意力
⚠️ 警告: 稀疏注意力未配置，将使用全连接注意力
⚠️ 警告: 稀疏注意力未配置，将使用全连接注意力
⚠️ 警告: 稀疏注意力未配置，将使用全连接注意力
⚠️ 警告: 稀疏注意力未配置，将使用全连接注意力
⚠️ 警告: 稀疏注意力未配置，将使用全连接注意力
⚠️ 警告: 稀疏注意力未配置，将使用全连接注意力
⚠️ 警告: 稀疏注意力未配置，将使用全连接注意力
⚠️ 警告: 稀疏注意力未配置，将使用全连接注意力
⚠️ 警告: 稀疏注意力未配置，将使用全连接注意力
⚠️ 警告: 稀疏注意力未配置，将使用全连接注意力
⚠️ 警告: 稀疏注意力未配置，将使用全连接注意力
⚠️ 警告: 稀疏注意力未配置，将使用全连接注意力
⚠️ 警告: 稀疏注意力未配置，将使用全连接注意力
⚠️ 警告: 稀疏注意力未配置，将使用全连接注意力
⚠️ 警告: 稀疏注意力未配置，将使用全连接注意力
⚠️ 警告: 稀疏注意力未配置，将使用全连接注意力
Valid : loss:2.07e-02  =  1.93e-02 + alpha*1.87e-03
⚠️ 警告: 稀疏注意力未配置，将使用全连接注意力
⚠️ 警告: 稀疏注意力未配置，将使用全连接注意力
⚠️ 警告: 稀疏注意力未配置，将使用全连接注意力
⚠️ 警告: 稀疏注意力未配置，将使用全连接注意力
⚠️ 警告: 稀疏注意力未配置，将使用全连接注意力
⚠️ 警告: 稀疏注意力未配置，将使用全连接注意力
⚠️ 警告: 稀疏注意力未配置，将使用全连接注意力
⚠️ 警告: 稀疏注意力未配置，将使用全连接注意力
⚠️ 警告: 稀疏注意力未配置，将使用全连接注意力
⚠️ 警告: 稀疏注意力未配置，将使用全连接注意力
⚠️ 警告: 稀疏注意力未配置，将使用全连接注意力
⚠️ 警告: 稀疏注意力未配置，将使用全连接注意力
⚠️ 警告: 稀疏注意力未配置，将使用全连接注意力
⚠️ 警告: 稀疏注意力未配置，将使用全连接注意力
⚠️ 警告: 稀疏注意力未配置，将使用全连接注意力
⚠️ 警告: 稀疏注意力未配置，将使用全连接注意力
⚠️ 警告: 稀疏注意力未配置，将使用全连接注意力
⚠️ 警告: 稀疏注意力未配置，将使用全连接注意力
⚠️ 警告: 稀疏注意力未配置，将使用全连接注意力
⚠️ 警告: 稀疏注意力未配置，将使用全连接注意力
⚠️ 警告: 稀疏注意力未配置，将使用全连接注意力
⚠️ 警告: 稀疏注意力未配置，将使用全连接注意力
⚠️ 警告: 稀疏注意力未配置，将使用全连接注意力
⚠️ 警告: 稀疏注意力未配置，将使用全连接注意力
⚠️ 警告: 稀疏注意力未配置，将使用全连接注意力
⚠️ 警告: 稀疏注意力未配置，将使用全连接注意力
⚠️ 警告: 稀疏注意力未配置，将使用全连接注意力
⚠️ 警告: 稀疏注意力未配置，将使用全连接注意力
⚠️ 警告: 稀疏注意力未配置，将使用全连接注意力
⚠️ 警告: 稀疏注意力未配置，将使用全连接注意力
⚠️ 警告: 稀疏注意力未配置，将使用全连接注意力
⚠️ 警告: 稀疏注意力未配置，将使用全连接注意力
⚠️ 警告: 稀疏注意力未配置，将使用全连接注意力
⚠️ 警告: 稀疏注意力未配置，将使用全连接注意力
⚠️ 警告: 稀疏注意力未配置，将使用全连接注意力
⚠️ 警告: 稀疏注意力未配置，将使用全连接注意力
⚠️ 警告: 稀疏注意力未配置，将使用全连接注意力
⚠️ 警告: 稀疏注意力未配置，将使用全连接注意力
⚠️ 警告: 稀疏注意力未配置，将使用全连接注意力
⚠️ 警告: 稀疏注意力未配置，将使用全连接注意力
⚠️ 警告: 稀疏注意力未配置，将使用全连接注意力
⚠️ 警告: 稀疏注意力未配置，将使用全连接注意力
⚠️ 警告: 稀疏注意力未配置，将使用全连接注意力
⚠️ 警告: 稀疏注意力未配置，将使用全连接注意力
⚠️ 警告: 稀疏注意力未配置，将使用全连接注意力
⚠️ 警告: 稀疏注意力未配置，将使用全连接注意力
⚠️ 警告: 稀疏注意力未配置，将使用全连接注意力
⚠️ 警告: 稀疏注意力未配置，将使用全连接注意力
⚠️ 警告: 稀疏注意力未配置，将使用全连接注意力
⚠️ 警告: 稀疏注意力未配置，将使用全连接注意力
⚠️ 警告: 稀疏注意力未配置，将使用全连接注意力
Test: loss:2.45e-02  =  2.31e-02 + alpha*1.93e-03
Valid performance:
 mse:1.93e-02, IC:-1.77e-03, RIC:-9.81e-03, prec@10:5.06e-01, SR:2.13e+00
Test performance:
 mse:2.31e-02, IC:5.33e-04, RIC:4.63e-03, prec@10:5.16e-01, SR:-3.53e-01 


epoch9##########################################################
⚠️ 警告: 稀疏注意力未配置，将使用全连接注意力
⚠️ 警告: 稀疏注意力未配置，将使用全连接注意力
⚠️ 警告: 稀疏注意力未配置，将使用全连接注意力
⚠️ 警告: 稀疏注意力未配置，将使用全连接注意力
⚠️ 警告: 稀疏注意力未配置，将使用全连接注意力
⚠️ 警告: 稀疏注意力未配置，将使用全连接注意力
⚠️ 警告: 稀疏注意力未配置，将使用全连接注意力
⚠️ 警告: 稀疏注意力未配置，将使用全连接注意力
⚠️ 警告: 稀疏注意力未配置，将使用全连接注意力
⚠️ 警告: 稀疏注意力未配置，将使用全连接注意力
⚠️ 警告: 稀疏注意力未配置，将使用全连接注意力
⚠️ 警告: 稀疏注意力未配置，将使用全连接注意力
⚠️ 警告: 稀疏注意力未配置，将使用全连接注意力
⚠️ 警告: 稀疏注意力未配置，将使用全连接注意力
⚠️ 警告: 稀疏注意力未配置，将使用全连接注意力
⚠️ 警告: 稀疏注意力未配置，将使用全连接注意力
⚠️ 警告: 稀疏注意力未配置，将使用全连接注意力
⚠️ 警告: 稀疏注意力未配置，将使用全连接注意力
⚠️ 警告: 稀疏注意力未配置，将使用全连接注意力
⚠️ 警告: 稀疏注意力未配置，将使用全连接注意力
⚠️ 警告: 稀疏注意力未配置，将使用全连接注意力
⚠️ 警告: 稀疏注意力未配置，将使用全连接注意力
⚠️ 警告: 稀疏注意力未配置，将使用全连接注意力
⚠️ 警告: 稀疏注意力未配置，将使用全连接注意力
⚠️ 警告: 稀疏注意力未配置，将使用全连接注意力
⚠️ 警告: 稀疏注意力未配置，将使用全连接注意力
⚠️ 警告: 稀疏注意力未配置，将使用全连接注意力
⚠️ 警告: 稀疏注意力未配置，将使用全连接注意力
⚠️ 警告: 稀疏注意力未配置，将使用全连接注意力
⚠️ 警告: 稀疏注意力未配置，将使用全连接注意力
⚠️ 警告: 稀疏注意力未配置，将使用全连接注意力
⚠️ 警告: 稀疏注意力未配置，将使用全连接注意力
⚠️ 警告: 稀疏注意力未配置，将使用全连接注意力
⚠️ 警告: 稀疏注意力未配置，将使用全连接注意力
⚠️ 警告: 稀疏注意力未配置，将使用全连接注意力
⚠️ 警告: 稀疏注意力未配置，将使用全连接注意力
⚠️ 警告: 稀疏注意力未配置，将使用全连接注意力
⚠️ 警告: 稀疏注意力未配置，将使用全连接注意力
⚠️ 警告: 稀疏注意力未配置，将使用全连接注意力
⚠️ 警告: 稀疏注意力未配置，将使用全连接注意力
⚠️ 警告: 稀疏注意力未配置，将使用全连接注意力
⚠️ 警告: 稀疏注意力未配置，将使用全连接注意力
⚠️ 警告: 稀疏注意力未配置，将使用全连接注意力
⚠️ 警告: 稀疏注意力未配置，将使用全连接注意力
⚠️ 警告: 稀疏注意力未配置，将使用全连接注意力
⚠️ 警告: 稀疏注意力未配置，将使用全连接注意力
⚠️ 警告: 稀疏注意力未配置，将使用全连接注意力
⚠️ 警告: 稀疏注意力未配置，将使用全连接注意力
⚠️ 警告: 稀疏注意力未配置，将使用全连接注意力
⚠️ 警告: 稀疏注意力未配置，将使用全连接注意力
⚠️ 警告: 稀疏注意力未配置，将使用全连接注意力
⚠️ 警告: 稀疏注意力未配置，将使用全连接注意力
⚠️ 警告: 稀疏注意力未配置，将使用全连接注意力
⚠️ 警告: 稀疏注意力未配置，将使用全连接注意力
⚠️ 警告: 稀疏注意力未配置，将使用全连接注意力
⚠️ 警告: 稀疏注意力未配置，将使用全连接注意力
⚠️ 警告: 稀疏注意力未配置，将使用全连接注意力
⚠️ 警告: 稀疏注意力未配置，将使用全连接注意力
⚠️ 警告: 稀疏注意力未配置，将使用全连接注意力
⚠️ 警告: 稀疏注意力未配置，将使用全连接注意力
⚠️ 警告: 稀疏注意力未配置，将使用全连接注意力
⚠️ 警告: 稀疏注意力未配置，将使用全连接注意力
⚠️ 警告: 稀疏注意力未配置，将使用全连接注意力
⚠️ 警告: 稀疏注意力未配置，将使用全连接注意力
⚠️ 警告: 稀疏注意力未配置，将使用全连接注意力
⚠️ 警告: 稀疏注意力未配置，将使用全连接注意力
⚠️ 警告: 稀疏注意力未配置，将使用全连接注意力
⚠️ 警告: 稀疏注意力未配置，将使用全连接注意力
⚠️ 警告: 稀疏注意力未配置，将使用全连接注意力
⚠️ 警告: 稀疏注意力未配置，将使用全连接注意力
⚠️ 警告: 稀疏注意力未配置，将使用全连接注意力
⚠️ 警告: 稀疏注意力未配置，将使用全连接注意力
⚠️ 警告: 稀疏注意力未配置，将使用全连接注意力
⚠️ 警告: 稀疏注意力未配置，将使用全连接注意力
⚠️ 警告: 稀疏注意力未配置，将使用全连接注意力
⚠️ 警告: 稀疏注意力未配置，将使用全连接注意力
⚠️ 警告: 稀疏注意力未配置，将使用全连接注意力
⚠️ 警告: 稀疏注意力未配置，将使用全连接注意力
⚠️ 警告: 稀疏注意力未配置，将使用全连接注意力
⚠️ 警告: 稀疏注意力未配置，将使用全连接注意力
⚠️ 警告: 稀疏注意力未配置，将使用全连接注意力
⚠️ 警告: 稀疏注意力未配置，将使用全连接注意力
⚠️ 警告: 稀疏注意力未配置，将使用全连接注意力
⚠️ 警告: 稀疏注意力未配置，将使用全连接注意力
⚠️ 警告: 稀疏注意力未配置，将使用全连接注意力
⚠️ 警告: 稀疏注意力未配置，将使用全连接注意力
⚠️ 警告: 稀疏注意力未配置，将使用全连接注意力
⚠️ 警告: 稀疏注意力未配置，将使用全连接注意力
⚠️ 警告: 稀疏注意力未配置，将使用全连接注意力
⚠️ 警告: 稀疏注意力未配置，将使用全连接注意力
⚠️ 警告: 稀疏注意力未配置，将使用全连接注意力
⚠️ 警告: 稀疏注意力未配置，将使用全连接注意力
⚠️ 警告: 稀疏注意力未配置，将使用全连接注意力
⚠️ 警告: 稀疏注意力未配置，将使用全连接注意力
⚠️ 警告: 稀疏注意力未配置，将使用全连接注意力
⚠️ 警告: 稀疏注意力未配置，将使用全连接注意力
⚠️ 警告: 稀疏注意力未配置，将使用全连接注意力
⚠️ 警告: 稀疏注意力未配置，将使用全连接注意力
⚠️ 警告: 稀疏注意力未配置，将使用全连接注意力
⚠️ 警告: 稀疏注意力未配置，将使用全连接注意力
⚠️ 警告: 稀疏注意力未配置，将使用全连接注意力
⚠️ 警告: 稀疏注意力未配置，将使用全连接注意力
⚠️ 警告: 稀疏注意力未配置，将使用全连接注意力
⚠️ 警告: 稀疏注意力未配置，将使用全连接注意力
⚠️ 警告: 稀疏注意力未配置，将使用全连接注意力
⚠️ 警告: 稀疏注意力未配置，将使用全连接注意力
⚠️ 警告: 稀疏注意力未配置，将使用全连接注意力
⚠️ 警告: 稀疏注意力未配置，将使用全连接注意力
⚠️ 警告: 稀疏注意力未配置，将使用全连接注意力
⚠️ 警告: 稀疏注意力未配置，将使用全连接注意力
⚠️ 警告: 稀疏注意力未配置，将使用全连接注意力
⚠️ 警告: 稀疏注意力未配置，将使用全连接注意力
⚠️ 警告: 稀疏注意力未配置，将使用全连接注意力
⚠️ 警告: 稀疏注意力未配置，将使用全连接注意力
⚠️ 警告: 稀疏注意力未配置，将使用全连接注意力
⚠️ 警告: 稀疏注意力未配置，将使用全连接注意力
⚠️ 警告: 稀疏注意力未配置，将使用全连接注意力
⚠️ 警告: 稀疏注意力未配置，将使用全连接注意力
⚠️ 警告: 稀疏注意力未配置，将使用全连接注意力
Train : loss:1.01e-02  =  9.26e-03 + alpha*1.09e-03
⚠️ 警告: 稀疏注意力未配置，将使用全连接注意力
⚠️ 警告: 稀疏注意力未配置，将使用全连接注意力
⚠️ 警告: 稀疏注意力未配置，将使用全连接注意力
⚠️ 警告: 稀疏注意力未配置，将使用全连接注意力
⚠️ 警告: 稀疏注意力未配置，将使用全连接注意力
⚠️ 警告: 稀疏注意力未配置，将使用全连接注意力
⚠️ 警告: 稀疏注意力未配置，将使用全连接注意力
⚠️ 警告: 稀疏注意力未配置，将使用全连接注意力
⚠️ 警告: 稀疏注意力未配置，将使用全连接注意力
⚠️ 警告: 稀疏注意力未配置，将使用全连接注意力
⚠️ 警告: 稀疏注意力未配置，将使用全连接注意力
⚠️ 警告: 稀疏注意力未配置，将使用全连接注意力
⚠️ 警告: 稀疏注意力未配置，将使用全连接注意力
⚠️ 警告: 稀疏注意力未配置，将使用全连接注意力
⚠️ 警告: 稀疏注意力未配置，将使用全连接注意力
⚠️ 警告: 稀疏注意力未配置，将使用全连接注意力
⚠️ 警告: 稀疏注意力未配置，将使用全连接注意力
⚠️ 警告: 稀疏注意力未配置，将使用全连接注意力
⚠️ 警告: 稀疏注意力未配置，将使用全连接注意力
⚠️ 警告: 稀疏注意力未配置，将使用全连接注意力
⚠️ 警告: 稀疏注意力未配置，将使用全连接注意力
⚠️ 警告: 稀疏注意力未配置，将使用全连接注意力
⚠️ 警告: 稀疏注意力未配置，将使用全连接注意力
⚠️ 警告: 稀疏注意力未配置，将使用全连接注意力
⚠️ 警告: 稀疏注意力未配置，将使用全连接注意力
⚠️ 警告: 稀疏注意力未配置，将使用全连接注意力
⚠️ 警告: 稀疏注意力未配置，将使用全连接注意力
⚠️ 警告: 稀疏注意力未配置，将使用全连接注意力
⚠️ 警告: 稀疏注意力未配置，将使用全连接注意力
⚠️ 警告: 稀疏注意力未配置，将使用全连接注意力
⚠️ 警告: 稀疏注意力未配置，将使用全连接注意力
⚠️ 警告: 稀疏注意力未配置，将使用全连接注意力
⚠️ 警告: 稀疏注意力未配置，将使用全连接注意力
⚠️ 警告: 稀疏注意力未配置，将使用全连接注意力
⚠️ 警告: 稀疏注意力未配置，将使用全连接注意力
⚠️ 警告: 稀疏注意力未配置，将使用全连接注意力
⚠️ 警告: 稀疏注意力未配置，将使用全连接注意力
⚠️ 警告: 稀疏注意力未配置，将使用全连接注意力
⚠️ 警告: 稀疏注意力未配置，将使用全连接注意力
⚠️ 警告: 稀疏注意力未配置，将使用全连接注意力
⚠️ 警告: 稀疏注意力未配置，将使用全连接注意力
⚠️ 警告: 稀疏注意力未配置，将使用全连接注意力
⚠️ 警告: 稀疏注意力未配置，将使用全连接注意力
⚠️ 警告: 稀疏注意力未配置，将使用全连接注意力
⚠️ 警告: 稀疏注意力未配置，将使用全连接注意力
⚠️ 警告: 稀疏注意力未配置，将使用全连接注意力
⚠️ 警告: 稀疏注意力未配置，将使用全连接注意力
⚠️ 警告: 稀疏注意力未配置，将使用全连接注意力
⚠️ 警告: 稀疏注意力未配置，将使用全连接注意力
⚠️ 警告: 稀疏注意力未配置，将使用全连接注意力
Valid : loss:2.31e-02  =  2.17e-02 + alpha*1.84e-03
⚠️ 警告: 稀疏注意力未配置，将使用全连接注意力
⚠️ 警告: 稀疏注意力未配置，将使用全连接注意力
⚠️ 警告: 稀疏注意力未配置，将使用全连接注意力
⚠️ 警告: 稀疏注意力未配置，将使用全连接注意力
⚠️ 警告: 稀疏注意力未配置，将使用全连接注意力
⚠️ 警告: 稀疏注意力未配置，将使用全连接注意力
⚠️ 警告: 稀疏注意力未配置，将使用全连接注意力
⚠️ 警告: 稀疏注意力未配置，将使用全连接注意力
⚠️ 警告: 稀疏注意力未配置，将使用全连接注意力
⚠️ 警告: 稀疏注意力未配置，将使用全连接注意力
⚠️ 警告: 稀疏注意力未配置，将使用全连接注意力
⚠️ 警告: 稀疏注意力未配置，将使用全连接注意力
⚠️ 警告: 稀疏注意力未配置，将使用全连接注意力
⚠️ 警告: 稀疏注意力未配置，将使用全连接注意力
⚠️ 警告: 稀疏注意力未配置，将使用全连接注意力
⚠️ 警告: 稀疏注意力未配置，将使用全连接注意力
⚠️ 警告: 稀疏注意力未配置，将使用全连接注意力
⚠️ 警告: 稀疏注意力未配置，将使用全连接注意力
⚠️ 警告: 稀疏注意力未配置，将使用全连接注意力
⚠️ 警告: 稀疏注意力未配置，将使用全连接注意力
⚠️ 警告: 稀疏注意力未配置，将使用全连接注意力
⚠️ 警告: 稀疏注意力未配置，将使用全连接注意力
⚠️ 警告: 稀疏注意力未配置，将使用全连接注意力
⚠️ 警告: 稀疏注意力未配置，将使用全连接注意力
⚠️ 警告: 稀疏注意力未配置，将使用全连接注意力
⚠️ 警告: 稀疏注意力未配置，将使用全连接注意力
⚠️ 警告: 稀疏注意力未配置，将使用全连接注意力
⚠️ 警告: 稀疏注意力未配置，将使用全连接注意力
⚠️ 警告: 稀疏注意力未配置，将使用全连接注意力
⚠️ 警告: 稀疏注意力未配置，将使用全连接注意力
⚠️ 警告: 稀疏注意力未配置，将使用全连接注意力
⚠️ 警告: 稀疏注意力未配置，将使用全连接注意力
⚠️ 警告: 稀疏注意力未配置，将使用全连接注意力
⚠️ 警告: 稀疏注意力未配置，将使用全连接注意力
⚠️ 警告: 稀疏注意力未配置，将使用全连接注意力
⚠️ 警告: 稀疏注意力未配置，将使用全连接注意力
⚠️ 警告: 稀疏注意力未配置，将使用全连接注意力
⚠️ 警告: 稀疏注意力未配置，将使用全连接注意力
⚠️ 警告: 稀疏注意力未配置，将使用全连接注意力
⚠️ 警告: 稀疏注意力未配置，将使用全连接注意力
⚠️ 警告: 稀疏注意力未配置，将使用全连接注意力
⚠️ 警告: 稀疏注意力未配置，将使用全连接注意力
⚠️ 警告: 稀疏注意力未配置，将使用全连接注意力
⚠️ 警告: 稀疏注意力未配置，将使用全连接注意力
⚠️ 警告: 稀疏注意力未配置，将使用全连接注意力
⚠️ 警告: 稀疏注意力未配置，将使用全连接注意力
⚠️ 警告: 稀疏注意力未配置，将使用全连接注意力
⚠️ 警告: 稀疏注意力未配置，将使用全连接注意力
⚠️ 警告: 稀疏注意力未配置，将使用全连接注意力
⚠️ 警告: 稀疏注意力未配置，将使用全连接注意力
⚠️ 警告: 稀疏注意力未配置，将使用全连接注意力
Test: loss:3.03e-02  =  2.88e-02 + alpha*1.96e-03
Valid performance:
 mse:2.17e-02, IC:4.06e-03, RIC:2.20e-02, prec@10:4.90e-01, SR:1.41e+00
Test performance:
 mse:2.88e-02, IC:-3.33e-04, RIC:-2.71e-03, prec@10:5.33e-01, SR:8.50e-01 


epoch10##########################################################
⚠️ 警告: 稀疏注意力未配置，将使用全连接注意力
⚠️ 警告: 稀疏注意力未配置，将使用全连接注意力
⚠️ 警告: 稀疏注意力未配置，将使用全连接注意力
⚠️ 警告: 稀疏注意力未配置，将使用全连接注意力
⚠️ 警告: 稀疏注意力未配置，将使用全连接注意力
⚠️ 警告: 稀疏注意力未配置，将使用全连接注意力
⚠️ 警告: 稀疏注意力未配置，将使用全连接注意力
⚠️ 警告: 稀疏注意力未配置，将使用全连接注意力
⚠️ 警告: 稀疏注意力未配置，将使用全连接注意力
⚠️ 警告: 稀疏注意力未配置，将使用全连接注意力
⚠️ 警告: 稀疏注意力未配置，将使用全连接注意力
⚠️ 警告: 稀疏注意力未配置，将使用全连接注意力
⚠️ 警告: 稀疏注意力未配置，将使用全连接注意力
⚠️ 警告: 稀疏注意力未配置，将使用全连接注意力
⚠️ 警告: 稀疏注意力未配置，将使用全连接注意力
⚠️ 警告: 稀疏注意力未配置，将使用全连接注意力
⚠️ 警告: 稀疏注意力未配置，将使用全连接注意力
⚠️ 警告: 稀疏注意力未配置，将使用全连接注意力
⚠️ 警告: 稀疏注意力未配置，将使用全连接注意力
⚠️ 警告: 稀疏注意力未配置，将使用全连接注意力
⚠️ 警告: 稀疏注意力未配置，将使用全连接注意力
⚠️ 警告: 稀疏注意力未配置，将使用全连接注意力
⚠️ 警告: 稀疏注意力未配置，将使用全连接注意力
⚠️ 警告: 稀疏注意力未配置，将使用全连接注意力
⚠️ 警告: 稀疏注意力未配置，将使用全连接注意力
⚠️ 警告: 稀疏注意力未配置，将使用全连接注意力
⚠️ 警告: 稀疏注意力未配置，将使用全连接注意力
⚠️ 警告: 稀疏注意力未配置，将使用全连接注意力
⚠️ 警告: 稀疏注意力未配置，将使用全连接注意力
⚠️ 警告: 稀疏注意力未配置，将使用全连接注意力
⚠️ 警告: 稀疏注意力未配置，将使用全连接注意力
⚠️ 警告: 稀疏注意力未配置，将使用全连接注意力
⚠️ 警告: 稀疏注意力未配置，将使用全连接注意力
⚠️ 警告: 稀疏注意力未配置，将使用全连接注意力
⚠️ 警告: 稀疏注意力未配置，将使用全连接注意力
⚠️ 警告: 稀疏注意力未配置，将使用全连接注意力
⚠️ 警告: 稀疏注意力未配置，将使用全连接注意力
⚠️ 警告: 稀疏注意力未配置，将使用全连接注意力
⚠️ 警告: 稀疏注意力未配置，将使用全连接注意力
⚠️ 警告: 稀疏注意力未配置，将使用全连接注意力
⚠️ 警告: 稀疏注意力未配置，将使用全连接注意力
⚠️ 警告: 稀疏注意力未配置，将使用全连接注意力
⚠️ 警告: 稀疏注意力未配置，将使用全连接注意力
⚠️ 警告: 稀疏注意力未配置，将使用全连接注意力
⚠️ 警告: 稀疏注意力未配置，将使用全连接注意力
⚠️ 警告: 稀疏注意力未配置，将使用全连接注意力
⚠️ 警告: 稀疏注意力未配置，将使用全连接注意力
⚠️ 警告: 稀疏注意力未配置，将使用全连接注意力
⚠️ 警告: 稀疏注意力未配置，将使用全连接注意力
⚠️ 警告: 稀疏注意力未配置，将使用全连接注意力
⚠️ 警告: 稀疏注意力未配置，将使用全连接注意力
⚠️ 警告: 稀疏注意力未配置，将使用全连接注意力
⚠️ 警告: 稀疏注意力未配置，将使用全连接注意力
⚠️ 警告: 稀疏注意力未配置，将使用全连接注意力
⚠️ 警告: 稀疏注意力未配置，将使用全连接注意力
⚠️ 警告: 稀疏注意力未配置，将使用全连接注意力
⚠️ 警告: 稀疏注意力未配置，将使用全连接注意力
⚠️ 警告: 稀疏注意力未配置，将使用全连接注意力
⚠️ 警告: 稀疏注意力未配置，将使用全连接注意力
⚠️ 警告: 稀疏注意力未配置，将使用全连接注意力
⚠️ 警告: 稀疏注意力未配置，将使用全连接注意力
⚠️ 警告: 稀疏注意力未配置，将使用全连接注意力
⚠️ 警告: 稀疏注意力未配置，将使用全连接注意力
⚠️ 警告: 稀疏注意力未配置，将使用全连接注意力
⚠️ 警告: 稀疏注意力未配置，将使用全连接注意力
⚠️ 警告: 稀疏注意力未配置，将使用全连接注意力
⚠️ 警告: 稀疏注意力未配置，将使用全连接注意力
⚠️ 警告: 稀疏注意力未配置，将使用全连接注意力
⚠️ 警告: 稀疏注意力未配置，将使用全连接注意力
⚠️ 警告: 稀疏注意力未配置，将使用全连接注意力
⚠️ 警告: 稀疏注意力未配置，将使用全连接注意力
⚠️ 警告: 稀疏注意力未配置，将使用全连接注意力
⚠️ 警告: 稀疏注意力未配置，将使用全连接注意力
⚠️ 警告: 稀疏注意力未配置，将使用全连接注意力
⚠️ 警告: 稀疏注意力未配置，将使用全连接注意力
⚠️ 警告: 稀疏注意力未配置，将使用全连接注意力
⚠️ 警告: 稀疏注意力未配置，将使用全连接注意力
⚠️ 警告: 稀疏注意力未配置，将使用全连接注意力
⚠️ 警告: 稀疏注意力未配置，将使用全连接注意力
⚠️ 警告: 稀疏注意力未配置，将使用全连接注意力
⚠️ 警告: 稀疏注意力未配置，将使用全连接注意力
⚠️ 警告: 稀疏注意力未配置，将使用全连接注意力
⚠️ 警告: 稀疏注意力未配置，将使用全连接注意力
⚠️ 警告: 稀疏注意力未配置，将使用全连接注意力
⚠️ 警告: 稀疏注意力未配置，将使用全连接注意力
⚠️ 警告: 稀疏注意力未配置，将使用全连接注意力
⚠️ 警告: 稀疏注意力未配置，将使用全连接注意力
⚠️ 警告: 稀疏注意力未配置，将使用全连接注意力
⚠️ 警告: 稀疏注意力未配置，将使用全连接注意力
⚠️ 警告: 稀疏注意力未配置，将使用全连接注意力
⚠️ 警告: 稀疏注意力未配置，将使用全连接注意力
⚠️ 警告: 稀疏注意力未配置，将使用全连接注意力
⚠️ 警告: 稀疏注意力未配置，将使用全连接注意力
⚠️ 警告: 稀疏注意力未配置，将使用全连接注意力
⚠️ 警告: 稀疏注意力未配置，将使用全连接注意力
⚠️ 警告: 稀疏注意力未配置，将使用全连接注意力
⚠️ 警告: 稀疏注意力未配置，将使用全连接注意力
⚠️ 警告: 稀疏注意力未配置，将使用全连接注意力
⚠️ 警告: 稀疏注意力未配置，将使用全连接注意力
⚠️ 警告: 稀疏注意力未配置，将使用全连接注意力
⚠️ 警告: 稀疏注意力未配置，将使用全连接注意力
⚠️ 警告: 稀疏注意力未配置，将使用全连接注意力
⚠️ 警告: 稀疏注意力未配置，将使用全连接注意力
⚠️ 警告: 稀疏注意力未配置，将使用全连接注意力
⚠️ 警告: 稀疏注意力未配置，将使用全连接注意力
⚠️ 警告: 稀疏注意力未配置，将使用全连接注意力
⚠️ 警告: 稀疏注意力未配置，将使用全连接注意力
⚠️ 警告: 稀疏注意力未配置，将使用全连接注意力
⚠️ 警告: 稀疏注意力未配置，将使用全连接注意力
⚠️ 警告: 稀疏注意力未配置，将使用全连接注意力
⚠️ 警告: 稀疏注意力未配置，将使用全连接注意力
⚠️ 警告: 稀疏注意力未配置，将使用全连接注意力
⚠️ 警告: 稀疏注意力未配置，将使用全连接注意力
⚠️ 警告: 稀疏注意力未配置，将使用全连接注意力
⚠️ 警告: 稀疏注意力未配置，将使用全连接注意力
⚠️ 警告: 稀疏注意力未配置，将使用全连接注意力
⚠️ 警告: 稀疏注意力未配置，将使用全连接注意力
⚠️ 警告: 稀疏注意力未配置，将使用全连接注意力
⚠️ 警告: 稀疏注意力未配置，将使用全连接注意力
Train : loss:9.34e-03  =  8.55e-03 + alpha*1.05e-03
⚠️ 警告: 稀疏注意力未配置，将使用全连接注意力
⚠️ 警告: 稀疏注意力未配置，将使用全连接注意力
⚠️ 警告: 稀疏注意力未配置，将使用全连接注意力
⚠️ 警告: 稀疏注意力未配置，将使用全连接注意力
⚠️ 警告: 稀疏注意力未配置，将使用全连接注意力
⚠️ 警告: 稀疏注意力未配置，将使用全连接注意力
⚠️ 警告: 稀疏注意力未配置，将使用全连接注意力
⚠️ 警告: 稀疏注意力未配置，将使用全连接注意力
⚠️ 警告: 稀疏注意力未配置，将使用全连接注意力
⚠️ 警告: 稀疏注意力未配置，将使用全连接注意力
⚠️ 警告: 稀疏注意力未配置，将使用全连接注意力
⚠️ 警告: 稀疏注意力未配置，将使用全连接注意力
⚠️ 警告: 稀疏注意力未配置，将使用全连接注意力
⚠️ 警告: 稀疏注意力未配置，将使用全连接注意力
⚠️ 警告: 稀疏注意力未配置，将使用全连接注意力
⚠️ 警告: 稀疏注意力未配置，将使用全连接注意力
⚠️ 警告: 稀疏注意力未配置，将使用全连接注意力
⚠️ 警告: 稀疏注意力未配置，将使用全连接注意力
⚠️ 警告: 稀疏注意力未配置，将使用全连接注意力
⚠️ 警告: 稀疏注意力未配置，将使用全连接注意力
⚠️ 警告: 稀疏注意力未配置，将使用全连接注意力
⚠️ 警告: 稀疏注意力未配置，将使用全连接注意力
⚠️ 警告: 稀疏注意力未配置，将使用全连接注意力
⚠️ 警告: 稀疏注意力未配置，将使用全连接注意力
⚠️ 警告: 稀疏注意力未配置，将使用全连接注意力
⚠️ 警告: 稀疏注意力未配置，将使用全连接注意力
⚠️ 警告: 稀疏注意力未配置，将使用全连接注意力
⚠️ 警告: 稀疏注意力未配置，将使用全连接注意力
⚠️ 警告: 稀疏注意力未配置，将使用全连接注意力
⚠️ 警告: 稀疏注意力未配置，将使用全连接注意力
⚠️ 警告: 稀疏注意力未配置，将使用全连接注意力
⚠️ 警告: 稀疏注意力未配置，将使用全连接注意力
⚠️ 警告: 稀疏注意力未配置，将使用全连接注意力
⚠️ 警告: 稀疏注意力未配置，将使用全连接注意力
⚠️ 警告: 稀疏注意力未配置，将使用全连接注意力
⚠️ 警告: 稀疏注意力未配置，将使用全连接注意力
⚠️ 警告: 稀疏注意力未配置，将使用全连接注意力
⚠️ 警告: 稀疏注意力未配置，将使用全连接注意力
⚠️ 警告: 稀疏注意力未配置，将使用全连接注意力
⚠️ 警告: 稀疏注意力未配置，将使用全连接注意力
⚠️ 警告: 稀疏注意力未配置，将使用全连接注意力
⚠️ 警告: 稀疏注意力未配置，将使用全连接注意力
⚠️ 警告: 稀疏注意力未配置，将使用全连接注意力
⚠️ 警告: 稀疏注意力未配置，将使用全连接注意力
⚠️ 警告: 稀疏注意力未配置，将使用全连接注意力
⚠️ 警告: 稀疏注意力未配置，将使用全连接注意力
⚠️ 警告: 稀疏注意力未配置，将使用全连接注意力
⚠️ 警告: 稀疏注意力未配置，将使用全连接注意力
⚠️ 警告: 稀疏注意力未配置，将使用全连接注意力
⚠️ 警告: 稀疏注意力未配置，将使用全连接注意力
Valid : loss:2.03e-02  =  1.90e-02 + alpha*1.78e-03
⚠️ 警告: 稀疏注意力未配置，将使用全连接注意力
⚠️ 警告: 稀疏注意力未配置，将使用全连接注意力
⚠️ 警告: 稀疏注意力未配置，将使用全连接注意力
⚠️ 警告: 稀疏注意力未配置，将使用全连接注意力
⚠️ 警告: 稀疏注意力未配置，将使用全连接注意力
⚠️ 警告: 稀疏注意力未配置，将使用全连接注意力
⚠️ 警告: 稀疏注意力未配置，将使用全连接注意力
⚠️ 警告: 稀疏注意力未配置，将使用全连接注意力
⚠️ 警告: 稀疏注意力未配置，将使用全连接注意力
⚠️ 警告: 稀疏注意力未配置，将使用全连接注意力
⚠️ 警告: 稀疏注意力未配置，将使用全连接注意力
⚠️ 警告: 稀疏注意力未配置，将使用全连接注意力
⚠️ 警告: 稀疏注意力未配置，将使用全连接注意力
⚠️ 警告: 稀疏注意力未配置，将使用全连接注意力
⚠️ 警告: 稀疏注意力未配置，将使用全连接注意力
⚠️ 警告: 稀疏注意力未配置，将使用全连接注意力
⚠️ 警告: 稀疏注意力未配置，将使用全连接注意力
⚠️ 警告: 稀疏注意力未配置，将使用全连接注意力
⚠️ 警告: 稀疏注意力未配置，将使用全连接注意力
⚠️ 警告: 稀疏注意力未配置，将使用全连接注意力
⚠️ 警告: 稀疏注意力未配置，将使用全连接注意力
⚠️ 警告: 稀疏注意力未配置，将使用全连接注意力
⚠️ 警告: 稀疏注意力未配置，将使用全连接注意力
⚠️ 警告: 稀疏注意力未配置，将使用全连接注意力
⚠️ 警告: 稀疏注意力未配置，将使用全连接注意力
⚠️ 警告: 稀疏注意力未配置，将使用全连接注意力
⚠️ 警告: 稀疏注意力未配置，将使用全连接注意力
⚠️ 警告: 稀疏注意力未配置，将使用全连接注意力
⚠️ 警告: 稀疏注意力未配置，将使用全连接注意力
⚠️ 警告: 稀疏注意力未配置，将使用全连接注意力
⚠️ 警告: 稀疏注意力未配置，将使用全连接注意力
⚠️ 警告: 稀疏注意力未配置，将使用全连接注意力
⚠️ 警告: 稀疏注意力未配置，将使用全连接注意力
⚠️ 警告: 稀疏注意力未配置，将使用全连接注意力
⚠️ 警告: 稀疏注意力未配置，将使用全连接注意力
⚠️ 警告: 稀疏注意力未配置，将使用全连接注意力
⚠️ 警告: 稀疏注意力未配置，将使用全连接注意力
⚠️ 警告: 稀疏注意力未配置，将使用全连接注意力
⚠️ 警告: 稀疏注意力未配置，将使用全连接注意力
⚠️ 警告: 稀疏注意力未配置，将使用全连接注意力
⚠️ 警告: 稀疏注意力未配置，将使用全连接注意力
⚠️ 警告: 稀疏注意力未配置，将使用全连接注意力
⚠️ 警告: 稀疏注意力未配置，将使用全连接注意力
⚠️ 警告: 稀疏注意力未配置，将使用全连接注意力
⚠️ 警告: 稀疏注意力未配置，将使用全连接注意力
⚠️ 警告: 稀疏注意力未配置，将使用全连接注意力
⚠️ 警告: 稀疏注意力未配置，将使用全连接注意力
⚠️ 警告: 稀疏注意力未配置，将使用全连接注意力
⚠️ 警告: 稀疏注意力未配置，将使用全连接注意力
⚠️ 警告: 稀疏注意力未配置，将使用全连接注意力
⚠️ 警告: 稀疏注意力未配置，将使用全连接注意力
Test: loss:2.53e-02  =  2.39e-02 + alpha*1.86e-03
Valid performance:
 mse:1.90e-02, IC:3.01e-04, RIC:1.64e-03, prec@10:4.92e-01, SR:2.85e-01
Test performance:
 mse:2.39e-02, IC:8.54e-04, RIC:7.10e-03, prec@10:5.18e-01, SR:1.61e-01 


epoch11##########################################################
⚠️ 警告: 稀疏注意力未配置，将使用全连接注意力
⚠️ 警告: 稀疏注意力未配置，将使用全连接注意力
⚠️ 警告: 稀疏注意力未配置，将使用全连接注意力
⚠️ 警告: 稀疏注意力未配置，将使用全连接注意力
⚠️ 警告: 稀疏注意力未配置，将使用全连接注意力
⚠️ 警告: 稀疏注意力未配置，将使用全连接注意力
⚠️ 警告: 稀疏注意力未配置，将使用全连接注意力
⚠️ 警告: 稀疏注意力未配置，将使用全连接注意力
⚠️ 警告: 稀疏注意力未配置，将使用全连接注意力
⚠️ 警告: 稀疏注意力未配置，将使用全连接注意力
⚠️ 警告: 稀疏注意力未配置，将使用全连接注意力
⚠️ 警告: 稀疏注意力未配置，将使用全连接注意力
⚠️ 警告: 稀疏注意力未配置，将使用全连接注意力
⚠️ 警告: 稀疏注意力未配置，将使用全连接注意力
⚠️ 警告: 稀疏注意力未配置，将使用全连接注意力
⚠️ 警告: 稀疏注意力未配置，将使用全连接注意力
⚠️ 警告: 稀疏注意力未配置，将使用全连接注意力
⚠️ 警告: 稀疏注意力未配置，将使用全连接注意力
⚠️ 警告: 稀疏注意力未配置，将使用全连接注意力
⚠️ 警告: 稀疏注意力未配置，将使用全连接注意力
⚠️ 警告: 稀疏注意力未配置，将使用全连接注意力
⚠️ 警告: 稀疏注意力未配置，将使用全连接注意力
⚠️ 警告: 稀疏注意力未配置，将使用全连接注意力
⚠️ 警告: 稀疏注意力未配置，将使用全连接注意力
⚠️ 警告: 稀疏注意力未配置，将使用全连接注意力
⚠️ 警告: 稀疏注意力未配置，将使用全连接注意力
⚠️ 警告: 稀疏注意力未配置，将使用全连接注意力
⚠️ 警告: 稀疏注意力未配置，将使用全连接注意力
⚠️ 警告: 稀疏注意力未配置，将使用全连接注意力
⚠️ 警告: 稀疏注意力未配置，将使用全连接注意力
⚠️ 警告: 稀疏注意力未配置，将使用全连接注意力
⚠️ 警告: 稀疏注意力未配置，将使用全连接注意力
⚠️ 警告: 稀疏注意力未配置，将使用全连接注意力
⚠️ 警告: 稀疏注意力未配置，将使用全连接注意力
⚠️ 警告: 稀疏注意力未配置，将使用全连接注意力
⚠️ 警告: 稀疏注意力未配置，将使用全连接注意力
⚠️ 警告: 稀疏注意力未配置，将使用全连接注意力
⚠️ 警告: 稀疏注意力未配置，将使用全连接注意力
⚠️ 警告: 稀疏注意力未配置，将使用全连接注意力
⚠️ 警告: 稀疏注意力未配置，将使用全连接注意力
⚠️ 警告: 稀疏注意力未配置，将使用全连接注意力
⚠️ 警告: 稀疏注意力未配置，将使用全连接注意力
⚠️ 警告: 稀疏注意力未配置，将使用全连接注意力
⚠️ 警告: 稀疏注意力未配置，将使用全连接注意力
⚠️ 警告: 稀疏注意力未配置，将使用全连接注意力
⚠️ 警告: 稀疏注意力未配置，将使用全连接注意力
⚠️ 警告: 稀疏注意力未配置，将使用全连接注意力
⚠️ 警告: 稀疏注意力未配置，将使用全连接注意力
⚠️ 警告: 稀疏注意力未配置，将使用全连接注意力
⚠️ 警告: 稀疏注意力未配置，将使用全连接注意力
⚠️ 警告: 稀疏注意力未配置，将使用全连接注意力
⚠️ 警告: 稀疏注意力未配置，将使用全连接注意力
⚠️ 警告: 稀疏注意力未配置，将使用全连接注意力
⚠️ 警告: 稀疏注意力未配置，将使用全连接注意力
⚠️ 警告: 稀疏注意力未配置，将使用全连接注意力
⚠️ 警告: 稀疏注意力未配置，将使用全连接注意力
⚠️ 警告: 稀疏注意力未配置，将使用全连接注意力
⚠️ 警告: 稀疏注意力未配置，将使用全连接注意力
⚠️ 警告: 稀疏注意力未配置，将使用全连接注意力
⚠️ 警告: 稀疏注意力未配置，将使用全连接注意力
⚠️ 警告: 稀疏注意力未配置，将使用全连接注意力
⚠️ 警告: 稀疏注意力未配置，将使用全连接注意力
⚠️ 警告: 稀疏注意力未配置，将使用全连接注意力
⚠️ 警告: 稀疏注意力未配置，将使用全连接注意力
⚠️ 警告: 稀疏注意力未配置，将使用全连接注意力
⚠️ 警告: 稀疏注意力未配置，将使用全连接注意力
⚠️ 警告: 稀疏注意力未配置，将使用全连接注意力
⚠️ 警告: 稀疏注意力未配置，将使用全连接注意力
⚠️ 警告: 稀疏注意力未配置，将使用全连接注意力
⚠️ 警告: 稀疏注意力未配置，将使用全连接注意力
⚠️ 警告: 稀疏注意力未配置，将使用全连接注意力
⚠️ 警告: 稀疏注意力未配置，将使用全连接注意力
⚠️ 警告: 稀疏注意力未配置，将使用全连接注意力
⚠️ 警告: 稀疏注意力未配置，将使用全连接注意力
⚠️ 警告: 稀疏注意力未配置，将使用全连接注意力
⚠️ 警告: 稀疏注意力未配置，将使用全连接注意力
⚠️ 警告: 稀疏注意力未配置，将使用全连接注意力
⚠️ 警告: 稀疏注意力未配置，将使用全连接注意力
⚠️ 警告: 稀疏注意力未配置，将使用全连接注意力
⚠️ 警告: 稀疏注意力未配置，将使用全连接注意力
⚠️ 警告: 稀疏注意力未配置，将使用全连接注意力
⚠️ 警告: 稀疏注意力未配置，将使用全连接注意力
⚠️ 警告: 稀疏注意力未配置，将使用全连接注意力
⚠️ 警告: 稀疏注意力未配置，将使用全连接注意力
⚠️ 警告: 稀疏注意力未配置，将使用全连接注意力
⚠️ 警告: 稀疏注意力未配置，将使用全连接注意力
⚠️ 警告: 稀疏注意力未配置，将使用全连接注意力
⚠️ 警告: 稀疏注意力未配置，将使用全连接注意力
⚠️ 警告: 稀疏注意力未配置，将使用全连接注意力
⚠️ 警告: 稀疏注意力未配置，将使用全连接注意力
⚠️ 警告: 稀疏注意力未配置，将使用全连接注意力
⚠️ 警告: 稀疏注意力未配置，将使用全连接注意力
⚠️ 警告: 稀疏注意力未配置，将使用全连接注意力
⚠️ 警告: 稀疏注意力未配置，将使用全连接注意力
⚠️ 警告: 稀疏注意力未配置，将使用全连接注意力
⚠️ 警告: 稀疏注意力未配置，将使用全连接注意力
⚠️ 警告: 稀疏注意力未配置，将使用全连接注意力
⚠️ 警告: 稀疏注意力未配置，将使用全连接注意力
⚠️ 警告: 稀疏注意力未配置，将使用全连接注意力
⚠️ 警告: 稀疏注意力未配置，将使用全连接注意力
⚠️ 警告: 稀疏注意力未配置，将使用全连接注意力
⚠️ 警告: 稀疏注意力未配置，将使用全连接注意力
⚠️ 警告: 稀疏注意力未配置，将使用全连接注意力
⚠️ 警告: 稀疏注意力未配置，将使用全连接注意力
⚠️ 警告: 稀疏注意力未配置，将使用全连接注意力
⚠️ 警告: 稀疏注意力未配置，将使用全连接注意力
⚠️ 警告: 稀疏注意力未配置，将使用全连接注意力
⚠️ 警告: 稀疏注意力未配置，将使用全连接注意力
⚠️ 警告: 稀疏注意力未配置，将使用全连接注意力
⚠️ 警告: 稀疏注意力未配置，将使用全连接注意力
⚠️ 警告: 稀疏注意力未配置，将使用全连接注意力
⚠️ 警告: 稀疏注意力未配置，将使用全连接注意力
⚠️ 警告: 稀疏注意力未配置，将使用全连接注意力
⚠️ 警告: 稀疏注意力未配置，将使用全连接注意力
⚠️ 警告: 稀疏注意力未配置，将使用全连接注意力
⚠️ 警告: 稀疏注意力未配置，将使用全连接注意力
⚠️ 警告: 稀疏注意力未配置，将使用全连接注意力
⚠️ 警告: 稀疏注意力未配置，将使用全连接注意力
⚠️ 警告: 稀疏注意力未配置，将使用全连接注意力
Train : loss:8.95e-03  =  8.16e-03 + alpha*1.05e-03
⚠️ 警告: 稀疏注意力未配置，将使用全连接注意力
⚠️ 警告: 稀疏注意力未配置，将使用全连接注意力
⚠️ 警告: 稀疏注意力未配置，将使用全连接注意力
⚠️ 警告: 稀疏注意力未配置，将使用全连接注意力
⚠️ 警告: 稀疏注意力未配置，将使用全连接注意力
⚠️ 警告: 稀疏注意力未配置，将使用全连接注意力
⚠️ 警告: 稀疏注意力未配置，将使用全连接注意力
⚠️ 警告: 稀疏注意力未配置，将使用全连接注意力
⚠️ 警告: 稀疏注意力未配置，将使用全连接注意力
⚠️ 警告: 稀疏注意力未配置，将使用全连接注意力
⚠️ 警告: 稀疏注意力未配置，将使用全连接注意力
⚠️ 警告: 稀疏注意力未配置，将使用全连接注意力
⚠️ 警告: 稀疏注意力未配置，将使用全连接注意力
⚠️ 警告: 稀疏注意力未配置，将使用全连接注意力
⚠️ 警告: 稀疏注意力未配置，将使用全连接注意力
⚠️ 警告: 稀疏注意力未配置，将使用全连接注意力
⚠️ 警告: 稀疏注意力未配置，将使用全连接注意力
⚠️ 警告: 稀疏注意力未配置，将使用全连接注意力
⚠️ 警告: 稀疏注意力未配置，将使用全连接注意力
⚠️ 警告: 稀疏注意力未配置，将使用全连接注意力
⚠️ 警告: 稀疏注意力未配置，将使用全连接注意力
⚠️ 警告: 稀疏注意力未配置，将使用全连接注意力
⚠️ 警告: 稀疏注意力未配置，将使用全连接注意力
⚠️ 警告: 稀疏注意力未配置，将使用全连接注意力
⚠️ 警告: 稀疏注意力未配置，将使用全连接注意力
⚠️ 警告: 稀疏注意力未配置，将使用全连接注意力
⚠️ 警告: 稀疏注意力未配置，将使用全连接注意力
⚠️ 警告: 稀疏注意力未配置，将使用全连接注意力
⚠️ 警告: 稀疏注意力未配置，将使用全连接注意力
⚠️ 警告: 稀疏注意力未配置，将使用全连接注意力
⚠️ 警告: 稀疏注意力未配置，将使用全连接注意力
⚠️ 警告: 稀疏注意力未配置，将使用全连接注意力
⚠️ 警告: 稀疏注意力未配置，将使用全连接注意力
⚠️ 警告: 稀疏注意力未配置，将使用全连接注意力
⚠️ 警告: 稀疏注意力未配置，将使用全连接注意力
⚠️ 警告: 稀疏注意力未配置，将使用全连接注意力
⚠️ 警告: 稀疏注意力未配置，将使用全连接注意力
⚠️ 警告: 稀疏注意力未配置，将使用全连接注意力
⚠️ 警告: 稀疏注意力未配置，将使用全连接注意力
⚠️ 警告: 稀疏注意力未配置，将使用全连接注意力
⚠️ 警告: 稀疏注意力未配置，将使用全连接注意力
⚠️ 警告: 稀疏注意力未配置，将使用全连接注意力
⚠️ 警告: 稀疏注意力未配置，将使用全连接注意力
⚠️ 警告: 稀疏注意力未配置，将使用全连接注意力
⚠️ 警告: 稀疏注意力未配置，将使用全连接注意力
⚠️ 警告: 稀疏注意力未配置，将使用全连接注意力
⚠️ 警告: 稀疏注意力未配置，将使用全连接注意力
⚠️ 警告: 稀疏注意力未配置，将使用全连接注意力
⚠️ 警告: 稀疏注意力未配置，将使用全连接注意力
⚠️ 警告: 稀疏注意力未配置，将使用全连接注意力
Valid : loss:1.87e-02  =  1.74e-02 + alpha*1.71e-03
⚠️ 警告: 稀疏注意力未配置，将使用全连接注意力
⚠️ 警告: 稀疏注意力未配置，将使用全连接注意力
⚠️ 警告: 稀疏注意力未配置，将使用全连接注意力
⚠️ 警告: 稀疏注意力未配置，将使用全连接注意力
⚠️ 警告: 稀疏注意力未配置，将使用全连接注意力
⚠️ 警告: 稀疏注意力未配置，将使用全连接注意力
⚠️ 警告: 稀疏注意力未配置，将使用全连接注意力
⚠️ 警告: 稀疏注意力未配置，将使用全连接注意力
⚠️ 警告: 稀疏注意力未配置，将使用全连接注意力
⚠️ 警告: 稀疏注意力未配置，将使用全连接注意力
⚠️ 警告: 稀疏注意力未配置，将使用全连接注意力
⚠️ 警告: 稀疏注意力未配置，将使用全连接注意力
⚠️ 警告: 稀疏注意力未配置，将使用全连接注意力
⚠️ 警告: 稀疏注意力未配置，将使用全连接注意力
⚠️ 警告: 稀疏注意力未配置，将使用全连接注意力
⚠️ 警告: 稀疏注意力未配置，将使用全连接注意力
⚠️ 警告: 稀疏注意力未配置，将使用全连接注意力
⚠️ 警告: 稀疏注意力未配置，将使用全连接注意力
⚠️ 警告: 稀疏注意力未配置，将使用全连接注意力
⚠️ 警告: 稀疏注意力未配置，将使用全连接注意力
⚠️ 警告: 稀疏注意力未配置，将使用全连接注意力
⚠️ 警告: 稀疏注意力未配置，将使用全连接注意力
⚠️ 警告: 稀疏注意力未配置，将使用全连接注意力
⚠️ 警告: 稀疏注意力未配置，将使用全连接注意力
⚠️ 警告: 稀疏注意力未配置，将使用全连接注意力
⚠️ 警告: 稀疏注意力未配置，将使用全连接注意力
⚠️ 警告: 稀疏注意力未配置，将使用全连接注意力
⚠️ 警告: 稀疏注意力未配置，将使用全连接注意力
⚠️ 警告: 稀疏注意力未配置，将使用全连接注意力
⚠️ 警告: 稀疏注意力未配置，将使用全连接注意力
⚠️ 警告: 稀疏注意力未配置，将使用全连接注意力
⚠️ 警告: 稀疏注意力未配置，将使用全连接注意力
⚠️ 警告: 稀疏注意力未配置，将使用全连接注意力
⚠️ 警告: 稀疏注意力未配置，将使用全连接注意力
⚠️ 警告: 稀疏注意力未配置，将使用全连接注意力
⚠️ 警告: 稀疏注意力未配置，将使用全连接注意力
⚠️ 警告: 稀疏注意力未配置，将使用全连接注意力
⚠️ 警告: 稀疏注意力未配置，将使用全连接注意力
⚠️ 警告: 稀疏注意力未配置，将使用全连接注意力
⚠️ 警告: 稀疏注意力未配置，将使用全连接注意力
⚠️ 警告: 稀疏注意力未配置，将使用全连接注意力
⚠️ 警告: 稀疏注意力未配置，将使用全连接注意力
⚠️ 警告: 稀疏注意力未配置，将使用全连接注意力
⚠️ 警告: 稀疏注意力未配置，将使用全连接注意力
⚠️ 警告: 稀疏注意力未配置，将使用全连接注意力
⚠️ 警告: 稀疏注意力未配置，将使用全连接注意力
⚠️ 警告: 稀疏注意力未配置，将使用全连接注意力
⚠️ 警告: 稀疏注意力未配置，将使用全连接注意力
⚠️ 警告: 稀疏注意力未配置，将使用全连接注意力
⚠️ 警告: 稀疏注意力未配置，将使用全连接注意力
⚠️ 警告: 稀疏注意力未配置，将使用全连接注意力
Test: loss:2.28e-02  =  2.14e-02 + alpha*1.80e-03
Valid performance:
 mse:1.74e-02, IC:4.81e-04, RIC:2.62e-03, prec@10:4.92e-01, SR:2.93e-01
Test performance:
 mse:2.14e-02, IC:1.01e-03, RIC:8.53e-03, prec@10:5.00e-01, SR:1.71e+00 


epoch12##########################################################
⚠️ 警告: 稀疏注意力未配置，将使用全连接注意力
⚠️ 警告: 稀疏注意力未配置，将使用全连接注意力
⚠️ 警告: 稀疏注意力未配置，将使用全连接注意力
⚠️ 警告: 稀疏注意力未配置，将使用全连接注意力
⚠️ 警告: 稀疏注意力未配置，将使用全连接注意力
⚠️ 警告: 稀疏注意力未配置，将使用全连接注意力
⚠️ 警告: 稀疏注意力未配置，将使用全连接注意力
⚠️ 警告: 稀疏注意力未配置，将使用全连接注意力
⚠️ 警告: 稀疏注意力未配置，将使用全连接注意力
⚠️ 警告: 稀疏注意力未配置，将使用全连接注意力
⚠️ 警告: 稀疏注意力未配置，将使用全连接注意力
⚠️ 警告: 稀疏注意力未配置，将使用全连接注意力
⚠️ 警告: 稀疏注意力未配置，将使用全连接注意力
⚠️ 警告: 稀疏注意力未配置，将使用全连接注意力
⚠️ 警告: 稀疏注意力未配置，将使用全连接注意力
⚠️ 警告: 稀疏注意力未配置，将使用全连接注意力
⚠️ 警告: 稀疏注意力未配置，将使用全连接注意力
⚠️ 警告: 稀疏注意力未配置，将使用全连接注意力
⚠️ 警告: 稀疏注意力未配置，将使用全连接注意力
⚠️ 警告: 稀疏注意力未配置，将使用全连接注意力
⚠️ 警告: 稀疏注意力未配置，将使用全连接注意力
⚠️ 警告: 稀疏注意力未配置，将使用全连接注意力
⚠️ 警告: 稀疏注意力未配置，将使用全连接注意力
⚠️ 警告: 稀疏注意力未配置，将使用全连接注意力
⚠️ 警告: 稀疏注意力未配置，将使用全连接注意力
⚠️ 警告: 稀疏注意力未配置，将使用全连接注意力
⚠️ 警告: 稀疏注意力未配置，将使用全连接注意力
⚠️ 警告: 稀疏注意力未配置，将使用全连接注意力
⚠️ 警告: 稀疏注意力未配置，将使用全连接注意力
⚠️ 警告: 稀疏注意力未配置，将使用全连接注意力
⚠️ 警告: 稀疏注意力未配置，将使用全连接注意力
⚠️ 警告: 稀疏注意力未配置，将使用全连接注意力
⚠️ 警告: 稀疏注意力未配置，将使用全连接注意力
⚠️ 警告: 稀疏注意力未配置，将使用全连接注意力
⚠️ 警告: 稀疏注意力未配置，将使用全连接注意力
⚠️ 警告: 稀疏注意力未配置，将使用全连接注意力
⚠️ 警告: 稀疏注意力未配置，将使用全连接注意力
⚠️ 警告: 稀疏注意力未配置，将使用全连接注意力
⚠️ 警告: 稀疏注意力未配置，将使用全连接注意力
⚠️ 警告: 稀疏注意力未配置，将使用全连接注意力
⚠️ 警告: 稀疏注意力未配置，将使用全连接注意力
⚠️ 警告: 稀疏注意力未配置，将使用全连接注意力
⚠️ 警告: 稀疏注意力未配置，将使用全连接注意力
⚠️ 警告: 稀疏注意力未配置，将使用全连接注意力
⚠️ 警告: 稀疏注意力未配置，将使用全连接注意力
⚠️ 警告: 稀疏注意力未配置，将使用全连接注意力
⚠️ 警告: 稀疏注意力未配置，将使用全连接注意力
⚠️ 警告: 稀疏注意力未配置，将使用全连接注意力
⚠️ 警告: 稀疏注意力未配置，将使用全连接注意力
⚠️ 警告: 稀疏注意力未配置，将使用全连接注意力
⚠️ 警告: 稀疏注意力未配置，将使用全连接注意力
⚠️ 警告: 稀疏注意力未配置，将使用全连接注意力
⚠️ 警告: 稀疏注意力未配置，将使用全连接注意力
⚠️ 警告: 稀疏注意力未配置，将使用全连接注意力
⚠️ 警告: 稀疏注意力未配置，将使用全连接注意力
⚠️ 警告: 稀疏注意力未配置，将使用全连接注意力
⚠️ 警告: 稀疏注意力未配置，将使用全连接注意力
⚠️ 警告: 稀疏注意力未配置，将使用全连接注意力
⚠️ 警告: 稀疏注意力未配置，将使用全连接注意力
⚠️ 警告: 稀疏注意力未配置，将使用全连接注意力
⚠️ 警告: 稀疏注意力未配置，将使用全连接注意力
⚠️ 警告: 稀疏注意力未配置，将使用全连接注意力
⚠️ 警告: 稀疏注意力未配置，将使用全连接注意力
⚠️ 警告: 稀疏注意力未配置，将使用全连接注意力
⚠️ 警告: 稀疏注意力未配置，将使用全连接注意力
⚠️ 警告: 稀疏注意力未配置，将使用全连接注意力
⚠️ 警告: 稀疏注意力未配置，将使用全连接注意力
⚠️ 警告: 稀疏注意力未配置，将使用全连接注意力
⚠️ 警告: 稀疏注意力未配置，将使用全连接注意力
⚠️ 警告: 稀疏注意力未配置，将使用全连接注意力
⚠️ 警告: 稀疏注意力未配置，将使用全连接注意力
⚠️ 警告: 稀疏注意力未配置，将使用全连接注意力
⚠️ 警告: 稀疏注意力未配置，将使用全连接注意力
⚠️ 警告: 稀疏注意力未配置，将使用全连接注意力
⚠️ 警告: 稀疏注意力未配置，将使用全连接注意力
⚠️ 警告: 稀疏注意力未配置，将使用全连接注意力
⚠️ 警告: 稀疏注意力未配置，将使用全连接注意力
⚠️ 警告: 稀疏注意力未配置，将使用全连接注意力
⚠️ 警告: 稀疏注意力未配置，将使用全连接注意力
⚠️ 警告: 稀疏注意力未配置，将使用全连接注意力
⚠️ 警告: 稀疏注意力未配置，将使用全连接注意力
⚠️ 警告: 稀疏注意力未配置，将使用全连接注意力
⚠️ 警告: 稀疏注意力未配置，将使用全连接注意力
⚠️ 警告: 稀疏注意力未配置，将使用全连接注意力
⚠️ 警告: 稀疏注意力未配置，将使用全连接注意力
⚠️ 警告: 稀疏注意力未配置，将使用全连接注意力
⚠️ 警告: 稀疏注意力未配置，将使用全连接注意力
⚠️ 警告: 稀疏注意力未配置，将使用全连接注意力
⚠️ 警告: 稀疏注意力未配置，将使用全连接注意力
⚠️ 警告: 稀疏注意力未配置，将使用全连接注意力
⚠️ 警告: 稀疏注意力未配置，将使用全连接注意力
⚠️ 警告: 稀疏注意力未配置，将使用全连接注意力
⚠️ 警告: 稀疏注意力未配置，将使用全连接注意力
⚠️ 警告: 稀疏注意力未配置，将使用全连接注意力
⚠️ 警告: 稀疏注意力未配置，将使用全连接注意力
⚠️ 警告: 稀疏注意力未配置，将使用全连接注意力
⚠️ 警告: 稀疏注意力未配置，将使用全连接注意力
⚠️ 警告: 稀疏注意力未配置，将使用全连接注意力
⚠️ 警告: 稀疏注意力未配置，将使用全连接注意力
⚠️ 警告: 稀疏注意力未配置，将使用全连接注意力
⚠️ 警告: 稀疏注意力未配置，将使用全连接注意力
⚠️ 警告: 稀疏注意力未配置，将使用全连接注意力
⚠️ 警告: 稀疏注意力未配置，将使用全连接注意力
⚠️ 警告: 稀疏注意力未配置，将使用全连接注意力
⚠️ 警告: 稀疏注意力未配置，将使用全连接注意力
⚠️ 警告: 稀疏注意力未配置，将使用全连接注意力
⚠️ 警告: 稀疏注意力未配置，将使用全连接注意力
⚠️ 警告: 稀疏注意力未配置，将使用全连接注意力
⚠️ 警告: 稀疏注意力未配置，将使用全连接注意力
⚠️ 警告: 稀疏注意力未配置，将使用全连接注意力
⚠️ 警告: 稀疏注意力未配置，将使用全连接注意力
⚠️ 警告: 稀疏注意力未配置，将使用全连接注意力
⚠️ 警告: 稀疏注意力未配置，将使用全连接注意力
⚠️ 警告: 稀疏注意力未配置，将使用全连接注意力
⚠️ 警告: 稀疏注意力未配置，将使用全连接注意力
⚠️ 警告: 稀疏注意力未配置，将使用全连接注意力
⚠️ 警告: 稀疏注意力未配置，将使用全连接注意力
⚠️ 警告: 稀疏注意力未配置，将使用全连接注意力
⚠️ 警告: 稀疏注意力未配置，将使用全连接注意力
Train : loss:8.29e-03  =  7.55e-03 + alpha*9.85e-04
⚠️ 警告: 稀疏注意力未配置，将使用全连接注意力
⚠️ 警告: 稀疏注意力未配置，将使用全连接注意力
⚠️ 警告: 稀疏注意力未配置，将使用全连接注意力
⚠️ 警告: 稀疏注意力未配置，将使用全连接注意力
⚠️ 警告: 稀疏注意力未配置，将使用全连接注意力
⚠️ 警告: 稀疏注意力未配置，将使用全连接注意力
⚠️ 警告: 稀疏注意力未配置，将使用全连接注意力
⚠️ 警告: 稀疏注意力未配置，将使用全连接注意力
⚠️ 警告: 稀疏注意力未配置，将使用全连接注意力
⚠️ 警告: 稀疏注意力未配置，将使用全连接注意力
⚠️ 警告: 稀疏注意力未配置，将使用全连接注意力
⚠️ 警告: 稀疏注意力未配置，将使用全连接注意力
⚠️ 警告: 稀疏注意力未配置，将使用全连接注意力
⚠️ 警告: 稀疏注意力未配置，将使用全连接注意力
⚠️ 警告: 稀疏注意力未配置，将使用全连接注意力
⚠️ 警告: 稀疏注意力未配置，将使用全连接注意力
⚠️ 警告: 稀疏注意力未配置，将使用全连接注意力
⚠️ 警告: 稀疏注意力未配置，将使用全连接注意力
⚠️ 警告: 稀疏注意力未配置，将使用全连接注意力
⚠️ 警告: 稀疏注意力未配置，将使用全连接注意力
⚠️ 警告: 稀疏注意力未配置，将使用全连接注意力
⚠️ 警告: 稀疏注意力未配置，将使用全连接注意力
⚠️ 警告: 稀疏注意力未配置，将使用全连接注意力
⚠️ 警告: 稀疏注意力未配置，将使用全连接注意力
⚠️ 警告: 稀疏注意力未配置，将使用全连接注意力
⚠️ 警告: 稀疏注意力未配置，将使用全连接注意力
⚠️ 警告: 稀疏注意力未配置，将使用全连接注意力
⚠️ 警告: 稀疏注意力未配置，将使用全连接注意力
⚠️ 警告: 稀疏注意力未配置，将使用全连接注意力
⚠️ 警告: 稀疏注意力未配置，将使用全连接注意力
⚠️ 警告: 稀疏注意力未配置，将使用全连接注意力
⚠️ 警告: 稀疏注意力未配置，将使用全连接注意力
⚠️ 警告: 稀疏注意力未配置，将使用全连接注意力
⚠️ 警告: 稀疏注意力未配置，将使用全连接注意力
⚠️ 警告: 稀疏注意力未配置，将使用全连接注意力
⚠️ 警告: 稀疏注意力未配置，将使用全连接注意力
⚠️ 警告: 稀疏注意力未配置，将使用全连接注意力
⚠️ 警告: 稀疏注意力未配置，将使用全连接注意力
⚠️ 警告: 稀疏注意力未配置，将使用全连接注意力
⚠️ 警告: 稀疏注意力未配置，将使用全连接注意力
⚠️ 警告: 稀疏注意力未配置，将使用全连接注意力
⚠️ 警告: 稀疏注意力未配置，将使用全连接注意力
⚠️ 警告: 稀疏注意力未配置，将使用全连接注意力
⚠️ 警告: 稀疏注意力未配置，将使用全连接注意力
⚠️ 警告: 稀疏注意力未配置，将使用全连接注意力
⚠️ 警告: 稀疏注意力未配置，将使用全连接注意力
⚠️ 警告: 稀疏注意力未配置，将使用全连接注意力
⚠️ 警告: 稀疏注意力未配置，将使用全连接注意力
⚠️ 警告: 稀疏注意力未配置，将使用全连接注意力
⚠️ 警告: 稀疏注意力未配置，将使用全连接注意力
Valid : loss:1.93e-02  =  1.80e-02 + alpha*1.70e-03
⚠️ 警告: 稀疏注意力未配置，将使用全连接注意力
⚠️ 警告: 稀疏注意力未配置，将使用全连接注意力
⚠️ 警告: 稀疏注意力未配置，将使用全连接注意力
⚠️ 警告: 稀疏注意力未配置，将使用全连接注意力
⚠️ 警告: 稀疏注意力未配置，将使用全连接注意力
⚠️ 警告: 稀疏注意力未配置，将使用全连接注意力
⚠️ 警告: 稀疏注意力未配置，将使用全连接注意力
⚠️ 警告: 稀疏注意力未配置，将使用全连接注意力
⚠️ 警告: 稀疏注意力未配置，将使用全连接注意力
⚠️ 警告: 稀疏注意力未配置，将使用全连接注意力
⚠️ 警告: 稀疏注意力未配置，将使用全连接注意力
⚠️ 警告: 稀疏注意力未配置，将使用全连接注意力
⚠️ 警告: 稀疏注意力未配置，将使用全连接注意力
⚠️ 警告: 稀疏注意力未配置，将使用全连接注意力
⚠️ 警告: 稀疏注意力未配置，将使用全连接注意力
⚠️ 警告: 稀疏注意力未配置，将使用全连接注意力
⚠️ 警告: 稀疏注意力未配置，将使用全连接注意力
⚠️ 警告: 稀疏注意力未配置，将使用全连接注意力
⚠️ 警告: 稀疏注意力未配置，将使用全连接注意力
⚠️ 警告: 稀疏注意力未配置，将使用全连接注意力
⚠️ 警告: 稀疏注意力未配置，将使用全连接注意力
⚠️ 警告: 稀疏注意力未配置，将使用全连接注意力
⚠️ 警告: 稀疏注意力未配置，将使用全连接注意力
⚠️ 警告: 稀疏注意力未配置，将使用全连接注意力
⚠️ 警告: 稀疏注意力未配置，将使用全连接注意力
⚠️ 警告: 稀疏注意力未配置，将使用全连接注意力
⚠️ 警告: 稀疏注意力未配置，将使用全连接注意力
⚠️ 警告: 稀疏注意力未配置，将使用全连接注意力
⚠️ 警告: 稀疏注意力未配置，将使用全连接注意力
⚠️ 警告: 稀疏注意力未配置，将使用全连接注意力
⚠️ 警告: 稀疏注意力未配置，将使用全连接注意力
⚠️ 警告: 稀疏注意力未配置，将使用全连接注意力
⚠️ 警告: 稀疏注意力未配置，将使用全连接注意力
⚠️ 警告: 稀疏注意力未配置，将使用全连接注意力
⚠️ 警告: 稀疏注意力未配置，将使用全连接注意力
⚠️ 警告: 稀疏注意力未配置，将使用全连接注意力
⚠️ 警告: 稀疏注意力未配置，将使用全连接注意力
⚠️ 警告: 稀疏注意力未配置，将使用全连接注意力
⚠️ 警告: 稀疏注意力未配置，将使用全连接注意力
⚠️ 警告: 稀疏注意力未配置，将使用全连接注意力
⚠️ 警告: 稀疏注意力未配置，将使用全连接注意力
⚠️ 警告: 稀疏注意力未配置，将使用全连接注意力
⚠️ 警告: 稀疏注意力未配置，将使用全连接注意力
⚠️ 警告: 稀疏注意力未配置，将使用全连接注意力
⚠️ 警告: 稀疏注意力未配置，将使用全连接注意力
⚠️ 警告: 稀疏注意力未配置，将使用全连接注意力
⚠️ 警告: 稀疏注意力未配置，将使用全连接注意力
⚠️ 警告: 稀疏注意力未配置，将使用全连接注意力
⚠️ 警告: 稀疏注意力未配置，将使用全连接注意力
⚠️ 警告: 稀疏注意力未配置，将使用全连接注意力
⚠️ 警告: 稀疏注意力未配置，将使用全连接注意力
Test: loss:2.36e-02  =  2.22e-02 + alpha*1.77e-03
Valid performance:
 mse:1.80e-02, IC:1.29e-03, RIC:6.82e-03, prec@10:5.00e-01, SR:1.80e+00
Test performance:
 mse:2.22e-02, IC:8.91e-04, RIC:7.52e-03, prec@10:4.90e-01, SR:-8.08e-01 


epoch13##########################################################
⚠️ 警告: 稀疏注意力未配置，将使用全连接注意力
⚠️ 警告: 稀疏注意力未配置，将使用全连接注意力
⚠️ 警告: 稀疏注意力未配置，将使用全连接注意力
⚠️ 警告: 稀疏注意力未配置，将使用全连接注意力
⚠️ 警告: 稀疏注意力未配置，将使用全连接注意力
⚠️ 警告: 稀疏注意力未配置，将使用全连接注意力
⚠️ 警告: 稀疏注意力未配置，将使用全连接注意力
⚠️ 警告: 稀疏注意力未配置，将使用全连接注意力
⚠️ 警告: 稀疏注意力未配置，将使用全连接注意力
⚠️ 警告: 稀疏注意力未配置，将使用全连接注意力
⚠️ 警告: 稀疏注意力未配置，将使用全连接注意力
⚠️ 警告: 稀疏注意力未配置，将使用全连接注意力
⚠️ 警告: 稀疏注意力未配置，将使用全连接注意力
⚠️ 警告: 稀疏注意力未配置，将使用全连接注意力
⚠️ 警告: 稀疏注意力未配置，将使用全连接注意力
⚠️ 警告: 稀疏注意力未配置，将使用全连接注意力
⚠️ 警告: 稀疏注意力未配置，将使用全连接注意力
⚠️ 警告: 稀疏注意力未配置，将使用全连接注意力
⚠️ 警告: 稀疏注意力未配置，将使用全连接注意力
⚠️ 警告: 稀疏注意力未配置，将使用全连接注意力
⚠️ 警告: 稀疏注意力未配置，将使用全连接注意力
⚠️ 警告: 稀疏注意力未配置，将使用全连接注意力
⚠️ 警告: 稀疏注意力未配置，将使用全连接注意力
⚠️ 警告: 稀疏注意力未配置，将使用全连接注意力
⚠️ 警告: 稀疏注意力未配置，将使用全连接注意力
⚠️ 警告: 稀疏注意力未配置，将使用全连接注意力
⚠️ 警告: 稀疏注意力未配置，将使用全连接注意力
⚠️ 警告: 稀疏注意力未配置，将使用全连接注意力
⚠️ 警告: 稀疏注意力未配置，将使用全连接注意力
⚠️ 警告: 稀疏注意力未配置，将使用全连接注意力
⚠️ 警告: 稀疏注意力未配置，将使用全连接注意力
⚠️ 警告: 稀疏注意力未配置，将使用全连接注意力
⚠️ 警告: 稀疏注意力未配置，将使用全连接注意力
⚠️ 警告: 稀疏注意力未配置，将使用全连接注意力
⚠️ 警告: 稀疏注意力未配置，将使用全连接注意力
⚠️ 警告: 稀疏注意力未配置，将使用全连接注意力
⚠️ 警告: 稀疏注意力未配置，将使用全连接注意力
⚠️ 警告: 稀疏注意力未配置，将使用全连接注意力
⚠️ 警告: 稀疏注意力未配置，将使用全连接注意力
⚠️ 警告: 稀疏注意力未配置，将使用全连接注意力
⚠️ 警告: 稀疏注意力未配置，将使用全连接注意力
⚠️ 警告: 稀疏注意力未配置，将使用全连接注意力
⚠️ 警告: 稀疏注意力未配置，将使用全连接注意力
⚠️ 警告: 稀疏注意力未配置，将使用全连接注意力
⚠️ 警告: 稀疏注意力未配置，将使用全连接注意力
⚠️ 警告: 稀疏注意力未配置，将使用全连接注意力
⚠️ 警告: 稀疏注意力未配置，将使用全连接注意力
⚠️ 警告: 稀疏注意力未配置，将使用全连接注意力
⚠️ 警告: 稀疏注意力未配置，将使用全连接注意力
⚠️ 警告: 稀疏注意力未配置，将使用全连接注意力
⚠️ 警告: 稀疏注意力未配置，将使用全连接注意力
⚠️ 警告: 稀疏注意力未配置，将使用全连接注意力
⚠️ 警告: 稀疏注意力未配置，将使用全连接注意力
⚠️ 警告: 稀疏注意力未配置，将使用全连接注意力
⚠️ 警告: 稀疏注意力未配置，将使用全连接注意力
⚠️ 警告: 稀疏注意力未配置，将使用全连接注意力
⚠️ 警告: 稀疏注意力未配置，将使用全连接注意力
⚠️ 警告: 稀疏注意力未配置，将使用全连接注意力
⚠️ 警告: 稀疏注意力未配置，将使用全连接注意力
⚠️ 警告: 稀疏注意力未配置，将使用全连接注意力
⚠️ 警告: 稀疏注意力未配置，将使用全连接注意力
⚠️ 警告: 稀疏注意力未配置，将使用全连接注意力
⚠️ 警告: 稀疏注意力未配置，将使用全连接注意力
⚠️ 警告: 稀疏注意力未配置，将使用全连接注意力
⚠️ 警告: 稀疏注意力未配置，将使用全连接注意力
⚠️ 警告: 稀疏注意力未配置，将使用全连接注意力
⚠️ 警告: 稀疏注意力未配置，将使用全连接注意力
⚠️ 警告: 稀疏注意力未配置，将使用全连接注意力
⚠️ 警告: 稀疏注意力未配置，将使用全连接注意力
⚠️ 警告: 稀疏注意力未配置，将使用全连接注意力
⚠️ 警告: 稀疏注意力未配置，将使用全连接注意力
⚠️ 警告: 稀疏注意力未配置，将使用全连接注意力
⚠️ 警告: 稀疏注意力未配置，将使用全连接注意力
⚠️ 警告: 稀疏注意力未配置，将使用全连接注意力
⚠️ 警告: 稀疏注意力未配置，将使用全连接注意力
⚠️ 警告: 稀疏注意力未配置，将使用全连接注意力
⚠️ 警告: 稀疏注意力未配置，将使用全连接注意力
⚠️ 警告: 稀疏注意力未配置，将使用全连接注意力
⚠️ 警告: 稀疏注意力未配置，将使用全连接注意力
⚠️ 警告: 稀疏注意力未配置，将使用全连接注意力
⚠️ 警告: 稀疏注意力未配置，将使用全连接注意力
⚠️ 警告: 稀疏注意力未配置，将使用全连接注意力
⚠️ 警告: 稀疏注意力未配置，将使用全连接注意力
⚠️ 警告: 稀疏注意力未配置，将使用全连接注意力
⚠️ 警告: 稀疏注意力未配置，将使用全连接注意力
⚠️ 警告: 稀疏注意力未配置，将使用全连接注意力
⚠️ 警告: 稀疏注意力未配置，将使用全连接注意力
⚠️ 警告: 稀疏注意力未配置，将使用全连接注意力
⚠️ 警告: 稀疏注意力未配置，将使用全连接注意力
⚠️ 警告: 稀疏注意力未配置，将使用全连接注意力
⚠️ 警告: 稀疏注意力未配置，将使用全连接注意力
⚠️ 警告: 稀疏注意力未配置，将使用全连接注意力
⚠️ 警告: 稀疏注意力未配置，将使用全连接注意力
⚠️ 警告: 稀疏注意力未配置，将使用全连接注意力
⚠️ 警告: 稀疏注意力未配置，将使用全连接注意力
⚠️ 警告: 稀疏注意力未配置，将使用全连接注意力
⚠️ 警告: 稀疏注意力未配置，将使用全连接注意力
⚠️ 警告: 稀疏注意力未配置，将使用全连接注意力
⚠️ 警告: 稀疏注意力未配置，将使用全连接注意力
⚠️ 警告: 稀疏注意力未配置，将使用全连接注意力
⚠️ 警告: 稀疏注意力未配置，将使用全连接注意力
⚠️ 警告: 稀疏注意力未配置，将使用全连接注意力
⚠️ 警告: 稀疏注意力未配置，将使用全连接注意力
⚠️ 警告: 稀疏注意力未配置，将使用全连接注意力
⚠️ 警告: 稀疏注意力未配置，将使用全连接注意力
⚠️ 警告: 稀疏注意力未配置，将使用全连接注意力
⚠️ 警告: 稀疏注意力未配置，将使用全连接注意力
⚠️ 警告: 稀疏注意力未配置，将使用全连接注意力
⚠️ 警告: 稀疏注意力未配置，将使用全连接注意力
⚠️ 警告: 稀疏注意力未配置，将使用全连接注意力
⚠️ 警告: 稀疏注意力未配置，将使用全连接注意力
⚠️ 警告: 稀疏注意力未配置，将使用全连接注意力
⚠️ 警告: 稀疏注意力未配置，将使用全连接注意力
⚠️ 警告: 稀疏注意力未配置，将使用全连接注意力
⚠️ 警告: 稀疏注意力未配置，将使用全连接注意力
⚠️ 警告: 稀疏注意力未配置，将使用全连接注意力
⚠️ 警告: 稀疏注意力未配置，将使用全连接注意力
⚠️ 警告: 稀疏注意力未配置，将使用全连接注意力
⚠️ 警告: 稀疏注意力未配置，将使用全连接注意力
Train : loss:8.00e-03  =  7.26e-03 + alpha*9.80e-04
⚠️ 警告: 稀疏注意力未配置，将使用全连接注意力
⚠️ 警告: 稀疏注意力未配置，将使用全连接注意力
⚠️ 警告: 稀疏注意力未配置，将使用全连接注意力
⚠️ 警告: 稀疏注意力未配置，将使用全连接注意力
⚠️ 警告: 稀疏注意力未配置，将使用全连接注意力
⚠️ 警告: 稀疏注意力未配置，将使用全连接注意力
⚠️ 警告: 稀疏注意力未配置，将使用全连接注意力
⚠️ 警告: 稀疏注意力未配置，将使用全连接注意力
⚠️ 警告: 稀疏注意力未配置，将使用全连接注意力
⚠️ 警告: 稀疏注意力未配置，将使用全连接注意力
⚠️ 警告: 稀疏注意力未配置，将使用全连接注意力
⚠️ 警告: 稀疏注意力未配置，将使用全连接注意力
⚠️ 警告: 稀疏注意力未配置，将使用全连接注意力
⚠️ 警告: 稀疏注意力未配置，将使用全连接注意力
⚠️ 警告: 稀疏注意力未配置，将使用全连接注意力
⚠️ 警告: 稀疏注意力未配置，将使用全连接注意力
⚠️ 警告: 稀疏注意力未配置，将使用全连接注意力
⚠️ 警告: 稀疏注意力未配置，将使用全连接注意力
⚠️ 警告: 稀疏注意力未配置，将使用全连接注意力
⚠️ 警告: 稀疏注意力未配置，将使用全连接注意力
⚠️ 警告: 稀疏注意力未配置，将使用全连接注意力
⚠️ 警告: 稀疏注意力未配置，将使用全连接注意力
⚠️ 警告: 稀疏注意力未配置，将使用全连接注意力
⚠️ 警告: 稀疏注意力未配置，将使用全连接注意力
⚠️ 警告: 稀疏注意力未配置，将使用全连接注意力
⚠️ 警告: 稀疏注意力未配置，将使用全连接注意力
⚠️ 警告: 稀疏注意力未配置，将使用全连接注意力
⚠️ 警告: 稀疏注意力未配置，将使用全连接注意力
⚠️ 警告: 稀疏注意力未配置，将使用全连接注意力
⚠️ 警告: 稀疏注意力未配置，将使用全连接注意力
⚠️ 警告: 稀疏注意力未配置，将使用全连接注意力
⚠️ 警告: 稀疏注意力未配置，将使用全连接注意力
⚠️ 警告: 稀疏注意力未配置，将使用全连接注意力
⚠️ 警告: 稀疏注意力未配置，将使用全连接注意力
⚠️ 警告: 稀疏注意力未配置，将使用全连接注意力
⚠️ 警告: 稀疏注意力未配置，将使用全连接注意力
⚠️ 警告: 稀疏注意力未配置，将使用全连接注意力
⚠️ 警告: 稀疏注意力未配置，将使用全连接注意力
⚠️ 警告: 稀疏注意力未配置，将使用全连接注意力
⚠️ 警告: 稀疏注意力未配置，将使用全连接注意力
⚠️ 警告: 稀疏注意力未配置，将使用全连接注意力
⚠️ 警告: 稀疏注意力未配置，将使用全连接注意力
⚠️ 警告: 稀疏注意力未配置，将使用全连接注意力
⚠️ 警告: 稀疏注意力未配置，将使用全连接注意力
⚠️ 警告: 稀疏注意力未配置，将使用全连接注意力
⚠️ 警告: 稀疏注意力未配置，将使用全连接注意力
⚠️ 警告: 稀疏注意力未配置，将使用全连接注意力
⚠️ 警告: 稀疏注意力未配置，将使用全连接注意力
⚠️ 警告: 稀疏注意力未配置，将使用全连接注意力
⚠️ 警告: 稀疏注意力未配置，将使用全连接注意力
Valid : loss:1.90e-02  =  1.77e-02 + alpha*1.69e-03
⚠️ 警告: 稀疏注意力未配置，将使用全连接注意力
⚠️ 警告: 稀疏注意力未配置，将使用全连接注意力
⚠️ 警告: 稀疏注意力未配置，将使用全连接注意力
⚠️ 警告: 稀疏注意力未配置，将使用全连接注意力
⚠️ 警告: 稀疏注意力未配置，将使用全连接注意力
⚠️ 警告: 稀疏注意力未配置，将使用全连接注意力
⚠️ 警告: 稀疏注意力未配置，将使用全连接注意力
⚠️ 警告: 稀疏注意力未配置，将使用全连接注意力
⚠️ 警告: 稀疏注意力未配置，将使用全连接注意力
⚠️ 警告: 稀疏注意力未配置，将使用全连接注意力
⚠️ 警告: 稀疏注意力未配置，将使用全连接注意力
⚠️ 警告: 稀疏注意力未配置，将使用全连接注意力
⚠️ 警告: 稀疏注意力未配置，将使用全连接注意力
⚠️ 警告: 稀疏注意力未配置，将使用全连接注意力
⚠️ 警告: 稀疏注意力未配置，将使用全连接注意力
⚠️ 警告: 稀疏注意力未配置，将使用全连接注意力
⚠️ 警告: 稀疏注意力未配置，将使用全连接注意力
⚠️ 警告: 稀疏注意力未配置，将使用全连接注意力
⚠️ 警告: 稀疏注意力未配置，将使用全连接注意力
⚠️ 警告: 稀疏注意力未配置，将使用全连接注意力
⚠️ 警告: 稀疏注意力未配置，将使用全连接注意力
⚠️ 警告: 稀疏注意力未配置，将使用全连接注意力
⚠️ 警告: 稀疏注意力未配置，将使用全连接注意力
⚠️ 警告: 稀疏注意力未配置，将使用全连接注意力
⚠️ 警告: 稀疏注意力未配置，将使用全连接注意力
⚠️ 警告: 稀疏注意力未配置，将使用全连接注意力
⚠️ 警告: 稀疏注意力未配置，将使用全连接注意力
⚠️ 警告: 稀疏注意力未配置，将使用全连接注意力
⚠️ 警告: 稀疏注意力未配置，将使用全连接注意力
⚠️ 警告: 稀疏注意力未配置，将使用全连接注意力
⚠️ 警告: 稀疏注意力未配置，将使用全连接注意力
⚠️ 警告: 稀疏注意力未配置，将使用全连接注意力
⚠️ 警告: 稀疏注意力未配置，将使用全连接注意力
⚠️ 警告: 稀疏注意力未配置，将使用全连接注意力
⚠️ 警告: 稀疏注意力未配置，将使用全连接注意力
⚠️ 警告: 稀疏注意力未配置，将使用全连接注意力
⚠️ 警告: 稀疏注意力未配置，将使用全连接注意力
⚠️ 警告: 稀疏注意力未配置，将使用全连接注意力
⚠️ 警告: 稀疏注意力未配置，将使用全连接注意力
⚠️ 警告: 稀疏注意力未配置，将使用全连接注意力
⚠️ 警告: 稀疏注意力未配置，将使用全连接注意力
⚠️ 警告: 稀疏注意力未配置，将使用全连接注意力
⚠️ 警告: 稀疏注意力未配置，将使用全连接注意力
⚠️ 警告: 稀疏注意力未配置，将使用全连接注意力
⚠️ 警告: 稀疏注意力未配置，将使用全连接注意力
⚠️ 警告: 稀疏注意力未配置，将使用全连接注意力
⚠️ 警告: 稀疏注意力未配置，将使用全连接注意力
⚠️ 警告: 稀疏注意力未配置，将使用全连接注意力
⚠️ 警告: 稀疏注意力未配置，将使用全连接注意力
⚠️ 警告: 稀疏注意力未配置，将使用全连接注意力
⚠️ 警告: 稀疏注意力未配置，将使用全连接注意力
Test: loss:2.28e-02  =  2.15e-02 + alpha*1.74e-03
Valid performance:
 mse:1.77e-02, IC:-2.09e-03, RIC:-1.10e-02, prec@10:5.12e-01, SR:7.57e-01
Test performance:
 mse:2.15e-02, IC:-3.95e-04, RIC:-3.34e-03, prec@10:5.00e-01, SR:-5.74e-01 


epoch14##########################################################
⚠️ 警告: 稀疏注意力未配置，将使用全连接注意力
⚠️ 警告: 稀疏注意力未配置，将使用全连接注意力
⚠️ 警告: 稀疏注意力未配置，将使用全连接注意力
⚠️ 警告: 稀疏注意力未配置，将使用全连接注意力
⚠️ 警告: 稀疏注意力未配置，将使用全连接注意力
⚠️ 警告: 稀疏注意力未配置，将使用全连接注意力
⚠️ 警告: 稀疏注意力未配置，将使用全连接注意力
⚠️ 警告: 稀疏注意力未配置，将使用全连接注意力
⚠️ 警告: 稀疏注意力未配置，将使用全连接注意力
⚠️ 警告: 稀疏注意力未配置，将使用全连接注意力
⚠️ 警告: 稀疏注意力未配置，将使用全连接注意力
⚠️ 警告: 稀疏注意力未配置，将使用全连接注意力
⚠️ 警告: 稀疏注意力未配置，将使用全连接注意力
⚠️ 警告: 稀疏注意力未配置，将使用全连接注意力
⚠️ 警告: 稀疏注意力未配置，将使用全连接注意力
⚠️ 警告: 稀疏注意力未配置，将使用全连接注意力
⚠️ 警告: 稀疏注意力未配置，将使用全连接注意力
⚠️ 警告: 稀疏注意力未配置，将使用全连接注意力
⚠️ 警告: 稀疏注意力未配置，将使用全连接注意力
⚠️ 警告: 稀疏注意力未配置，将使用全连接注意力
⚠️ 警告: 稀疏注意力未配置，将使用全连接注意力
⚠️ 警告: 稀疏注意力未配置，将使用全连接注意力
⚠️ 警告: 稀疏注意力未配置，将使用全连接注意力
⚠️ 警告: 稀疏注意力未配置，将使用全连接注意力
⚠️ 警告: 稀疏注意力未配置，将使用全连接注意力
⚠️ 警告: 稀疏注意力未配置，将使用全连接注意力
⚠️ 警告: 稀疏注意力未配置，将使用全连接注意力
⚠️ 警告: 稀疏注意力未配置，将使用全连接注意力
⚠️ 警告: 稀疏注意力未配置，将使用全连接注意力
⚠️ 警告: 稀疏注意力未配置，将使用全连接注意力
⚠️ 警告: 稀疏注意力未配置，将使用全连接注意力
⚠️ 警告: 稀疏注意力未配置，将使用全连接注意力
⚠️ 警告: 稀疏注意力未配置，将使用全连接注意力
⚠️ 警告: 稀疏注意力未配置，将使用全连接注意力
⚠️ 警告: 稀疏注意力未配置，将使用全连接注意力
⚠️ 警告: 稀疏注意力未配置，将使用全连接注意力
⚠️ 警告: 稀疏注意力未配置，将使用全连接注意力
⚠️ 警告: 稀疏注意力未配置，将使用全连接注意力
⚠️ 警告: 稀疏注意力未配置，将使用全连接注意力
⚠️ 警告: 稀疏注意力未配置，将使用全连接注意力
⚠️ 警告: 稀疏注意力未配置，将使用全连接注意力
⚠️ 警告: 稀疏注意力未配置，将使用全连接注意力
⚠️ 警告: 稀疏注意力未配置，将使用全连接注意力
⚠️ 警告: 稀疏注意力未配置，将使用全连接注意力
⚠️ 警告: 稀疏注意力未配置，将使用全连接注意力
⚠️ 警告: 稀疏注意力未配置，将使用全连接注意力
⚠️ 警告: 稀疏注意力未配置，将使用全连接注意力
⚠️ 警告: 稀疏注意力未配置，将使用全连接注意力
⚠️ 警告: 稀疏注意力未配置，将使用全连接注意力
⚠️ 警告: 稀疏注意力未配置，将使用全连接注意力
⚠️ 警告: 稀疏注意力未配置，将使用全连接注意力
⚠️ 警告: 稀疏注意力未配置，将使用全连接注意力
⚠️ 警告: 稀疏注意力未配置，将使用全连接注意力
⚠️ 警告: 稀疏注意力未配置，将使用全连接注意力
⚠️ 警告: 稀疏注意力未配置，将使用全连接注意力
⚠️ 警告: 稀疏注意力未配置，将使用全连接注意力
⚠️ 警告: 稀疏注意力未配置，将使用全连接注意力
⚠️ 警告: 稀疏注意力未配置，将使用全连接注意力
⚠️ 警告: 稀疏注意力未配置，将使用全连接注意力
⚠️ 警告: 稀疏注意力未配置，将使用全连接注意力
⚠️ 警告: 稀疏注意力未配置，将使用全连接注意力
⚠️ 警告: 稀疏注意力未配置，将使用全连接注意力
⚠️ 警告: 稀疏注意力未配置，将使用全连接注意力
⚠️ 警告: 稀疏注意力未配置，将使用全连接注意力
⚠️ 警告: 稀疏注意力未配置，将使用全连接注意力
⚠️ 警告: 稀疏注意力未配置，将使用全连接注意力
⚠️ 警告: 稀疏注意力未配置，将使用全连接注意力
⚠️ 警告: 稀疏注意力未配置，将使用全连接注意力
⚠️ 警告: 稀疏注意力未配置，将使用全连接注意力
⚠️ 警告: 稀疏注意力未配置，将使用全连接注意力
⚠️ 警告: 稀疏注意力未配置，将使用全连接注意力
⚠️ 警告: 稀疏注意力未配置，将使用全连接注意力
⚠️ 警告: 稀疏注意力未配置，将使用全连接注意力
⚠️ 警告: 稀疏注意力未配置，将使用全连接注意力
⚠️ 警告: 稀疏注意力未配置，将使用全连接注意力
⚠️ 警告: 稀疏注意力未配置，将使用全连接注意力
⚠️ 警告: 稀疏注意力未配置，将使用全连接注意力
⚠️ 警告: 稀疏注意力未配置，将使用全连接注意力
⚠️ 警告: 稀疏注意力未配置，将使用全连接注意力
⚠️ 警告: 稀疏注意力未配置，将使用全连接注意力
⚠️ 警告: 稀疏注意力未配置，将使用全连接注意力
⚠️ 警告: 稀疏注意力未配置，将使用全连接注意力
⚠️ 警告: 稀疏注意力未配置，将使用全连接注意力
⚠️ 警告: 稀疏注意力未配置，将使用全连接注意力
⚠️ 警告: 稀疏注意力未配置，将使用全连接注意力
⚠️ 警告: 稀疏注意力未配置，将使用全连接注意力
⚠️ 警告: 稀疏注意力未配置，将使用全连接注意力
⚠️ 警告: 稀疏注意力未配置，将使用全连接注意力
⚠️ 警告: 稀疏注意力未配置，将使用全连接注意力
⚠️ 警告: 稀疏注意力未配置，将使用全连接注意力
⚠️ 警告: 稀疏注意力未配置，将使用全连接注意力
⚠️ 警告: 稀疏注意力未配置，将使用全连接注意力
⚠️ 警告: 稀疏注意力未配置，将使用全连接注意力
⚠️ 警告: 稀疏注意力未配置，将使用全连接注意力
⚠️ 警告: 稀疏注意力未配置，将使用全连接注意力
⚠️ 警告: 稀疏注意力未配置，将使用全连接注意力
⚠️ 警告: 稀疏注意力未配置，将使用全连接注意力
⚠️ 警告: 稀疏注意力未配置，将使用全连接注意力
⚠️ 警告: 稀疏注意力未配置，将使用全连接注意力
⚠️ 警告: 稀疏注意力未配置，将使用全连接注意力
⚠️ 警告: 稀疏注意力未配置，将使用全连接注意力
⚠️ 警告: 稀疏注意力未配置，将使用全连接注意力
⚠️ 警告: 稀疏注意力未配置，将使用全连接注意力
⚠️ 警告: 稀疏注意力未配置，将使用全连接注意力
⚠️ 警告: 稀疏注意力未配置，将使用全连接注意力
⚠️ 警告: 稀疏注意力未配置，将使用全连接注意力
⚠️ 警告: 稀疏注意力未配置，将使用全连接注意力
⚠️ 警告: 稀疏注意力未配置，将使用全连接注意力
⚠️ 警告: 稀疏注意力未配置，将使用全连接注意力
⚠️ 警告: 稀疏注意力未配置，将使用全连接注意力
⚠️ 警告: 稀疏注意力未配置，将使用全连接注意力
⚠️ 警告: 稀疏注意力未配置，将使用全连接注意力
⚠️ 警告: 稀疏注意力未配置，将使用全连接注意力
⚠️ 警告: 稀疏注意力未配置，将使用全连接注意力
⚠️ 警告: 稀疏注意力未配置，将使用全连接注意力
⚠️ 警告: 稀疏注意力未配置，将使用全连接注意力
⚠️ 警告: 稀疏注意力未配置，将使用全连接注意力
⚠️ 警告: 稀疏注意力未配置，将使用全连接注意力
⚠️ 警告: 稀疏注意力未配置，将使用全连接注意力
Train : loss:7.93e-03  =  7.21e-03 + alpha*9.60e-04
⚠️ 警告: 稀疏注意力未配置，将使用全连接注意力
⚠️ 警告: 稀疏注意力未配置，将使用全连接注意力
⚠️ 警告: 稀疏注意力未配置，将使用全连接注意力
⚠️ 警告: 稀疏注意力未配置，将使用全连接注意力
⚠️ 警告: 稀疏注意力未配置，将使用全连接注意力
⚠️ 警告: 稀疏注意力未配置，将使用全连接注意力
⚠️ 警告: 稀疏注意力未配置，将使用全连接注意力
⚠️ 警告: 稀疏注意力未配置，将使用全连接注意力
⚠️ 警告: 稀疏注意力未配置，将使用全连接注意力
⚠️ 警告: 稀疏注意力未配置，将使用全连接注意力
⚠️ 警告: 稀疏注意力未配置，将使用全连接注意力
⚠️ 警告: 稀疏注意力未配置，将使用全连接注意力
⚠️ 警告: 稀疏注意力未配置，将使用全连接注意力
⚠️ 警告: 稀疏注意力未配置，将使用全连接注意力
⚠️ 警告: 稀疏注意力未配置，将使用全连接注意力
⚠️ 警告: 稀疏注意力未配置，将使用全连接注意力
⚠️ 警告: 稀疏注意力未配置，将使用全连接注意力
⚠️ 警告: 稀疏注意力未配置，将使用全连接注意力
⚠️ 警告: 稀疏注意力未配置，将使用全连接注意力
⚠️ 警告: 稀疏注意力未配置，将使用全连接注意力
⚠️ 警告: 稀疏注意力未配置，将使用全连接注意力
⚠️ 警告: 稀疏注意力未配置，将使用全连接注意力
⚠️ 警告: 稀疏注意力未配置，将使用全连接注意力
⚠️ 警告: 稀疏注意力未配置，将使用全连接注意力
⚠️ 警告: 稀疏注意力未配置，将使用全连接注意力
⚠️ 警告: 稀疏注意力未配置，将使用全连接注意力
⚠️ 警告: 稀疏注意力未配置，将使用全连接注意力
⚠️ 警告: 稀疏注意力未配置，将使用全连接注意力
⚠️ 警告: 稀疏注意力未配置，将使用全连接注意力
⚠️ 警告: 稀疏注意力未配置，将使用全连接注意力
⚠️ 警告: 稀疏注意力未配置，将使用全连接注意力
⚠️ 警告: 稀疏注意力未配置，将使用全连接注意力
⚠️ 警告: 稀疏注意力未配置，将使用全连接注意力
⚠️ 警告: 稀疏注意力未配置，将使用全连接注意力
⚠️ 警告: 稀疏注意力未配置，将使用全连接注意力
⚠️ 警告: 稀疏注意力未配置，将使用全连接注意力
⚠️ 警告: 稀疏注意力未配置，将使用全连接注意力
⚠️ 警告: 稀疏注意力未配置，将使用全连接注意力
⚠️ 警告: 稀疏注意力未配置，将使用全连接注意力
⚠️ 警告: 稀疏注意力未配置，将使用全连接注意力
⚠️ 警告: 稀疏注意力未配置，将使用全连接注意力
⚠️ 警告: 稀疏注意力未配置，将使用全连接注意力
⚠️ 警告: 稀疏注意力未配置，将使用全连接注意力
⚠️ 警告: 稀疏注意力未配置，将使用全连接注意力
⚠️ 警告: 稀疏注意力未配置，将使用全连接注意力
⚠️ 警告: 稀疏注意力未配置，将使用全连接注意力
⚠️ 警告: 稀疏注意力未配置，将使用全连接注意力
⚠️ 警告: 稀疏注意力未配置，将使用全连接注意力
⚠️ 警告: 稀疏注意力未配置，将使用全连接注意力
⚠️ 警告: 稀疏注意力未配置，将使用全连接注意力
Valid : loss:1.75e-02  =  1.63e-02 + alpha*1.65e-03
⚠️ 警告: 稀疏注意力未配置，将使用全连接注意力
⚠️ 警告: 稀疏注意力未配置，将使用全连接注意力
⚠️ 警告: 稀疏注意力未配置，将使用全连接注意力
⚠️ 警告: 稀疏注意力未配置，将使用全连接注意力
⚠️ 警告: 稀疏注意力未配置，将使用全连接注意力
⚠️ 警告: 稀疏注意力未配置，将使用全连接注意力
⚠️ 警告: 稀疏注意力未配置，将使用全连接注意力
⚠️ 警告: 稀疏注意力未配置，将使用全连接注意力
⚠️ 警告: 稀疏注意力未配置，将使用全连接注意力
⚠️ 警告: 稀疏注意力未配置，将使用全连接注意力
⚠️ 警告: 稀疏注意力未配置，将使用全连接注意力
⚠️ 警告: 稀疏注意力未配置，将使用全连接注意力
⚠️ 警告: 稀疏注意力未配置，将使用全连接注意力
⚠️ 警告: 稀疏注意力未配置，将使用全连接注意力
⚠️ 警告: 稀疏注意力未配置，将使用全连接注意力
⚠️ 警告: 稀疏注意力未配置，将使用全连接注意力
⚠️ 警告: 稀疏注意力未配置，将使用全连接注意力
⚠️ 警告: 稀疏注意力未配置，将使用全连接注意力
⚠️ 警告: 稀疏注意力未配置，将使用全连接注意力
⚠️ 警告: 稀疏注意力未配置，将使用全连接注意力
⚠️ 警告: 稀疏注意力未配置，将使用全连接注意力
⚠️ 警告: 稀疏注意力未配置，将使用全连接注意力
⚠️ 警告: 稀疏注意力未配置，将使用全连接注意力
⚠️ 警告: 稀疏注意力未配置，将使用全连接注意力
⚠️ 警告: 稀疏注意力未配置，将使用全连接注意力
⚠️ 警告: 稀疏注意力未配置，将使用全连接注意力
⚠️ 警告: 稀疏注意力未配置，将使用全连接注意力
⚠️ 警告: 稀疏注意力未配置，将使用全连接注意力
⚠️ 警告: 稀疏注意力未配置，将使用全连接注意力
⚠️ 警告: 稀疏注意力未配置，将使用全连接注意力
⚠️ 警告: 稀疏注意力未配置，将使用全连接注意力
⚠️ 警告: 稀疏注意力未配置，将使用全连接注意力
⚠️ 警告: 稀疏注意力未配置，将使用全连接注意力
⚠️ 警告: 稀疏注意力未配置，将使用全连接注意力
⚠️ 警告: 稀疏注意力未配置，将使用全连接注意力
⚠️ 警告: 稀疏注意力未配置，将使用全连接注意力
⚠️ 警告: 稀疏注意力未配置，将使用全连接注意力
⚠️ 警告: 稀疏注意力未配置，将使用全连接注意力
⚠️ 警告: 稀疏注意力未配置，将使用全连接注意力
⚠️ 警告: 稀疏注意力未配置，将使用全连接注意力
⚠️ 警告: 稀疏注意力未配置，将使用全连接注意力
⚠️ 警告: 稀疏注意力未配置，将使用全连接注意力
⚠️ 警告: 稀疏注意力未配置，将使用全连接注意力
⚠️ 警告: 稀疏注意力未配置，将使用全连接注意力
⚠️ 警告: 稀疏注意力未配置，将使用全连接注意力
⚠️ 警告: 稀疏注意力未配置，将使用全连接注意力
⚠️ 警告: 稀疏注意力未配置，将使用全连接注意力
⚠️ 警告: 稀疏注意力未配置，将使用全连接注意力
⚠️ 警告: 稀疏注意力未配置，将使用全连接注意力
⚠️ 警告: 稀疏注意力未配置，将使用全连接注意力
⚠️ 警告: 稀疏注意力未配置，将使用全连接注意力
Test: loss:2.06e-02  =  1.93e-02 + alpha*1.70e-03
Valid performance:
 mse:1.63e-02, IC:-4.18e-03, RIC:-2.24e-02, prec@10:5.02e-01, SR:7.15e-01
Test performance:
 mse:1.93e-02, IC:2.98e-04, RIC:2.49e-03, prec@10:5.00e-01, SR:9.83e-01 


epoch15##########################################################
⚠️ 警告: 稀疏注意力未配置，将使用全连接注意力
⚠️ 警告: 稀疏注意力未配置，将使用全连接注意力
⚠️ 警告: 稀疏注意力未配置，将使用全连接注意力
⚠️ 警告: 稀疏注意力未配置，将使用全连接注意力
⚠️ 警告: 稀疏注意力未配置，将使用全连接注意力
⚠️ 警告: 稀疏注意力未配置，将使用全连接注意力
⚠️ 警告: 稀疏注意力未配置，将使用全连接注意力
⚠️ 警告: 稀疏注意力未配置，将使用全连接注意力
⚠️ 警告: 稀疏注意力未配置，将使用全连接注意力
⚠️ 警告: 稀疏注意力未配置，将使用全连接注意力
⚠️ 警告: 稀疏注意力未配置，将使用全连接注意力
⚠️ 警告: 稀疏注意力未配置，将使用全连接注意力
⚠️ 警告: 稀疏注意力未配置，将使用全连接注意力
⚠️ 警告: 稀疏注意力未配置，将使用全连接注意力
⚠️ 警告: 稀疏注意力未配置，将使用全连接注意力
⚠️ 警告: 稀疏注意力未配置，将使用全连接注意力
⚠️ 警告: 稀疏注意力未配置，将使用全连接注意力
⚠️ 警告: 稀疏注意力未配置，将使用全连接注意力
⚠️ 警告: 稀疏注意力未配置，将使用全连接注意力
⚠️ 警告: 稀疏注意力未配置，将使用全连接注意力
⚠️ 警告: 稀疏注意力未配置，将使用全连接注意力
⚠️ 警告: 稀疏注意力未配置，将使用全连接注意力
⚠️ 警告: 稀疏注意力未配置，将使用全连接注意力
⚠️ 警告: 稀疏注意力未配置，将使用全连接注意力
⚠️ 警告: 稀疏注意力未配置，将使用全连接注意力
⚠️ 警告: 稀疏注意力未配置，将使用全连接注意力
⚠️ 警告: 稀疏注意力未配置，将使用全连接注意力
⚠️ 警告: 稀疏注意力未配置，将使用全连接注意力
⚠️ 警告: 稀疏注意力未配置，将使用全连接注意力
⚠️ 警告: 稀疏注意力未配置，将使用全连接注意力
⚠️ 警告: 稀疏注意力未配置，将使用全连接注意力
⚠️ 警告: 稀疏注意力未配置，将使用全连接注意力
⚠️ 警告: 稀疏注意力未配置，将使用全连接注意力
⚠️ 警告: 稀疏注意力未配置，将使用全连接注意力
⚠️ 警告: 稀疏注意力未配置，将使用全连接注意力
⚠️ 警告: 稀疏注意力未配置，将使用全连接注意力
⚠️ 警告: 稀疏注意力未配置，将使用全连接注意力
⚠️ 警告: 稀疏注意力未配置，将使用全连接注意力
⚠️ 警告: 稀疏注意力未配置，将使用全连接注意力
⚠️ 警告: 稀疏注意力未配置，将使用全连接注意力
⚠️ 警告: 稀疏注意力未配置，将使用全连接注意力
⚠️ 警告: 稀疏注意力未配置，将使用全连接注意力
⚠️ 警告: 稀疏注意力未配置，将使用全连接注意力
⚠️ 警告: 稀疏注意力未配置，将使用全连接注意力
⚠️ 警告: 稀疏注意力未配置，将使用全连接注意力
⚠️ 警告: 稀疏注意力未配置，将使用全连接注意力
⚠️ 警告: 稀疏注意力未配置，将使用全连接注意力
⚠️ 警告: 稀疏注意力未配置，将使用全连接注意力
⚠️ 警告: 稀疏注意力未配置，将使用全连接注意力
⚠️ 警告: 稀疏注意力未配置，将使用全连接注意力
⚠️ 警告: 稀疏注意力未配置，将使用全连接注意力
⚠️ 警告: 稀疏注意力未配置，将使用全连接注意力
⚠️ 警告: 稀疏注意力未配置，将使用全连接注意力
⚠️ 警告: 稀疏注意力未配置，将使用全连接注意力
⚠️ 警告: 稀疏注意力未配置，将使用全连接注意力
⚠️ 警告: 稀疏注意力未配置，将使用全连接注意力
⚠️ 警告: 稀疏注意力未配置，将使用全连接注意力
⚠️ 警告: 稀疏注意力未配置，将使用全连接注意力
⚠️ 警告: 稀疏注意力未配置，将使用全连接注意力
⚠️ 警告: 稀疏注意力未配置，将使用全连接注意力
⚠️ 警告: 稀疏注意力未配置，将使用全连接注意力
⚠️ 警告: 稀疏注意力未配置，将使用全连接注意力
⚠️ 警告: 稀疏注意力未配置，将使用全连接注意力
⚠️ 警告: 稀疏注意力未配置，将使用全连接注意力
⚠️ 警告: 稀疏注意力未配置，将使用全连接注意力
⚠️ 警告: 稀疏注意力未配置，将使用全连接注意力
⚠️ 警告: 稀疏注意力未配置，将使用全连接注意力
⚠️ 警告: 稀疏注意力未配置，将使用全连接注意力
⚠️ 警告: 稀疏注意力未配置，将使用全连接注意力
⚠️ 警告: 稀疏注意力未配置，将使用全连接注意力
⚠️ 警告: 稀疏注意力未配置，将使用全连接注意力
⚠️ 警告: 稀疏注意力未配置，将使用全连接注意力
⚠️ 警告: 稀疏注意力未配置，将使用全连接注意力
⚠️ 警告: 稀疏注意力未配置，将使用全连接注意力
⚠️ 警告: 稀疏注意力未配置，将使用全连接注意力
⚠️ 警告: 稀疏注意力未配置，将使用全连接注意力
⚠️ 警告: 稀疏注意力未配置，将使用全连接注意力
⚠️ 警告: 稀疏注意力未配置，将使用全连接注意力
⚠️ 警告: 稀疏注意力未配置，将使用全连接注意力
⚠️ 警告: 稀疏注意力未配置，将使用全连接注意力
⚠️ 警告: 稀疏注意力未配置，将使用全连接注意力
⚠️ 警告: 稀疏注意力未配置，将使用全连接注意力
⚠️ 警告: 稀疏注意力未配置，将使用全连接注意力
⚠️ 警告: 稀疏注意力未配置，将使用全连接注意力
⚠️ 警告: 稀疏注意力未配置，将使用全连接注意力
⚠️ 警告: 稀疏注意力未配置，将使用全连接注意力
⚠️ 警告: 稀疏注意力未配置，将使用全连接注意力
⚠️ 警告: 稀疏注意力未配置，将使用全连接注意力
⚠️ 警告: 稀疏注意力未配置，将使用全连接注意力
⚠️ 警告: 稀疏注意力未配置，将使用全连接注意力
⚠️ 警告: 稀疏注意力未配置，将使用全连接注意力
⚠️ 警告: 稀疏注意力未配置，将使用全连接注意力
⚠️ 警告: 稀疏注意力未配置，将使用全连接注意力
⚠️ 警告: 稀疏注意力未配置，将使用全连接注意力
⚠️ 警告: 稀疏注意力未配置，将使用全连接注意力
⚠️ 警告: 稀疏注意力未配置，将使用全连接注意力
⚠️ 警告: 稀疏注意力未配置，将使用全连接注意力
⚠️ 警告: 稀疏注意力未配置，将使用全连接注意力
⚠️ 警告: 稀疏注意力未配置，将使用全连接注意力
⚠️ 警告: 稀疏注意力未配置，将使用全连接注意力
⚠️ 警告: 稀疏注意力未配置，将使用全连接注意力
⚠️ 警告: 稀疏注意力未配置，将使用全连接注意力
⚠️ 警告: 稀疏注意力未配置，将使用全连接注意力
⚠️ 警告: 稀疏注意力未配置，将使用全连接注意力
⚠️ 警告: 稀疏注意力未配置，将使用全连接注意力
⚠️ 警告: 稀疏注意力未配置，将使用全连接注意力
⚠️ 警告: 稀疏注意力未配置，将使用全连接注意力
⚠️ 警告: 稀疏注意力未配置，将使用全连接注意力
⚠️ 警告: 稀疏注意力未配置，将使用全连接注意力
⚠️ 警告: 稀疏注意力未配置，将使用全连接注意力
⚠️ 警告: 稀疏注意力未配置，将使用全连接注意力
⚠️ 警告: 稀疏注意力未配置，将使用全连接注意力
⚠️ 警告: 稀疏注意力未配置，将使用全连接注意力
⚠️ 警告: 稀疏注意力未配置，将使用全连接注意力
⚠️ 警告: 稀疏注意力未配置，将使用全连接注意力
⚠️ 警告: 稀疏注意力未配置，将使用全连接注意力
⚠️ 警告: 稀疏注意力未配置，将使用全连接注意力
⚠️ 警告: 稀疏注意力未配置，将使用全连接注意力
⚠️ 警告: 稀疏注意力未配置，将使用全连接注意力
Train : loss:7.70e-03  =  6.99e-03 + alpha*9.55e-04
⚠️ 警告: 稀疏注意力未配置，将使用全连接注意力
⚠️ 警告: 稀疏注意力未配置，将使用全连接注意力
⚠️ 警告: 稀疏注意力未配置，将使用全连接注意力
⚠️ 警告: 稀疏注意力未配置，将使用全连接注意力
⚠️ 警告: 稀疏注意力未配置，将使用全连接注意力
⚠️ 警告: 稀疏注意力未配置，将使用全连接注意力
⚠️ 警告: 稀疏注意力未配置，将使用全连接注意力
⚠️ 警告: 稀疏注意力未配置，将使用全连接注意力
⚠️ 警告: 稀疏注意力未配置，将使用全连接注意力
⚠️ 警告: 稀疏注意力未配置，将使用全连接注意力
⚠️ 警告: 稀疏注意力未配置，将使用全连接注意力
⚠️ 警告: 稀疏注意力未配置，将使用全连接注意力
⚠️ 警告: 稀疏注意力未配置，将使用全连接注意力
⚠️ 警告: 稀疏注意力未配置，将使用全连接注意力
⚠️ 警告: 稀疏注意力未配置，将使用全连接注意力
⚠️ 警告: 稀疏注意力未配置，将使用全连接注意力
⚠️ 警告: 稀疏注意力未配置，将使用全连接注意力
⚠️ 警告: 稀疏注意力未配置，将使用全连接注意力
⚠️ 警告: 稀疏注意力未配置，将使用全连接注意力
⚠️ 警告: 稀疏注意力未配置，将使用全连接注意力
⚠️ 警告: 稀疏注意力未配置，将使用全连接注意力
⚠️ 警告: 稀疏注意力未配置，将使用全连接注意力
⚠️ 警告: 稀疏注意力未配置，将使用全连接注意力
⚠️ 警告: 稀疏注意力未配置，将使用全连接注意力
⚠️ 警告: 稀疏注意力未配置，将使用全连接注意力
⚠️ 警告: 稀疏注意力未配置，将使用全连接注意力
⚠️ 警告: 稀疏注意力未配置，将使用全连接注意力
⚠️ 警告: 稀疏注意力未配置，将使用全连接注意力
⚠️ 警告: 稀疏注意力未配置，将使用全连接注意力
⚠️ 警告: 稀疏注意力未配置，将使用全连接注意力
⚠️ 警告: 稀疏注意力未配置，将使用全连接注意力
⚠️ 警告: 稀疏注意力未配置，将使用全连接注意力
⚠️ 警告: 稀疏注意力未配置，将使用全连接注意力
⚠️ 警告: 稀疏注意力未配置，将使用全连接注意力
⚠️ 警告: 稀疏注意力未配置，将使用全连接注意力
⚠️ 警告: 稀疏注意力未配置，将使用全连接注意力
⚠️ 警告: 稀疏注意力未配置，将使用全连接注意力
⚠️ 警告: 稀疏注意力未配置，将使用全连接注意力
⚠️ 警告: 稀疏注意力未配置，将使用全连接注意力
⚠️ 警告: 稀疏注意力未配置，将使用全连接注意力
⚠️ 警告: 稀疏注意力未配置，将使用全连接注意力
⚠️ 警告: 稀疏注意力未配置，将使用全连接注意力
⚠️ 警告: 稀疏注意力未配置，将使用全连接注意力
⚠️ 警告: 稀疏注意力未配置，将使用全连接注意力
⚠️ 警告: 稀疏注意力未配置，将使用全连接注意力
⚠️ 警告: 稀疏注意力未配置，将使用全连接注意力
⚠️ 警告: 稀疏注意力未配置，将使用全连接注意力
⚠️ 警告: 稀疏注意力未配置，将使用全连接注意力
⚠️ 警告: 稀疏注意力未配置，将使用全连接注意力
⚠️ 警告: 稀疏注意力未配置，将使用全连接注意力
Valid : loss:1.81e-02  =  1.69e-02 + alpha*1.64e-03
⚠️ 警告: 稀疏注意力未配置，将使用全连接注意力
⚠️ 警告: 稀疏注意力未配置，将使用全连接注意力
⚠️ 警告: 稀疏注意力未配置，将使用全连接注意力
⚠️ 警告: 稀疏注意力未配置，将使用全连接注意力
⚠️ 警告: 稀疏注意力未配置，将使用全连接注意力
⚠️ 警告: 稀疏注意力未配置，将使用全连接注意力
⚠️ 警告: 稀疏注意力未配置，将使用全连接注意力
⚠️ 警告: 稀疏注意力未配置，将使用全连接注意力
⚠️ 警告: 稀疏注意力未配置，将使用全连接注意力
⚠️ 警告: 稀疏注意力未配置，将使用全连接注意力
⚠️ 警告: 稀疏注意力未配置，将使用全连接注意力
⚠️ 警告: 稀疏注意力未配置，将使用全连接注意力
⚠️ 警告: 稀疏注意力未配置，将使用全连接注意力
⚠️ 警告: 稀疏注意力未配置，将使用全连接注意力
⚠️ 警告: 稀疏注意力未配置，将使用全连接注意力
⚠️ 警告: 稀疏注意力未配置，将使用全连接注意力
⚠️ 警告: 稀疏注意力未配置，将使用全连接注意力
⚠️ 警告: 稀疏注意力未配置，将使用全连接注意力
⚠️ 警告: 稀疏注意力未配置，将使用全连接注意力
⚠️ 警告: 稀疏注意力未配置，将使用全连接注意力
⚠️ 警告: 稀疏注意力未配置，将使用全连接注意力
⚠️ 警告: 稀疏注意力未配置，将使用全连接注意力
⚠️ 警告: 稀疏注意力未配置，将使用全连接注意力
⚠️ 警告: 稀疏注意力未配置，将使用全连接注意力
⚠️ 警告: 稀疏注意力未配置，将使用全连接注意力
⚠️ 警告: 稀疏注意力未配置，将使用全连接注意力
⚠️ 警告: 稀疏注意力未配置，将使用全连接注意力
⚠️ 警告: 稀疏注意力未配置，将使用全连接注意力
⚠️ 警告: 稀疏注意力未配置，将使用全连接注意力
⚠️ 警告: 稀疏注意力未配置，将使用全连接注意力
⚠️ 警告: 稀疏注意力未配置，将使用全连接注意力
⚠️ 警告: 稀疏注意力未配置，将使用全连接注意力
⚠️ 警告: 稀疏注意力未配置，将使用全连接注意力
⚠️ 警告: 稀疏注意力未配置，将使用全连接注意力
⚠️ 警告: 稀疏注意力未配置，将使用全连接注意力
⚠️ 警告: 稀疏注意力未配置，将使用全连接注意力
⚠️ 警告: 稀疏注意力未配置，将使用全连接注意力
⚠️ 警告: 稀疏注意力未配置，将使用全连接注意力
⚠️ 警告: 稀疏注意力未配置，将使用全连接注意力
⚠️ 警告: 稀疏注意力未配置，将使用全连接注意力
⚠️ 警告: 稀疏注意力未配置，将使用全连接注意力
⚠️ 警告: 稀疏注意力未配置，将使用全连接注意力
⚠️ 警告: 稀疏注意力未配置，将使用全连接注意力
⚠️ 警告: 稀疏注意力未配置，将使用全连接注意力
⚠️ 警告: 稀疏注意力未配置，将使用全连接注意力
⚠️ 警告: 稀疏注意力未配置，将使用全连接注意力
⚠️ 警告: 稀疏注意力未配置，将使用全连接注意力
⚠️ 警告: 稀疏注意力未配置，将使用全连接注意力
⚠️ 警告: 稀疏注意力未配置，将使用全连接注意力
⚠️ 警告: 稀疏注意力未配置，将使用全连接注意力
⚠️ 警告: 稀疏注意力未配置，将使用全连接注意力
Test: loss:2.19e-02  =  2.06e-02 + alpha*1.70e-03
Valid performance:
 mse:1.69e-02, IC:1.32e-04, RIC:6.99e-04, prec@10:4.90e-01, SR:7.40e-01
Test performance:
 mse:2.06e-02, IC:1.25e-03, RIC:1.03e-02, prec@10:5.24e-01, SR:1.05e+00 


epoch16##########################################################
⚠️ 警告: 稀疏注意力未配置，将使用全连接注意力
⚠️ 警告: 稀疏注意力未配置，将使用全连接注意力
⚠️ 警告: 稀疏注意力未配置，将使用全连接注意力
⚠️ 警告: 稀疏注意力未配置，将使用全连接注意力
⚠️ 警告: 稀疏注意力未配置，将使用全连接注意力
⚠️ 警告: 稀疏注意力未配置，将使用全连接注意力
⚠️ 警告: 稀疏注意力未配置，将使用全连接注意力
⚠️ 警告: 稀疏注意力未配置，将使用全连接注意力
⚠️ 警告: 稀疏注意力未配置，将使用全连接注意力
⚠️ 警告: 稀疏注意力未配置，将使用全连接注意力
⚠️ 警告: 稀疏注意力未配置，将使用全连接注意力
⚠️ 警告: 稀疏注意力未配置，将使用全连接注意力
⚠️ 警告: 稀疏注意力未配置，将使用全连接注意力
⚠️ 警告: 稀疏注意力未配置，将使用全连接注意力
⚠️ 警告: 稀疏注意力未配置，将使用全连接注意力
⚠️ 警告: 稀疏注意力未配置，将使用全连接注意力
⚠️ 警告: 稀疏注意力未配置，将使用全连接注意力
⚠️ 警告: 稀疏注意力未配置，将使用全连接注意力
⚠️ 警告: 稀疏注意力未配置，将使用全连接注意力
⚠️ 警告: 稀疏注意力未配置，将使用全连接注意力
⚠️ 警告: 稀疏注意力未配置，将使用全连接注意力
⚠️ 警告: 稀疏注意力未配置，将使用全连接注意力
⚠️ 警告: 稀疏注意力未配置，将使用全连接注意力
⚠️ 警告: 稀疏注意力未配置，将使用全连接注意力
⚠️ 警告: 稀疏注意力未配置，将使用全连接注意力
⚠️ 警告: 稀疏注意力未配置，将使用全连接注意力
⚠️ 警告: 稀疏注意力未配置，将使用全连接注意力
⚠️ 警告: 稀疏注意力未配置，将使用全连接注意力
⚠️ 警告: 稀疏注意力未配置，将使用全连接注意力
⚠️ 警告: 稀疏注意力未配置，将使用全连接注意力
⚠️ 警告: 稀疏注意力未配置，将使用全连接注意力
⚠️ 警告: 稀疏注意力未配置，将使用全连接注意力
⚠️ 警告: 稀疏注意力未配置，将使用全连接注意力
⚠️ 警告: 稀疏注意力未配置，将使用全连接注意力
⚠️ 警告: 稀疏注意力未配置，将使用全连接注意力
⚠️ 警告: 稀疏注意力未配置，将使用全连接注意力
⚠️ 警告: 稀疏注意力未配置，将使用全连接注意力
⚠️ 警告: 稀疏注意力未配置，将使用全连接注意力
⚠️ 警告: 稀疏注意力未配置，将使用全连接注意力
⚠️ 警告: 稀疏注意力未配置，将使用全连接注意力
⚠️ 警告: 稀疏注意力未配置，将使用全连接注意力
⚠️ 警告: 稀疏注意力未配置，将使用全连接注意力
⚠️ 警告: 稀疏注意力未配置，将使用全连接注意力
⚠️ 警告: 稀疏注意力未配置，将使用全连接注意力
⚠️ 警告: 稀疏注意力未配置，将使用全连接注意力
⚠️ 警告: 稀疏注意力未配置，将使用全连接注意力
⚠️ 警告: 稀疏注意力未配置，将使用全连接注意力
⚠️ 警告: 稀疏注意力未配置，将使用全连接注意力
⚠️ 警告: 稀疏注意力未配置，将使用全连接注意力
⚠️ 警告: 稀疏注意力未配置，将使用全连接注意力
⚠️ 警告: 稀疏注意力未配置，将使用全连接注意力
⚠️ 警告: 稀疏注意力未配置，将使用全连接注意力
⚠️ 警告: 稀疏注意力未配置，将使用全连接注意力
⚠️ 警告: 稀疏注意力未配置，将使用全连接注意力
⚠️ 警告: 稀疏注意力未配置，将使用全连接注意力
⚠️ 警告: 稀疏注意力未配置，将使用全连接注意力
⚠️ 警告: 稀疏注意力未配置，将使用全连接注意力
⚠️ 警告: 稀疏注意力未配置，将使用全连接注意力
⚠️ 警告: 稀疏注意力未配置，将使用全连接注意力
⚠️ 警告: 稀疏注意力未配置，将使用全连接注意力
⚠️ 警告: 稀疏注意力未配置，将使用全连接注意力
⚠️ 警告: 稀疏注意力未配置，将使用全连接注意力
⚠️ 警告: 稀疏注意力未配置，将使用全连接注意力
⚠️ 警告: 稀疏注意力未配置，将使用全连接注意力
⚠️ 警告: 稀疏注意力未配置，将使用全连接注意力
⚠️ 警告: 稀疏注意力未配置，将使用全连接注意力
⚠️ 警告: 稀疏注意力未配置，将使用全连接注意力
⚠️ 警告: 稀疏注意力未配置，将使用全连接注意力
⚠️ 警告: 稀疏注意力未配置，将使用全连接注意力
⚠️ 警告: 稀疏注意力未配置，将使用全连接注意力
⚠️ 警告: 稀疏注意力未配置，将使用全连接注意力
⚠️ 警告: 稀疏注意力未配置，将使用全连接注意力
⚠️ 警告: 稀疏注意力未配置，将使用全连接注意力
⚠️ 警告: 稀疏注意力未配置，将使用全连接注意力
⚠️ 警告: 稀疏注意力未配置，将使用全连接注意力
⚠️ 警告: 稀疏注意力未配置，将使用全连接注意力
⚠️ 警告: 稀疏注意力未配置，将使用全连接注意力
⚠️ 警告: 稀疏注意力未配置，将使用全连接注意力
⚠️ 警告: 稀疏注意力未配置，将使用全连接注意力
⚠️ 警告: 稀疏注意力未配置，将使用全连接注意力
⚠️ 警告: 稀疏注意力未配置，将使用全连接注意力
⚠️ 警告: 稀疏注意力未配置，将使用全连接注意力
⚠️ 警告: 稀疏注意力未配置，将使用全连接注意力
⚠️ 警告: 稀疏注意力未配置，将使用全连接注意力
⚠️ 警告: 稀疏注意力未配置，将使用全连接注意力
⚠️ 警告: 稀疏注意力未配置，将使用全连接注意力
⚠️ 警告: 稀疏注意力未配置，将使用全连接注意力
⚠️ 警告: 稀疏注意力未配置，将使用全连接注意力
⚠️ 警告: 稀疏注意力未配置，将使用全连接注意力
⚠️ 警告: 稀疏注意力未配置，将使用全连接注意力
⚠️ 警告: 稀疏注意力未配置，将使用全连接注意力
⚠️ 警告: 稀疏注意力未配置，将使用全连接注意力
⚠️ 警告: 稀疏注意力未配置，将使用全连接注意力
⚠️ 警告: 稀疏注意力未配置，将使用全连接注意力
⚠️ 警告: 稀疏注意力未配置，将使用全连接注意力
⚠️ 警告: 稀疏注意力未配置，将使用全连接注意力
⚠️ 警告: 稀疏注意力未配置，将使用全连接注意力
⚠️ 警告: 稀疏注意力未配置，将使用全连接注意力
⚠️ 警告: 稀疏注意力未配置，将使用全连接注意力
⚠️ 警告: 稀疏注意力未配置，将使用全连接注意力
⚠️ 警告: 稀疏注意力未配置，将使用全连接注意力
⚠️ 警告: 稀疏注意力未配置，将使用全连接注意力
⚠️ 警告: 稀疏注意力未配置，将使用全连接注意力
⚠️ 警告: 稀疏注意力未配置，将使用全连接注意力
⚠️ 警告: 稀疏注意力未配置，将使用全连接注意力
⚠️ 警告: 稀疏注意力未配置，将使用全连接注意力
⚠️ 警告: 稀疏注意力未配置，将使用全连接注意力
⚠️ 警告: 稀疏注意力未配置，将使用全连接注意力
⚠️ 警告: 稀疏注意力未配置，将使用全连接注意力
⚠️ 警告: 稀疏注意力未配置，将使用全连接注意力
⚠️ 警告: 稀疏注意力未配置，将使用全连接注意力
⚠️ 警告: 稀疏注意力未配置，将使用全连接注意力
⚠️ 警告: 稀疏注意力未配置，将使用全连接注意力
⚠️ 警告: 稀疏注意力未配置，将使用全连接注意力
⚠️ 警告: 稀疏注意力未配置，将使用全连接注意力
⚠️ 警告: 稀疏注意力未配置，将使用全连接注意力
⚠️ 警告: 稀疏注意力未配置，将使用全连接注意力
⚠️ 警告: 稀疏注意力未配置，将使用全连接注意力
⚠️ 警告: 稀疏注意力未配置，将使用全连接注意力
Train : loss:7.54e-03  =  6.83e-03 + alpha*9.47e-04
⚠️ 警告: 稀疏注意力未配置，将使用全连接注意力
⚠️ 警告: 稀疏注意力未配置，将使用全连接注意力
⚠️ 警告: 稀疏注意力未配置，将使用全连接注意力
⚠️ 警告: 稀疏注意力未配置，将使用全连接注意力
⚠️ 警告: 稀疏注意力未配置，将使用全连接注意力
⚠️ 警告: 稀疏注意力未配置，将使用全连接注意力
⚠️ 警告: 稀疏注意力未配置，将使用全连接注意力
⚠️ 警告: 稀疏注意力未配置，将使用全连接注意力
⚠️ 警告: 稀疏注意力未配置，将使用全连接注意力
⚠️ 警告: 稀疏注意力未配置，将使用全连接注意力
⚠️ 警告: 稀疏注意力未配置，将使用全连接注意力
⚠️ 警告: 稀疏注意力未配置，将使用全连接注意力
⚠️ 警告: 稀疏注意力未配置，将使用全连接注意力
⚠️ 警告: 稀疏注意力未配置，将使用全连接注意力
⚠️ 警告: 稀疏注意力未配置，将使用全连接注意力
⚠️ 警告: 稀疏注意力未配置，将使用全连接注意力
⚠️ 警告: 稀疏注意力未配置，将使用全连接注意力
⚠️ 警告: 稀疏注意力未配置，将使用全连接注意力
⚠️ 警告: 稀疏注意力未配置，将使用全连接注意力
⚠️ 警告: 稀疏注意力未配置，将使用全连接注意力
⚠️ 警告: 稀疏注意力未配置，将使用全连接注意力
⚠️ 警告: 稀疏注意力未配置，将使用全连接注意力
⚠️ 警告: 稀疏注意力未配置，将使用全连接注意力
⚠️ 警告: 稀疏注意力未配置，将使用全连接注意力
⚠️ 警告: 稀疏注意力未配置，将使用全连接注意力
⚠️ 警告: 稀疏注意力未配置，将使用全连接注意力
⚠️ 警告: 稀疏注意力未配置，将使用全连接注意力
⚠️ 警告: 稀疏注意力未配置，将使用全连接注意力
⚠️ 警告: 稀疏注意力未配置，将使用全连接注意力
⚠️ 警告: 稀疏注意力未配置，将使用全连接注意力
⚠️ 警告: 稀疏注意力未配置，将使用全连接注意力
⚠️ 警告: 稀疏注意力未配置，将使用全连接注意力
⚠️ 警告: 稀疏注意力未配置，将使用全连接注意力
⚠️ 警告: 稀疏注意力未配置，将使用全连接注意力
⚠️ 警告: 稀疏注意力未配置，将使用全连接注意力
⚠️ 警告: 稀疏注意力未配置，将使用全连接注意力
⚠️ 警告: 稀疏注意力未配置，将使用全连接注意力
⚠️ 警告: 稀疏注意力未配置，将使用全连接注意力
⚠️ 警告: 稀疏注意力未配置，将使用全连接注意力
⚠️ 警告: 稀疏注意力未配置，将使用全连接注意力
⚠️ 警告: 稀疏注意力未配置，将使用全连接注意力
⚠️ 警告: 稀疏注意力未配置，将使用全连接注意力
⚠️ 警告: 稀疏注意力未配置，将使用全连接注意力
⚠️ 警告: 稀疏注意力未配置，将使用全连接注意力
⚠️ 警告: 稀疏注意力未配置，将使用全连接注意力
⚠️ 警告: 稀疏注意力未配置，将使用全连接注意力
⚠️ 警告: 稀疏注意力未配置，将使用全连接注意力
⚠️ 警告: 稀疏注意力未配置，将使用全连接注意力
⚠️ 警告: 稀疏注意力未配置，将使用全连接注意力
⚠️ 警告: 稀疏注意力未配置，将使用全连接注意力
Valid : loss:1.78e-02  =  1.66e-02 + alpha*1.62e-03
⚠️ 警告: 稀疏注意力未配置，将使用全连接注意力
⚠️ 警告: 稀疏注意力未配置，将使用全连接注意力
⚠️ 警告: 稀疏注意力未配置，将使用全连接注意力
⚠️ 警告: 稀疏注意力未配置，将使用全连接注意力
⚠️ 警告: 稀疏注意力未配置，将使用全连接注意力
⚠️ 警告: 稀疏注意力未配置，将使用全连接注意力
⚠️ 警告: 稀疏注意力未配置，将使用全连接注意力
⚠️ 警告: 稀疏注意力未配置，将使用全连接注意力
⚠️ 警告: 稀疏注意力未配置，将使用全连接注意力
⚠️ 警告: 稀疏注意力未配置，将使用全连接注意力
⚠️ 警告: 稀疏注意力未配置，将使用全连接注意力
⚠️ 警告: 稀疏注意力未配置，将使用全连接注意力
⚠️ 警告: 稀疏注意力未配置，将使用全连接注意力
⚠️ 警告: 稀疏注意力未配置，将使用全连接注意力
⚠️ 警告: 稀疏注意力未配置，将使用全连接注意力
⚠️ 警告: 稀疏注意力未配置，将使用全连接注意力
⚠️ 警告: 稀疏注意力未配置，将使用全连接注意力
⚠️ 警告: 稀疏注意力未配置，将使用全连接注意力
⚠️ 警告: 稀疏注意力未配置，将使用全连接注意力
⚠️ 警告: 稀疏注意力未配置，将使用全连接注意力
⚠️ 警告: 稀疏注意力未配置，将使用全连接注意力
⚠️ 警告: 稀疏注意力未配置，将使用全连接注意力
⚠️ 警告: 稀疏注意力未配置，将使用全连接注意力
⚠️ 警告: 稀疏注意力未配置，将使用全连接注意力
⚠️ 警告: 稀疏注意力未配置，将使用全连接注意力
⚠️ 警告: 稀疏注意力未配置，将使用全连接注意力
⚠️ 警告: 稀疏注意力未配置，将使用全连接注意力
⚠️ 警告: 稀疏注意力未配置，将使用全连接注意力
⚠️ 警告: 稀疏注意力未配置，将使用全连接注意力
⚠️ 警告: 稀疏注意力未配置，将使用全连接注意力
⚠️ 警告: 稀疏注意力未配置，将使用全连接注意力
⚠️ 警告: 稀疏注意力未配置，将使用全连接注意力
⚠️ 警告: 稀疏注意力未配置，将使用全连接注意力
⚠️ 警告: 稀疏注意力未配置，将使用全连接注意力
⚠️ 警告: 稀疏注意力未配置，将使用全连接注意力
⚠️ 警告: 稀疏注意力未配置，将使用全连接注意力
⚠️ 警告: 稀疏注意力未配置，将使用全连接注意力
⚠️ 警告: 稀疏注意力未配置，将使用全连接注意力
⚠️ 警告: 稀疏注意力未配置，将使用全连接注意力
⚠️ 警告: 稀疏注意力未配置，将使用全连接注意力
⚠️ 警告: 稀疏注意力未配置，将使用全连接注意力
⚠️ 警告: 稀疏注意力未配置，将使用全连接注意力
⚠️ 警告: 稀疏注意力未配置，将使用全连接注意力
⚠️ 警告: 稀疏注意力未配置，将使用全连接注意力
⚠️ 警告: 稀疏注意力未配置，将使用全连接注意力
⚠️ 警告: 稀疏注意力未配置，将使用全连接注意力
⚠️ 警告: 稀疏注意力未配置，将使用全连接注意力
⚠️ 警告: 稀疏注意力未配置，将使用全连接注意力
⚠️ 警告: 稀疏注意力未配置，将使用全连接注意力
⚠️ 警告: 稀疏注意力未配置，将使用全连接注意力
⚠️ 警告: 稀疏注意力未配置，将使用全连接注意力
Test: loss:2.13e-02  =  2.01e-02 + alpha*1.68e-03
Valid performance:
 mse:1.66e-02, IC:-7.86e-04, RIC:-4.15e-03, prec@10:5.08e-01, SR:1.46e+00
Test performance:
 mse:2.01e-02, IC:1.55e-03, RIC:1.30e-02, prec@10:4.94e-01, SR:-4.74e-02 


epoch17##########################################################
⚠️ 警告: 稀疏注意力未配置，将使用全连接注意力
⚠️ 警告: 稀疏注意力未配置，将使用全连接注意力
⚠️ 警告: 稀疏注意力未配置，将使用全连接注意力
⚠️ 警告: 稀疏注意力未配置，将使用全连接注意力
⚠️ 警告: 稀疏注意力未配置，将使用全连接注意力
⚠️ 警告: 稀疏注意力未配置，将使用全连接注意力
⚠️ 警告: 稀疏注意力未配置，将使用全连接注意力
⚠️ 警告: 稀疏注意力未配置，将使用全连接注意力
⚠️ 警告: 稀疏注意力未配置，将使用全连接注意力
⚠️ 警告: 稀疏注意力未配置，将使用全连接注意力
⚠️ 警告: 稀疏注意力未配置，将使用全连接注意力
⚠️ 警告: 稀疏注意力未配置，将使用全连接注意力
⚠️ 警告: 稀疏注意力未配置，将使用全连接注意力
⚠️ 警告: 稀疏注意力未配置，将使用全连接注意力
⚠️ 警告: 稀疏注意力未配置，将使用全连接注意力
⚠️ 警告: 稀疏注意力未配置，将使用全连接注意力
⚠️ 警告: 稀疏注意力未配置，将使用全连接注意力
⚠️ 警告: 稀疏注意力未配置，将使用全连接注意力
⚠️ 警告: 稀疏注意力未配置，将使用全连接注意力
⚠️ 警告: 稀疏注意力未配置，将使用全连接注意力
⚠️ 警告: 稀疏注意力未配置，将使用全连接注意力
⚠️ 警告: 稀疏注意力未配置，将使用全连接注意力
⚠️ 警告: 稀疏注意力未配置，将使用全连接注意力
⚠️ 警告: 稀疏注意力未配置，将使用全连接注意力
⚠️ 警告: 稀疏注意力未配置，将使用全连接注意力
⚠️ 警告: 稀疏注意力未配置，将使用全连接注意力
⚠️ 警告: 稀疏注意力未配置，将使用全连接注意力
⚠️ 警告: 稀疏注意力未配置，将使用全连接注意力
⚠️ 警告: 稀疏注意力未配置，将使用全连接注意力
⚠️ 警告: 稀疏注意力未配置，将使用全连接注意力
⚠️ 警告: 稀疏注意力未配置，将使用全连接注意力
⚠️ 警告: 稀疏注意力未配置，将使用全连接注意力
⚠️ 警告: 稀疏注意力未配置，将使用全连接注意力
⚠️ 警告: 稀疏注意力未配置，将使用全连接注意力
⚠️ 警告: 稀疏注意力未配置，将使用全连接注意力
⚠️ 警告: 稀疏注意力未配置，将使用全连接注意力
⚠️ 警告: 稀疏注意力未配置，将使用全连接注意力
⚠️ 警告: 稀疏注意力未配置，将使用全连接注意力
⚠️ 警告: 稀疏注意力未配置，将使用全连接注意力
⚠️ 警告: 稀疏注意力未配置，将使用全连接注意力
⚠️ 警告: 稀疏注意力未配置，将使用全连接注意力
⚠️ 警告: 稀疏注意力未配置，将使用全连接注意力
⚠️ 警告: 稀疏注意力未配置，将使用全连接注意力
⚠️ 警告: 稀疏注意力未配置，将使用全连接注意力
⚠️ 警告: 稀疏注意力未配置，将使用全连接注意力
⚠️ 警告: 稀疏注意力未配置，将使用全连接注意力
⚠️ 警告: 稀疏注意力未配置，将使用全连接注意力
⚠️ 警告: 稀疏注意力未配置，将使用全连接注意力
⚠️ 警告: 稀疏注意力未配置，将使用全连接注意力
⚠️ 警告: 稀疏注意力未配置，将使用全连接注意力
⚠️ 警告: 稀疏注意力未配置，将使用全连接注意力
⚠️ 警告: 稀疏注意力未配置，将使用全连接注意力
⚠️ 警告: 稀疏注意力未配置，将使用全连接注意力
⚠️ 警告: 稀疏注意力未配置，将使用全连接注意力
⚠️ 警告: 稀疏注意力未配置，将使用全连接注意力
⚠️ 警告: 稀疏注意力未配置，将使用全连接注意力
⚠️ 警告: 稀疏注意力未配置，将使用全连接注意力
⚠️ 警告: 稀疏注意力未配置，将使用全连接注意力
⚠️ 警告: 稀疏注意力未配置，将使用全连接注意力
⚠️ 警告: 稀疏注意力未配置，将使用全连接注意力
⚠️ 警告: 稀疏注意力未配置，将使用全连接注意力
⚠️ 警告: 稀疏注意力未配置，将使用全连接注意力
⚠️ 警告: 稀疏注意力未配置，将使用全连接注意力
⚠️ 警告: 稀疏注意力未配置，将使用全连接注意力
⚠️ 警告: 稀疏注意力未配置，将使用全连接注意力
⚠️ 警告: 稀疏注意力未配置，将使用全连接注意力
⚠️ 警告: 稀疏注意力未配置，将使用全连接注意力
⚠️ 警告: 稀疏注意力未配置，将使用全连接注意力
⚠️ 警告: 稀疏注意力未配置，将使用全连接注意力
⚠️ 警告: 稀疏注意力未配置，将使用全连接注意力
⚠️ 警告: 稀疏注意力未配置，将使用全连接注意力
⚠️ 警告: 稀疏注意力未配置，将使用全连接注意力
⚠️ 警告: 稀疏注意力未配置，将使用全连接注意力
⚠️ 警告: 稀疏注意力未配置，将使用全连接注意力
⚠️ 警告: 稀疏注意力未配置，将使用全连接注意力
⚠️ 警告: 稀疏注意力未配置，将使用全连接注意力
⚠️ 警告: 稀疏注意力未配置，将使用全连接注意力
⚠️ 警告: 稀疏注意力未配置，将使用全连接注意力
⚠️ 警告: 稀疏注意力未配置，将使用全连接注意力
⚠️ 警告: 稀疏注意力未配置，将使用全连接注意力
⚠️ 警告: 稀疏注意力未配置，将使用全连接注意力
⚠️ 警告: 稀疏注意力未配置，将使用全连接注意力
⚠️ 警告: 稀疏注意力未配置，将使用全连接注意力
⚠️ 警告: 稀疏注意力未配置，将使用全连接注意力
⚠️ 警告: 稀疏注意力未配置，将使用全连接注意力
⚠️ 警告: 稀疏注意力未配置，将使用全连接注意力
⚠️ 警告: 稀疏注意力未配置，将使用全连接注意力
⚠️ 警告: 稀疏注意力未配置，将使用全连接注意力
⚠️ 警告: 稀疏注意力未配置，将使用全连接注意力
⚠️ 警告: 稀疏注意力未配置，将使用全连接注意力
⚠️ 警告: 稀疏注意力未配置，将使用全连接注意力
⚠️ 警告: 稀疏注意力未配置，将使用全连接注意力
⚠️ 警告: 稀疏注意力未配置，将使用全连接注意力
⚠️ 警告: 稀疏注意力未配置，将使用全连接注意力
⚠️ 警告: 稀疏注意力未配置，将使用全连接注意力
⚠️ 警告: 稀疏注意力未配置，将使用全连接注意力
⚠️ 警告: 稀疏注意力未配置，将使用全连接注意力
⚠️ 警告: 稀疏注意力未配置，将使用全连接注意力
⚠️ 警告: 稀疏注意力未配置，将使用全连接注意力
⚠️ 警告: 稀疏注意力未配置，将使用全连接注意力
⚠️ 警告: 稀疏注意力未配置，将使用全连接注意力
⚠️ 警告: 稀疏注意力未配置，将使用全连接注意力
⚠️ 警告: 稀疏注意力未配置，将使用全连接注意力
⚠️ 警告: 稀疏注意力未配置，将使用全连接注意力
⚠️ 警告: 稀疏注意力未配置，将使用全连接注意力
⚠️ 警告: 稀疏注意力未配置，将使用全连接注意力
⚠️ 警告: 稀疏注意力未配置，将使用全连接注意力
⚠️ 警告: 稀疏注意力未配置，将使用全连接注意力
⚠️ 警告: 稀疏注意力未配置，将使用全连接注意力
⚠️ 警告: 稀疏注意力未配置，将使用全连接注意力
⚠️ 警告: 稀疏注意力未配置，将使用全连接注意力
⚠️ 警告: 稀疏注意力未配置，将使用全连接注意力
⚠️ 警告: 稀疏注意力未配置，将使用全连接注意力
⚠️ 警告: 稀疏注意力未配置，将使用全连接注意力
⚠️ 警告: 稀疏注意力未配置，将使用全连接注意力
⚠️ 警告: 稀疏注意力未配置，将使用全连接注意力
⚠️ 警告: 稀疏注意力未配置，将使用全连接注意力
⚠️ 警告: 稀疏注意力未配置，将使用全连接注意力
⚠️ 警告: 稀疏注意力未配置，将使用全连接注意力
Train : loss:7.35e-03  =  6.66e-03 + alpha*9.24e-04
⚠️ 警告: 稀疏注意力未配置，将使用全连接注意力
⚠️ 警告: 稀疏注意力未配置，将使用全连接注意力
⚠️ 警告: 稀疏注意力未配置，将使用全连接注意力
⚠️ 警告: 稀疏注意力未配置，将使用全连接注意力
⚠️ 警告: 稀疏注意力未配置，将使用全连接注意力
⚠️ 警告: 稀疏注意力未配置，将使用全连接注意力
⚠️ 警告: 稀疏注意力未配置，将使用全连接注意力
⚠️ 警告: 稀疏注意力未配置，将使用全连接注意力
⚠️ 警告: 稀疏注意力未配置，将使用全连接注意力
⚠️ 警告: 稀疏注意力未配置，将使用全连接注意力
⚠️ 警告: 稀疏注意力未配置，将使用全连接注意力
⚠️ 警告: 稀疏注意力未配置，将使用全连接注意力
⚠️ 警告: 稀疏注意力未配置，将使用全连接注意力
⚠️ 警告: 稀疏注意力未配置，将使用全连接注意力
⚠️ 警告: 稀疏注意力未配置，将使用全连接注意力
⚠️ 警告: 稀疏注意力未配置，将使用全连接注意力
⚠️ 警告: 稀疏注意力未配置，将使用全连接注意力
⚠️ 警告: 稀疏注意力未配置，将使用全连接注意力
⚠️ 警告: 稀疏注意力未配置，将使用全连接注意力
⚠️ 警告: 稀疏注意力未配置，将使用全连接注意力
⚠️ 警告: 稀疏注意力未配置，将使用全连接注意力
⚠️ 警告: 稀疏注意力未配置，将使用全连接注意力
⚠️ 警告: 稀疏注意力未配置，将使用全连接注意力
⚠️ 警告: 稀疏注意力未配置，将使用全连接注意力
⚠️ 警告: 稀疏注意力未配置，将使用全连接注意力
⚠️ 警告: 稀疏注意力未配置，将使用全连接注意力
⚠️ 警告: 稀疏注意力未配置，将使用全连接注意力
⚠️ 警告: 稀疏注意力未配置，将使用全连接注意力
⚠️ 警告: 稀疏注意力未配置，将使用全连接注意力
⚠️ 警告: 稀疏注意力未配置，将使用全连接注意力
⚠️ 警告: 稀疏注意力未配置，将使用全连接注意力
⚠️ 警告: 稀疏注意力未配置，将使用全连接注意力
⚠️ 警告: 稀疏注意力未配置，将使用全连接注意力
⚠️ 警告: 稀疏注意力未配置，将使用全连接注意力
⚠️ 警告: 稀疏注意力未配置，将使用全连接注意力
⚠️ 警告: 稀疏注意力未配置，将使用全连接注意力
⚠️ 警告: 稀疏注意力未配置，将使用全连接注意力
⚠️ 警告: 稀疏注意力未配置，将使用全连接注意力
⚠️ 警告: 稀疏注意力未配置，将使用全连接注意力
⚠️ 警告: 稀疏注意力未配置，将使用全连接注意力
⚠️ 警告: 稀疏注意力未配置，将使用全连接注意力
⚠️ 警告: 稀疏注意力未配置，将使用全连接注意力
⚠️ 警告: 稀疏注意力未配置，将使用全连接注意力
⚠️ 警告: 稀疏注意力未配置，将使用全连接注意力
⚠️ 警告: 稀疏注意力未配置，将使用全连接注意力
⚠️ 警告: 稀疏注意力未配置，将使用全连接注意力
⚠️ 警告: 稀疏注意力未配置，将使用全连接注意力
⚠️ 警告: 稀疏注意力未配置，将使用全连接注意力
⚠️ 警告: 稀疏注意力未配置，将使用全连接注意力
⚠️ 警告: 稀疏注意力未配置，将使用全连接注意力
Valid : loss:1.74e-02  =  1.62e-02 + alpha*1.62e-03
⚠️ 警告: 稀疏注意力未配置，将使用全连接注意力
⚠️ 警告: 稀疏注意力未配置，将使用全连接注意力
⚠️ 警告: 稀疏注意力未配置，将使用全连接注意力
⚠️ 警告: 稀疏注意力未配置，将使用全连接注意力
⚠️ 警告: 稀疏注意力未配置，将使用全连接注意力
⚠️ 警告: 稀疏注意力未配置，将使用全连接注意力
⚠️ 警告: 稀疏注意力未配置，将使用全连接注意力
⚠️ 警告: 稀疏注意力未配置，将使用全连接注意力
⚠️ 警告: 稀疏注意力未配置，将使用全连接注意力
⚠️ 警告: 稀疏注意力未配置，将使用全连接注意力
⚠️ 警告: 稀疏注意力未配置，将使用全连接注意力
⚠️ 警告: 稀疏注意力未配置，将使用全连接注意力
⚠️ 警告: 稀疏注意力未配置，将使用全连接注意力
⚠️ 警告: 稀疏注意力未配置，将使用全连接注意力
⚠️ 警告: 稀疏注意力未配置，将使用全连接注意力
⚠️ 警告: 稀疏注意力未配置，将使用全连接注意力
⚠️ 警告: 稀疏注意力未配置，将使用全连接注意力
⚠️ 警告: 稀疏注意力未配置，将使用全连接注意力
⚠️ 警告: 稀疏注意力未配置，将使用全连接注意力
⚠️ 警告: 稀疏注意力未配置，将使用全连接注意力
⚠️ 警告: 稀疏注意力未配置，将使用全连接注意力
⚠️ 警告: 稀疏注意力未配置，将使用全连接注意力
⚠️ 警告: 稀疏注意力未配置，将使用全连接注意力
⚠️ 警告: 稀疏注意力未配置，将使用全连接注意力
⚠️ 警告: 稀疏注意力未配置，将使用全连接注意力
⚠️ 警告: 稀疏注意力未配置，将使用全连接注意力
⚠️ 警告: 稀疏注意力未配置，将使用全连接注意力
⚠️ 警告: 稀疏注意力未配置，将使用全连接注意力
⚠️ 警告: 稀疏注意力未配置，将使用全连接注意力
⚠️ 警告: 稀疏注意力未配置，将使用全连接注意力
⚠️ 警告: 稀疏注意力未配置，将使用全连接注意力
⚠️ 警告: 稀疏注意力未配置，将使用全连接注意力
⚠️ 警告: 稀疏注意力未配置，将使用全连接注意力
⚠️ 警告: 稀疏注意力未配置，将使用全连接注意力
⚠️ 警告: 稀疏注意力未配置，将使用全连接注意力
⚠️ 警告: 稀疏注意力未配置，将使用全连接注意力
⚠️ 警告: 稀疏注意力未配置，将使用全连接注意力
⚠️ 警告: 稀疏注意力未配置，将使用全连接注意力
⚠️ 警告: 稀疏注意力未配置，将使用全连接注意力
⚠️ 警告: 稀疏注意力未配置，将使用全连接注意力
⚠️ 警告: 稀疏注意力未配置，将使用全连接注意力
⚠️ 警告: 稀疏注意力未配置，将使用全连接注意力
⚠️ 警告: 稀疏注意力未配置，将使用全连接注意力
⚠️ 警告: 稀疏注意力未配置，将使用全连接注意力
⚠️ 警告: 稀疏注意力未配置，将使用全连接注意力
⚠️ 警告: 稀疏注意力未配置，将使用全连接注意力
⚠️ 警告: 稀疏注意力未配置，将使用全连接注意力
⚠️ 警告: 稀疏注意力未配置，将使用全连接注意力
⚠️ 警告: 稀疏注意力未配置，将使用全连接注意力
⚠️ 警告: 稀疏注意力未配置，将使用全连接注意力
⚠️ 警告: 稀疏注意力未配置，将使用全连接注意力
Test: loss:2.04e-02  =  1.91e-02 + alpha*1.67e-03
Valid performance:
 mse:1.62e-02, IC:-1.42e-03, RIC:-7.48e-03, prec@10:5.02e-01, SR:9.51e-01
Test performance:
 mse:1.91e-02, IC:1.21e-03, RIC:1.02e-02, prec@10:5.06e-01, SR:-7.94e-01 


epoch18##########################################################
⚠️ 警告: 稀疏注意力未配置，将使用全连接注意力
⚠️ 警告: 稀疏注意力未配置，将使用全连接注意力
⚠️ 警告: 稀疏注意力未配置，将使用全连接注意力
⚠️ 警告: 稀疏注意力未配置，将使用全连接注意力
⚠️ 警告: 稀疏注意力未配置，将使用全连接注意力
⚠️ 警告: 稀疏注意力未配置，将使用全连接注意力
⚠️ 警告: 稀疏注意力未配置，将使用全连接注意力
⚠️ 警告: 稀疏注意力未配置，将使用全连接注意力
⚠️ 警告: 稀疏注意力未配置，将使用全连接注意力
⚠️ 警告: 稀疏注意力未配置，将使用全连接注意力
⚠️ 警告: 稀疏注意力未配置，将使用全连接注意力
⚠️ 警告: 稀疏注意力未配置，将使用全连接注意力
⚠️ 警告: 稀疏注意力未配置，将使用全连接注意力
⚠️ 警告: 稀疏注意力未配置，将使用全连接注意力
⚠️ 警告: 稀疏注意力未配置，将使用全连接注意力
⚠️ 警告: 稀疏注意力未配置，将使用全连接注意力
⚠️ 警告: 稀疏注意力未配置，将使用全连接注意力
⚠️ 警告: 稀疏注意力未配置，将使用全连接注意力
⚠️ 警告: 稀疏注意力未配置，将使用全连接注意力
⚠️ 警告: 稀疏注意力未配置，将使用全连接注意力
⚠️ 警告: 稀疏注意力未配置，将使用全连接注意力
⚠️ 警告: 稀疏注意力未配置，将使用全连接注意力
⚠️ 警告: 稀疏注意力未配置，将使用全连接注意力
⚠️ 警告: 稀疏注意力未配置，将使用全连接注意力
⚠️ 警告: 稀疏注意力未配置，将使用全连接注意力
⚠️ 警告: 稀疏注意力未配置，将使用全连接注意力
⚠️ 警告: 稀疏注意力未配置，将使用全连接注意力
⚠️ 警告: 稀疏注意力未配置，将使用全连接注意力
⚠️ 警告: 稀疏注意力未配置，将使用全连接注意力
⚠️ 警告: 稀疏注意力未配置，将使用全连接注意力
⚠️ 警告: 稀疏注意力未配置，将使用全连接注意力
⚠️ 警告: 稀疏注意力未配置，将使用全连接注意力
⚠️ 警告: 稀疏注意力未配置，将使用全连接注意力
⚠️ 警告: 稀疏注意力未配置，将使用全连接注意力
⚠️ 警告: 稀疏注意力未配置，将使用全连接注意力
⚠️ 警告: 稀疏注意力未配置，将使用全连接注意力
⚠️ 警告: 稀疏注意力未配置，将使用全连接注意力
⚠️ 警告: 稀疏注意力未配置，将使用全连接注意力
⚠️ 警告: 稀疏注意力未配置，将使用全连接注意力
⚠️ 警告: 稀疏注意力未配置，将使用全连接注意力
⚠️ 警告: 稀疏注意力未配置，将使用全连接注意力
⚠️ 警告: 稀疏注意力未配置，将使用全连接注意力
⚠️ 警告: 稀疏注意力未配置，将使用全连接注意力
⚠️ 警告: 稀疏注意力未配置，将使用全连接注意力
⚠️ 警告: 稀疏注意力未配置，将使用全连接注意力
⚠️ 警告: 稀疏注意力未配置，将使用全连接注意力
⚠️ 警告: 稀疏注意力未配置，将使用全连接注意力
⚠️ 警告: 稀疏注意力未配置，将使用全连接注意力
⚠️ 警告: 稀疏注意力未配置，将使用全连接注意力
⚠️ 警告: 稀疏注意力未配置，将使用全连接注意力
⚠️ 警告: 稀疏注意力未配置，将使用全连接注意力
⚠️ 警告: 稀疏注意力未配置，将使用全连接注意力
⚠️ 警告: 稀疏注意力未配置，将使用全连接注意力
⚠️ 警告: 稀疏注意力未配置，将使用全连接注意力
⚠️ 警告: 稀疏注意力未配置，将使用全连接注意力
⚠️ 警告: 稀疏注意力未配置，将使用全连接注意力
⚠️ 警告: 稀疏注意力未配置，将使用全连接注意力
⚠️ 警告: 稀疏注意力未配置，将使用全连接注意力
⚠️ 警告: 稀疏注意力未配置，将使用全连接注意力
⚠️ 警告: 稀疏注意力未配置，将使用全连接注意力
⚠️ 警告: 稀疏注意力未配置，将使用全连接注意力
⚠️ 警告: 稀疏注意力未配置，将使用全连接注意力
⚠️ 警告: 稀疏注意力未配置，将使用全连接注意力
⚠️ 警告: 稀疏注意力未配置，将使用全连接注意力
⚠️ 警告: 稀疏注意力未配置，将使用全连接注意力
⚠️ 警告: 稀疏注意力未配置，将使用全连接注意力
⚠️ 警告: 稀疏注意力未配置，将使用全连接注意力
⚠️ 警告: 稀疏注意力未配置，将使用全连接注意力
⚠️ 警告: 稀疏注意力未配置，将使用全连接注意力
⚠️ 警告: 稀疏注意力未配置，将使用全连接注意力
⚠️ 警告: 稀疏注意力未配置，将使用全连接注意力
⚠️ 警告: 稀疏注意力未配置，将使用全连接注意力
⚠️ 警告: 稀疏注意力未配置，将使用全连接注意力
⚠️ 警告: 稀疏注意力未配置，将使用全连接注意力
⚠️ 警告: 稀疏注意力未配置，将使用全连接注意力
⚠️ 警告: 稀疏注意力未配置，将使用全连接注意力
⚠️ 警告: 稀疏注意力未配置，将使用全连接注意力
⚠️ 警告: 稀疏注意力未配置，将使用全连接注意力
⚠️ 警告: 稀疏注意力未配置，将使用全连接注意力
⚠️ 警告: 稀疏注意力未配置，将使用全连接注意力
⚠️ 警告: 稀疏注意力未配置，将使用全连接注意力
⚠️ 警告: 稀疏注意力未配置，将使用全连接注意力
⚠️ 警告: 稀疏注意力未配置，将使用全连接注意力
⚠️ 警告: 稀疏注意力未配置，将使用全连接注意力
⚠️ 警告: 稀疏注意力未配置，将使用全连接注意力
⚠️ 警告: 稀疏注意力未配置，将使用全连接注意力
⚠️ 警告: 稀疏注意力未配置，将使用全连接注意力
⚠️ 警告: 稀疏注意力未配置，将使用全连接注意力
⚠️ 警告: 稀疏注意力未配置，将使用全连接注意力
⚠️ 警告: 稀疏注意力未配置，将使用全连接注意力
⚠️ 警告: 稀疏注意力未配置，将使用全连接注意力
⚠️ 警告: 稀疏注意力未配置，将使用全连接注意力
⚠️ 警告: 稀疏注意力未配置，将使用全连接注意力
⚠️ 警告: 稀疏注意力未配置，将使用全连接注意力
⚠️ 警告: 稀疏注意力未配置，将使用全连接注意力
⚠️ 警告: 稀疏注意力未配置，将使用全连接注意力
⚠️ 警告: 稀疏注意力未配置，将使用全连接注意力
⚠️ 警告: 稀疏注意力未配置，将使用全连接注意力
⚠️ 警告: 稀疏注意力未配置，将使用全连接注意力
⚠️ 警告: 稀疏注意力未配置，将使用全连接注意力
⚠️ 警告: 稀疏注意力未配置，将使用全连接注意力
⚠️ 警告: 稀疏注意力未配置，将使用全连接注意力
⚠️ 警告: 稀疏注意力未配置，将使用全连接注意力
⚠️ 警告: 稀疏注意力未配置，将使用全连接注意力
⚠️ 警告: 稀疏注意力未配置，将使用全连接注意力
⚠️ 警告: 稀疏注意力未配置，将使用全连接注意力
⚠️ 警告: 稀疏注意力未配置，将使用全连接注意力
⚠️ 警告: 稀疏注意力未配置，将使用全连接注意力
⚠️ 警告: 稀疏注意力未配置，将使用全连接注意力
⚠️ 警告: 稀疏注意力未配置，将使用全连接注意力
⚠️ 警告: 稀疏注意力未配置，将使用全连接注意力
⚠️ 警告: 稀疏注意力未配置，将使用全连接注意力
⚠️ 警告: 稀疏注意力未配置，将使用全连接注意力
⚠️ 警告: 稀疏注意力未配置，将使用全连接注意力
⚠️ 警告: 稀疏注意力未配置，将使用全连接注意力
⚠️ 警告: 稀疏注意力未配置，将使用全连接注意力
⚠️ 警告: 稀疏注意力未配置，将使用全连接注意力
⚠️ 警告: 稀疏注意力未配置，将使用全连接注意力
⚠️ 警告: 稀疏注意力未配置，将使用全连接注意力
Train : loss:7.28e-03  =  6.58e-03 + alpha*9.29e-04
⚠️ 警告: 稀疏注意力未配置，将使用全连接注意力
⚠️ 警告: 稀疏注意力未配置，将使用全连接注意力
⚠️ 警告: 稀疏注意力未配置，将使用全连接注意力
⚠️ 警告: 稀疏注意力未配置，将使用全连接注意力
⚠️ 警告: 稀疏注意力未配置，将使用全连接注意力
⚠️ 警告: 稀疏注意力未配置，将使用全连接注意力
⚠️ 警告: 稀疏注意力未配置，将使用全连接注意力
⚠️ 警告: 稀疏注意力未配置，将使用全连接注意力
⚠️ 警告: 稀疏注意力未配置，将使用全连接注意力
⚠️ 警告: 稀疏注意力未配置，将使用全连接注意力
⚠️ 警告: 稀疏注意力未配置，将使用全连接注意力
⚠️ 警告: 稀疏注意力未配置，将使用全连接注意力
⚠️ 警告: 稀疏注意力未配置，将使用全连接注意力
⚠️ 警告: 稀疏注意力未配置，将使用全连接注意力
⚠️ 警告: 稀疏注意力未配置，将使用全连接注意力
⚠️ 警告: 稀疏注意力未配置，将使用全连接注意力
⚠️ 警告: 稀疏注意力未配置，将使用全连接注意力
⚠️ 警告: 稀疏注意力未配置，将使用全连接注意力
⚠️ 警告: 稀疏注意力未配置，将使用全连接注意力
⚠️ 警告: 稀疏注意力未配置，将使用全连接注意力
⚠️ 警告: 稀疏注意力未配置，将使用全连接注意力
⚠️ 警告: 稀疏注意力未配置，将使用全连接注意力
⚠️ 警告: 稀疏注意力未配置，将使用全连接注意力
⚠️ 警告: 稀疏注意力未配置，将使用全连接注意力
⚠️ 警告: 稀疏注意力未配置，将使用全连接注意力
⚠️ 警告: 稀疏注意力未配置，将使用全连接注意力
⚠️ 警告: 稀疏注意力未配置，将使用全连接注意力
⚠️ 警告: 稀疏注意力未配置，将使用全连接注意力
⚠️ 警告: 稀疏注意力未配置，将使用全连接注意力
⚠️ 警告: 稀疏注意力未配置，将使用全连接注意力
⚠️ 警告: 稀疏注意力未配置，将使用全连接注意力
⚠️ 警告: 稀疏注意力未配置，将使用全连接注意力
⚠️ 警告: 稀疏注意力未配置，将使用全连接注意力
⚠️ 警告: 稀疏注意力未配置，将使用全连接注意力
⚠️ 警告: 稀疏注意力未配置，将使用全连接注意力
⚠️ 警告: 稀疏注意力未配置，将使用全连接注意力
⚠️ 警告: 稀疏注意力未配置，将使用全连接注意力
⚠️ 警告: 稀疏注意力未配置，将使用全连接注意力
⚠️ 警告: 稀疏注意力未配置，将使用全连接注意力
⚠️ 警告: 稀疏注意力未配置，将使用全连接注意力
⚠️ 警告: 稀疏注意力未配置，将使用全连接注意力
⚠️ 警告: 稀疏注意力未配置，将使用全连接注意力
⚠️ 警告: 稀疏注意力未配置，将使用全连接注意力
⚠️ 警告: 稀疏注意力未配置，将使用全连接注意力
⚠️ 警告: 稀疏注意力未配置，将使用全连接注意力
⚠️ 警告: 稀疏注意力未配置，将使用全连接注意力
⚠️ 警告: 稀疏注意力未配置，将使用全连接注意力
⚠️ 警告: 稀疏注意力未配置，将使用全连接注意力
⚠️ 警告: 稀疏注意力未配置，将使用全连接注意力
⚠️ 警告: 稀疏注意力未配置，将使用全连接注意力
Valid : loss:1.73e-02  =  1.61e-02 + alpha*1.60e-03
⚠️ 警告: 稀疏注意力未配置，将使用全连接注意力
⚠️ 警告: 稀疏注意力未配置，将使用全连接注意力
⚠️ 警告: 稀疏注意力未配置，将使用全连接注意力
⚠️ 警告: 稀疏注意力未配置，将使用全连接注意力
⚠️ 警告: 稀疏注意力未配置，将使用全连接注意力
⚠️ 警告: 稀疏注意力未配置，将使用全连接注意力
⚠️ 警告: 稀疏注意力未配置，将使用全连接注意力
⚠️ 警告: 稀疏注意力未配置，将使用全连接注意力
⚠️ 警告: 稀疏注意力未配置，将使用全连接注意力
⚠️ 警告: 稀疏注意力未配置，将使用全连接注意力
⚠️ 警告: 稀疏注意力未配置，将使用全连接注意力
⚠️ 警告: 稀疏注意力未配置，将使用全连接注意力
⚠️ 警告: 稀疏注意力未配置，将使用全连接注意力
⚠️ 警告: 稀疏注意力未配置，将使用全连接注意力
⚠️ 警告: 稀疏注意力未配置，将使用全连接注意力
⚠️ 警告: 稀疏注意力未配置，将使用全连接注意力
⚠️ 警告: 稀疏注意力未配置，将使用全连接注意力
⚠️ 警告: 稀疏注意力未配置，将使用全连接注意力
⚠️ 警告: 稀疏注意力未配置，将使用全连接注意力
⚠️ 警告: 稀疏注意力未配置，将使用全连接注意力
⚠️ 警告: 稀疏注意力未配置，将使用全连接注意力
⚠️ 警告: 稀疏注意力未配置，将使用全连接注意力
⚠️ 警告: 稀疏注意力未配置，将使用全连接注意力
⚠️ 警告: 稀疏注意力未配置，将使用全连接注意力
⚠️ 警告: 稀疏注意力未配置，将使用全连接注意力
⚠️ 警告: 稀疏注意力未配置，将使用全连接注意力
⚠️ 警告: 稀疏注意力未配置，将使用全连接注意力
⚠️ 警告: 稀疏注意力未配置，将使用全连接注意力
⚠️ 警告: 稀疏注意力未配置，将使用全连接注意力
⚠️ 警告: 稀疏注意力未配置，将使用全连接注意力
⚠️ 警告: 稀疏注意力未配置，将使用全连接注意力
⚠️ 警告: 稀疏注意力未配置，将使用全连接注意力
⚠️ 警告: 稀疏注意力未配置，将使用全连接注意力
⚠️ 警告: 稀疏注意力未配置，将使用全连接注意力
⚠️ 警告: 稀疏注意力未配置，将使用全连接注意力
⚠️ 警告: 稀疏注意力未配置，将使用全连接注意力
⚠️ 警告: 稀疏注意力未配置，将使用全连接注意力
⚠️ 警告: 稀疏注意力未配置，将使用全连接注意力
⚠️ 警告: 稀疏注意力未配置，将使用全连接注意力
⚠️ 警告: 稀疏注意力未配置，将使用全连接注意力
⚠️ 警告: 稀疏注意力未配置，将使用全连接注意力
⚠️ 警告: 稀疏注意力未配置，将使用全连接注意力
⚠️ 警告: 稀疏注意力未配置，将使用全连接注意力
⚠️ 警告: 稀疏注意力未配置，将使用全连接注意力
⚠️ 警告: 稀疏注意力未配置，将使用全连接注意力
⚠️ 警告: 稀疏注意力未配置，将使用全连接注意力
⚠️ 警告: 稀疏注意力未配置，将使用全连接注意力
⚠️ 警告: 稀疏注意力未配置，将使用全连接注意力
⚠️ 警告: 稀疏注意力未配置，将使用全连接注意力
⚠️ 警告: 稀疏注意力未配置，将使用全连接注意力
⚠️ 警告: 稀疏注意力未配置，将使用全连接注意力
Test: loss:2.02e-02  =  1.89e-02 + alpha*1.66e-03
Valid performance:
 mse:1.61e-02, IC:-2.57e-04, RIC:-1.37e-03, prec@10:5.18e-01, SR:1.22e+00
Test performance:
 mse:1.89e-02, IC:1.80e-04, RIC:1.51e-03, prec@10:5.12e-01, SR:1.94e+00 


epoch19##########################################################
⚠️ 警告: 稀疏注意力未配置，将使用全连接注意力
⚠️ 警告: 稀疏注意力未配置，将使用全连接注意力
⚠️ 警告: 稀疏注意力未配置，将使用全连接注意力
⚠️ 警告: 稀疏注意力未配置，将使用全连接注意力
⚠️ 警告: 稀疏注意力未配置，将使用全连接注意力
⚠️ 警告: 稀疏注意力未配置，将使用全连接注意力
⚠️ 警告: 稀疏注意力未配置，将使用全连接注意力
⚠️ 警告: 稀疏注意力未配置，将使用全连接注意力
⚠️ 警告: 稀疏注意力未配置，将使用全连接注意力
⚠️ 警告: 稀疏注意力未配置，将使用全连接注意力
⚠️ 警告: 稀疏注意力未配置，将使用全连接注意力
⚠️ 警告: 稀疏注意力未配置，将使用全连接注意力
⚠️ 警告: 稀疏注意力未配置，将使用全连接注意力
⚠️ 警告: 稀疏注意力未配置，将使用全连接注意力
⚠️ 警告: 稀疏注意力未配置，将使用全连接注意力
⚠️ 警告: 稀疏注意力未配置，将使用全连接注意力
⚠️ 警告: 稀疏注意力未配置，将使用全连接注意力
⚠️ 警告: 稀疏注意力未配置，将使用全连接注意力
⚠️ 警告: 稀疏注意力未配置，将使用全连接注意力
⚠️ 警告: 稀疏注意力未配置，将使用全连接注意力
⚠️ 警告: 稀疏注意力未配置，将使用全连接注意力
⚠️ 警告: 稀疏注意力未配置，将使用全连接注意力
⚠️ 警告: 稀疏注意力未配置，将使用全连接注意力
⚠️ 警告: 稀疏注意力未配置，将使用全连接注意力
⚠️ 警告: 稀疏注意力未配置，将使用全连接注意力
⚠️ 警告: 稀疏注意力未配置，将使用全连接注意力
⚠️ 警告: 稀疏注意力未配置，将使用全连接注意力
⚠️ 警告: 稀疏注意力未配置，将使用全连接注意力
⚠️ 警告: 稀疏注意力未配置，将使用全连接注意力
⚠️ 警告: 稀疏注意力未配置，将使用全连接注意力
⚠️ 警告: 稀疏注意力未配置，将使用全连接注意力
⚠️ 警告: 稀疏注意力未配置，将使用全连接注意力
⚠️ 警告: 稀疏注意力未配置，将使用全连接注意力
⚠️ 警告: 稀疏注意力未配置，将使用全连接注意力
⚠️ 警告: 稀疏注意力未配置，将使用全连接注意力
⚠️ 警告: 稀疏注意力未配置，将使用全连接注意力
⚠️ 警告: 稀疏注意力未配置，将使用全连接注意力
⚠️ 警告: 稀疏注意力未配置，将使用全连接注意力
⚠️ 警告: 稀疏注意力未配置，将使用全连接注意力
⚠️ 警告: 稀疏注意力未配置，将使用全连接注意力
⚠️ 警告: 稀疏注意力未配置，将使用全连接注意力
⚠️ 警告: 稀疏注意力未配置，将使用全连接注意力
⚠️ 警告: 稀疏注意力未配置，将使用全连接注意力
⚠️ 警告: 稀疏注意力未配置，将使用全连接注意力
⚠️ 警告: 稀疏注意力未配置，将使用全连接注意力
⚠️ 警告: 稀疏注意力未配置，将使用全连接注意力
⚠️ 警告: 稀疏注意力未配置，将使用全连接注意力
⚠️ 警告: 稀疏注意力未配置，将使用全连接注意力
⚠️ 警告: 稀疏注意力未配置，将使用全连接注意力
⚠️ 警告: 稀疏注意力未配置，将使用全连接注意力
⚠️ 警告: 稀疏注意力未配置，将使用全连接注意力
⚠️ 警告: 稀疏注意力未配置，将使用全连接注意力
⚠️ 警告: 稀疏注意力未配置，将使用全连接注意力
⚠️ 警告: 稀疏注意力未配置，将使用全连接注意力
⚠️ 警告: 稀疏注意力未配置，将使用全连接注意力
⚠️ 警告: 稀疏注意力未配置，将使用全连接注意力
⚠️ 警告: 稀疏注意力未配置，将使用全连接注意力
⚠️ 警告: 稀疏注意力未配置，将使用全连接注意力
⚠️ 警告: 稀疏注意力未配置，将使用全连接注意力
⚠️ 警告: 稀疏注意力未配置，将使用全连接注意力
⚠️ 警告: 稀疏注意力未配置，将使用全连接注意力
⚠️ 警告: 稀疏注意力未配置，将使用全连接注意力
⚠️ 警告: 稀疏注意力未配置，将使用全连接注意力
⚠️ 警告: 稀疏注意力未配置，将使用全连接注意力
⚠️ 警告: 稀疏注意力未配置，将使用全连接注意力
⚠️ 警告: 稀疏注意力未配置，将使用全连接注意力
⚠️ 警告: 稀疏注意力未配置，将使用全连接注意力
⚠️ 警告: 稀疏注意力未配置，将使用全连接注意力
⚠️ 警告: 稀疏注意力未配置，将使用全连接注意力
⚠️ 警告: 稀疏注意力未配置，将使用全连接注意力
⚠️ 警告: 稀疏注意力未配置，将使用全连接注意力
⚠️ 警告: 稀疏注意力未配置，将使用全连接注意力
⚠️ 警告: 稀疏注意力未配置，将使用全连接注意力
⚠️ 警告: 稀疏注意力未配置，将使用全连接注意力
⚠️ 警告: 稀疏注意力未配置，将使用全连接注意力
⚠️ 警告: 稀疏注意力未配置，将使用全连接注意力
⚠️ 警告: 稀疏注意力未配置，将使用全连接注意力
⚠️ 警告: 稀疏注意力未配置，将使用全连接注意力
⚠️ 警告: 稀疏注意力未配置，将使用全连接注意力
⚠️ 警告: 稀疏注意力未配置，将使用全连接注意力
⚠️ 警告: 稀疏注意力未配置，将使用全连接注意力
⚠️ 警告: 稀疏注意力未配置，将使用全连接注意力
⚠️ 警告: 稀疏注意力未配置，将使用全连接注意力
⚠️ 警告: 稀疏注意力未配置，将使用全连接注意力
⚠️ 警告: 稀疏注意力未配置，将使用全连接注意力
⚠️ 警告: 稀疏注意力未配置，将使用全连接注意力
⚠️ 警告: 稀疏注意力未配置，将使用全连接注意力
⚠️ 警告: 稀疏注意力未配置，将使用全连接注意力
⚠️ 警告: 稀疏注意力未配置，将使用全连接注意力
⚠️ 警告: 稀疏注意力未配置，将使用全连接注意力
⚠️ 警告: 稀疏注意力未配置，将使用全连接注意力
⚠️ 警告: 稀疏注意力未配置，将使用全连接注意力
⚠️ 警告: 稀疏注意力未配置，将使用全连接注意力
⚠️ 警告: 稀疏注意力未配置，将使用全连接注意力
⚠️ 警告: 稀疏注意力未配置，将使用全连接注意力
⚠️ 警告: 稀疏注意力未配置，将使用全连接注意力
⚠️ 警告: 稀疏注意力未配置，将使用全连接注意力
⚠️ 警告: 稀疏注意力未配置，将使用全连接注意力
⚠️ 警告: 稀疏注意力未配置，将使用全连接注意力
⚠️ 警告: 稀疏注意力未配置，将使用全连接注意力
⚠️ 警告: 稀疏注意力未配置，将使用全连接注意力
⚠️ 警告: 稀疏注意力未配置，将使用全连接注意力
⚠️ 警告: 稀疏注意力未配置，将使用全连接注意力
⚠️ 警告: 稀疏注意力未配置，将使用全连接注意力
⚠️ 警告: 稀疏注意力未配置，将使用全连接注意力
⚠️ 警告: 稀疏注意力未配置，将使用全连接注意力
⚠️ 警告: 稀疏注意力未配置，将使用全连接注意力
⚠️ 警告: 稀疏注意力未配置，将使用全连接注意力
⚠️ 警告: 稀疏注意力未配置，将使用全连接注意力
⚠️ 警告: 稀疏注意力未配置，将使用全连接注意力
⚠️ 警告: 稀疏注意力未配置，将使用全连接注意力
⚠️ 警告: 稀疏注意力未配置，将使用全连接注意力
⚠️ 警告: 稀疏注意力未配置，将使用全连接注意力
⚠️ 警告: 稀疏注意力未配置，将使用全连接注意力
⚠️ 警告: 稀疏注意力未配置，将使用全连接注意力
⚠️ 警告: 稀疏注意力未配置，将使用全连接注意力
⚠️ 警告: 稀疏注意力未配置，将使用全连接注意力
⚠️ 警告: 稀疏注意力未配置，将使用全连接注意力
⚠️ 警告: 稀疏注意力未配置，将使用全连接注意力
Train : loss:7.33e-03  =  6.63e-03 + alpha*9.38e-04
⚠️ 警告: 稀疏注意力未配置，将使用全连接注意力
⚠️ 警告: 稀疏注意力未配置，将使用全连接注意力
⚠️ 警告: 稀疏注意力未配置，将使用全连接注意力
⚠️ 警告: 稀疏注意力未配置，将使用全连接注意力
⚠️ 警告: 稀疏注意力未配置，将使用全连接注意力
⚠️ 警告: 稀疏注意力未配置，将使用全连接注意力
⚠️ 警告: 稀疏注意力未配置，将使用全连接注意力
⚠️ 警告: 稀疏注意力未配置，将使用全连接注意力
⚠️ 警告: 稀疏注意力未配置，将使用全连接注意力
⚠️ 警告: 稀疏注意力未配置，将使用全连接注意力
⚠️ 警告: 稀疏注意力未配置，将使用全连接注意力
⚠️ 警告: 稀疏注意力未配置，将使用全连接注意力
⚠️ 警告: 稀疏注意力未配置，将使用全连接注意力
⚠️ 警告: 稀疏注意力未配置，将使用全连接注意力
⚠️ 警告: 稀疏注意力未配置，将使用全连接注意力
⚠️ 警告: 稀疏注意力未配置，将使用全连接注意力
⚠️ 警告: 稀疏注意力未配置，将使用全连接注意力
⚠️ 警告: 稀疏注意力未配置，将使用全连接注意力
⚠️ 警告: 稀疏注意力未配置，将使用全连接注意力
⚠️ 警告: 稀疏注意力未配置，将使用全连接注意力
⚠️ 警告: 稀疏注意力未配置，将使用全连接注意力
⚠️ 警告: 稀疏注意力未配置，将使用全连接注意力
⚠️ 警告: 稀疏注意力未配置，将使用全连接注意力
⚠️ 警告: 稀疏注意力未配置，将使用全连接注意力
⚠️ 警告: 稀疏注意力未配置，将使用全连接注意力
⚠️ 警告: 稀疏注意力未配置，将使用全连接注意力
⚠️ 警告: 稀疏注意力未配置，将使用全连接注意力
⚠️ 警告: 稀疏注意力未配置，将使用全连接注意力
⚠️ 警告: 稀疏注意力未配置，将使用全连接注意力
⚠️ 警告: 稀疏注意力未配置，将使用全连接注意力
⚠️ 警告: 稀疏注意力未配置，将使用全连接注意力
⚠️ 警告: 稀疏注意力未配置，将使用全连接注意力
⚠️ 警告: 稀疏注意力未配置，将使用全连接注意力
⚠️ 警告: 稀疏注意力未配置，将使用全连接注意力
⚠️ 警告: 稀疏注意力未配置，将使用全连接注意力
⚠️ 警告: 稀疏注意力未配置，将使用全连接注意力
⚠️ 警告: 稀疏注意力未配置，将使用全连接注意力
⚠️ 警告: 稀疏注意力未配置，将使用全连接注意力
⚠️ 警告: 稀疏注意力未配置，将使用全连接注意力
⚠️ 警告: 稀疏注意力未配置，将使用全连接注意力
⚠️ 警告: 稀疏注意力未配置，将使用全连接注意力
⚠️ 警告: 稀疏注意力未配置，将使用全连接注意力
⚠️ 警告: 稀疏注意力未配置，将使用全连接注意力
⚠️ 警告: 稀疏注意力未配置，将使用全连接注意力
⚠️ 警告: 稀疏注意力未配置，将使用全连接注意力
⚠️ 警告: 稀疏注意力未配置，将使用全连接注意力
⚠️ 警告: 稀疏注意力未配置，将使用全连接注意力
⚠️ 警告: 稀疏注意力未配置，将使用全连接注意力
⚠️ 警告: 稀疏注意力未配置，将使用全连接注意力
⚠️ 警告: 稀疏注意力未配置，将使用全连接注意力
Valid : loss:1.74e-02  =  1.62e-02 + alpha*1.61e-03
⚠️ 警告: 稀疏注意力未配置，将使用全连接注意力
⚠️ 警告: 稀疏注意力未配置，将使用全连接注意力
⚠️ 警告: 稀疏注意力未配置，将使用全连接注意力
⚠️ 警告: 稀疏注意力未配置，将使用全连接注意力
⚠️ 警告: 稀疏注意力未配置，将使用全连接注意力
⚠️ 警告: 稀疏注意力未配置，将使用全连接注意力
⚠️ 警告: 稀疏注意力未配置，将使用全连接注意力
⚠️ 警告: 稀疏注意力未配置，将使用全连接注意力
⚠️ 警告: 稀疏注意力未配置，将使用全连接注意力
⚠️ 警告: 稀疏注意力未配置，将使用全连接注意力
⚠️ 警告: 稀疏注意力未配置，将使用全连接注意力
⚠️ 警告: 稀疏注意力未配置，将使用全连接注意力
⚠️ 警告: 稀疏注意力未配置，将使用全连接注意力
⚠️ 警告: 稀疏注意力未配置，将使用全连接注意力
⚠️ 警告: 稀疏注意力未配置，将使用全连接注意力
⚠️ 警告: 稀疏注意力未配置，将使用全连接注意力
⚠️ 警告: 稀疏注意力未配置，将使用全连接注意力
⚠️ 警告: 稀疏注意力未配置，将使用全连接注意力
⚠️ 警告: 稀疏注意力未配置，将使用全连接注意力
⚠️ 警告: 稀疏注意力未配置，将使用全连接注意力
⚠️ 警告: 稀疏注意力未配置，将使用全连接注意力
⚠️ 警告: 稀疏注意力未配置，将使用全连接注意力
⚠️ 警告: 稀疏注意力未配置，将使用全连接注意力
⚠️ 警告: 稀疏注意力未配置，将使用全连接注意力
⚠️ 警告: 稀疏注意力未配置，将使用全连接注意力
⚠️ 警告: 稀疏注意力未配置，将使用全连接注意力
⚠️ 警告: 稀疏注意力未配置，将使用全连接注意力
⚠️ 警告: 稀疏注意力未配置，将使用全连接注意力
⚠️ 警告: 稀疏注意力未配置，将使用全连接注意力
⚠️ 警告: 稀疏注意力未配置，将使用全连接注意力
⚠️ 警告: 稀疏注意力未配置，将使用全连接注意力
⚠️ 警告: 稀疏注意力未配置，将使用全连接注意力
⚠️ 警告: 稀疏注意力未配置，将使用全连接注意力
⚠️ 警告: 稀疏注意力未配置，将使用全连接注意力
⚠️ 警告: 稀疏注意力未配置，将使用全连接注意力
⚠️ 警告: 稀疏注意力未配置，将使用全连接注意力
⚠️ 警告: 稀疏注意力未配置，将使用全连接注意力
⚠️ 警告: 稀疏注意力未配置，将使用全连接注意力
⚠️ 警告: 稀疏注意力未配置，将使用全连接注意力
⚠️ 警告: 稀疏注意力未配置，将使用全连接注意力
⚠️ 警告: 稀疏注意力未配置，将使用全连接注意力
⚠️ 警告: 稀疏注意力未配置，将使用全连接注意力
⚠️ 警告: 稀疏注意力未配置，将使用全连接注意力
⚠️ 警告: 稀疏注意力未配置，将使用全连接注意力
⚠️ 警告: 稀疏注意力未配置，将使用全连接注意力
⚠️ 警告: 稀疏注意力未配置，将使用全连接注意力
⚠️ 警告: 稀疏注意力未配置，将使用全连接注意力
⚠️ 警告: 稀疏注意力未配置，将使用全连接注意力
⚠️ 警告: 稀疏注意力未配置，将使用全连接注意力
⚠️ 警告: 稀疏注意力未配置，将使用全连接注意力
⚠️ 警告: 稀疏注意力未配置，将使用全连接注意力
Test: loss:2.05e-02  =  1.93e-02 + alpha*1.66e-03
Valid performance:
 mse:1.62e-02, IC:-6.90e-04, RIC:-3.64e-03, prec@10:5.38e-01, SR:3.05e+00
Test performance:
 mse:1.93e-02, IC:1.72e-03, RIC:1.44e-02, prec@10:5.08e-01, SR:1.83e-01 


epoch20##########################################################
⚠️ 警告: 稀疏注意力未配置，将使用全连接注意力
⚠️ 警告: 稀疏注意力未配置，将使用全连接注意力
⚠️ 警告: 稀疏注意力未配置，将使用全连接注意力
⚠️ 警告: 稀疏注意力未配置，将使用全连接注意力
⚠️ 警告: 稀疏注意力未配置，将使用全连接注意力
⚠️ 警告: 稀疏注意力未配置，将使用全连接注意力
⚠️ 警告: 稀疏注意力未配置，将使用全连接注意力
⚠️ 警告: 稀疏注意力未配置，将使用全连接注意力
⚠️ 警告: 稀疏注意力未配置，将使用全连接注意力
⚠️ 警告: 稀疏注意力未配置，将使用全连接注意力
⚠️ 警告: 稀疏注意力未配置，将使用全连接注意力
⚠️ 警告: 稀疏注意力未配置，将使用全连接注意力
⚠️ 警告: 稀疏注意力未配置，将使用全连接注意力
⚠️ 警告: 稀疏注意力未配置，将使用全连接注意力
⚠️ 警告: 稀疏注意力未配置，将使用全连接注意力
⚠️ 警告: 稀疏注意力未配置，将使用全连接注意力
⚠️ 警告: 稀疏注意力未配置，将使用全连接注意力
⚠️ 警告: 稀疏注意力未配置，将使用全连接注意力
⚠️ 警告: 稀疏注意力未配置，将使用全连接注意力
⚠️ 警告: 稀疏注意力未配置，将使用全连接注意力
⚠️ 警告: 稀疏注意力未配置，将使用全连接注意力
⚠️ 警告: 稀疏注意力未配置，将使用全连接注意力
⚠️ 警告: 稀疏注意力未配置，将使用全连接注意力
⚠️ 警告: 稀疏注意力未配置，将使用全连接注意力
⚠️ 警告: 稀疏注意力未配置，将使用全连接注意力
⚠️ 警告: 稀疏注意力未配置，将使用全连接注意力
⚠️ 警告: 稀疏注意力未配置，将使用全连接注意力
⚠️ 警告: 稀疏注意力未配置，将使用全连接注意力
⚠️ 警告: 稀疏注意力未配置，将使用全连接注意力
⚠️ 警告: 稀疏注意力未配置，将使用全连接注意力
⚠️ 警告: 稀疏注意力未配置，将使用全连接注意力
⚠️ 警告: 稀疏注意力未配置，将使用全连接注意力
⚠️ 警告: 稀疏注意力未配置，将使用全连接注意力
⚠️ 警告: 稀疏注意力未配置，将使用全连接注意力
⚠️ 警告: 稀疏注意力未配置，将使用全连接注意力
⚠️ 警告: 稀疏注意力未配置，将使用全连接注意力
⚠️ 警告: 稀疏注意力未配置，将使用全连接注意力
⚠️ 警告: 稀疏注意力未配置，将使用全连接注意力
⚠️ 警告: 稀疏注意力未配置，将使用全连接注意力
⚠️ 警告: 稀疏注意力未配置，将使用全连接注意力
⚠️ 警告: 稀疏注意力未配置，将使用全连接注意力
⚠️ 警告: 稀疏注意力未配置，将使用全连接注意力
⚠️ 警告: 稀疏注意力未配置，将使用全连接注意力
⚠️ 警告: 稀疏注意力未配置，将使用全连接注意力
⚠️ 警告: 稀疏注意力未配置，将使用全连接注意力
⚠️ 警告: 稀疏注意力未配置，将使用全连接注意力
⚠️ 警告: 稀疏注意力未配置，将使用全连接注意力
⚠️ 警告: 稀疏注意力未配置，将使用全连接注意力
⚠️ 警告: 稀疏注意力未配置，将使用全连接注意力
⚠️ 警告: 稀疏注意力未配置，将使用全连接注意力
⚠️ 警告: 稀疏注意力未配置，将使用全连接注意力
⚠️ 警告: 稀疏注意力未配置，将使用全连接注意力
⚠️ 警告: 稀疏注意力未配置，将使用全连接注意力
⚠️ 警告: 稀疏注意力未配置，将使用全连接注意力
⚠️ 警告: 稀疏注意力未配置，将使用全连接注意力
⚠️ 警告: 稀疏注意力未配置，将使用全连接注意力
⚠️ 警告: 稀疏注意力未配置，将使用全连接注意力
⚠️ 警告: 稀疏注意力未配置，将使用全连接注意力
⚠️ 警告: 稀疏注意力未配置，将使用全连接注意力
⚠️ 警告: 稀疏注意力未配置，将使用全连接注意力
⚠️ 警告: 稀疏注意力未配置，将使用全连接注意力
⚠️ 警告: 稀疏注意力未配置，将使用全连接注意力
⚠️ 警告: 稀疏注意力未配置，将使用全连接注意力
⚠️ 警告: 稀疏注意力未配置，将使用全连接注意力
⚠️ 警告: 稀疏注意力未配置，将使用全连接注意力
⚠️ 警告: 稀疏注意力未配置，将使用全连接注意力
⚠️ 警告: 稀疏注意力未配置，将使用全连接注意力
⚠️ 警告: 稀疏注意力未配置，将使用全连接注意力
⚠️ 警告: 稀疏注意力未配置，将使用全连接注意力
⚠️ 警告: 稀疏注意力未配置，将使用全连接注意力
⚠️ 警告: 稀疏注意力未配置，将使用全连接注意力
⚠️ 警告: 稀疏注意力未配置，将使用全连接注意力
⚠️ 警告: 稀疏注意力未配置，将使用全连接注意力
⚠️ 警告: 稀疏注意力未配置，将使用全连接注意力
⚠️ 警告: 稀疏注意力未配置，将使用全连接注意力
⚠️ 警告: 稀疏注意力未配置，将使用全连接注意力
⚠️ 警告: 稀疏注意力未配置，将使用全连接注意力
⚠️ 警告: 稀疏注意力未配置，将使用全连接注意力
⚠️ 警告: 稀疏注意力未配置，将使用全连接注意力
⚠️ 警告: 稀疏注意力未配置，将使用全连接注意力
⚠️ 警告: 稀疏注意力未配置，将使用全连接注意力
⚠️ 警告: 稀疏注意力未配置，将使用全连接注意力
⚠️ 警告: 稀疏注意力未配置，将使用全连接注意力
⚠️ 警告: 稀疏注意力未配置，将使用全连接注意力
⚠️ 警告: 稀疏注意力未配置，将使用全连接注意力
⚠️ 警告: 稀疏注意力未配置，将使用全连接注意力
⚠️ 警告: 稀疏注意力未配置，将使用全连接注意力
⚠️ 警告: 稀疏注意力未配置，将使用全连接注意力
⚠️ 警告: 稀疏注意力未配置，将使用全连接注意力
⚠️ 警告: 稀疏注意力未配置，将使用全连接注意力
⚠️ 警告: 稀疏注意力未配置，将使用全连接注意力
⚠️ 警告: 稀疏注意力未配置，将使用全连接注意力
⚠️ 警告: 稀疏注意力未配置，将使用全连接注意力
⚠️ 警告: 稀疏注意力未配置，将使用全连接注意力
⚠️ 警告: 稀疏注意力未配置，将使用全连接注意力
⚠️ 警告: 稀疏注意力未配置，将使用全连接注意力
⚠️ 警告: 稀疏注意力未配置，将使用全连接注意力
⚠️ 警告: 稀疏注意力未配置，将使用全连接注意力
⚠️ 警告: 稀疏注意力未配置，将使用全连接注意力
⚠️ 警告: 稀疏注意力未配置，将使用全连接注意力
⚠️ 警告: 稀疏注意力未配置，将使用全连接注意力
⚠️ 警告: 稀疏注意力未配置，将使用全连接注意力
⚠️ 警告: 稀疏注意力未配置，将使用全连接注意力
⚠️ 警告: 稀疏注意力未配置，将使用全连接注意力
⚠️ 警告: 稀疏注意力未配置，将使用全连接注意力
⚠️ 警告: 稀疏注意力未配置，将使用全连接注意力
⚠️ 警告: 稀疏注意力未配置，将使用全连接注意力
⚠️ 警告: 稀疏注意力未配置，将使用全连接注意力
⚠️ 警告: 稀疏注意力未配置，将使用全连接注意力
⚠️ 警告: 稀疏注意力未配置，将使用全连接注意力
⚠️ 警告: 稀疏注意力未配置，将使用全连接注意力
⚠️ 警告: 稀疏注意力未配置，将使用全连接注意力
⚠️ 警告: 稀疏注意力未配置，将使用全连接注意力
⚠️ 警告: 稀疏注意力未配置，将使用全连接注意力
⚠️ 警告: 稀疏注意力未配置，将使用全连接注意力
⚠️ 警告: 稀疏注意力未配置，将使用全连接注意力
⚠️ 警告: 稀疏注意力未配置，将使用全连接注意力
⚠️ 警告: 稀疏注意力未配置，将使用全连接注意力
⚠️ 警告: 稀疏注意力未配置，将使用全连接注意力
Train : loss:7.28e-03  =  6.58e-03 + alpha*9.32e-04
⚠️ 警告: 稀疏注意力未配置，将使用全连接注意力
⚠️ 警告: 稀疏注意力未配置，将使用全连接注意力
⚠️ 警告: 稀疏注意力未配置，将使用全连接注意力
⚠️ 警告: 稀疏注意力未配置，将使用全连接注意力
⚠️ 警告: 稀疏注意力未配置，将使用全连接注意力
⚠️ 警告: 稀疏注意力未配置，将使用全连接注意力
⚠️ 警告: 稀疏注意力未配置，将使用全连接注意力
⚠️ 警告: 稀疏注意力未配置，将使用全连接注意力
⚠️ 警告: 稀疏注意力未配置，将使用全连接注意力
⚠️ 警告: 稀疏注意力未配置，将使用全连接注意力
⚠️ 警告: 稀疏注意力未配置，将使用全连接注意力
⚠️ 警告: 稀疏注意力未配置，将使用全连接注意力
⚠️ 警告: 稀疏注意力未配置，将使用全连接注意力
⚠️ 警告: 稀疏注意力未配置，将使用全连接注意力
⚠️ 警告: 稀疏注意力未配置，将使用全连接注意力
⚠️ 警告: 稀疏注意力未配置，将使用全连接注意力
⚠️ 警告: 稀疏注意力未配置，将使用全连接注意力
⚠️ 警告: 稀疏注意力未配置，将使用全连接注意力
⚠️ 警告: 稀疏注意力未配置，将使用全连接注意力
⚠️ 警告: 稀疏注意力未配置，将使用全连接注意力
⚠️ 警告: 稀疏注意力未配置，将使用全连接注意力
⚠️ 警告: 稀疏注意力未配置，将使用全连接注意力
⚠️ 警告: 稀疏注意力未配置，将使用全连接注意力
⚠️ 警告: 稀疏注意力未配置，将使用全连接注意力
⚠️ 警告: 稀疏注意力未配置，将使用全连接注意力
⚠️ 警告: 稀疏注意力未配置，将使用全连接注意力
⚠️ 警告: 稀疏注意力未配置，将使用全连接注意力
⚠️ 警告: 稀疏注意力未配置，将使用全连接注意力
⚠️ 警告: 稀疏注意力未配置，将使用全连接注意力
⚠️ 警告: 稀疏注意力未配置，将使用全连接注意力
⚠️ 警告: 稀疏注意力未配置，将使用全连接注意力
⚠️ 警告: 稀疏注意力未配置，将使用全连接注意力
⚠️ 警告: 稀疏注意力未配置，将使用全连接注意力
⚠️ 警告: 稀疏注意力未配置，将使用全连接注意力
⚠️ 警告: 稀疏注意力未配置，将使用全连接注意力
⚠️ 警告: 稀疏注意力未配置，将使用全连接注意力
⚠️ 警告: 稀疏注意力未配置，将使用全连接注意力
⚠️ 警告: 稀疏注意力未配置，将使用全连接注意力
⚠️ 警告: 稀疏注意力未配置，将使用全连接注意力
⚠️ 警告: 稀疏注意力未配置，将使用全连接注意力
⚠️ 警告: 稀疏注意力未配置，将使用全连接注意力
⚠️ 警告: 稀疏注意力未配置，将使用全连接注意力
⚠️ 警告: 稀疏注意力未配置，将使用全连接注意力
⚠️ 警告: 稀疏注意力未配置，将使用全连接注意力
⚠️ 警告: 稀疏注意力未配置，将使用全连接注意力
⚠️ 警告: 稀疏注意力未配置，将使用全连接注意力
⚠️ 警告: 稀疏注意力未配置，将使用全连接注意力
⚠️ 警告: 稀疏注意力未配置，将使用全连接注意力
⚠️ 警告: 稀疏注意力未配置，将使用全连接注意力
⚠️ 警告: 稀疏注意力未配置，将使用全连接注意力
Valid : loss:1.73e-02  =  1.61e-02 + alpha*1.60e-03
⚠️ 警告: 稀疏注意力未配置，将使用全连接注意力
⚠️ 警告: 稀疏注意力未配置，将使用全连接注意力
⚠️ 警告: 稀疏注意力未配置，将使用全连接注意力
⚠️ 警告: 稀疏注意力未配置，将使用全连接注意力
⚠️ 警告: 稀疏注意力未配置，将使用全连接注意力
⚠️ 警告: 稀疏注意力未配置，将使用全连接注意力
⚠️ 警告: 稀疏注意力未配置，将使用全连接注意力
⚠️ 警告: 稀疏注意力未配置，将使用全连接注意力
⚠️ 警告: 稀疏注意力未配置，将使用全连接注意力
⚠️ 警告: 稀疏注意力未配置，将使用全连接注意力
⚠️ 警告: 稀疏注意力未配置，将使用全连接注意力
⚠️ 警告: 稀疏注意力未配置，将使用全连接注意力
⚠️ 警告: 稀疏注意力未配置，将使用全连接注意力
⚠️ 警告: 稀疏注意力未配置，将使用全连接注意力
⚠️ 警告: 稀疏注意力未配置，将使用全连接注意力
⚠️ 警告: 稀疏注意力未配置，将使用全连接注意力
⚠️ 警告: 稀疏注意力未配置，将使用全连接注意力
⚠️ 警告: 稀疏注意力未配置，将使用全连接注意力
⚠️ 警告: 稀疏注意力未配置，将使用全连接注意力
⚠️ 警告: 稀疏注意力未配置，将使用全连接注意力
⚠️ 警告: 稀疏注意力未配置，将使用全连接注意力
⚠️ 警告: 稀疏注意力未配置，将使用全连接注意力
⚠️ 警告: 稀疏注意力未配置，将使用全连接注意力
⚠️ 警告: 稀疏注意力未配置，将使用全连接注意力
⚠️ 警告: 稀疏注意力未配置，将使用全连接注意力
⚠️ 警告: 稀疏注意力未配置，将使用全连接注意力
⚠️ 警告: 稀疏注意力未配置，将使用全连接注意力
⚠️ 警告: 稀疏注意力未配置，将使用全连接注意力
⚠️ 警告: 稀疏注意力未配置，将使用全连接注意力
⚠️ 警告: 稀疏注意力未配置，将使用全连接注意力
⚠️ 警告: 稀疏注意力未配置，将使用全连接注意力
⚠️ 警告: 稀疏注意力未配置，将使用全连接注意力
⚠️ 警告: 稀疏注意力未配置，将使用全连接注意力
⚠️ 警告: 稀疏注意力未配置，将使用全连接注意力
⚠️ 警告: 稀疏注意力未配置，将使用全连接注意力
⚠️ 警告: 稀疏注意力未配置，将使用全连接注意力
⚠️ 警告: 稀疏注意力未配置，将使用全连接注意力
⚠️ 警告: 稀疏注意力未配置，将使用全连接注意力
⚠️ 警告: 稀疏注意力未配置，将使用全连接注意力
⚠️ 警告: 稀疏注意力未配置，将使用全连接注意力
⚠️ 警告: 稀疏注意力未配置，将使用全连接注意力
⚠️ 警告: 稀疏注意力未配置，将使用全连接注意力
⚠️ 警告: 稀疏注意力未配置，将使用全连接注意力
⚠️ 警告: 稀疏注意力未配置，将使用全连接注意力
⚠️ 警告: 稀疏注意力未配置，将使用全连接注意力
⚠️ 警告: 稀疏注意力未配置，将使用全连接注意力
⚠️ 警告: 稀疏注意力未配置，将使用全连接注意力
⚠️ 警告: 稀疏注意力未配置，将使用全连接注意力
⚠️ 警告: 稀疏注意力未配置，将使用全连接注意力
⚠️ 警告: 稀疏注意力未配置，将使用全连接注意力
⚠️ 警告: 稀疏注意力未配置，将使用全连接注意力
Test: loss:2.03e-02  =  1.90e-02 + alpha*1.66e-03
Valid performance:
 mse:1.61e-02, IC:1.24e-05, RIC:6.57e-05, prec@10:4.94e-01, SR:1.50e+00
Test performance:
 mse:1.90e-02, IC:-5.66e-04, RIC:-4.69e-03, prec@10:5.33e-01, SR:3.47e-01 


epoch21##########################################################
⚠️ 警告: 稀疏注意力未配置，将使用全连接注意力
⚠️ 警告: 稀疏注意力未配置，将使用全连接注意力
⚠️ 警告: 稀疏注意力未配置，将使用全连接注意力
⚠️ 警告: 稀疏注意力未配置，将使用全连接注意力
⚠️ 警告: 稀疏注意力未配置，将使用全连接注意力
⚠️ 警告: 稀疏注意力未配置，将使用全连接注意力
⚠️ 警告: 稀疏注意力未配置，将使用全连接注意力
⚠️ 警告: 稀疏注意力未配置，将使用全连接注意力
⚠️ 警告: 稀疏注意力未配置，将使用全连接注意力
⚠️ 警告: 稀疏注意力未配置，将使用全连接注意力
⚠️ 警告: 稀疏注意力未配置，将使用全连接注意力
⚠️ 警告: 稀疏注意力未配置，将使用全连接注意力
⚠️ 警告: 稀疏注意力未配置，将使用全连接注意力
⚠️ 警告: 稀疏注意力未配置，将使用全连接注意力
⚠️ 警告: 稀疏注意力未配置，将使用全连接注意力
⚠️ 警告: 稀疏注意力未配置，将使用全连接注意力
⚠️ 警告: 稀疏注意力未配置，将使用全连接注意力
⚠️ 警告: 稀疏注意力未配置，将使用全连接注意力
⚠️ 警告: 稀疏注意力未配置，将使用全连接注意力
⚠️ 警告: 稀疏注意力未配置，将使用全连接注意力
⚠️ 警告: 稀疏注意力未配置，将使用全连接注意力
⚠️ 警告: 稀疏注意力未配置，将使用全连接注意力
⚠️ 警告: 稀疏注意力未配置，将使用全连接注意力
⚠️ 警告: 稀疏注意力未配置，将使用全连接注意力
⚠️ 警告: 稀疏注意力未配置，将使用全连接注意力
⚠️ 警告: 稀疏注意力未配置，将使用全连接注意力
⚠️ 警告: 稀疏注意力未配置，将使用全连接注意力
⚠️ 警告: 稀疏注意力未配置，将使用全连接注意力
⚠️ 警告: 稀疏注意力未配置，将使用全连接注意力
⚠️ 警告: 稀疏注意力未配置，将使用全连接注意力
⚠️ 警告: 稀疏注意力未配置，将使用全连接注意力
⚠️ 警告: 稀疏注意力未配置，将使用全连接注意力
⚠️ 警告: 稀疏注意力未配置，将使用全连接注意力
⚠️ 警告: 稀疏注意力未配置，将使用全连接注意力
⚠️ 警告: 稀疏注意力未配置，将使用全连接注意力
⚠️ 警告: 稀疏注意力未配置，将使用全连接注意力
⚠️ 警告: 稀疏注意力未配置，将使用全连接注意力
⚠️ 警告: 稀疏注意力未配置，将使用全连接注意力
⚠️ 警告: 稀疏注意力未配置，将使用全连接注意力
⚠️ 警告: 稀疏注意力未配置，将使用全连接注意力
⚠️ 警告: 稀疏注意力未配置，将使用全连接注意力
⚠️ 警告: 稀疏注意力未配置，将使用全连接注意力
⚠️ 警告: 稀疏注意力未配置，将使用全连接注意力
⚠️ 警告: 稀疏注意力未配置，将使用全连接注意力
⚠️ 警告: 稀疏注意力未配置，将使用全连接注意力
⚠️ 警告: 稀疏注意力未配置，将使用全连接注意力
⚠️ 警告: 稀疏注意力未配置，将使用全连接注意力
⚠️ 警告: 稀疏注意力未配置，将使用全连接注意力
⚠️ 警告: 稀疏注意力未配置，将使用全连接注意力
⚠️ 警告: 稀疏注意力未配置，将使用全连接注意力
⚠️ 警告: 稀疏注意力未配置，将使用全连接注意力
⚠️ 警告: 稀疏注意力未配置，将使用全连接注意力
⚠️ 警告: 稀疏注意力未配置，将使用全连接注意力
⚠️ 警告: 稀疏注意力未配置，将使用全连接注意力
⚠️ 警告: 稀疏注意力未配置，将使用全连接注意力
⚠️ 警告: 稀疏注意力未配置，将使用全连接注意力
⚠️ 警告: 稀疏注意力未配置，将使用全连接注意力
⚠️ 警告: 稀疏注意力未配置，将使用全连接注意力
⚠️ 警告: 稀疏注意力未配置，将使用全连接注意力
⚠️ 警告: 稀疏注意力未配置，将使用全连接注意力
⚠️ 警告: 稀疏注意力未配置，将使用全连接注意力
⚠️ 警告: 稀疏注意力未配置，将使用全连接注意力
⚠️ 警告: 稀疏注意力未配置，将使用全连接注意力
⚠️ 警告: 稀疏注意力未配置，将使用全连接注意力
⚠️ 警告: 稀疏注意力未配置，将使用全连接注意力
⚠️ 警告: 稀疏注意力未配置，将使用全连接注意力
⚠️ 警告: 稀疏注意力未配置，将使用全连接注意力
⚠️ 警告: 稀疏注意力未配置，将使用全连接注意力
⚠️ 警告: 稀疏注意力未配置，将使用全连接注意力
⚠️ 警告: 稀疏注意力未配置，将使用全连接注意力
⚠️ 警告: 稀疏注意力未配置，将使用全连接注意力
⚠️ 警告: 稀疏注意力未配置，将使用全连接注意力
⚠️ 警告: 稀疏注意力未配置，将使用全连接注意力
⚠️ 警告: 稀疏注意力未配置，将使用全连接注意力
⚠️ 警告: 稀疏注意力未配置，将使用全连接注意力
⚠️ 警告: 稀疏注意力未配置，将使用全连接注意力
⚠️ 警告: 稀疏注意力未配置，将使用全连接注意力
⚠️ 警告: 稀疏注意力未配置，将使用全连接注意力
⚠️ 警告: 稀疏注意力未配置，将使用全连接注意力
⚠️ 警告: 稀疏注意力未配置，将使用全连接注意力
⚠️ 警告: 稀疏注意力未配置，将使用全连接注意力
⚠️ 警告: 稀疏注意力未配置，将使用全连接注意力
⚠️ 警告: 稀疏注意力未配置，将使用全连接注意力
⚠️ 警告: 稀疏注意力未配置，将使用全连接注意力
⚠️ 警告: 稀疏注意力未配置，将使用全连接注意力
⚠️ 警告: 稀疏注意力未配置，将使用全连接注意力
⚠️ 警告: 稀疏注意力未配置，将使用全连接注意力
⚠️ 警告: 稀疏注意力未配置，将使用全连接注意力
⚠️ 警告: 稀疏注意力未配置，将使用全连接注意力
⚠️ 警告: 稀疏注意力未配置，将使用全连接注意力
⚠️ 警告: 稀疏注意力未配置，将使用全连接注意力
⚠️ 警告: 稀疏注意力未配置，将使用全连接注意力
⚠️ 警告: 稀疏注意力未配置，将使用全连接注意力
⚠️ 警告: 稀疏注意力未配置，将使用全连接注意力
⚠️ 警告: 稀疏注意力未配置，将使用全连接注意力
⚠️ 警告: 稀疏注意力未配置，将使用全连接注意力
⚠️ 警告: 稀疏注意力未配置，将使用全连接注意力
⚠️ 警告: 稀疏注意力未配置，将使用全连接注意力
⚠️ 警告: 稀疏注意力未配置，将使用全连接注意力
⚠️ 警告: 稀疏注意力未配置，将使用全连接注意力
⚠️ 警告: 稀疏注意力未配置，将使用全连接注意力
⚠️ 警告: 稀疏注意力未配置，将使用全连接注意力
⚠️ 警告: 稀疏注意力未配置，将使用全连接注意力
⚠️ 警告: 稀疏注意力未配置，将使用全连接注意力
⚠️ 警告: 稀疏注意力未配置，将使用全连接注意力
⚠️ 警告: 稀疏注意力未配置，将使用全连接注意力
⚠️ 警告: 稀疏注意力未配置，将使用全连接注意力
⚠️ 警告: 稀疏注意力未配置，将使用全连接注意力
⚠️ 警告: 稀疏注意力未配置，将使用全连接注意力
⚠️ 警告: 稀疏注意力未配置，将使用全连接注意力
⚠️ 警告: 稀疏注意力未配置，将使用全连接注意力
⚠️ 警告: 稀疏注意力未配置，将使用全连接注意力
⚠️ 警告: 稀疏注意力未配置，将使用全连接注意力
⚠️ 警告: 稀疏注意力未配置，将使用全连接注意力
⚠️ 警告: 稀疏注意力未配置，将使用全连接注意力
⚠️ 警告: 稀疏注意力未配置，将使用全连接注意力
⚠️ 警告: 稀疏注意力未配置，将使用全连接注意力
⚠️ 警告: 稀疏注意力未配置，将使用全连接注意力
⚠️ 警告: 稀疏注意力未配置，将使用全连接注意力
Train : loss:7.04e-03  =  6.35e-03 + alpha*9.12e-04
⚠️ 警告: 稀疏注意力未配置，将使用全连接注意力
⚠️ 警告: 稀疏注意力未配置，将使用全连接注意力
⚠️ 警告: 稀疏注意力未配置，将使用全连接注意力
⚠️ 警告: 稀疏注意力未配置，将使用全连接注意力
⚠️ 警告: 稀疏注意力未配置，将使用全连接注意力
⚠️ 警告: 稀疏注意力未配置，将使用全连接注意力
⚠️ 警告: 稀疏注意力未配置，将使用全连接注意力
⚠️ 警告: 稀疏注意力未配置，将使用全连接注意力
⚠️ 警告: 稀疏注意力未配置，将使用全连接注意力
⚠️ 警告: 稀疏注意力未配置，将使用全连接注意力
⚠️ 警告: 稀疏注意力未配置，将使用全连接注意力
⚠️ 警告: 稀疏注意力未配置，将使用全连接注意力
⚠️ 警告: 稀疏注意力未配置，将使用全连接注意力
⚠️ 警告: 稀疏注意力未配置，将使用全连接注意力
⚠️ 警告: 稀疏注意力未配置，将使用全连接注意力
⚠️ 警告: 稀疏注意力未配置，将使用全连接注意力
⚠️ 警告: 稀疏注意力未配置，将使用全连接注意力
⚠️ 警告: 稀疏注意力未配置，将使用全连接注意力
⚠️ 警告: 稀疏注意力未配置，将使用全连接注意力
⚠️ 警告: 稀疏注意力未配置，将使用全连接注意力
⚠️ 警告: 稀疏注意力未配置，将使用全连接注意力
⚠️ 警告: 稀疏注意力未配置，将使用全连接注意力
⚠️ 警告: 稀疏注意力未配置，将使用全连接注意力
⚠️ 警告: 稀疏注意力未配置，将使用全连接注意力
⚠️ 警告: 稀疏注意力未配置，将使用全连接注意力
⚠️ 警告: 稀疏注意力未配置，将使用全连接注意力
⚠️ 警告: 稀疏注意力未配置，将使用全连接注意力
⚠️ 警告: 稀疏注意力未配置，将使用全连接注意力
⚠️ 警告: 稀疏注意力未配置，将使用全连接注意力
⚠️ 警告: 稀疏注意力未配置，将使用全连接注意力
⚠️ 警告: 稀疏注意力未配置，将使用全连接注意力
⚠️ 警告: 稀疏注意力未配置，将使用全连接注意力
⚠️ 警告: 稀疏注意力未配置，将使用全连接注意力
⚠️ 警告: 稀疏注意力未配置，将使用全连接注意力
⚠️ 警告: 稀疏注意力未配置，将使用全连接注意力
⚠️ 警告: 稀疏注意力未配置，将使用全连接注意力
⚠️ 警告: 稀疏注意力未配置，将使用全连接注意力
⚠️ 警告: 稀疏注意力未配置，将使用全连接注意力
⚠️ 警告: 稀疏注意力未配置，将使用全连接注意力
⚠️ 警告: 稀疏注意力未配置，将使用全连接注意力
⚠️ 警告: 稀疏注意力未配置，将使用全连接注意力
⚠️ 警告: 稀疏注意力未配置，将使用全连接注意力
⚠️ 警告: 稀疏注意力未配置，将使用全连接注意力
⚠️ 警告: 稀疏注意力未配置，将使用全连接注意力
⚠️ 警告: 稀疏注意力未配置，将使用全连接注意力
⚠️ 警告: 稀疏注意力未配置，将使用全连接注意力
⚠️ 警告: 稀疏注意力未配置，将使用全连接注意力
⚠️ 警告: 稀疏注意力未配置，将使用全连接注意力
⚠️ 警告: 稀疏注意力未配置，将使用全连接注意力
⚠️ 警告: 稀疏注意力未配置，将使用全连接注意力
Valid : loss:1.58e-02  =  1.46e-02 + alpha*1.54e-03
⚠️ 警告: 稀疏注意力未配置，将使用全连接注意力
⚠️ 警告: 稀疏注意力未配置，将使用全连接注意力
⚠️ 警告: 稀疏注意力未配置，将使用全连接注意力
⚠️ 警告: 稀疏注意力未配置，将使用全连接注意力
⚠️ 警告: 稀疏注意力未配置，将使用全连接注意力
⚠️ 警告: 稀疏注意力未配置，将使用全连接注意力
⚠️ 警告: 稀疏注意力未配置，将使用全连接注意力
⚠️ 警告: 稀疏注意力未配置，将使用全连接注意力
⚠️ 警告: 稀疏注意力未配置，将使用全连接注意力
⚠️ 警告: 稀疏注意力未配置，将使用全连接注意力
⚠️ 警告: 稀疏注意力未配置，将使用全连接注意力
⚠️ 警告: 稀疏注意力未配置，将使用全连接注意力
⚠️ 警告: 稀疏注意力未配置，将使用全连接注意力
⚠️ 警告: 稀疏注意力未配置，将使用全连接注意力
⚠️ 警告: 稀疏注意力未配置，将使用全连接注意力
⚠️ 警告: 稀疏注意力未配置，将使用全连接注意力
⚠️ 警告: 稀疏注意力未配置，将使用全连接注意力
⚠️ 警告: 稀疏注意力未配置，将使用全连接注意力
⚠️ 警告: 稀疏注意力未配置，将使用全连接注意力
⚠️ 警告: 稀疏注意力未配置，将使用全连接注意力
⚠️ 警告: 稀疏注意力未配置，将使用全连接注意力
⚠️ 警告: 稀疏注意力未配置，将使用全连接注意力
⚠️ 警告: 稀疏注意力未配置，将使用全连接注意力
⚠️ 警告: 稀疏注意力未配置，将使用全连接注意力
⚠️ 警告: 稀疏注意力未配置，将使用全连接注意力
⚠️ 警告: 稀疏注意力未配置，将使用全连接注意力
⚠️ 警告: 稀疏注意力未配置，将使用全连接注意力
⚠️ 警告: 稀疏注意力未配置，将使用全连接注意力
⚠️ 警告: 稀疏注意力未配置，将使用全连接注意力
⚠️ 警告: 稀疏注意力未配置，将使用全连接注意力
⚠️ 警告: 稀疏注意力未配置，将使用全连接注意力
⚠️ 警告: 稀疏注意力未配置，将使用全连接注意力
⚠️ 警告: 稀疏注意力未配置，将使用全连接注意力
⚠️ 警告: 稀疏注意力未配置，将使用全连接注意力
⚠️ 警告: 稀疏注意力未配置，将使用全连接注意力
⚠️ 警告: 稀疏注意力未配置，将使用全连接注意力
⚠️ 警告: 稀疏注意力未配置，将使用全连接注意力
⚠️ 警告: 稀疏注意力未配置，将使用全连接注意力
⚠️ 警告: 稀疏注意力未配置，将使用全连接注意力
⚠️ 警告: 稀疏注意力未配置，将使用全连接注意力
⚠️ 警告: 稀疏注意力未配置，将使用全连接注意力
⚠️ 警告: 稀疏注意力未配置，将使用全连接注意力
⚠️ 警告: 稀疏注意力未配置，将使用全连接注意力
⚠️ 警告: 稀疏注意力未配置，将使用全连接注意力
⚠️ 警告: 稀疏注意力未配置，将使用全连接注意力
⚠️ 警告: 稀疏注意力未配置，将使用全连接注意力
⚠️ 警告: 稀疏注意力未配置，将使用全连接注意力
⚠️ 警告: 稀疏注意力未配置，将使用全连接注意力
⚠️ 警告: 稀疏注意力未配置，将使用全连接注意力
⚠️ 警告: 稀疏注意力未配置，将使用全连接注意力
⚠️ 警告: 稀疏注意力未配置，将使用全连接注意力
Test: loss:1.68e-02  =  1.56e-02 + alpha*1.56e-03
Valid performance:
 mse:1.46e-02, IC:-3.34e-03, RIC:-1.76e-02, prec@10:5.22e-01, SR:1.56e+00
Test performance:
 mse:1.56e-02, IC:-3.70e-03, RIC:-3.16e-02, prec@10:5.12e-01, SR:-7.23e-01 


epoch22##########################################################
⚠️ 警告: 稀疏注意力未配置，将使用全连接注意力
⚠️ 警告: 稀疏注意力未配置，将使用全连接注意力
⚠️ 警告: 稀疏注意力未配置，将使用全连接注意力
⚠️ 警告: 稀疏注意力未配置，将使用全连接注意力
⚠️ 警告: 稀疏注意力未配置，将使用全连接注意力
⚠️ 警告: 稀疏注意力未配置，将使用全连接注意力
⚠️ 警告: 稀疏注意力未配置，将使用全连接注意力
⚠️ 警告: 稀疏注意力未配置，将使用全连接注意力
⚠️ 警告: 稀疏注意力未配置，将使用全连接注意力
⚠️ 警告: 稀疏注意力未配置，将使用全连接注意力
⚠️ 警告: 稀疏注意力未配置，将使用全连接注意力
⚠️ 警告: 稀疏注意力未配置，将使用全连接注意力
⚠️ 警告: 稀疏注意力未配置，将使用全连接注意力
⚠️ 警告: 稀疏注意力未配置，将使用全连接注意力
⚠️ 警告: 稀疏注意力未配置，将使用全连接注意力
⚠️ 警告: 稀疏注意力未配置，将使用全连接注意力
⚠️ 警告: 稀疏注意力未配置，将使用全连接注意力
⚠️ 警告: 稀疏注意力未配置，将使用全连接注意力
⚠️ 警告: 稀疏注意力未配置，将使用全连接注意力
⚠️ 警告: 稀疏注意力未配置，将使用全连接注意力
⚠️ 警告: 稀疏注意力未配置，将使用全连接注意力
⚠️ 警告: 稀疏注意力未配置，将使用全连接注意力
⚠️ 警告: 稀疏注意力未配置，将使用全连接注意力
⚠️ 警告: 稀疏注意力未配置，将使用全连接注意力
⚠️ 警告: 稀疏注意力未配置，将使用全连接注意力
⚠️ 警告: 稀疏注意力未配置，将使用全连接注意力
⚠️ 警告: 稀疏注意力未配置，将使用全连接注意力
⚠️ 警告: 稀疏注意力未配置，将使用全连接注意力
⚠️ 警告: 稀疏注意力未配置，将使用全连接注意力
⚠️ 警告: 稀疏注意力未配置，将使用全连接注意力
⚠️ 警告: 稀疏注意力未配置，将使用全连接注意力
⚠️ 警告: 稀疏注意力未配置，将使用全连接注意力
⚠️ 警告: 稀疏注意力未配置，将使用全连接注意力
⚠️ 警告: 稀疏注意力未配置，将使用全连接注意力
⚠️ 警告: 稀疏注意力未配置，将使用全连接注意力
⚠️ 警告: 稀疏注意力未配置，将使用全连接注意力
⚠️ 警告: 稀疏注意力未配置，将使用全连接注意力
⚠️ 警告: 稀疏注意力未配置，将使用全连接注意力
⚠️ 警告: 稀疏注意力未配置，将使用全连接注意力
⚠️ 警告: 稀疏注意力未配置，将使用全连接注意力
⚠️ 警告: 稀疏注意力未配置，将使用全连接注意力
⚠️ 警告: 稀疏注意力未配置，将使用全连接注意力
⚠️ 警告: 稀疏注意力未配置，将使用全连接注意力
⚠️ 警告: 稀疏注意力未配置，将使用全连接注意力
⚠️ 警告: 稀疏注意力未配置，将使用全连接注意力
⚠️ 警告: 稀疏注意力未配置，将使用全连接注意力
⚠️ 警告: 稀疏注意力未配置，将使用全连接注意力
⚠️ 警告: 稀疏注意力未配置，将使用全连接注意力
⚠️ 警告: 稀疏注意力未配置，将使用全连接注意力
⚠️ 警告: 稀疏注意力未配置，将使用全连接注意力
⚠️ 警告: 稀疏注意力未配置，将使用全连接注意力
⚠️ 警告: 稀疏注意力未配置，将使用全连接注意力
⚠️ 警告: 稀疏注意力未配置，将使用全连接注意力
⚠️ 警告: 稀疏注意力未配置，将使用全连接注意力
⚠️ 警告: 稀疏注意力未配置，将使用全连接注意力
⚠️ 警告: 稀疏注意力未配置，将使用全连接注意力
⚠️ 警告: 稀疏注意力未配置，将使用全连接注意力
⚠️ 警告: 稀疏注意力未配置，将使用全连接注意力
⚠️ 警告: 稀疏注意力未配置，将使用全连接注意力
⚠️ 警告: 稀疏注意力未配置，将使用全连接注意力
⚠️ 警告: 稀疏注意力未配置，将使用全连接注意力
⚠️ 警告: 稀疏注意力未配置，将使用全连接注意力
⚠️ 警告: 稀疏注意力未配置，将使用全连接注意力
⚠️ 警告: 稀疏注意力未配置，将使用全连接注意力
⚠️ 警告: 稀疏注意力未配置，将使用全连接注意力
⚠️ 警告: 稀疏注意力未配置，将使用全连接注意力
⚠️ 警告: 稀疏注意力未配置，将使用全连接注意力
⚠️ 警告: 稀疏注意力未配置，将使用全连接注意力
⚠️ 警告: 稀疏注意力未配置，将使用全连接注意力
⚠️ 警告: 稀疏注意力未配置，将使用全连接注意力
⚠️ 警告: 稀疏注意力未配置，将使用全连接注意力
⚠️ 警告: 稀疏注意力未配置，将使用全连接注意力
⚠️ 警告: 稀疏注意力未配置，将使用全连接注意力
⚠️ 警告: 稀疏注意力未配置，将使用全连接注意力
⚠️ 警告: 稀疏注意力未配置，将使用全连接注意力
⚠️ 警告: 稀疏注意力未配置，将使用全连接注意力
⚠️ 警告: 稀疏注意力未配置，将使用全连接注意力
⚠️ 警告: 稀疏注意力未配置，将使用全连接注意力
⚠️ 警告: 稀疏注意力未配置，将使用全连接注意力
⚠️ 警告: 稀疏注意力未配置，将使用全连接注意力
⚠️ 警告: 稀疏注意力未配置，将使用全连接注意力
⚠️ 警告: 稀疏注意力未配置，将使用全连接注意力
⚠️ 警告: 稀疏注意力未配置，将使用全连接注意力
⚠️ 警告: 稀疏注意力未配置，将使用全连接注意力
⚠️ 警告: 稀疏注意力未配置，将使用全连接注意力
⚠️ 警告: 稀疏注意力未配置，将使用全连接注意力
⚠️ 警告: 稀疏注意力未配置，将使用全连接注意力
⚠️ 警告: 稀疏注意力未配置，将使用全连接注意力
⚠️ 警告: 稀疏注意力未配置，将使用全连接注意力
⚠️ 警告: 稀疏注意力未配置，将使用全连接注意力
⚠️ 警告: 稀疏注意力未配置，将使用全连接注意力
⚠️ 警告: 稀疏注意力未配置，将使用全连接注意力
⚠️ 警告: 稀疏注意力未配置，将使用全连接注意力
⚠️ 警告: 稀疏注意力未配置，将使用全连接注意力
⚠️ 警告: 稀疏注意力未配置，将使用全连接注意力
⚠️ 警告: 稀疏注意力未配置，将使用全连接注意力
⚠️ 警告: 稀疏注意力未配置，将使用全连接注意力
⚠️ 警告: 稀疏注意力未配置，将使用全连接注意力
⚠️ 警告: 稀疏注意力未配置，将使用全连接注意力
⚠️ 警告: 稀疏注意力未配置，将使用全连接注意力
⚠️ 警告: 稀疏注意力未配置，将使用全连接注意力
⚠️ 警告: 稀疏注意力未配置，将使用全连接注意力
⚠️ 警告: 稀疏注意力未配置，将使用全连接注意力
⚠️ 警告: 稀疏注意力未配置，将使用全连接注意力
⚠️ 警告: 稀疏注意力未配置，将使用全连接注意力
⚠️ 警告: 稀疏注意力未配置，将使用全连接注意力
⚠️ 警告: 稀疏注意力未配置，将使用全连接注意力
⚠️ 警告: 稀疏注意力未配置，将使用全连接注意力
⚠️ 警告: 稀疏注意力未配置，将使用全连接注意力
⚠️ 警告: 稀疏注意力未配置，将使用全连接注意力
⚠️ 警告: 稀疏注意力未配置，将使用全连接注意力
⚠️ 警告: 稀疏注意力未配置，将使用全连接注意力
⚠️ 警告: 稀疏注意力未配置，将使用全连接注意力
⚠️ 警告: 稀疏注意力未配置，将使用全连接注意力
⚠️ 警告: 稀疏注意力未配置，将使用全连接注意力
⚠️ 警告: 稀疏注意力未配置，将使用全连接注意力
⚠️ 警告: 稀疏注意力未配置，将使用全连接注意力
⚠️ 警告: 稀疏注意力未配置，将使用全连接注意力
⚠️ 警告: 稀疏注意力未配置，将使用全连接注意力
Train : loss:6.55e-03  =  5.91e-03 + alpha*8.64e-04
⚠️ 警告: 稀疏注意力未配置，将使用全连接注意力
⚠️ 警告: 稀疏注意力未配置，将使用全连接注意力
⚠️ 警告: 稀疏注意力未配置，将使用全连接注意力
⚠️ 警告: 稀疏注意力未配置，将使用全连接注意力
⚠️ 警告: 稀疏注意力未配置，将使用全连接注意力
⚠️ 警告: 稀疏注意力未配置，将使用全连接注意力
⚠️ 警告: 稀疏注意力未配置，将使用全连接注意力
⚠️ 警告: 稀疏注意力未配置，将使用全连接注意力
⚠️ 警告: 稀疏注意力未配置，将使用全连接注意力
⚠️ 警告: 稀疏注意力未配置，将使用全连接注意力
⚠️ 警告: 稀疏注意力未配置，将使用全连接注意力
⚠️ 警告: 稀疏注意力未配置，将使用全连接注意力
⚠️ 警告: 稀疏注意力未配置，将使用全连接注意力
⚠️ 警告: 稀疏注意力未配置，将使用全连接注意力
⚠️ 警告: 稀疏注意力未配置，将使用全连接注意力
⚠️ 警告: 稀疏注意力未配置，将使用全连接注意力
⚠️ 警告: 稀疏注意力未配置，将使用全连接注意力
⚠️ 警告: 稀疏注意力未配置，将使用全连接注意力
⚠️ 警告: 稀疏注意力未配置，将使用全连接注意力
⚠️ 警告: 稀疏注意力未配置，将使用全连接注意力
⚠️ 警告: 稀疏注意力未配置，将使用全连接注意力
⚠️ 警告: 稀疏注意力未配置，将使用全连接注意力
⚠️ 警告: 稀疏注意力未配置，将使用全连接注意力
⚠️ 警告: 稀疏注意力未配置，将使用全连接注意力
⚠️ 警告: 稀疏注意力未配置，将使用全连接注意力
⚠️ 警告: 稀疏注意力未配置，将使用全连接注意力
⚠️ 警告: 稀疏注意力未配置，将使用全连接注意力
⚠️ 警告: 稀疏注意力未配置，将使用全连接注意力
⚠️ 警告: 稀疏注意力未配置，将使用全连接注意力
⚠️ 警告: 稀疏注意力未配置，将使用全连接注意力
⚠️ 警告: 稀疏注意力未配置，将使用全连接注意力
⚠️ 警告: 稀疏注意力未配置，将使用全连接注意力
⚠️ 警告: 稀疏注意力未配置，将使用全连接注意力
⚠️ 警告: 稀疏注意力未配置，将使用全连接注意力
⚠️ 警告: 稀疏注意力未配置，将使用全连接注意力
⚠️ 警告: 稀疏注意力未配置，将使用全连接注意力
⚠️ 警告: 稀疏注意力未配置，将使用全连接注意力
⚠️ 警告: 稀疏注意力未配置，将使用全连接注意力
⚠️ 警告: 稀疏注意力未配置，将使用全连接注意力
⚠️ 警告: 稀疏注意力未配置，将使用全连接注意力
⚠️ 警告: 稀疏注意力未配置，将使用全连接注意力
⚠️ 警告: 稀疏注意力未配置，将使用全连接注意力
⚠️ 警告: 稀疏注意力未配置，将使用全连接注意力
⚠️ 警告: 稀疏注意力未配置，将使用全连接注意力
⚠️ 警告: 稀疏注意力未配置，将使用全连接注意力
⚠️ 警告: 稀疏注意力未配置，将使用全连接注意力
⚠️ 警告: 稀疏注意力未配置，将使用全连接注意力
⚠️ 警告: 稀疏注意力未配置，将使用全连接注意力
⚠️ 警告: 稀疏注意力未配置，将使用全连接注意力
⚠️ 警告: 稀疏注意力未配置，将使用全连接注意力
Valid : loss:1.49e-02  =  1.38e-02 + alpha*1.48e-03
⚠️ 警告: 稀疏注意力未配置，将使用全连接注意力
⚠️ 警告: 稀疏注意力未配置，将使用全连接注意力
⚠️ 警告: 稀疏注意力未配置，将使用全连接注意力
⚠️ 警告: 稀疏注意力未配置，将使用全连接注意力
⚠️ 警告: 稀疏注意力未配置，将使用全连接注意力
⚠️ 警告: 稀疏注意力未配置，将使用全连接注意力
⚠️ 警告: 稀疏注意力未配置，将使用全连接注意力
⚠️ 警告: 稀疏注意力未配置，将使用全连接注意力
⚠️ 警告: 稀疏注意力未配置，将使用全连接注意力
⚠️ 警告: 稀疏注意力未配置，将使用全连接注意力
⚠️ 警告: 稀疏注意力未配置，将使用全连接注意力
⚠️ 警告: 稀疏注意力未配置，将使用全连接注意力
⚠️ 警告: 稀疏注意力未配置，将使用全连接注意力
⚠️ 警告: 稀疏注意力未配置，将使用全连接注意力
⚠️ 警告: 稀疏注意力未配置，将使用全连接注意力
⚠️ 警告: 稀疏注意力未配置，将使用全连接注意力
⚠️ 警告: 稀疏注意力未配置，将使用全连接注意力
⚠️ 警告: 稀疏注意力未配置，将使用全连接注意力
⚠️ 警告: 稀疏注意力未配置，将使用全连接注意力
⚠️ 警告: 稀疏注意力未配置，将使用全连接注意力
⚠️ 警告: 稀疏注意力未配置，将使用全连接注意力
⚠️ 警告: 稀疏注意力未配置，将使用全连接注意力
⚠️ 警告: 稀疏注意力未配置，将使用全连接注意力
⚠️ 警告: 稀疏注意力未配置，将使用全连接注意力
⚠️ 警告: 稀疏注意力未配置，将使用全连接注意力
⚠️ 警告: 稀疏注意力未配置，将使用全连接注意力
⚠️ 警告: 稀疏注意力未配置，将使用全连接注意力
⚠️ 警告: 稀疏注意力未配置，将使用全连接注意力
⚠️ 警告: 稀疏注意力未配置，将使用全连接注意力
⚠️ 警告: 稀疏注意力未配置，将使用全连接注意力
⚠️ 警告: 稀疏注意力未配置，将使用全连接注意力
⚠️ 警告: 稀疏注意力未配置，将使用全连接注意力
⚠️ 警告: 稀疏注意力未配置，将使用全连接注意力
⚠️ 警告: 稀疏注意力未配置，将使用全连接注意力
⚠️ 警告: 稀疏注意力未配置，将使用全连接注意力
⚠️ 警告: 稀疏注意力未配置，将使用全连接注意力
⚠️ 警告: 稀疏注意力未配置，将使用全连接注意力
⚠️ 警告: 稀疏注意力未配置，将使用全连接注意力
⚠️ 警告: 稀疏注意力未配置，将使用全连接注意力
⚠️ 警告: 稀疏注意力未配置，将使用全连接注意力
⚠️ 警告: 稀疏注意力未配置，将使用全连接注意力
⚠️ 警告: 稀疏注意力未配置，将使用全连接注意力
⚠️ 警告: 稀疏注意力未配置，将使用全连接注意力
⚠️ 警告: 稀疏注意力未配置，将使用全连接注意力
⚠️ 警告: 稀疏注意力未配置，将使用全连接注意力
⚠️ 警告: 稀疏注意力未配置，将使用全连接注意力
⚠️ 警告: 稀疏注意力未配置，将使用全连接注意力
⚠️ 警告: 稀疏注意力未配置，将使用全连接注意力
⚠️ 警告: 稀疏注意力未配置，将使用全连接注意力
⚠️ 警告: 稀疏注意力未配置，将使用全连接注意力
⚠️ 警告: 稀疏注意力未配置，将使用全连接注意力
Test: loss:1.61e-02  =  1.49e-02 + alpha*1.50e-03
Valid performance:
 mse:1.38e-02, IC:-5.01e-03, RIC:-2.60e-02, prec@10:5.04e-01, SR:1.57e+00
Test performance:
 mse:1.49e-02, IC:1.86e-03, RIC:1.56e-02, prec@10:5.14e-01, SR:5.62e-01 


epoch23##########################################################
⚠️ 警告: 稀疏注意力未配置，将使用全连接注意力
⚠️ 警告: 稀疏注意力未配置，将使用全连接注意力
⚠️ 警告: 稀疏注意力未配置，将使用全连接注意力
⚠️ 警告: 稀疏注意力未配置，将使用全连接注意力
⚠️ 警告: 稀疏注意力未配置，将使用全连接注意力
⚠️ 警告: 稀疏注意力未配置，将使用全连接注意力
⚠️ 警告: 稀疏注意力未配置，将使用全连接注意力
⚠️ 警告: 稀疏注意力未配置，将使用全连接注意力
⚠️ 警告: 稀疏注意力未配置，将使用全连接注意力
⚠️ 警告: 稀疏注意力未配置，将使用全连接注意力
⚠️ 警告: 稀疏注意力未配置，将使用全连接注意力
⚠️ 警告: 稀疏注意力未配置，将使用全连接注意力
⚠️ 警告: 稀疏注意力未配置，将使用全连接注意力
⚠️ 警告: 稀疏注意力未配置，将使用全连接注意力
⚠️ 警告: 稀疏注意力未配置，将使用全连接注意力
⚠️ 警告: 稀疏注意力未配置，将使用全连接注意力
⚠️ 警告: 稀疏注意力未配置，将使用全连接注意力
⚠️ 警告: 稀疏注意力未配置，将使用全连接注意力
⚠️ 警告: 稀疏注意力未配置，将使用全连接注意力
⚠️ 警告: 稀疏注意力未配置，将使用全连接注意力
⚠️ 警告: 稀疏注意力未配置，将使用全连接注意力
⚠️ 警告: 稀疏注意力未配置，将使用全连接注意力
⚠️ 警告: 稀疏注意力未配置，将使用全连接注意力
⚠️ 警告: 稀疏注意力未配置，将使用全连接注意力
⚠️ 警告: 稀疏注意力未配置，将使用全连接注意力
⚠️ 警告: 稀疏注意力未配置，将使用全连接注意力
⚠️ 警告: 稀疏注意力未配置，将使用全连接注意力
⚠️ 警告: 稀疏注意力未配置，将使用全连接注意力
⚠️ 警告: 稀疏注意力未配置，将使用全连接注意力
⚠️ 警告: 稀疏注意力未配置，将使用全连接注意力
⚠️ 警告: 稀疏注意力未配置，将使用全连接注意力
⚠️ 警告: 稀疏注意力未配置，将使用全连接注意力
⚠️ 警告: 稀疏注意力未配置，将使用全连接注意力
⚠️ 警告: 稀疏注意力未配置，将使用全连接注意力
⚠️ 警告: 稀疏注意力未配置，将使用全连接注意力
⚠️ 警告: 稀疏注意力未配置，将使用全连接注意力
⚠️ 警告: 稀疏注意力未配置，将使用全连接注意力
⚠️ 警告: 稀疏注意力未配置，将使用全连接注意力
⚠️ 警告: 稀疏注意力未配置，将使用全连接注意力
⚠️ 警告: 稀疏注意力未配置，将使用全连接注意力
⚠️ 警告: 稀疏注意力未配置，将使用全连接注意力
⚠️ 警告: 稀疏注意力未配置，将使用全连接注意力
⚠️ 警告: 稀疏注意力未配置，将使用全连接注意力
⚠️ 警告: 稀疏注意力未配置，将使用全连接注意力
⚠️ 警告: 稀疏注意力未配置，将使用全连接注意力
⚠️ 警告: 稀疏注意力未配置，将使用全连接注意力
⚠️ 警告: 稀疏注意力未配置，将使用全连接注意力
⚠️ 警告: 稀疏注意力未配置，将使用全连接注意力
⚠️ 警告: 稀疏注意力未配置，将使用全连接注意力
⚠️ 警告: 稀疏注意力未配置，将使用全连接注意力
⚠️ 警告: 稀疏注意力未配置，将使用全连接注意力
⚠️ 警告: 稀疏注意力未配置，将使用全连接注意力
⚠️ 警告: 稀疏注意力未配置，将使用全连接注意力
⚠️ 警告: 稀疏注意力未配置，将使用全连接注意力
⚠️ 警告: 稀疏注意力未配置，将使用全连接注意力
⚠️ 警告: 稀疏注意力未配置，将使用全连接注意力
⚠️ 警告: 稀疏注意力未配置，将使用全连接注意力
⚠️ 警告: 稀疏注意力未配置，将使用全连接注意力
⚠️ 警告: 稀疏注意力未配置，将使用全连接注意力
⚠️ 警告: 稀疏注意力未配置，将使用全连接注意力
⚠️ 警告: 稀疏注意力未配置，将使用全连接注意力
⚠️ 警告: 稀疏注意力未配置，将使用全连接注意力
⚠️ 警告: 稀疏注意力未配置，将使用全连接注意力
⚠️ 警告: 稀疏注意力未配置，将使用全连接注意力
⚠️ 警告: 稀疏注意力未配置，将使用全连接注意力
⚠️ 警告: 稀疏注意力未配置，将使用全连接注意力
⚠️ 警告: 稀疏注意力未配置，将使用全连接注意力
⚠️ 警告: 稀疏注意力未配置，将使用全连接注意力
⚠️ 警告: 稀疏注意力未配置，将使用全连接注意力
⚠️ 警告: 稀疏注意力未配置，将使用全连接注意力
⚠️ 警告: 稀疏注意力未配置，将使用全连接注意力
⚠️ 警告: 稀疏注意力未配置，将使用全连接注意力
⚠️ 警告: 稀疏注意力未配置，将使用全连接注意力
⚠️ 警告: 稀疏注意力未配置，将使用全连接注意力
⚠️ 警告: 稀疏注意力未配置，将使用全连接注意力
⚠️ 警告: 稀疏注意力未配置，将使用全连接注意力
⚠️ 警告: 稀疏注意力未配置，将使用全连接注意力
⚠️ 警告: 稀疏注意力未配置，将使用全连接注意力
⚠️ 警告: 稀疏注意力未配置，将使用全连接注意力
⚠️ 警告: 稀疏注意力未配置，将使用全连接注意力
⚠️ 警告: 稀疏注意力未配置，将使用全连接注意力
⚠️ 警告: 稀疏注意力未配置，将使用全连接注意力
⚠️ 警告: 稀疏注意力未配置，将使用全连接注意力
⚠️ 警告: 稀疏注意力未配置，将使用全连接注意力
⚠️ 警告: 稀疏注意力未配置，将使用全连接注意力
⚠️ 警告: 稀疏注意力未配置，将使用全连接注意力
⚠️ 警告: 稀疏注意力未配置，将使用全连接注意力
⚠️ 警告: 稀疏注意力未配置，将使用全连接注意力
⚠️ 警告: 稀疏注意力未配置，将使用全连接注意力
⚠️ 警告: 稀疏注意力未配置，将使用全连接注意力
⚠️ 警告: 稀疏注意力未配置，将使用全连接注意力
⚠️ 警告: 稀疏注意力未配置，将使用全连接注意力
⚠️ 警告: 稀疏注意力未配置，将使用全连接注意力
⚠️ 警告: 稀疏注意力未配置，将使用全连接注意力
⚠️ 警告: 稀疏注意力未配置，将使用全连接注意力
⚠️ 警告: 稀疏注意力未配置，将使用全连接注意力
⚠️ 警告: 稀疏注意力未配置，将使用全连接注意力
⚠️ 警告: 稀疏注意力未配置，将使用全连接注意力
⚠️ 警告: 稀疏注意力未配置，将使用全连接注意力
⚠️ 警告: 稀疏注意力未配置，将使用全连接注意力
⚠️ 警告: 稀疏注意力未配置，将使用全连接注意力
⚠️ 警告: 稀疏注意力未配置，将使用全连接注意力
⚠️ 警告: 稀疏注意力未配置，将使用全连接注意力
⚠️ 警告: 稀疏注意力未配置，将使用全连接注意力
⚠️ 警告: 稀疏注意力未配置，将使用全连接注意力
⚠️ 警告: 稀疏注意力未配置，将使用全连接注意力
⚠️ 警告: 稀疏注意力未配置，将使用全连接注意力
⚠️ 警告: 稀疏注意力未配置，将使用全连接注意力
⚠️ 警告: 稀疏注意力未配置，将使用全连接注意力
⚠️ 警告: 稀疏注意力未配置，将使用全连接注意力
⚠️ 警告: 稀疏注意力未配置，将使用全连接注意力
⚠️ 警告: 稀疏注意力未配置，将使用全连接注意力
⚠️ 警告: 稀疏注意力未配置，将使用全连接注意力
⚠️ 警告: 稀疏注意力未配置，将使用全连接注意力
⚠️ 警告: 稀疏注意力未配置，将使用全连接注意力
⚠️ 警告: 稀疏注意力未配置，将使用全连接注意力
⚠️ 警告: 稀疏注意力未配置，将使用全连接注意力
⚠️ 警告: 稀疏注意力未配置，将使用全连接注意力
⚠️ 警告: 稀疏注意力未配置，将使用全连接注意力
Train : loss:6.13e-03  =  5.51e-03 + alpha*8.32e-04
⚠️ 警告: 稀疏注意力未配置，将使用全连接注意力
⚠️ 警告: 稀疏注意力未配置，将使用全连接注意力
⚠️ 警告: 稀疏注意力未配置，将使用全连接注意力
⚠️ 警告: 稀疏注意力未配置，将使用全连接注意力
⚠️ 警告: 稀疏注意力未配置，将使用全连接注意力
⚠️ 警告: 稀疏注意力未配置，将使用全连接注意力
⚠️ 警告: 稀疏注意力未配置，将使用全连接注意力
⚠️ 警告: 稀疏注意力未配置，将使用全连接注意力
⚠️ 警告: 稀疏注意力未配置，将使用全连接注意力
⚠️ 警告: 稀疏注意力未配置，将使用全连接注意力
⚠️ 警告: 稀疏注意力未配置，将使用全连接注意力
⚠️ 警告: 稀疏注意力未配置，将使用全连接注意力
⚠️ 警告: 稀疏注意力未配置，将使用全连接注意力
⚠️ 警告: 稀疏注意力未配置，将使用全连接注意力
⚠️ 警告: 稀疏注意力未配置，将使用全连接注意力
⚠️ 警告: 稀疏注意力未配置，将使用全连接注意力
⚠️ 警告: 稀疏注意力未配置，将使用全连接注意力
⚠️ 警告: 稀疏注意力未配置，将使用全连接注意力
⚠️ 警告: 稀疏注意力未配置，将使用全连接注意力
⚠️ 警告: 稀疏注意力未配置，将使用全连接注意力
⚠️ 警告: 稀疏注意力未配置，将使用全连接注意力
⚠️ 警告: 稀疏注意力未配置，将使用全连接注意力
⚠️ 警告: 稀疏注意力未配置，将使用全连接注意力
⚠️ 警告: 稀疏注意力未配置，将使用全连接注意力
⚠️ 警告: 稀疏注意力未配置，将使用全连接注意力
⚠️ 警告: 稀疏注意力未配置，将使用全连接注意力
⚠️ 警告: 稀疏注意力未配置，将使用全连接注意力
⚠️ 警告: 稀疏注意力未配置，将使用全连接注意力
⚠️ 警告: 稀疏注意力未配置，将使用全连接注意力
⚠️ 警告: 稀疏注意力未配置，将使用全连接注意力
⚠️ 警告: 稀疏注意力未配置，将使用全连接注意力
⚠️ 警告: 稀疏注意力未配置，将使用全连接注意力
⚠️ 警告: 稀疏注意力未配置，将使用全连接注意力
⚠️ 警告: 稀疏注意力未配置，将使用全连接注意力
⚠️ 警告: 稀疏注意力未配置，将使用全连接注意力
⚠️ 警告: 稀疏注意力未配置，将使用全连接注意力
⚠️ 警告: 稀疏注意力未配置，将使用全连接注意力
⚠️ 警告: 稀疏注意力未配置，将使用全连接注意力
⚠️ 警告: 稀疏注意力未配置，将使用全连接注意力
⚠️ 警告: 稀疏注意力未配置，将使用全连接注意力
⚠️ 警告: 稀疏注意力未配置，将使用全连接注意力
⚠️ 警告: 稀疏注意力未配置，将使用全连接注意力
⚠️ 警告: 稀疏注意力未配置，将使用全连接注意力
⚠️ 警告: 稀疏注意力未配置，将使用全连接注意力
⚠️ 警告: 稀疏注意力未配置，将使用全连接注意力
⚠️ 警告: 稀疏注意力未配置，将使用全连接注意力
⚠️ 警告: 稀疏注意力未配置，将使用全连接注意力
⚠️ 警告: 稀疏注意力未配置，将使用全连接注意力
⚠️ 警告: 稀疏注意力未配置，将使用全连接注意力
⚠️ 警告: 稀疏注意力未配置，将使用全连接注意力
Valid : loss:1.48e-02  =  1.37e-02 + alpha*1.44e-03
⚠️ 警告: 稀疏注意力未配置，将使用全连接注意力
⚠️ 警告: 稀疏注意力未配置，将使用全连接注意力
⚠️ 警告: 稀疏注意力未配置，将使用全连接注意力
⚠️ 警告: 稀疏注意力未配置，将使用全连接注意力
⚠️ 警告: 稀疏注意力未配置，将使用全连接注意力
⚠️ 警告: 稀疏注意力未配置，将使用全连接注意力
⚠️ 警告: 稀疏注意力未配置，将使用全连接注意力
⚠️ 警告: 稀疏注意力未配置，将使用全连接注意力
⚠️ 警告: 稀疏注意力未配置，将使用全连接注意力
⚠️ 警告: 稀疏注意力未配置，将使用全连接注意力
⚠️ 警告: 稀疏注意力未配置，将使用全连接注意力
⚠️ 警告: 稀疏注意力未配置，将使用全连接注意力
⚠️ 警告: 稀疏注意力未配置，将使用全连接注意力
⚠️ 警告: 稀疏注意力未配置，将使用全连接注意力
⚠️ 警告: 稀疏注意力未配置，将使用全连接注意力
⚠️ 警告: 稀疏注意力未配置，将使用全连接注意力
⚠️ 警告: 稀疏注意力未配置，将使用全连接注意力
⚠️ 警告: 稀疏注意力未配置，将使用全连接注意力
⚠️ 警告: 稀疏注意力未配置，将使用全连接注意力
⚠️ 警告: 稀疏注意力未配置，将使用全连接注意力
⚠️ 警告: 稀疏注意力未配置，将使用全连接注意力
⚠️ 警告: 稀疏注意力未配置，将使用全连接注意力
⚠️ 警告: 稀疏注意力未配置，将使用全连接注意力
⚠️ 警告: 稀疏注意力未配置，将使用全连接注意力
⚠️ 警告: 稀疏注意力未配置，将使用全连接注意力
⚠️ 警告: 稀疏注意力未配置，将使用全连接注意力
⚠️ 警告: 稀疏注意力未配置，将使用全连接注意力
⚠️ 警告: 稀疏注意力未配置，将使用全连接注意力
⚠️ 警告: 稀疏注意力未配置，将使用全连接注意力
⚠️ 警告: 稀疏注意力未配置，将使用全连接注意力
⚠️ 警告: 稀疏注意力未配置，将使用全连接注意力
⚠️ 警告: 稀疏注意力未配置，将使用全连接注意力
⚠️ 警告: 稀疏注意力未配置，将使用全连接注意力
⚠️ 警告: 稀疏注意力未配置，将使用全连接注意力
⚠️ 警告: 稀疏注意力未配置，将使用全连接注意力
⚠️ 警告: 稀疏注意力未配置，将使用全连接注意力
⚠️ 警告: 稀疏注意力未配置，将使用全连接注意力
⚠️ 警告: 稀疏注意力未配置，将使用全连接注意力
⚠️ 警告: 稀疏注意力未配置，将使用全连接注意力
⚠️ 警告: 稀疏注意力未配置，将使用全连接注意力
⚠️ 警告: 稀疏注意力未配置，将使用全连接注意力
⚠️ 警告: 稀疏注意力未配置，将使用全连接注意力
⚠️ 警告: 稀疏注意力未配置，将使用全连接注意力
⚠️ 警告: 稀疏注意力未配置，将使用全连接注意力
⚠️ 警告: 稀疏注意力未配置，将使用全连接注意力
⚠️ 警告: 稀疏注意力未配置，将使用全连接注意力
⚠️ 警告: 稀疏注意力未配置，将使用全连接注意力
⚠️ 警告: 稀疏注意力未配置，将使用全连接注意力
⚠️ 警告: 稀疏注意力未配置，将使用全连接注意力
⚠️ 警告: 稀疏注意力未配置，将使用全连接注意力
⚠️ 警告: 稀疏注意力未配置，将使用全连接注意力
Test: loss:1.56e-02  =  1.45e-02 + alpha*1.46e-03
Valid performance:
 mse:1.37e-02, IC:-1.41e-03, RIC:-7.34e-03, prec@10:5.06e-01, SR:9.29e-01
Test performance:
 mse:1.45e-02, IC:8.02e-04, RIC:6.60e-03, prec@10:5.08e-01, SR:4.25e-01 


epoch24##########################################################
⚠️ 警告: 稀疏注意力未配置，将使用全连接注意力
⚠️ 警告: 稀疏注意力未配置，将使用全连接注意力
⚠️ 警告: 稀疏注意力未配置，将使用全连接注意力
⚠️ 警告: 稀疏注意力未配置，将使用全连接注意力
⚠️ 警告: 稀疏注意力未配置，将使用全连接注意力
⚠️ 警告: 稀疏注意力未配置，将使用全连接注意力
⚠️ 警告: 稀疏注意力未配置，将使用全连接注意力
⚠️ 警告: 稀疏注意力未配置，将使用全连接注意力
⚠️ 警告: 稀疏注意力未配置，将使用全连接注意力
⚠️ 警告: 稀疏注意力未配置，将使用全连接注意力
⚠️ 警告: 稀疏注意力未配置，将使用全连接注意力
⚠️ 警告: 稀疏注意力未配置，将使用全连接注意力
⚠️ 警告: 稀疏注意力未配置，将使用全连接注意力
⚠️ 警告: 稀疏注意力未配置，将使用全连接注意力
⚠️ 警告: 稀疏注意力未配置，将使用全连接注意力
⚠️ 警告: 稀疏注意力未配置，将使用全连接注意力
⚠️ 警告: 稀疏注意力未配置，将使用全连接注意力
⚠️ 警告: 稀疏注意力未配置，将使用全连接注意力
⚠️ 警告: 稀疏注意力未配置，将使用全连接注意力
⚠️ 警告: 稀疏注意力未配置，将使用全连接注意力
⚠️ 警告: 稀疏注意力未配置，将使用全连接注意力
⚠️ 警告: 稀疏注意力未配置，将使用全连接注意力
⚠️ 警告: 稀疏注意力未配置，将使用全连接注意力
⚠️ 警告: 稀疏注意力未配置，将使用全连接注意力
⚠️ 警告: 稀疏注意力未配置，将使用全连接注意力
⚠️ 警告: 稀疏注意力未配置，将使用全连接注意力
⚠️ 警告: 稀疏注意力未配置，将使用全连接注意力
⚠️ 警告: 稀疏注意力未配置，将使用全连接注意力
⚠️ 警告: 稀疏注意力未配置，将使用全连接注意力
⚠️ 警告: 稀疏注意力未配置，将使用全连接注意力
⚠️ 警告: 稀疏注意力未配置，将使用全连接注意力
⚠️ 警告: 稀疏注意力未配置，将使用全连接注意力
⚠️ 警告: 稀疏注意力未配置，将使用全连接注意力
⚠️ 警告: 稀疏注意力未配置，将使用全连接注意力
⚠️ 警告: 稀疏注意力未配置，将使用全连接注意力
⚠️ 警告: 稀疏注意力未配置，将使用全连接注意力
⚠️ 警告: 稀疏注意力未配置，将使用全连接注意力
⚠️ 警告: 稀疏注意力未配置，将使用全连接注意力
⚠️ 警告: 稀疏注意力未配置，将使用全连接注意力
⚠️ 警告: 稀疏注意力未配置，将使用全连接注意力
⚠️ 警告: 稀疏注意力未配置，将使用全连接注意力
⚠️ 警告: 稀疏注意力未配置，将使用全连接注意力
⚠️ 警告: 稀疏注意力未配置，将使用全连接注意力
⚠️ 警告: 稀疏注意力未配置，将使用全连接注意力
⚠️ 警告: 稀疏注意力未配置，将使用全连接注意力
⚠️ 警告: 稀疏注意力未配置，将使用全连接注意力
⚠️ 警告: 稀疏注意力未配置，将使用全连接注意力
⚠️ 警告: 稀疏注意力未配置，将使用全连接注意力
⚠️ 警告: 稀疏注意力未配置，将使用全连接注意力
⚠️ 警告: 稀疏注意力未配置，将使用全连接注意力
⚠️ 警告: 稀疏注意力未配置，将使用全连接注意力
⚠️ 警告: 稀疏注意力未配置，将使用全连接注意力
⚠️ 警告: 稀疏注意力未配置，将使用全连接注意力
⚠️ 警告: 稀疏注意力未配置，将使用全连接注意力
⚠️ 警告: 稀疏注意力未配置，将使用全连接注意力
⚠️ 警告: 稀疏注意力未配置，将使用全连接注意力
⚠️ 警告: 稀疏注意力未配置，将使用全连接注意力
⚠️ 警告: 稀疏注意力未配置，将使用全连接注意力
⚠️ 警告: 稀疏注意力未配置，将使用全连接注意力
⚠️ 警告: 稀疏注意力未配置，将使用全连接注意力
⚠️ 警告: 稀疏注意力未配置，将使用全连接注意力
⚠️ 警告: 稀疏注意力未配置，将使用全连接注意力
⚠️ 警告: 稀疏注意力未配置，将使用全连接注意力
⚠️ 警告: 稀疏注意力未配置，将使用全连接注意力
⚠️ 警告: 稀疏注意力未配置，将使用全连接注意力
⚠️ 警告: 稀疏注意力未配置，将使用全连接注意力
⚠️ 警告: 稀疏注意力未配置，将使用全连接注意力
⚠️ 警告: 稀疏注意力未配置，将使用全连接注意力
⚠️ 警告: 稀疏注意力未配置，将使用全连接注意力
⚠️ 警告: 稀疏注意力未配置，将使用全连接注意力
⚠️ 警告: 稀疏注意力未配置，将使用全连接注意力
⚠️ 警告: 稀疏注意力未配置，将使用全连接注意力
⚠️ 警告: 稀疏注意力未配置，将使用全连接注意力
⚠️ 警告: 稀疏注意力未配置，将使用全连接注意力
⚠️ 警告: 稀疏注意力未配置，将使用全连接注意力
⚠️ 警告: 稀疏注意力未配置，将使用全连接注意力
⚠️ 警告: 稀疏注意力未配置，将使用全连接注意力
⚠️ 警告: 稀疏注意力未配置，将使用全连接注意力
⚠️ 警告: 稀疏注意力未配置，将使用全连接注意力
⚠️ 警告: 稀疏注意力未配置，将使用全连接注意力
⚠️ 警告: 稀疏注意力未配置，将使用全连接注意力
⚠️ 警告: 稀疏注意力未配置，将使用全连接注意力
⚠️ 警告: 稀疏注意力未配置，将使用全连接注意力
⚠️ 警告: 稀疏注意力未配置，将使用全连接注意力
⚠️ 警告: 稀疏注意力未配置，将使用全连接注意力
⚠️ 警告: 稀疏注意力未配置，将使用全连接注意力
⚠️ 警告: 稀疏注意力未配置，将使用全连接注意力
⚠️ 警告: 稀疏注意力未配置，将使用全连接注意力
⚠️ 警告: 稀疏注意力未配置，将使用全连接注意力
⚠️ 警告: 稀疏注意力未配置，将使用全连接注意力
⚠️ 警告: 稀疏注意力未配置，将使用全连接注意力
⚠️ 警告: 稀疏注意力未配置，将使用全连接注意力
⚠️ 警告: 稀疏注意力未配置，将使用全连接注意力
⚠️ 警告: 稀疏注意力未配置，将使用全连接注意力
⚠️ 警告: 稀疏注意力未配置，将使用全连接注意力
⚠️ 警告: 稀疏注意力未配置，将使用全连接注意力
⚠️ 警告: 稀疏注意力未配置，将使用全连接注意力
⚠️ 警告: 稀疏注意力未配置，将使用全连接注意力
⚠️ 警告: 稀疏注意力未配置，将使用全连接注意力
⚠️ 警告: 稀疏注意力未配置，将使用全连接注意力
⚠️ 警告: 稀疏注意力未配置，将使用全连接注意力
⚠️ 警告: 稀疏注意力未配置，将使用全连接注意力
⚠️ 警告: 稀疏注意力未配置，将使用全连接注意力
⚠️ 警告: 稀疏注意力未配置，将使用全连接注意力
⚠️ 警告: 稀疏注意力未配置，将使用全连接注意力
⚠️ 警告: 稀疏注意力未配置，将使用全连接注意力
⚠️ 警告: 稀疏注意力未配置，将使用全连接注意力
⚠️ 警告: 稀疏注意力未配置，将使用全连接注意力
⚠️ 警告: 稀疏注意力未配置，将使用全连接注意力
⚠️ 警告: 稀疏注意力未配置，将使用全连接注意力
⚠️ 警告: 稀疏注意力未配置，将使用全连接注意力
⚠️ 警告: 稀疏注意力未配置，将使用全连接注意力
⚠️ 警告: 稀疏注意力未配置，将使用全连接注意力
⚠️ 警告: 稀疏注意力未配置，将使用全连接注意力
⚠️ 警告: 稀疏注意力未配置，将使用全连接注意力
⚠️ 警告: 稀疏注意力未配置，将使用全连接注意力
⚠️ 警告: 稀疏注意力未配置，将使用全连接注意力
⚠️ 警告: 稀疏注意力未配置，将使用全连接注意力
⚠️ 警告: 稀疏注意力未配置，将使用全连接注意力
Train : loss:5.75e-03  =  5.14e-03 + alpha*8.06e-04
⚠️ 警告: 稀疏注意力未配置，将使用全连接注意力
⚠️ 警告: 稀疏注意力未配置，将使用全连接注意力
⚠️ 警告: 稀疏注意力未配置，将使用全连接注意力
⚠️ 警告: 稀疏注意力未配置，将使用全连接注意力
⚠️ 警告: 稀疏注意力未配置，将使用全连接注意力
⚠️ 警告: 稀疏注意力未配置，将使用全连接注意力
⚠️ 警告: 稀疏注意力未配置，将使用全连接注意力
⚠️ 警告: 稀疏注意力未配置，将使用全连接注意力
⚠️ 警告: 稀疏注意力未配置，将使用全连接注意力
⚠️ 警告: 稀疏注意力未配置，将使用全连接注意力
⚠️ 警告: 稀疏注意力未配置，将使用全连接注意力
⚠️ 警告: 稀疏注意力未配置，将使用全连接注意力
⚠️ 警告: 稀疏注意力未配置，将使用全连接注意力
⚠️ 警告: 稀疏注意力未配置，将使用全连接注意力
⚠️ 警告: 稀疏注意力未配置，将使用全连接注意力
⚠️ 警告: 稀疏注意力未配置，将使用全连接注意力
⚠️ 警告: 稀疏注意力未配置，将使用全连接注意力
⚠️ 警告: 稀疏注意力未配置，将使用全连接注意力
⚠️ 警告: 稀疏注意力未配置，将使用全连接注意力
⚠️ 警告: 稀疏注意力未配置，将使用全连接注意力
⚠️ 警告: 稀疏注意力未配置，将使用全连接注意力
⚠️ 警告: 稀疏注意力未配置，将使用全连接注意力
⚠️ 警告: 稀疏注意力未配置，将使用全连接注意力
⚠️ 警告: 稀疏注意力未配置，将使用全连接注意力
⚠️ 警告: 稀疏注意力未配置，将使用全连接注意力
⚠️ 警告: 稀疏注意力未配置，将使用全连接注意力
⚠️ 警告: 稀疏注意力未配置，将使用全连接注意力
⚠️ 警告: 稀疏注意力未配置，将使用全连接注意力
⚠️ 警告: 稀疏注意力未配置，将使用全连接注意力
⚠️ 警告: 稀疏注意力未配置，将使用全连接注意力
⚠️ 警告: 稀疏注意力未配置，将使用全连接注意力
⚠️ 警告: 稀疏注意力未配置，将使用全连接注意力
⚠️ 警告: 稀疏注意力未配置，将使用全连接注意力
⚠️ 警告: 稀疏注意力未配置，将使用全连接注意力
⚠️ 警告: 稀疏注意力未配置，将使用全连接注意力
⚠️ 警告: 稀疏注意力未配置，将使用全连接注意力
⚠️ 警告: 稀疏注意力未配置，将使用全连接注意力
⚠️ 警告: 稀疏注意力未配置，将使用全连接注意力
⚠️ 警告: 稀疏注意力未配置，将使用全连接注意力
⚠️ 警告: 稀疏注意力未配置，将使用全连接注意力
⚠️ 警告: 稀疏注意力未配置，将使用全连接注意力
⚠️ 警告: 稀疏注意力未配置，将使用全连接注意力
⚠️ 警告: 稀疏注意力未配置，将使用全连接注意力
⚠️ 警告: 稀疏注意力未配置，将使用全连接注意力
⚠️ 警告: 稀疏注意力未配置，将使用全连接注意力
⚠️ 警告: 稀疏注意力未配置，将使用全连接注意力
⚠️ 警告: 稀疏注意力未配置，将使用全连接注意力
⚠️ 警告: 稀疏注意力未配置，将使用全连接注意力
⚠️ 警告: 稀疏注意力未配置，将使用全连接注意力
⚠️ 警告: 稀疏注意力未配置，将使用全连接注意力
Valid : loss:1.39e-02  =  1.28e-02 + alpha*1.42e-03
⚠️ 警告: 稀疏注意力未配置，将使用全连接注意力
⚠️ 警告: 稀疏注意力未配置，将使用全连接注意力
⚠️ 警告: 稀疏注意力未配置，将使用全连接注意力
⚠️ 警告: 稀疏注意力未配置，将使用全连接注意力
⚠️ 警告: 稀疏注意力未配置，将使用全连接注意力
⚠️ 警告: 稀疏注意力未配置，将使用全连接注意力
⚠️ 警告: 稀疏注意力未配置，将使用全连接注意力
⚠️ 警告: 稀疏注意力未配置，将使用全连接注意力
⚠️ 警告: 稀疏注意力未配置，将使用全连接注意力
⚠️ 警告: 稀疏注意力未配置，将使用全连接注意力
⚠️ 警告: 稀疏注意力未配置，将使用全连接注意力
⚠️ 警告: 稀疏注意力未配置，将使用全连接注意力
⚠️ 警告: 稀疏注意力未配置，将使用全连接注意力
⚠️ 警告: 稀疏注意力未配置，将使用全连接注意力
⚠️ 警告: 稀疏注意力未配置，将使用全连接注意力
⚠️ 警告: 稀疏注意力未配置，将使用全连接注意力
⚠️ 警告: 稀疏注意力未配置，将使用全连接注意力
⚠️ 警告: 稀疏注意力未配置，将使用全连接注意力
⚠️ 警告: 稀疏注意力未配置，将使用全连接注意力
⚠️ 警告: 稀疏注意力未配置，将使用全连接注意力
⚠️ 警告: 稀疏注意力未配置，将使用全连接注意力
⚠️ 警告: 稀疏注意力未配置，将使用全连接注意力
⚠️ 警告: 稀疏注意力未配置，将使用全连接注意力
⚠️ 警告: 稀疏注意力未配置，将使用全连接注意力
⚠️ 警告: 稀疏注意力未配置，将使用全连接注意力
⚠️ 警告: 稀疏注意力未配置，将使用全连接注意力
⚠️ 警告: 稀疏注意力未配置，将使用全连接注意力
⚠️ 警告: 稀疏注意力未配置，将使用全连接注意力
⚠️ 警告: 稀疏注意力未配置，将使用全连接注意力
⚠️ 警告: 稀疏注意力未配置，将使用全连接注意力
⚠️ 警告: 稀疏注意力未配置，将使用全连接注意力
⚠️ 警告: 稀疏注意力未配置，将使用全连接注意力
⚠️ 警告: 稀疏注意力未配置，将使用全连接注意力
⚠️ 警告: 稀疏注意力未配置，将使用全连接注意力
⚠️ 警告: 稀疏注意力未配置，将使用全连接注意力
⚠️ 警告: 稀疏注意力未配置，将使用全连接注意力
⚠️ 警告: 稀疏注意力未配置，将使用全连接注意力
⚠️ 警告: 稀疏注意力未配置，将使用全连接注意力
⚠️ 警告: 稀疏注意力未配置，将使用全连接注意力
⚠️ 警告: 稀疏注意力未配置，将使用全连接注意力
⚠️ 警告: 稀疏注意力未配置，将使用全连接注意力
⚠️ 警告: 稀疏注意力未配置，将使用全连接注意力
⚠️ 警告: 稀疏注意力未配置，将使用全连接注意力
⚠️ 警告: 稀疏注意力未配置，将使用全连接注意力
⚠️ 警告: 稀疏注意力未配置，将使用全连接注意力
⚠️ 警告: 稀疏注意力未配置，将使用全连接注意力
⚠️ 警告: 稀疏注意力未配置，将使用全连接注意力
⚠️ 警告: 稀疏注意力未配置，将使用全连接注意力
⚠️ 警告: 稀疏注意力未配置，将使用全连接注意力
⚠️ 警告: 稀疏注意力未配置，将使用全连接注意力
⚠️ 警告: 稀疏注意力未配置，将使用全连接注意力
Test: loss:1.43e-02  =  1.33e-02 + alpha*1.42e-03
Valid performance:
 mse:1.28e-02, IC:-4.38e-03, RIC:-2.28e-02, prec@10:4.84e-01, SR:-1.46e-01
Test performance:
 mse:1.33e-02, IC:-3.66e-03, RIC:-3.15e-02, prec@10:5.22e-01, SR:6.33e-01 


epoch25##########################################################
⚠️ 警告: 稀疏注意力未配置，将使用全连接注意力
⚠️ 警告: 稀疏注意力未配置，将使用全连接注意力
⚠️ 警告: 稀疏注意力未配置，将使用全连接注意力
⚠️ 警告: 稀疏注意力未配置，将使用全连接注意力
⚠️ 警告: 稀疏注意力未配置，将使用全连接注意力
⚠️ 警告: 稀疏注意力未配置，将使用全连接注意力
⚠️ 警告: 稀疏注意力未配置，将使用全连接注意力
⚠️ 警告: 稀疏注意力未配置，将使用全连接注意力
⚠️ 警告: 稀疏注意力未配置，将使用全连接注意力
⚠️ 警告: 稀疏注意力未配置，将使用全连接注意力
⚠️ 警告: 稀疏注意力未配置，将使用全连接注意力
⚠️ 警告: 稀疏注意力未配置，将使用全连接注意力
⚠️ 警告: 稀疏注意力未配置，将使用全连接注意力
⚠️ 警告: 稀疏注意力未配置，将使用全连接注意力
⚠️ 警告: 稀疏注意力未配置，将使用全连接注意力
⚠️ 警告: 稀疏注意力未配置，将使用全连接注意力
⚠️ 警告: 稀疏注意力未配置，将使用全连接注意力
⚠️ 警告: 稀疏注意力未配置，将使用全连接注意力
⚠️ 警告: 稀疏注意力未配置，将使用全连接注意力
⚠️ 警告: 稀疏注意力未配置，将使用全连接注意力
⚠️ 警告: 稀疏注意力未配置，将使用全连接注意力
⚠️ 警告: 稀疏注意力未配置，将使用全连接注意力
⚠️ 警告: 稀疏注意力未配置，将使用全连接注意力
⚠️ 警告: 稀疏注意力未配置，将使用全连接注意力
⚠️ 警告: 稀疏注意力未配置，将使用全连接注意力
⚠️ 警告: 稀疏注意力未配置，将使用全连接注意力
⚠️ 警告: 稀疏注意力未配置，将使用全连接注意力
⚠️ 警告: 稀疏注意力未配置，将使用全连接注意力
⚠️ 警告: 稀疏注意力未配置，将使用全连接注意力
⚠️ 警告: 稀疏注意力未配置，将使用全连接注意力
⚠️ 警告: 稀疏注意力未配置，将使用全连接注意力
⚠️ 警告: 稀疏注意力未配置，将使用全连接注意力
⚠️ 警告: 稀疏注意力未配置，将使用全连接注意力
⚠️ 警告: 稀疏注意力未配置，将使用全连接注意力
⚠️ 警告: 稀疏注意力未配置，将使用全连接注意力
⚠️ 警告: 稀疏注意力未配置，将使用全连接注意力
⚠️ 警告: 稀疏注意力未配置，将使用全连接注意力
⚠️ 警告: 稀疏注意力未配置，将使用全连接注意力
⚠️ 警告: 稀疏注意力未配置，将使用全连接注意力
⚠️ 警告: 稀疏注意力未配置，将使用全连接注意力
⚠️ 警告: 稀疏注意力未配置，将使用全连接注意力
⚠️ 警告: 稀疏注意力未配置，将使用全连接注意力
⚠️ 警告: 稀疏注意力未配置，将使用全连接注意力
⚠️ 警告: 稀疏注意力未配置，将使用全连接注意力
⚠️ 警告: 稀疏注意力未配置，将使用全连接注意力
⚠️ 警告: 稀疏注意力未配置，将使用全连接注意力
⚠️ 警告: 稀疏注意力未配置，将使用全连接注意力
⚠️ 警告: 稀疏注意力未配置，将使用全连接注意力
⚠️ 警告: 稀疏注意力未配置，将使用全连接注意力
⚠️ 警告: 稀疏注意力未配置，将使用全连接注意力
⚠️ 警告: 稀疏注意力未配置，将使用全连接注意力
⚠️ 警告: 稀疏注意力未配置，将使用全连接注意力
⚠️ 警告: 稀疏注意力未配置，将使用全连接注意力
⚠️ 警告: 稀疏注意力未配置，将使用全连接注意力
⚠️ 警告: 稀疏注意力未配置，将使用全连接注意力
⚠️ 警告: 稀疏注意力未配置，将使用全连接注意力
⚠️ 警告: 稀疏注意力未配置，将使用全连接注意力
⚠️ 警告: 稀疏注意力未配置，将使用全连接注意力
⚠️ 警告: 稀疏注意力未配置，将使用全连接注意力
⚠️ 警告: 稀疏注意力未配置，将使用全连接注意力
⚠️ 警告: 稀疏注意力未配置，将使用全连接注意力
⚠️ 警告: 稀疏注意力未配置，将使用全连接注意力
⚠️ 警告: 稀疏注意力未配置，将使用全连接注意力
⚠️ 警告: 稀疏注意力未配置，将使用全连接注意力
⚠️ 警告: 稀疏注意力未配置，将使用全连接注意力
⚠️ 警告: 稀疏注意力未配置，将使用全连接注意力
⚠️ 警告: 稀疏注意力未配置，将使用全连接注意力
⚠️ 警告: 稀疏注意力未配置，将使用全连接注意力
⚠️ 警告: 稀疏注意力未配置，将使用全连接注意力
⚠️ 警告: 稀疏注意力未配置，将使用全连接注意力
⚠️ 警告: 稀疏注意力未配置，将使用全连接注意力
⚠️ 警告: 稀疏注意力未配置，将使用全连接注意力
⚠️ 警告: 稀疏注意力未配置，将使用全连接注意力
⚠️ 警告: 稀疏注意力未配置，将使用全连接注意力
⚠️ 警告: 稀疏注意力未配置，将使用全连接注意力
⚠️ 警告: 稀疏注意力未配置，将使用全连接注意力
⚠️ 警告: 稀疏注意力未配置，将使用全连接注意力
⚠️ 警告: 稀疏注意力未配置，将使用全连接注意力
⚠️ 警告: 稀疏注意力未配置，将使用全连接注意力
⚠️ 警告: 稀疏注意力未配置，将使用全连接注意力
⚠️ 警告: 稀疏注意力未配置，将使用全连接注意力
⚠️ 警告: 稀疏注意力未配置，将使用全连接注意力
⚠️ 警告: 稀疏注意力未配置，将使用全连接注意力
⚠️ 警告: 稀疏注意力未配置，将使用全连接注意力
⚠️ 警告: 稀疏注意力未配置，将使用全连接注意力
⚠️ 警告: 稀疏注意力未配置，将使用全连接注意力
⚠️ 警告: 稀疏注意力未配置，将使用全连接注意力
⚠️ 警告: 稀疏注意力未配置，将使用全连接注意力
⚠️ 警告: 稀疏注意力未配置，将使用全连接注意力
⚠️ 警告: 稀疏注意力未配置，将使用全连接注意力
⚠️ 警告: 稀疏注意力未配置，将使用全连接注意力
⚠️ 警告: 稀疏注意力未配置，将使用全连接注意力
⚠️ 警告: 稀疏注意力未配置，将使用全连接注意力
⚠️ 警告: 稀疏注意力未配置，将使用全连接注意力
⚠️ 警告: 稀疏注意力未配置，将使用全连接注意力
⚠️ 警告: 稀疏注意力未配置，将使用全连接注意力
⚠️ 警告: 稀疏注意力未配置，将使用全连接注意力
⚠️ 警告: 稀疏注意力未配置，将使用全连接注意力
⚠️ 警告: 稀疏注意力未配置，将使用全连接注意力
⚠️ 警告: 稀疏注意力未配置，将使用全连接注意力
⚠️ 警告: 稀疏注意力未配置，将使用全连接注意力
⚠️ 警告: 稀疏注意力未配置，将使用全连接注意力
⚠️ 警告: 稀疏注意力未配置，将使用全连接注意力
⚠️ 警告: 稀疏注意力未配置，将使用全连接注意力
⚠️ 警告: 稀疏注意力未配置，将使用全连接注意力
⚠️ 警告: 稀疏注意力未配置，将使用全连接注意力
⚠️ 警告: 稀疏注意力未配置，将使用全连接注意力
⚠️ 警告: 稀疏注意力未配置，将使用全连接注意力
⚠️ 警告: 稀疏注意力未配置，将使用全连接注意力
⚠️ 警告: 稀疏注意力未配置，将使用全连接注意力
⚠️ 警告: 稀疏注意力未配置，将使用全连接注意力
⚠️ 警告: 稀疏注意力未配置，将使用全连接注意力
⚠️ 警告: 稀疏注意力未配置，将使用全连接注意力
⚠️ 警告: 稀疏注意力未配置，将使用全连接注意力
⚠️ 警告: 稀疏注意力未配置，将使用全连接注意力
⚠️ 警告: 稀疏注意力未配置，将使用全连接注意力
⚠️ 警告: 稀疏注意力未配置，将使用全连接注意力
⚠️ 警告: 稀疏注意力未配置，将使用全连接注意力
⚠️ 警告: 稀疏注意力未配置，将使用全连接注意力
Train : loss:5.51e-03  =  4.93e-03 + alpha*7.80e-04
⚠️ 警告: 稀疏注意力未配置，将使用全连接注意力
⚠️ 警告: 稀疏注意力未配置，将使用全连接注意力
⚠️ 警告: 稀疏注意力未配置，将使用全连接注意力
⚠️ 警告: 稀疏注意力未配置，将使用全连接注意力
⚠️ 警告: 稀疏注意力未配置，将使用全连接注意力
⚠️ 警告: 稀疏注意力未配置，将使用全连接注意力
⚠️ 警告: 稀疏注意力未配置，将使用全连接注意力
⚠️ 警告: 稀疏注意力未配置，将使用全连接注意力
⚠️ 警告: 稀疏注意力未配置，将使用全连接注意力
⚠️ 警告: 稀疏注意力未配置，将使用全连接注意力
⚠️ 警告: 稀疏注意力未配置，将使用全连接注意力
⚠️ 警告: 稀疏注意力未配置，将使用全连接注意力
⚠️ 警告: 稀疏注意力未配置，将使用全连接注意力
⚠️ 警告: 稀疏注意力未配置，将使用全连接注意力
⚠️ 警告: 稀疏注意力未配置，将使用全连接注意力
⚠️ 警告: 稀疏注意力未配置，将使用全连接注意力
⚠️ 警告: 稀疏注意力未配置，将使用全连接注意力
⚠️ 警告: 稀疏注意力未配置，将使用全连接注意力
⚠️ 警告: 稀疏注意力未配置，将使用全连接注意力
⚠️ 警告: 稀疏注意力未配置，将使用全连接注意力
⚠️ 警告: 稀疏注意力未配置，将使用全连接注意力
⚠️ 警告: 稀疏注意力未配置，将使用全连接注意力
⚠️ 警告: 稀疏注意力未配置，将使用全连接注意力
⚠️ 警告: 稀疏注意力未配置，将使用全连接注意力
⚠️ 警告: 稀疏注意力未配置，将使用全连接注意力
⚠️ 警告: 稀疏注意力未配置，将使用全连接注意力
⚠️ 警告: 稀疏注意力未配置，将使用全连接注意力
⚠️ 警告: 稀疏注意力未配置，将使用全连接注意力
⚠️ 警告: 稀疏注意力未配置，将使用全连接注意力
⚠️ 警告: 稀疏注意力未配置，将使用全连接注意力
⚠️ 警告: 稀疏注意力未配置，将使用全连接注意力
⚠️ 警告: 稀疏注意力未配置，将使用全连接注意力
⚠️ 警告: 稀疏注意力未配置，将使用全连接注意力
⚠️ 警告: 稀疏注意力未配置，将使用全连接注意力
⚠️ 警告: 稀疏注意力未配置，将使用全连接注意力
⚠️ 警告: 稀疏注意力未配置，将使用全连接注意力
⚠️ 警告: 稀疏注意力未配置，将使用全连接注意力
⚠️ 警告: 稀疏注意力未配置，将使用全连接注意力
⚠️ 警告: 稀疏注意力未配置，将使用全连接注意力
⚠️ 警告: 稀疏注意力未配置，将使用全连接注意力
⚠️ 警告: 稀疏注意力未配置，将使用全连接注意力
⚠️ 警告: 稀疏注意力未配置，将使用全连接注意力
⚠️ 警告: 稀疏注意力未配置，将使用全连接注意力
⚠️ 警告: 稀疏注意力未配置，将使用全连接注意力
⚠️ 警告: 稀疏注意力未配置，将使用全连接注意力
⚠️ 警告: 稀疏注意力未配置，将使用全连接注意力
⚠️ 警告: 稀疏注意力未配置，将使用全连接注意力
⚠️ 警告: 稀疏注意力未配置，将使用全连接注意力
⚠️ 警告: 稀疏注意力未配置，将使用全连接注意力
⚠️ 警告: 稀疏注意力未配置，将使用全连接注意力
Valid : loss:1.26e-02  =  1.16e-02 + alpha*1.36e-03
⚠️ 警告: 稀疏注意力未配置，将使用全连接注意力
⚠️ 警告: 稀疏注意力未配置，将使用全连接注意力
⚠️ 警告: 稀疏注意力未配置，将使用全连接注意力
⚠️ 警告: 稀疏注意力未配置，将使用全连接注意力
⚠️ 警告: 稀疏注意力未配置，将使用全连接注意力
⚠️ 警告: 稀疏注意力未配置，将使用全连接注意力
⚠️ 警告: 稀疏注意力未配置，将使用全连接注意力
⚠️ 警告: 稀疏注意力未配置，将使用全连接注意力
⚠️ 警告: 稀疏注意力未配置，将使用全连接注意力
⚠️ 警告: 稀疏注意力未配置，将使用全连接注意力
⚠️ 警告: 稀疏注意力未配置，将使用全连接注意力
⚠️ 警告: 稀疏注意力未配置，将使用全连接注意力
⚠️ 警告: 稀疏注意力未配置，将使用全连接注意力
⚠️ 警告: 稀疏注意力未配置，将使用全连接注意力
⚠️ 警告: 稀疏注意力未配置，将使用全连接注意力
⚠️ 警告: 稀疏注意力未配置，将使用全连接注意力
⚠️ 警告: 稀疏注意力未配置，将使用全连接注意力
⚠️ 警告: 稀疏注意力未配置，将使用全连接注意力
⚠️ 警告: 稀疏注意力未配置，将使用全连接注意力
⚠️ 警告: 稀疏注意力未配置，将使用全连接注意力
⚠️ 警告: 稀疏注意力未配置，将使用全连接注意力
⚠️ 警告: 稀疏注意力未配置，将使用全连接注意力
⚠️ 警告: 稀疏注意力未配置，将使用全连接注意力
⚠️ 警告: 稀疏注意力未配置，将使用全连接注意力
⚠️ 警告: 稀疏注意力未配置，将使用全连接注意力
⚠️ 警告: 稀疏注意力未配置，将使用全连接注意力
⚠️ 警告: 稀疏注意力未配置，将使用全连接注意力
⚠️ 警告: 稀疏注意力未配置，将使用全连接注意力
⚠️ 警告: 稀疏注意力未配置，将使用全连接注意力
⚠️ 警告: 稀疏注意力未配置，将使用全连接注意力
⚠️ 警告: 稀疏注意力未配置，将使用全连接注意力
⚠️ 警告: 稀疏注意力未配置，将使用全连接注意力
⚠️ 警告: 稀疏注意力未配置，将使用全连接注意力
⚠️ 警告: 稀疏注意力未配置，将使用全连接注意力
⚠️ 警告: 稀疏注意力未配置，将使用全连接注意力
⚠️ 警告: 稀疏注意力未配置，将使用全连接注意力
⚠️ 警告: 稀疏注意力未配置，将使用全连接注意力
⚠️ 警告: 稀疏注意力未配置，将使用全连接注意力
⚠️ 警告: 稀疏注意力未配置，将使用全连接注意力
⚠️ 警告: 稀疏注意力未配置，将使用全连接注意力
⚠️ 警告: 稀疏注意力未配置，将使用全连接注意力
⚠️ 警告: 稀疏注意力未配置，将使用全连接注意力
⚠️ 警告: 稀疏注意力未配置，将使用全连接注意力
⚠️ 警告: 稀疏注意力未配置，将使用全连接注意力
⚠️ 警告: 稀疏注意力未配置，将使用全连接注意力
⚠️ 警告: 稀疏注意力未配置，将使用全连接注意力
⚠️ 警告: 稀疏注意力未配置，将使用全连接注意力
⚠️ 警告: 稀疏注意力未配置，将使用全连接注意力
⚠️ 警告: 稀疏注意力未配置，将使用全连接注意力
⚠️ 警告: 稀疏注意力未配置，将使用全连接注意力
⚠️ 警告: 稀疏注意力未配置，将使用全连接注意力
Test: loss:1.24e-02  =  1.13e-02 + alpha*1.37e-03
Valid performance:
 mse:1.16e-02, IC:-7.31e-03, RIC:-3.89e-02, prec@10:5.18e-01, SR:1.53e+00
Test performance:
 mse:1.13e-02, IC:-6.25e-03, RIC:-5.39e-02, prec@10:5.04e-01, SR:4.44e-01 


epoch26##########################################################
⚠️ 警告: 稀疏注意力未配置，将使用全连接注意力
⚠️ 警告: 稀疏注意力未配置，将使用全连接注意力
⚠️ 警告: 稀疏注意力未配置，将使用全连接注意力
⚠️ 警告: 稀疏注意力未配置，将使用全连接注意力
⚠️ 警告: 稀疏注意力未配置，将使用全连接注意力
⚠️ 警告: 稀疏注意力未配置，将使用全连接注意力
⚠️ 警告: 稀疏注意力未配置，将使用全连接注意力
⚠️ 警告: 稀疏注意力未配置，将使用全连接注意力
⚠️ 警告: 稀疏注意力未配置，将使用全连接注意力
⚠️ 警告: 稀疏注意力未配置，将使用全连接注意力
⚠️ 警告: 稀疏注意力未配置，将使用全连接注意力
⚠️ 警告: 稀疏注意力未配置，将使用全连接注意力
⚠️ 警告: 稀疏注意力未配置，将使用全连接注意力
⚠️ 警告: 稀疏注意力未配置，将使用全连接注意力
⚠️ 警告: 稀疏注意力未配置，将使用全连接注意力
⚠️ 警告: 稀疏注意力未配置，将使用全连接注意力
⚠️ 警告: 稀疏注意力未配置，将使用全连接注意力
⚠️ 警告: 稀疏注意力未配置，将使用全连接注意力
⚠️ 警告: 稀疏注意力未配置，将使用全连接注意力
⚠️ 警告: 稀疏注意力未配置，将使用全连接注意力
⚠️ 警告: 稀疏注意力未配置，将使用全连接注意力
⚠️ 警告: 稀疏注意力未配置，将使用全连接注意力
⚠️ 警告: 稀疏注意力未配置，将使用全连接注意力
⚠️ 警告: 稀疏注意力未配置，将使用全连接注意力
⚠️ 警告: 稀疏注意力未配置，将使用全连接注意力
⚠️ 警告: 稀疏注意力未配置，将使用全连接注意力
⚠️ 警告: 稀疏注意力未配置，将使用全连接注意力
⚠️ 警告: 稀疏注意力未配置，将使用全连接注意力
⚠️ 警告: 稀疏注意力未配置，将使用全连接注意力
⚠️ 警告: 稀疏注意力未配置，将使用全连接注意力
⚠️ 警告: 稀疏注意力未配置，将使用全连接注意力
⚠️ 警告: 稀疏注意力未配置，将使用全连接注意力
⚠️ 警告: 稀疏注意力未配置，将使用全连接注意力
⚠️ 警告: 稀疏注意力未配置，将使用全连接注意力
⚠️ 警告: 稀疏注意力未配置，将使用全连接注意力
⚠️ 警告: 稀疏注意力未配置，将使用全连接注意力
⚠️ 警告: 稀疏注意力未配置，将使用全连接注意力
⚠️ 警告: 稀疏注意力未配置，将使用全连接注意力
⚠️ 警告: 稀疏注意力未配置，将使用全连接注意力
⚠️ 警告: 稀疏注意力未配置，将使用全连接注意力
⚠️ 警告: 稀疏注意力未配置，将使用全连接注意力
⚠️ 警告: 稀疏注意力未配置，将使用全连接注意力
⚠️ 警告: 稀疏注意力未配置，将使用全连接注意力
⚠️ 警告: 稀疏注意力未配置，将使用全连接注意力
⚠️ 警告: 稀疏注意力未配置，将使用全连接注意力
⚠️ 警告: 稀疏注意力未配置，将使用全连接注意力
⚠️ 警告: 稀疏注意力未配置，将使用全连接注意力
⚠️ 警告: 稀疏注意力未配置，将使用全连接注意力
⚠️ 警告: 稀疏注意力未配置，将使用全连接注意力
⚠️ 警告: 稀疏注意力未配置，将使用全连接注意力
⚠️ 警告: 稀疏注意力未配置，将使用全连接注意力
⚠️ 警告: 稀疏注意力未配置，将使用全连接注意力
⚠️ 警告: 稀疏注意力未配置，将使用全连接注意力
⚠️ 警告: 稀疏注意力未配置，将使用全连接注意力
⚠️ 警告: 稀疏注意力未配置，将使用全连接注意力
⚠️ 警告: 稀疏注意力未配置，将使用全连接注意力
⚠️ 警告: 稀疏注意力未配置，将使用全连接注意力
⚠️ 警告: 稀疏注意力未配置，将使用全连接注意力
⚠️ 警告: 稀疏注意力未配置，将使用全连接注意力
⚠️ 警告: 稀疏注意力未配置，将使用全连接注意力
⚠️ 警告: 稀疏注意力未配置，将使用全连接注意力
⚠️ 警告: 稀疏注意力未配置，将使用全连接注意力
⚠️ 警告: 稀疏注意力未配置，将使用全连接注意力
⚠️ 警告: 稀疏注意力未配置，将使用全连接注意力
⚠️ 警告: 稀疏注意力未配置，将使用全连接注意力
⚠️ 警告: 稀疏注意力未配置，将使用全连接注意力
⚠️ 警告: 稀疏注意力未配置，将使用全连接注意力
⚠️ 警告: 稀疏注意力未配置，将使用全连接注意力
⚠️ 警告: 稀疏注意力未配置，将使用全连接注意力
⚠️ 警告: 稀疏注意力未配置，将使用全连接注意力
⚠️ 警告: 稀疏注意力未配置，将使用全连接注意力
⚠️ 警告: 稀疏注意力未配置，将使用全连接注意力
⚠️ 警告: 稀疏注意力未配置，将使用全连接注意力
⚠️ 警告: 稀疏注意力未配置，将使用全连接注意力
⚠️ 警告: 稀疏注意力未配置，将使用全连接注意力
⚠️ 警告: 稀疏注意力未配置，将使用全连接注意力
⚠️ 警告: 稀疏注意力未配置，将使用全连接注意力
⚠️ 警告: 稀疏注意力未配置，将使用全连接注意力
⚠️ 警告: 稀疏注意力未配置，将使用全连接注意力
⚠️ 警告: 稀疏注意力未配置，将使用全连接注意力
⚠️ 警告: 稀疏注意力未配置，将使用全连接注意力
⚠️ 警告: 稀疏注意力未配置，将使用全连接注意力
⚠️ 警告: 稀疏注意力未配置，将使用全连接注意力
⚠️ 警告: 稀疏注意力未配置，将使用全连接注意力
⚠️ 警告: 稀疏注意力未配置，将使用全连接注意力
⚠️ 警告: 稀疏注意力未配置，将使用全连接注意力
⚠️ 警告: 稀疏注意力未配置，将使用全连接注意力
⚠️ 警告: 稀疏注意力未配置，将使用全连接注意力
⚠️ 警告: 稀疏注意力未配置，将使用全连接注意力
⚠️ 警告: 稀疏注意力未配置，将使用全连接注意力
⚠️ 警告: 稀疏注意力未配置，将使用全连接注意力
⚠️ 警告: 稀疏注意力未配置，将使用全连接注意力
⚠️ 警告: 稀疏注意力未配置，将使用全连接注意力
⚠️ 警告: 稀疏注意力未配置，将使用全连接注意力
⚠️ 警告: 稀疏注意力未配置，将使用全连接注意力
⚠️ 警告: 稀疏注意力未配置，将使用全连接注意力
⚠️ 警告: 稀疏注意力未配置，将使用全连接注意力
⚠️ 警告: 稀疏注意力未配置，将使用全连接注意力
⚠️ 警告: 稀疏注意力未配置，将使用全连接注意力
⚠️ 警告: 稀疏注意力未配置，将使用全连接注意力
⚠️ 警告: 稀疏注意力未配置，将使用全连接注意力
⚠️ 警告: 稀疏注意力未配置，将使用全连接注意力
⚠️ 警告: 稀疏注意力未配置，将使用全连接注意力
⚠️ 警告: 稀疏注意力未配置，将使用全连接注意力
⚠️ 警告: 稀疏注意力未配置，将使用全连接注意力
⚠️ 警告: 稀疏注意力未配置，将使用全连接注意力
⚠️ 警告: 稀疏注意力未配置，将使用全连接注意力
⚠️ 警告: 稀疏注意力未配置，将使用全连接注意力
⚠️ 警告: 稀疏注意力未配置，将使用全连接注意力
⚠️ 警告: 稀疏注意力未配置，将使用全连接注意力
⚠️ 警告: 稀疏注意力未配置，将使用全连接注意力
⚠️ 警告: 稀疏注意力未配置，将使用全连接注意力
⚠️ 警告: 稀疏注意力未配置，将使用全连接注意力
⚠️ 警告: 稀疏注意力未配置，将使用全连接注意力
⚠️ 警告: 稀疏注意力未配置，将使用全连接注意力
⚠️ 警告: 稀疏注意力未配置，将使用全连接注意力
⚠️ 警告: 稀疏注意力未配置，将使用全连接注意力
⚠️ 警告: 稀疏注意力未配置，将使用全连接注意力
⚠️ 警告: 稀疏注意力未配置，将使用全连接注意力
Train : loss:5.35e-03  =  4.77e-03 + alpha*7.77e-04
⚠️ 警告: 稀疏注意力未配置，将使用全连接注意力
⚠️ 警告: 稀疏注意力未配置，将使用全连接注意力
⚠️ 警告: 稀疏注意力未配置，将使用全连接注意力
⚠️ 警告: 稀疏注意力未配置，将使用全连接注意力
⚠️ 警告: 稀疏注意力未配置，将使用全连接注意力
⚠️ 警告: 稀疏注意力未配置，将使用全连接注意力
⚠️ 警告: 稀疏注意力未配置，将使用全连接注意力
⚠️ 警告: 稀疏注意力未配置，将使用全连接注意力
⚠️ 警告: 稀疏注意力未配置，将使用全连接注意力
⚠️ 警告: 稀疏注意力未配置，将使用全连接注意力
⚠️ 警告: 稀疏注意力未配置，将使用全连接注意力
⚠️ 警告: 稀疏注意力未配置，将使用全连接注意力
⚠️ 警告: 稀疏注意力未配置，将使用全连接注意力
⚠️ 警告: 稀疏注意力未配置，将使用全连接注意力
⚠️ 警告: 稀疏注意力未配置，将使用全连接注意力
⚠️ 警告: 稀疏注意力未配置，将使用全连接注意力
⚠️ 警告: 稀疏注意力未配置，将使用全连接注意力
⚠️ 警告: 稀疏注意力未配置，将使用全连接注意力
⚠️ 警告: 稀疏注意力未配置，将使用全连接注意力
⚠️ 警告: 稀疏注意力未配置，将使用全连接注意力
⚠️ 警告: 稀疏注意力未配置，将使用全连接注意力
⚠️ 警告: 稀疏注意力未配置，将使用全连接注意力
⚠️ 警告: 稀疏注意力未配置，将使用全连接注意力
⚠️ 警告: 稀疏注意力未配置，将使用全连接注意力
⚠️ 警告: 稀疏注意力未配置，将使用全连接注意力
⚠️ 警告: 稀疏注意力未配置，将使用全连接注意力
⚠️ 警告: 稀疏注意力未配置，将使用全连接注意力
⚠️ 警告: 稀疏注意力未配置，将使用全连接注意力
⚠️ 警告: 稀疏注意力未配置，将使用全连接注意力
⚠️ 警告: 稀疏注意力未配置，将使用全连接注意力
⚠️ 警告: 稀疏注意力未配置，将使用全连接注意力
⚠️ 警告: 稀疏注意力未配置，将使用全连接注意力
⚠️ 警告: 稀疏注意力未配置，将使用全连接注意力
⚠️ 警告: 稀疏注意力未配置，将使用全连接注意力
⚠️ 警告: 稀疏注意力未配置，将使用全连接注意力
⚠️ 警告: 稀疏注意力未配置，将使用全连接注意力
⚠️ 警告: 稀疏注意力未配置，将使用全连接注意力
⚠️ 警告: 稀疏注意力未配置，将使用全连接注意力
⚠️ 警告: 稀疏注意力未配置，将使用全连接注意力
⚠️ 警告: 稀疏注意力未配置，将使用全连接注意力
⚠️ 警告: 稀疏注意力未配置，将使用全连接注意力
⚠️ 警告: 稀疏注意力未配置，将使用全连接注意力
⚠️ 警告: 稀疏注意力未配置，将使用全连接注意力
⚠️ 警告: 稀疏注意力未配置，将使用全连接注意力
⚠️ 警告: 稀疏注意力未配置，将使用全连接注意力
⚠️ 警告: 稀疏注意力未配置，将使用全连接注意力
⚠️ 警告: 稀疏注意力未配置，将使用全连接注意力
⚠️ 警告: 稀疏注意力未配置，将使用全连接注意力
⚠️ 警告: 稀疏注意力未配置，将使用全连接注意力
⚠️ 警告: 稀疏注意力未配置，将使用全连接注意力
Valid : loss:1.30e-02  =  1.20e-02 + alpha*1.35e-03
⚠️ 警告: 稀疏注意力未配置，将使用全连接注意力
⚠️ 警告: 稀疏注意力未配置，将使用全连接注意力
⚠️ 警告: 稀疏注意力未配置，将使用全连接注意力
⚠️ 警告: 稀疏注意力未配置，将使用全连接注意力
⚠️ 警告: 稀疏注意力未配置，将使用全连接注意力
⚠️ 警告: 稀疏注意力未配置，将使用全连接注意力
⚠️ 警告: 稀疏注意力未配置，将使用全连接注意力
⚠️ 警告: 稀疏注意力未配置，将使用全连接注意力
⚠️ 警告: 稀疏注意力未配置，将使用全连接注意力
⚠️ 警告: 稀疏注意力未配置，将使用全连接注意力
⚠️ 警告: 稀疏注意力未配置，将使用全连接注意力
⚠️ 警告: 稀疏注意力未配置，将使用全连接注意力
⚠️ 警告: 稀疏注意力未配置，将使用全连接注意力
⚠️ 警告: 稀疏注意力未配置，将使用全连接注意力
⚠️ 警告: 稀疏注意力未配置，将使用全连接注意力
⚠️ 警告: 稀疏注意力未配置，将使用全连接注意力
⚠️ 警告: 稀疏注意力未配置，将使用全连接注意力
⚠️ 警告: 稀疏注意力未配置，将使用全连接注意力
⚠️ 警告: 稀疏注意力未配置，将使用全连接注意力
⚠️ 警告: 稀疏注意力未配置，将使用全连接注意力
⚠️ 警告: 稀疏注意力未配置，将使用全连接注意力
⚠️ 警告: 稀疏注意力未配置，将使用全连接注意力
⚠️ 警告: 稀疏注意力未配置，将使用全连接注意力
⚠️ 警告: 稀疏注意力未配置，将使用全连接注意力
⚠️ 警告: 稀疏注意力未配置，将使用全连接注意力
⚠️ 警告: 稀疏注意力未配置，将使用全连接注意力
⚠️ 警告: 稀疏注意力未配置，将使用全连接注意力
⚠️ 警告: 稀疏注意力未配置，将使用全连接注意力
⚠️ 警告: 稀疏注意力未配置，将使用全连接注意力
⚠️ 警告: 稀疏注意力未配置，将使用全连接注意力
⚠️ 警告: 稀疏注意力未配置，将使用全连接注意力
⚠️ 警告: 稀疏注意力未配置，将使用全连接注意力
⚠️ 警告: 稀疏注意力未配置，将使用全连接注意力
⚠️ 警告: 稀疏注意力未配置，将使用全连接注意力
⚠️ 警告: 稀疏注意力未配置，将使用全连接注意力
⚠️ 警告: 稀疏注意力未配置，将使用全连接注意力
⚠️ 警告: 稀疏注意力未配置，将使用全连接注意力
⚠️ 警告: 稀疏注意力未配置，将使用全连接注意力
⚠️ 警告: 稀疏注意力未配置，将使用全连接注意力
⚠️ 警告: 稀疏注意力未配置，将使用全连接注意力
⚠️ 警告: 稀疏注意力未配置，将使用全连接注意力
⚠️ 警告: 稀疏注意力未配置，将使用全连接注意力
⚠️ 警告: 稀疏注意力未配置，将使用全连接注意力
⚠️ 警告: 稀疏注意力未配置，将使用全连接注意力
⚠️ 警告: 稀疏注意力未配置，将使用全连接注意力
⚠️ 警告: 稀疏注意力未配置，将使用全连接注意力
⚠️ 警告: 稀疏注意力未配置，将使用全连接注意力
⚠️ 警告: 稀疏注意力未配置，将使用全连接注意力
⚠️ 警告: 稀疏注意力未配置，将使用全连接注意力
⚠️ 警告: 稀疏注意力未配置，将使用全连接注意力
⚠️ 警告: 稀疏注意力未配置，将使用全连接注意力
Test: loss:1.32e-02  =  1.22e-02 + alpha*1.37e-03
Valid performance:
 mse:1.20e-02, IC:-4.15e-03, RIC:-2.15e-02, prec@10:4.90e-01, SR:7.45e-01
Test performance:
 mse:1.22e-02, IC:-4.63e-03, RIC:-3.86e-02, prec@10:5.06e-01, SR:-3.17e-01 


epoch27##########################################################
⚠️ 警告: 稀疏注意力未配置，将使用全连接注意力
⚠️ 警告: 稀疏注意力未配置，将使用全连接注意力
⚠️ 警告: 稀疏注意力未配置，将使用全连接注意力
⚠️ 警告: 稀疏注意力未配置，将使用全连接注意力
⚠️ 警告: 稀疏注意力未配置，将使用全连接注意力
⚠️ 警告: 稀疏注意力未配置，将使用全连接注意力
⚠️ 警告: 稀疏注意力未配置，将使用全连接注意力
⚠️ 警告: 稀疏注意力未配置，将使用全连接注意力
⚠️ 警告: 稀疏注意力未配置，将使用全连接注意力
⚠️ 警告: 稀疏注意力未配置，将使用全连接注意力
⚠️ 警告: 稀疏注意力未配置，将使用全连接注意力
⚠️ 警告: 稀疏注意力未配置，将使用全连接注意力
⚠️ 警告: 稀疏注意力未配置，将使用全连接注意力
⚠️ 警告: 稀疏注意力未配置，将使用全连接注意力
⚠️ 警告: 稀疏注意力未配置，将使用全连接注意力
⚠️ 警告: 稀疏注意力未配置，将使用全连接注意力
⚠️ 警告: 稀疏注意力未配置，将使用全连接注意力
⚠️ 警告: 稀疏注意力未配置，将使用全连接注意力
⚠️ 警告: 稀疏注意力未配置，将使用全连接注意力
⚠️ 警告: 稀疏注意力未配置，将使用全连接注意力
⚠️ 警告: 稀疏注意力未配置，将使用全连接注意力
⚠️ 警告: 稀疏注意力未配置，将使用全连接注意力
⚠️ 警告: 稀疏注意力未配置，将使用全连接注意力
⚠️ 警告: 稀疏注意力未配置，将使用全连接注意力
⚠️ 警告: 稀疏注意力未配置，将使用全连接注意力
⚠️ 警告: 稀疏注意力未配置，将使用全连接注意力
⚠️ 警告: 稀疏注意力未配置，将使用全连接注意力
⚠️ 警告: 稀疏注意力未配置，将使用全连接注意力
⚠️ 警告: 稀疏注意力未配置，将使用全连接注意力
⚠️ 警告: 稀疏注意力未配置，将使用全连接注意力
⚠️ 警告: 稀疏注意力未配置，将使用全连接注意力
⚠️ 警告: 稀疏注意力未配置，将使用全连接注意力
⚠️ 警告: 稀疏注意力未配置，将使用全连接注意力
⚠️ 警告: 稀疏注意力未配置，将使用全连接注意力
⚠️ 警告: 稀疏注意力未配置，将使用全连接注意力
⚠️ 警告: 稀疏注意力未配置，将使用全连接注意力
⚠️ 警告: 稀疏注意力未配置，将使用全连接注意力
⚠️ 警告: 稀疏注意力未配置，将使用全连接注意力
⚠️ 警告: 稀疏注意力未配置，将使用全连接注意力
⚠️ 警告: 稀疏注意力未配置，将使用全连接注意力
⚠️ 警告: 稀疏注意力未配置，将使用全连接注意力
⚠️ 警告: 稀疏注意力未配置，将使用全连接注意力
⚠️ 警告: 稀疏注意力未配置，将使用全连接注意力
⚠️ 警告: 稀疏注意力未配置，将使用全连接注意力
⚠️ 警告: 稀疏注意力未配置，将使用全连接注意力
⚠️ 警告: 稀疏注意力未配置，将使用全连接注意力
⚠️ 警告: 稀疏注意力未配置，将使用全连接注意力
⚠️ 警告: 稀疏注意力未配置，将使用全连接注意力
⚠️ 警告: 稀疏注意力未配置，将使用全连接注意力
⚠️ 警告: 稀疏注意力未配置，将使用全连接注意力
⚠️ 警告: 稀疏注意力未配置，将使用全连接注意力
⚠️ 警告: 稀疏注意力未配置，将使用全连接注意力
⚠️ 警告: 稀疏注意力未配置，将使用全连接注意力
⚠️ 警告: 稀疏注意力未配置，将使用全连接注意力
⚠️ 警告: 稀疏注意力未配置，将使用全连接注意力
⚠️ 警告: 稀疏注意力未配置，将使用全连接注意力
⚠️ 警告: 稀疏注意力未配置，将使用全连接注意力
⚠️ 警告: 稀疏注意力未配置，将使用全连接注意力
⚠️ 警告: 稀疏注意力未配置，将使用全连接注意力
⚠️ 警告: 稀疏注意力未配置，将使用全连接注意力
⚠️ 警告: 稀疏注意力未配置，将使用全连接注意力
⚠️ 警告: 稀疏注意力未配置，将使用全连接注意力
⚠️ 警告: 稀疏注意力未配置，将使用全连接注意力
⚠️ 警告: 稀疏注意力未配置，将使用全连接注意力
⚠️ 警告: 稀疏注意力未配置，将使用全连接注意力
⚠️ 警告: 稀疏注意力未配置，将使用全连接注意力
⚠️ 警告: 稀疏注意力未配置，将使用全连接注意力
⚠️ 警告: 稀疏注意力未配置，将使用全连接注意力
⚠️ 警告: 稀疏注意力未配置，将使用全连接注意力
⚠️ 警告: 稀疏注意力未配置，将使用全连接注意力
⚠️ 警告: 稀疏注意力未配置，将使用全连接注意力
⚠️ 警告: 稀疏注意力未配置，将使用全连接注意力
⚠️ 警告: 稀疏注意力未配置，将使用全连接注意力
⚠️ 警告: 稀疏注意力未配置，将使用全连接注意力
⚠️ 警告: 稀疏注意力未配置，将使用全连接注意力
⚠️ 警告: 稀疏注意力未配置，将使用全连接注意力
⚠️ 警告: 稀疏注意力未配置，将使用全连接注意力
⚠️ 警告: 稀疏注意力未配置，将使用全连接注意力
⚠️ 警告: 稀疏注意力未配置，将使用全连接注意力
⚠️ 警告: 稀疏注意力未配置，将使用全连接注意力
⚠️ 警告: 稀疏注意力未配置，将使用全连接注意力
⚠️ 警告: 稀疏注意力未配置，将使用全连接注意力
⚠️ 警告: 稀疏注意力未配置，将使用全连接注意力
⚠️ 警告: 稀疏注意力未配置，将使用全连接注意力
⚠️ 警告: 稀疏注意力未配置，将使用全连接注意力
⚠️ 警告: 稀疏注意力未配置，将使用全连接注意力
⚠️ 警告: 稀疏注意力未配置，将使用全连接注意力
⚠️ 警告: 稀疏注意力未配置，将使用全连接注意力
⚠️ 警告: 稀疏注意力未配置，将使用全连接注意力
⚠️ 警告: 稀疏注意力未配置，将使用全连接注意力
⚠️ 警告: 稀疏注意力未配置，将使用全连接注意力
⚠️ 警告: 稀疏注意力未配置，将使用全连接注意力
⚠️ 警告: 稀疏注意力未配置，将使用全连接注意力
⚠️ 警告: 稀疏注意力未配置，将使用全连接注意力
⚠️ 警告: 稀疏注意力未配置，将使用全连接注意力
⚠️ 警告: 稀疏注意力未配置，将使用全连接注意力
⚠️ 警告: 稀疏注意力未配置，将使用全连接注意力
⚠️ 警告: 稀疏注意力未配置，将使用全连接注意力
⚠️ 警告: 稀疏注意力未配置，将使用全连接注意力
⚠️ 警告: 稀疏注意力未配置，将使用全连接注意力
⚠️ 警告: 稀疏注意力未配置，将使用全连接注意力
⚠️ 警告: 稀疏注意力未配置，将使用全连接注意力
⚠️ 警告: 稀疏注意力未配置，将使用全连接注意力
⚠️ 警告: 稀疏注意力未配置，将使用全连接注意力
⚠️ 警告: 稀疏注意力未配置，将使用全连接注意力
⚠️ 警告: 稀疏注意力未配置，将使用全连接注意力
⚠️ 警告: 稀疏注意力未配置，将使用全连接注意力
⚠️ 警告: 稀疏注意力未配置，将使用全连接注意力
⚠️ 警告: 稀疏注意力未配置，将使用全连接注意力
⚠️ 警告: 稀疏注意力未配置，将使用全连接注意力
⚠️ 警告: 稀疏注意力未配置，将使用全连接注意力
⚠️ 警告: 稀疏注意力未配置，将使用全连接注意力
⚠️ 警告: 稀疏注意力未配置，将使用全连接注意力
⚠️ 警告: 稀疏注意力未配置，将使用全连接注意力
⚠️ 警告: 稀疏注意力未配置，将使用全连接注意力
⚠️ 警告: 稀疏注意力未配置，将使用全连接注意力
⚠️ 警告: 稀疏注意力未配置，将使用全连接注意力
⚠️ 警告: 稀疏注意力未配置，将使用全连接注意力
⚠️ 警告: 稀疏注意力未配置，将使用全连接注意力
Train : loss:5.06e-03  =  4.50e-03 + alpha*7.47e-04
⚠️ 警告: 稀疏注意力未配置，将使用全连接注意力
⚠️ 警告: 稀疏注意力未配置，将使用全连接注意力
⚠️ 警告: 稀疏注意力未配置，将使用全连接注意力
⚠️ 警告: 稀疏注意力未配置，将使用全连接注意力
⚠️ 警告: 稀疏注意力未配置，将使用全连接注意力
⚠️ 警告: 稀疏注意力未配置，将使用全连接注意力
⚠️ 警告: 稀疏注意力未配置，将使用全连接注意力
⚠️ 警告: 稀疏注意力未配置，将使用全连接注意力
⚠️ 警告: 稀疏注意力未配置，将使用全连接注意力
⚠️ 警告: 稀疏注意力未配置，将使用全连接注意力
⚠️ 警告: 稀疏注意力未配置，将使用全连接注意力
⚠️ 警告: 稀疏注意力未配置，将使用全连接注意力
⚠️ 警告: 稀疏注意力未配置，将使用全连接注意力
⚠️ 警告: 稀疏注意力未配置，将使用全连接注意力
⚠️ 警告: 稀疏注意力未配置，将使用全连接注意力
⚠️ 警告: 稀疏注意力未配置，将使用全连接注意力
⚠️ 警告: 稀疏注意力未配置，将使用全连接注意力
⚠️ 警告: 稀疏注意力未配置，将使用全连接注意力
⚠️ 警告: 稀疏注意力未配置，将使用全连接注意力
⚠️ 警告: 稀疏注意力未配置，将使用全连接注意力
⚠️ 警告: 稀疏注意力未配置，将使用全连接注意力
⚠️ 警告: 稀疏注意力未配置，将使用全连接注意力
⚠️ 警告: 稀疏注意力未配置，将使用全连接注意力
⚠️ 警告: 稀疏注意力未配置，将使用全连接注意力
⚠️ 警告: 稀疏注意力未配置，将使用全连接注意力
⚠️ 警告: 稀疏注意力未配置，将使用全连接注意力
⚠️ 警告: 稀疏注意力未配置，将使用全连接注意力
⚠️ 警告: 稀疏注意力未配置，将使用全连接注意力
⚠️ 警告: 稀疏注意力未配置，将使用全连接注意力
⚠️ 警告: 稀疏注意力未配置，将使用全连接注意力
⚠️ 警告: 稀疏注意力未配置，将使用全连接注意力
⚠️ 警告: 稀疏注意力未配置，将使用全连接注意力
⚠️ 警告: 稀疏注意力未配置，将使用全连接注意力
⚠️ 警告: 稀疏注意力未配置，将使用全连接注意力
⚠️ 警告: 稀疏注意力未配置，将使用全连接注意力
⚠️ 警告: 稀疏注意力未配置，将使用全连接注意力
⚠️ 警告: 稀疏注意力未配置，将使用全连接注意力
⚠️ 警告: 稀疏注意力未配置，将使用全连接注意力
⚠️ 警告: 稀疏注意力未配置，将使用全连接注意力
⚠️ 警告: 稀疏注意力未配置，将使用全连接注意力
⚠️ 警告: 稀疏注意力未配置，将使用全连接注意力
⚠️ 警告: 稀疏注意力未配置，将使用全连接注意力
⚠️ 警告: 稀疏注意力未配置，将使用全连接注意力
⚠️ 警告: 稀疏注意力未配置，将使用全连接注意力
⚠️ 警告: 稀疏注意力未配置，将使用全连接注意力
⚠️ 警告: 稀疏注意力未配置，将使用全连接注意力
⚠️ 警告: 稀疏注意力未配置，将使用全连接注意力
⚠️ 警告: 稀疏注意力未配置，将使用全连接注意力
⚠️ 警告: 稀疏注意力未配置，将使用全连接注意力
⚠️ 警告: 稀疏注意力未配置，将使用全连接注意力
Valid : loss:1.36e-02  =  1.26e-02 + alpha*1.34e-03
⚠️ 警告: 稀疏注意力未配置，将使用全连接注意力
⚠️ 警告: 稀疏注意力未配置，将使用全连接注意力
⚠️ 警告: 稀疏注意力未配置，将使用全连接注意力
⚠️ 警告: 稀疏注意力未配置，将使用全连接注意力
⚠️ 警告: 稀疏注意力未配置，将使用全连接注意力
⚠️ 警告: 稀疏注意力未配置，将使用全连接注意力
⚠️ 警告: 稀疏注意力未配置，将使用全连接注意力
⚠️ 警告: 稀疏注意力未配置，将使用全连接注意力
⚠️ 警告: 稀疏注意力未配置，将使用全连接注意力
⚠️ 警告: 稀疏注意力未配置，将使用全连接注意力
⚠️ 警告: 稀疏注意力未配置，将使用全连接注意力
⚠️ 警告: 稀疏注意力未配置，将使用全连接注意力
⚠️ 警告: 稀疏注意力未配置，将使用全连接注意力
⚠️ 警告: 稀疏注意力未配置，将使用全连接注意力
⚠️ 警告: 稀疏注意力未配置，将使用全连接注意力
⚠️ 警告: 稀疏注意力未配置，将使用全连接注意力
⚠️ 警告: 稀疏注意力未配置，将使用全连接注意力
⚠️ 警告: 稀疏注意力未配置，将使用全连接注意力
⚠️ 警告: 稀疏注意力未配置，将使用全连接注意力
⚠️ 警告: 稀疏注意力未配置，将使用全连接注意力
⚠️ 警告: 稀疏注意力未配置，将使用全连接注意力
⚠️ 警告: 稀疏注意力未配置，将使用全连接注意力
⚠️ 警告: 稀疏注意力未配置，将使用全连接注意力
⚠️ 警告: 稀疏注意力未配置，将使用全连接注意力
⚠️ 警告: 稀疏注意力未配置，将使用全连接注意力
⚠️ 警告: 稀疏注意力未配置，将使用全连接注意力
⚠️ 警告: 稀疏注意力未配置，将使用全连接注意力
⚠️ 警告: 稀疏注意力未配置，将使用全连接注意力
⚠️ 警告: 稀疏注意力未配置，将使用全连接注意力
⚠️ 警告: 稀疏注意力未配置，将使用全连接注意力
⚠️ 警告: 稀疏注意力未配置，将使用全连接注意力
⚠️ 警告: 稀疏注意力未配置，将使用全连接注意力
⚠️ 警告: 稀疏注意力未配置，将使用全连接注意力
⚠️ 警告: 稀疏注意力未配置，将使用全连接注意力
⚠️ 警告: 稀疏注意力未配置，将使用全连接注意力
⚠️ 警告: 稀疏注意力未配置，将使用全连接注意力
⚠️ 警告: 稀疏注意力未配置，将使用全连接注意力
⚠️ 警告: 稀疏注意力未配置，将使用全连接注意力
⚠️ 警告: 稀疏注意力未配置，将使用全连接注意力
⚠️ 警告: 稀疏注意力未配置，将使用全连接注意力
⚠️ 警告: 稀疏注意力未配置，将使用全连接注意力
⚠️ 警告: 稀疏注意力未配置，将使用全连接注意力
⚠️ 警告: 稀疏注意力未配置，将使用全连接注意力
⚠️ 警告: 稀疏注意力未配置，将使用全连接注意力
⚠️ 警告: 稀疏注意力未配置，将使用全连接注意力
⚠️ 警告: 稀疏注意力未配置，将使用全连接注意力
⚠️ 警告: 稀疏注意力未配置，将使用全连接注意力
⚠️ 警告: 稀疏注意力未配置，将使用全连接注意力
⚠️ 警告: 稀疏注意力未配置，将使用全连接注意力
⚠️ 警告: 稀疏注意力未配置，将使用全连接注意力
⚠️ 警告: 稀疏注意力未配置，将使用全连接注意力
Test: loss:1.44e-02  =  1.34e-02 + alpha*1.36e-03
Valid performance:
 mse:1.26e-02, IC:-3.41e-03, RIC:-1.77e-02, prec@10:4.96e-01, SR:8.31e-01
Test performance:
 mse:1.34e-02, IC:-5.08e-03, RIC:-4.19e-02, prec@10:5.18e-01, SR:2.76e-01 


epoch28##########################################################
⚠️ 警告: 稀疏注意力未配置，将使用全连接注意力
⚠️ 警告: 稀疏注意力未配置，将使用全连接注意力
⚠️ 警告: 稀疏注意力未配置，将使用全连接注意力
⚠️ 警告: 稀疏注意力未配置，将使用全连接注意力
⚠️ 警告: 稀疏注意力未配置，将使用全连接注意力
⚠️ 警告: 稀疏注意力未配置，将使用全连接注意力
⚠️ 警告: 稀疏注意力未配置，将使用全连接注意力
⚠️ 警告: 稀疏注意力未配置，将使用全连接注意力
⚠️ 警告: 稀疏注意力未配置，将使用全连接注意力
⚠️ 警告: 稀疏注意力未配置，将使用全连接注意力
⚠️ 警告: 稀疏注意力未配置，将使用全连接注意力
⚠️ 警告: 稀疏注意力未配置，将使用全连接注意力
⚠️ 警告: 稀疏注意力未配置，将使用全连接注意力
⚠️ 警告: 稀疏注意力未配置，将使用全连接注意力
⚠️ 警告: 稀疏注意力未配置，将使用全连接注意力
⚠️ 警告: 稀疏注意力未配置，将使用全连接注意力
⚠️ 警告: 稀疏注意力未配置，将使用全连接注意力
⚠️ 警告: 稀疏注意力未配置，将使用全连接注意力
⚠️ 警告: 稀疏注意力未配置，将使用全连接注意力
⚠️ 警告: 稀疏注意力未配置，将使用全连接注意力
⚠️ 警告: 稀疏注意力未配置，将使用全连接注意力
⚠️ 警告: 稀疏注意力未配置，将使用全连接注意力
⚠️ 警告: 稀疏注意力未配置，将使用全连接注意力
⚠️ 警告: 稀疏注意力未配置，将使用全连接注意力
⚠️ 警告: 稀疏注意力未配置，将使用全连接注意力
⚠️ 警告: 稀疏注意力未配置，将使用全连接注意力
⚠️ 警告: 稀疏注意力未配置，将使用全连接注意力
⚠️ 警告: 稀疏注意力未配置，将使用全连接注意力
⚠️ 警告: 稀疏注意力未配置，将使用全连接注意力
⚠️ 警告: 稀疏注意力未配置，将使用全连接注意力
⚠️ 警告: 稀疏注意力未配置，将使用全连接注意力
⚠️ 警告: 稀疏注意力未配置，将使用全连接注意力
⚠️ 警告: 稀疏注意力未配置，将使用全连接注意力
⚠️ 警告: 稀疏注意力未配置，将使用全连接注意力
⚠️ 警告: 稀疏注意力未配置，将使用全连接注意力
⚠️ 警告: 稀疏注意力未配置，将使用全连接注意力
⚠️ 警告: 稀疏注意力未配置，将使用全连接注意力
⚠️ 警告: 稀疏注意力未配置，将使用全连接注意力
⚠️ 警告: 稀疏注意力未配置，将使用全连接注意力
⚠️ 警告: 稀疏注意力未配置，将使用全连接注意力
⚠️ 警告: 稀疏注意力未配置，将使用全连接注意力
⚠️ 警告: 稀疏注意力未配置，将使用全连接注意力
⚠️ 警告: 稀疏注意力未配置，将使用全连接注意力
⚠️ 警告: 稀疏注意力未配置，将使用全连接注意力
⚠️ 警告: 稀疏注意力未配置，将使用全连接注意力
⚠️ 警告: 稀疏注意力未配置，将使用全连接注意力
⚠️ 警告: 稀疏注意力未配置，将使用全连接注意力
⚠️ 警告: 稀疏注意力未配置，将使用全连接注意力
⚠️ 警告: 稀疏注意力未配置，将使用全连接注意力
⚠️ 警告: 稀疏注意力未配置，将使用全连接注意力
⚠️ 警告: 稀疏注意力未配置，将使用全连接注意力
⚠️ 警告: 稀疏注意力未配置，将使用全连接注意力
⚠️ 警告: 稀疏注意力未配置，将使用全连接注意力
⚠️ 警告: 稀疏注意力未配置，将使用全连接注意力
⚠️ 警告: 稀疏注意力未配置，将使用全连接注意力
⚠️ 警告: 稀疏注意力未配置，将使用全连接注意力
⚠️ 警告: 稀疏注意力未配置，将使用全连接注意力
⚠️ 警告: 稀疏注意力未配置，将使用全连接注意力
⚠️ 警告: 稀疏注意力未配置，将使用全连接注意力
⚠️ 警告: 稀疏注意力未配置，将使用全连接注意力
⚠️ 警告: 稀疏注意力未配置，将使用全连接注意力
⚠️ 警告: 稀疏注意力未配置，将使用全连接注意力
⚠️ 警告: 稀疏注意力未配置，将使用全连接注意力
⚠️ 警告: 稀疏注意力未配置，将使用全连接注意力
⚠️ 警告: 稀疏注意力未配置，将使用全连接注意力
⚠️ 警告: 稀疏注意力未配置，将使用全连接注意力
⚠️ 警告: 稀疏注意力未配置，将使用全连接注意力
⚠️ 警告: 稀疏注意力未配置，将使用全连接注意力
⚠️ 警告: 稀疏注意力未配置，将使用全连接注意力
⚠️ 警告: 稀疏注意力未配置，将使用全连接注意力
⚠️ 警告: 稀疏注意力未配置，将使用全连接注意力
⚠️ 警告: 稀疏注意力未配置，将使用全连接注意力
⚠️ 警告: 稀疏注意力未配置，将使用全连接注意力
⚠️ 警告: 稀疏注意力未配置，将使用全连接注意力
⚠️ 警告: 稀疏注意力未配置，将使用全连接注意力
⚠️ 警告: 稀疏注意力未配置，将使用全连接注意力
⚠️ 警告: 稀疏注意力未配置，将使用全连接注意力
⚠️ 警告: 稀疏注意力未配置，将使用全连接注意力
⚠️ 警告: 稀疏注意力未配置，将使用全连接注意力
⚠️ 警告: 稀疏注意力未配置，将使用全连接注意力
⚠️ 警告: 稀疏注意力未配置，将使用全连接注意力
⚠️ 警告: 稀疏注意力未配置，将使用全连接注意力
⚠️ 警告: 稀疏注意力未配置，将使用全连接注意力
⚠️ 警告: 稀疏注意力未配置，将使用全连接注意力
⚠️ 警告: 稀疏注意力未配置，将使用全连接注意力
⚠️ 警告: 稀疏注意力未配置，将使用全连接注意力
⚠️ 警告: 稀疏注意力未配置，将使用全连接注意力
⚠️ 警告: 稀疏注意力未配置，将使用全连接注意力
⚠️ 警告: 稀疏注意力未配置，将使用全连接注意力
⚠️ 警告: 稀疏注意力未配置，将使用全连接注意力
⚠️ 警告: 稀疏注意力未配置，将使用全连接注意力
⚠️ 警告: 稀疏注意力未配置，将使用全连接注意力
⚠️ 警告: 稀疏注意力未配置，将使用全连接注意力
⚠️ 警告: 稀疏注意力未配置，将使用全连接注意力
⚠️ 警告: 稀疏注意力未配置，将使用全连接注意力
⚠️ 警告: 稀疏注意力未配置，将使用全连接注意力
⚠️ 警告: 稀疏注意力未配置，将使用全连接注意力
⚠️ 警告: 稀疏注意力未配置，将使用全连接注意力
⚠️ 警告: 稀疏注意力未配置，将使用全连接注意力
⚠️ 警告: 稀疏注意力未配置，将使用全连接注意力
⚠️ 警告: 稀疏注意力未配置，将使用全连接注意力
⚠️ 警告: 稀疏注意力未配置，将使用全连接注意力
⚠️ 警告: 稀疏注意力未配置，将使用全连接注意力
⚠️ 警告: 稀疏注意力未配置，将使用全连接注意力
⚠️ 警告: 稀疏注意力未配置，将使用全连接注意力
⚠️ 警告: 稀疏注意力未配置，将使用全连接注意力
⚠️ 警告: 稀疏注意力未配置，将使用全连接注意力
⚠️ 警告: 稀疏注意力未配置，将使用全连接注意力
⚠️ 警告: 稀疏注意力未配置，将使用全连接注意力
⚠️ 警告: 稀疏注意力未配置，将使用全连接注意力
⚠️ 警告: 稀疏注意力未配置，将使用全连接注意力
⚠️ 警告: 稀疏注意力未配置，将使用全连接注意力
⚠️ 警告: 稀疏注意力未配置，将使用全连接注意力
⚠️ 警告: 稀疏注意力未配置，将使用全连接注意力
⚠️ 警告: 稀疏注意力未配置，将使用全连接注意力
⚠️ 警告: 稀疏注意力未配置，将使用全连接注意力
⚠️ 警告: 稀疏注意力未配置，将使用全连接注意力
⚠️ 警告: 稀疏注意力未配置，将使用全连接注意力
⚠️ 警告: 稀疏注意力未配置，将使用全连接注意力
Train : loss:4.85e-03  =  4.30e-03 + alpha*7.36e-04
⚠️ 警告: 稀疏注意力未配置，将使用全连接注意力
⚠️ 警告: 稀疏注意力未配置，将使用全连接注意力
⚠️ 警告: 稀疏注意力未配置，将使用全连接注意力
⚠️ 警告: 稀疏注意力未配置，将使用全连接注意力
⚠️ 警告: 稀疏注意力未配置，将使用全连接注意力
⚠️ 警告: 稀疏注意力未配置，将使用全连接注意力
⚠️ 警告: 稀疏注意力未配置，将使用全连接注意力
⚠️ 警告: 稀疏注意力未配置，将使用全连接注意力
⚠️ 警告: 稀疏注意力未配置，将使用全连接注意力
⚠️ 警告: 稀疏注意力未配置，将使用全连接注意力
⚠️ 警告: 稀疏注意力未配置，将使用全连接注意力
⚠️ 警告: 稀疏注意力未配置，将使用全连接注意力
⚠️ 警告: 稀疏注意力未配置，将使用全连接注意力
⚠️ 警告: 稀疏注意力未配置，将使用全连接注意力
⚠️ 警告: 稀疏注意力未配置，将使用全连接注意力
⚠️ 警告: 稀疏注意力未配置，将使用全连接注意力
⚠️ 警告: 稀疏注意力未配置，将使用全连接注意力
⚠️ 警告: 稀疏注意力未配置，将使用全连接注意力
⚠️ 警告: 稀疏注意力未配置，将使用全连接注意力
⚠️ 警告: 稀疏注意力未配置，将使用全连接注意力
⚠️ 警告: 稀疏注意力未配置，将使用全连接注意力
⚠️ 警告: 稀疏注意力未配置，将使用全连接注意力
⚠️ 警告: 稀疏注意力未配置，将使用全连接注意力
⚠️ 警告: 稀疏注意力未配置，将使用全连接注意力
⚠️ 警告: 稀疏注意力未配置，将使用全连接注意力
⚠️ 警告: 稀疏注意力未配置，将使用全连接注意力
⚠️ 警告: 稀疏注意力未配置，将使用全连接注意力
⚠️ 警告: 稀疏注意力未配置，将使用全连接注意力
⚠️ 警告: 稀疏注意力未配置，将使用全连接注意力
⚠️ 警告: 稀疏注意力未配置，将使用全连接注意力
⚠️ 警告: 稀疏注意力未配置，将使用全连接注意力
⚠️ 警告: 稀疏注意力未配置，将使用全连接注意力
⚠️ 警告: 稀疏注意力未配置，将使用全连接注意力
⚠️ 警告: 稀疏注意力未配置，将使用全连接注意力
⚠️ 警告: 稀疏注意力未配置，将使用全连接注意力
⚠️ 警告: 稀疏注意力未配置，将使用全连接注意力
⚠️ 警告: 稀疏注意力未配置，将使用全连接注意力
⚠️ 警告: 稀疏注意力未配置，将使用全连接注意力
⚠️ 警告: 稀疏注意力未配置，将使用全连接注意力
⚠️ 警告: 稀疏注意力未配置，将使用全连接注意力
⚠️ 警告: 稀疏注意力未配置，将使用全连接注意力
⚠️ 警告: 稀疏注意力未配置，将使用全连接注意力
⚠️ 警告: 稀疏注意力未配置，将使用全连接注意力
⚠️ 警告: 稀疏注意力未配置，将使用全连接注意力
⚠️ 警告: 稀疏注意力未配置，将使用全连接注意力
⚠️ 警告: 稀疏注意力未配置，将使用全连接注意力
⚠️ 警告: 稀疏注意力未配置，将使用全连接注意力
⚠️ 警告: 稀疏注意力未配置，将使用全连接注意力
⚠️ 警告: 稀疏注意力未配置，将使用全连接注意力
⚠️ 警告: 稀疏注意力未配置，将使用全连接注意力
Valid : loss:1.21e-02  =  1.12e-02 + alpha*1.30e-03
⚠️ 警告: 稀疏注意力未配置，将使用全连接注意力
⚠️ 警告: 稀疏注意力未配置，将使用全连接注意力
⚠️ 警告: 稀疏注意力未配置，将使用全连接注意力
⚠️ 警告: 稀疏注意力未配置，将使用全连接注意力
⚠️ 警告: 稀疏注意力未配置，将使用全连接注意力
⚠️ 警告: 稀疏注意力未配置，将使用全连接注意力
⚠️ 警告: 稀疏注意力未配置，将使用全连接注意力
⚠️ 警告: 稀疏注意力未配置，将使用全连接注意力
⚠️ 警告: 稀疏注意力未配置，将使用全连接注意力
⚠️ 警告: 稀疏注意力未配置，将使用全连接注意力
⚠️ 警告: 稀疏注意力未配置，将使用全连接注意力
⚠️ 警告: 稀疏注意力未配置，将使用全连接注意力
⚠️ 警告: 稀疏注意力未配置，将使用全连接注意力
⚠️ 警告: 稀疏注意力未配置，将使用全连接注意力
⚠️ 警告: 稀疏注意力未配置，将使用全连接注意力
⚠️ 警告: 稀疏注意力未配置，将使用全连接注意力
⚠️ 警告: 稀疏注意力未配置，将使用全连接注意力
⚠️ 警告: 稀疏注意力未配置，将使用全连接注意力
⚠️ 警告: 稀疏注意力未配置，将使用全连接注意力
⚠️ 警告: 稀疏注意力未配置，将使用全连接注意力
⚠️ 警告: 稀疏注意力未配置，将使用全连接注意力
⚠️ 警告: 稀疏注意力未配置，将使用全连接注意力
⚠️ 警告: 稀疏注意力未配置，将使用全连接注意力
⚠️ 警告: 稀疏注意力未配置，将使用全连接注意力
⚠️ 警告: 稀疏注意力未配置，将使用全连接注意力
⚠️ 警告: 稀疏注意力未配置，将使用全连接注意力
⚠️ 警告: 稀疏注意力未配置，将使用全连接注意力
⚠️ 警告: 稀疏注意力未配置，将使用全连接注意力
⚠️ 警告: 稀疏注意力未配置，将使用全连接注意力
⚠️ 警告: 稀疏注意力未配置，将使用全连接注意力
⚠️ 警告: 稀疏注意力未配置，将使用全连接注意力
⚠️ 警告: 稀疏注意力未配置，将使用全连接注意力
⚠️ 警告: 稀疏注意力未配置，将使用全连接注意力
⚠️ 警告: 稀疏注意力未配置，将使用全连接注意力
⚠️ 警告: 稀疏注意力未配置，将使用全连接注意力
⚠️ 警告: 稀疏注意力未配置，将使用全连接注意力
⚠️ 警告: 稀疏注意力未配置，将使用全连接注意力
⚠️ 警告: 稀疏注意力未配置，将使用全连接注意力
⚠️ 警告: 稀疏注意力未配置，将使用全连接注意力
⚠️ 警告: 稀疏注意力未配置，将使用全连接注意力
⚠️ 警告: 稀疏注意力未配置，将使用全连接注意力
⚠️ 警告: 稀疏注意力未配置，将使用全连接注意力
⚠️ 警告: 稀疏注意力未配置，将使用全连接注意力
⚠️ 警告: 稀疏注意力未配置，将使用全连接注意力
⚠️ 警告: 稀疏注意力未配置，将使用全连接注意力
⚠️ 警告: 稀疏注意力未配置，将使用全连接注意力
⚠️ 警告: 稀疏注意力未配置，将使用全连接注意力
⚠️ 警告: 稀疏注意力未配置，将使用全连接注意力
⚠️ 警告: 稀疏注意力未配置，将使用全连接注意力
⚠️ 警告: 稀疏注意力未配置，将使用全连接注意力
⚠️ 警告: 稀疏注意力未配置，将使用全连接注意力
Test: loss:1.20e-02  =  1.10e-02 + alpha*1.31e-03
Valid performance:
 mse:1.12e-02, IC:-6.19e-03, RIC:-3.24e-02, prec@10:5.14e-01, SR:1.66e+00
Test performance:
 mse:1.10e-02, IC:-9.01e-03, RIC:-7.67e-02, prec@10:5.14e-01, SR:-1.61e+00 


epoch29##########################################################
⚠️ 警告: 稀疏注意力未配置，将使用全连接注意力
⚠️ 警告: 稀疏注意力未配置，将使用全连接注意力
⚠️ 警告: 稀疏注意力未配置，将使用全连接注意力
⚠️ 警告: 稀疏注意力未配置，将使用全连接注意力
⚠️ 警告: 稀疏注意力未配置，将使用全连接注意力
⚠️ 警告: 稀疏注意力未配置，将使用全连接注意力
⚠️ 警告: 稀疏注意力未配置，将使用全连接注意力
⚠️ 警告: 稀疏注意力未配置，将使用全连接注意力
⚠️ 警告: 稀疏注意力未配置，将使用全连接注意力
⚠️ 警告: 稀疏注意力未配置，将使用全连接注意力
⚠️ 警告: 稀疏注意力未配置，将使用全连接注意力
⚠️ 警告: 稀疏注意力未配置，将使用全连接注意力
⚠️ 警告: 稀疏注意力未配置，将使用全连接注意力
⚠️ 警告: 稀疏注意力未配置，将使用全连接注意力
⚠️ 警告: 稀疏注意力未配置，将使用全连接注意力
⚠️ 警告: 稀疏注意力未配置，将使用全连接注意力
⚠️ 警告: 稀疏注意力未配置，将使用全连接注意力
⚠️ 警告: 稀疏注意力未配置，将使用全连接注意力
⚠️ 警告: 稀疏注意力未配置，将使用全连接注意力
⚠️ 警告: 稀疏注意力未配置，将使用全连接注意力
⚠️ 警告: 稀疏注意力未配置，将使用全连接注意力
⚠️ 警告: 稀疏注意力未配置，将使用全连接注意力
⚠️ 警告: 稀疏注意力未配置，将使用全连接注意力
⚠️ 警告: 稀疏注意力未配置，将使用全连接注意力
⚠️ 警告: 稀疏注意力未配置，将使用全连接注意力
⚠️ 警告: 稀疏注意力未配置，将使用全连接注意力
⚠️ 警告: 稀疏注意力未配置，将使用全连接注意力
⚠️ 警告: 稀疏注意力未配置，将使用全连接注意力
⚠️ 警告: 稀疏注意力未配置，将使用全连接注意力
⚠️ 警告: 稀疏注意力未配置，将使用全连接注意力
⚠️ 警告: 稀疏注意力未配置，将使用全连接注意力
⚠️ 警告: 稀疏注意力未配置，将使用全连接注意力
⚠️ 警告: 稀疏注意力未配置，将使用全连接注意力
⚠️ 警告: 稀疏注意力未配置，将使用全连接注意力
⚠️ 警告: 稀疏注意力未配置，将使用全连接注意力
⚠️ 警告: 稀疏注意力未配置，将使用全连接注意力
⚠️ 警告: 稀疏注意力未配置，将使用全连接注意力
⚠️ 警告: 稀疏注意力未配置，将使用全连接注意力
⚠️ 警告: 稀疏注意力未配置，将使用全连接注意力
⚠️ 警告: 稀疏注意力未配置，将使用全连接注意力
⚠️ 警告: 稀疏注意力未配置，将使用全连接注意力
⚠️ 警告: 稀疏注意力未配置，将使用全连接注意力
⚠️ 警告: 稀疏注意力未配置，将使用全连接注意力
⚠️ 警告: 稀疏注意力未配置，将使用全连接注意力
⚠️ 警告: 稀疏注意力未配置，将使用全连接注意力
⚠️ 警告: 稀疏注意力未配置，将使用全连接注意力
⚠️ 警告: 稀疏注意力未配置，将使用全连接注意力
⚠️ 警告: 稀疏注意力未配置，将使用全连接注意力
⚠️ 警告: 稀疏注意力未配置，将使用全连接注意力
⚠️ 警告: 稀疏注意力未配置，将使用全连接注意力
⚠️ 警告: 稀疏注意力未配置，将使用全连接注意力
⚠️ 警告: 稀疏注意力未配置，将使用全连接注意力
⚠️ 警告: 稀疏注意力未配置，将使用全连接注意力
⚠️ 警告: 稀疏注意力未配置，将使用全连接注意力
⚠️ 警告: 稀疏注意力未配置，将使用全连接注意力
⚠️ 警告: 稀疏注意力未配置，将使用全连接注意力
⚠️ 警告: 稀疏注意力未配置，将使用全连接注意力
⚠️ 警告: 稀疏注意力未配置，将使用全连接注意力
⚠️ 警告: 稀疏注意力未配置，将使用全连接注意力
⚠️ 警告: 稀疏注意力未配置，将使用全连接注意力
⚠️ 警告: 稀疏注意力未配置，将使用全连接注意力
⚠️ 警告: 稀疏注意力未配置，将使用全连接注意力
⚠️ 警告: 稀疏注意力未配置，将使用全连接注意力
⚠️ 警告: 稀疏注意力未配置，将使用全连接注意力
⚠️ 警告: 稀疏注意力未配置，将使用全连接注意力
⚠️ 警告: 稀疏注意力未配置，将使用全连接注意力
⚠️ 警告: 稀疏注意力未配置，将使用全连接注意力
⚠️ 警告: 稀疏注意力未配置，将使用全连接注意力
⚠️ 警告: 稀疏注意力未配置，将使用全连接注意力
⚠️ 警告: 稀疏注意力未配置，将使用全连接注意力
⚠️ 警告: 稀疏注意力未配置，将使用全连接注意力
⚠️ 警告: 稀疏注意力未配置，将使用全连接注意力
⚠️ 警告: 稀疏注意力未配置，将使用全连接注意力
⚠️ 警告: 稀疏注意力未配置，将使用全连接注意力
⚠️ 警告: 稀疏注意力未配置，将使用全连接注意力
⚠️ 警告: 稀疏注意力未配置，将使用全连接注意力
⚠️ 警告: 稀疏注意力未配置，将使用全连接注意力
⚠️ 警告: 稀疏注意力未配置，将使用全连接注意力
⚠️ 警告: 稀疏注意力未配置，将使用全连接注意力
⚠️ 警告: 稀疏注意力未配置，将使用全连接注意力
⚠️ 警告: 稀疏注意力未配置，将使用全连接注意力
⚠️ 警告: 稀疏注意力未配置，将使用全连接注意力
⚠️ 警告: 稀疏注意力未配置，将使用全连接注意力
⚠️ 警告: 稀疏注意力未配置，将使用全连接注意力
⚠️ 警告: 稀疏注意力未配置，将使用全连接注意力
⚠️ 警告: 稀疏注意力未配置，将使用全连接注意力
⚠️ 警告: 稀疏注意力未配置，将使用全连接注意力
⚠️ 警告: 稀疏注意力未配置，将使用全连接注意力
⚠️ 警告: 稀疏注意力未配置，将使用全连接注意力
⚠️ 警告: 稀疏注意力未配置，将使用全连接注意力
⚠️ 警告: 稀疏注意力未配置，将使用全连接注意力
⚠️ 警告: 稀疏注意力未配置，将使用全连接注意力
⚠️ 警告: 稀疏注意力未配置，将使用全连接注意力
⚠️ 警告: 稀疏注意力未配置，将使用全连接注意力
⚠️ 警告: 稀疏注意力未配置，将使用全连接注意力
⚠️ 警告: 稀疏注意力未配置，将使用全连接注意力
⚠️ 警告: 稀疏注意力未配置，将使用全连接注意力
⚠️ 警告: 稀疏注意力未配置，将使用全连接注意力
⚠️ 警告: 稀疏注意力未配置，将使用全连接注意力
⚠️ 警告: 稀疏注意力未配置，将使用全连接注意力
⚠️ 警告: 稀疏注意力未配置，将使用全连接注意力
⚠️ 警告: 稀疏注意力未配置，将使用全连接注意力
⚠️ 警告: 稀疏注意力未配置，将使用全连接注意力
⚠️ 警告: 稀疏注意力未配置，将使用全连接注意力
⚠️ 警告: 稀疏注意力未配置，将使用全连接注意力
⚠️ 警告: 稀疏注意力未配置，将使用全连接注意力
⚠️ 警告: 稀疏注意力未配置，将使用全连接注意力
⚠️ 警告: 稀疏注意力未配置，将使用全连接注意力
⚠️ 警告: 稀疏注意力未配置，将使用全连接注意力
⚠️ 警告: 稀疏注意力未配置，将使用全连接注意力
⚠️ 警告: 稀疏注意力未配置，将使用全连接注意力
⚠️ 警告: 稀疏注意力未配置，将使用全连接注意力
⚠️ 警告: 稀疏注意力未配置，将使用全连接注意力
⚠️ 警告: 稀疏注意力未配置，将使用全连接注意力
⚠️ 警告: 稀疏注意力未配置，将使用全连接注意力
⚠️ 警告: 稀疏注意力未配置，将使用全连接注意力
⚠️ 警告: 稀疏注意力未配置，将使用全连接注意力
⚠️ 警告: 稀疏注意力未配置，将使用全连接注意力
⚠️ 警告: 稀疏注意力未配置，将使用全连接注意力
Train : loss:4.63e-03  =  4.10e-03 + alpha*7.12e-04
⚠️ 警告: 稀疏注意力未配置，将使用全连接注意力
⚠️ 警告: 稀疏注意力未配置，将使用全连接注意力
⚠️ 警告: 稀疏注意力未配置，将使用全连接注意力
⚠️ 警告: 稀疏注意力未配置，将使用全连接注意力
⚠️ 警告: 稀疏注意力未配置，将使用全连接注意力
⚠️ 警告: 稀疏注意力未配置，将使用全连接注意力
⚠️ 警告: 稀疏注意力未配置，将使用全连接注意力
⚠️ 警告: 稀疏注意力未配置，将使用全连接注意力
⚠️ 警告: 稀疏注意力未配置，将使用全连接注意力
⚠️ 警告: 稀疏注意力未配置，将使用全连接注意力
⚠️ 警告: 稀疏注意力未配置，将使用全连接注意力
⚠️ 警告: 稀疏注意力未配置，将使用全连接注意力
⚠️ 警告: 稀疏注意力未配置，将使用全连接注意力
⚠️ 警告: 稀疏注意力未配置，将使用全连接注意力
⚠️ 警告: 稀疏注意力未配置，将使用全连接注意力
⚠️ 警告: 稀疏注意力未配置，将使用全连接注意力
⚠️ 警告: 稀疏注意力未配置，将使用全连接注意力
⚠️ 警告: 稀疏注意力未配置，将使用全连接注意力
⚠️ 警告: 稀疏注意力未配置，将使用全连接注意力
⚠️ 警告: 稀疏注意力未配置，将使用全连接注意力
⚠️ 警告: 稀疏注意力未配置，将使用全连接注意力
⚠️ 警告: 稀疏注意力未配置，将使用全连接注意力
⚠️ 警告: 稀疏注意力未配置，将使用全连接注意力
⚠️ 警告: 稀疏注意力未配置，将使用全连接注意力
⚠️ 警告: 稀疏注意力未配置，将使用全连接注意力
⚠️ 警告: 稀疏注意力未配置，将使用全连接注意力
⚠️ 警告: 稀疏注意力未配置，将使用全连接注意力
⚠️ 警告: 稀疏注意力未配置，将使用全连接注意力
⚠️ 警告: 稀疏注意力未配置，将使用全连接注意力
⚠️ 警告: 稀疏注意力未配置，将使用全连接注意力
⚠️ 警告: 稀疏注意力未配置，将使用全连接注意力
⚠️ 警告: 稀疏注意力未配置，将使用全连接注意力
⚠️ 警告: 稀疏注意力未配置，将使用全连接注意力
⚠️ 警告: 稀疏注意力未配置，将使用全连接注意力
⚠️ 警告: 稀疏注意力未配置，将使用全连接注意力
⚠️ 警告: 稀疏注意力未配置，将使用全连接注意力
⚠️ 警告: 稀疏注意力未配置，将使用全连接注意力
⚠️ 警告: 稀疏注意力未配置，将使用全连接注意力
⚠️ 警告: 稀疏注意力未配置，将使用全连接注意力
⚠️ 警告: 稀疏注意力未配置，将使用全连接注意力
⚠️ 警告: 稀疏注意力未配置，将使用全连接注意力
⚠️ 警告: 稀疏注意力未配置，将使用全连接注意力
⚠️ 警告: 稀疏注意力未配置，将使用全连接注意力
⚠️ 警告: 稀疏注意力未配置，将使用全连接注意力
⚠️ 警告: 稀疏注意力未配置，将使用全连接注意力
⚠️ 警告: 稀疏注意力未配置，将使用全连接注意力
⚠️ 警告: 稀疏注意力未配置，将使用全连接注意力
⚠️ 警告: 稀疏注意力未配置，将使用全连接注意力
⚠️ 警告: 稀疏注意力未配置，将使用全连接注意力
⚠️ 警告: 稀疏注意力未配置，将使用全连接注意力
Valid : loss:1.18e-02  =  1.08e-02 + alpha*1.29e-03
⚠️ 警告: 稀疏注意力未配置，将使用全连接注意力
⚠️ 警告: 稀疏注意力未配置，将使用全连接注意力
⚠️ 警告: 稀疏注意力未配置，将使用全连接注意力
⚠️ 警告: 稀疏注意力未配置，将使用全连接注意力
⚠️ 警告: 稀疏注意力未配置，将使用全连接注意力
⚠️ 警告: 稀疏注意力未配置，将使用全连接注意力
⚠️ 警告: 稀疏注意力未配置，将使用全连接注意力
⚠️ 警告: 稀疏注意力未配置，将使用全连接注意力
⚠️ 警告: 稀疏注意力未配置，将使用全连接注意力
⚠️ 警告: 稀疏注意力未配置，将使用全连接注意力
⚠️ 警告: 稀疏注意力未配置，将使用全连接注意力
⚠️ 警告: 稀疏注意力未配置，将使用全连接注意力
⚠️ 警告: 稀疏注意力未配置，将使用全连接注意力
⚠️ 警告: 稀疏注意力未配置，将使用全连接注意力
⚠️ 警告: 稀疏注意力未配置，将使用全连接注意力
⚠️ 警告: 稀疏注意力未配置，将使用全连接注意力
⚠️ 警告: 稀疏注意力未配置，将使用全连接注意力
⚠️ 警告: 稀疏注意力未配置，将使用全连接注意力
⚠️ 警告: 稀疏注意力未配置，将使用全连接注意力
⚠️ 警告: 稀疏注意力未配置，将使用全连接注意力
⚠️ 警告: 稀疏注意力未配置，将使用全连接注意力
⚠️ 警告: 稀疏注意力未配置，将使用全连接注意力
⚠️ 警告: 稀疏注意力未配置，将使用全连接注意力
⚠️ 警告: 稀疏注意力未配置，将使用全连接注意力
⚠️ 警告: 稀疏注意力未配置，将使用全连接注意力
⚠️ 警告: 稀疏注意力未配置，将使用全连接注意力
⚠️ 警告: 稀疏注意力未配置，将使用全连接注意力
⚠️ 警告: 稀疏注意力未配置，将使用全连接注意力
⚠️ 警告: 稀疏注意力未配置，将使用全连接注意力
⚠️ 警告: 稀疏注意力未配置，将使用全连接注意力
⚠️ 警告: 稀疏注意力未配置，将使用全连接注意力
⚠️ 警告: 稀疏注意力未配置，将使用全连接注意力
⚠️ 警告: 稀疏注意力未配置，将使用全连接注意力
⚠️ 警告: 稀疏注意力未配置，将使用全连接注意力
⚠️ 警告: 稀疏注意力未配置，将使用全连接注意力
⚠️ 警告: 稀疏注意力未配置，将使用全连接注意力
⚠️ 警告: 稀疏注意力未配置，将使用全连接注意力
⚠️ 警告: 稀疏注意力未配置，将使用全连接注意力
⚠️ 警告: 稀疏注意力未配置，将使用全连接注意力
⚠️ 警告: 稀疏注意力未配置，将使用全连接注意力
⚠️ 警告: 稀疏注意力未配置，将使用全连接注意力
⚠️ 警告: 稀疏注意力未配置，将使用全连接注意力
⚠️ 警告: 稀疏注意力未配置，将使用全连接注意力
⚠️ 警告: 稀疏注意力未配置，将使用全连接注意力
⚠️ 警告: 稀疏注意力未配置，将使用全连接注意力
⚠️ 警告: 稀疏注意力未配置，将使用全连接注意力
⚠️ 警告: 稀疏注意力未配置，将使用全连接注意力
⚠️ 警告: 稀疏注意力未配置，将使用全连接注意力
⚠️ 警告: 稀疏注意力未配置，将使用全连接注意力
⚠️ 警告: 稀疏注意力未配置，将使用全连接注意力
⚠️ 警告: 稀疏注意力未配置，将使用全连接注意力
Test: loss:1.14e-02  =  1.04e-02 + alpha*1.27e-03
Valid performance:
 mse:1.08e-02, IC:-9.57e-03, RIC:-5.05e-02, prec@10:4.80e-01, SR:2.01e+00
Test performance:
 mse:1.04e-02, IC:-7.80e-03, RIC:-6.96e-02, prec@10:5.24e-01, SR:1.18e+00 


epoch30##########################################################
⚠️ 警告: 稀疏注意力未配置，将使用全连接注意力
⚠️ 警告: 稀疏注意力未配置，将使用全连接注意力
⚠️ 警告: 稀疏注意力未配置，将使用全连接注意力
⚠️ 警告: 稀疏注意力未配置，将使用全连接注意力
⚠️ 警告: 稀疏注意力未配置，将使用全连接注意力
⚠️ 警告: 稀疏注意力未配置，将使用全连接注意力
⚠️ 警告: 稀疏注意力未配置，将使用全连接注意力
⚠️ 警告: 稀疏注意力未配置，将使用全连接注意力
⚠️ 警告: 稀疏注意力未配置，将使用全连接注意力
⚠️ 警告: 稀疏注意力未配置，将使用全连接注意力
⚠️ 警告: 稀疏注意力未配置，将使用全连接注意力
⚠️ 警告: 稀疏注意力未配置，将使用全连接注意力
⚠️ 警告: 稀疏注意力未配置，将使用全连接注意力
⚠️ 警告: 稀疏注意力未配置，将使用全连接注意力
⚠️ 警告: 稀疏注意力未配置，将使用全连接注意力
⚠️ 警告: 稀疏注意力未配置，将使用全连接注意力
⚠️ 警告: 稀疏注意力未配置，将使用全连接注意力
⚠️ 警告: 稀疏注意力未配置，将使用全连接注意力
⚠️ 警告: 稀疏注意力未配置，将使用全连接注意力
⚠️ 警告: 稀疏注意力未配置，将使用全连接注意力
⚠️ 警告: 稀疏注意力未配置，将使用全连接注意力
⚠️ 警告: 稀疏注意力未配置，将使用全连接注意力
⚠️ 警告: 稀疏注意力未配置，将使用全连接注意力
⚠️ 警告: 稀疏注意力未配置，将使用全连接注意力
⚠️ 警告: 稀疏注意力未配置，将使用全连接注意力
⚠️ 警告: 稀疏注意力未配置，将使用全连接注意力
⚠️ 警告: 稀疏注意力未配置，将使用全连接注意力
⚠️ 警告: 稀疏注意力未配置，将使用全连接注意力
⚠️ 警告: 稀疏注意力未配置，将使用全连接注意力
⚠️ 警告: 稀疏注意力未配置，将使用全连接注意力
⚠️ 警告: 稀疏注意力未配置，将使用全连接注意力
⚠️ 警告: 稀疏注意力未配置，将使用全连接注意力
⚠️ 警告: 稀疏注意力未配置，将使用全连接注意力
⚠️ 警告: 稀疏注意力未配置，将使用全连接注意力
⚠️ 警告: 稀疏注意力未配置，将使用全连接注意力
⚠️ 警告: 稀疏注意力未配置，将使用全连接注意力
⚠️ 警告: 稀疏注意力未配置，将使用全连接注意力
⚠️ 警告: 稀疏注意力未配置，将使用全连接注意力
⚠️ 警告: 稀疏注意力未配置，将使用全连接注意力
⚠️ 警告: 稀疏注意力未配置，将使用全连接注意力
⚠️ 警告: 稀疏注意力未配置，将使用全连接注意力
⚠️ 警告: 稀疏注意力未配置，将使用全连接注意力
⚠️ 警告: 稀疏注意力未配置，将使用全连接注意力
⚠️ 警告: 稀疏注意力未配置，将使用全连接注意力
⚠️ 警告: 稀疏注意力未配置，将使用全连接注意力
⚠️ 警告: 稀疏注意力未配置，将使用全连接注意力
⚠️ 警告: 稀疏注意力未配置，将使用全连接注意力
⚠️ 警告: 稀疏注意力未配置，将使用全连接注意力
⚠️ 警告: 稀疏注意力未配置，将使用全连接注意力
⚠️ 警告: 稀疏注意力未配置，将使用全连接注意力
⚠️ 警告: 稀疏注意力未配置，将使用全连接注意力
⚠️ 警告: 稀疏注意力未配置，将使用全连接注意力
⚠️ 警告: 稀疏注意力未配置，将使用全连接注意力
⚠️ 警告: 稀疏注意力未配置，将使用全连接注意力
⚠️ 警告: 稀疏注意力未配置，将使用全连接注意力
⚠️ 警告: 稀疏注意力未配置，将使用全连接注意力
⚠️ 警告: 稀疏注意力未配置，将使用全连接注意力
⚠️ 警告: 稀疏注意力未配置，将使用全连接注意力
⚠️ 警告: 稀疏注意力未配置，将使用全连接注意力
⚠️ 警告: 稀疏注意力未配置，将使用全连接注意力
⚠️ 警告: 稀疏注意力未配置，将使用全连接注意力
⚠️ 警告: 稀疏注意力未配置，将使用全连接注意力
⚠️ 警告: 稀疏注意力未配置，将使用全连接注意力
⚠️ 警告: 稀疏注意力未配置，将使用全连接注意力
⚠️ 警告: 稀疏注意力未配置，将使用全连接注意力
⚠️ 警告: 稀疏注意力未配置，将使用全连接注意力
⚠️ 警告: 稀疏注意力未配置，将使用全连接注意力
⚠️ 警告: 稀疏注意力未配置，将使用全连接注意力
⚠️ 警告: 稀疏注意力未配置，将使用全连接注意力
⚠️ 警告: 稀疏注意力未配置，将使用全连接注意力
⚠️ 警告: 稀疏注意力未配置，将使用全连接注意力
⚠️ 警告: 稀疏注意力未配置，将使用全连接注意力
⚠️ 警告: 稀疏注意力未配置，将使用全连接注意力
⚠️ 警告: 稀疏注意力未配置，将使用全连接注意力
⚠️ 警告: 稀疏注意力未配置，将使用全连接注意力
⚠️ 警告: 稀疏注意力未配置，将使用全连接注意力
⚠️ 警告: 稀疏注意力未配置，将使用全连接注意力
⚠️ 警告: 稀疏注意力未配置，将使用全连接注意力
⚠️ 警告: 稀疏注意力未配置，将使用全连接注意力
⚠️ 警告: 稀疏注意力未配置，将使用全连接注意力
⚠️ 警告: 稀疏注意力未配置，将使用全连接注意力
⚠️ 警告: 稀疏注意力未配置，将使用全连接注意力
⚠️ 警告: 稀疏注意力未配置，将使用全连接注意力
⚠️ 警告: 稀疏注意力未配置，将使用全连接注意力
⚠️ 警告: 稀疏注意力未配置，将使用全连接注意力
⚠️ 警告: 稀疏注意力未配置，将使用全连接注意力
⚠️ 警告: 稀疏注意力未配置，将使用全连接注意力
⚠️ 警告: 稀疏注意力未配置，将使用全连接注意力
⚠️ 警告: 稀疏注意力未配置，将使用全连接注意力
⚠️ 警告: 稀疏注意力未配置，将使用全连接注意力
⚠️ 警告: 稀疏注意力未配置，将使用全连接注意力
⚠️ 警告: 稀疏注意力未配置，将使用全连接注意力
⚠️ 警告: 稀疏注意力未配置，将使用全连接注意力
⚠️ 警告: 稀疏注意力未配置，将使用全连接注意力
⚠️ 警告: 稀疏注意力未配置，将使用全连接注意力
⚠️ 警告: 稀疏注意力未配置，将使用全连接注意力
⚠️ 警告: 稀疏注意力未配置，将使用全连接注意力
⚠️ 警告: 稀疏注意力未配置，将使用全连接注意力
⚠️ 警告: 稀疏注意力未配置，将使用全连接注意力
⚠️ 警告: 稀疏注意力未配置，将使用全连接注意力
⚠️ 警告: 稀疏注意力未配置，将使用全连接注意力
⚠️ 警告: 稀疏注意力未配置，将使用全连接注意力
⚠️ 警告: 稀疏注意力未配置，将使用全连接注意力
⚠️ 警告: 稀疏注意力未配置，将使用全连接注意力
⚠️ 警告: 稀疏注意力未配置，将使用全连接注意力
⚠️ 警告: 稀疏注意力未配置，将使用全连接注意力
⚠️ 警告: 稀疏注意力未配置，将使用全连接注意力
⚠️ 警告: 稀疏注意力未配置，将使用全连接注意力
⚠️ 警告: 稀疏注意力未配置，将使用全连接注意力
⚠️ 警告: 稀疏注意力未配置，将使用全连接注意力
⚠️ 警告: 稀疏注意力未配置，将使用全连接注意力
⚠️ 警告: 稀疏注意力未配置，将使用全连接注意力
⚠️ 警告: 稀疏注意力未配置，将使用全连接注意力
⚠️ 警告: 稀疏注意力未配置，将使用全连接注意力
⚠️ 警告: 稀疏注意力未配置，将使用全连接注意力
⚠️ 警告: 稀疏注意力未配置，将使用全连接注意力
⚠️ 警告: 稀疏注意力未配置，将使用全连接注意力
⚠️ 警告: 稀疏注意力未配置，将使用全连接注意力
⚠️ 警告: 稀疏注意力未配置，将使用全连接注意力
Train : loss:4.61e-03  =  4.07e-03 + alpha*7.12e-04
⚠️ 警告: 稀疏注意力未配置，将使用全连接注意力
⚠️ 警告: 稀疏注意力未配置，将使用全连接注意力
⚠️ 警告: 稀疏注意力未配置，将使用全连接注意力
⚠️ 警告: 稀疏注意力未配置，将使用全连接注意力
⚠️ 警告: 稀疏注意力未配置，将使用全连接注意力
⚠️ 警告: 稀疏注意力未配置，将使用全连接注意力
⚠️ 警告: 稀疏注意力未配置，将使用全连接注意力
⚠️ 警告: 稀疏注意力未配置，将使用全连接注意力
⚠️ 警告: 稀疏注意力未配置，将使用全连接注意力
⚠️ 警告: 稀疏注意力未配置，将使用全连接注意力
⚠️ 警告: 稀疏注意力未配置，将使用全连接注意力
⚠️ 警告: 稀疏注意力未配置，将使用全连接注意力
⚠️ 警告: 稀疏注意力未配置，将使用全连接注意力
⚠️ 警告: 稀疏注意力未配置，将使用全连接注意力
⚠️ 警告: 稀疏注意力未配置，将使用全连接注意力
⚠️ 警告: 稀疏注意力未配置，将使用全连接注意力
⚠️ 警告: 稀疏注意力未配置，将使用全连接注意力
⚠️ 警告: 稀疏注意力未配置，将使用全连接注意力
⚠️ 警告: 稀疏注意力未配置，将使用全连接注意力
⚠️ 警告: 稀疏注意力未配置，将使用全连接注意力
⚠️ 警告: 稀疏注意力未配置，将使用全连接注意力
⚠️ 警告: 稀疏注意力未配置，将使用全连接注意力
⚠️ 警告: 稀疏注意力未配置，将使用全连接注意力
⚠️ 警告: 稀疏注意力未配置，将使用全连接注意力
⚠️ 警告: 稀疏注意力未配置，将使用全连接注意力
⚠️ 警告: 稀疏注意力未配置，将使用全连接注意力
⚠️ 警告: 稀疏注意力未配置，将使用全连接注意力
⚠️ 警告: 稀疏注意力未配置，将使用全连接注意力
⚠️ 警告: 稀疏注意力未配置，将使用全连接注意力
⚠️ 警告: 稀疏注意力未配置，将使用全连接注意力
⚠️ 警告: 稀疏注意力未配置，将使用全连接注意力
⚠️ 警告: 稀疏注意力未配置，将使用全连接注意力
⚠️ 警告: 稀疏注意力未配置，将使用全连接注意力
⚠️ 警告: 稀疏注意力未配置，将使用全连接注意力
⚠️ 警告: 稀疏注意力未配置，将使用全连接注意力
⚠️ 警告: 稀疏注意力未配置，将使用全连接注意力
⚠️ 警告: 稀疏注意力未配置，将使用全连接注意力
⚠️ 警告: 稀疏注意力未配置，将使用全连接注意力
⚠️ 警告: 稀疏注意力未配置，将使用全连接注意力
⚠️ 警告: 稀疏注意力未配置，将使用全连接注意力
⚠️ 警告: 稀疏注意力未配置，将使用全连接注意力
⚠️ 警告: 稀疏注意力未配置，将使用全连接注意力
⚠️ 警告: 稀疏注意力未配置，将使用全连接注意力
⚠️ 警告: 稀疏注意力未配置，将使用全连接注意力
⚠️ 警告: 稀疏注意力未配置，将使用全连接注意力
⚠️ 警告: 稀疏注意力未配置，将使用全连接注意力
⚠️ 警告: 稀疏注意力未配置，将使用全连接注意力
⚠️ 警告: 稀疏注意力未配置，将使用全连接注意力
⚠️ 警告: 稀疏注意力未配置，将使用全连接注意力
⚠️ 警告: 稀疏注意力未配置，将使用全连接注意力
Valid : loss:1.10e-02  =  1.01e-02 + alpha*1.25e-03
⚠️ 警告: 稀疏注意力未配置，将使用全连接注意力
⚠️ 警告: 稀疏注意力未配置，将使用全连接注意力
⚠️ 警告: 稀疏注意力未配置，将使用全连接注意力
⚠️ 警告: 稀疏注意力未配置，将使用全连接注意力
⚠️ 警告: 稀疏注意力未配置，将使用全连接注意力
⚠️ 警告: 稀疏注意力未配置，将使用全连接注意力
⚠️ 警告: 稀疏注意力未配置，将使用全连接注意力
⚠️ 警告: 稀疏注意力未配置，将使用全连接注意力
⚠️ 警告: 稀疏注意力未配置，将使用全连接注意力
⚠️ 警告: 稀疏注意力未配置，将使用全连接注意力
⚠️ 警告: 稀疏注意力未配置，将使用全连接注意力
⚠️ 警告: 稀疏注意力未配置，将使用全连接注意力
⚠️ 警告: 稀疏注意力未配置，将使用全连接注意力
⚠️ 警告: 稀疏注意力未配置，将使用全连接注意力
⚠️ 警告: 稀疏注意力未配置，将使用全连接注意力
⚠️ 警告: 稀疏注意力未配置，将使用全连接注意力
⚠️ 警告: 稀疏注意力未配置，将使用全连接注意力
⚠️ 警告: 稀疏注意力未配置，将使用全连接注意力
⚠️ 警告: 稀疏注意力未配置，将使用全连接注意力
⚠️ 警告: 稀疏注意力未配置，将使用全连接注意力
⚠️ 警告: 稀疏注意力未配置，将使用全连接注意力
⚠️ 警告: 稀疏注意力未配置，将使用全连接注意力
⚠️ 警告: 稀疏注意力未配置，将使用全连接注意力
⚠️ 警告: 稀疏注意力未配置，将使用全连接注意力
⚠️ 警告: 稀疏注意力未配置，将使用全连接注意力
⚠️ 警告: 稀疏注意力未配置，将使用全连接注意力
⚠️ 警告: 稀疏注意力未配置，将使用全连接注意力
⚠️ 警告: 稀疏注意力未配置，将使用全连接注意力
⚠️ 警告: 稀疏注意力未配置，将使用全连接注意力
⚠️ 警告: 稀疏注意力未配置，将使用全连接注意力
⚠️ 警告: 稀疏注意力未配置，将使用全连接注意力
⚠️ 警告: 稀疏注意力未配置，将使用全连接注意力
⚠️ 警告: 稀疏注意力未配置，将使用全连接注意力
⚠️ 警告: 稀疏注意力未配置，将使用全连接注意力
⚠️ 警告: 稀疏注意力未配置，将使用全连接注意力
⚠️ 警告: 稀疏注意力未配置，将使用全连接注意力
⚠️ 警告: 稀疏注意力未配置，将使用全连接注意力
⚠️ 警告: 稀疏注意力未配置，将使用全连接注意力
⚠️ 警告: 稀疏注意力未配置，将使用全连接注意力
⚠️ 警告: 稀疏注意力未配置，将使用全连接注意力
⚠️ 警告: 稀疏注意力未配置，将使用全连接注意力
⚠️ 警告: 稀疏注意力未配置，将使用全连接注意力
⚠️ 警告: 稀疏注意力未配置，将使用全连接注意力
⚠️ 警告: 稀疏注意力未配置，将使用全连接注意力
⚠️ 警告: 稀疏注意力未配置，将使用全连接注意力
⚠️ 警告: 稀疏注意力未配置，将使用全连接注意力
⚠️ 警告: 稀疏注意力未配置，将使用全连接注意力
⚠️ 警告: 稀疏注意力未配置，将使用全连接注意力
⚠️ 警告: 稀疏注意力未配置，将使用全连接注意力
⚠️ 警告: 稀疏注意力未配置，将使用全连接注意力
⚠️ 警告: 稀疏注意力未配置，将使用全连接注意力
Test: loss:1.04e-02  =  9.47e-03 + alpha*1.25e-03
Valid performance:
 mse:1.01e-02, IC:-7.33e-03, RIC:-3.85e-02, prec@10:5.18e-01, SR:2.17e+00
Test performance:
 mse:9.47e-03, IC:-1.06e-02, RIC:-9.15e-02, prec@10:5.08e-01, SR:3.32e-01 


epoch31##########################################################
⚠️ 警告: 稀疏注意力未配置，将使用全连接注意力
⚠️ 警告: 稀疏注意力未配置，将使用全连接注意力
⚠️ 警告: 稀疏注意力未配置，将使用全连接注意力
⚠️ 警告: 稀疏注意力未配置，将使用全连接注意力
⚠️ 警告: 稀疏注意力未配置，将使用全连接注意力
⚠️ 警告: 稀疏注意力未配置，将使用全连接注意力
⚠️ 警告: 稀疏注意力未配置，将使用全连接注意力
⚠️ 警告: 稀疏注意力未配置，将使用全连接注意力
⚠️ 警告: 稀疏注意力未配置，将使用全连接注意力
⚠️ 警告: 稀疏注意力未配置，将使用全连接注意力
⚠️ 警告: 稀疏注意力未配置，将使用全连接注意力
⚠️ 警告: 稀疏注意力未配置，将使用全连接注意力
⚠️ 警告: 稀疏注意力未配置，将使用全连接注意力
⚠️ 警告: 稀疏注意力未配置，将使用全连接注意力
⚠️ 警告: 稀疏注意力未配置，将使用全连接注意力
⚠️ 警告: 稀疏注意力未配置，将使用全连接注意力
⚠️ 警告: 稀疏注意力未配置，将使用全连接注意力
⚠️ 警告: 稀疏注意力未配置，将使用全连接注意力
⚠️ 警告: 稀疏注意力未配置，将使用全连接注意力
⚠️ 警告: 稀疏注意力未配置，将使用全连接注意力
⚠️ 警告: 稀疏注意力未配置，将使用全连接注意力
⚠️ 警告: 稀疏注意力未配置，将使用全连接注意力
⚠️ 警告: 稀疏注意力未配置，将使用全连接注意力
⚠️ 警告: 稀疏注意力未配置，将使用全连接注意力
⚠️ 警告: 稀疏注意力未配置，将使用全连接注意力
⚠️ 警告: 稀疏注意力未配置，将使用全连接注意力
⚠️ 警告: 稀疏注意力未配置，将使用全连接注意力
⚠️ 警告: 稀疏注意力未配置，将使用全连接注意力
⚠️ 警告: 稀疏注意力未配置，将使用全连接注意力
⚠️ 警告: 稀疏注意力未配置，将使用全连接注意力
⚠️ 警告: 稀疏注意力未配置，将使用全连接注意力
⚠️ 警告: 稀疏注意力未配置，将使用全连接注意力
⚠️ 警告: 稀疏注意力未配置，将使用全连接注意力
⚠️ 警告: 稀疏注意力未配置，将使用全连接注意力
⚠️ 警告: 稀疏注意力未配置，将使用全连接注意力
⚠️ 警告: 稀疏注意力未配置，将使用全连接注意力
⚠️ 警告: 稀疏注意力未配置，将使用全连接注意力
⚠️ 警告: 稀疏注意力未配置，将使用全连接注意力
⚠️ 警告: 稀疏注意力未配置，将使用全连接注意力
⚠️ 警告: 稀疏注意力未配置，将使用全连接注意力
⚠️ 警告: 稀疏注意力未配置，将使用全连接注意力
⚠️ 警告: 稀疏注意力未配置，将使用全连接注意力
⚠️ 警告: 稀疏注意力未配置，将使用全连接注意力
⚠️ 警告: 稀疏注意力未配置，将使用全连接注意力
⚠️ 警告: 稀疏注意力未配置，将使用全连接注意力
⚠️ 警告: 稀疏注意力未配置，将使用全连接注意力
⚠️ 警告: 稀疏注意力未配置，将使用全连接注意力
⚠️ 警告: 稀疏注意力未配置，将使用全连接注意力
⚠️ 警告: 稀疏注意力未配置，将使用全连接注意力
⚠️ 警告: 稀疏注意力未配置，将使用全连接注意力
⚠️ 警告: 稀疏注意力未配置，将使用全连接注意力
⚠️ 警告: 稀疏注意力未配置，将使用全连接注意力
⚠️ 警告: 稀疏注意力未配置，将使用全连接注意力
⚠️ 警告: 稀疏注意力未配置，将使用全连接注意力
⚠️ 警告: 稀疏注意力未配置，将使用全连接注意力
⚠️ 警告: 稀疏注意力未配置，将使用全连接注意力
⚠️ 警告: 稀疏注意力未配置，将使用全连接注意力
⚠️ 警告: 稀疏注意力未配置，将使用全连接注意力
⚠️ 警告: 稀疏注意力未配置，将使用全连接注意力
⚠️ 警告: 稀疏注意力未配置，将使用全连接注意力
⚠️ 警告: 稀疏注意力未配置，将使用全连接注意力
⚠️ 警告: 稀疏注意力未配置，将使用全连接注意力
⚠️ 警告: 稀疏注意力未配置，将使用全连接注意力
⚠️ 警告: 稀疏注意力未配置，将使用全连接注意力
⚠️ 警告: 稀疏注意力未配置，将使用全连接注意力
⚠️ 警告: 稀疏注意力未配置，将使用全连接注意力
⚠️ 警告: 稀疏注意力未配置，将使用全连接注意力
⚠️ 警告: 稀疏注意力未配置，将使用全连接注意力
⚠️ 警告: 稀疏注意力未配置，将使用全连接注意力
⚠️ 警告: 稀疏注意力未配置，将使用全连接注意力
⚠️ 警告: 稀疏注意力未配置，将使用全连接注意力
⚠️ 警告: 稀疏注意力未配置，将使用全连接注意力
⚠️ 警告: 稀疏注意力未配置，将使用全连接注意力
⚠️ 警告: 稀疏注意力未配置，将使用全连接注意力
⚠️ 警告: 稀疏注意力未配置，将使用全连接注意力
⚠️ 警告: 稀疏注意力未配置，将使用全连接注意力
⚠️ 警告: 稀疏注意力未配置，将使用全连接注意力
⚠️ 警告: 稀疏注意力未配置，将使用全连接注意力
⚠️ 警告: 稀疏注意力未配置，将使用全连接注意力
⚠️ 警告: 稀疏注意力未配置，将使用全连接注意力
⚠️ 警告: 稀疏注意力未配置，将使用全连接注意力
⚠️ 警告: 稀疏注意力未配置，将使用全连接注意力
⚠️ 警告: 稀疏注意力未配置，将使用全连接注意力
⚠️ 警告: 稀疏注意力未配置，将使用全连接注意力
⚠️ 警告: 稀疏注意力未配置，将使用全连接注意力
⚠️ 警告: 稀疏注意力未配置，将使用全连接注意力
⚠️ 警告: 稀疏注意力未配置，将使用全连接注意力
⚠️ 警告: 稀疏注意力未配置，将使用全连接注意力
⚠️ 警告: 稀疏注意力未配置，将使用全连接注意力
⚠️ 警告: 稀疏注意力未配置，将使用全连接注意力
⚠️ 警告: 稀疏注意力未配置，将使用全连接注意力
⚠️ 警告: 稀疏注意力未配置，将使用全连接注意力
⚠️ 警告: 稀疏注意力未配置，将使用全连接注意力
⚠️ 警告: 稀疏注意力未配置，将使用全连接注意力
⚠️ 警告: 稀疏注意力未配置，将使用全连接注意力
⚠️ 警告: 稀疏注意力未配置，将使用全连接注意力
⚠️ 警告: 稀疏注意力未配置，将使用全连接注意力
⚠️ 警告: 稀疏注意力未配置，将使用全连接注意力
⚠️ 警告: 稀疏注意力未配置，将使用全连接注意力
⚠️ 警告: 稀疏注意力未配置，将使用全连接注意力
⚠️ 警告: 稀疏注意力未配置，将使用全连接注意力
⚠️ 警告: 稀疏注意力未配置，将使用全连接注意力
⚠️ 警告: 稀疏注意力未配置，将使用全连接注意力
⚠️ 警告: 稀疏注意力未配置，将使用全连接注意力
⚠️ 警告: 稀疏注意力未配置，将使用全连接注意力
⚠️ 警告: 稀疏注意力未配置，将使用全连接注意力
⚠️ 警告: 稀疏注意力未配置，将使用全连接注意力
⚠️ 警告: 稀疏注意力未配置，将使用全连接注意力
⚠️ 警告: 稀疏注意力未配置，将使用全连接注意力
⚠️ 警告: 稀疏注意力未配置，将使用全连接注意力
⚠️ 警告: 稀疏注意力未配置，将使用全连接注意力
⚠️ 警告: 稀疏注意力未配置，将使用全连接注意力
⚠️ 警告: 稀疏注意力未配置，将使用全连接注意力
⚠️ 警告: 稀疏注意力未配置，将使用全连接注意力
⚠️ 警告: 稀疏注意力未配置，将使用全连接注意力
⚠️ 警告: 稀疏注意力未配置，将使用全连接注意力
⚠️ 警告: 稀疏注意力未配置，将使用全连接注意力
⚠️ 警告: 稀疏注意力未配置，将使用全连接注意力
⚠️ 警告: 稀疏注意力未配置，将使用全连接注意力
Train : loss:4.33e-03  =  3.81e-03 + alpha*6.85e-04
⚠️ 警告: 稀疏注意力未配置，将使用全连接注意力
⚠️ 警告: 稀疏注意力未配置，将使用全连接注意力
⚠️ 警告: 稀疏注意力未配置，将使用全连接注意力
⚠️ 警告: 稀疏注意力未配置，将使用全连接注意力
⚠️ 警告: 稀疏注意力未配置，将使用全连接注意力
⚠️ 警告: 稀疏注意力未配置，将使用全连接注意力
⚠️ 警告: 稀疏注意力未配置，将使用全连接注意力
⚠️ 警告: 稀疏注意力未配置，将使用全连接注意力
⚠️ 警告: 稀疏注意力未配置，将使用全连接注意力
⚠️ 警告: 稀疏注意力未配置，将使用全连接注意力
⚠️ 警告: 稀疏注意力未配置，将使用全连接注意力
⚠️ 警告: 稀疏注意力未配置，将使用全连接注意力
⚠️ 警告: 稀疏注意力未配置，将使用全连接注意力
⚠️ 警告: 稀疏注意力未配置，将使用全连接注意力
⚠️ 警告: 稀疏注意力未配置，将使用全连接注意力
⚠️ 警告: 稀疏注意力未配置，将使用全连接注意力
⚠️ 警告: 稀疏注意力未配置，将使用全连接注意力
⚠️ 警告: 稀疏注意力未配置，将使用全连接注意力
⚠️ 警告: 稀疏注意力未配置，将使用全连接注意力
⚠️ 警告: 稀疏注意力未配置，将使用全连接注意力
⚠️ 警告: 稀疏注意力未配置，将使用全连接注意力
⚠️ 警告: 稀疏注意力未配置，将使用全连接注意力
⚠️ 警告: 稀疏注意力未配置，将使用全连接注意力
⚠️ 警告: 稀疏注意力未配置，将使用全连接注意力
⚠️ 警告: 稀疏注意力未配置，将使用全连接注意力
⚠️ 警告: 稀疏注意力未配置，将使用全连接注意力
⚠️ 警告: 稀疏注意力未配置，将使用全连接注意力
⚠️ 警告: 稀疏注意力未配置，将使用全连接注意力
⚠️ 警告: 稀疏注意力未配置，将使用全连接注意力
⚠️ 警告: 稀疏注意力未配置，将使用全连接注意力
⚠️ 警告: 稀疏注意力未配置，将使用全连接注意力
⚠️ 警告: 稀疏注意力未配置，将使用全连接注意力
⚠️ 警告: 稀疏注意力未配置，将使用全连接注意力
⚠️ 警告: 稀疏注意力未配置，将使用全连接注意力
⚠️ 警告: 稀疏注意力未配置，将使用全连接注意力
⚠️ 警告: 稀疏注意力未配置，将使用全连接注意力
⚠️ 警告: 稀疏注意力未配置，将使用全连接注意力
⚠️ 警告: 稀疏注意力未配置，将使用全连接注意力
⚠️ 警告: 稀疏注意力未配置，将使用全连接注意力
⚠️ 警告: 稀疏注意力未配置，将使用全连接注意力
⚠️ 警告: 稀疏注意力未配置，将使用全连接注意力
⚠️ 警告: 稀疏注意力未配置，将使用全连接注意力
⚠️ 警告: 稀疏注意力未配置，将使用全连接注意力
⚠️ 警告: 稀疏注意力未配置，将使用全连接注意力
⚠️ 警告: 稀疏注意力未配置，将使用全连接注意力
⚠️ 警告: 稀疏注意力未配置，将使用全连接注意力
⚠️ 警告: 稀疏注意力未配置，将使用全连接注意力
⚠️ 警告: 稀疏注意力未配置，将使用全连接注意力
⚠️ 警告: 稀疏注意力未配置，将使用全连接注意力
⚠️ 警告: 稀疏注意力未配置，将使用全连接注意力
Valid : loss:1.16e-02  =  1.07e-02 + alpha*1.25e-03
⚠️ 警告: 稀疏注意力未配置，将使用全连接注意力
⚠️ 警告: 稀疏注意力未配置，将使用全连接注意力
⚠️ 警告: 稀疏注意力未配置，将使用全连接注意力
⚠️ 警告: 稀疏注意力未配置，将使用全连接注意力
⚠️ 警告: 稀疏注意力未配置，将使用全连接注意力
⚠️ 警告: 稀疏注意力未配置，将使用全连接注意力
⚠️ 警告: 稀疏注意力未配置，将使用全连接注意力
⚠️ 警告: 稀疏注意力未配置，将使用全连接注意力
⚠️ 警告: 稀疏注意力未配置，将使用全连接注意力
⚠️ 警告: 稀疏注意力未配置，将使用全连接注意力
⚠️ 警告: 稀疏注意力未配置，将使用全连接注意力
⚠️ 警告: 稀疏注意力未配置，将使用全连接注意力
⚠️ 警告: 稀疏注意力未配置，将使用全连接注意力
⚠️ 警告: 稀疏注意力未配置，将使用全连接注意力
⚠️ 警告: 稀疏注意力未配置，将使用全连接注意力
⚠️ 警告: 稀疏注意力未配置，将使用全连接注意力
⚠️ 警告: 稀疏注意力未配置，将使用全连接注意力
⚠️ 警告: 稀疏注意力未配置，将使用全连接注意力
⚠️ 警告: 稀疏注意力未配置，将使用全连接注意力
⚠️ 警告: 稀疏注意力未配置，将使用全连接注意力
⚠️ 警告: 稀疏注意力未配置，将使用全连接注意力
⚠️ 警告: 稀疏注意力未配置，将使用全连接注意力
⚠️ 警告: 稀疏注意力未配置，将使用全连接注意力
⚠️ 警告: 稀疏注意力未配置，将使用全连接注意力
⚠️ 警告: 稀疏注意力未配置，将使用全连接注意力
⚠️ 警告: 稀疏注意力未配置，将使用全连接注意力
⚠️ 警告: 稀疏注意力未配置，将使用全连接注意力
⚠️ 警告: 稀疏注意力未配置，将使用全连接注意力
⚠️ 警告: 稀疏注意力未配置，将使用全连接注意力
⚠️ 警告: 稀疏注意力未配置，将使用全连接注意力
⚠️ 警告: 稀疏注意力未配置，将使用全连接注意力
⚠️ 警告: 稀疏注意力未配置，将使用全连接注意力
⚠️ 警告: 稀疏注意力未配置，将使用全连接注意力
⚠️ 警告: 稀疏注意力未配置，将使用全连接注意力
⚠️ 警告: 稀疏注意力未配置，将使用全连接注意力
⚠️ 警告: 稀疏注意力未配置，将使用全连接注意力
⚠️ 警告: 稀疏注意力未配置，将使用全连接注意力
⚠️ 警告: 稀疏注意力未配置，将使用全连接注意力
⚠️ 警告: 稀疏注意力未配置，将使用全连接注意力
⚠️ 警告: 稀疏注意力未配置，将使用全连接注意力
⚠️ 警告: 稀疏注意力未配置，将使用全连接注意力
⚠️ 警告: 稀疏注意力未配置，将使用全连接注意力
⚠️ 警告: 稀疏注意力未配置，将使用全连接注意力
⚠️ 警告: 稀疏注意力未配置，将使用全连接注意力
⚠️ 警告: 稀疏注意力未配置，将使用全连接注意力
⚠️ 警告: 稀疏注意力未配置，将使用全连接注意力
⚠️ 警告: 稀疏注意力未配置，将使用全连接注意力
⚠️ 警告: 稀疏注意力未配置，将使用全连接注意力
⚠️ 警告: 稀疏注意力未配置，将使用全连接注意力
⚠️ 警告: 稀疏注意力未配置，将使用全连接注意力
⚠️ 警告: 稀疏注意力未配置，将使用全连接注意力
Test: loss:1.12e-02  =  1.03e-02 + alpha*1.25e-03
Valid performance:
 mse:1.07e-02, IC:-8.31e-03, RIC:-4.37e-02, prec@10:5.00e-01, SR:8.84e-01
Test performance:
 mse:1.03e-02, IC:-7.85e-03, RIC:-6.81e-02, prec@10:5.24e-01, SR:1.21e+00 


epoch32##########################################################
⚠️ 警告: 稀疏注意力未配置，将使用全连接注意力
⚠️ 警告: 稀疏注意力未配置，将使用全连接注意力
⚠️ 警告: 稀疏注意力未配置，将使用全连接注意力
⚠️ 警告: 稀疏注意力未配置，将使用全连接注意力
⚠️ 警告: 稀疏注意力未配置，将使用全连接注意力
⚠️ 警告: 稀疏注意力未配置，将使用全连接注意力
⚠️ 警告: 稀疏注意力未配置，将使用全连接注意力
⚠️ 警告: 稀疏注意力未配置，将使用全连接注意力
⚠️ 警告: 稀疏注意力未配置，将使用全连接注意力
⚠️ 警告: 稀疏注意力未配置，将使用全连接注意力
⚠️ 警告: 稀疏注意力未配置，将使用全连接注意力
⚠️ 警告: 稀疏注意力未配置，将使用全连接注意力
⚠️ 警告: 稀疏注意力未配置，将使用全连接注意力
⚠️ 警告: 稀疏注意力未配置，将使用全连接注意力
⚠️ 警告: 稀疏注意力未配置，将使用全连接注意力
⚠️ 警告: 稀疏注意力未配置，将使用全连接注意力
⚠️ 警告: 稀疏注意力未配置，将使用全连接注意力
⚠️ 警告: 稀疏注意力未配置，将使用全连接注意力
⚠️ 警告: 稀疏注意力未配置，将使用全连接注意力
⚠️ 警告: 稀疏注意力未配置，将使用全连接注意力
⚠️ 警告: 稀疏注意力未配置，将使用全连接注意力
⚠️ 警告: 稀疏注意力未配置，将使用全连接注意力
⚠️ 警告: 稀疏注意力未配置，将使用全连接注意力
⚠️ 警告: 稀疏注意力未配置，将使用全连接注意力
⚠️ 警告: 稀疏注意力未配置，将使用全连接注意力
⚠️ 警告: 稀疏注意力未配置，将使用全连接注意力
⚠️ 警告: 稀疏注意力未配置，将使用全连接注意力
⚠️ 警告: 稀疏注意力未配置，将使用全连接注意力
⚠️ 警告: 稀疏注意力未配置，将使用全连接注意力
⚠️ 警告: 稀疏注意力未配置，将使用全连接注意力
⚠️ 警告: 稀疏注意力未配置，将使用全连接注意力
⚠️ 警告: 稀疏注意力未配置，将使用全连接注意力
⚠️ 警告: 稀疏注意力未配置，将使用全连接注意力
⚠️ 警告: 稀疏注意力未配置，将使用全连接注意力
⚠️ 警告: 稀疏注意力未配置，将使用全连接注意力
⚠️ 警告: 稀疏注意力未配置，将使用全连接注意力
⚠️ 警告: 稀疏注意力未配置，将使用全连接注意力
⚠️ 警告: 稀疏注意力未配置，将使用全连接注意力
⚠️ 警告: 稀疏注意力未配置，将使用全连接注意力
⚠️ 警告: 稀疏注意力未配置，将使用全连接注意力
⚠️ 警告: 稀疏注意力未配置，将使用全连接注意力
⚠️ 警告: 稀疏注意力未配置，将使用全连接注意力
⚠️ 警告: 稀疏注意力未配置，将使用全连接注意力
⚠️ 警告: 稀疏注意力未配置，将使用全连接注意力
⚠️ 警告: 稀疏注意力未配置，将使用全连接注意力
⚠️ 警告: 稀疏注意力未配置，将使用全连接注意力
⚠️ 警告: 稀疏注意力未配置，将使用全连接注意力
⚠️ 警告: 稀疏注意力未配置，将使用全连接注意力
⚠️ 警告: 稀疏注意力未配置，将使用全连接注意力
⚠️ 警告: 稀疏注意力未配置，将使用全连接注意力
⚠️ 警告: 稀疏注意力未配置，将使用全连接注意力
⚠️ 警告: 稀疏注意力未配置，将使用全连接注意力
⚠️ 警告: 稀疏注意力未配置，将使用全连接注意力
⚠️ 警告: 稀疏注意力未配置，将使用全连接注意力
⚠️ 警告: 稀疏注意力未配置，将使用全连接注意力
⚠️ 警告: 稀疏注意力未配置，将使用全连接注意力
⚠️ 警告: 稀疏注意力未配置，将使用全连接注意力
⚠️ 警告: 稀疏注意力未配置，将使用全连接注意力
⚠️ 警告: 稀疏注意力未配置，将使用全连接注意力
⚠️ 警告: 稀疏注意力未配置，将使用全连接注意力
⚠️ 警告: 稀疏注意力未配置，将使用全连接注意力
⚠️ 警告: 稀疏注意力未配置，将使用全连接注意力
⚠️ 警告: 稀疏注意力未配置，将使用全连接注意力
⚠️ 警告: 稀疏注意力未配置，将使用全连接注意力
⚠️ 警告: 稀疏注意力未配置，将使用全连接注意力
⚠️ 警告: 稀疏注意力未配置，将使用全连接注意力
⚠️ 警告: 稀疏注意力未配置，将使用全连接注意力
⚠️ 警告: 稀疏注意力未配置，将使用全连接注意力
⚠️ 警告: 稀疏注意力未配置，将使用全连接注意力
⚠️ 警告: 稀疏注意力未配置，将使用全连接注意力
⚠️ 警告: 稀疏注意力未配置，将使用全连接注意力
⚠️ 警告: 稀疏注意力未配置，将使用全连接注意力
⚠️ 警告: 稀疏注意力未配置，将使用全连接注意力
⚠️ 警告: 稀疏注意力未配置，将使用全连接注意力
⚠️ 警告: 稀疏注意力未配置，将使用全连接注意力
⚠️ 警告: 稀疏注意力未配置，将使用全连接注意力
⚠️ 警告: 稀疏注意力未配置，将使用全连接注意力
⚠️ 警告: 稀疏注意力未配置，将使用全连接注意力
⚠️ 警告: 稀疏注意力未配置，将使用全连接注意力
⚠️ 警告: 稀疏注意力未配置，将使用全连接注意力
⚠️ 警告: 稀疏注意力未配置，将使用全连接注意力
⚠️ 警告: 稀疏注意力未配置，将使用全连接注意力
⚠️ 警告: 稀疏注意力未配置，将使用全连接注意力
⚠️ 警告: 稀疏注意力未配置，将使用全连接注意力
⚠️ 警告: 稀疏注意力未配置，将使用全连接注意力
⚠️ 警告: 稀疏注意力未配置，将使用全连接注意力
⚠️ 警告: 稀疏注意力未配置，将使用全连接注意力
⚠️ 警告: 稀疏注意力未配置，将使用全连接注意力
⚠️ 警告: 稀疏注意力未配置，将使用全连接注意力
⚠️ 警告: 稀疏注意力未配置，将使用全连接注意力
⚠️ 警告: 稀疏注意力未配置，将使用全连接注意力
⚠️ 警告: 稀疏注意力未配置，将使用全连接注意力
⚠️ 警告: 稀疏注意力未配置，将使用全连接注意力
⚠️ 警告: 稀疏注意力未配置，将使用全连接注意力
⚠️ 警告: 稀疏注意力未配置，将使用全连接注意力
⚠️ 警告: 稀疏注意力未配置，将使用全连接注意力
⚠️ 警告: 稀疏注意力未配置，将使用全连接注意力
⚠️ 警告: 稀疏注意力未配置，将使用全连接注意力
⚠️ 警告: 稀疏注意力未配置，将使用全连接注意力
⚠️ 警告: 稀疏注意力未配置，将使用全连接注意力
⚠️ 警告: 稀疏注意力未配置，将使用全连接注意力
⚠️ 警告: 稀疏注意力未配置，将使用全连接注意力
⚠️ 警告: 稀疏注意力未配置，将使用全连接注意力
⚠️ 警告: 稀疏注意力未配置，将使用全连接注意力
⚠️ 警告: 稀疏注意力未配置，将使用全连接注意力
⚠️ 警告: 稀疏注意力未配置，将使用全连接注意力
⚠️ 警告: 稀疏注意力未配置，将使用全连接注意力
⚠️ 警告: 稀疏注意力未配置，将使用全连接注意力
⚠️ 警告: 稀疏注意力未配置，将使用全连接注意力
⚠️ 警告: 稀疏注意力未配置，将使用全连接注意力
⚠️ 警告: 稀疏注意力未配置，将使用全连接注意力
⚠️ 警告: 稀疏注意力未配置，将使用全连接注意力
⚠️ 警告: 稀疏注意力未配置，将使用全连接注意力
⚠️ 警告: 稀疏注意力未配置，将使用全连接注意力
⚠️ 警告: 稀疏注意力未配置，将使用全连接注意力
⚠️ 警告: 稀疏注意力未配置，将使用全连接注意力
⚠️ 警告: 稀疏注意力未配置，将使用全连接注意力
⚠️ 警告: 稀疏注意力未配置，将使用全连接注意力
⚠️ 警告: 稀疏注意力未配置，将使用全连接注意力
Train : loss:4.31e-03  =  3.80e-03 + alpha*6.83e-04
⚠️ 警告: 稀疏注意力未配置，将使用全连接注意力
⚠️ 警告: 稀疏注意力未配置，将使用全连接注意力
⚠️ 警告: 稀疏注意力未配置，将使用全连接注意力
⚠️ 警告: 稀疏注意力未配置，将使用全连接注意力
⚠️ 警告: 稀疏注意力未配置，将使用全连接注意力
⚠️ 警告: 稀疏注意力未配置，将使用全连接注意力
⚠️ 警告: 稀疏注意力未配置，将使用全连接注意力
⚠️ 警告: 稀疏注意力未配置，将使用全连接注意力
⚠️ 警告: 稀疏注意力未配置，将使用全连接注意力
⚠️ 警告: 稀疏注意力未配置，将使用全连接注意力
⚠️ 警告: 稀疏注意力未配置，将使用全连接注意力
⚠️ 警告: 稀疏注意力未配置，将使用全连接注意力
⚠️ 警告: 稀疏注意力未配置，将使用全连接注意力
⚠️ 警告: 稀疏注意力未配置，将使用全连接注意力
⚠️ 警告: 稀疏注意力未配置，将使用全连接注意力
⚠️ 警告: 稀疏注意力未配置，将使用全连接注意力
⚠️ 警告: 稀疏注意力未配置，将使用全连接注意力
⚠️ 警告: 稀疏注意力未配置，将使用全连接注意力
⚠️ 警告: 稀疏注意力未配置，将使用全连接注意力
⚠️ 警告: 稀疏注意力未配置，将使用全连接注意力
⚠️ 警告: 稀疏注意力未配置，将使用全连接注意力
⚠️ 警告: 稀疏注意力未配置，将使用全连接注意力
⚠️ 警告: 稀疏注意力未配置，将使用全连接注意力
⚠️ 警告: 稀疏注意力未配置，将使用全连接注意力
⚠️ 警告: 稀疏注意力未配置，将使用全连接注意力
⚠️ 警告: 稀疏注意力未配置，将使用全连接注意力
⚠️ 警告: 稀疏注意力未配置，将使用全连接注意力
⚠️ 警告: 稀疏注意力未配置，将使用全连接注意力
⚠️ 警告: 稀疏注意力未配置，将使用全连接注意力
⚠️ 警告: 稀疏注意力未配置，将使用全连接注意力
⚠️ 警告: 稀疏注意力未配置，将使用全连接注意力
⚠️ 警告: 稀疏注意力未配置，将使用全连接注意力
⚠️ 警告: 稀疏注意力未配置，将使用全连接注意力
⚠️ 警告: 稀疏注意力未配置，将使用全连接注意力
⚠️ 警告: 稀疏注意力未配置，将使用全连接注意力
⚠️ 警告: 稀疏注意力未配置，将使用全连接注意力
⚠️ 警告: 稀疏注意力未配置，将使用全连接注意力
⚠️ 警告: 稀疏注意力未配置，将使用全连接注意力
⚠️ 警告: 稀疏注意力未配置，将使用全连接注意力
⚠️ 警告: 稀疏注意力未配置，将使用全连接注意力
⚠️ 警告: 稀疏注意力未配置，将使用全连接注意力
⚠️ 警告: 稀疏注意力未配置，将使用全连接注意力
⚠️ 警告: 稀疏注意力未配置，将使用全连接注意力
⚠️ 警告: 稀疏注意力未配置，将使用全连接注意力
⚠️ 警告: 稀疏注意力未配置，将使用全连接注意力
⚠️ 警告: 稀疏注意力未配置，将使用全连接注意力
⚠️ 警告: 稀疏注意力未配置，将使用全连接注意力
⚠️ 警告: 稀疏注意力未配置，将使用全连接注意力
⚠️ 警告: 稀疏注意力未配置，将使用全连接注意力
⚠️ 警告: 稀疏注意力未配置，将使用全连接注意力
Valid : loss:1.08e-02  =  9.87e-03 + alpha*1.22e-03
⚠️ 警告: 稀疏注意力未配置，将使用全连接注意力
⚠️ 警告: 稀疏注意力未配置，将使用全连接注意力
⚠️ 警告: 稀疏注意力未配置，将使用全连接注意力
⚠️ 警告: 稀疏注意力未配置，将使用全连接注意力
⚠️ 警告: 稀疏注意力未配置，将使用全连接注意力
⚠️ 警告: 稀疏注意力未配置，将使用全连接注意力
⚠️ 警告: 稀疏注意力未配置，将使用全连接注意力
⚠️ 警告: 稀疏注意力未配置，将使用全连接注意力
⚠️ 警告: 稀疏注意力未配置，将使用全连接注意力
⚠️ 警告: 稀疏注意力未配置，将使用全连接注意力
⚠️ 警告: 稀疏注意力未配置，将使用全连接注意力
⚠️ 警告: 稀疏注意力未配置，将使用全连接注意力
⚠️ 警告: 稀疏注意力未配置，将使用全连接注意力
⚠️ 警告: 稀疏注意力未配置，将使用全连接注意力
⚠️ 警告: 稀疏注意力未配置，将使用全连接注意力
⚠️ 警告: 稀疏注意力未配置，将使用全连接注意力
⚠️ 警告: 稀疏注意力未配置，将使用全连接注意力
⚠️ 警告: 稀疏注意力未配置，将使用全连接注意力
⚠️ 警告: 稀疏注意力未配置，将使用全连接注意力
⚠️ 警告: 稀疏注意力未配置，将使用全连接注意力
⚠️ 警告: 稀疏注意力未配置，将使用全连接注意力
⚠️ 警告: 稀疏注意力未配置，将使用全连接注意力
⚠️ 警告: 稀疏注意力未配置，将使用全连接注意力
⚠️ 警告: 稀疏注意力未配置，将使用全连接注意力
⚠️ 警告: 稀疏注意力未配置，将使用全连接注意力
⚠️ 警告: 稀疏注意力未配置，将使用全连接注意力
⚠️ 警告: 稀疏注意力未配置，将使用全连接注意力
⚠️ 警告: 稀疏注意力未配置，将使用全连接注意力
⚠️ 警告: 稀疏注意力未配置，将使用全连接注意力
⚠️ 警告: 稀疏注意力未配置，将使用全连接注意力
⚠️ 警告: 稀疏注意力未配置，将使用全连接注意力
⚠️ 警告: 稀疏注意力未配置，将使用全连接注意力
⚠️ 警告: 稀疏注意力未配置，将使用全连接注意力
⚠️ 警告: 稀疏注意力未配置，将使用全连接注意力
⚠️ 警告: 稀疏注意力未配置，将使用全连接注意力
⚠️ 警告: 稀疏注意力未配置，将使用全连接注意力
⚠️ 警告: 稀疏注意力未配置，将使用全连接注意力
⚠️ 警告: 稀疏注意力未配置，将使用全连接注意力
⚠️ 警告: 稀疏注意力未配置，将使用全连接注意力
⚠️ 警告: 稀疏注意力未配置，将使用全连接注意力
⚠️ 警告: 稀疏注意力未配置，将使用全连接注意力
⚠️ 警告: 稀疏注意力未配置，将使用全连接注意力
⚠️ 警告: 稀疏注意力未配置，将使用全连接注意力
⚠️ 警告: 稀疏注意力未配置，将使用全连接注意力
⚠️ 警告: 稀疏注意力未配置，将使用全连接注意力
⚠️ 警告: 稀疏注意力未配置，将使用全连接注意力
⚠️ 警告: 稀疏注意力未配置，将使用全连接注意力
⚠️ 警告: 稀疏注意力未配置，将使用全连接注意力
⚠️ 警告: 稀疏注意力未配置，将使用全连接注意力
⚠️ 警告: 稀疏注意力未配置，将使用全连接注意力
⚠️ 警告: 稀疏注意力未配置，将使用全连接注意力
Test: loss:1.04e-02  =  9.53e-03 + alpha*1.23e-03
Valid performance:
 mse:9.87e-03, IC:-7.48e-03, RIC:-3.93e-02, prec@10:5.06e-01, SR:2.03e+00
Test performance:
 mse:9.53e-03, IC:-1.26e-02, RIC:-1.10e-01, prec@10:4.86e-01, SR:-5.39e-01 


epoch33##########################################################
⚠️ 警告: 稀疏注意力未配置，将使用全连接注意力
⚠️ 警告: 稀疏注意力未配置，将使用全连接注意力
⚠️ 警告: 稀疏注意力未配置，将使用全连接注意力
⚠️ 警告: 稀疏注意力未配置，将使用全连接注意力
⚠️ 警告: 稀疏注意力未配置，将使用全连接注意力
⚠️ 警告: 稀疏注意力未配置，将使用全连接注意力
⚠️ 警告: 稀疏注意力未配置，将使用全连接注意力
⚠️ 警告: 稀疏注意力未配置，将使用全连接注意力
⚠️ 警告: 稀疏注意力未配置，将使用全连接注意力
⚠️ 警告: 稀疏注意力未配置，将使用全连接注意力
⚠️ 警告: 稀疏注意力未配置，将使用全连接注意力
⚠️ 警告: 稀疏注意力未配置，将使用全连接注意力
⚠️ 警告: 稀疏注意力未配置，将使用全连接注意力
⚠️ 警告: 稀疏注意力未配置，将使用全连接注意力
⚠️ 警告: 稀疏注意力未配置，将使用全连接注意力
⚠️ 警告: 稀疏注意力未配置，将使用全连接注意力
⚠️ 警告: 稀疏注意力未配置，将使用全连接注意力
⚠️ 警告: 稀疏注意力未配置，将使用全连接注意力
⚠️ 警告: 稀疏注意力未配置，将使用全连接注意力
⚠️ 警告: 稀疏注意力未配置，将使用全连接注意力
⚠️ 警告: 稀疏注意力未配置，将使用全连接注意力
⚠️ 警告: 稀疏注意力未配置，将使用全连接注意力
⚠️ 警告: 稀疏注意力未配置，将使用全连接注意力
⚠️ 警告: 稀疏注意力未配置，将使用全连接注意力
⚠️ 警告: 稀疏注意力未配置，将使用全连接注意力
⚠️ 警告: 稀疏注意力未配置，将使用全连接注意力
⚠️ 警告: 稀疏注意力未配置，将使用全连接注意力
⚠️ 警告: 稀疏注意力未配置，将使用全连接注意力
⚠️ 警告: 稀疏注意力未配置，将使用全连接注意力
⚠️ 警告: 稀疏注意力未配置，将使用全连接注意力
⚠️ 警告: 稀疏注意力未配置，将使用全连接注意力
⚠️ 警告: 稀疏注意力未配置，将使用全连接注意力
⚠️ 警告: 稀疏注意力未配置，将使用全连接注意力
⚠️ 警告: 稀疏注意力未配置，将使用全连接注意力
⚠️ 警告: 稀疏注意力未配置，将使用全连接注意力
⚠️ 警告: 稀疏注意力未配置，将使用全连接注意力
⚠️ 警告: 稀疏注意力未配置，将使用全连接注意力
⚠️ 警告: 稀疏注意力未配置，将使用全连接注意力
⚠️ 警告: 稀疏注意力未配置，将使用全连接注意力
⚠️ 警告: 稀疏注意力未配置，将使用全连接注意力
⚠️ 警告: 稀疏注意力未配置，将使用全连接注意力
⚠️ 警告: 稀疏注意力未配置，将使用全连接注意力
⚠️ 警告: 稀疏注意力未配置，将使用全连接注意力
⚠️ 警告: 稀疏注意力未配置，将使用全连接注意力
⚠️ 警告: 稀疏注意力未配置，将使用全连接注意力
⚠️ 警告: 稀疏注意力未配置，将使用全连接注意力
⚠️ 警告: 稀疏注意力未配置，将使用全连接注意力
⚠️ 警告: 稀疏注意力未配置，将使用全连接注意力
⚠️ 警告: 稀疏注意力未配置，将使用全连接注意力
⚠️ 警告: 稀疏注意力未配置，将使用全连接注意力
⚠️ 警告: 稀疏注意力未配置，将使用全连接注意力
⚠️ 警告: 稀疏注意力未配置，将使用全连接注意力
⚠️ 警告: 稀疏注意力未配置，将使用全连接注意力
⚠️ 警告: 稀疏注意力未配置，将使用全连接注意力
⚠️ 警告: 稀疏注意力未配置，将使用全连接注意力
⚠️ 警告: 稀疏注意力未配置，将使用全连接注意力
⚠️ 警告: 稀疏注意力未配置，将使用全连接注意力
⚠️ 警告: 稀疏注意力未配置，将使用全连接注意力
⚠️ 警告: 稀疏注意力未配置，将使用全连接注意力
⚠️ 警告: 稀疏注意力未配置，将使用全连接注意力
⚠️ 警告: 稀疏注意力未配置，将使用全连接注意力
⚠️ 警告: 稀疏注意力未配置，将使用全连接注意力
⚠️ 警告: 稀疏注意力未配置，将使用全连接注意力
⚠️ 警告: 稀疏注意力未配置，将使用全连接注意力
⚠️ 警告: 稀疏注意力未配置，将使用全连接注意力
⚠️ 警告: 稀疏注意力未配置，将使用全连接注意力
⚠️ 警告: 稀疏注意力未配置，将使用全连接注意力
⚠️ 警告: 稀疏注意力未配置，将使用全连接注意力
⚠️ 警告: 稀疏注意力未配置，将使用全连接注意力
⚠️ 警告: 稀疏注意力未配置，将使用全连接注意力
⚠️ 警告: 稀疏注意力未配置，将使用全连接注意力
⚠️ 警告: 稀疏注意力未配置，将使用全连接注意力
⚠️ 警告: 稀疏注意力未配置，将使用全连接注意力
⚠️ 警告: 稀疏注意力未配置，将使用全连接注意力
⚠️ 警告: 稀疏注意力未配置，将使用全连接注意力
⚠️ 警告: 稀疏注意力未配置，将使用全连接注意力
⚠️ 警告: 稀疏注意力未配置，将使用全连接注意力
⚠️ 警告: 稀疏注意力未配置，将使用全连接注意力
⚠️ 警告: 稀疏注意力未配置，将使用全连接注意力
⚠️ 警告: 稀疏注意力未配置，将使用全连接注意力
⚠️ 警告: 稀疏注意力未配置，将使用全连接注意力
⚠️ 警告: 稀疏注意力未配置，将使用全连接注意力
⚠️ 警告: 稀疏注意力未配置，将使用全连接注意力
⚠️ 警告: 稀疏注意力未配置，将使用全连接注意力
⚠️ 警告: 稀疏注意力未配置，将使用全连接注意力
⚠️ 警告: 稀疏注意力未配置，将使用全连接注意力
⚠️ 警告: 稀疏注意力未配置，将使用全连接注意力
⚠️ 警告: 稀疏注意力未配置，将使用全连接注意力
⚠️ 警告: 稀疏注意力未配置，将使用全连接注意力
⚠️ 警告: 稀疏注意力未配置，将使用全连接注意力
⚠️ 警告: 稀疏注意力未配置，将使用全连接注意力
⚠️ 警告: 稀疏注意力未配置，将使用全连接注意力
⚠️ 警告: 稀疏注意力未配置，将使用全连接注意力
⚠️ 警告: 稀疏注意力未配置，将使用全连接注意力
⚠️ 警告: 稀疏注意力未配置，将使用全连接注意力
⚠️ 警告: 稀疏注意力未配置，将使用全连接注意力
⚠️ 警告: 稀疏注意力未配置，将使用全连接注意力
⚠️ 警告: 稀疏注意力未配置，将使用全连接注意力
⚠️ 警告: 稀疏注意力未配置，将使用全连接注意力
⚠️ 警告: 稀疏注意力未配置，将使用全连接注意力
⚠️ 警告: 稀疏注意力未配置，将使用全连接注意力
⚠️ 警告: 稀疏注意力未配置，将使用全连接注意力
⚠️ 警告: 稀疏注意力未配置，将使用全连接注意力
⚠️ 警告: 稀疏注意力未配置，将使用全连接注意力
⚠️ 警告: 稀疏注意力未配置，将使用全连接注意力
⚠️ 警告: 稀疏注意力未配置，将使用全连接注意力
⚠️ 警告: 稀疏注意力未配置，将使用全连接注意力
⚠️ 警告: 稀疏注意力未配置，将使用全连接注意力
⚠️ 警告: 稀疏注意力未配置，将使用全连接注意力
⚠️ 警告: 稀疏注意力未配置，将使用全连接注意力
⚠️ 警告: 稀疏注意力未配置，将使用全连接注意力
⚠️ 警告: 稀疏注意力未配置，将使用全连接注意力
⚠️ 警告: 稀疏注意力未配置，将使用全连接注意力
⚠️ 警告: 稀疏注意力未配置，将使用全连接注意力
⚠️ 警告: 稀疏注意力未配置，将使用全连接注意力
⚠️ 警告: 稀疏注意力未配置，将使用全连接注意力
⚠️ 警告: 稀疏注意力未配置，将使用全连接注意力
⚠️ 警告: 稀疏注意力未配置，将使用全连接注意力
⚠️ 警告: 稀疏注意力未配置，将使用全连接注意力
Train : loss:4.15e-03  =  3.66e-03 + alpha*6.63e-04
⚠️ 警告: 稀疏注意力未配置，将使用全连接注意力
⚠️ 警告: 稀疏注意力未配置，将使用全连接注意力
⚠️ 警告: 稀疏注意力未配置，将使用全连接注意力
⚠️ 警告: 稀疏注意力未配置，将使用全连接注意力
⚠️ 警告: 稀疏注意力未配置，将使用全连接注意力
⚠️ 警告: 稀疏注意力未配置，将使用全连接注意力
⚠️ 警告: 稀疏注意力未配置，将使用全连接注意力
⚠️ 警告: 稀疏注意力未配置，将使用全连接注意力
⚠️ 警告: 稀疏注意力未配置，将使用全连接注意力
⚠️ 警告: 稀疏注意力未配置，将使用全连接注意力
⚠️ 警告: 稀疏注意力未配置，将使用全连接注意力
⚠️ 警告: 稀疏注意力未配置，将使用全连接注意力
⚠️ 警告: 稀疏注意力未配置，将使用全连接注意力
⚠️ 警告: 稀疏注意力未配置，将使用全连接注意力
⚠️ 警告: 稀疏注意力未配置，将使用全连接注意力
⚠️ 警告: 稀疏注意力未配置，将使用全连接注意力
⚠️ 警告: 稀疏注意力未配置，将使用全连接注意力
⚠️ 警告: 稀疏注意力未配置，将使用全连接注意力
⚠️ 警告: 稀疏注意力未配置，将使用全连接注意力
⚠️ 警告: 稀疏注意力未配置，将使用全连接注意力
⚠️ 警告: 稀疏注意力未配置，将使用全连接注意力
⚠️ 警告: 稀疏注意力未配置，将使用全连接注意力
⚠️ 警告: 稀疏注意力未配置，将使用全连接注意力
⚠️ 警告: 稀疏注意力未配置，将使用全连接注意力
⚠️ 警告: 稀疏注意力未配置，将使用全连接注意力
⚠️ 警告: 稀疏注意力未配置，将使用全连接注意力
⚠️ 警告: 稀疏注意力未配置，将使用全连接注意力
⚠️ 警告: 稀疏注意力未配置，将使用全连接注意力
⚠️ 警告: 稀疏注意力未配置，将使用全连接注意力
⚠️ 警告: 稀疏注意力未配置，将使用全连接注意力
⚠️ 警告: 稀疏注意力未配置，将使用全连接注意力
⚠️ 警告: 稀疏注意力未配置，将使用全连接注意力
⚠️ 警告: 稀疏注意力未配置，将使用全连接注意力
⚠️ 警告: 稀疏注意力未配置，将使用全连接注意力
⚠️ 警告: 稀疏注意力未配置，将使用全连接注意力
⚠️ 警告: 稀疏注意力未配置，将使用全连接注意力
⚠️ 警告: 稀疏注意力未配置，将使用全连接注意力
⚠️ 警告: 稀疏注意力未配置，将使用全连接注意力
⚠️ 警告: 稀疏注意力未配置，将使用全连接注意力
⚠️ 警告: 稀疏注意力未配置，将使用全连接注意力
⚠️ 警告: 稀疏注意力未配置，将使用全连接注意力
⚠️ 警告: 稀疏注意力未配置，将使用全连接注意力
⚠️ 警告: 稀疏注意力未配置，将使用全连接注意力
⚠️ 警告: 稀疏注意力未配置，将使用全连接注意力
⚠️ 警告: 稀疏注意力未配置，将使用全连接注意力
⚠️ 警告: 稀疏注意力未配置，将使用全连接注意力
⚠️ 警告: 稀疏注意力未配置，将使用全连接注意力
⚠️ 警告: 稀疏注意力未配置，将使用全连接注意力
⚠️ 警告: 稀疏注意力未配置，将使用全连接注意力
⚠️ 警告: 稀疏注意力未配置，将使用全连接注意力
Valid : loss:1.07e-02  =  9.79e-03 + alpha*1.20e-03
⚠️ 警告: 稀疏注意力未配置，将使用全连接注意力
⚠️ 警告: 稀疏注意力未配置，将使用全连接注意力
⚠️ 警告: 稀疏注意力未配置，将使用全连接注意力
⚠️ 警告: 稀疏注意力未配置，将使用全连接注意力
⚠️ 警告: 稀疏注意力未配置，将使用全连接注意力
⚠️ 警告: 稀疏注意力未配置，将使用全连接注意力
⚠️ 警告: 稀疏注意力未配置，将使用全连接注意力
⚠️ 警告: 稀疏注意力未配置，将使用全连接注意力
⚠️ 警告: 稀疏注意力未配置，将使用全连接注意力
⚠️ 警告: 稀疏注意力未配置，将使用全连接注意力
⚠️ 警告: 稀疏注意力未配置，将使用全连接注意力
⚠️ 警告: 稀疏注意力未配置，将使用全连接注意力
⚠️ 警告: 稀疏注意力未配置，将使用全连接注意力
⚠️ 警告: 稀疏注意力未配置，将使用全连接注意力
⚠️ 警告: 稀疏注意力未配置，将使用全连接注意力
⚠️ 警告: 稀疏注意力未配置，将使用全连接注意力
⚠️ 警告: 稀疏注意力未配置，将使用全连接注意力
⚠️ 警告: 稀疏注意力未配置，将使用全连接注意力
⚠️ 警告: 稀疏注意力未配置，将使用全连接注意力
⚠️ 警告: 稀疏注意力未配置，将使用全连接注意力
⚠️ 警告: 稀疏注意力未配置，将使用全连接注意力
⚠️ 警告: 稀疏注意力未配置，将使用全连接注意力
⚠️ 警告: 稀疏注意力未配置，将使用全连接注意力
⚠️ 警告: 稀疏注意力未配置，将使用全连接注意力
⚠️ 警告: 稀疏注意力未配置，将使用全连接注意力
⚠️ 警告: 稀疏注意力未配置，将使用全连接注意力
⚠️ 警告: 稀疏注意力未配置，将使用全连接注意力
⚠️ 警告: 稀疏注意力未配置，将使用全连接注意力
⚠️ 警告: 稀疏注意力未配置，将使用全连接注意力
⚠️ 警告: 稀疏注意力未配置，将使用全连接注意力
⚠️ 警告: 稀疏注意力未配置，将使用全连接注意力
⚠️ 警告: 稀疏注意力未配置，将使用全连接注意力
⚠️ 警告: 稀疏注意力未配置，将使用全连接注意力
⚠️ 警告: 稀疏注意力未配置，将使用全连接注意力
⚠️ 警告: 稀疏注意力未配置，将使用全连接注意力
⚠️ 警告: 稀疏注意力未配置，将使用全连接注意力
⚠️ 警告: 稀疏注意力未配置，将使用全连接注意力
⚠️ 警告: 稀疏注意力未配置，将使用全连接注意力
⚠️ 警告: 稀疏注意力未配置，将使用全连接注意力
⚠️ 警告: 稀疏注意力未配置，将使用全连接注意力
⚠️ 警告: 稀疏注意力未配置，将使用全连接注意力
⚠️ 警告: 稀疏注意力未配置，将使用全连接注意力
⚠️ 警告: 稀疏注意力未配置，将使用全连接注意力
⚠️ 警告: 稀疏注意力未配置，将使用全连接注意力
⚠️ 警告: 稀疏注意力未配置，将使用全连接注意力
⚠️ 警告: 稀疏注意力未配置，将使用全连接注意力
⚠️ 警告: 稀疏注意力未配置，将使用全连接注意力
⚠️ 警告: 稀疏注意力未配置，将使用全连接注意力
⚠️ 警告: 稀疏注意力未配置，将使用全连接注意力
⚠️ 警告: 稀疏注意力未配置，将使用全连接注意力
⚠️ 警告: 稀疏注意力未配置，将使用全连接注意力
Test: loss:1.07e-02  =  9.76e-03 + alpha*1.23e-03
Valid performance:
 mse:9.79e-03, IC:-4.42e-03, RIC:-2.32e-02, prec@10:4.92e-01, SR:1.58e+00
Test performance:
 mse:9.76e-03, IC:-1.08e-02, RIC:-9.03e-02, prec@10:5.00e-01, SR:5.51e-01 


epoch34##########################################################
⚠️ 警告: 稀疏注意力未配置，将使用全连接注意力
⚠️ 警告: 稀疏注意力未配置，将使用全连接注意力
⚠️ 警告: 稀疏注意力未配置，将使用全连接注意力
⚠️ 警告: 稀疏注意力未配置，将使用全连接注意力
⚠️ 警告: 稀疏注意力未配置，将使用全连接注意力
⚠️ 警告: 稀疏注意力未配置，将使用全连接注意力
⚠️ 警告: 稀疏注意力未配置，将使用全连接注意力
⚠️ 警告: 稀疏注意力未配置，将使用全连接注意力
⚠️ 警告: 稀疏注意力未配置，将使用全连接注意力
⚠️ 警告: 稀疏注意力未配置，将使用全连接注意力
⚠️ 警告: 稀疏注意力未配置，将使用全连接注意力
⚠️ 警告: 稀疏注意力未配置，将使用全连接注意力
⚠️ 警告: 稀疏注意力未配置，将使用全连接注意力
⚠️ 警告: 稀疏注意力未配置，将使用全连接注意力
⚠️ 警告: 稀疏注意力未配置，将使用全连接注意力
⚠️ 警告: 稀疏注意力未配置，将使用全连接注意力
⚠️ 警告: 稀疏注意力未配置，将使用全连接注意力
⚠️ 警告: 稀疏注意力未配置，将使用全连接注意力
⚠️ 警告: 稀疏注意力未配置，将使用全连接注意力
⚠️ 警告: 稀疏注意力未配置，将使用全连接注意力
⚠️ 警告: 稀疏注意力未配置，将使用全连接注意力
⚠️ 警告: 稀疏注意力未配置，将使用全连接注意力
⚠️ 警告: 稀疏注意力未配置，将使用全连接注意力
⚠️ 警告: 稀疏注意力未配置，将使用全连接注意力
⚠️ 警告: 稀疏注意力未配置，将使用全连接注意力
⚠️ 警告: 稀疏注意力未配置，将使用全连接注意力
⚠️ 警告: 稀疏注意力未配置，将使用全连接注意力
⚠️ 警告: 稀疏注意力未配置，将使用全连接注意力
⚠️ 警告: 稀疏注意力未配置，将使用全连接注意力
⚠️ 警告: 稀疏注意力未配置，将使用全连接注意力
⚠️ 警告: 稀疏注意力未配置，将使用全连接注意力
⚠️ 警告: 稀疏注意力未配置，将使用全连接注意力
⚠️ 警告: 稀疏注意力未配置，将使用全连接注意力
⚠️ 警告: 稀疏注意力未配置，将使用全连接注意力
⚠️ 警告: 稀疏注意力未配置，将使用全连接注意力
⚠️ 警告: 稀疏注意力未配置，将使用全连接注意力
⚠️ 警告: 稀疏注意力未配置，将使用全连接注意力
⚠️ 警告: 稀疏注意力未配置，将使用全连接注意力
⚠️ 警告: 稀疏注意力未配置，将使用全连接注意力
⚠️ 警告: 稀疏注意力未配置，将使用全连接注意力
⚠️ 警告: 稀疏注意力未配置，将使用全连接注意力
⚠️ 警告: 稀疏注意力未配置，将使用全连接注意力
⚠️ 警告: 稀疏注意力未配置，将使用全连接注意力
⚠️ 警告: 稀疏注意力未配置，将使用全连接注意力
⚠️ 警告: 稀疏注意力未配置，将使用全连接注意力
⚠️ 警告: 稀疏注意力未配置，将使用全连接注意力
⚠️ 警告: 稀疏注意力未配置，将使用全连接注意力
⚠️ 警告: 稀疏注意力未配置，将使用全连接注意力
⚠️ 警告: 稀疏注意力未配置，将使用全连接注意力
⚠️ 警告: 稀疏注意力未配置，将使用全连接注意力
⚠️ 警告: 稀疏注意力未配置，将使用全连接注意力
⚠️ 警告: 稀疏注意力未配置，将使用全连接注意力
⚠️ 警告: 稀疏注意力未配置，将使用全连接注意力
⚠️ 警告: 稀疏注意力未配置，将使用全连接注意力
⚠️ 警告: 稀疏注意力未配置，将使用全连接注意力
⚠️ 警告: 稀疏注意力未配置，将使用全连接注意力
⚠️ 警告: 稀疏注意力未配置，将使用全连接注意力
⚠️ 警告: 稀疏注意力未配置，将使用全连接注意力
⚠️ 警告: 稀疏注意力未配置，将使用全连接注意力
⚠️ 警告: 稀疏注意力未配置，将使用全连接注意力
⚠️ 警告: 稀疏注意力未配置，将使用全连接注意力
⚠️ 警告: 稀疏注意力未配置，将使用全连接注意力
⚠️ 警告: 稀疏注意力未配置，将使用全连接注意力
⚠️ 警告: 稀疏注意力未配置，将使用全连接注意力
⚠️ 警告: 稀疏注意力未配置，将使用全连接注意力
⚠️ 警告: 稀疏注意力未配置，将使用全连接注意力
⚠️ 警告: 稀疏注意力未配置，将使用全连接注意力
⚠️ 警告: 稀疏注意力未配置，将使用全连接注意力
⚠️ 警告: 稀疏注意力未配置，将使用全连接注意力
⚠️ 警告: 稀疏注意力未配置，将使用全连接注意力
⚠️ 警告: 稀疏注意力未配置，将使用全连接注意力
⚠️ 警告: 稀疏注意力未配置，将使用全连接注意力
⚠️ 警告: 稀疏注意力未配置，将使用全连接注意力
⚠️ 警告: 稀疏注意力未配置，将使用全连接注意力
⚠️ 警告: 稀疏注意力未配置，将使用全连接注意力
⚠️ 警告: 稀疏注意力未配置，将使用全连接注意力
⚠️ 警告: 稀疏注意力未配置，将使用全连接注意力
⚠️ 警告: 稀疏注意力未配置，将使用全连接注意力
⚠️ 警告: 稀疏注意力未配置，将使用全连接注意力
⚠️ 警告: 稀疏注意力未配置，将使用全连接注意力
⚠️ 警告: 稀疏注意力未配置，将使用全连接注意力
⚠️ 警告: 稀疏注意力未配置，将使用全连接注意力
⚠️ 警告: 稀疏注意力未配置，将使用全连接注意力
⚠️ 警告: 稀疏注意力未配置，将使用全连接注意力
⚠️ 警告: 稀疏注意力未配置，将使用全连接注意力
⚠️ 警告: 稀疏注意力未配置，将使用全连接注意力
⚠️ 警告: 稀疏注意力未配置，将使用全连接注意力
⚠️ 警告: 稀疏注意力未配置，将使用全连接注意力
⚠️ 警告: 稀疏注意力未配置，将使用全连接注意力
⚠️ 警告: 稀疏注意力未配置，将使用全连接注意力
⚠️ 警告: 稀疏注意力未配置，将使用全连接注意力
⚠️ 警告: 稀疏注意力未配置，将使用全连接注意力
⚠️ 警告: 稀疏注意力未配置，将使用全连接注意力
⚠️ 警告: 稀疏注意力未配置，将使用全连接注意力
⚠️ 警告: 稀疏注意力未配置，将使用全连接注意力
⚠️ 警告: 稀疏注意力未配置，将使用全连接注意力
⚠️ 警告: 稀疏注意力未配置，将使用全连接注意力
⚠️ 警告: 稀疏注意力未配置，将使用全连接注意力
⚠️ 警告: 稀疏注意力未配置，将使用全连接注意力
⚠️ 警告: 稀疏注意力未配置，将使用全连接注意力
⚠️ 警告: 稀疏注意力未配置，将使用全连接注意力
⚠️ 警告: 稀疏注意力未配置，将使用全连接注意力
⚠️ 警告: 稀疏注意力未配置，将使用全连接注意力
⚠️ 警告: 稀疏注意力未配置，将使用全连接注意力
⚠️ 警告: 稀疏注意力未配置，将使用全连接注意力
⚠️ 警告: 稀疏注意力未配置，将使用全连接注意力
⚠️ 警告: 稀疏注意力未配置，将使用全连接注意力
⚠️ 警告: 稀疏注意力未配置，将使用全连接注意力
⚠️ 警告: 稀疏注意力未配置，将使用全连接注意力
⚠️ 警告: 稀疏注意力未配置，将使用全连接注意力
⚠️ 警告: 稀疏注意力未配置，将使用全连接注意力
⚠️ 警告: 稀疏注意力未配置，将使用全连接注意力
⚠️ 警告: 稀疏注意力未配置，将使用全连接注意力
⚠️ 警告: 稀疏注意力未配置，将使用全连接注意力
⚠️ 警告: 稀疏注意力未配置，将使用全连接注意力
⚠️ 警告: 稀疏注意力未配置，将使用全连接注意力
⚠️ 警告: 稀疏注意力未配置，将使用全连接注意力
⚠️ 警告: 稀疏注意力未配置，将使用全连接注意力
⚠️ 警告: 稀疏注意力未配置，将使用全连接注意力
Train : loss:4.07e-03  =  3.58e-03 + alpha*6.57e-04
⚠️ 警告: 稀疏注意力未配置，将使用全连接注意力
⚠️ 警告: 稀疏注意力未配置，将使用全连接注意力
⚠️ 警告: 稀疏注意力未配置，将使用全连接注意力
⚠️ 警告: 稀疏注意力未配置，将使用全连接注意力
⚠️ 警告: 稀疏注意力未配置，将使用全连接注意力
⚠️ 警告: 稀疏注意力未配置，将使用全连接注意力
⚠️ 警告: 稀疏注意力未配置，将使用全连接注意力
⚠️ 警告: 稀疏注意力未配置，将使用全连接注意力
⚠️ 警告: 稀疏注意力未配置，将使用全连接注意力
⚠️ 警告: 稀疏注意力未配置，将使用全连接注意力
⚠️ 警告: 稀疏注意力未配置，将使用全连接注意力
⚠️ 警告: 稀疏注意力未配置，将使用全连接注意力
⚠️ 警告: 稀疏注意力未配置，将使用全连接注意力
⚠️ 警告: 稀疏注意力未配置，将使用全连接注意力
⚠️ 警告: 稀疏注意力未配置，将使用全连接注意力
⚠️ 警告: 稀疏注意力未配置，将使用全连接注意力
⚠️ 警告: 稀疏注意力未配置，将使用全连接注意力
⚠️ 警告: 稀疏注意力未配置，将使用全连接注意力
⚠️ 警告: 稀疏注意力未配置，将使用全连接注意力
⚠️ 警告: 稀疏注意力未配置，将使用全连接注意力
⚠️ 警告: 稀疏注意力未配置，将使用全连接注意力
⚠️ 警告: 稀疏注意力未配置，将使用全连接注意力
⚠️ 警告: 稀疏注意力未配置，将使用全连接注意力
⚠️ 警告: 稀疏注意力未配置，将使用全连接注意力
⚠️ 警告: 稀疏注意力未配置，将使用全连接注意力
⚠️ 警告: 稀疏注意力未配置，将使用全连接注意力
⚠️ 警告: 稀疏注意力未配置，将使用全连接注意力
⚠️ 警告: 稀疏注意力未配置，将使用全连接注意力
⚠️ 警告: 稀疏注意力未配置，将使用全连接注意力
⚠️ 警告: 稀疏注意力未配置，将使用全连接注意力
⚠️ 警告: 稀疏注意力未配置，将使用全连接注意力
⚠️ 警告: 稀疏注意力未配置，将使用全连接注意力
⚠️ 警告: 稀疏注意力未配置，将使用全连接注意力
⚠️ 警告: 稀疏注意力未配置，将使用全连接注意力
⚠️ 警告: 稀疏注意力未配置，将使用全连接注意力
⚠️ 警告: 稀疏注意力未配置，将使用全连接注意力
⚠️ 警告: 稀疏注意力未配置，将使用全连接注意力
⚠️ 警告: 稀疏注意力未配置，将使用全连接注意力
⚠️ 警告: 稀疏注意力未配置，将使用全连接注意力
⚠️ 警告: 稀疏注意力未配置，将使用全连接注意力
⚠️ 警告: 稀疏注意力未配置，将使用全连接注意力
⚠️ 警告: 稀疏注意力未配置，将使用全连接注意力
⚠️ 警告: 稀疏注意力未配置，将使用全连接注意力
⚠️ 警告: 稀疏注意力未配置，将使用全连接注意力
⚠️ 警告: 稀疏注意力未配置，将使用全连接注意力
⚠️ 警告: 稀疏注意力未配置，将使用全连接注意力
⚠️ 警告: 稀疏注意力未配置，将使用全连接注意力
⚠️ 警告: 稀疏注意力未配置，将使用全连接注意力
⚠️ 警告: 稀疏注意力未配置，将使用全连接注意力
⚠️ 警告: 稀疏注意力未配置，将使用全连接注意力
Valid : loss:1.04e-02  =  9.53e-03 + alpha*1.18e-03
⚠️ 警告: 稀疏注意力未配置，将使用全连接注意力
⚠️ 警告: 稀疏注意力未配置，将使用全连接注意力
⚠️ 警告: 稀疏注意力未配置，将使用全连接注意力
⚠️ 警告: 稀疏注意力未配置，将使用全连接注意力
⚠️ 警告: 稀疏注意力未配置，将使用全连接注意力
⚠️ 警告: 稀疏注意力未配置，将使用全连接注意力
⚠️ 警告: 稀疏注意力未配置，将使用全连接注意力
⚠️ 警告: 稀疏注意力未配置，将使用全连接注意力
⚠️ 警告: 稀疏注意力未配置，将使用全连接注意力
⚠️ 警告: 稀疏注意力未配置，将使用全连接注意力
⚠️ 警告: 稀疏注意力未配置，将使用全连接注意力
⚠️ 警告: 稀疏注意力未配置，将使用全连接注意力
⚠️ 警告: 稀疏注意力未配置，将使用全连接注意力
⚠️ 警告: 稀疏注意力未配置，将使用全连接注意力
⚠️ 警告: 稀疏注意力未配置，将使用全连接注意力
⚠️ 警告: 稀疏注意力未配置，将使用全连接注意力
⚠️ 警告: 稀疏注意力未配置，将使用全连接注意力
⚠️ 警告: 稀疏注意力未配置，将使用全连接注意力
⚠️ 警告: 稀疏注意力未配置，将使用全连接注意力
⚠️ 警告: 稀疏注意力未配置，将使用全连接注意力
⚠️ 警告: 稀疏注意力未配置，将使用全连接注意力
⚠️ 警告: 稀疏注意力未配置，将使用全连接注意力
⚠️ 警告: 稀疏注意力未配置，将使用全连接注意力
⚠️ 警告: 稀疏注意力未配置，将使用全连接注意力
⚠️ 警告: 稀疏注意力未配置，将使用全连接注意力
⚠️ 警告: 稀疏注意力未配置，将使用全连接注意力
⚠️ 警告: 稀疏注意力未配置，将使用全连接注意力
⚠️ 警告: 稀疏注意力未配置，将使用全连接注意力
⚠️ 警告: 稀疏注意力未配置，将使用全连接注意力
⚠️ 警告: 稀疏注意力未配置，将使用全连接注意力
⚠️ 警告: 稀疏注意力未配置，将使用全连接注意力
⚠️ 警告: 稀疏注意力未配置，将使用全连接注意力
⚠️ 警告: 稀疏注意力未配置，将使用全连接注意力
⚠️ 警告: 稀疏注意力未配置，将使用全连接注意力
⚠️ 警告: 稀疏注意力未配置，将使用全连接注意力
⚠️ 警告: 稀疏注意力未配置，将使用全连接注意力
⚠️ 警告: 稀疏注意力未配置，将使用全连接注意力
⚠️ 警告: 稀疏注意力未配置，将使用全连接注意力
⚠️ 警告: 稀疏注意力未配置，将使用全连接注意力
⚠️ 警告: 稀疏注意力未配置，将使用全连接注意力
⚠️ 警告: 稀疏注意力未配置，将使用全连接注意力
⚠️ 警告: 稀疏注意力未配置，将使用全连接注意力
⚠️ 警告: 稀疏注意力未配置，将使用全连接注意力
⚠️ 警告: 稀疏注意力未配置，将使用全连接注意力
⚠️ 警告: 稀疏注意力未配置，将使用全连接注意力
⚠️ 警告: 稀疏注意力未配置，将使用全连接注意力
⚠️ 警告: 稀疏注意力未配置，将使用全连接注意力
⚠️ 警告: 稀疏注意力未配置，将使用全连接注意力
⚠️ 警告: 稀疏注意力未配置，将使用全连接注意力
⚠️ 警告: 稀疏注意力未配置，将使用全连接注意力
⚠️ 警告: 稀疏注意力未配置，将使用全连接注意力
Test: loss:9.98e-03  =  9.08e-03 + alpha*1.19e-03
Valid performance:
 mse:9.53e-03, IC:-3.02e-03, RIC:-1.58e-02, prec@10:5.16e-01, SR:2.27e+00
Test performance:
 mse:9.08e-03, IC:-9.11e-03, RIC:-7.79e-02, prec@10:4.86e-01, SR:-8.17e-01 


epoch35##########################################################
⚠️ 警告: 稀疏注意力未配置，将使用全连接注意力
⚠️ 警告: 稀疏注意力未配置，将使用全连接注意力
⚠️ 警告: 稀疏注意力未配置，将使用全连接注意力
⚠️ 警告: 稀疏注意力未配置，将使用全连接注意力
⚠️ 警告: 稀疏注意力未配置，将使用全连接注意力
⚠️ 警告: 稀疏注意力未配置，将使用全连接注意力
⚠️ 警告: 稀疏注意力未配置，将使用全连接注意力
⚠️ 警告: 稀疏注意力未配置，将使用全连接注意力
⚠️ 警告: 稀疏注意力未配置，将使用全连接注意力
⚠️ 警告: 稀疏注意力未配置，将使用全连接注意力
⚠️ 警告: 稀疏注意力未配置，将使用全连接注意力
⚠️ 警告: 稀疏注意力未配置，将使用全连接注意力
⚠️ 警告: 稀疏注意力未配置，将使用全连接注意力
⚠️ 警告: 稀疏注意力未配置，将使用全连接注意力
⚠️ 警告: 稀疏注意力未配置，将使用全连接注意力
⚠️ 警告: 稀疏注意力未配置，将使用全连接注意力
⚠️ 警告: 稀疏注意力未配置，将使用全连接注意力
⚠️ 警告: 稀疏注意力未配置，将使用全连接注意力
⚠️ 警告: 稀疏注意力未配置，将使用全连接注意力
⚠️ 警告: 稀疏注意力未配置，将使用全连接注意力
⚠️ 警告: 稀疏注意力未配置，将使用全连接注意力
⚠️ 警告: 稀疏注意力未配置，将使用全连接注意力
⚠️ 警告: 稀疏注意力未配置，将使用全连接注意力
⚠️ 警告: 稀疏注意力未配置，将使用全连接注意力
⚠️ 警告: 稀疏注意力未配置，将使用全连接注意力
⚠️ 警告: 稀疏注意力未配置，将使用全连接注意力
⚠️ 警告: 稀疏注意力未配置，将使用全连接注意力
⚠️ 警告: 稀疏注意力未配置，将使用全连接注意力
⚠️ 警告: 稀疏注意力未配置，将使用全连接注意力
⚠️ 警告: 稀疏注意力未配置，将使用全连接注意力
⚠️ 警告: 稀疏注意力未配置，将使用全连接注意力
⚠️ 警告: 稀疏注意力未配置，将使用全连接注意力
⚠️ 警告: 稀疏注意力未配置，将使用全连接注意力
⚠️ 警告: 稀疏注意力未配置，将使用全连接注意力
⚠️ 警告: 稀疏注意力未配置，将使用全连接注意力
⚠️ 警告: 稀疏注意力未配置，将使用全连接注意力
⚠️ 警告: 稀疏注意力未配置，将使用全连接注意力
⚠️ 警告: 稀疏注意力未配置，将使用全连接注意力
⚠️ 警告: 稀疏注意力未配置，将使用全连接注意力
⚠️ 警告: 稀疏注意力未配置，将使用全连接注意力
⚠️ 警告: 稀疏注意力未配置，将使用全连接注意力
⚠️ 警告: 稀疏注意力未配置，将使用全连接注意力
⚠️ 警告: 稀疏注意力未配置，将使用全连接注意力
⚠️ 警告: 稀疏注意力未配置，将使用全连接注意力
⚠️ 警告: 稀疏注意力未配置，将使用全连接注意力
⚠️ 警告: 稀疏注意力未配置，将使用全连接注意力
⚠️ 警告: 稀疏注意力未配置，将使用全连接注意力
⚠️ 警告: 稀疏注意力未配置，将使用全连接注意力
⚠️ 警告: 稀疏注意力未配置，将使用全连接注意力
⚠️ 警告: 稀疏注意力未配置，将使用全连接注意力
⚠️ 警告: 稀疏注意力未配置，将使用全连接注意力
⚠️ 警告: 稀疏注意力未配置，将使用全连接注意力
⚠️ 警告: 稀疏注意力未配置，将使用全连接注意力
⚠️ 警告: 稀疏注意力未配置，将使用全连接注意力
⚠️ 警告: 稀疏注意力未配置，将使用全连接注意力
⚠️ 警告: 稀疏注意力未配置，将使用全连接注意力
⚠️ 警告: 稀疏注意力未配置，将使用全连接注意力
⚠️ 警告: 稀疏注意力未配置，将使用全连接注意力
⚠️ 警告: 稀疏注意力未配置，将使用全连接注意力
⚠️ 警告: 稀疏注意力未配置，将使用全连接注意力
⚠️ 警告: 稀疏注意力未配置，将使用全连接注意力
⚠️ 警告: 稀疏注意力未配置，将使用全连接注意力
⚠️ 警告: 稀疏注意力未配置，将使用全连接注意力
⚠️ 警告: 稀疏注意力未配置，将使用全连接注意力
⚠️ 警告: 稀疏注意力未配置，将使用全连接注意力
⚠️ 警告: 稀疏注意力未配置，将使用全连接注意力
⚠️ 警告: 稀疏注意力未配置，将使用全连接注意力
⚠️ 警告: 稀疏注意力未配置，将使用全连接注意力
⚠️ 警告: 稀疏注意力未配置，将使用全连接注意力
⚠️ 警告: 稀疏注意力未配置，将使用全连接注意力
⚠️ 警告: 稀疏注意力未配置，将使用全连接注意力
⚠️ 警告: 稀疏注意力未配置，将使用全连接注意力
⚠️ 警告: 稀疏注意力未配置，将使用全连接注意力
⚠️ 警告: 稀疏注意力未配置，将使用全连接注意力
⚠️ 警告: 稀疏注意力未配置，将使用全连接注意力
⚠️ 警告: 稀疏注意力未配置，将使用全连接注意力
⚠️ 警告: 稀疏注意力未配置，将使用全连接注意力
⚠️ 警告: 稀疏注意力未配置，将使用全连接注意力
⚠️ 警告: 稀疏注意力未配置，将使用全连接注意力
⚠️ 警告: 稀疏注意力未配置，将使用全连接注意力
⚠️ 警告: 稀疏注意力未配置，将使用全连接注意力
⚠️ 警告: 稀疏注意力未配置，将使用全连接注意力
⚠️ 警告: 稀疏注意力未配置，将使用全连接注意力
⚠️ 警告: 稀疏注意力未配置，将使用全连接注意力
⚠️ 警告: 稀疏注意力未配置，将使用全连接注意力
⚠️ 警告: 稀疏注意力未配置，将使用全连接注意力
⚠️ 警告: 稀疏注意力未配置，将使用全连接注意力
⚠️ 警告: 稀疏注意力未配置，将使用全连接注意力
⚠️ 警告: 稀疏注意力未配置，将使用全连接注意力
⚠️ 警告: 稀疏注意力未配置，将使用全连接注意力
⚠️ 警告: 稀疏注意力未配置，将使用全连接注意力
⚠️ 警告: 稀疏注意力未配置，将使用全连接注意力
⚠️ 警告: 稀疏注意力未配置，将使用全连接注意力
⚠️ 警告: 稀疏注意力未配置，将使用全连接注意力
⚠️ 警告: 稀疏注意力未配置，将使用全连接注意力
⚠️ 警告: 稀疏注意力未配置，将使用全连接注意力
⚠️ 警告: 稀疏注意力未配置，将使用全连接注意力
⚠️ 警告: 稀疏注意力未配置，将使用全连接注意力
⚠️ 警告: 稀疏注意力未配置，将使用全连接注意力
⚠️ 警告: 稀疏注意力未配置，将使用全连接注意力
⚠️ 警告: 稀疏注意力未配置，将使用全连接注意力
⚠️ 警告: 稀疏注意力未配置，将使用全连接注意力
⚠️ 警告: 稀疏注意力未配置，将使用全连接注意力
⚠️ 警告: 稀疏注意力未配置，将使用全连接注意力
⚠️ 警告: 稀疏注意力未配置，将使用全连接注意力
⚠️ 警告: 稀疏注意力未配置，将使用全连接注意力
⚠️ 警告: 稀疏注意力未配置，将使用全连接注意力
⚠️ 警告: 稀疏注意力未配置，将使用全连接注意力
⚠️ 警告: 稀疏注意力未配置，将使用全连接注意力
⚠️ 警告: 稀疏注意力未配置，将使用全连接注意力
⚠️ 警告: 稀疏注意力未配置，将使用全连接注意力
⚠️ 警告: 稀疏注意力未配置，将使用全连接注意力
⚠️ 警告: 稀疏注意力未配置，将使用全连接注意力
⚠️ 警告: 稀疏注意力未配置，将使用全连接注意力
⚠️ 警告: 稀疏注意力未配置，将使用全连接注意力
⚠️ 警告: 稀疏注意力未配置，将使用全连接注意力
⚠️ 警告: 稀疏注意力未配置，将使用全连接注意力
⚠️ 警告: 稀疏注意力未配置，将使用全连接注意力
⚠️ 警告: 稀疏注意力未配置，将使用全连接注意力
Train : loss:3.93e-03  =  3.44e-03 + alpha*6.49e-04
⚠️ 警告: 稀疏注意力未配置，将使用全连接注意力
⚠️ 警告: 稀疏注意力未配置，将使用全连接注意力
⚠️ 警告: 稀疏注意力未配置，将使用全连接注意力
⚠️ 警告: 稀疏注意力未配置，将使用全连接注意力
⚠️ 警告: 稀疏注意力未配置，将使用全连接注意力
⚠️ 警告: 稀疏注意力未配置，将使用全连接注意力
⚠️ 警告: 稀疏注意力未配置，将使用全连接注意力
⚠️ 警告: 稀疏注意力未配置，将使用全连接注意力
⚠️ 警告: 稀疏注意力未配置，将使用全连接注意力
⚠️ 警告: 稀疏注意力未配置，将使用全连接注意力
⚠️ 警告: 稀疏注意力未配置，将使用全连接注意力
⚠️ 警告: 稀疏注意力未配置，将使用全连接注意力
⚠️ 警告: 稀疏注意力未配置，将使用全连接注意力
⚠️ 警告: 稀疏注意力未配置，将使用全连接注意力
⚠️ 警告: 稀疏注意力未配置，将使用全连接注意力
⚠️ 警告: 稀疏注意力未配置，将使用全连接注意力
⚠️ 警告: 稀疏注意力未配置，将使用全连接注意力
⚠️ 警告: 稀疏注意力未配置，将使用全连接注意力
⚠️ 警告: 稀疏注意力未配置，将使用全连接注意力
⚠️ 警告: 稀疏注意力未配置，将使用全连接注意力
⚠️ 警告: 稀疏注意力未配置，将使用全连接注意力
⚠️ 警告: 稀疏注意力未配置，将使用全连接注意力
⚠️ 警告: 稀疏注意力未配置，将使用全连接注意力
⚠️ 警告: 稀疏注意力未配置，将使用全连接注意力
⚠️ 警告: 稀疏注意力未配置，将使用全连接注意力
⚠️ 警告: 稀疏注意力未配置，将使用全连接注意力
⚠️ 警告: 稀疏注意力未配置，将使用全连接注意力
⚠️ 警告: 稀疏注意力未配置，将使用全连接注意力
⚠️ 警告: 稀疏注意力未配置，将使用全连接注意力
⚠️ 警告: 稀疏注意力未配置，将使用全连接注意力
⚠️ 警告: 稀疏注意力未配置，将使用全连接注意力
⚠️ 警告: 稀疏注意力未配置，将使用全连接注意力
⚠️ 警告: 稀疏注意力未配置，将使用全连接注意力
⚠️ 警告: 稀疏注意力未配置，将使用全连接注意力
⚠️ 警告: 稀疏注意力未配置，将使用全连接注意力
⚠️ 警告: 稀疏注意力未配置，将使用全连接注意力
⚠️ 警告: 稀疏注意力未配置，将使用全连接注意力
⚠️ 警告: 稀疏注意力未配置，将使用全连接注意力
⚠️ 警告: 稀疏注意力未配置，将使用全连接注意力
⚠️ 警告: 稀疏注意力未配置，将使用全连接注意力
⚠️ 警告: 稀疏注意力未配置，将使用全连接注意力
⚠️ 警告: 稀疏注意力未配置，将使用全连接注意力
⚠️ 警告: 稀疏注意力未配置，将使用全连接注意力
⚠️ 警告: 稀疏注意力未配置，将使用全连接注意力
⚠️ 警告: 稀疏注意力未配置，将使用全连接注意力
⚠️ 警告: 稀疏注意力未配置，将使用全连接注意力
⚠️ 警告: 稀疏注意力未配置，将使用全连接注意力
⚠️ 警告: 稀疏注意力未配置，将使用全连接注意力
⚠️ 警告: 稀疏注意力未配置，将使用全连接注意力
⚠️ 警告: 稀疏注意力未配置，将使用全连接注意力
Valid : loss:9.81e-03  =  8.94e-03 + alpha*1.16e-03
⚠️ 警告: 稀疏注意力未配置，将使用全连接注意力
⚠️ 警告: 稀疏注意力未配置，将使用全连接注意力
⚠️ 警告: 稀疏注意力未配置，将使用全连接注意力
⚠️ 警告: 稀疏注意力未配置，将使用全连接注意力
⚠️ 警告: 稀疏注意力未配置，将使用全连接注意力
⚠️ 警告: 稀疏注意力未配置，将使用全连接注意力
⚠️ 警告: 稀疏注意力未配置，将使用全连接注意力
⚠️ 警告: 稀疏注意力未配置，将使用全连接注意力
⚠️ 警告: 稀疏注意力未配置，将使用全连接注意力
⚠️ 警告: 稀疏注意力未配置，将使用全连接注意力
⚠️ 警告: 稀疏注意力未配置，将使用全连接注意力
⚠️ 警告: 稀疏注意力未配置，将使用全连接注意力
⚠️ 警告: 稀疏注意力未配置，将使用全连接注意力
⚠️ 警告: 稀疏注意力未配置，将使用全连接注意力
⚠️ 警告: 稀疏注意力未配置，将使用全连接注意力
⚠️ 警告: 稀疏注意力未配置，将使用全连接注意力
⚠️ 警告: 稀疏注意力未配置，将使用全连接注意力
⚠️ 警告: 稀疏注意力未配置，将使用全连接注意力
⚠️ 警告: 稀疏注意力未配置，将使用全连接注意力
⚠️ 警告: 稀疏注意力未配置，将使用全连接注意力
⚠️ 警告: 稀疏注意力未配置，将使用全连接注意力
⚠️ 警告: 稀疏注意力未配置，将使用全连接注意力
⚠️ 警告: 稀疏注意力未配置，将使用全连接注意力
⚠️ 警告: 稀疏注意力未配置，将使用全连接注意力
⚠️ 警告: 稀疏注意力未配置，将使用全连接注意力
⚠️ 警告: 稀疏注意力未配置，将使用全连接注意力
⚠️ 警告: 稀疏注意力未配置，将使用全连接注意力
⚠️ 警告: 稀疏注意力未配置，将使用全连接注意力
⚠️ 警告: 稀疏注意力未配置，将使用全连接注意力
⚠️ 警告: 稀疏注意力未配置，将使用全连接注意力
⚠️ 警告: 稀疏注意力未配置，将使用全连接注意力
⚠️ 警告: 稀疏注意力未配置，将使用全连接注意力
⚠️ 警告: 稀疏注意力未配置，将使用全连接注意力
⚠️ 警告: 稀疏注意力未配置，将使用全连接注意力
⚠️ 警告: 稀疏注意力未配置，将使用全连接注意力
⚠️ 警告: 稀疏注意力未配置，将使用全连接注意力
⚠️ 警告: 稀疏注意力未配置，将使用全连接注意力
⚠️ 警告: 稀疏注意力未配置，将使用全连接注意力
⚠️ 警告: 稀疏注意力未配置，将使用全连接注意力
⚠️ 警告: 稀疏注意力未配置，将使用全连接注意力
⚠️ 警告: 稀疏注意力未配置，将使用全连接注意力
⚠️ 警告: 稀疏注意力未配置，将使用全连接注意力
⚠️ 警告: 稀疏注意力未配置，将使用全连接注意力
⚠️ 警告: 稀疏注意力未配置，将使用全连接注意力
⚠️ 警告: 稀疏注意力未配置，将使用全连接注意力
⚠️ 警告: 稀疏注意力未配置，将使用全连接注意力
⚠️ 警告: 稀疏注意力未配置，将使用全连接注意力
⚠️ 警告: 稀疏注意力未配置，将使用全连接注意力
⚠️ 警告: 稀疏注意力未配置，将使用全连接注意力
⚠️ 警告: 稀疏注意力未配置，将使用全连接注意力
⚠️ 警告: 稀疏注意力未配置，将使用全连接注意力
Test: loss:9.30e-03  =  8.42e-03 + alpha*1.18e-03
Valid performance:
 mse:8.94e-03, IC:-5.18e-03, RIC:-2.73e-02, prec@10:5.08e-01, SR:-9.05e-02
Test performance:
 mse:8.42e-03, IC:-1.43e-02, RIC:-1.23e-01, prec@10:5.12e-01, SR:5.89e-01 


epoch36##########################################################
⚠️ 警告: 稀疏注意力未配置，将使用全连接注意力
⚠️ 警告: 稀疏注意力未配置，将使用全连接注意力
⚠️ 警告: 稀疏注意力未配置，将使用全连接注意力
⚠️ 警告: 稀疏注意力未配置，将使用全连接注意力
⚠️ 警告: 稀疏注意力未配置，将使用全连接注意力
⚠️ 警告: 稀疏注意力未配置，将使用全连接注意力
⚠️ 警告: 稀疏注意力未配置，将使用全连接注意力
⚠️ 警告: 稀疏注意力未配置，将使用全连接注意力
⚠️ 警告: 稀疏注意力未配置，将使用全连接注意力
⚠️ 警告: 稀疏注意力未配置，将使用全连接注意力
⚠️ 警告: 稀疏注意力未配置，将使用全连接注意力
⚠️ 警告: 稀疏注意力未配置，将使用全连接注意力
⚠️ 警告: 稀疏注意力未配置，将使用全连接注意力
⚠️ 警告: 稀疏注意力未配置，将使用全连接注意力
⚠️ 警告: 稀疏注意力未配置，将使用全连接注意力
⚠️ 警告: 稀疏注意力未配置，将使用全连接注意力
⚠️ 警告: 稀疏注意力未配置，将使用全连接注意力
⚠️ 警告: 稀疏注意力未配置，将使用全连接注意力
⚠️ 警告: 稀疏注意力未配置，将使用全连接注意力
⚠️ 警告: 稀疏注意力未配置，将使用全连接注意力
⚠️ 警告: 稀疏注意力未配置，将使用全连接注意力
⚠️ 警告: 稀疏注意力未配置，将使用全连接注意力
⚠️ 警告: 稀疏注意力未配置，将使用全连接注意力
⚠️ 警告: 稀疏注意力未配置，将使用全连接注意力
⚠️ 警告: 稀疏注意力未配置，将使用全连接注意力
⚠️ 警告: 稀疏注意力未配置，将使用全连接注意力
⚠️ 警告: 稀疏注意力未配置，将使用全连接注意力
⚠️ 警告: 稀疏注意力未配置，将使用全连接注意力
⚠️ 警告: 稀疏注意力未配置，将使用全连接注意力
⚠️ 警告: 稀疏注意力未配置，将使用全连接注意力
⚠️ 警告: 稀疏注意力未配置，将使用全连接注意力
⚠️ 警告: 稀疏注意力未配置，将使用全连接注意力
⚠️ 警告: 稀疏注意力未配置，将使用全连接注意力
⚠️ 警告: 稀疏注意力未配置，将使用全连接注意力
⚠️ 警告: 稀疏注意力未配置，将使用全连接注意力
⚠️ 警告: 稀疏注意力未配置，将使用全连接注意力
⚠️ 警告: 稀疏注意力未配置，将使用全连接注意力
⚠️ 警告: 稀疏注意力未配置，将使用全连接注意力
⚠️ 警告: 稀疏注意力未配置，将使用全连接注意力
⚠️ 警告: 稀疏注意力未配置，将使用全连接注意力
⚠️ 警告: 稀疏注意力未配置，将使用全连接注意力
⚠️ 警告: 稀疏注意力未配置，将使用全连接注意力
⚠️ 警告: 稀疏注意力未配置，将使用全连接注意力
⚠️ 警告: 稀疏注意力未配置，将使用全连接注意力
⚠️ 警告: 稀疏注意力未配置，将使用全连接注意力
⚠️ 警告: 稀疏注意力未配置，将使用全连接注意力
⚠️ 警告: 稀疏注意力未配置，将使用全连接注意力
⚠️ 警告: 稀疏注意力未配置，将使用全连接注意力
⚠️ 警告: 稀疏注意力未配置，将使用全连接注意力
⚠️ 警告: 稀疏注意力未配置，将使用全连接注意力
⚠️ 警告: 稀疏注意力未配置，将使用全连接注意力
⚠️ 警告: 稀疏注意力未配置，将使用全连接注意力
⚠️ 警告: 稀疏注意力未配置，将使用全连接注意力
⚠️ 警告: 稀疏注意力未配置，将使用全连接注意力
⚠️ 警告: 稀疏注意力未配置，将使用全连接注意力
⚠️ 警告: 稀疏注意力未配置，将使用全连接注意力
⚠️ 警告: 稀疏注意力未配置，将使用全连接注意力
⚠️ 警告: 稀疏注意力未配置，将使用全连接注意力
⚠️ 警告: 稀疏注意力未配置，将使用全连接注意力
⚠️ 警告: 稀疏注意力未配置，将使用全连接注意力
⚠️ 警告: 稀疏注意力未配置，将使用全连接注意力
⚠️ 警告: 稀疏注意力未配置，将使用全连接注意力
⚠️ 警告: 稀疏注意力未配置，将使用全连接注意力
⚠️ 警告: 稀疏注意力未配置，将使用全连接注意力
⚠️ 警告: 稀疏注意力未配置，将使用全连接注意力
⚠️ 警告: 稀疏注意力未配置，将使用全连接注意力
⚠️ 警告: 稀疏注意力未配置，将使用全连接注意力
⚠️ 警告: 稀疏注意力未配置，将使用全连接注意力
⚠️ 警告: 稀疏注意力未配置，将使用全连接注意力
⚠️ 警告: 稀疏注意力未配置，将使用全连接注意力
⚠️ 警告: 稀疏注意力未配置，将使用全连接注意力
⚠️ 警告: 稀疏注意力未配置，将使用全连接注意力
⚠️ 警告: 稀疏注意力未配置，将使用全连接注意力
⚠️ 警告: 稀疏注意力未配置，将使用全连接注意力
⚠️ 警告: 稀疏注意力未配置，将使用全连接注意力
⚠️ 警告: 稀疏注意力未配置，将使用全连接注意力
⚠️ 警告: 稀疏注意力未配置，将使用全连接注意力
⚠️ 警告: 稀疏注意力未配置，将使用全连接注意力
⚠️ 警告: 稀疏注意力未配置，将使用全连接注意力
⚠️ 警告: 稀疏注意力未配置，将使用全连接注意力
⚠️ 警告: 稀疏注意力未配置，将使用全连接注意力
⚠️ 警告: 稀疏注意力未配置，将使用全连接注意力
⚠️ 警告: 稀疏注意力未配置，将使用全连接注意力
⚠️ 警告: 稀疏注意力未配置，将使用全连接注意力
⚠️ 警告: 稀疏注意力未配置，将使用全连接注意力
⚠️ 警告: 稀疏注意力未配置，将使用全连接注意力
⚠️ 警告: 稀疏注意力未配置，将使用全连接注意力
⚠️ 警告: 稀疏注意力未配置，将使用全连接注意力
⚠️ 警告: 稀疏注意力未配置，将使用全连接注意力
⚠️ 警告: 稀疏注意力未配置，将使用全连接注意力
⚠️ 警告: 稀疏注意力未配置，将使用全连接注意力
