title,description,published_utc,article_url,publisher,sentiment_polarity,sentiment_subjectivity,sentiment_label,sentiment_confidence,keywords_earnings,keywords_acquisition,keywords_regulation,keywords_partnership,keywords_product,keywords_financial,keywords_leadership,keywords_lawsuit,urgency_score,text_length,tickers,ticker,date
Stocks Rally More Than 1% on New Stimulus Talks,Stocks Rally More Than 1% on New Stimulus Talks,2020-12-16 14:15:00+00:00,https://www.zacks.com/registration/ultimatetrader/welcome/eoffer/30c3?adid=ZU_CONTENT_SYND&cid=CS-ZC-FT-zucommentary-27678,Zacks Investment Research,0.3181818181818181,0.4772727272727273,positive,0.3181818181818181,False,False,False,False,False,False,False,False,0.0,96,"['MRNA', 'AVXL', 'FLDM', 'ISEE', 'ETON', 'BIDU', 'LVS', 'HXL', 'ARCT', 'INTU']",ARCT,2020-12-16
Market Steps Back as Morning Rally Fades,Market Steps Back as Morning Rally Fades,2020-12-30 14:15:00+00:00,https://www.zacks.com/registration/ultimatetrader/welcome/eoffer/30c3?adid=ZU_CONTENT_SYND&cid=CS-ZC-FT-zucommentary-27809,Zacks Investment Research,0.0,0.0,neutral,0.0,False,False,False,False,False,False,False,False,0.0,82,"['TTD', 'JBL', 'TPR', 'LH', 'HPQ', 'TGT', 'WRK', 'ARLO', 'AOUT', 'EPD', 'SEDG', 'NFLX', 'CDAY', 'FOUR', 'AYX', 'COP', 'LVS', 'V', 'ARCT']",ARCT,2020-12-30
S&P Snaps Five-Day Losing Streak as Stocks Rally Late,S&P Snaps Five-Day Losing Streak as Stocks Rally Late,2021-02-24 14:15:00+00:00,https://www.zacks.com/registration/ultimatetrader/welcome/eoffer/30c3?adid=ZU_CONTENT_SYND&cid=CS-ZC-FT-zucommentary-28434,Zacks Investment Research,-0.3,0.6,negative,0.3,False,False,False,False,False,False,False,False,0.0,108,"['FLDM', 'IMMR', 'CVX', 'BZH', 'BIGC', 'VXRT', 'TTD', 'REZI', 'TGI', 'ARCT', 'HTHT', 'ARMK', 'INTU', 'LVS', 'TWTR', 'NVDA', 'LOW']",ARCT,2021-02-24
Earnings Preview: Arcturus Therapeutics (ARCT) Q1 Earnings Expected to Decline,Arcturus Therapeutics (ARCT) doesn't possess the right combination of the two key ingredients for a likely earnings beat in its upcoming report. Get prepared with the key expectations.,2021-04-29 21:02:25+00:00,http://www.zacks.com/stock/news/1475002/earnings-preview-arcturus-therapeutics-arct-q1-earnings-expected-to-decline?cid=CS-ZC-FT-tale_of_the_tape|yseop_template_9-1475002,Zacks Investment Research,0.03714285714285714,0.7871428571428571,neutral,0.03714285714285714,True,False,False,False,False,False,False,False,0.0,264,['ARCT'],ARCT,2021-04-29
Could These 3 Brilliant mRNA Stocks Make You Millions?,"Probably not, but at least one of them could make you thousands over time.",2021-04-30 10:14:00+00:00,https://www.fool.com/investing/2021/04/30/could-these-3-brilliant-mrna-stocks-make-you-milli/?source=iedfolrf0000001,The Motley Fool,0.30000000000000004,0.7,positive,0.30000000000000004,False,False,False,False,False,False,False,False,0.0,130,"['BNTX', 'PFE', 'GSK', 'MRNA', 'ARCT', 'CVAC']",ARCT,2021-04-30
"Arcturus Therapeutics (ARCT) Reports Q1 Loss, Lags Revenue Estimates","Arcturus Therapeutics (ARCT) delivered earnings and revenue surprises of -85.34% and -27.55%, respectively, for the quarter ended March 2021. Do the numbers hold clues to what lies ahead for the stock?",2021-05-11 00:05:02+00:00,http://www.zacks.com/stock/news/1532500/arcturus-therapeutics-arct-reports-q1-loss-lags-revenue-estimates?cid=CS-ZC-FT-tale_of_the_tape|yseop_template_4-1532500,Zacks Investment Research,0.0,0.1,neutral,0.0,True,False,False,False,False,False,False,False,0.0,271,['ARCT'],ARCT,2021-05-11
10 Biggest Price Target Changes For Monday,"SVB Leerink raised  Natera, Inc.  (NASDAQ: NTRA) price target from $140 to $160. Natera shares fell 0.4% to close at $102.88 on Friday.
HC Wainwright & Co. boosted  Jazz Pharmaceuticals plc (NASDAQ: JAZZ) price target from $212 to $220. Jazz Pharmaceuticals shares fell 0.3% to close at $177.28 on Friday.
Barclays cut the price target for  Arcturus Therapeutics Holdings Inc.. (NASDAQ: ARCT) from $33 to $25. Arcturus Therapeutics shares fell 3.8% to $33.75 in pre-market trading.
Needham raised  ResMed Inc. (NYSE: Full story available on Benzinga.com",2021-06-21 11:53:41+00:00,https://www.benzinga.com/analyst-ratings/price-target/21/06/21641966/10-biggest-price-target-changes-for-monday,Benzinga,0.375,0.47500000000000003,positive,0.375,False,False,False,False,False,False,False,False,0.0,597,"['EXAS', 'JAZZ', 'AEP', 'NKE', 'RMD', 'AAT', 'ARCT', 'CEQP', 'PRTK', 'NTRA']",ARCT,2021-06-21
"Benzinga's Top Ratings Upgrades, Downgrades For June 21, 2021","Upgrades

B of A Securities upgraded the previous rating for Cimarex Energy Co (NYSE:XEC) from Neutral to Buy. For the first quarter, Cimarex Energy had an EPS of $1.98, compared to year-ago quarter EPS of $0.58.
According to B of A Securities, the prior rating for Marathon Oil Corp (NYSE:MRO) was changed from Underperform to Neutral. In the first quarter, Marathon Oil showed an EPS of $0.21, compared to $0.16 from the year-ago quarter. At the moment, the stock has a 52-week-high of $14.16 and a 52-week-low of $3.73. Marathon Oil closed at $12.57 at the end of the last trading period.
Scotiabank upgraded the previous rating for Westlake Chemical Corp (NYSE:WLK) from Sector Underperform to Sector Perform. In the first quarter, Westlake Chemical showed an EPS of $1.87, compared to $0.65 from the year-ago quarter. At the moment, the stock has a 52-week-high of $106.47 and a 52-week-low of $50.38. Westlake Chemical closed at $91.31 at the end of the last trading period.
For Eastman Chemical Co (NYSE:EMN), Scotiabank upgraded the previous rating of Sector Perform to Sector Outperform. Eastman Chemical earned $2.13 in the first quarter, compared to $2.03 in the year-ago quarter. The current stock performance of Eastman Chemical shows a 52-week-high of $130.47 and a 52-week-low of $65.86. Moreover, at the end of the last trading period, the closing price was at $114.15.
According to B. Riley Securities, the prior rating for MarineMax Inc (NYSE:HZO) was changed from Neutral to Buy. In the second quarter, MarineMax showed an EPS of $1.69, compared to $0.23 from the year-ago quarter. At the moment, the stock has a 52-week-high of $70.89 and a 52-week-low of $20.12. MarineMax closed at $45.19 at the end of the last trading period.
According to B of A Securities, the prior rating for Liberty Oilfield Services Inc (NYSE:LBRT) was changed from Underperform to Neutral. Liberty Oilfield Services earned $0.17 in the first quarter, compared to $0.02 in the year-ago quarter. The current stock performance of Liberty Oilfield Services shows a 52-week-high of $17.78 and a 52-week-low of $4.91. Moreover, at the end of the last trading period, the closing price was at $14.14.

See all analyst ratings upgrades.
 
Downgrades

According to Barrington Research, the prior rating for Sykes Enterprises Inc (NASDAQ:SYKE) was changed from Outperform to Market Perform. In the first quarter, Sykes Enterprises showed an EPS of $0.73, compared to $0.44 from the year-ago quarter. The stock has a 52-week-high of $53.93 and a 52-week-low of $24.75. At the end of the last trading period, Sykes Enterprises closed at $53.45.
B of A Securities downgraded the previous rating for Range Resources Corp (NYSE:RRC) from Neutral to Underperform. In the first quarter, Range Resources showed an EPS of $0.30, compared to $0.04 from the year-ago quarter. The stock has a 52-week-high of $16.32 and a 52-week-low of $5.08. At the end of the last trading period, Range Resources closed at $14.14.
For CAI International Inc (NYSE:CAI), William Blair downgraded the previous rating of Outperform to Market Perform. In the first quarter, CAI International showed an EPS of $1.85, compared to $0.67 from the year-ago quarter. The stock has a 52-week-high of $56.13 and a 52-week-low of $15.51. At the end of the last trading period, CAI International closed at $56.05.
Baird downgraded the previous rating for Sykes Enterprises Inc (NASDAQ:SYKE) from Outperform to Neutral. Sykes Enterprises earned $0.73 in the first quarter, compared to $0.44 in the year-ago quarter. The stock has a 52-week-high of $53.93 and a 52-week-low of $24.75. At the end of the last trading period, Sykes Enterprises closed at $53.45.
For Arcturus Therapeutics Holdings Inc (NASDAQ:ARCT), Barclays downgraded the previous rating of Equal-Weight to Underweight. In the first quarter, Arcturus Therapeutics showed an EPS of $2.15, compared to $0.67 from the year-ago quarter. The current stock performance of Arcturus Therapeutics shows a 52-week-high of $129.71 and a 52-week-low of $24.87. Moreover, at the ...Full story available on Benzinga.com",2021-06-21 14:15:09+00:00,https://www.benzinga.com/analyst-ratings/upgrades/21/06/21645528/benzingas-top-ratings-upgrades-downgrades-for-june-21-2021,Benzinga,0.03333333333333334,0.1717391304347826,neutral,0.03333333333333334,False,True,True,False,False,False,False,False,0.0,4178,"['OPK', 'CLNY', 'BFLY', 'ZIP', 'GSAT', 'DAWN', 'SYKE', 'CHPT', 'ACN', 'ARCT', 'CAI', 'RAPT', 'LBRT', 'DBD', 'MARA', 'EMN', 'RIOT', 'HZO', 'ESTC', 'MRO', 'PAY', 'SPRQ', 'RIO', 'FLYW', 'RRC', 'FIGS', 'SLS', 'OMIC', 'WLK', 'XEC']",ARCT,2021-06-21
Can Last Year's Biggest Vaccine Stocks Crush the Market Again?,These players delivered triple- and quadruple-digit gains.,2021-08-02 10:00:00+00:00,https://www.fool.com/investing/2021/08/02/can-these-big-vaccine-stocks-crush-market-again/,The Motley Fool,0.0,0.06666666666666667,neutral,0.0,False,False,False,False,False,False,False,False,0.0,122,"['MRNA', 'PFE', 'NVAX', 'INO', 'BNTX', 'VXRT', 'ARCT', 'OCGN']",ARCT,2021-08-02
Earnings Preview: Arcturus Therapeutics (ARCT) Q2 Earnings Expected to Decline,Arcturus Therapeutics (ARCT) doesn't possess the right combination of the two key ingredients for a likely earnings beat in its upcoming report. Get prepared with the key expectations.,2021-08-02 19:01:25+00:00,https://www.zacks.com/stock/news/1772755/earnings-preview-arcturus-therapeutics-arct-q2-earnings-expected-to-decline,Zacks Investment Research,0.03714285714285714,0.7871428571428571,neutral,0.03714285714285714,True,False,False,False,False,False,False,False,0.0,264,['ARCT'],ARCT,2021-08-02
"The Daily Biotech Pulse: Sanofi Buys Translate Bio In $3.2B Deal, Lilly's Q2 Earnings Disappoint, Bausch To Spin Off Medical Aesthetics Business","Here's a roundup of top developments in the biotech space over the last 24 hours:
Scaling The Peaks
(Biotech Stocks Hitting 52-week Highs Aug. 2)

Absci, CORP (NASDAQ: ABSI) (IPOed July 22)
Alkermes plc (NASDAQ: ALKS) (received fast track designation for nemvaleukin alfa for the treatment of mucosal melanoma)
AtriCure, Inc. (NASDAQ: ATRC)
Axonics, Inc. (NASDAQ: AXNX)
Bio-Rad Laboratories, Inc. (NYSE: BIO)
BioNTech SE (NASDAQ: BNTX)
Boston Scientific Corporation (NYSE: BSX)
Cytek Biosciences, Inc. (NASDAQ: CTKB) (IPOed July 23)
Imago BioSciences, Inc. (NASDAQ: IMGO) (IPOed July 16)
Innoviva, Inc. (NASDAQ: INVA)
Intuitive Surgical, Inc. (NASDAQ: ISRG)
Misonix, Inc. (NASDAQ: MSON)
Moderna, Inc. (NASDAQ: MRNA)
Monte Rosa Therapeutics, Inc. (NASDAQ: GLUE)
Novo Nordisk A/S (NYSE: NVO)
Nuvalent, Inc. (NASDAQ: NUVL) (IPOed Thursday)
Pfizer Inc. (NYSE: PFE)
Protagonist Therapeutics, Inc. (NASDAQ: PTGX)
Quest Diagnostics Incorporated (NYSE: DGX)
Repligen Corporation (NASDAQ: RGEN)
Sight Sciences, Inc. (NASDAQ: SGHT) (IPOed July 15)
West Pharmaceutical Services, Inc. (NYSE: WST)

Down In The Dumps
(Biotech Stocks Hitting 52-week Lows Aug. 2)

23andMe Holding Co. (NASDAQ: ME)
Adicet Bio, Inc. (NASDAQ: ACET)
Adverum Biotechnologies, Inc. (NASDAQ: ADVM)
Cogent Biosciences, Inc. (NASDAQ: COGT)
Esperion Therapeutics, Inc. (NASDAQ: ESPR)
EyeGate Pharmaceuticals, Inc. (NASDAQ: EYEG)
Foghorn Therapeutics Inc. (NASDAQ: FHTX)
Gain Therapeutics, Inc. (NASDAQ: GANX)
Icosavax, Inc. (NASDAQ: ICVX) (IPOed Thursday)
Immunovant, Inc. (NASDAQ: IMVT) (announced  $200-million equity investment from Roivant Sciences)
Minerva Neurosciences, Inc. (NASDAQ: NERV) (reacted to second-quarter results)
Nautilus Biotechnology, Inc. (NASDAQ: NAUT)
NexImmune, Inc. (NASDAQ: NEXI)
Outset Medical, Inc. (NASDAQ: OM)
Oyster Point Pharma, Inc. (NASDAQ: OYST)
Palisade Bio, Inc. (NASDAQ: PALI)
Plus Therapeutics, Inc. (NASDAQ: PSTV)
Progenity, Inc. (NASDAQ: PROG)
Revive Therapeutics Ltd. (NASDAQ: RVVTF)
Rhythm Pharmaceuticals, Inc. (NASDAQ: RYTM)
Spruce Biosciences, Inc. (NASDAQ: SPRB)
Theravance Biopharma, Inc. (NASDAQ: TBPH)
Trillium Therapeutics Inc. (NASDAQ: TRIL)
VectivBio Holding AG (NASDAQ: VECT)
ZIVO Bioscience, Inc. (NASDAQ: ZIVO)

Stocks In Focus
Sanofi To Buy mRNA Biopharma Translate Bio For $38/Share In Cash
Sanofi (NASDAQ: SNY) said it has entered into a definitive agreement with  Translate Bio, Inc. (NASDAQ: TBIO), a clinical-stage mRNA therapeutics company, under which Sanofi will acquire all outstanding shares of Translate Bio for $38 per share in cash, which represents a total equity value of approximately $3.2 billion.
""A fully owned platform allows us to develop additional opportunities in the fast-evolving mRNA space. We will also be able to accelerate our existing partnered programs already under development. Our goal is to unlock the potential of mRNA in other strategic areas such as immunology, oncology, and rare diseases in addition to vaccines, said ...",2021-08-03 11:55:12+00:00,https://www.benzinga.com/general/biotech/21/08/22294993/the-daily-biotech-pulse-sanofi-buys-translate-bio-in-3-2b-deal-lillys-q2-earnings-disappoint-baus,Benzinga,0.08796296296296297,0.47203703703703703,neutral,0.08796296296296297,True,True,True,False,False,False,False,False,0.0,3126,"['GANX', 'BNR', 'ACET', 'LUNG', 'ME', 'NAUT', 'ANGN', 'ADCT', 'KNSA', 'NVO', 'GLUE', 'TBPH', 'ALKS', 'BHC', 'NVS', 'ABSI', 'NERV', 'ATRC', 'AXNX', 'PFE', 'SGHT', 'MRNS', 'COGT', 'OTLK', 'SNY', 'IMGO', 'EYEG', 'IBB', 'XFOR', 'WST', 'CTKB', 'RYTM', 'ISRG', 'PSTV', 'TBIO', 'ICVX', 'STIM', 'MSON', 'MRNA', 'CTSO', 'MYGN', 'BNTX', 'ARCT', 'APTO', 'RGEN', 'OYST', 'VECT', 'TRIL', 'RIGL', 'IMVT', 'NUVL', 'NVTA', 'BIO', 'PROG', 'INVA', 'MCRB', 'BMY', 'SPRB', 'OM', 'BSX', 'FHTX', 'ESPR', 'ADVM', 'DGX', 'PALI', 'RNA', 'PTGX', 'LLY', 'NEXI']",ARCT,2021-08-03
Why Arcturus Therapeutics Stock Is Soaring Today,The company received a green light to advance two COVID-19 vaccine candidates into clinical testing in a second country.,2021-08-03 15:21:00+00:00,https://www.fool.com/investing/2021/08/03/why-arcturus-therapeutics-stock-is-soaring-today/,The Motley Fool,0.06666666666666667,0.3333333333333333,neutral,0.06666666666666667,False,False,True,False,False,False,False,False,0.0,170,"['ARCT', 'PFE', 'BNTX']",ARCT,2021-08-03
"Arcturus Therapeutics (ARCT) Reports Q2 Loss, Lags Revenue Estimates","Arcturus Therapeutics (ARCT) delivered earnings and revenue surprises of -4.02% and -27.10%, respectively, for the quarter ended June 2021. Do the numbers hold clues to what lies ahead for the stock?",2021-08-09 21:25:09+00:00,https://www.zacks.com/stock/news/1777136/arcturus-therapeutics-arct-reports-q2-loss-lags-revenue-estimates,Zacks Investment Research,0.0,0.1,neutral,0.0,True,False,False,False,False,False,False,False,0.0,269,['ARCT'],ARCT,2021-08-09
"The Daily Biotech Pulse: Arcturus Soars On COVID-19 Vaccine Updates, Merck's Keytruda On Track For More Label Expansions, Eliem Debuts","Here's a roundup of top developments in the biotech space over the last 24 hours.
Scaling The Peaks
(Biotech Stocks Hitting 52-week Highs Aug. 9)

Adagio Therapeutics, Inc. (NASDAQ: ADGI) (IPOed Friday)
Alnylam Pharmaceuticals, Inc. (NASDAQ: ALNY)
Axonics, Inc. (NASDAQ: AXNX)
BioLife Solutions, Inc. (NASDAQ: BLFS) (announced a deal to buy privately-held Sexton Biotech to expand cell and gene therapy tools portfolio)
BioNTech SE (NASDAQ: BNTX) (reacted to its quarterly results and raised vaccine sales forecast)
Caribou Biosciences, Inc. (NASDAQ: CRBU) (IPOed July 23)
Cortexyme, Inc. (NASDAQ: CRTX) (announced its second-quarter results)
Cytokinetics, Incorporated (NASDAQ: CYTK)
Day One Biopharmaceuticals, Inc. (NASDAQ: DAWN)
Dynavax Technologies Corporation (NASDAQ: DVAX)
Edwards Lifesciences Corporation (NYSE: EW)
Eli Lilly and Company (NYSE: LLY)
Impel NeuroPharma, Inc. (NASDAQ: IMPL) (announced publication of positive Phase 3 data for migraine treatment)
Intersect ENT, Inc. (NASDAQ: XENT)
Intuitive Surgical, Inc. (NASDAQ: ISRG)
Maravai LifeSciences Holdings, Inc. (NASDAQ: MRVI)
Moderna, Inc. (NASDAQ: MRNA) (reacted to continuing vaccine news flow)
Monte Rosa Therapeutics, Inc. (NASDAQ: GLUE)
Oramed Pharmaceuticals Inc. (NASDAQ: ORMP)
OrthoPediatrics Corp. (NASDAQ: KIDS)
PAVmed Inc. (NASDAQ: PAVM)
Pfizer Inc. (NYSE: PFE)
Repligen Corporation (NASDAQ: RGEN)

Down In The Dumps
(Biotech Stocks Hitting 52-week Lows Aug. 9)

Adicet Bio, Inc. (NASDAQ: ACET)
Akero Therapeutics, Inc. (NASDAQ: AKRO)
Arena Pharmaceuticals, Inc. (NASDAQ: ARNA)
Atai Life Sciences N.V. (NASDAQ: ATAI)
AVROBIO, Inc. (NASDAQ: AVRO)
Axsome Therapeutics, Inc. (NASDAQ: AXSM) (communicated in its earnings release a potential delay in approval of its major depressive disorder treatment)
Biophytis SA (NASDAQ: BPTS)
bluebird bio, Inc. (NASDAQ: BLUE) (reacted to  clinical hold  imposed by the FDA on its gene therapy studies)
CytomX Therapeutics, Inc. (NASDAQ: CTMX)
Epizyme, Inc. (NASDAQ: EPZM) (announced its second-quarter results)
Eton Pharmaceuticals, Inc. (NASDAQ: ETON) (reacted to a 3-month delay in the review period for its antiepileptic topiramate oral solution)
Exicure, Inc. (NASDAQ: XCUR)
EyeGate Pharmaceuticals, Inc. (NASDAQ: EYEG)
Flexion Therapeutics, Inc. (NASDAQ: FLXN)
Freeline Therapeutics Holdings plc (NASDAQ: FRLN)
Heron Therapeutics, Inc. (NASDAQ: HRTX)
Incyte Corporation (NASDAQ: INCY)
Inventiva S.A. (NASDAQ: IVA)
Itamar Medical Ltd. (NASDAQ: ITMR)
Kura Oncology, Inc. (NASDAQ: KURA)
Nektar Therapeutics (NASDAQ: NKTR)
Pharming Group N.V. (NASDAQ: PHAR)
Protara Therapeutics, Inc. (NASDAQ: TARA)
Pulmatrix, Inc. (NASDAQ: PULM)
Relmada Therapeutics, Inc. (NASDAQ: RLMD)
Spruce Biosciences, Inc. (NASDAQ: SPRB)
Teligent, Inc. (NASDAQ: TLGT)
TherapeuticsMD, Inc. (NASDAQ: TXMD)
VYNE Therapeutics Inc. (NASDAQ: VYNE)
ZIVO Bioscience, Inc. (NASDAQ: ZIVO)

Stocks In Focus
Arcturus' COVID-19 Vaccine Found Effective Against Variants In Animal Studies, to Commence Phase 3 Study
Arcturus Therapeutics Holdings Inc. (NASDAQ: ARCT) announced updates on its COVID-19 vaccine program, including plans to begin Phase 3 study of its STARR mRNA vaccine candidate codenamed ARCT-154 in Vietnam. The company targets emergency use authorization filing in December,
ARCT-154 was found to produce robust neutralizing antibody titers ...",2021-08-10 11:55:36+00:00,https://www.benzinga.com/general/biotech/21/08/22418408/the-daily-biotech-pulse-arcturus-soars-on-covid-19-vaccine-updates-mercks-keytruda-on-track-for-m,Benzinga,0.15765610651974288,0.3910009182736456,positive,0.15765610651974288,True,True,True,False,True,False,False,False,0.0,3474,"['RETA', 'LLY', 'BPTS', 'BLFS', 'IVA', 'CLSD', 'MRK', 'MRNA', 'HRTX', 'ACET', 'PAVM', 'PFE', 'FRLN', 'MRNS', 'ALNY', 'FLGT', 'TDG', 'BNTX', 'EYEG', 'ARNA', 'CLPT', 'KIDS', 'TARA', 'MTNB', 'ATAI', 'ADGI', 'CPIX', 'NARI', 'XENT', 'CRTX', 'CYTK', 'BTAI', 'OCX', 'HRMY', 'NVCN', 'DVAX', 'XCUR', 'DAWN', 'VYNE', 'ZIVO', 'HALO', 'APTX', 'ARCT', 'SPRB', 'IBB', 'AVRO', 'PHAR', 'MRVI', 'KMPH', 'INCY', 'ETON', 'ORMP', 'BVS', 'PULM', 'ISRG', 'AXNX', 'TXMD', 'TLIS', 'CTMX', 'LIFE', 'ORGO', 'RGLS', 'AKYA', 'RLMD', 'NKTR', 'ITMR', 'EPZM', 'IMPL', 'AXSM', 'RGEN', 'AKRO', 'BLUE', 'GLUE', 'TLGT', 'EW', 'FULC', 'FLXN', 'CRBU', 'KURA']",ARCT,2021-08-10
3 mRNA Stocks Not Named Moderna You Might Want to Check Out,Moderna isn't the only biotech focused on messenger RNA.,2021-09-05 10:55:00+00:00,https://www.fool.com/investing/2021/09/05/3-mrna-stocks-not-named-moderna-you-might-want-to/,The Motley Fool,0.0,1.0,neutral,0.0,False,False,False,False,False,False,False,False,0.0,117,"['MRNA', 'PFE', 'BNTX', 'ARCT']",ARCT,2021-09-05
"The Daily Biotech Pulse: Pfizer-BioNTech US Vaccine Contract, Summit Slumps On Adverse Regulatory Feedback, Cerevel CFO Departs","Here's a roundup of top developments in the biotech space over the last 24 hours.
Scaling The Peaks
(Biotech Stocks Hitting 52-week Highs Sept. 20)

Acceleron Pharma Inc. (NASDAQ: XLRN)
Aurinia Pharmaceuticals Inc. (NASDAQ: AUPH)
C4 Therapeutics, Inc. (NASDAQ: CCCC)
Cerevel Therapeutics Holdings, Inc. (NASDAQ: CERE)
Corvus Pharmaceuticals, Inc. NASDAQ: CRVS)
Fulcrum Therapeutics, Inc. (NASDAQ: FULC)
IVERIC bio, Inc. (NASDAQ: ISEE)
Leap Therapeutics, Inc. (NASDAQ: LPTX)
Opiant Pharmaceuticals, Inc. (NASDAQ: OPNT)
Repligen Corporation (NASDAQ: RGEN)

Down In The Dumps
(Biotech Stocks Hitting 52-week Lows Sept. 20)

Ambrx Biopharma Inc. (NYSE: AMAM)
Absci Corporation (NASDAQ: ABSI)
Acutus Medical, Inc. (NASDAQ: AFIB)
Aytu Biopharma, Inc. (NASDAQ: AYTU)
AzurRx BioPharma, Inc. (NASDAQ: AZRX)
Biomea Fusion, Inc. (NASDAQ: BMEA)
Centessa Pharmaceuticals Limited (NASDAQ: CNTA)
Codex DNA, Inc. (NASDAQ: DNAY)
Emergent BioSolutions Inc. (NYSE: EBS)
Galapagos NV (NASDAQ: GLPG)
Harpoon Therapeutics, Inc. (NASDAQ: HARP)
InMed Pharmaceuticals Inc. (NASDAQ: INM)
Jazz Pharmaceuticals plc (NASDAQ: JAZZ)
Keros Therapeutics, Inc. (NASDAQ: KROS)
Lixte Biotechnology Holdings, Inc. (NASDAQ: LIXT)
Miromatrix Medical Inc. (NASDAQ: MIRO)
Oncorus, Inc. (NASDAQ: ONCR)
Oyster Point Pharma, Inc. (NASDAQ: OYST)
Pasithea Therapeutics Corp. (NASDAQ: KTTA) (IPOed Sept. 15)
Rallybio Corporation (NASDAQ: RLYB)
Sight Sciences, Inc. (NASDAQ: SGHT)
Singular Genomics Systems, Inc. (NASDAQ: OMIC)
Spruce Biosciences, Inc. (NASDAQ: SPRB)
TCR2 Therapeutics Inc. (NASDAQ: TCRR)
Teligent, Inc. (NASDAQ: TLGT)
TherapeuticsMD, Inc. (NASDAQ: TXMD)
Titan Pharmaceuticals, Inc. (NASDAQ: TTNP)
Verona Pharma plc (NASDAQ: VRNA)
Viveve Medical, Inc. (NASDAQ: VIVE)

Stocks In Focus
bluebird bio Completes Regulatory Filing For Approval of Gene Therapy to Treat Bleeding Disorder
bluebird bio, Inc. (NASDAQ: BLUE) has completed the rolling submission of its biologics license application to the Food and Drug Administration for betibeglogene autotemcel gene therapy in adult, adolescent and pediatric patients with β-thalassemia who require regular red blood cell transfusions, across all genotypes.
If approved, beti-cel will be the first hematopoietic stem cell ex-vivo gene therapy for patients in the U.S.
The stock was up 2.67% to $18.47 in premarket trading.
Click  here  for accessing Benzinga's FDA Calendar
Summit Says FDA Does Not Approve of Primary Endpoint of Combined Phase 3 Study In Bacterial Infection
Summit Therapeutics Inc. (NASDAQ: SMMT) disclosed in a filing that it has received feedback from the FDA that the regulator does not agree with the change to the primary endpoint that Summit proposed and has subsequently implemented in its ongoing Phase 3 Ri-CoDIFy studies when ...",2021-09-22 11:45:28+00:00,https://www.benzinga.com/general/biotech/21/09/23048408/the-daily-biotech-pulse-pfizer-biontech-us-vaccine-contract-summit-slumps-on-adverse-regulatory-f,Benzinga,0.08893849206349205,0.17866681929181927,neutral,0.08893849206349205,False,False,True,False,False,False,True,False,0.0,2899,"['BLUE', 'ISEE', 'IVA', 'RLYB', 'ONTX', 'FULC', 'BDSI', 'KTTA', 'XLRN', 'BNTX', 'IBB', 'INM', 'OYST', 'INCY', 'AUPH', 'KROS', 'JAZZ', 'GLPG', 'AFIB', 'OPNT', 'ABEO', 'ONCR', 'RGEN', 'TLGT', 'SPRB', 'EBS', 'PFE', 'AYTU', 'BMEA', 'TTNP', 'VIVE', 'OMIC', 'CERE', 'PTGX', 'CNTA', 'ARCT', 'AZRX', 'DNAY', 'CCCC', 'LPTX', 'AMAM', 'SMMT', 'VRNA', 'MIRO', 'LIXT', 'TCRR', 'ABSI', 'TXMD', 'HARP', 'SGHT']",ARCT,2021-09-22
"After COVID-19, Could This Be the Next Billion-Dollar Vaccine Market?",Three healthcare giants are vying for the prize.,2021-10-04 10:00:00+00:00,https://www.fool.com/investing/2021/10/04/is-this-the-next-billion-dollar-vaccine-market/,The Motley Fool,0.0,0.0,neutral,0.0,False,False,False,False,False,False,False,False,0.0,119,"['MRNA', 'PFE', 'SNY', 'BNTX', 'ARCT']",ARCT,2021-10-04
"Merck Keeps M&A Mode On With Mirati, Biogen, mRNA Companies On Radar: FT","Merck & Co Inc (NYSE: MRK) remains in a deal-hunting mode despite its recent $11.5 billion acquisition of Acceleron. 
Related: Merck Seals Acceleron Pharma Deal For $180/Share: Highlights.
What Happened: CEO Rob Davis told the Financial Times that he is looking for deals to diversify to plan for life after its wonder cancer Keytruda will lose patent protection in 2028. The Company seems to have a list of potential targets already.
""I'm confident we have the firepower, the capability, the focus, and urgency to do that,"" Davis said, as quoted by the newspaper. ""This is the first step ...",2021-10-06 19:57:30+00:00,https://www.benzinga.com/general/biotech/21/10/23265928/merck-keeps-m-a-mode-on-with-mirati-biogen-mrna-companies-on-radar-ft,Benzinga,0.125,0.4694444444444445,positive,0.125,False,True,False,False,False,False,True,False,0.0,666,"['BIIB', 'MRK', 'ARCT', 'MRTX']",ARCT,2021-10-06
Here are Citi's 10 fresh ways to play disruption — including psychedelic drugs,"NFTs, psychedelic drugs, artificial intelligence in airlines. Citi's exhaustive look at 10 new disruptive innovation ideas includes a batch of stock ideas.",2021-10-12 11:12:00+00:00,https://www.marketwatch.com/story/here-are-citis-10-fresh-ways-to-play-disruption-including-psychedelic-drugs-11634037152,MarketWatch,-0.05454545454545454,0.6515151515151515,neutral,0.05454545454545454,False,False,False,False,True,False,False,False,0.0,235,"['LRCX', 'ENTG', 'DAL', 'AZUL', 'BYND', 'K', 'CF', 'GE', 'IAG', 'DOW', 'LYB', 'OXY', 'ACC', 'FB', 'SNAP', 'SNY', 'SAN', 'ARCT', 'PFE', 'HOOD', 'DISCA', 'DIS', 'WPP', 'WPP', 'ATAI', 'CMPS', 'FAST', 'JPM', 'TSLA', 'AMC', 'BABA', 'DIDI']",ARCT,2021-10-12
Cathie Wood Just Bought Shares of This Vaccine Underdog. Should You?,"The company disappointed last year, but things may be turning around.",2021-10-15 10:00:00+00:00,https://www.fool.com/investing/2021/10/15/cathie-wood-bought-this-vaccine-underdog/,The Motley Fool,-0.375,0.4083333333333333,negative,0.375,False,False,False,False,False,False,False,False,0.0,139,"['ARCT', 'PFE', 'MRNA']",ARCT,2021-10-15
3 Beaten-Down Stocks Cathie Wood Is Buying That Wall Street Thinks Will Skyrocket,These growth stocks could rebound in a big way.,2021-10-19 09:55:00+00:00,https://www.fool.com/investing/2021/10/19/3-beaten-down-stocks-cathie-wood-is-buying-that-co/,The Motley Fool,0.0,0.1,neutral,0.0,False,True,False,False,False,False,False,False,0.0,130,"['TDOC', 'VRTX', 'CRSP', 'ARKK', 'ARCT', 'ARKF', 'ARKG']",ARCT,2021-10-19
Earnings Preview: Arcturus Therapeutics (ARCT) Q3 Earnings Expected to Decline,Arcturus Therapeutics (ARCT) doesn't possess the right combination of the two key ingredients for a likely earnings beat in its upcoming report. Get prepared with the key expectations.,2021-11-01 19:01:35+00:00,https://www.zacks.com/stock/news/1821120/earnings-preview-arcturus-therapeutics-arct-q3-earnings-expected-to-decline,Zacks Investment Research,0.03714285714285714,0.7871428571428571,neutral,0.03714285714285714,True,False,False,False,False,False,False,False,0.0,264,['ARCT'],ARCT,2021-11-01
"Arcturus Therapeutics (ARCT) Reports Q3 Loss, Lags Revenue Estimates","Arcturus Therapeutics (ARCT) delivered earnings and revenue surprises of -46.43% and -90.87%, respectively, for the quarter ended September 2021. Do the numbers hold clues to what lies ahead for the stock?",2021-11-08 22:35:07+00:00,https://www.zacks.com/stock/news/1825414/arcturus-therapeutics-arct-reports-q3-loss-lags-revenue-estimates,Zacks Investment Research,0.0,0.1,neutral,0.0,True,False,False,False,False,False,False,False,0.0,275,['ARCT'],ARCT,2021-11-08
Is the Options Market Predicting a Spike in Arcturus Therapeutics (ARCT) Stock?,Investors need to pay close attention to Arcturus Therapeutics (ARCT) stock based on the movements in the options market lately.,2021-12-10 14:03:00+00:00,https://www.zacks.com/stock/news/1837887/is-the-options-market-predicting-a-spike-in-arcturus-therapeutics-arct-stock,Zacks Investment Research,-0.3,0.6,negative,0.3,False,False,False,False,False,False,False,False,0.0,209,['ARCT'],ARCT,2021-12-10
Why Arcturus Therapeutics Stock Was Up 16% Thursday,The biotech stock climbed more than $5 a share in early trading Thursday.,2021-12-16 18:32:49+00:00,https://www.fool.com/investing/2021/12/16/why-arcturus-therapeutics-was-up-16-thursday/,The Motley Fool,0.3,0.4,positive,0.3,False,False,False,False,False,False,False,False,0.0,126,"['ARCT', 'PFE', 'BNTX']",ARCT,2021-12-16
"Benzinga's Top Ratings Upgrades, Downgrades For January 31, 2022","Upgrades
UBS upgraded the previous rating for Align Technology Inc (NASDAQ:ALGN) from Neutral to Buy. For the third quarter, Align Tech had an EPS of $2.87, compared to year-ago quarter EPS of $2.25. At the moment, the stock has a 52-week-high of $737.45 and a 52-week-low of $432.09. Align Tech closed at $463.96 at the end of the last trading period.   
Oppenheimer upgraded the previous rating for Insulet Corp (NASDAQ:PODD) from Perform to Outperform. Insulet earned $0.18 in the third quarter, compared to $0.17 in the year-ago quarter. The current stock performance of Insulet shows a 52-week-high of $324.81 and a 52-week-low of $193.70. Moreover, at the end of the last trading period, the closing price was at $230.59.   
For Badger Meter Inc (NYSE:BMI), Maxim Group upgraded the previous rating of Hold to Buy. In the fourth quarter, Badger Meter showed an EPS of $0.59, compared to $0.45 from the year-ago quarter. The stock has a 52-week-high of $112.36 and a 52-week-low of $85.55. At the end of the last trading period, Badger Meter closed at $94.45.   
According to Kepler Cheuvreux, the prior rating for Deutsche Bank AG (NYSE:DB) was changed from Hold to Buy. For the fourth quarter, Deutsche Bank had an EPS of $0.14, compared to year-ago quarter EPS of $0.08. The stock has a 52-week-high of $15.34 and a 52-week-low of $10.08. At the end of the last trading period, Deutsche Bank closed at $13.49.   
For Legend Biotech Corp (NASDAQ:LEGN), Morgan Stanley upgraded the previous rating of Equal-Weight to Overweight. Legend Biotech earned $0.43 in the third quarter, compared to $0.25 in the year-ago quarter. At the moment, the stock has a 52-week-high of $58.00 and a 52-week-low of $23.41. Legend Biotech closed at $37.46 at the end of the last trading period.   
According to Truist Securities, the prior rating for EOG Resources Inc (NYSE:EOG) was changed from Hold to Buy. For the third quarter, EOG Resources had an EPS of $2.16, compared to year-ago quarter EPS of $0.43. The stock has a 52-week-high of $111.28 and a 52-week-low of $50.08. At the end of the last trading period, EOG Resources closed at $109.70.   
Truist Securities upgraded the previous rating for Packaging Corp of America (NYSE:PKG) from Hold to Buy. Packaging Corp of America earned $2.76 in the fourth quarter, compared to $1.33 in the year-ago quarter. The current stock performance of Packaging Corp of America shows a 52-week-high of $156.54 and a 52-week-low of $124.78. Moreover, at the end of the last trading period, the closing price was at $145.55.   
Stephens & Co. upgraded the previous rating for The AZEK Co Inc (NYSE:AZEK) from Equal-Weight to Overweight. In the fourth quarter, AZEK Co showed an EPS of $0.32, compared to $0.29 from the year-ago quarter. At the moment, the stock has a 52-week-high of $51.32 and a 52-week-low of $28.90. AZEK Co closed at $31.19 at the end of the last trading period.   
Raymond James upgraded the previous rating for Arcturus Therapeutics Holdings Inc (NASDAQ:ARCT) from Underperform to Market Perform. In the third quarter, Arcturus Therapeutics showed an EPS of $2.05, compared to $0.92 from the year-ago quarter. The stock has a 52-week-high of $89.18 and a 52-week-low of $20.54. At the end of the last trading period, Arcturus Therapeutics closed at $22.30.   
For Microchip Technology Inc (NASDAQ:MCHP), UBS upgraded the previous rating of Neutral to Buy. Microchip Technology earned $1.07 in the second quarter, compared to $0.78 in the year-ago quarter. At the moment, the stock has a 52-week-high of $166.67 and a 52-week-low of $68.77. Microchip Technology closed at $72.22 at the end of the last trading period.   
For KE Holdings Inc (NYSE:BEKE), HSBC upgraded the previous rating of Reduce to Hold. In the third quarter, KE Holdings showed an EPS of $0.12, compared to $0.20 from the year-ago quarter. The stock has a 52-week-high of $76.92 and a 52-week-low of $15.15. At the end of the last trading period, KE Holdings closed at $18.93.   
HC Wainwright & Co. upgraded the previous rating for KemPharm Inc (NASDAQ:KMPH) from Neutral to Buy. At the moment, the stock has a 52-week-high of $18.15 and a 52-week-low of $5.86. KemPharm closed at $6.44 at the end of the last trading period.   
HC Wainwright & Co. upgraded the previous rating for Genmab A/S (NASDAQ:GMAB) from Neutral to Buy. For the third quarter, Genmab had an EPS of $0.21, compared to year-ago quarter EPS of $0.13. At the moment, the stock has a 52-week-high of $49.07 and a 52-week-low of $30.10. Genmab closed at $32.85 at the end of the last trading period.   
For Netflix Inc (NASDAQ:NFLX), Citigroup upgraded the previous rating of Neutral to Buy. Netflix earned $1.33 in the fourth quarter, compared to $1.19 in the year-ago quarter. The current stock performance of Netflix shows a 52-week-high of $700.99 and a 52-week-low of $351.46. Moreover, at the end of the last trading period, the closing price was at $384.36.   
According to Citigroup, the prior rating for Spotify Technology SA (NYSE:SPOT) was changed from Neutral to Buy. In the third quarter, Spotify Technology showed an EPS of $0.48, compared to $0.68 from the year-ago quarter. The current stock performance of Spotify Technology shows a 52-week-high of $387.44 and a 52-week-low of $164.41. Moreover, at the end of the last trading period, the closing price was at $172.98.   
According to Mizuho, the prior rating for Consolidated Edison Inc (NYSE:ED) was changed from Neutral to Buy. Consolidated Edison earned $1.41 in the third quarter, compared to $1.48 in the year-ago quarter. The stock has a 52-week-high of $86.25 and a 52-week-low of $65.56. At the end of the last trading period, Consolidated Edison closed at $84.63.   
Morgan Stanley upgraded the previous rating for Seagen Inc (NASDAQ:SGEN) from Equal-Weight to Overweight. Seagen earned $1.61 in the third quarter, compared to $3.50 in the year-ago quarter. The stock has a 52-week-high of ...Full story available on Benzinga.com",2022-01-31 15:28:36+00:00,https://www.benzinga.com/analyst-ratings/upgrades/22/01/25309057/benzingas-top-ratings-upgrades-downgrades-for-january-31-2022,Benzinga,-0.03681592039800995,0.10348258706467663,neutral,0.03681592039800995,False,True,True,False,False,False,False,False,0.0,6066,"['ALGN', 'BEKE', 'CACI', 'CCAP', 'BUSE', 'SEAT', 'CVX', 'CALA', 'FCBC', 'SONX', 'DB', 'SDC', 'GGAL', 'VCSA', 'ED', 'KMPH', 'HAYN', 'EFX', 'NTLA', 'HSIC', 'EOG', 'PAGS', 'ISRG', 'K', 'SPOT', 'MCHP', 'MTH', 'LGO', 'MERC', 'PKG', 'SFET', 'NFLX', 'VFC', 'LEGN', 'PDCO', 'TSLA', 'STNE', 'BYND', 'PODD', 'BAH', 'STOK', 'SGEN', 'HHC', 'GMAB', 'XRAY', 'ARCT', 'NVST', 'BMA', 'PPSI', 'AZEK', 'BMI', 'CNOB']",ARCT,2022-01-31
Analysts Estimate Arcturus Therapeutics (ARCT) to Report a Decline in Earnings: What to Look Out for,Arcturus Therapeutics (ARCT) doesn't possess the right combination of the two key ingredients for a likely earnings beat in its upcoming report. Get prepared with the key expectations.,2022-02-21 20:00:57+00:00,https://www.zacks.com/stock/news/1870879/analysts-estimate-arcturus-therapeutics-arct-to-report-a-decline-in-earnings-what-to-look-out-for,Zacks Investment Research,0.07142857142857142,0.8839285714285714,neutral,0.07142857142857142,True,False,False,False,False,False,False,False,0.0,286,['ARCT'],ARCT,2022-02-21
"Arcturus Therapeutics (ARCT) Reports Q4 Loss, Misses Revenue Estimates","Arcturus Therapeutics (ARCT) delivered earnings and revenue surprises of 16.95% and 55.09%, respectively, for the quarter ended December 2021. Do the numbers hold clues to what lies ahead for the stock?",2022-02-28 22:15:05+00:00,https://www.zacks.com/stock/news/1874774/arcturus-therapeutics-arct-reports-q4-loss-misses-revenue-estimates,Zacks Investment Research,0.0,0.1,neutral,0.0,True,False,False,False,False,False,False,False,0.0,274,"['ARCT', 'CTMX']",ARCT,2022-02-28
Could Arcturus Therapeutics Be the Next Moderna?,"It's not likely, but it could still end up being a good investment.",2022-03-01 16:00:00+00:00,https://www.fool.com/investing/2022/03/01/could-arcturus-therapeutics-be-the-next-moderna/,The Motley Fool,0.2333333333333333,0.5333333333333333,positive,0.2333333333333333,False,False,False,False,False,False,False,False,0.0,117,"['ARCT', 'AZN', 'JNJ', 'PFE', 'NVAX', 'MRNA']",ARCT,2022-03-01
Arcturus Therapeutics (ARCT) Surges 7.2%: Is This an Indication of Further Gains?,Arcturus Therapeutics (ARCT) saw its shares surge in the last session with trading volume being higher than average. The latest trend in earnings estimate revisions may not translate into further price increase in the near term.,2022-03-21 11:41:00+00:00,https://www.zacks.com/stock/news/1884578/arcturus-therapeutics-arct-surges-72-is-this-an-indication-of-further-gains,Zacks Investment Research,0.09999999999999999,0.4666666666666667,neutral,0.09999999999999999,True,False,False,False,False,False,False,False,0.0,311,"['ARCT', 'BMY']",ARCT,2022-03-21
"Piper Comments On Increased Interest To Invest In Arcturus, 'Incrementally Positive' On Argenx","Piper Sandler noted that Arcturus Therapeutics Holdings Inc's (NASDAQ: ARCT) recently filed 10-K mentions funding of $25 million from a ""pharmaceutical company"" to run a clinical trial for LUNAR-COV19 vaccine candidate as a booster. 

According to analyst Yasmeen Rahimi, the investment either means that the undisclosed pharma company believes that ARCT-154 data will be positive or that they have already seen the data and decided to invest ahead of its disclosure. 
Either way, she believes that increased interest from ""strategics"" validates the LUNAR platform, and she has ""high conviction"" in a positive outcome for ...Full story available on Benzinga.com",2022-03-22 19:44:51+00:00,https://www.benzinga.com/analyst-ratings/analyst-color/22/03/26245336/piper-comments-on-increased-interest-to-invest-in-arcturus-incrementally-positive-o,Benzinga,0.20696969696969694,0.471060606060606,positive,0.20696969696969694,False,False,False,False,False,False,False,False,0.0,757,"['ARCT', 'ARGX']",ARCT,2022-03-22
"Arcturus Therapeutics (ARCT) Reports Q1 Loss, Tops Revenue Estimates","Arcturus Therapeutics (ARCT) delivered earnings and revenue surprises of -50.39% and 60.86%, respectively, for the quarter ended March 2022. Do the numbers hold clues to what lies ahead for the stock?",2022-05-09 21:15:10+00:00,https://www.zacks.com/stock/news/1921424/arcturus-therapeutics-arct-reports-q1-loss-tops-revenue-estimates,Zacks Investment Research,0.0,0.1,neutral,0.0,True,False,False,False,False,False,False,False,0.0,270,"['ARCT', 'KMDA']",ARCT,2022-05-09
Expert Ratings for Arcturus Therapeutics,"Within the last quarter, Arcturus Therapeutics (NASDAQ:ARCT) has observed the following analyst ratings: 




Bullish
Somewhat Bullish
Indifferent
Somewhat Bearish
Bearish




Total Ratings
1
2
1
1
0


Last 30D
0
0
1
1
0


1M Ago
0
0
0
0
0


2M Ago
1
1
0
0
0


3M Ago
0
1
0
0
0



These 5 analysts have an average price target of $66.8 versus the current price of Arcturus Therapeutics at $16.485, implying  upside.
Below is a summary of how these 5 analysts rated Arcturus Therapeutics over the past 3 months. The greater the number of bullish ratings, the more positive analysts are on ...Full story available on Benzinga.com",2022-05-10 20:58:08+00:00,https://www.benzinga.com/analyst-ratings/22/05/27121587/expert-ratings-for-arcturus-therapeutics,Benzinga,0.1115702479338843,0.3617079889807162,positive,0.1115702479338843,False,False,False,False,False,False,False,False,0.0,669,['ARCT'],ARCT,2022-05-10
"Benzinga's Top Ratings Upgrades, Downgrades For May 11, 2022","Upgrades
According to Roth Capital, the prior rating for Hecla Mining Co (NYSE:HL) was changed from Neutral to Buy. In the first quarter, Hecla Mining showed an EPS of $0.01, compared to $0.06 from the year-ago quarter. The stock has a 52-week-high of $9.44 and a 52-week-low of $4.28. At the end of the last trading period, Hecla Mining closed at $4.36.   
According to Zelman, the prior rating for The AZEK Co Inc (NYSE:AZEK) was changed from Hold to Buy. For the second quarter, AZEK Co had an EPS of $0.33, compared to year-ago quarter EPS of $0.25. At the moment, the stock has a 52-week-high of $50.65 and a 52-week-low of $17.00. AZEK Co closed at $17.33 at the end of the last trading period.   
According to Maxim Group, the prior rating for Celsius Holdings Inc (NASDAQ:CELH) was changed from Hold to Buy. In the first quarter, Celsius Holdings showed an EPS of $0.09, compared to $0.01 from the year-ago quarter. The stock has a 52-week-high of $110.22 and a 52-week-low of $38.31. At the end of the last trading period, Celsius Holdings closed at $41.31.   
For Rackspace Technology Inc (NASDAQ:RXT), Raymond James upgraded the previous rating of Market Perform to Outperform. Rackspace Tech earned $0.22 in the first quarter, compared to $0.23 in the year-ago quarter. The stock has a 52-week-high of $24.16 and a 52-week-low of $7.28. At the end of the last trading period, Rackspace Tech closed at $8.63.   
According to Raymond James, the prior rating for Construction Partners Inc (NASDAQ:ROAD) was changed from Outperform to Strong Buy. In the second quarter, Construction Partners showed an EPS of $0.18, compared to $0.04 from the year-ago quarter. The stock has a 52-week-high of $44.99 and a 52-week-low of $19.51. At the end of the last trading period, Construction Partners closed at $19.87.   
According to Deutsche Bank, the prior rating for Grocery Outlet Holding Corp (NASDAQ:GO) was changed from Hold to Buy. For the first quarter, Grocery Outlet Holding had an EPS of $0.22, compared to year-ago quarter EPS of $0.23. At the moment, the stock has a 52-week-high of $42.17 and a 52-week-low of $21.01. Grocery Outlet Holding closed at $31.07 at the end of the last trading period.   
Stephens & Co. upgraded the previous rating for TriCo Bancshares (NASDAQ:TCBK) from Equal-Weight to Overweight. TriCo earned $0.67 in the first quarter, compared to $1.13 in the year-ago quarter. The current stock performance of TriCo shows a 52-week-high of $48.96 and a 52-week-low of $37.41. Moreover, at the end of the last trading period, the closing price was at $40.58.   
According to Cowen & Co., the prior rating for HF Sinclair Corp (NYSE:DINO) was changed from Market Perform to Outperform. For the first quarter, HF Sinclair had an EPS of $0.99, compared to year-ago quarter EPS of $0.53. At the moment, the stock has a 52-week-high of $46.39 and a 52-week-low of $34.17. HF Sinclair closed at $43.78 at the end of the last trading period.   
Baird upgraded the previous rating for Arrowhead Pharmaceuticals Inc (NASDAQ:ARWR) from Neutral to Outperform. In the second quarter, Arrowhead Pharmaceuticals showed an EPS of $0.41, compared to $0.26 from the year-ago quarter. The stock has a 52-week-high of $93.66 and a 52-week-low of $32.24. At the end of the last trading period, Arrowhead Pharmaceuticals closed at $34.29.   
Baird upgraded the previous rating for Arcturus Therapeutics Holdings Inc (NASDAQ:ARCT) from Underperform to Neutral. In the first quarter, Arcturus Therapeutics showed an EPS of $1.94, compared to $2.15 from the year-ago quarter. The stock has a 52-week-high of $65.00 and a 52-week-low of $15.71. At the end of the last trading period, Arcturus Therapeutics closed at $16.58.   
For Peloton Interactive Inc (NASDAQ:PTON), JMP Securities upgraded the previous rating of Market Perform to Market Outperform. In the third quarter, Peloton Interactive showed an EPS of $1.15, compared to $0.03 from the year-ago quarter. The stock has a 52-week-high of $129.70 and a 52-week-low of $11.25. At the end of the last trading period, Peloton Interactive closed at $12.90.   
JP Morgan upgraded the previous rating for Planet Fitness Inc (NYSE:PLNT) from Neutral to Overweight. In the first quarter, Planet Fitness showed an EPS of $0.32, compared to $0.10 from the year-ago quarter. The stock has a 52-week-high of $99.60 and a 52-week-low of $67.39. At the end of the last trading period, Planet Fitness closed at $67.77.   
For Trex Co Inc (NYSE:TREX), Credit Suisse upgraded the previous rating of Underperform to Neutral. Trex Co earned $0.62 in the first quarter, compared to $0.42 in the year-ago quarter. The stock has a 52-week-high of $140.98 and a 52-week-low of $51.76. At the end of the last trading period, Trex Co closed at $58.63.   
B. Riley Securities upgraded the previous rating for 8x8 Inc (NYSE:EGHT) from Neutral to Buy. 8x8 earned $0.05 in the fourth quarter, compared to $0.00 in the year-ago quarter. The stock has a 52-week-high of $28.93 and a 52-week-low of $7.51. At the end of the last trading period, 8x8 closed at $7.74.   
According to William Blair, the prior rating for Novanta Inc (NASDAQ:NOVT) was changed from Market Perform to Outperform. Novanta earned $0.73 in the first quarter, compared to $0.58 in the year-ago quarter. At the moment, the stock has a 52-week-high of $184.44 and a 52-week-low of $114.31. Novanta closed at $120.30 at the ...Full story available on Benzinga.com",2022-05-11 14:02:45+00:00,https://www.benzinga.com/analyst-ratings/upgrades/22/05/27137454/benzingas-top-ratings-upgrades-downgrades-for-may-11-2022,Benzinga,0.017741935483870964,0.14569892473118276,neutral,0.017741935483870964,False,True,True,False,False,False,False,False,0.0,5528,"['KERN', 'ASO', 'U', 'AZEK', 'INO', 'ARCT', 'DMS', 'ARRY', 'UPST', 'RXT', 'ARWR', 'GO', 'HYFM', 'COIN', 'KE', 'AFRM', 'EGHT', 'PLNT', 'ONTF', 'PEGA', 'AVYA', 'KPLT', 'TCBK', 'LDI', 'BLCO', 'ELS', 'VFF', 'GLW', 'NOVT', 'HL', 'JNCE', 'DINO', 'RKT', 'CVNA', 'SUI', 'BHVN', 'ALR', 'ROAD', 'CELH', 'PTON', 'TREX']",ARCT,2022-05-11
What 6 Analyst Ratings Have To Say About Arcturus Therapeutics,"Over the past 3 months, 6 analysts have published their opinion on Arcturus Therapeutics (NASDAQ:ARCT) stock. These analysts are typically employed by large Wall Street banks and tasked with understanding a company's business to predict how a stock will trade over the upcoming year.




Bullish
Somewhat Bullish
Indifferent
Somewhat Bearish
Bearish




Total Ratings
0
1
2
1
2


Last 30D
0
1
0
0
0


1M Ago
0
0
0
0
0


2M Ago
0
0
0
0
1


3M Ago
0
0
2
1
1



According to 6 analyst offering 12-month price targets in the last 3 months, Arcturus Therapeutics has an average price target of $19.17 with a high of $39.00 and a low of $8.00. 
Below is a summary of ...Full story available on Benzinga.com",2022-07-19 16:57:14+00:00,https://www.benzinga.com/analyst-ratings/22/07/28119489/what-6-analyst-ratings-have-to-say-about-arcturus-therapeutics,Benzinga,0.020761904761904766,0.3701904761904762,neutral,0.020761904761904766,False,False,False,False,False,False,False,False,0.0,764,['ARCT'],ARCT,2022-07-19
Zealand Pharma AS (ZEAL) Stock Jumps 9.1%: Will It Continue to Soar?,Zealand Pharma AS (ZEAL) witnessed a jump in share price last session on above-average trading volume. The latest trend in earnings estimate revisions for the stock doesn't suggest further strength down the road.,2022-07-21 12:23:00+00:00,https://www.zacks.com/stock/news/1955721/zealand-pharma-as-zeal-stock-jumps-91-will-it-continue-to-soar,Zacks Investment Research,0.08611111111111111,0.43888888888888894,neutral,0.08611111111111111,True,False,False,False,False,False,False,False,0.0,282,"['ZEAL', 'ARCT']",ARCT,2022-07-21
"Precision BioSciences (DTIL) Reports Q2 Loss, Misses Revenue Estimates","Precision BioSciences (DTIL) delivered earnings and revenue surprises of -2.33% and 23.80%, respectively, for the quarter ended June 2022. Do the numbers hold clues to what lies ahead for the stock?",2022-08-08 12:25:06+00:00,https://www.zacks.com/stock/news/1965152/precision-biosciences-dtil-reports-q2-loss-misses-revenue-estimates,Zacks Investment Research,0.0,0.1,neutral,0.0,True,False,False,False,False,False,False,False,0.0,270,"['DTIL', 'ARCT']",ARCT,2022-08-08
"Arcturus Therapeutics (ARCT) Reports Q2 Loss, Tops Revenue Estimates","Arcturus Therapeutics (ARCT) delivered earnings and revenue surprises of 55.43% and 714.09%, respectively, for the quarter ended June 2022. Do the numbers hold clues to what lies ahead for the stock?",2022-08-09 21:15:06+00:00,https://www.zacks.com/stock/news/1966267/arcturus-therapeutics-arct-reports-q2-loss-tops-revenue-estimates,Zacks Investment Research,0.0,0.1,neutral,0.0,True,False,False,False,False,False,False,False,0.0,269,"['ARCT', 'MXCT']",ARCT,2022-08-09
"Benzinga's Top Ratings Upgrades, Downgrades For August 10, 2022","Upgrades

According to Stifel, the prior rating for V2X Inc (NYSE:VVX) was changed from Hold to Buy. The current stock performance of V2X shows a 52-week-high of $33.69 and a 52-week-low of $29.55. Moreover, at the end of the last trading period, the closing price was at $29.81.
Stifel upgraded the previous rating for Linde PLC (NYSE:LIN) from Hold to Buy. For the second quarter, Linde had an EPS of $3.10, compared to year-ago quarter EPS of $2.70. The stock has a 52-week-high of $352.18 and a 52-week-low of $265.12. At the end of the last trading period, Linde closed at $300.67.
Barclays upgraded the previous rating for CF Industries Holdings Inc (NYSE:CF) from Equal-Weight to Overweight. In the second quarter, CF Industries Holdings showed an EPS of $6.19, compared to $1.14 from the year-ago quarter. At the moment, the stock has a 52-week-high of $113.48 and a 52-week-low of $63.10. CF Industries Holdings closed at $102.60 at the end of the last trading period.
Wells Fargo upgraded the previous rating for Equitrans Midstream Corp (NYSE:ETRN) from Equal-Weight to Overweight. For the second quarter, Equitrans Midstream had an EPS of $0.11, compared to year-ago quarter EPS of $0.13. The current stock performance of Equitrans Midstream shows a 52-week-high of $11.22 and a 52-week-low of $5.87. Moreover, at the end of the last trading period, the closing price was at $8.78.
For Cazoo Group Ltd (NYSE:CZOO), Berenberg upgraded the previous rating of Sell to Buy. The current stock performance of Cazoo Gr shows a 52-week-high of $6.21 and a 52-week-low of $0.45. Moreover, at the end of the last trading period, the closing price was at $0.92.

See all analyst ratings upgrades.
 
Downgrades

According to MoffettNathanson, the prior rating for Roku Inc (NASDAQ:ROKU) was changed from Market Perform to Underperform. In the second quarter, Roku showed an EPS of $0.82, compared to $0.52 from the year-ago quarter. The stock has a 52-week-high of $238.36 and a 52-week-low of $62.00. At the end of the last trading period, Roku closed at $78.10.
For Amyris Inc (NASDAQ:AMRS), Roth Capital downgraded the previous rating of Buy to Neutral. In the second quarter, Amyris showed an EPS of $0.42, compared to $0.15 from the year-ago quarter. At the moment, the stock has a 52-week-high of $6.37 and a 52-week-low of $1.47. Amyris closed at $2.29 at the end of the last trading period.
Morgan Stanley downgraded the previous rating for Berkeley Lights Inc (NASDAQ:BLI) from Equal-Weight to Underweight. In the second quarter, Berkeley Lights showed an EPS of $0.38, compared to $0.27 from the year-ago quarter. The current stock performance of Berkeley Lights shows a 52-week-high of $19.34 and a 52-week-low of $3.65. Moreover, at the end of the last trading period, the closing price was at $4.97.
According to DA Davidson, the prior rating for Okta Inc (NASDAQ:OKTA) was changed from Buy to Neutral. For the first quarter, Okta had an EPS of $0.27, compared to year-ago quarter EPS of $0.10. The current stock performance of Okta shows a 52-week-high of $226.49 and a 52-week-low of $77.01. Moreover, at the end of the last trading period, the closing price was at $101.43.
According to Craig-Hallum, the prior rating for Cerence Inc (NASDAQ:CRNC) was changed from Buy to Hold. Cerence earned $0.43 in the third ...Full story available on Benzinga.com",2022-08-10 14:11:54+00:00,https://www.benzinga.com/analyst-ratings/upgrades/22/08/28435359/benzingas-top-ratings-upgrades-downgrades-for-august-10-2022,Benzinga,-0.006578947368421047,0.13771929824561405,neutral,0.006578947368421047,False,True,True,False,False,False,False,False,0.0,3432,"['EVO', 'WKHS', 'CZOO', 'TTWO', 'AVDL', 'UTRS', 'CF', 'APRN', 'BIRD', 'ENR', 'ROKU', 'BBAI', 'MCO', 'MAPS', 'VVX', 'MU', 'ARGO', 'PAR', 'ALLO', 'AMRS', 'ETRN', 'REAL', 'CRNC', 'CCXI', 'BLI', 'ARCT', 'RXT', 'VTNR', 'UWMC', 'LIN', 'CPNG', 'IHRT', 'OMIC', 'QUOT', 'TASK', 'OKTA', 'BOXD']",ARCT,2022-08-10
4 Analysts Have This to Say About Arcturus Therapeutics,"Within the last quarter, Arcturus Therapeutics (NASDAQ:ARCT) has observed the following analyst ratings:



 
Bullish
Somewhat Bullish
Indifferent
Somewhat Bearish
Bearish




Total Ratings
0
2
0
1
1


Last 30D
0
1
0
1
0


1M Ago
0
1
0
0
0


2M Ago
0
0
0
0
0


3M Ago
0
0
0
0
1



In the last 3 months, 4 analysts have offered 12-month price targets for Arcturus Therapeutics. The company has an average price target of $40.25 with a high of $98.00 and a low of $8.00.
Below is a summary of how these 4 analysts rated Arcturus Therapeutics over the past 3 months. The greater the number of bullish ratings, the more positive analysts are on the ...Full story available on Benzinga.com",2022-08-10 14:14:48+00:00,https://www.benzinga.com/analyst-ratings/22/08/28435318/4-analysts-have-this-to-say-about-arcturus-therapeutics,Benzinga,0.10671328671328671,0.345034965034965,positive,0.10671328671328671,False,False,False,False,False,False,False,False,0.0,741,['ARCT'],ARCT,2022-08-10
"Micron, Charles River Laboratories And Some Other Big Stocks Moving Higher On Friday","U.S. stocks traded slightly higher, with the Nasdaq Composite gaining more than 80 points on Friday. Here are some big stocks recording gains in today’s session.

IGM Biosciences, Inc. (NASDAQ: IGMS) surged 18.9% to $23.11.
Tyra Biosciences, Inc. (NASDAQ: TYRA) gained 17.7% to $10.33.
Benson Hill, Inc. (NYSE: BHIL) jumped 15.9% to $2.8627 after UBS initiated coverage on the stock with a Buy rating and $5 price target.
Akero Therapeutics, Inc. (NASDAQ: AKRO) gained 14.3% to $34.06. Akero Therapeutics recently released topline data from HARMONY Phase 2b study of efruxifermin (EFX) in patients with pre-cirrhotic nonalcoholic steatohepatitis (NASH), fibrosis stage 2 or 3 (F2-F3).
IonQ, Inc. (NYSE: IONQ) ...",2022-09-30 14:53:07+00:00,https://www.benzinga.com/news/22/09/29097188/micron-charles-river-laboratories-and-some-other-big-stocks-moving-higher-on-friday,Benzinga,0.125,0.3321428571428572,positive,0.125,False,True,False,False,True,False,False,False,0.0,798,"['EBIX', 'QBTS', 'CRL', 'CTV', 'MU', 'ARCT', 'BLUE', 'KURA', 'DSKE', 'TCDA', 'AKRO', 'IGMS', 'MNSO', 'IONQ', 'BHIL', 'IMRX', 'TYRA']",ARCT,2022-09-30
Tracking Cathie Wood's ARK Invest 13F Portfolio - Q3 2022 Update,ARK Invest’s 13F portfolio value decreased from $16.91B to $14.35B this quarter. Click to see the firm's trades for Q3 2022.,2022-10-19 07:10:02+00:00,https://seekingalpha.com/article/4547378-cathie-woods-ark-invest-13f-portfolio-q3-2022-update,Seeking Alpha,-0.30000000000000004,0.55,negative,0.30000000000000004,False,False,False,False,False,False,False,False,0.0,190,"['ACCD', 'ACHR', 'ARCT', 'AVAV', 'BEAM', 'BLDE', 'BLI', 'CDNA', 'CDXS', 'CERS', 'CGEN', 'COIN', 'CRSP', 'CVS', 'DKNG', 'DNA', 'EDIT', 'EXAS', 'FATE', 'HOOD', 'INCY', 'IONS', 'IRDM', 'KIND', 'KTOS', 'MASS', 'MELI', 'MKFG', 'MTLS', 'NNDM', 'NTLA', 'NVDA', 'NVTA', 'PACB', 'PATH', 'PD', 'PSNL', 'QSI', 'RBLX', 'ROKU', 'RPTX', 'SDGR', 'SGFY', 'SHOP', 'SPOT', 'SQ', 'SSYS', 'SURF', 'TDOC', 'TRMB', 'TSLA', 'TSP', 'TWLO', 'TWOU', 'TWST', 'TXG', 'U', 'VCYT', 'VERV', 'VRTX', 'VUZI', 'ZM', 'ARKF', 'ARKG', 'ARKK', 'ARKQ', 'ARKW', 'ARKX']",ARCT,2022-10-19
"Match Group, Super Micro Computer And Some Other Big Stocks Moving Higher In Today's Pre-Market Session","U.S. stock futures traded slightly higher this morning. Here are some big stocks recording gains in today’s pre-market trading session.

Arcturus Therapeutics Holdings Inc. (NASDAQ: ARCT) shares jumped 28.8% to $23.55 in pre-market trading. Arcturus reported collaboration with CSL to develop and commercialize self-amplifying mRNA vaccines.
Chegg, Inc.  (NYSE: CHGG) surged 19.1% to $25.14 in pre-market trading after the company reported better-than-expected Q3 results. The company also issued FY22 sales guidance above analyst estimates.
Match Group, Inc.  (NASDAQ: MTCH) shares gained 16.2% to $51.00 in pre-market trading after ...",2022-11-02 10:08:38+00:00,https://www.benzinga.com/news/22/11/29517039/match-group-super-micro-computer-and-some-other-big-stocks-moving-higher-in-todays-pre-market-sessio,Benzinga,0.10119047619047618,0.33452380952380956,positive,0.10119047619047618,False,False,False,False,False,False,False,False,0.0,742,"['SMCI', 'HTHT', 'ARCT', 'MTCH', 'CHGG', 'LI', 'SELB', 'YUMC', 'BAND', 'RLX']",ARCT,2022-11-02
Why Rogers Shares Are Trading Sharply Lower; Here Are 33 Stocks Moving Premarket,"Gainers

Avinger, Inc. (NASDAQ: AVGR) rose 32% to $1.36 in pre-market trading. Avinger is expected to release its financial results for the third quarter on Wednesday, November 9, 2022.
Arcturus Therapeutics Holdings Inc. (NASDAQ: ARCT) shares rose 28.8% to $23.55 in pre-market trading. Arcturus reported collaboration with CSL to develop and commercialize self-amplifying mRNA vaccines.
Code Chain New Continent Limited  (NASDAQ: CCNC) rose 23.2% to $0.1770 in pre-market trading after declining 7% on Tuesday.
Baudax Bio, Inc. (NASDAQ: BXRX) rose 20.3% to $0.2388 in pre-market trading.
Chegg, Inc.  (NYSE: CHGG) rose 19.1% to $25.14 in pre-market trading after the company reported better-than-expected Q3 results. The company also issued FY22 sales guidance above analyst estimates.
Scopus BioPharma Inc.  (NASDAQ: SCPS) rose 19% to $0.2988 in pre-market trading.
Match Group, Inc.  (NASDAQ: MTCH) shares rose 16.2% to $51.00 in pre-market trading after the company reported better-than-expected Q3 results.
Bandwidth Inc. (NASDAQ: BAND) shares rose 15.5% to $14.21 in pre-market trading after the company reported better-than-expected Q3 sales results. The company also issued Q4 and FY22 sales guidance above analyst estimates.
mCloud Technologies Corp. (NASDAQ: MCLD) rose 15.2% to $1.14 in pre-market trading. mCloud received Nasdaq notification regarding market value of listed securities.
Minim, Inc. (NASDAQ: MINM) rose 13.9% to $0.25 in pre-market trading. Minim is scheduled to host a conference call on November 10, 2022 to discuss Q3 results.
Yum China Holdings, Inc. (NYSE: YUMC) rose 12.2% to $48.31 in pre-market trading ...",2022-11-02 11:58:58+00:00,https://www.benzinga.com/news/22/11/29519517/why-rogers-shares-are-trading-sharply-lower-here-are-33-stocks-moving-premarket,Benzinga,0.338943950786056,0.652494873547505,positive,0.338943950786056,False,False,True,False,True,False,False,False,0.0,1725,"['MCLD', 'LFLY', 'EVK', 'BAND', 'RIGL', 'XCUR', 'SMCI', 'SFET', 'MCK', 'PHAS', 'ROG', 'CBAT', 'HTHT', 'TFFP', 'ARCT', 'BXRX', 'MTCH', 'SONN', 'CHGG', 'CCNC', 'AVGR', 'ABNB', 'LI', 'MINM', 'SELB', 'SCPS', 'YUMC', 'RLX', 'NXL', 'ZI', 'VYNT', 'ZYME', 'ENVX']",ARCT,2022-11-02
What 4 Analyst Ratings Have To Say About Arcturus Therapeutics,"Arcturus Therapeutics (NASDAQ:ARCT) has observed the following analyst ratings within the last quarter: 




Bullish
Somewhat Bullish
Indifferent
Somewhat Bearish
Bearish




Total Ratings
0
2
1
1
0


Last 30D
0
1
1
0
0


1M Ago
0
0
0
0
0


2M Ago
0
0
0
0
0


3M Ago
0
1
0
1
0



In the last 3 months, 4 analysts have offered 12-month price targets for Arcturus Therapeutics. The company has an average price target of $45.75 with a high of $98.00 and a low of $16.00. 
Below is a summary of how these 4 analysts rated Arcturus Therapeutics over the past 3 months. The greater the number of bullish ratings, the more positive analysts are on the ...Full story available on Benzinga.com",2022-11-02 13:47:17+00:00,https://www.benzinga.com/analyst-ratings/22/11/29522051/what-4-analyst-ratings-have-to-say-about-arcturus-therapeutics,Benzinga,0.10671328671328671,0.345034965034965,positive,0.10671328671328671,False,False,False,False,False,False,False,False,0.0,749,['ARCT'],ARCT,2022-11-02
"Benzinga's Top Ratings Upgrades, Downgrades For November 2, 2022","Upgrades

According to Evercore ISI Group, the prior rating for BioCryst Pharmaceuticals Inc (NASDAQ:BCRX) was changed from In-Line to Outperform. In the third quarter, BioCryst Pharmaceuticals showed an EPS of $0.23, compared to $0.33 from the year-ago quarter. The current stock performance of BioCryst Pharmaceuticals shows a 52-week-high of $19.99 and a 52-week-low of $7.61. Moreover, at the end of the last trading period, the closing price was at $11.86.
According to B of A Securities, the prior rating for KKR & Co Inc (NYSE:KKR) was changed from Neutral to Buy. In the third quarter, KKR & Co showed an EPS of $0.93, compared to $1.05 from the year-ago quarter. At the moment, the stock has a 52-week-high of $75.19 and a 52-week-low of $41.77. KKR & Co closed at $49.47 at the end of the last trading period.
Baird upgraded the previous rating for Premier Inc (NASDAQ:PINC) from Neutral to Outperform. For the first quarter, Premier had an EPS of $0.52, compared to year-ago quarter EPS of $0.64. At the moment, the stock has a 52-week-high of $41.42 and a 52-week-low of $31.00. Premier closed at $31.77 at the end of the last trading period.
According to Morgan Stanley, the prior rating for Abiomed Inc (NASDAQ:ABMD) was changed from Underweight to Equal-Weight. For the second quarter, Abiomed had an EPS of $1.30, compared to year-ago quarter EPS of $1.03. At the moment, the stock has a 52-week-high of $381.99 and a 52-week-low of $219.84. Abiomed closed at $377.82 at the end of the last trading period.
Raymond James upgraded the previous rating for IPG Photonics Corp (NASDAQ:IPGP) from Underperform to Market Perform. In the third quarter, IPG Photonics showed an EPS of $1.47, compared to $1.40 from the year-ago quarter. At the moment, the stock has a 52-week-high of $176.63 and a 52-week-low of $79.88. IPG Photonics closed at $85.48 at the end of the last trading period.

See all analyst ratings upgrades.
 
Downgrades

According to B of A Securities, the prior rating for Catalent Inc (NYSE:CTLT) was changed from Buy to Neutral. In the first quarter, Catalent showed an EPS of $0.34, compared to $0.71 from the year-ago quarter. The stock has a 52-week-high of $128.26 and a 52-week-low of $47.60. At the end of the last trading period, Catalent closed at $49.53.
For Twilio Inc (NYSE:TWLO), B of A Securities downgraded the previous rating of Buy to Underperform. For the second quarter, Twilio had an EPS of $0.11, compared to year-ago quarter EPS of $0.11. The current stock performance of Twilio shows a 52-week-high of $266.74 and a 52-week-low of $62.10. Moreover, at the end of the last trading period, the closing price was at $75.08.
Compass Point downgraded the previous rating for Centerspace (NYSE:CSR) from Buy to Neutral. Centerspace earned $1.15 in the third quarter, compared to $0.98 in the year-ago quarter. The current stock performance of Centerspace shows a 52-week-high of $111.48 and a 52-week-low of $62.79. Moreover, at the end of the last trading period, the closing price was at $67.06.
According to Mizuho, the prior rating for Avista Corp (NYSE:AVA) was changed from Buy to Neutral. In the third quarter, Avista showed an EPS of $0.08, compared to $0.20 from the year-ago quarter. The current stock performance of Avista shows a 52-week-high of $46.90 and a 52-week-low of $36.32. Moreover, at the end of the last trading period, the closing price was at $37.66.
According to Oppenheimer, the prior rating for Blueprint Medicines Corp (NASDAQ:BPMC) was changed from Outperform to Perform. For the third quarter, Blueprint Medicines had an EPS of $2.23, compared to year-ago quarter EPS of $2.00. The current stock performance of Blueprint Medicines shows a 52-week-high of $110.23 and a 52-week-low of $43.46. Moreover, at the end of the last trading period, the closing price was at $48.24.
Credit Suisse downgraded the previous rating for Nasdaq Inc (NASDAQ:NDAQ) from Outperform to Neutral. In the third quarter, Nasdaq showed an EPS of $0.68, compared to $0.59 from the year-ago quarter. The current stock performance of Nasdaq shows a 52-week-high of $70.29 and a 52-week-low of $46.77. Moreover, at the end of the last trading period, the closing price was at ...Full story available on Benzinga.com",2022-11-02 14:06:35+00:00,https://www.benzinga.com/analyst-ratings/upgrades/22/11/29523602/benzingas-top-ratings-upgrades-downgrades-for-november-2-2022,Benzinga,0.0014492753623188438,0.1311594202898551,neutral,0.0014492753623188438,False,True,True,False,False,False,False,False,0.0,4330,"['TLRY', 'ABMD', 'PANW', 'LEGN', 'BCRX', 'WDAY', 'REZI', 'CHKP', 'PINC', 'OSW', 'IPGP', 'SNOW', 'CRWD', 'MSFT', 'SMLR', 'LCTX', 'NDAQ', 'CTLT', 'NET', 'AVA', 'HUBS', 'DDOG', 'CLF', 'SRNE', 'BPMC', 'FREQ', 'CSR', 'SPNE', 'BALY', 'DT', 'OKTA', 'LAZR', 'ECL', 'ULH', 'AEVA', 'RBA', 'TWLO', 'OUST', 'CGC', 'DNLI', 'LIDR', 'KKR', 'ZS', 'INVZ', 'ARCT', 'CRON', 'TRTX']",ARCT,2022-11-02
Where Arcturus Therapeutics Stands With Analysts,"Arcturus Therapeutics (NASDAQ:ARCT) has observed the following analyst ratings within the last quarter: 




Bullish
Somewhat Bullish
Indifferent
Somewhat Bearish
Bearish




Total Ratings
0
2
1
1
0


Last 30D
0
1
1
0
0


1M Ago
0
0
0
0
0


2M Ago
0
0
0
0
0


3M Ago
0
1
0
1
0



In the last 3 months, 4 analysts have offered 12-month price targets for Arcturus Therapeutics. The company has an average price target of $45.75 with a high of $98.00 and a low of $16.00. 
Below is a summary of how these 4 analysts rated Arcturus Therapeutics over the past 3 months. The greater the ...Full story available on Benzinga.com",2022-11-02 14:39:55+00:00,https://www.benzinga.com/analyst-ratings/22/11/29523610/where-arcturus-therapeutics-stands-with-analysts,Benzinga,0.060000000000000005,0.3127272727272727,neutral,0.060000000000000005,False,False,False,False,False,False,False,False,0.0,670,['ARCT'],ARCT,2022-11-02
Why Arcturus Therapeutics Stock Is Skyrocketing Today,Investors are applauding Arcturus' collaboration with CSL.,2022-11-02 16:00:09+00:00,https://www.fool.com/investing/2022/11/02/why-arcturus-therapeutics-stock-is-skyrocketing-to/,The Motley Fool,0.0,0.0,neutral,0.0,False,False,False,False,False,False,False,False,0.0,113,['ARCT'],ARCT,2022-11-02
Why Benefitfocus Shares Are Trading Higher By Around 48%? Here Are 64 Stocks Moving In Wednesday's Mid-Day Session,"Gainers

Starry Group Holdings, Inc. (NYSE: STRY) gained 56% to $0.2808 after reporting Q3 results.
Benefitfocus, Inc.  (NASDAQ: BNFT) shares jumped 47.8% to $10.33 after the company announced it will be acquired by Voya Financial for $10.50 per share.
Akso Health Group (NASDAQ: AHG) gained 44% to $0.7280.
Rayonier Advanced Materials Inc. (NYSE: RYAM) shares climbed 40.9% to $6.30 as the company posted upbeat quarterly results.
Forza X1, Inc. (NASDAQ: FRZA) jumped 39% to $2.3495 after the company announced it received 50 electric boat reservations in the last 90 days, potentially resulting in over $8.5 million in revenue.
Bandwidth Inc. (NASDAQ: BAND) gained 36.9% to $16.84 after the company reported better-than-expected Q3 sales results. The company also issued Q4 and FY22 sales guidance above analyst estimates.
Arcturus Therapeutics Holdings Inc. (NASDAQ: ARCT) shares rose 32.8% to $24.30 after the company announced collaboration with CSL to develop and commercialize self-amplifying mRNA vaccines. Arcturus to receive upfront payment of $200 million.
Lindblad Expeditions Holdings, Inc. (NASDAQ: LIND) jumped 31.1% to $10.91 following strong Q3 results.
Sonoma Pharmaceuticals, Inc. (NASDAQ: SNOA) gained 29.3% to $3.22.
Huadi International Group Co., Ltd. (NASDAQ: HUDI) surged 29.3% to $32.88.
Chegg, Inc.  (NYSE: CHGG) rose 24.2% to $26.23 after the company reported better-than-expected Q3 results. The company also issued FY22 sales guidance above analyst estimates.
electroCore, Inc. (NASDAQ: ECOR) jumped 21% to $0.3568.
Sun Country Airlines Holdings, Inc. (NASDAQ: SNCY) gained 19.5% to $19.56 following Q3 results.
Cocrystal Pharma, Inc. (NASDAQ: COCP) rose 17.3% to $2.83. Cocrystal Pharma was granted European patent covering oral antiviral candidate CC-42344 in combination with another antiviral agent for the treatment of influenza.
Quad/Graphics, Inc. (NYSE: QUAD) gained 17.1% to $3.15 after the company reported Q3 EPS and sales results up from last year. The company also raised its FY22 sales growth expectations.
trivago N.V. (NASDAQ: TRVG) jumped 16.8% to $1.2150.
9F Inc. (NASDAQ: JFU) gained 16.3% to $0.2620.
Codiak BioSciences, Inc. (NASDAQ: CDAK) jumped 16.2% to $0.8950.
Super Micro Computer, Inc. (NASDAQ: SMCI) rose 16% to $83.38 after the company reported better-than-expected Q3 EPS and sales results.
VEON Ltd. (NASDAQ: VEON) jumped 15.7% to $0.4050. VEON said it is conducting a sale process for its Russian ...",2022-11-02 17:28:02+00:00,https://www.benzinga.com/news/22/11/29529031/why-benefitfocus-shares-are-trading-higher-by-around-48-here-are-64-stocks-moving-in-wednesdays-mid,Benzinga,0.20087719298245615,0.41228070175438597,positive,0.20087719298245615,True,True,False,False,False,False,False,False,0.0,2577,"['AVNT', 'GIC', 'PHAS', 'SCI', 'LIND', 'TA', 'CDAK', 'SKY', 'LI', 'ACIW', 'JFU', 'TUP', 'YUMC', 'CPSI', 'TFFP', 'MTRN', 'DFIN', 'ENTG', 'ABNB', 'QUAD', 'SNOA', 'KAMN', 'RLX', 'AHG', 'TRVG', 'OMCL', 'HUDI', 'CANO', 'VEON', 'SMCI', 'SNCY', 'ARCT', 'ZI', 'UTHR', 'VYNT', 'RM', 'GTHX', 'ATI', 'MMAT', 'PARA', 'BAND', 'CRL', 'ENVX', 'MTCH', 'CHGG', 'ECOR', 'JLL', 'STRY', 'BNFT', 'OSPN', 'MCY', 'FRZA', 'RYAM', 'SFET', 'MIR', 'SLNA', 'COCP', 'LEV', 'PRO', 'RXO', 'XHR', 'REZI', 'ROG']",ARCT,2022-11-02
"United Therapeutics, Super Micro Computer, Novo Nordisk And Other Big Gainers From Wednesday","U.S. stocks closed lower on Wednesday, with the Dow Jones dropping more than 500 points. Here is the list of some big stocks recording gains in the previous session.

Benefitfocus, Inc.  (NASDAQ: BNFT) shares jumped 48.2% to settle at $10.36 on Wednesday after the company announced it will be acquired by Voya Financial for $10.50 per share.
Bandwidth Inc. (NASDAQ: BAND) climbed 41.6% to close at $17.42 after the company reported better-than-expected Q3 sales results. The company also issued Q4 and FY22 sales guidance above analyst estimates.
Chegg, Inc.  (NYSE: CHGG) rose 22% to close at $25.75 after the company reported better-than-expected Q3 results. The company also issued FY22 sales guidance above analyst estimates.
Arcturus Therapeutics Holdings Inc. (NASDAQ: ARCT) shares jumped 18.7% to close at $21.69 after the company announced collaboration with CSL to develop and commercialize self-amplifying mRNA vaccines. Arcturus to ...",2022-11-03 07:01:22+00:00,https://www.benzinga.com/news/22/11/29538394/united-therapeutics-super-micro-computer-novo-nordisk-and-other-big-gainers-from-wednesday,Benzinga,0.09469696969696968,0.28712121212121217,neutral,0.09469696969696968,False,True,False,False,False,False,False,False,0.0,1041,"['BAND', 'INSP', 'RLX', 'SMCI', 'UTHR', 'CRL', 'MCY', 'NVO', 'NYT', 'SCI', 'HZNP', 'ARCT', 'MTCH', 'CHGG', 'BNFT', 'LI', 'YUMC', 'ZLAB']",ARCT,2022-11-03
Why Tupperware Brands Shares Dipped Around 42%; Here Are 89 Biggest Movers From Yesterday,"Gainers

Starry Group Holdings, Inc. (NYSE: STRY) rose 55.6% to close at $0.28 on Wednesday after reporting Q3 results.
Benefitfocus, Inc.  (NASDAQ: BNFT) shares surged 48.2% to settle at $10.36 on Wednesday after the company announced it will be acquired by Voya Financial for $10.50 per share.
Forza X1, Inc. (NASDAQ: FRZA) climbed 45% to close at $2.45 after the company announced it received 50 electric boat reservations in the last 90 days, potentially resulting in over $8.5 million in revenue.
Bandwidth Inc. (NASDAQ: BAND) rose 41.6% to close at $17.42 after the company reported better-than-expected Q3 sales results. The company also issued Q4 and FY22 sales guidance above analyst estimates.
Rayonier Advanced Materials Inc. (NYSE: RYAM) shares gained 34.2% to close at $6.00 as the company posted upbeat quarterly results.
Chegg, Inc.  (NYSE: CHGG) gained 22% to close at $25.75 after the company reported better-than-expected Q3 results. The company also issued FY22 sales guidance above analyst estimates.
Huadi International Group Co., Ltd. (NASDAQ: HUDI) climbed 21.3% to close at $30.84.
Arcturus Therapeutics Holdings Inc. (NASDAQ: ARCT) shares gained 18.7% to close at $21.69 after the company announced collaboration with CSL to develop and commercialize self-amplifying mRNA vaccines. Arcturus to receive upfront payment of $200 million.
Codiak BioSciences, Inc. (NASDAQ: CDAK) climbed 18% to close at $0.9082.
Quad/Graphics, Inc. (NYSE: QUAD) climbed 17.8% to close at $3.17 after the company reported Q3 EPS and sales results up from last year. The company also raised its FY22 sales growth expectations.
Cocrystal Pharma, Inc. (NASDAQ: COCP) climbed 15.8% to close at $2.79. Cocrystal Pharma was granted European patent covering oral antiviral candidate CC-42344 in combination with another antiviral agent for the treatment of influenza.
Rail Vision Ltd. (NASDAQ: RVSN) surged 14.7% to settle at $0.7982.
LSI Industries Inc. (NASDAQ: LYTS) jumped 14.2% to close at $8.91 following strong quarterly earnings.
Mercury General Corporation (NYSE: MCY) gained 14.1% to close at $33.06 following strong quarterly earnings.
CNS Pharmaceuticals, Inc. (NASDAQ: CNSP) jumped 13.6% to close at $0.1998. CNS Pharmaceuticals announced dosing of first patient in europe/france in ongoing potentially pivotal global trial evaluating Berubicin for the treatment of GBM, an aggressive and incurable form of brain cancer.
Frequency Therapeutics, Inc.  (NASDAQ: FREQ) gained 13.4% to settle at $2.03 after Baird initiated coverage on the stock with an Outperform rating and $10 price target.
BZ Wire
9F Inc. (NASDAQ: JFU) gained 13.2% to close at $0.2550.
Sun Country Airlines Holdings, Inc. (NASDAQ: SNCY) gained 12.7% to close at $18.45 following Q3 results.
UFP Technologies, Inc. (NASDAQ: UFPT) rose 12.7% to settle at $104.63 following Q3 results.
Allarity Therapeutics, Inc. (NASDAQ: ALLR) gained 12.5% to settle at $0.63.
Super Micro Computer, Inc. (NASDAQ: SMCI) rose 12.5% to close at $80.84 after the company reported better-than-expected Q3 EPS and sales results.
Lindblad Expeditions Holdings, Inc. (NASDAQ: LIND) jumped 12.2% to close at $9.32 following strong Q3 results.
Li Auto Inc (NASDAQ: LI) gained 12.1% to settle at $16.32. Li Auto recently reported it delivered 10,052 vehicles in October 2022, up 31.4% year over year.
OneSpan Inc. (NASDAQ: OSPN) surged 11.8% to settle at $11.63 following Q3 results.
RLX Technology Inc. (NYSE: RLX) gained 11.7% to settle at $1.53 after climbing around 10% on Tuesday.
United Therapeutics Corporation (NASDAQ: UTHR) climbed 11.1% to ...",2022-11-03 09:40:43+00:00,https://www.benzinga.com/news/22/11/29539238/why-tupperware-brands-shares-dipped-around-42-here-are-89-biggest-movers-from-yesterday,Benzinga,0.1632183908045977,0.40287356321839063,positive,0.1632183908045977,True,True,False,False,False,False,False,False,0.0,3692,"['ATI', 'CDAK', 'CPS', 'ALLR', 'ERO', 'LIND', 'CRL', 'PACK', 'QUAD', 'BTOG', 'GIC', 'LI', 'DVN', 'CNSP', 'CANO', 'STRY', 'TA', 'DZSI', 'YUMC', 'GLS', 'JFU', 'ARCT', 'PEPG', 'ACIW', 'DFIN', 'HLF', 'TFFP', 'TRTX', 'QBTS', 'AMSC', 'SNOA', 'HSC', 'FREQ', 'RM', 'FRZA', 'CPSI', 'TRVG', 'JLL', 'SONN', 'PARA', 'SLNA', 'ENTG', 'VEON', 'MCY', 'ABNB', 'MTCH', 'RXO', 'KAMN', 'LYTS', 'ZI', 'MIR', 'CYTH', 'CHGG', 'OMCL', 'GTHX', 'OI', 'RLX', 'BNFT', 'PERF', 'BAND', 'PRO', 'HUDI', 'SMLR', 'RVSN', 'CDLX', 'ROG', 'SNCY', 'SABR', 'SHEN', 'OSPN', 'SCI', 'VYNT', 'RYAM', 'SMCI', 'LEV', 'SKY', 'MMAT', 'COCP', 'UFPT', 'REZI', 'TUP', 'CFLT', 'XHR', 'UTHR', 'PHAS', 'MTRN', 'ENVX', 'AVNT']",ARCT,2022-11-03
Arcturus Therapeutics (ARCT) Surges 18.7%: Is This an Indication of Further Gains?,Arcturus Therapeutics (ARCT) witnessed a jump in share price last session on above-average trading volume. The latest trend in earnings estimate revisions for the stock doesn't suggest further strength down the road.,2022-11-04 09:46:00+00:00,https://www.zacks.com/stock/news/2013949/arcturus-therapeutics-arct-surges-187-is-this-an-indication-of-further-gains,Zacks Investment Research,0.06888888888888889,0.45111111111111113,neutral,0.06888888888888889,True,False,False,False,False,False,False,False,0.0,300,"['ARCT', 'ADCT']",ARCT,2022-11-04
"Arcturus Therapeutics (ARCT) Reports Q3 Loss, Tops Revenue Estimates","Arcturus Therapeutics (ARCT) delivered earnings and revenue surprises of 33.83% and 281.97%, respectively, for the quarter ended September 2022. Do the numbers hold clues to what lies ahead for the stock?",2022-11-09 22:25:12+00:00,https://www.zacks.com/stock/news/2016369/arcturus-therapeutics-arct-reports-q3-loss-tops-revenue-estimates,Zacks Investment Research,0.0,0.1,neutral,0.0,True,False,False,False,False,False,False,False,0.0,274,"['ARCT', 'ETON']",ARCT,2022-11-09
"Benzinga's Top Ratings Upgrades, Downgrades For November 10, 2022","Upgrades
According to Stifel, the prior rating for Clearside Biomedical Inc (NASDAQ:CLSD) was changed from Hold to Buy. In the third quarter, Clearside Biomedical showed an EPS of $0.13, compared to $0.08 from the year-ago quarter. The current stock performance of Clearside Biomedical shows a 52-week-high of $2.95 and a 52-week-low of $1.00. Moreover, at the end of the last trading period, the closing price was at $1.28.   
For Clearside Biomedical Inc (NASDAQ:CLSD), Needham upgraded the previous rating of Hold to Buy. In the third quarter, Clearside Biomedical showed an EPS of $0.13, compared to $0.08 from the year-ago quarter. The current stock performance of Clearside Biomedical shows a 52-week-high of $2.95 and a 52-week-low of $1.00. Moreover, at the end of the last trading period, the closing price was at $1.28.   
According to Gordon Haskett, the prior rating for TJX Companies Inc (NYSE:TJX) was changed from Hold to Buy. For the second quarter, TJX Companies had an EPS of $0.69, compared to year-ago quarter EPS of $0.79. The stock has a 52-week-high of $77.35 and a 52-week-low of $53.69. At the end of the last trading period, TJX Companies closed at $70.08.   
DZ Bank upgraded the previous rating for Take-Two Interactive Software Inc (NASDAQ:TTWO) from Hold to Buy. Take-Two Interactive earned $1.30 in the second quarter, compared to $1.63 in the year-ago quarter. The stock has a 52-week-high of $182.25 and a 52-week-low of $90.00. At the end of the last trading period, Take-Two Interactive closed at $94.09.   
For Purple Innovation Inc (NASDAQ:PRPL), Craig-Hallum upgraded the previous rating of Hold to Buy. In the third quarter, Purple Innovation showed an EPS of $0.03, compared to $0.07 from the year-ago quarter. The current stock performance of Purple Innovation shows a 52-week-high of $13.84 and a 52-week-low of $2.65. Moreover, at the end of the last trading period, the closing price was at $3.41.   
According to RBC Capital, the prior rating for Scienjoy Holding Corp (NASDAQ:SJ) was changed from Sector Perform to Outperform. In the second quarter, Scienjoy Holding showed an EPS of $0.24, compared to $0.47 from the year-ago quarter. At the moment, the stock has a 52-week-high of $7.30 and a 52-week-low of $1.25. Scienjoy Holding closed at $1.59 at the end of the last trading period.   
According to Raymond James, the prior rating for Activision Blizzard Inc (NASDAQ:ATVI) was changed from Market Perform to Outperform. Activision Blizzard earned $0.68 in the third quarter, compared to $0.72 in the year-ago quarter. The stock has a 52-week-high of $86.90 and a 52-week-low of $61.99. At the end of the last trading period, Activision Blizzard closed at $71.66.   
According to Loop Capital, the prior rating for Palo Alto Networks Inc (NASDAQ:PANW) was changed from Hold to Buy. For the fourth quarter, Palo Alto Networks had an EPS of $0.80, compared to year-ago quarter EPS of $0.53. At the moment, the stock has a 52-week-high of $213.63 and a 52-week-low of $140.07. Palo Alto Networks closed at $151.57 at the end of the last trading period.   
Piper Sandler upgraded the previous rating for KORU Medical Systems Inc (NASDAQ:KRMD) from Neutral to Overweight. For the third quarter, KORU Medical Systems had an EPS of $0.03, compared to year-ago quarter EPS of $0.02. The stock has a 52-week-high of $3.54 and a 52-week-low of $1.82. At the end of the last trading period, KORU Medical Systems closed at $2.31.   
According to Raymond James, the prior rating for AeroVironment Inc (NASDAQ:AVAV) was changed from Market Perform to Outperform. AeroVironment earned $0.10 in the first quarter, compared to $0.17 in the year-ago quarter. The current stock performance of AeroVironment shows a 52-week-high of $114.11 and a 52-week-low of $52.03. Moreover, at the end of the last trading period, the closing price was at $81.52.   
According to Goldman Sachs, the prior rating for Bentley Systems Inc (NASDAQ:BSY) was changed from Neutral to Buy. In the third quarter, Bentley Systems showed an EPS of $0.19, compared to $0.17 from the year-ago quarter. The current stock performance of Bentley Systems shows a 52-week-high of $48.91 and a 52-week-low of $26.32. Moreover, at the end of the last trading period, the closing price was at $34.43.   
According to UBS, the prior rating for Viatris Inc (NASDAQ:VTRS) was changed from Sell to Neutral. Viatris earned $0.87 in the third quarter, compared to $0.99 in the year-ago quarter. The stock has a 52-week-high of $15.60 and a 52-week-low of $8.42. At the end of the last trading period, Viatris closed at $10.83.   
According to Credit Suisse, the prior rating for SunPower Corp (NASDAQ:SPWR) was changed from Underperform to Neutral. For the third quarter, SunPower had an EPS of $0.13, compared to year-ago quarter EPS of $0.06. The current stock performance of SunPower shows a 52-week-high of $28.42 and a 52-week-low of $12.78. Moreover, at the end of the last trading period, the closing price was at $19.15.   
See all analyst ratings upgrades.
Downgrades
Alliance Global Partners downgraded the previous rating for Agrify Corp (NASDAQ:AGFY) from Buy to Neutral. Agrify earned $12.26 in the third quarter, compared to $4.70 in the year-ago quarter. The stock has a 52-week-high of $115.00 and a 52-week-low ...Full story available on Benzinga.com",2022-11-10 14:11:32+00:00,https://www.benzinga.com/analyst-ratings/upgrades/22/11/29659070/benzingas-top-ratings-upgrades-downgrades-for-november-10-2022,Benzinga,-0.006388888888888885,0.10055555555555558,neutral,0.006388888888888885,False,True,True,False,True,False,False,False,0.0,5425,"['CLVS', 'KRMD', 'ATVI', 'SPWR', 'VTRS', 'AVAV', 'CANO', 'RBLX', 'PRPL', 'ARCT', 'AGFY', 'TTGT', 'ELEV', 'ATIP', 'TTWO', 'PANW', 'RKLY', 'AVB', 'UPST', 'VCSA', 'BSY', 'NERV', 'RGTI', 'GM', 'TLS', 'EGIO', 'HBI', 'VCEL', 'PROK', 'ID', 'SFT', 'ZFOX', 'MO', 'TJX', 'CTMX', 'TYL', 'CLSD', 'PRI', 'QS', 'AMRS', 'APLS', 'SJ', 'ISEE']",ARCT,2022-11-10
Tracking Cathie Wood's ARK Invest 13F Portfolio - Q4 2022 Update,ARK Invest’s 13F portfolio value decreased from $14.35B to $11.54B this quarter. Click here for an ongoing analysis of the changes made to its portfolio on a quarterly basis.,2023-01-27 06:28:14+00:00,https://seekingalpha.com/article/4572886-tracking-cathie-woods-ark-invest-13f-portfolio-q4-2022-update,Seeking Alpha,-0.4,0.7,negative,0.4,False,False,False,False,False,False,False,False,0.0,240,"['ACCD', 'ACHR', 'ADPT', 'ARCT', 'BEAM', 'BLDE', 'BLI', 'CDNA', 'CDXS', 'CERS', 'CGEN', 'COIN', 'CRSP', 'DE', 'DKNG', 'DNA', 'EXAS', 'FATE', 'HOOD', 'INCY', 'IONS', 'IRDM', 'KIND', 'KTOS', 'MASS', 'MELI', 'MKFG', 'NNDM', 'NTLA', 'NVDA', 'NVTA', 'PACB', 'PATH', 'PD', 'PSNL', 'QSI', 'RBLX', 'ROKU', 'RPTX', 'SDGR', 'SHOP', 'SQ', 'SURF', 'TDOC', 'TRMB', 'TSLA', 'TSP', 'TWLO', 'TWOU', 'TWST', 'TXG', 'U', 'VCYT', 'VERV', 'VUZI', 'ZM', 'ARKF', 'ARKG', 'ARKK', 'ARKQ', 'ARKW', 'ARKX']",ARCT,2023-01-27
"VistaGen Therapeutics, Inc. (VTGN) Reports Q3 Loss, Misses Revenue Estimates","VistaGen Therapeutics, Inc. (VTGN) delivered earnings and revenue surprises of 16.67% and 41.94%, respectively, for the quarter ended December 2022. Do the numbers hold clues to what lies ahead for the stock?",2023-02-07 23:15:06+00:00,https://www.zacks.com/stock/news/2051318/vistagen-therapeutics-inc-vtgn-reports-q3-loss-misses-revenue-estimates,Zacks Investment Research,0.0,0.1,neutral,0.0,True,False,False,False,False,False,False,False,0.0,286,"['VTGN', 'ARCT']",ARCT,2023-02-07
Immuneering Corporation (IMRX) Soars 16.9%: Is Further Upside Left in the Stock?,Immuneering Corporation (IMRX) was a big mover last session on higher-than-average trading volume. The latest trend in earnings estimate revisions might help the stock continue moving higher in the near term.,2023-03-23 10:18:00+00:00,https://www.zacks.com/stock/news/2069403/immuneering-corporation-imrx-soars-169-is-further-upside-left-in-the-stock,Zacks Investment Research,0.12142857142857143,0.35238095238095235,positive,0.12142857142857143,True,False,False,False,False,False,False,False,0.0,290,"['IMRX', 'ARCT']",ARCT,2023-03-23
Why Arcturus Therapeutics Shares Are Moving Higher After Hours,"Arcturus Therapeutics Holdings Inc (NASDAQ: ARCT) shares are booming in Tuesday's after-hours session after the company reported fourth-quarter results and provided an update on pipeline progress.

Q4 Revenue: $160.29 million, beat estimates of $72.68 million
Q4 EPS: $4.33 beat estimates of 98 cents

""Arcturus has continued to make remarkable operational and pipeline progress. This was recently exemplified by the completion of the initial objectives with our partnered ...Full story available on Benzinga.com",2023-03-28 20:42:42+00:00,https://www.benzinga.com/news/earnings/23/03/31538914/why-arcturus-therapeutics-shares-are-moving-higher-after-hours,Benzinga,0.27999999999999997,0.38,positive,0.27999999999999997,True,False,False,False,False,False,False,False,0.0,576,['ARCT'],ARCT,2023-03-28
Arcturus Therapeutics (ARCT) Beats Q4 Earnings and Revenue Estimates,"Arcturus Therapeutics (ARCT) delivered earnings and revenue surprises of 332.80% and 19.14%, respectively, for the quarter ended December 2022. Do the numbers hold clues to what lies ahead for the stock?",2023-03-28 21:15:05+00:00,https://www.zacks.com/stock/news/2071530/arcturus-therapeutics-arct-beats-q4-earnings-and-revenue-estimates,Zacks Investment Research,0.0,0.1,neutral,0.0,True,False,False,False,False,False,False,False,0.0,273,"['ARCT', 'BMRN']",ARCT,2023-03-28
"Cal-Maine Foods, Lululemon Athletica And Other Big Stocks Moving Higher In Wednesday's Pre-Market Session","U.S. stock futures traded higher this morning. Here are some big stocks recording gains in today’s pre-market trading session.

Arcturus Therapeutics Holdings Inc. (NASDAQ: ARCT) shares jumped 22.5% to $19.00 in pre-market trading after the company reported upbeat fourth-quarter results and provided an update on pipeline progress.
Cipher Mining Inc. (NASDAQ: CIFR) shares surged 14.7% to $2.18 in pre-market trading.
Lululemon Athletica Inc (NASDAQ: LULU) shares surged 14.4% to $366.53 in pre-market trading as the company reported better-than-expected Q4 results and issued strong forecast.
N-able, Inc. (NYSE: NABL) shares climbed 13.6% to $13.80 in pre-market ...",2023-03-29 10:30:56+00:00,https://www.benzinga.com/news/23/03/31543972/cal-maine-foods-lululemon-athletica-and-other-big-stocks-moving-higher-in-wednesdays-pre-market-sess,Benzinga,0.13472222222222222,0.38472222222222224,positive,0.13472222222222222,False,False,False,False,False,False,False,False,0.0,776,"['CALM', 'LULU', 'OPEN', 'EBS', 'MU', 'CAN', 'ARCT', 'MARA', 'RIOT', 'HUT', 'NABL', 'CIFR']",ARCT,2023-03-29
Why Shift Technologies Shares Are Trading Lower By 15%; Here Are 20 Stocks Moving Premarket,"Gainers

LogicMark, Inc. (NASDAQ: LGMK) shares rose 36.7% to $0.1914 in pre-market trading after the company reported strong revenue and margin growth for the year ended 2022.
Biodexa Pharmaceuticals Plc (NASDAQ: BDRX) gained 36.3% to $0.6758 in pre-market trading. Biodexa Pharmaceuticals reported exercise of warrants and issue of equity.
Helbiz, Inc.  (NASDAQ: HLBZ) gained 23.3% to $0.1419 in pre-market trading. Helbiz posted FY22 revenue of $15.5 million, up 21% year over year.
Arcturus Therapeutics Holdings Inc. (NASDAQ: ARCT) climbed 22.5% to $19.00 in pre-market trading after the company reported upbeat fourth-quarter results and provided an update on pipeline progress.
Bird Global, Inc. (NASDAQ: BRDS) rose 18.1% to $0.2288 in pre-market after jumping 42% on Tuesday.
Cipher Mining Inc. (NASDAQ: CIFR) gained 14.7% to $2.18 in pre-market trading.
Lululemon Athletica Inc (NASDAQ: LULU) shares rose 14.4% to $366.53 in pre-market trading as the company reported better-than-expected Q4 results and issued strong forecast.
N-able, Inc. ...",2023-03-29 12:05:56+00:00,https://www.benzinga.com/news/23/03/31545940/why-shift-technologies-shares-are-trading-lower-by-15-here-are-20-stocks-moving-premarket,Benzinga,0.4444444444444444,0.7194444444444444,positive,0.4444444444444444,True,False,False,False,False,False,False,False,0.0,1145,"['PYXS', 'BRDS', 'LULU', 'LGMK', 'EBS', 'FOXO', 'SEV', 'BDRX', 'ARCT', 'AULT', 'SFT', 'UBX', 'OCG', 'MINM', 'HLBZ', 'NABL', 'DPRO', 'SLGC', 'ICCM', 'CIFR']",ARCT,2023-03-29
"US Stocks Open Higher, Dow Jumps Over 200 Points","U.S. stocks traded higher this morning, with the Dow Jones gaining over 200 points on Wednesday.
Following the market opening Wednesday, the Dow traded up 0.72% to 32,628.42 while the NASDAQ rose 1.33% to 11,872.30. The S&P 500, also rose, gaining, 1.03% to 4,012.27.
Check This Out:  $18.5M Bet On Southwest Gas? Check Out These 3 Stocks Insiders Are Buying
 
Leading and Lagging Sectors

Real estate shares jumped by 2% on Wednesday. Meanwhile, top gainers in the sector included  Green Giant Inc. (NASDAQ: GGE), up 5%, and  Newmark Group, Inc. (NASDAQ: NMRK), up 6%.
In trading on Wednesday, health care shares rose by just 0.4%.

 
Top Headline
Micron Technology, Inc. (NASDAQ:MU) reported weaker-than-expected Q2 results.
Micron reported second-quarter revenue of $3.69 billion, down from $7.79 billion year-over-year and below consensus estimates of $3.72 billion. The company reported a quarterly loss of $1.91 per share, which missed estimates for a loss of 81 cents per share.
 
Equities Trading UP

Arcturus Therapeutics Holdings Inc.  (NASDAQ: ARCT) shares shot up 20% to $18.62 after the company reported better-than-expected Q4 EPS and sales results.
Shares of  Erasca, Inc.  (NASDAQ: ERAS) got a boost, shooting ...",2023-03-29 13:53:18+00:00,https://www.benzinga.com/news/earnings/23/03/31549257/us-stocks-open-higher-dow-jumps-over-200-points,Benzinga,0.2418803418803419,0.5645299145299145,positive,0.2418803418803419,True,True,True,False,False,False,False,False,0.0,1279,"['LULU', 'GGE', 'ARCT', 'BLUE', 'PRQR', 'NMRK', 'SHCR', 'ERAS']",ARCT,2023-03-29
Arcturus Therapeutics Stock Is Rising Wednesday: What's Going On?,"Arcturus Therapeutics Holdings Inc (NASDAQ: ARCT) shares are trading higher Wednesday after the company reported strong fourth-quarter results and provided an update on pipeline progress. Guggenheim reiterated a price target nearly 100% higher than current levels following the print.
Q4 Results: Arcturus reported fourth-quarter revenue of $160.29 million, which beat average analyst estimates of $72.68 million, according to Benzinga Pro. The company reported quarterly earnings of $4.33 per share, which beat estimates of 98 cents per share.
""Arcturus has continued to make remarkable operational and ...Full story available on Benzinga.com",2023-03-29 14:42:49+00:00,https://www.benzinga.com/news/earnings/23/03/31550237/arcturus-therapeutics-stock-is-rising-wednesday-whats-going-on,Benzinga,0.22592592592592592,0.46481481481481485,positive,0.22592592592592592,True,False,False,False,False,False,False,False,0.0,710,['ARCT'],ARCT,2023-03-29
Why Arcturus Therapeutics Stock Is Soaring Today,Investors liked what they heard in its Q4 update.,2023-03-29 15:45:12+00:00,https://www.fool.com/investing/2023/03/29/why-arcturus-therapeutics-stock-is-soaring-today/,The Motley Fool,0.6,0.8,positive,0.6,False,False,False,False,False,False,False,False,0.0,99,['ARCT'],ARCT,2023-03-29
Nasdaq Rises 1%; US Pending Home Sales Increase In February,"U.S. stocks traded higher midway through trading, with the Nasdaq Composite gaining over 100 points on Wednesday.
The Dow traded up 0.58% to 32,580.89 while the NASDAQ rose 1.09% to 11,843.85. The S&P 500, also rose, gaining, 0.90% to 4,006.83.
Check This Out:  $18.5M Bet On Southwest Gas? Check Out These 3 Stocks Insiders Are Buying
 
Leading and Lagging Sectors

Real estate shares jumped by 1.5% on Wednesday. Meanwhile, top gainers in the sector included  SL Green Realty Corp.  (NYSE: SLG), up 5%, and  Newmark Group, Inc. (NASDAQ: NMRK), up 6%.
In trading on Wednesday, health care shares rose by just 0.2%.


 
Top Headline

Pending home sales in the US rose 0.8% month-over-month in February to the highest level since August, versus an 8.1% increase in the previous month and also topping market expectations for a 2.3% decline.
 
Equities Trading UP

Arcturus Therapeutics Holdings Inc.  (NASDAQ: ARCT) shares shot up 23% to $19.10 after the company reported better-than-expected Q4 EPS and sales results.
Shares of  LogicMark, Inc.  (NASDAQ: LGMK) got a boost, shooting 71% to $0.2394 after the company announced financial results for the year ended 2022. The company reported FY22 revenue of $11.9 million.
Local Bounti Corporation  (NYSE:",2023-03-29 16:13:44+00:00,https://www.benzinga.com/news/earnings/23/03/31553973/nasdaq-rises-1-us-pending-home-sales-increase-in-february,Benzinga,0.2902777777777778,0.5055555555555556,positive,0.2902777777777778,True,True,True,False,False,False,False,False,0.0,1314,"['SLG', 'ARCT', 'BLUE', 'PRQR', 'SFT', 'NMRK', 'LOCL', 'LGMK']",ARCT,2023-03-29
Why Kodiak Sciences Shares Are Trading Higher By 18%? Here Are Other Stocks Moving In Wednesday's Mid-Day Session,"Gainers

LogicMark, Inc. (NASDAQ: LGMK) shares jumped 76.1% to $0.2466 after the company announced financial results for the year ended 2022. The company reported FY22 revenue of $11.9 million.
Ambipar Emergency Response (NASDAQ: AMBI) surged 40.9% to $10.95.
Local Bounti Corporation (NYSE: LOCL) gained 35% to $0.6102 after the company announced it secured up to $145 million of additional financing to support growth. The company also reported Q4 financial results and issued guidance.
WaveDancer, Inc. (NASDAQ: WAVD) jumped 30% to $0.3450.
CBL International Limited (NASDAQ: BANL) surged 26.8% to $8.64.
Kodiak Sciences Inc. (NASDAQ: KOD) gained 18.3% to $5.80 after posting a narrower-than-expected quarterly loss.
Helbiz, Inc.  (NASDAQ: HLBZ) gained 16.8% to $0.1343. Helbiz posted FY22 revenue of $15.5 million, up 21% year over year.
Arcturus Therapeutics Holdings Inc.  (NASDAQ: ARCT) shares climbed 16.5% to $18.05 after the company reported better-than-expected Q4 EPS and sales results.
Brainstorm Cell Therapeutics Inc. (NASDAQ: BCLI) gained 16.3% to $2.14.
Bird Global, Inc. (NASDAQ: BRDS) rose 16.2% to $0.2252 after jumping 42% on Tuesday.
Erasca, Inc.  (NASDAQ: ERAS) gained 15.3% to $3.16. Erasca Chairman & CEO Jonathan Lim acquired a total of 100,000 shares at an average price of $2.84.
Lululemon Athletica Inc.  (NASDAQ: LULU) shares climbed 15.1% to $368.73 after the company reported better-than-expected Q4 results and issued strong guidance.
Atai Life Sciences N.V. (NASDAQ: ATAI) rose 14.6% to $1.5250.
Cipher Mining Inc. (NASDAQ: CIFR) gained 13.7% to $2.1604.
Tempest Therapeutics, ...",2023-03-29 16:50:58+00:00,https://www.benzinga.com/news/23/03/31555040/why-kodiak-sciences-shares-are-trading-higher-by-18-here-are-other-stocks-moving-in-wednesdays-mid-d,Benzinga,0.11822344322344322,0.3693223443223443,positive,0.11822344322344322,True,True,True,False,False,False,True,False,0.0,1729,"['ANGN', 'NABL', 'LOCO', 'ERAS', 'ATAI', 'PRQR', 'ENVX', 'CALM', 'NIR', 'DPRO', 'GIFI', 'PIRS', 'SLGC', 'LULU', 'SFT', 'LOCL', 'SSYS', 'KOD', 'ICCM', 'STEM', 'RIOT', 'CIFR', 'MU', 'HUT', 'BRDS', 'UNF', 'CDAK', 'RIVN', 'WAVD', 'BCLI', 'AGBA', 'LGMK', 'ARCT', 'MINM', 'BANL', 'AMBI', 'ASTS', 'MARA', 'HLBZ', 'BLUE', 'SHCR', 'GLYC', 'TPST']",ARCT,2023-03-29
S&P 500 Up 1%; Bluebird Bio Shares Plummet,"U.S. stocks traded higher toward the end of trading, with the S&P 500 gaining over 1% on Wednesday.
The Dow traded up 0.74% to 32,632.35 while the NASDAQ rose 1.51% to 11,893.07. The S&P 500, also rose, gaining, 1.14% to 4,016.45.
Check This Out:  $18.5M Bet On Southwest Gas? Check Out These 3 Stocks Insiders Are Buying
 
Leading and Lagging Sectors

Information technology shares jumped by 1.8% on Wednesday. Meanwhile, top gainers in the sector included  Kingsoft Cloud Holdings Limited  (NASDAQ: KC), up 21%, and  Cipher Mining Inc. (NASDAQ: CIFR), up 15%.
In trading on Wednesday, health care shares rose by just 0.04%.


 
Top Headline

US crude oil inventories dropped by 7.489 million barrels in the week ended March 24, 2023, versus market estimates of a 0.092 million barrel rise, the Energy Information Administration said.
 
Equities Trading UP

Arcturus Therapeutics Holdings Inc.  (NASDAQ: ARCT) shares shot up 28% to $19.90 after the company reported better-than-expected Q4 EPS and sales results.
Shares of  LogicMark, Inc.  (NASDAQ: LGMK) got a boost, shooting 64% to $0.2290 after the company announced financial results for the year ended 2022. The company reported FY22 revenue of $11.9 million.
Local Bounti Corporation  (NYSE: LOCL) ...",2023-03-29 18:56:35+00:00,https://www.benzinga.com/news/earnings/23/03/31558494/s-p-500-up-1-bluebird-bio-shares-plummet,Benzinga,0.22785714285714284,0.5492857142857143,positive,0.22785714285714284,True,True,True,False,False,False,False,False,0.0,1303,"['ARCT', 'KC', 'BLUE', 'PRQR', 'SFT', 'LOCL', 'CIFR', 'LGMK']",ARCT,2023-03-29
"RH, Semtech And Other Big Stocks Moving Lower In Thursday's Pre-Market Session","U.S. stock futures traded higher this morning. Here are some big stocks recording losses in today’s pre-market trading session.

Semtech Corporation (NASDAQ: SMTC) shares dipped 12.7% to $28.00 in pre-market trading after posting downbeat Q4 earnings.
TORM plc (NASDAQ: TRMD) declined 8.8% to $29.80 in pre-market trading after the company reported commencement of a secondary public offering of 5 million of its Class A common shares by a ...",2023-03-30 10:36:20+00:00,https://www.benzinga.com/news/23/03/31577070/rh-semtech-and-other-big-stocks-moving-lower-in-thursdays-pre-market-session,Benzinga,-0.06785714285714285,0.2773809523809524,neutral,0.06785714285714285,True,False,True,False,False,False,False,False,0.0,523,"['BIDU', 'SMTC', 'TRMD', 'ARCT', 'RH', 'VKTX']",ARCT,2023-03-30
"Sprinklr, EVgo, Emergent BioSolutions And Other Big Stocks Moving Higher On Thursday","U.S. stocks traded higher, with the Dow Jones gaining around 100 points on Thursday. Here are some big stocks recording losses in today’s session.

EVgo, Inc.  (NASDAQ: EVGO) shares jumped 24.4% to $7.17 after the company reported that fourth-quarter sales nearly quadrupled year-on-year to $27.30 million, beating the consensus of $21.82 million.
Sprinklr, Inc. (NYSE: CXM) rose 15% to $12.52 after the company reported better-than-expected Q4 EPS and sales results.
Fluence Energy, Inc.  (NASDAQ: FLNC) climbed 13.9% to $18.49. Goldman Sachs upgraded Fluence Energy from Neutral to Buy and raised the price target from ...",2023-03-30 14:58:18+00:00,https://www.benzinga.com/news/23/03/31586089/sprinklr-evgo-emergent-biosolutions-and-other-big-stocks-moving-higher-on-thursday,Benzinga,0.15357142857142855,0.4178571428571428,positive,0.15357142857142855,True,True,False,False,False,False,False,False,0.0,710,"['CXM', 'FLWS', 'NOVA', 'EBS', 'KSS', 'MPW', 'ARCT', 'NNDM', 'CVNA', 'DNMR', 'EVGO', 'OSCR', 'FLNC', 'NAAS']",ARCT,2023-03-30
Why Bed Bath & Beyond Shares Are Trading Lower By 15%? Here Are Other Stocks Moving In Thursday's Mid-Day Session,"Gainers

SCYNEXIS, Inc. (NASDAQ: SCYX) shares climbed 68% to $2.8184 after the company announced an exclusive license agreement with GSK for Brexafemme, in which the company will receive an upfront payment of $90 million.
Palisade Bio, Inc. (NASDAQ: PALI) rose 49% to $2.51 after Maxim Group upgraded the stock from Hold to Buy and announced a $50 price target.
National CineMedia, Inc. (NASDAQ: NCMI) jumped 32.1% to $0.1510. National CineMedia is preparing for Chapter 11 filing, the Wall Street Journal reported last week.
Boxed, Inc.  (NYSE: BOXD) jumped 31.9% to $0.2120 after declining 6% on Wednesday. Boxed recently said it is evaluating potentially filing for relief under the U.S. Bankruptcy Code and other strategic alternatives.
Accelerate Diagnostics, Inc. (NASDAQ: AXDX) surged 27.5% to $0.64 after the company reported better-than-expected Q4 sales results.
EVgo, Inc.  (NASDAQ: EVGO) shares gained 24.4% to $7.17 after the company reported that fourth-quarter sales nearly quadrupled year-on-year to $27.30 million, beating the consensus of $21.82 million.
Toro Corp. (NASDAQ: TORO) climbed 21% to $2.36 after gaining around 20% on Wednesday.
Puma Biotechnology, Inc. (NASDAQ: PBYI) gained 20.6% to $3.0750.
Safe & Green Holdings Corp.  (NASDAQ: SGBX) shares climbed 18.8% to $0.96 after the company reported Q4 results.
Conformis, Inc. (NASDAQ: CFMS) jumped 18.5% to $1.79. Conformis recently posted upbeat quarterly results.
Digital Media Solutions, Inc. (NYSE: DMS) rose 18.5% to $0.9507. The company recently signed an agreement to acquire the HomeQuote.io home services marketplace from Customer Direct Group, along with their brand direct international ad network.
YS Biopharma Co., Ltd. (NASDAQ: YS) gained 17.2% to $2.3797.
Eos Energy Enterprises, Inc. (NASDAQ: EOSE) rose 17.1% to $2.46. Eos Energy Enterprises recently reported worse-than-expected Q4 sales results.
Adamas One Corp. (NASDAQ: JEWL) gained 15.2% to $0.91.
F45 Training Holdings Inc. ...",2023-03-30 16:43:14+00:00,https://www.benzinga.com/news/23/03/31589562/why-bed-bath-beyond-shares-are-trading-lower-by-15-here-are-other-stocks-moving-in-thursdays-mid-day,Benzinga,0.11944444444444446,0.425925925925926,positive,0.11944444444444446,False,True,False,False,False,False,False,False,0.0,2092,"['EOSE', 'DFLI', 'ARCT', 'EVGO', 'JEWL', 'SGBX', 'PALI', 'CXM', 'YS', 'TORO', 'FXLV', 'MCB', 'PBYI', 'BTB', 'ANGO', 'AXDX', 'BOXD', 'BBBY', 'RNA', 'CYXT', 'CAAS', 'LITB', 'RNXT', 'NCMI', 'SCYX', 'PRQR', 'CZOO', 'SMTC', 'CFMS', 'FLNC', 'SNDA', 'MCLD', 'BTTX', 'TRMD', 'CDAK', 'MULN', 'EBS', 'GMVD', 'REVE', 'FC', 'PHAT', 'LGMK', 'IHS', 'BSFC', 'NAAS', 'KSS', 'DMS', 'LASE', 'VRNT']",ARCT,2023-03-30
"Coherus BioSciences (CHRS) Reports Q1 Loss, Misses Revenue Estimates","Coherus BioSciences (CHRS) delivered earnings and revenue surprises of -22.95% and 36.07%, respectively, for the quarter ended March 2023. Do the numbers hold clues to what lies ahead for the stock?",2023-05-08 21:25:15+00:00,https://www.zacks.com/stock/news/2091778/coherus-biosciences-chrs-reports-q1-loss-misses-revenue-estimates,Zacks Investment Research,0.0,0.1,neutral,0.0,True,False,False,False,False,False,False,False,0.0,268,"['CHRS', 'ARCT']",ARCT,2023-05-08
Arcturus Therapeutics (ARCT) Q1 Earnings and Revenues Miss Estimates,"Arcturus Therapeutics (ARCT) delivered earnings and revenue surprises of -69.86% and 39.86%, respectively, for the quarter ended March 2023. Do the numbers hold clues to what lies ahead for the stock?",2023-05-09 21:35:17+00:00,https://www.zacks.com/stock/news/2092722/arcturus-therapeutics-arct-q1-earnings-and-revenues-miss-estimates,Zacks Investment Research,0.0,0.1,neutral,0.0,True,False,False,False,False,False,False,False,0.0,270,"['ARCT', 'ACET']",ARCT,2023-05-09
"Unity Software, Tapestry, CIRCOR International And Other Big Stocks Moving Higher On Thursday","U.S. stocks traded lower, with the Dow Jones dropping more than 300 points on Thursday. Here are some big stocks recording gains in today’s session.

Absolute Software Corporation (NASDAQ: ABST) shares rose 32.3% to $11.36 after the company announced it will be acquired by Crosspoint Capital Partners for an enterprise value of $870 million.
Maxeon Solar Technologies, Ltd.  (NASDAQ: MAXN) jumped 29.2% to $36.18 after the company issued strong Q2 guidance.
AppLovin Corporation (NASDAQ: APP) rose 25.8% to $22.42 following better-than-expected Q1 sales.
KLX Energy Services Holdings, Inc. (NASDAQ: KLXE) gained 24.3% to $11.09 after the company reported better-than-expected Q1 financial results.
SmartRent, Inc. (NYSE: SMRT) gained 20.4% to $3.25 after the company reported better-than-expected Q2 sales results and issues FY23 guidance.
Magnite, Inc. (NASDAQ: MGNI) surged 20% to $11.30 after the company reported better-than-expected Q1 financial results.
Entegris, Inc. (NASDAQ:",2023-05-11 14:48:21+00:00,https://www.benzinga.com/news/23/05/32343743/unity-software-tapestry-circor-international-and-other-big-stocks-moving-higher-on-thursday,Benzinga,0.18910256410256407,0.4006410256410256,positive,0.18910256410256407,False,True,False,False,False,False,False,False,0.0,1079,"['INTR', 'TPR', 'APP', 'KLXE', 'DMRC', 'MGNI', 'ENTG', 'MAXN', 'SMRT', 'ABST', 'CIR', 'NGMS', 'GT', 'ACVA', 'COOK', 'HLF', 'STE', 'TK', 'U', 'ARCT', 'CRSR', 'DADA', 'EVLV']",ARCT,2023-05-11
"Benzinga's Top Ratings Upgrades, Downgrades For May 11, 2023","Upgrades
According to Evercore ISI Group, the prior rating for Phathom Pharmaceuticals Inc (NASDAQ:PHAT) was changed from In-Line to Outperform. In the first quarter, Phathom Pharmaceuticals showed an EPS of $0.89, compared to $1.07 from the year-ago quarter. The current stock performance of Phathom Pharmaceuticals shows a 52-week-high of $13.44 and a 52-week-low of $5.84. Moreover, at the end of the last trading period, the closing price was at $12.43.   
For Baidu Inc (NASDAQ:BIDU), OTR Global upgraded the previous rating of Mixed to Positive. Baidu earned $2.21 in the fourth quarter, compared to $1.82 in the year-ago quarter. At the moment, the stock has a 52-week-high of $160.88 and a 52-week-low of $73.59. Baidu closed at $118.90 at the end of the last trading period.   
According to B. Riley Securities, the prior rating for Livent Corp (NYSE:LTHM) was changed from Neutral to Buy. In the first quarter, Livent showed an EPS of $0.60, compared to $0.21 from the year-ago quarter. The stock has a 52-week-high of $36.37 and a 52-week-low of $18.26. At the end of the last trading period, Livent closed at $25.50.   
Wells Fargo upgraded the previous rating for Bain Capital Specialty Finance Inc (NYSE:BCSF) from Underweight to Equal-Weight. Bain Capital Specialty earned $0.50 in the first quarter, compared to $0.34 in the year-ago quarter. At the moment, the stock has a 52-week-high of $15.58 and a 52-week-low of $11.06. Bain Capital Specialty closed at $11.97 at the end of the last trading period.   
For Roblox Corp (NYSE:RBLX), Benchmark upgraded the previous rating of Hold to Buy. Roblox earned $0.44 in the first quarter, compared to $0.27 in the year-ago quarter. At the moment, the stock has a 52-week-high of $53.87 and a 52-week-low of $21.65. Roblox closed at $38.87 at the end of the last trading period.   
Kepler Cheuvreux upgraded the previous rating for Autoliv Inc (NYSE:ALV) from Hold to Buy. Autoliv earned $0.90 in the first quarter, compared to $0.45 in the year-ago quarter. The stock has a 52-week-high of $98.00 and a 52-week-low of $65.74. At the end of the last trading period, Autoliv closed at $87.90.   
According to Susquehanna, the prior rating for International Game Technology PLC (NYSE:IGT) was changed from Neutral to Positive. Intl Game Tech earned $0.49 in the first quarter, compared to $0.39 in the year-ago quarter. At the moment, the stock has a 52-week-high of $28.98 and a 52-week-low of $15.02. Intl Game Tech closed at $25.86 at the end of the last trading period.   
According to JP Morgan, the prior rating for JB Hunt Transport Services Inc (NASDAQ:JBHT) was changed from Neutral to Overweight. In the first quarter, JB Hunt Transport Servs showed an EPS of $1.89, compared to $2.29 from the year-ago quarter. At the moment, the stock has a 52-week-high of $200.64 and a 52-week-low of $153.98. JB Hunt Transport Servs closed at $176.61 at the end of the last trading period.   
For RingCentral Inc (NYSE:RNG), Credit Suisse upgraded the previous rating of Neutral to Outperform. RingCentral earned $0.76 in the first quarter, compared to $0.39 in the year-ago quarter. At the moment, the stock has a 52-week-high of $75.54 and a 52-week-low of $25.32. RingCentral closed at $30.30 at the end of the last trading period.   
According to HC Wainwright & Co., the prior rating for Arcturus Therapeutics Holdings Inc (NASDAQ:ARCT) was changed from Neutral to Buy. For the first quarter, Arcturus Therapeutics had an EPS of $0.62, compared to year-ago quarter EPS of $1.94. At the moment, the stock has a 52-week-high of $30.28 and a 52-week-low of $11.70. Arcturus Therapeutics closed at $29.41 at the end of the last trading period.   
According to JP Morgan, the prior rating for Axon Enterprise Inc (NASDAQ:AXON) was changed from Neutral to Overweight. Axon Enterprise earned $0.88 in the first quarter, compared to $0.45 in the year-ago quarter. At the moment, the stock has a 52-week-high of $229.95 and a 52-week-low of $82.51. Axon Enterprise closed at $192.73 at the end of the last trading period.   
RBC Capital upgraded the previous rating for Rayonier Advanced Materials Inc (NYSE:RYAM) from Sector Perform to Outperform. In the first quarter, Rayonier Adv Materials showed an EPS of $0.05, compared to $0.38 from the year-ago quarter. The current stock performance of Rayonier Adv Materials shows a 52-week-high of $9.84 and a 52-week-low of $2.44. Moreover, at the end of the last trading period, the closing price was at $4.57.   
According to JP Morgan, the prior rating for Schneider National Inc (NYSE:SNDR) was changed from Underweight to Neutral. For the first quarter, Schneider National had an EPS of $0.55, compared to year-ago quarter EPS of $0.57. At the moment, the stock has a 52-week-high of $30.93 and a 52-week-low of $20.27. Schneider National closed at $26.25 at the end of the last trading period.   
According to JP Morgan, the prior rating for Norfolk Southern Corp (NYSE:NSC) was changed from Neutral to Overweight. In the first quarter, Norfolk Southern showed an EPS of $3.32, compared to $2.93 from the year-ago quarter. The current stock performance of Norfolk Southern shows a 52-week-high of $264.17 and a 52-week-low of $196.33. Moreover, at the end of the last trading period, the ...Full story available on Benzinga.com",2023-05-11 15:00:42+00:00,https://www.benzinga.com/analyst-ratings/upgrades/23/05/32344162/benzingas-top-ratings-upgrades-downgrades-for-may-11-2023,Benzinga,0.024350649350649352,0.1801082251082251,neutral,0.024350649350649352,False,True,True,False,False,False,False,False,0.0,5393,"['MOS', 'PAGS', 'NOC', 'SYNH', 'NSC', 'LTHM', 'FRG', 'PFE', 'STNE', 'BIDU', 'DNA', 'BCSF', 'CTIC', 'ARCT', 'PHAT', 'CUTR', 'RNG', 'PLBY', 'JBHT', 'RYAM', 'RBLX', 'TTGT', 'CDNA', 'AFCG', 'A', 'RYAM', 'DLO', 'AA', 'VRAY', 'BBLN', 'ALB', 'AXON', 'ACDC', 'ALV', 'SQ', 'BSY', 'TWLO', 'CF', 'ITGR', 'IGT', 'SNDR', 'LXU']",ARCT,2023-05-11
Analyst's Vote of Confidence: Arcturus' COVID-19 Vaccine Efforts Set to Pay Off in Japan and Beyond,"HC Wainwright has upgraded Arcturus Therapeutics Holdings Inc (NASDAQ: ARCT) from Neutral to Buy with a price target of $51.
Tuesday, the company released its Q1 earnings and reported that data from an interim analysis of an ongoing Phase 3 booster study conducted in Japan are expected in 2Q23, which are expected to support ARCT-154's regulatory approval as a COVID-19 vaccine booster in Japan. 
Meiji Seika Pharma which has the rights to develop ...Full story available on Benzinga.com",2023-05-11 17:46:39+00:00,https://www.benzinga.com/general/biotech/23/05/32346830/analysts-vote-of-confidence-arcturus-covid-19-vaccine-efforts-set-to-pay-off-in-japan-and-beyond,Benzinga,0.06666666666666667,0.4000000000000001,neutral,0.06666666666666667,True,True,True,False,True,False,False,False,0.0,589,['ARCT'],ARCT,2023-05-11
"UnitedHealth, Elanco Animal Health And Other Big Stocks Moving Higher On Friday","U.S. stocks traded higher, with the Dow Jones gaining around 100 points on Friday. Here are some big stocks recording gains in today’s session.

Chijet Motor Company, Inc. (NASDAQ: CJET) shares surged 21.1% to $3.7738. Chijet Motor Company's majority-owned subsidiary achieved a breakthrough in export model.
Canoo Inc. (NASDAQ: GOEV) rose 21.1% to $0.6728.
TMC the metals company Inc. (NASDAQ: TMC) shares gained 16.7% to $2.1250.
ACADIA Pharmaceuticals Inc. (NASDAQ: ACAD) shares rose 15.6% to $29.83. Acadia Pharmaceuticals acquired ex-North American rights to trofinetide and global rights to Neuren's NNZ-2591 in Rett syndrome and Fragile X syndrome.
Aehr Test Systems (NASDAQ: AEHR) climbed 14.4% to $47.80 as the company reported better-than-expected results for its fourth quarter. The company said it sees FY24 revenue to be at least $100 ...",2023-07-14 14:48:35+00:00,https://www.benzinga.com/news/earnings/23/07/33232154/unitedhealth-elanco-animal-health-and-other-big-stocks-moving-higher-on-friday,Benzinga,0.10625,0.3645833333333334,positive,0.10625,True,True,False,False,False,False,False,False,0.0,932,"['ACAD', 'AEHR', 'UNH', 'ELAN', 'ARCT', 'TMC', 'GKOS', 'ORGO', 'NKLA', 'GOEV', 'LUNR', 'SFWL', 'CJET']",ARCT,2023-07-14
Why State Street Shares Are Trading Lower By Over 10%? Here Are Other Stocks Moving In Friday's Mid-Day Session,"Gainers

PainReform Ltd. (NASDAQ: PRFX) shares climbed 103% to $11.67. PainReform recently announced pricing of a $2.7 million concurrent registered direct offering and private placement.
EdtechX Holdings Acquisition Corp. II (NASDAQ: EDTX) shares climbed 46.3% to $63.24 after jumping 203% on Thursday.
Frequency Therapeutics, Inc. (NASDAQ: FREQ) gained 41.7% to $0.5669 after the company agreed to merge with Korro Bio in an all- stock transaction.
Ainos, Inc. (NASDAQ: AIMD) surged 38% to $1.0082.
Biodexa Pharmaceuticals Plc (NASDAQ: BDRX) gained 33.4% to $6.15.
Envirotech Vehicles, Inc. (NASDAQ: EVTV) climbed 29.2% to $3.10.
Monopar Therapeutics Inc. (NASDAQ: MNPR) rose 25% to $1.0699.
Chijet Motor Company, Inc. (NASDAQ: CJET) climbed 21.1% to $3.7738. Chijet Motor Company's majority-owned subsidiary achieved a breakthrough in export model.
Canoo Inc. (NASDAQ: GOEV) gained 21.1% to $0.6728.
Western Acquisition Ventures Corp. (NASDAQ: WAVS) gained 18.2% to $12.28.
ARB IOT Group Limited (NASDAQ: ARBB) shares rose 18% to $3.84 after gaining around 12% on Thursday.
TMC the metals company Inc. (NASDAQ: TMC) climbed 16.7% to $2.1250.
ACADIA Pharmaceuticals Inc. (NASDAQ: ACAD) gained 15.6% to $29.83. Acadia Pharmaceuticals acquired ex-North American rights to trofinetide and global rights to Neuren's NNZ-2591 in Rett syndrome and Fragile X syndrome.
Aehr Test Systems (NASDAQ: AEHR) gained 14.4% to $47.80 as the company reported better-than-expected results for its fourth quarter. The company said it sees FY24 revenue to be at least $100 million and GAAP net income of at least $28 million.
1847 Holdings LLC (NYSE: EFSH) rose 14% to $0.2850. 1847 projects revenue of $20 million for the second quarter.
Nutriband Inc. (NASDAQ: NTRB) gained 13.6% to $2.7299. Nutriband increased existing credit line to $5 million supporting the continued development of its AVERSA platform towards FDA submission.
Nikola Corporation  (NASDAQ: NKLA) shares rose 13.1% to $2.5115 after gaining over 60% on Thursday. The company and BayoTech announced an agreement to advance reliable hydrogen supply for zero-emission commercial fuel cell electric vehicle fleets.
Ambow Education Holding Ltd. (NYSE: AMBO) gained 13% to $0.2293.
Arcturus Therapeutics Holdings Inc. (NASDAQ: ARCT) rose 12% to $34.52. Cantor Fitzgerald reiterated Arcturus Therapeutics with an Overweight and maintained a $54 price target.
Elanco Animal Health Incorporated (NYSE: ELAN) gained 10.4% to $11.70 after the company announced the EPA completed its review of the Seresto ...",2023-07-14 16:53:59+00:00,https://www.benzinga.com/news/23/07/33233787/why-state-street-shares-are-trading-lower-by-over-10-here-are-other-stocks-moving-in-fridays-mid-day,Benzinga,0.12159863945578232,0.3734693877551021,positive,0.12159863945578232,True,True,True,False,False,False,False,False,0.0,2662,"['LGHL', 'LUNR', 'TMC', 'PRFX', 'BDRX', 'COMM', 'LUMN', 'ACAD', 'AULT', 'INGN', 'LESL', 'AEHR', 'SFWL', 'GLMD', 'GOEV', 'ERIC', 'ARBB', 'OGI', 'TIXT', 'RMTI', 'SXTP', 'LITE', 'HAYW', 'THRX', 'CJET', 'EFSH', 'FYBR', 'ITP', 'BENF', 'NTRB', 'AIMD', 'NOK', 'GTBP', 'CMAX', 'STT', 'FNKO', 'BTB', 'CGC', 'OPRA', 'CRBU', 'AMBO', 'ARDS', 'EVTV', 'ELAN', 'EDTX', 'VINE', 'ARCT', 'MNPR', 'WAVS', 'LILM', 'FREQ', 'QBTS', 'HCTI', 'NKLA']",ARCT,2023-07-14
"Benzinga's Top Ratings Upgrades, Downgrades For July 24, 2023","Upgrades
Maxim Group upgraded the previous rating for Galmed Pharmaceuticals Ltd (NASDAQ:GLMD) from Hold to Buy. For the first quarter, Galmed Pharmaceuticals had an EPS of $1.09, compared to year-ago quarter EPS of $3.60. The stock has a 52-week-high of $14.18 and a 52-week-low of $1.10. At the end of the last trading period, Galmed Pharmaceuticals closed at $1.15.   
For Nutrien Ltd (NYSE:NTR), Wells Fargo upgraded the previous rating of Equal-Weight to Overweight. Nutrien earned $1.11 in the first quarter, compared to $2.70 in the year-ago quarter. The stock has a 52-week-high of $102.70 and a 52-week-low of $52.23. At the end of the last trading period, Nutrien closed at $64.26.   
Raymond James upgraded the previous rating for D.R. Horton Inc (NYSE:DHI) from Market Perform to Outperform. For the third quarter, D.R. Horton had an EPS of $3.90, compared to year-ago quarter EPS of $4.67. At the moment, the stock has a 52-week-high of $132.30 and a 52-week-low of $66.05. D.R. Horton closed at $127.58 at the end of the last trading period.   
For Lam Research Corp (NASDAQ:LRCX), Stifel upgraded the previous rating of Hold to Buy. For the third quarter, Lam Research had an EPS of $6.99, compared to year-ago quarter EPS of $7.40. The current stock performance of Lam Research shows a 52-week-high of $663.83 and a 52-week-low of $299.63. Moreover, at the end of the last trading period, the closing price was at $623.63.   
According to MoffettNathanson, the prior rating for Shopify Inc (NYSE:SHOP) was changed from Market Perform to Outperform. Shopify earned $0.01 in the first quarter, compared to $0.02 in the year-ago quarter. At the moment, the stock has a 52-week-high of $71.43 and a 52-week-low of $23.64. Shopify closed at $65.57 at the end of the last trading period.   
BTIG upgraded the previous rating for AppLovin Corp (NASDAQ:APP) from Neutral to Buy. For the first quarter, AppLovin had an EPS of $0.01, compared to year-ago quarter EPS of $0.31. The current stock performance of AppLovin shows a 52-week-high of $40.54 and a 52-week-low of $9.14. Moreover, at the end of the last trading period, the closing price was at $28.10.   
JP Morgan upgraded the previous rating for Claros Mortgage Trust Inc (NYSE:CMTG) from Underweight to Neutral. Claros Mortgage Trust earned $0.29 in the first quarter, compared to $0.24 in the year-ago quarter. At the moment, the stock has a 52-week-high of $19.39 and a 52-week-low of $10.08. Claros Mortgage Trust closed at $12.27 at the end of the last trading period.   
For Netflix Inc (NASDAQ:NFLX), Baird upgraded the previous rating of Neutral to Outperform. Netflix earned $3.29 in the second quarter, compared to $3.20 in the year-ago quarter. At the moment, the stock has a 52-week-high of $485.00 and a 52-week-low of $211.52. Netflix closed at $427.50 at the end of the last trading period.   
According to Baird, the prior rating for Q2 Holdings Inc (NYSE:QTWO) was changed from Neutral to Outperform. For the first quarter, Q2 Holdings had an EPS of $0.35, compared to year-ago quarter EPS of $0.03. The current stock performance of Q2 Holdings shows a 52-week-high of $49.67 and a 52-week-low of $18.91. Moreover, at the end of the last trading period, the closing price was at $32.55.   
According to Canaccord Genuity, the prior rating for Coeur Mining Inc (NYSE:CDE) was changed from Hold to Buy. For the first quarter, Coeur Mining had an EPS of $0.11, compared to year-ago quarter EPS of $0.05. At the moment, the stock has a 52-week-high of $4.55 and a 52-week-low of $2.54. Coeur Mining closed at $3.07 at the end of the last trading period.   
Raymond James upgraded the previous rating for Becton, Dickinson and Co (NYSE:BDX) from Market Perform to Outperform. For the second quarter, Becton, Dickinson had an EPS of $2.86, compared to year-ago quarter EPS of $3.18. The stock has a 52-week-high of $269.00 and a 52-week-low of $217.00. At the end of the last trading period, Becton, Dickinson closed at $264.84.   
Goldman Sachs upgraded the previous rating for Amylyx Pharmaceuticals Inc (NASDAQ:AMLX) from Neutral to Buy. Amylyx Pharma earned $0.02 in the first quarter, compared to $0.93 in the year-ago quarter. The stock has a 52-week-high of $41.93 and a 52-week-low of $15.82. At the end of the last trading period, Amylyx Pharma closed at $22.55.   
See all analyst ratings upgrades.
Downgrades
According to Capital One, the prior rating for Kodiak Sciences Inc (NASDAQ:KOD) was changed from Overweight to Equal-Weight. Kodiak Sciences earned $1.35 in the first quarter, compared to $1.83 in the year-ago quarter. The stock has a 52-week-high of $12.76 and a 52-week-low of $4.25. At the end of the last trading period, Kodiak Sciences closed at $7.29.   
For Alcoa Corp (NYSE:AA), Argus Research downgraded the previous rating of Buy to Hold. In the second quarter, Alcoa showed an EPS of $0.35, compared to $2.67 from the year-ago quarter. The current stock performance of Alcoa shows a 52-week-high of $58.19 and a 52-week-low of $31.14. Moreover, at the end of the last trading period, the closing price was at $33.38.   
Raymond James downgraded the previous rating for Waldencast PLC (NASDAQ:WALD) from Outperform to Market Perform.  
For Juniper Networks Inc (NYSE:JNPR), Raymond James downgraded the previous rating of Strong Buy to Outperform. For the first quarter, Juniper Networks had an EPS of $0.48, compared to year-ago quarter EPS of $0.31. The stock has a 52-week-high of $34.53 and a 52-week-low of $25.18. At the end of the last trading period, Juniper Networks closed at $30.01.   
According to JP Morgan, the prior rating for Zions Bancorp NA (NASDAQ:ZION) was changed from Overweight to Neutral. In the second quarter, Zions Bancorp showed an EPS of $1.11, compared to $1.29 from the year-ago quarter. The current stock performance of Zions Bancorp shows a 52-week-high of $59.74 and a 52-week-low of $18.26. Moreover, at the end of the last trading period, the closing price was at $36.11.   
Stifel downgraded the previous rating for Denbury Inc (NYSE:DEN) from Buy to Hold. Denbury earned $1.36 in the first quarter, compared to $1.69 in the year-ago quarter. The stock has a 52-week-high of $104.05 and a 52-week-low of $59.00. At the end of the last trading period, Denbury closed at $85.48.   
Citigroup downgraded the previous rating for Cintas Corp (NASDAQ:CTAS) from Buy to Neutral. For the fourth quarter, Cintas had an EPS of $3.33, compared to year-ago quarter EPS of $2.81. At the moment, the stock has a 52-week-high of $514.30 and a 52-week-low of $370.99. Cintas closed at $507.42 at the end of the last trading period.   
B of A Securities downgraded the previous rating for Equifax Inc (NYSE:EFX) from Neutral to Underperform. In the second quarter, Equifax showed an EPS of $1.71, compared to $2.09 from the year-ago quarter. At the moment, the stock has a 52-week-high of $240.35 and a 52-week-low of $146.12. Equifax closed at $212.35 at the end of the last trading period.   
For ON Semiconductor Corp (NASDAQ:ON), Rosenblatt downgraded the previous rating of Buy to Neutral. For the first quarter, ON Semiconductor had an EPS of $1.19, compared to year-ago quarter EPS of $1.22. The current stock performance of ON Semiconductor shows a 52-week-high of $105.35 and a 52-week-low of $54.93. Moreover, at the end of the last trading period, the closing price was at $98.76.   
Credit Suisse downgraded the previous rating for CommScope Holding Co Inc (NASDAQ:COMM) from Outperform to Neutral. For the first quarter, CommScope Hldg Co had an EPS of $0.35, compared to year-ago quarter EPS of $0.26. At the moment, the stock has a 52-week-high of $13.73 and a 52-week-low of $3.97. CommScope Hldg Co closed at $4.76 at the end of the last trading period.   
According to RBC Capital, the prior rating for ZoomInfo Technologies Inc (NASDAQ:ZI) was changed from Outperform to Sector Perform. For the first quarter, ZoomInfo Technologies had an EPS of $0.24, compared to year-ago quarter EPS of $0.18. The current stock performance of ZoomInfo Technologies shows a 52-week-high of $51.85 and a 52-week-low of $20.33. Moreover, at the end of the last trading period, the closing price was at $26.68.   
According to JP Morgan, the prior rating for Arbor Realty ...Full story available on Benzinga.com",2023-07-24 15:00:50+00:00,https://www.benzinga.com/analyst-ratings/upgrades/23/07/33348168/benzingas-top-ratings-upgrades-downgrades-for-july-24-2023,Benzinga,0.00537634408602151,0.16021505376344078,neutral,0.00537634408602151,False,True,True,False,False,False,False,False,0.0,8402,"['ON', 'ARGX', 'BDX', 'DEN', 'AMLX', 'CDE', 'NUVL', 'APP', 'NTR', 'DHI', 'COMM', 'CHRS', 'MRNA', 'EFX', 'GLMD', 'CTAS', 'NCNO', 'EL', 'FMC', 'QTWO', 'GBCI', 'WALD', 'IPG', 'QTWO', 'HALO', 'STGW', 'JBI', 'WMS', 'JNPR', 'SEAT', 'KGS', 'CHRS', 'LRCX', 'CMTG', 'OMC', 'SUM', 'NFLX', 'QSG', 'WMS', 'SHOP', 'NKSH', 'FIHL', 'GNRC', 'BSM', 'OPEN', 'GENK', 'TSLA', 'SVV', 'ZION', 'Z', 'TWLO', 'AA', 'DH', 'KOD', 'ABR', 'ARCT', 'ZI', 'AXP']",ARCT,2023-07-24
Analyst Initiates Arcturus: Sees Attractive Growth Trajectory with Vaccine Franchise Despite Competition,"William Blair analyst Myles Minter has initiated coverage of Arcturus Therapeutics Holdings Inc (NASDAQ: ARCT) with an Outperform rating and a fair value estimate of $71. 
The analyst notes the company's established partnership with vaccine producer CSL Seqirus ($200 million upfront; deal value up to $4.5 billion) to commercialize COVID-19 and flu mRNA-based vaccines. 
Arcturus can leverage nondilutive capital from this partnership to progress its wholly-owned therapeutics pipeline with current assets in ornithine transcarbamylase (OTC) deficiency and cystic fibrosis (CF), both of which will have clinical data readouts in the remainder of 2023. 
Minter says the vaccine franchise provides a growth trajectory at an attractive valuation relative to larger comps with declining COVID-19 revenues. Vaccine profit share to Arcturus ...Full story available on Benzinga.com",2023-07-24 17:17:15+00:00,https://www.benzinga.com/analyst-ratings/analyst-color/23/07/33350154/analyst-initiates-arcturus-sees-attractive-growth-trajectory-with-vaccine-franchise,Benzinga,0.3857142857142857,0.6,positive,0.3857142857142857,True,False,False,True,False,False,False,False,0.0,981,"['PFE', 'ARCT', 'MRNA', 'BNTX']",ARCT,2023-07-24
"Community Health Systems (CYH) Reports Q2 Loss, Tops Revenue Estimates","Community Health Systems (CYH) delivered earnings and revenue surprises of 24.14% and 3.22%, respectively, for the quarter ended June 2023. Do the numbers hold clues to what lies ahead for the stock?",2023-08-02 23:05:09+00:00,https://www.zacks.com/stock/news/2131507/community-health-systems-cyh-reports-q2-loss-tops-revenue-estimates,Zacks Investment Research,0.0,0.1,neutral,0.0,True,False,False,False,False,False,False,False,0.0,271,"['CYH', 'ARCT']",ARCT,2023-08-02
4 Biotech Stocks Set to Outpace Q2 Earnings Estimates,"Let us look at some biotech stocks, ARCT, AXSM, EBS and NVAX, which are poised to beat on second-quarter earnings.",2023-08-04 13:21:00+00:00,https://www.zacks.com/stock/news/2132745/4-biotech-stocks-set-to-outpace-q2-earnings-estimates,Zacks Investment Research,0.0,0.0,neutral,0.0,True,False,True,False,False,False,False,False,0.0,169,"['NVAX', 'ARCT', 'EBS', 'AXSM']",ARCT,2023-08-04
"Arcturus Therapeutics (ARCT) Reports Q2 Loss, Lags Revenue Estimates","Arcturus Therapeutics (ARCT) delivered earnings and revenue surprises of -2,300% and 85.20%, respectively, for the quarter ended June 2023. Do the numbers hold clues to what lies ahead for the stock?",2023-08-07 23:50:03+00:00,https://www.zacks.com/stock/news/2133411/arcturus-therapeutics-arct-reports-q2-loss-lags-revenue-estimates,Zacks Investment Research,0.0,0.1,neutral,0.0,True,False,False,False,False,False,False,False,0.0,269,"['ARCT', 'MRSN']",ARCT,2023-08-07
Why Energizer Holdings Shares Are Trading Lower By 13%? Here Are Other Stocks Moving In Tuesday's Mid-Day Session,"Gainers

Nuburu, Inc.  (NYSE: BURU) shares jumped 185.6% to $1.6593 after the company announced contract with NASA to demonstrate feasibility of power beaming in space using the company’s blue laser technology.
Vivos Therapeutics, Inc.  (NASDAQ: VVOS) gained 91.1% to $0.4987 after falling more than 10% on Monday.
Bright Minds Biosciences Inc. (NASDAQ: DRUG) shares climbed 87.6% to $6.04 after the company disclosed data for BMB-101.
Infinity Pharmaceuticals, Inc.  (NASDAQ: INFI) shares jumped 63.9% to $0.1472 after falling over 25% on Monday. The company recently announced its plans to reduce the company's headcount by 78%.
Gorilla Technology Group Inc. (NASDAQ: GRRR) rose 32.2% to $2.04 as the company hired Global Economics Group for due diligence, advancing in battle against illegal short selling.
Paymentus Holdings, Inc. (NYSE: PAY) shares gained 29.4% to $13.76 after reporting better-than-expected quarterly results.
Bionomics Limited (NASDAQ: BNOX) jumped 24% to $1.60.
Kyndryl Holdings, Inc. (NYSE: KD) gained 23% to $15.32 after the company raised its FY24 earnings outlook and said it expects its fiscal 2024 adjusted free cash flow will be positive.
ePlus inc. (NASDAQ: PLUS) rose 20.8% to $69.99 following better-than-expected quarterly results.
Quanterix Corporation (NASDAQ: QTRX) gained 20.4% to $26.17 after reporting upbeat quarterly results.
Sterling Infrastructure, Inc. (NASDAQ: STRL) surged 19.9% to $74.12 after reporting upbeat quarterly results.
CECO Environmental Corp. (NASDAQ: CECO) rose 19.3% to $14.01 after the company posted upbeat quarterly sales and increased FY23 revenue guidance.
Tilray Brands, Inc. (NASDAQ: TLRY) climbed 19% to $2.6484 after the Canadian cannabis and packaged goods company announced a deal to acquire eight beer brands from Anheuser-Busch Inbev.
Viant Technology Inc.  (NASDAQ: DSP) gained 18.2% to $5.42 following strong quarterly results.
Latham Group, Inc. (NASDAQ: SWIM) gained 18.1% to $4.50 following strong quarterly sales.
WW International, Inc. (NASDAQ: WW) jumped 18.1% to $9.45.
MannKind Corporation (NASDAQ: MNKD) rose 17.7% to $5.41 following strong quarterly results.
Novo Nordisk A/S (NYSE: NVO) climbed 17.4% to $189.48 after the company announced headline results from the SELECT cardiovascular outcomes trial showing Semaglutide 2.4 mg reduced risk of major adverse cardiovascular events by 20%.
Eli Lilly and Company (NYSE: LLY) rose 16.6% to $529.61 after the company raised its FY23 guidance. The company also reported better-than-expected second-quarter earnings, including strong Mounjaro sales growth.
DocGo Inc. (NASDAQ: DCGO) gained 16.3% to $10.59 following upbeat sales.
United States Cellular Corporation (NYSE: USM) jumped 15.2% to $36.00. JP Morgan upgraded United States Cellular from Neutral to Overweight.
AdaptHealth Corp. (NASDAQ:",2023-08-08 17:13:13+00:00,https://www.benzinga.com/news/23/08/33638611/why-energizer-holdings-shares-are-trading-lower-by-13-here-are-other-stocks-moving-in-tuesdays-mid-d,Benzinga,0.17591991341991342,0.4886774145394833,positive,0.17591991341991342,True,True,True,False,False,False,False,True,0.0,2947,"['IFF', 'SVFD', 'ARCT', 'ESGL', 'JHX', 'PWSC', 'MRC', 'AYX', 'LLY', 'TWKS', 'INGR', 'DSP', 'SAFE', 'MF', 'OLPX', 'AXGN', 'AMSC', 'QTRX', 'MPW', 'KD', 'PTRA', 'CECO', 'TLRY', 'NVO', 'DCGO', 'CHGG', 'HTGC', 'BYND', 'PAY', 'BNOX', 'RNG', 'ICUI', 'HLIO', 'SEE', 'RGTI', 'FIVN', 'INFI', 'DDOG', 'TDC', 'GRRR', 'IHRT', 'MNKD', 'ADEA', 'TDS', 'PRZO', 'PMTS', 'NVAX', 'AHCO', 'BGLC', 'USM', 'BURU', 'LI', 'PLUS', 'BSFC', 'WW', 'GPCR', 'FPAY', 'SEAC', 'CRDF', 'DRUG', 'VTGN', 'STRL', 'VVOS', 'AMRS', 'DTSS', 'SWIM', 'HIMS', 'SKYT', 'EVBG', 'BKD', 'GLBE', 'COMP', 'CRSP', 'ENR']",ARCT,2023-08-08
Why Shares of Arcturus Therapeutics Dropped on Tuesday,The company saw revenue decline and net losses rise in the second quarter.,2023-08-08 18:39:05+00:00,https://www.fool.com/investing/2023/08/08/why-shares-of-arcturus-therapeutics-dropped-on-tue/,The Motley Fool,0.0,0.0,neutral,0.0,True,False,True,False,False,False,False,False,0.0,130,['ARCT'],ARCT,2023-08-08
"Akamai Technologies, Array Technologies Music, HNI, PENN Entertainment And Other Big Stocks Moving Higher On Wednesday","U.S. stocks traded lower, with the Nasdaq Composite falling around 100 points on Wednesday. Here are some big stocks recording gains in today’s session.

Tango Therapeutics, Inc. (NASDAQ: TNGX) gained 85.2% to $7.09 after gaining 11% on Tuesday. Tango Therapeutics recently posted a narrower quarterly loss.
Decibel Therapeutics, Inc. (NASDAQ: DBTX) rose 76% to $4.9150 after Regeneron announced it will acquire the company.
Mirati Therapeutics, Inc. (NASDAQ: MRTX) climbed 30.1% to $36.17 after the company reported second-quarter financial results. Also, B. Riley Securities upgraded the stock from Neutral to Buy and announced a $45 price target.
Array Technologies, Inc. (NASDAQ: ARRY) gained 27.8% to $22.85 following a second-quarter earnings beat.
Computer Task Group, Incorporated (NASDAQ: CTG) rose 27.8% to $10.23 after the company announced it will be acquired by Cegeka for $10.50 per share.
LivePerson, Inc. (NASDAQ: LPSN) gained 27.5% to $5.09 r after the company announced a second-quarter earnings beat. The company named John Collins as the Interim CEO.
PMV Pharmaceuticals, Inc. (NASDAQ: PMVP) climbed 22.3% to $8.31 after the company reported better-than-expected second-quarter EPS results.
Celsius Holdings, Inc. (NASDAQ: CELH) rose 21.8% to $174.73 after the company reported better-than-expected second-quarter financial results.
DMC Global Inc. (NASDAQ: BOOM) gained 19.8% to $21.03 following quarterly results.
Dutch Bros Inc. (NYSE: BROS) climbed 19.8% to $33.55 after the company ...",2023-08-09 18:03:16+00:00,https://www.benzinga.com/news/23/08/33674368/akamai-technologies-array-technologies-music-hni-penn-entertainment-and-other-big-stocks-moving-high,Benzinga,0.14807692307692305,0.33653846153846156,positive,0.14807692307692305,True,True,True,False,False,False,True,False,0.0,1630,"['TNGX', 'MRTX', 'BROS', 'MQ', 'TOST', 'AKAM', 'AXON', 'ARRY', 'RPD', 'BOOM', 'LILA', 'LPSN', 'ZLAB', 'OFIX', 'BLNK', 'PENN', 'SCPL', 'GT', 'IDYA', 'HNI', 'VERX', 'PMVP', 'CELH', 'TBLA', 'AVXL', 'OSCR', 'ARCT', 'CPNG', 'AZTA', 'TDUP', 'DBTX', 'DUOL', 'CTG']",ARCT,2023-08-09
New Strong Sell Stocks for August 10th,"ARCT, AVY and ASB have been added to the Zacks Rank #5 (Strong Sell) List on August 10, 2023.",2023-08-10 11:15:00+00:00,https://www.zacks.com/stock/news/2134832/new-strong-sell-stocks-for-august-10th,Zacks Investment Research,0.05075757575757571,0.7053030303030303,neutral,0.05075757575757571,False,False,False,False,False,False,False,False,0.0,133,"['AVY', 'ARCT', 'ASB']",ARCT,2023-08-10
Why CorMedix Shares Are Trading Higher By Over 19%; Here Are 20 Stocks Moving Premarket,"Shares of  CorMedix Inc. (NASDAQ: CRMD) surged in pre-market trading as the company posted a narrower-than-expected third-quarter loss.
Cormedix posted a loss of 17 cents per share for the third quarter, versus market expectations for a loss of 21 cents per share.
CorMedix shares gained 19.3% to $3.74 in pre-market trading
Here are some other stocks moving in today's pre-market trading.
Gainers

Heart Test Laboratories, Inc. (NASDAQ: HSCS) shares rose 97.1% to $0.3545 in pre-market trading after jumping 16% on Tuesday.
AgileThought, Inc. (NASDAQ: AGIL) shares surged 74.1% to $0.1410 in pre-market trading.
MGO Global, Inc. (NASDAQ: MGOL) shares rose 43.4% to $0.7117 in pre-market trading after reporting a sharp rise in third-quarter sales.
Solid Biosciences Inc. (NASDAQ: SLDB) shares rose 27.7% to $2.72 in pre-market trading. Solid Biosciences announced IND clearance by the FDA for duchenne muscular dystrophy gene therapy candidate SGT-003.
GDEV Inc. (NASDAQ: GDEV) rose 24.7% to $3.38 in pre-market trading after ...",2023-11-15 13:07:57+00:00,https://www.benzinga.com/news/23/11/35802462/why-cormedix-shares-are-trading-higher-by-over-19-here-are-20-stocks-moving-premarket,Benzinga,0.21818181818181817,0.5113636363636364,positive,0.21818181818181817,True,False,True,False,False,False,False,False,0.0,1119,"['HSCS', 'MGOL', 'TCJH', 'CRMD', 'ELIQ', 'ARCT', 'AIRE', 'INTZ', 'EGOX', 'HRTX', 'VREX', 'SLDB', 'MYTE', 'MNTS', 'AGIL', 'GDEV', 'MRAI', 'TIVC', 'PIK', 'PRSO']",ARCT,2023-11-15
"Target Reports Earnings Beat, Joins AST SpaceMobile, Dada Nexus And Other Big Stocks Moving Higher On Wednesday","U.S. stocks traded higher, with the Dow Jones gaining more than 100 points on Wednesday.
Shares of Target Corporation (NYSE: TGT) jumped during Wednesday’s session after the company reported better-than-expected third-quarter financial results.
Target reported a third-quarter FY23 sales decline of 4.22% year-on-year to $25.398 billion, beating the analyst consensus estimate of $25.31 billion. Adjusted EPS of $2.10 beat the analyst consensus estimate of $1.48.
The company will offer more than 10,000 items for the holidays, including exclusives and many priced under $25.
Shares of Target rose 18.2% to $130.89 on Wednesday.
Here are some other big stocks recording gains in today’s session.
AST SpaceMobile, Inc. (NASDAQ: ASTS) shares surged 28% to $4.82 following third-quarter results.
Arcturus Therapeutics Holdings Inc.  (NASDAQ: ARCT) shares jumped 25.2% to $24.34 after the company reported a narrower third-quarter loss.
CorMedix Inc. (NASDAQ:",2023-11-15 16:08:03+00:00,https://www.benzinga.com/news/23/11/35807854/target-reports-earnings-beat-joins-ast-spacemobile-dada-nexus-and-other-big-stocks-moving-higher-on,Benzinga,0.19583333333333333,0.37499999999999994,positive,0.19583333333333333,True,False,False,False,False,False,False,False,0.0,1068,"['CTLT', 'DADA', 'CROX', 'IHRT', 'EXPE', 'TME', 'SIRI', 'ASTS', 'WOLF', 'ICVX', 'AEO', 'SGML', 'KSS', 'GYRE', 'M', 'TGT', 'VFC', 'CRMD', 'TRIP', 'ARCT', 'VIPS', 'CHGG']",ARCT,2023-11-15
Why Shapeways Holdings Shares Are Trading Lower By Around 20%? Here Are Other Stocks Moving In Wednesday's Mid-Day Session,"Shares of Shapeways Holdings, Inc. (NASDAQ: SHPW) tumbled during Wednesday’s session following downbeat results.
Shapeways Hldgs posted an adjusted loss of $1.36 per share, versus market expectations for a loss of 95 cents per share. The company’s quarterly sales came in at $8.37 million versus estimates of $8.75 million.
Shapeways shares fell 20.8% to $2.36 on Wednesday.
Here are some other stocks moving in today's mid-day session.
Gainers

Taysha Gene Therapies, Inc.  (NASDAQ: TSHA) shares climbed 62.4% to $2.16 after the company reported third-quarter results.
Chemomab Therapeutics Ltd. (NASDAQ: CMMB) shares jumped 55% to $0.9497 after the FDA granted CM-101 Fast Track designation for adult patients of primary sclerosing cholangitis (PSC), a fibrotic liver disease.
Heron Therapeutics, Inc. (NASDAQ: HRTX) climbed 50.8% to $0.8143 after the company reported mixed third-quarter financial results and issued guidance.
Kinnate Biopharma Inc. (NASDAQ: KNTE) rose 47.7% to $2.32. The company’s board of directors received a letter from Foresite Capital Management and OrbiMed Advisors indicating their intent to explore and evaluate a potential acquisition of the company.
SciSparc Ltd. (NASDAQ: SPRC) gained 44.5% to $6.30. SciSparc said 'trial results indicated that SciSparc's proprietary SCI-110 provided a safe and effective solution for alleviating agitation in elderly Alzheimer's patients who participated.'
Evelo Biosciences, Inc. (NASDAQ: EVLO) gained 36% to $0.47.
Babcock & Wilcox Enterprises, Inc. (NYSE: BW) climbed 34.3% to $1.75.
Solid Biosciences Inc. (NASDAQ: SLDB) shares rose 32.7% to $2.83. Solid Biosciences announced IND clearance by the FDA for duchenne muscular dystrophy gene therapy candidate SGT-003.
MGO Global, Inc. (NASDAQ: MGOL) shares climbed 32.4% to $0.6566 after reporting a sharp rise in third-quarter sales.
Beyond Air, Inc. (NASDAQ: XAIR) gained 28% to $1.7920.
AST SpaceMobile, Inc. (NASDAQ: ASTS) rose 28% to $4.8262 following third-quarter results.
Arcturus Therapeutics Holdings Inc.  (NASDAQ: ARCT) shares climbed 25.2% to $24.34 after the company reported a ...",2023-11-15 19:04:31+00:00,https://www.benzinga.com/news/23/11/35812714/why-shapeways-holdings-shares-are-trading-lower-by-around-20-here-are-other-stocks-moving-in-wednesd,Benzinga,0.16973684210526316,0.45789473684210524,positive,0.16973684210526316,True,True,True,False,False,False,True,False,0.0,2239,"['VWE', 'BTDR', 'IHRT', 'INTA', 'SXTP', 'AYTU', 'MNTS', 'AEY', 'SDOT', 'EVLO', 'ICVX', 'SGMO', 'ELIQ', 'ATOM', 'SHPW', 'ALC', 'EGOX', 'SLDB', 'VLCN', 'BW', 'GYRE', 'XAIR', 'MRAI', 'TGT', 'KBNT', 'SLNH', 'VFC', 'TSHA', 'TIVC', 'CRMD', 'KNTE', 'PRSO', 'TRIP', 'MYTE', 'SPRC', 'ARCT', 'ZIM', 'JGGC', 'INTZ', 'ASTS', 'HSCS', 'FTCH', 'CMMB', 'MGOL', 'CHGG', 'RBOT', 'ISPR', 'HRTX', 'TRKA', 'HRYU', 'DADA', 'GLBE']",ARCT,2023-11-15
"Arcturus' (ARCT) CF Drug Gets FDA's Orphan Status, Stock Up","Arcturus (ARCT) rises 8% as the FDA grants Orphan Drug Designation for its product candidate, ARCT-032, for the treatment of cystic fibrosis.",2023-11-28 12:56:00+00:00,https://www.zacks.com/stock/news/2190147/arcturus-arct-cf-drug-gets-fdas-orphan-status-stock-up,Zacks Investment Research,0.0,0.0,neutral,0.0,False,False,True,False,True,False,False,False,0.0,202,"['VRTX', 'MRNA', 'LGND', 'ARCT']",ARCT,2023-11-28
"Biotech Stock Roundup: RNA Up on BMY Deal Expansion, BIVI Down on Setback & More","Regulatory and pipeline updates from Avidity Biosciences, Inc. (RNA) and BioVie (BIVI) are in the spotlight this week.",2023-11-30 15:33:00+00:00,https://www.zacks.com/stock/news/2191567/biotech-stock-roundup-rna-up-on-bmy-deal-expansion-bivi-down-on-setback-more,Zacks Investment Research,0.17222222222222222,0.3944444444444445,positive,0.17222222222222222,False,False,True,False,False,False,False,False,0.0,200,"['BMY', 'VRTX', 'ARCT', 'RNA', 'BIVI']",ARCT,2023-11-30
"The Zacks Analyst Blog Highlights Avidity, Bristol Myers Squibb, Vertex, Arcturus and BioVie","Avidity, Bristol Myers Squibb, Vertex, Arcturus and BioVie are included in this Analyst Blog.",2023-12-01 10:09:00+00:00,https://www.zacks.com/stock/news/2191938/the-zacks-analyst-blog-highlights-avidity-bristol-myers-squibb-vertex-arcturus-and-biovie,Zacks Investment Research,0.0,0.0,neutral,0.0,False,False,False,False,False,False,False,False,0.0,187,"['BMY', 'VRTX', 'ARCT', 'RNA', 'BIVI']",ARCT,2023-12-01
"Arcturus Therapeutics' Lung Disease Candidate Triggers Bullish Rating, Analyst Sees Over 200% Upside","Canaccord Genuity has initiated coverage on Arcturus Therapeutics Holdings Inc (NASDAQ: ARCT), a player in the genetic medicine space.
Analysts Whitney Ijem and Joohwan Kim note that the company has developed proprietary and differentiated LNP delivery tech (LUNAR) and novel mRNA cargos (UNA, saRNA), allowing for options based on the application; hence, Arcturus has a pipeline of medicines across a range of indications.
Canaccord Genuity is particularly excited about ARCT-032, the company's inhaled mRNA therapeutic candidate for cystic fibrosis (CF). 
Amidst the whirlwind of activities surrounding Arcturus, ARCT-032 seems to have operated quietly, progressing through Phase 1 and now administering doses to CF patients in ...Full story available on Benzinga.com",2023-12-13 18:34:47+00:00,https://www.benzinga.com/analyst-ratings/analyst-color/23/12/36221670/arcturus-therapeutics-lung-disease-candidate-triggers-bullish-rating-analyst-sees-o,Benzinga,0.21875,0.4458333333333333,positive,0.21875,False,False,False,False,False,False,False,False,0.0,871,['ARCT'],ARCT,2023-12-13
"Logitech Posts Q3 Results, Joins Coinbase And Other Big Stocks Moving Lower In Tuesday's Pre-Market Session","U.S. stock futures were mostly lower this morning, with the Dow futures falling around 20 points on Tuesday.
Shares of  Logitech International S.A.  (NASDAQ: LOGI) fell sharply in today’s pre-market trading after the company reported third-quarter results.
Logitech International posted quarterly earnings of $1.53 per share, versus market estimates of $1.17 per share. The company’s quarterly sales came in at $1.25 billion versus expectations of $1.25 billion, according to data from Benzinga Pro.
The company said it sees an annual sales decline of 6% to 7%, compared to prior estimates for a ...",2024-01-23 10:04:19+00:00,https://www.benzinga.com/news/24/01/36732645/logitech-posts-q3-results-joins-coinbase-and-other-big-stocks-moving-lower-in-tuesdays-pre-market-se,Benzinga,0.03571428571428571,0.24642857142857144,neutral,0.03571428571428571,True,False,False,False,False,False,False,False,0.0,708,"['COIN', 'LOGI', 'ARCT', 'MARA', 'TBPH', 'CLSK', 'BITF', 'SGMT']",ARCT,2024-01-23
Arcturus (ARCT) Stock Surges 73% in 3 Months: Here's Why,"Arcturus' (ARCT) steady progress with its product candidate, ARCT-032, for the treatment of cystic fibrosis is encouraging.",2024-03-04 18:23:00+00:00,https://www.zacks.com/stock/news/2235611/arcturus-arct-stock-surges-73-in-3-months-heres-why,Zacks Investment Research,0.16666666666666666,0.5,positive,0.16666666666666666,False,False,False,False,True,False,False,False,0.0,181,"['ARCT', 'VNDA', 'KNSA', 'INDV']",ARCT,2024-03-04
"Arcturus Therapeutics (ARCT) Reports Q4 Loss, Misses Revenue Estimates","Arcturus Therapeutics (ARCT) delivered earnings and revenue surprises of 81.07% and 47.01%, respectively, for the quarter ended December 2023. Do the numbers hold clues to what lies ahead for the stock?",2024-03-07 22:10:03+00:00,https://www.zacks.com/stock/news/2237595/arcturus-therapeutics-arct-reports-q4-loss-misses-revenue-estimates,Zacks Investment Research,0.0,0.1,neutral,0.0,True,False,False,False,False,False,False,False,0.0,274,"['ARCT', 'LQDA']",ARCT,2024-03-07
The Analyst Verdict: Arcturus Therapeutics In The Eyes Of 4 Experts,"In the preceding three months, 4 analysts have released ratings for Arcturus Therapeutics (NASDAQ:ARCT), presenting a wide array of perspectives from bullish to bearish.
The table below summarizes their recent ratings, showcasing the evolving sentiments within the past 30 days and comparing them to the preceding months.




Bullish
Somewhat Bullish
Indifferent
Somewhat Bearish
Bearish




Total Ratings
3
1
0
0
0


Last 30D
1
0
0
0
0


1M Ago
1
1
0
0
0


2M Ago
1
0
0
0
0


3M Ago
0
0
0
0
0



The 12-month price targets, analyzed by analysts, offer insights with an average target of $63.25, a high estimate of $87.00, and a low estimate of $48.00. Witnessing a positive shift, the current average has risen by 14.31% from the previous average price target of $55.33.

Breaking Down Analyst Ratings: A Detailed Examination
An in-depth analysis of recent analyst actions unveils how financial experts perceive Arcturus Therapeutics. The following summary outlines key analysts, their recent evaluations, and adjustments to ratings and price targets.



Analyst
Analyst Firm
Action Taken
Rating
Current Price Target
Prior Price Target




Whitney Ijem
Canaccord Genuity
Raises
Buy
$87.00
$81.00


Ed Arce
HC Wainwright & Co.
Maintains
Buy
$60.00
-


John Abbott
Wells Fargo
Raises
Overweight
$58.00
$45.00


Yigal Nochomovitz
Citigroup
Raises
Buy
$48.00
$40.00



Key Insights:

Action Taken: Responding to changing market dynamics and company performance, analysts update their recommendations. Whether they 'Maintain', 'Raise', or 'Lower' their stance, it signifies their response to recent ...Full story available on Benzinga.com",2024-03-11 12:01:29+00:00,https://www.benzinga.com/insights/analyst-ratings/24/03/37582520/the-analyst-verdict-arcturus-therapeutics-in-the-eyes-of-4-experts,Benzinga,0.0023232323232323265,0.3627741702741703,neutral,0.0023232323232323265,False,True,False,False,True,False,False,False,0.2,1703,['ARCT'],ARCT,2024-03-11
Analysts Estimate Arcturus Therapeutics (ARCT) to Report a Decline in Earnings: What to Look Out for,Arcturus Therapeutics (ARCT) doesn't possess the right combination of the two key ingredients for a likely earnings beat in its upcoming report. Get prepared with the key expectations.,2024-05-01 14:01:28+00:00,https://www.zacks.com/stock/news/2266061/analysts-estimate-arcturus-therapeutics-arct-to-report-a-decline-in-earnings-what-to-look-out-for,Zacks Investment Research,0.07142857142857142,0.8839285714285714,neutral,0.07142857142857142,True,False,False,False,False,False,False,False,0.0,286,"['ARCT', 'TVTX']",ARCT,2024-05-01
Gritstone bio Inc. (GRTS) Expected to Beat Earnings Estimates: Can the Stock Move Higher?,Gritstone bio (GRTS) possesses the right combination of the two key ingredients for a likely earnings beat in its upcoming report. Get prepared with the key expectations.,2024-05-02 14:01:01+00:00,https://www.zacks.com/stock/news/2267130/gritstone-bio-inc-grts-expected-to-beat-earnings-estimates-can-the-stock-move-higher,Zacks Investment Research,0.07261904761904762,0.7392857142857143,neutral,0.07261904761904762,True,False,False,False,False,False,False,False,0.0,261,"['GRTS', 'ARCT']",ARCT,2024-05-02
Arcturus Therapeutics' Early Cystic Fibrosis Trial Results Encouraging - Analyst Cautiously Optimistic,"On Tuesday, Arcturus Therapeutics Holdings Inc. (NASDAQ:ARCT) announced that it will present Phase 1 results in healthy volunteers and new Phase 1b interim data in cystic fibrosis (CF) for ARCT-032 at the European Cystic Fibrosis Conference.
“We were pleased to observe ARCT-032 treatments for the first four patients were generally safe and well tolerated with no serious adverse events,” said Joseph Payne, President & CEO of Arcturus Therapeutics. “Furthermore, we observed an encouraging trend towards lung function improvements in the first four CF participants after only two inhaled administrations.”
“The absolute change in ...Full story available on Benzinga.com",2024-05-28 18:55:43+00:00,https://www.benzinga.com/analyst-ratings/analyst-color/24/05/39045542/arcturus-therapeutics-early-cystic-fibrosis-trial-results-encouraging-analyst-cauti,Benzinga,0.231002331002331,0.49137529137529146,positive,0.231002331002331,False,False,False,False,False,False,True,False,0.0,775,"['VRTX', 'ARCT']",ARCT,2024-05-28
Arcturus' Inhaled mRNA Therapeutic In Cystic Fibrosis Study Highlights Potential Amid Competitive Landscape: Analyst,"Friday, Arcturus Therapeutics Holdings Inc (NASDAQ:ARCT) presented Phase 1 results in healthy volunteers and Phase 1b interim data in people with cystic fibrosis for ARCT-032, an inhaled investigational mRNA therapeutic, at the European Cystic Fibrosis Conference.
ARCT-032 administration was generally safe and well tolerated, with no serious or severe adverse events in healthy volunteers and the first four dosed participants with cystic fibrosis.
The Phase 1b trial showed improvements in FEV1 (Forced Expiratory Volume in 1 second) in the four adults with cystic fibrosis after two inhaled administrations.
The absolute change in percent predicted FEV1 averaged +4.0% on Day 8 (5 days after 2nd dose). The relative change in FEV1 averaged +5.8% on Day 8.
The observed increases in FEV1 are encouraging and consistent with the previously reported data in the CF ferret ...Full story available on Benzinga.com",2024-06-07 18:44:44+00:00,https://www.benzinga.com/analyst-ratings/analyst-color/24/06/39234193/arcturus-inhaled-mrna-therapeutic-in-cystic-fibrosis-study-highlights-potential-ami,Benzinga,0.15333333333333332,0.3611111111111112,positive,0.15333333333333332,False,False,True,False,False,False,False,False,0.0,1030,"['VRTX', 'ARCT']",ARCT,2024-06-07
Arcturus: A Hidden Gem In The Biotech Sector,"Arcturus, a leading biotech company, is a top pick in the market with innovative vaccines, strong revenue generation, and promising growth. Read more here.",2024-06-08 06:42:56+00:00,https://seekingalpha.com/article/4698160-arcturus-a-hidden-gem-in-the-biotech-sector,Seeking Alpha,0.3277777777777778,0.5944444444444444,positive,0.3277777777777778,True,False,True,False,False,False,False,False,0.0,201,['ARCT'],ARCT,2024-06-08
"Cathie Wood-Lead Ark Invest Dumps $7.6M Worth Of Robinhood Shares Amid GameStop Buzz, Bitcoin Choppiness","On Monday, Cathie Wood-led Ark Invest made a significant move by reducing its holdings in Robinhood Markets Inc (NASDAQ:HOOD). This decision came amidst a period of market fluctuations and followed a recent trend of the investment firm adjusting its portfolio.
The HOOD Trade: Ark Invest’s decision to trim its position in Robinhood was executed through three of its ETFs. The ARK Fintech Innovation ETF (NYSE:ARKF) sold 31,827 shares, while the ARK Innovation ETF (NYSE:ARKK) and the ARK Next Generation Internet ETF (NYSE:ARKW) offloaded 215,675 and 76,299 shares respectively. Based on Robinhood’s closing price of $23.42 on Monday, the ...Full story available on Benzinga.com",2024-06-11 02:28:34+00:00,https://www.benzinga.com/markets/equities/24/06/39263031/cathie-wood-lead-ark-invest-dumps-7-6m-worth-of-robinhood-shares-amid-gamestop-buzz-bitcoin-chop,Benzinga,0.125,0.30357142857142855,positive,0.125,False,False,False,False,True,False,False,False,0.0,785,"['EXAS', 'ARCT', 'ARKW', 'ARKK', 'NTLA', 'ARKF', 'HOOD']",ARCT,2024-06-11
Cathie Wood-Led Ark Invest Sells $1.5M Worth Of Robinhood Shares Amid Muted Bitcoin Market — Also Dumps Zoom Stock Worth $3.3M,"Ark Invest, led by Cathie Wood, made significant trades on Wednesday involving Robinhood Markets Inc (NASDAQ:HOOD) and Zoom Video Communications Inc (NASDAQ:ZM).
The Robinhood Trade
Ark Invest sold 64,706 shares of Robinhood, valued at approximately $1.53 million, through the Ark Fintech Innovation ETF (NYSE:ARKF) and ARK Next Generation Internet ETF (NYSE:ARKW). This move comes after the company recently reduced its holdings in Robinhood amid market fluctuations. The company’s shares are currently trading higher following the announcement of its May operating data.
Notably, the Robinhood trade took place on a day Bitcoin (CRYPTO: Full story available on Benzinga.com",2024-06-13 03:22:25+00:00,https://www.benzinga.com/markets/equities/24/06/39304294/cathie-wood-led-ark-invest-sells-1-5m-worth-of-robinhood-shares-amid-muted-bitcoin-market-also-d,Benzinga,0.17291666666666664,0.3645833333333333,positive,0.17291666666666664,False,False,False,False,True,False,False,False,0.0,803,"['ARCT', 'ARKQ', 'ARKW', 'PD', 'TDOC', 'ARKF', 'ZM', 'VERV', 'HOOD', 'MKFG']",ARCT,2024-06-13
Cathie Wood-Led Ark Invest Dumps $4.3M Worth Of Nvidia Shares Amid Rebound — Swoops Into Buy Stock Of This Netflix Rival,"On Tuesday, June 25, 2024, Cathie Wood-led Ark Invest made significant trades in NVIDIA Corp (NASDAQ:NVDA) and Roku Inc (NASDAQ:ROKU), amidst considerable market volatility. These trades were part of a series of transactions carried out by Ark’s various ETFs.
The NVIDIA Trade
The firm’s ARK Autonomous Technology & Robotics ETF (BATS:ARKQ) sold 33,834 NVIDIA shares on Tuesday. The transaction was valued at $4.3 million. On the day, Nvidia shares closed 6.8% higher at $126.09.
This move comes in the wake of a significant market cap loss for the tech giant, which saw a $550 billion drop since Thursday. Despite this, NVIDIA managed to rebound by over 6% on Tuesday, regaining its position as the third most valuable corporation, behind Microsoft Corporation and Apple Inc.
Concerns about NVIDIA’s influence on ...Full story available on Benzinga.com",2024-06-26 02:27:55+00:00,https://www.benzinga.com/markets/equities/24/06/39493817/cathie-wood-led-ark-invest-dumps-4-3m-worth-of-nvidia-shares-amid-rebound-swoops-into-buy-stock-,Benzinga,0.14285714285714285,0.5071428571428572,positive,0.14285714285714285,True,True,False,False,False,False,False,False,0.0,975,"['NVDA', 'DNA', 'ARCT', 'ARKQ', 'ARKW', 'TXG', 'PD', 'ARKK', 'ROKU', 'ZM', 'BLDE', 'MKFG']",ARCT,2024-06-26
Cystic Fibrosis Therapeutics Research Report 2024: A Global $15.42 Billion Market by 2032 from $7.07 Billion in 2023 ... - GlobeNewswire,"The global cystic fibrosis therapeutics market is expected to grow from $7.07 billion in 2023 to $15.42 billion by 2032, driven by the increasing prevalence of the disease, advancements in treatment, and supportive legislation.",2024-07-04 09:27:26+00:00,https://www.globenewswire.com/news-release/2024/07/04/2908599/0/en/Cystic-Fibrosis-Therapeutics-Research-Report-2024-A-Global-15-42-Billion-Market-by-2032-from-7-07-Billion-in-2023-Increase-in-R-D-Investments-and-Legislation-that-is-Supportive-of-.html,GlobeNewswire Inc.,0.1,0.35,neutral,0.1,False,False,False,False,False,False,False,False,0.0,365,"['VRTX', 'ARCT', 'GRI']",ARCT,2024-07-04
Achilles Therapeutics Reports Second Quarter 2024 Financial Results and Recent Business Updates,"Achilles Therapeutics announced a research collaboration with Arcturus Therapeutics to explore second-generation mRNA cancer vaccines. The company also provided an interim update on its ongoing Phase I/IIa trials for advanced NSCLC and melanoma, with the first three patients with enhanced host conditioning showing improved cNeT persistence and engraftment. Achilles' cash position of $95.1 million is expected to support operations through 2025.",2024-08-14 11:00:00+00:00,https://www.globenewswire.com/news-release/2024/08/14/2929911/0/en/Achilles-Therapeutics-Reports-Second-Quarter-2024-Financial-Results-and-Recent-Business-Updates.html,GlobeNewswire Inc.,0.09166666666666667,0.2638888888888889,neutral,0.09166666666666667,False,False,True,False,False,False,False,False,0.0,544,"['ACHL', 'ARCT']",ARCT,2024-08-14
Does Arcturus Therapeutics Have the Potential to Rally 216.35% as Wall Street Analysts Expect?,"Wall Street analysts have set a mean price target of $66.75 for Arcturus Therapeutics (ARCT), indicating a potential upside of 216.4%. However, the article cautions that price targets set by analysts may not be a reliable indicator of a stock's future performance.",2024-09-03 20:44:51+00:00,https://www.benzinga.com/news/earnings/24/09/40676136/does-arcturus-therapeutics-have-the-potential-to-rally-216-35-as-wall-street-analysts-expect,Benzinga,-0.078125,0.703125,neutral,0.078125,False,False,False,False,False,False,False,False,0.0,360,['ARCT'],ARCT,2024-09-03
"Japan's Ministry of Health, Labor and Welfare Approves CSL and Arcturus Therapeutics' Updated Self-amplifying mRNA COVID-19 Vaccine for Protection against JN.1 Strain, to be Distributed in Japan by Meiji Seika Pharma","Japan's health ministry approved an updated self-amplifying mRNA COVID-19 vaccine developed by CSL and Arcturus Therapeutics, which will be distributed in Japan by Meiji Seika Pharma. The vaccine is designed to protect against the JN.1 Omicron subvariant.",2024-09-13 12:15:00+00:00,https://www.benzinga.com/pressreleases/24/09/n40852466/japans-ministry-of-health-labor-and-welfare-approves-csl-and-arcturus-therapeutics-updated-self-am,Benzinga,0.1,0.3,neutral,0.1,False,False,False,False,False,False,False,False,0.0,473,"['CSLLY', 'ARCT']",ARCT,2024-09-13
"Arcturus Therapeutics/CSL Partnered COVID-19 Vaccine Surpasses Pfizer's Comirnaty Shot, Even At Lower Doses","Arcturus Therapeutics and CSL's self-amplifying mRNA COVID-19 vaccine, ARCT-154, demonstrated superior immunogenicity compared to Pfizer's Comirnaty vaccine, even at a lower dose. The bivalent formula ARCT-2301 also showed better antibody responses against Omicron BA.4-5 and Wuhan-Hu-1 strains.",2024-09-30 15:12:50+00:00,https://www.benzinga.com/general/biotech/24/09/41097066/arcturus-therapeuticscsl-partnered-covid-19-vaccine-surpasses-pfizers-comirnaty-shot-even-at-lowe,Benzinga,0.6,0.7,positive,0.6,False,False,False,False,False,False,False,False,0.0,404,"['ARCT', 'CSLLY']",ARCT,2024-09-30
mRNA Cancer Vaccines and Therapeutics Research Report 2024 with Long-term Forecasts to 2028 and 2033: Personalized Medicine and Multivalent mRNA Vaccines Lead the Way,"The mRNA cancer vaccines and therapeutics market is expected to grow rapidly, from $52.85 billion in 2023 to $113.41 billion in 2028, driven by factors like promising clinical trial results, increased awareness, and advancements in mRNA delivery systems. Key trends include personalized medicine and multivalent mRNA vaccines.",2024-10-14 15:48:00+00:00,https://www.globenewswire.com/news-release/2024/10/14/2962732/28124/en/mRNA-Cancer-Vaccines-and-Therapeutics-Research-Report-2024-with-Long-term-Forecasts-to-2028-and-2033-Personalized-Medicine-and-Multivalent-mRNA-Vaccines-Lead-the-Way.html,GlobeNewswire Inc.,0.03333333333333333,0.6333333333333333,neutral,0.03333333333333333,False,False,False,False,False,False,False,False,0.0,494,"['PFE', 'MRK', 'BAYRY', 'NVS', 'SNY', 'AZN', 'GSK', 'RHHBY', 'LLY', 'MRNA', 'BNTX', 'REGN', 'CTLT', 'SRPT', 'ARCT', 'CVAC']",ARCT,2024-10-14
mRNA Therapeutics Market Size to Hit USD 48.65 Billion by 2032 due to Advances in Cancer Treatment and Expanding mRNA Vaccine Applications | Research by SNS Insider,"The mRNA therapeutics market is expected to grow significantly, driven by the success of mRNA-based COVID-19 vaccines and the expanding applications of mRNA technology in areas like cancer treatment and infectious diseases.",2024-12-08 13:00:00+00:00,https://www.globenewswire.com/news-release/2024/12/08/2993373/0/en/mRNA-Therapeutics-Market-Size-to-Hit-USD-48-65-Billion-by-2032-due-to-Advances-in-Cancer-Treatment-and-Expanding-mRNA-Vaccine-Applications-Research-by-SNS-Insider.html,GlobeNewswire Inc.,0.11249999999999999,0.4125,positive,0.11249999999999999,False,False,False,False,False,False,False,False,0.0,389,"['MRNA', 'BNTX', 'CVAC', 'ARCT', 'SNY', 'GSK', 'PFE', 'AZN', 'SGMO', 'CRSP']",ARCT,2024-12-08
