title,description,published_utc,article_url,publisher,sentiment_polarity,sentiment_subjectivity,sentiment_label,sentiment_confidence,keywords_earnings,keywords_acquisition,keywords_regulation,keywords_partnership,keywords_product,keywords_financial,keywords_leadership,keywords_lawsuit,urgency_score,text_length,tickers,ticker,date
Dow Soars More Than 1% to Begin Thanksgiving Week,Dow Soars More Than 1% to Begin Thanksgiving Week,2020-11-24 14:15:00+00:00,https://www.zacks.com/registration/ultimatetrader/welcome/eoffer/30c3?adid=ZU_CONTENT_SYND&cid=CS-ZC-FT-zucommentary-27438,Zacks Investment Research,0.5,0.5,positive,0.5,False,False,False,False,False,False,False,False,0.0,100,"['AZN', 'PFE', 'MRNA', 'AAPL', 'NFLX', 'AOSL', 'AGYS', 'BIGC', 'SHOP']",AZN,2020-11-24
Dow Sets New Record and Clears 30K for the First Time,Dow Sets New Record and Clears 30K for the First Time,2020-11-25 14:15:00+00:00,https://www.zacks.com/registration/ultimatetrader/welcome/eoffer/30c3?adid=ZU_CONTENT_SYND&cid=CS-ZC-FT-zucommentary-27456,Zacks Investment Research,0.19318181818181818,0.3939393939393939,positive,0.19318181818181818,False,False,False,False,False,False,False,False,0.0,108,"['SNA', 'SSNC', 'VMC', 'LEN', 'QTNT', 'VBR', 'VHT', 'CCRN', 'SHOP', 'MHK', 'MMM', 'WHR', 'JBL', 'TPR', 'LH', 'BZH', 'OSTK', 'LEVI', 'ATHM', 'PRPL', 'GDS', 'AMRK', 'STNE', 'COP', 'ELAN', 'INCY', 'NUAN', 'ULTA', 'ACM', 'TCS', 'AZN', 'PFE', 'MRNA', 'FB', 'AAPL', 'NFLX', 'GOOG']",AZN,2020-11-25
Strong Week Ends with New Highs for S&P and NASDAQ,Strong Week Ends with New Highs for S&P and NASDAQ,2020-11-28 14:15:00+00:00,https://www.zacks.com/registration/ultimatetrader/welcome/eoffer/30c3?adid=ZU_CONTENT_SYND&cid=CS-ZC-FT-zucommentary-27488,Zacks Investment Research,0.2848484848484848,0.5939393939393939,positive,0.2848484848484848,False,False,False,False,False,False,False,False,0.0,102,"['PFE', 'MRNA', 'AZN', 'ACB', 'CGC', 'GRWG']",AZN,2020-11-28
S&P and NASDAQ Begin December with Record Closing Highs,S&P and NASDAQ Begin December with Record Closing Highs,2020-12-02 14:15:00+00:00,https://www.zacks.com/registration/ultimatetrader/welcome/eoffer/30c3?adid=ZU_CONTENT_SYND&cid=CS-ZC-FT-zucommentary-27515,Zacks Investment Research,0.0,0.0,neutral,0.0,False,False,False,False,False,False,False,False,0.0,112,"['RYAM', 'DBD', 'TX', 'VCEL', 'ATHM', 'ELAN', 'ULTA', 'ARMK', 'COP', 'ARLO', 'PFE', 'MRNA', 'AZN']",AZN,2020-12-02
Amgen (AMGN) to Report Q1 Earnings: What's in the Cards?,Whether Amgen's (AMGN) sales recovery from the COVID-19 effect continued in the first quarter is what remains to be seen when the company reports.,2021-04-23 10:50:00+00:00,http://www.zacks.com/stock/news/1440806/amgen-amgn-to-report-q1-earnings-whats-in-the-cards?cid=CS-ZC-FT-analyst_blog|earnings_preview-1440806,Zacks Investment Research,0.25,0.3333333333333333,positive,0.25,True,False,False,False,False,False,False,False,0.0,204,"['AZN', 'GILD', 'AMGN']",AZN,2021-04-23
"Pharma Stock Roundup: JNJ's Q1 Earnings & Sales Beat, RHHBY Sales, & Other Updates",J&J (JNJ) beats Q1 estimates for earnings and sales. Roche (RHHBY) announces Q1 sales numbers.,2021-04-23 12:19:00+00:00,http://www.zacks.com/stock/news/1441393/pharma-stock-roundup-jnjs-q1-earnings-sales-beat-rhhby-sales-other-updates?cid=CS-ZC-FT-analyst_blog|stock_roundup-1441393,Zacks Investment Research,-0.125,0.375,negative,0.125,True,False,False,False,False,False,False,False,0.0,178,"['JNJ', 'SNY', 'AZN', 'PFE', 'LLY', 'GSK']",AZN,2021-04-23
What's in the Cards for AbbVie (ABBV) This Earnings Season?,Higher demand for its growth drugs is likely to have offset generic competition for Humira in the United States to boost AbbVie's (ABBV) first-quarter sales.,2021-04-23 13:25:00+00:00,http://www.zacks.com/stock/news/1441726/whats-in-the-cards-for-abbvie-abbv-this-earnings-season?cid=CS-ZC-FT-analyst_blog|earnings_preview-1441726,Zacks Investment Research,0.08333333333333333,0.5,neutral,0.08333333333333333,True,False,False,False,False,False,False,False,0.0,218,"['JNJ', 'AZN', 'ABBV']",AZN,2021-04-23
What's in the Cards for Bristol-Myers (BMY) Q1 Earnings?,Investors will focus on regular top and bottom-line numbers along with key pipeline updates when Bristol-Myers (BMY) reports first-quarter 2021 results.,2021-04-23 18:29:00+00:00,http://www.zacks.com/stock/news/1442683/whats-in-the-cards-for-bristol-myers-bmy-q1-earnings?cid=CS-ZC-FT-analyst_blog|earnings_preview-1442683,Zacks Investment Research,0.16666666666666666,0.5256410256410257,positive,0.16666666666666666,True,False,False,False,False,False,False,False,0.0,210,"['AZN', 'INCY', 'BMY', 'BLUE']",AZN,2021-04-23
Will Strong Veklury and HIV Sales Aid Gilead's (GILD) Q1 Earnings?,Investors will focus on the HIV franchise's performance and Veklury sales when Gilead (GILD) reports first-quarter 2021 results.,2021-04-23 18:32:00+00:00,http://www.zacks.com/stock/news/1442700/will-strong-veklury-and-hiv-sales-aid-gileads-gild-q1-earnings?cid=CS-ZC-FT-analyst_blog|earnings_preview-1442700,Zacks Investment Research,0.4333333333333333,0.7333333333333333,positive,0.4333333333333333,True,False,False,False,False,False,False,False,0.0,196,"['AZN', 'GILD', 'MRK', 'INCY']",AZN,2021-04-23
The Margin: Johnson & Johnson vaccine pause: What to know if you got or scheduled the shot,A CDC advisory committee recommends lifting the pause. So what blood clot symptoms should you watch out for if you get the vaccine?,2021-04-23 21:38:00+00:00,http://www.marketwatch.com/news/story.asp?guid=%7B21005575-02D4-D4B5-4572-D3853162CFA7%7D&siteid=rss&rss=1,MarketWatch,0.0,0.0,neutral,0.0,False,False,False,False,False,False,False,False,0.0,223,"['JNJ', 'AZN', 'PFE', 'MRNA', 'RAD', 'CVS']",AZN,2021-04-23
3 Top Coronavirus Stocks to Buy Right Now,Major gains may be on the horizon.,2021-04-24 10:00:00+00:00,https://www.fool.com/investing/2021/04/24/3-top-coronavirus-stocks-to-buy-right-now/?source=iedfolrf0000001,The Motley Fool,0.28273809523809523,0.5119047619047619,positive,0.28273809523809523,False,True,False,False,False,False,False,False,0.0,77,"['PFE', 'REGN', 'JNJ', 'AZN', 'GRTS', 'MRNA', 'BNTX', 'ROG']",AZN,2021-04-24
The Margin: Why comparing blood clot risks from COVID-19 vaccines and birth control pills doesn’t work,Doctors say they are different kinds of clots --- and the coronavirus poses a greater risk than the vaccines,2021-04-24 14:04:00+00:00,http://www.marketwatch.com/news/story.asp?guid=%7B21005575-02D4-D4B5-4572-D398BD875A3C%7D&siteid=rss&rss=1,MarketWatch,0.25,0.55,positive,0.25,False,False,False,False,False,False,False,False,0.0,212,"['JNJ', 'AZN']",AZN,2021-04-24
: What we know about COVID vaccine side effects in women,'Many drugs on the market today are based on dosages that were measured against the male body and then stated to be effective for everybody.',2021-04-24 17:28:00+00:00,http://www.marketwatch.com/news/story.asp?guid=%7B21005575-02D4-D4B5-4572-D39848A85620%7D&siteid=rss&rss=1,MarketWatch,0.3666666666666667,0.4666666666666666,positive,0.3666666666666667,False,False,False,False,False,False,False,False,0.0,199,"['PFE', 'BNTX', 'MRNA', 'JNJ', 'AZN', 'GOOG']",AZN,2021-04-24
A Peek Into The Markets: US Stock Futures Mixed; Tesla Earnings In Focus,"Pre-open movers
U.S. stock futures traded mixed in early pre-market trade after the Dow Jones climbed more than 200 points in the previous session. Investors are awaiting earnings results from  Tesla Inc (NASDAQ: TSLA),  Lennox International Inc. (NYSE: LII),  NXP Semiconductors NV (NASDAQ: NXPI) and  Albertsons Companies Inc (NYSE: ACI).
Data on durable goods orders for March will be released at 8:30 a.m. ET, while the Dallas Fed manufacturing index for April is scheduled for release at 10:30 a.m. ET.
Futures for the Dow Jones Industrial Average gained 31 points to 33,972.00 while the Standard & Poor’s 500 index futures fell 0.75 points at 4,170.75. Futures for the Nasdaq 100 index fell 19.50 points to 13,907.50.
The U.S. has the highest number of COVID-19 cases and deaths in the world, with total infections in the country exceeding 32,077,290 with around 572,200 deaths. India reported a total ...Full story available on Benzinga.com",2021-04-26 10:08:37+00:00,https://www.benzinga.com/news/earnings/21/04/20786593/a-peek-into-the-markets-us-stock-futures-mixed-tesla-earnings-in-focus,Benzinga,0.02361111111111111,0.36388888888888893,neutral,0.02361111111111111,True,False,False,False,True,False,False,False,0.0,1021,"['AAPL', 'ACI', 'AZN', 'JNJ', 'LII', 'TSLA', 'NXPI', 'ETSY', 'OCGN']",AZN,2021-04-26
Wall Street Breakfast: Tesla Time,"Listen on the go! A daily podcast of Wall Street Breakfast will be available by 8:00 a.m. on Seeking Alpha, iTunes, Stitcher and Spotify.",2021-04-26 11:12:24+00:00,https://seekingalpha.com/article/4421259-wall-street-breakfast-tesla-time?source=feed,Seeking Alpha,0.2,0.2,positive,0.2,False,False,False,False,False,False,False,False,0.0,172,"['JNJ', 'XOM', 'TSLA', 'AMZN', 'GOOG', 'GOOGL', 'AAPL', 'MSFT', 'PFE', 'MRNA', 'BA', 'CAT', 'F', 'AZN', 'OCGN']",AZN,2021-04-26
Merck (MRK) to Report Q1 Earnings: What's in the Cards?,"Investor focus is likely to be on the sales numbers of Merck's (MRK) blockbuster oncology medicine, Keytruda.",2021-04-26 11:58:00+00:00,http://www.zacks.com/stock/news/1455552/merck-mrk-to-report-q1-earnings-whats-in-the-cards?cid=CS-ZC-FT-analyst_blog|earnings_preview-1455552,Zacks Investment Research,0.0,1.0,neutral,0.0,True,False,False,False,False,False,False,False,0.0,166,"['JNJ', 'AZN', 'PFE', 'MRK']",AZN,2021-04-26
Alexion (ALXN) to Report Q1 Earnings: What's in the Cards?,Alexion (ALXN) is set to provide updates on revenues and earnings when it releases first-quarter 2021 results on May 3.,2021-04-26 13:42:00+00:00,http://www.zacks.com/stock/news/1456025/alexion-alxn-to-report-q1-earnings-whats-in-the-cards?cid=CS-ZC-FT-analyst_blog|earnings_preview-1456025,Zacks Investment Research,0.0,0.0,neutral,0.0,True,False,False,False,True,False,False,False,0.0,179,"['ALXN', 'AZN', 'GILD', 'AXSM']",AZN,2021-04-26
What's in Store for Emergent (EBS) This Earnings Season?,"On Emergent's (EBS) upcoming first-quarter earnings call, investors are likely to focus on the company's update related to re-start of production at its Bayview facility.",2021-04-26 13:52:00+00:00,http://www.zacks.com/stock/news/1456368/whats-in-store-for-emergent-ebs-this-earnings-season?cid=CS-ZC-FT-analyst_blog|earnings_preview-1456368,Zacks Investment Research,0.0,0.7,neutral,0.0,True,False,False,False,True,False,False,False,0.0,228,"['JNJ', 'AZN', 'GILD', 'EBS']",AZN,2021-04-26
Will Jakafi's Performance Fuel Incyte's (INCY) Q1 Earnings?,Investors are likely to focus on pipeline updates besides top and bottom-line numbers when Incyte (INCY) reports first-quarter 2021 results.,2021-04-26 15:41:00+00:00,http://www.zacks.com/stock/news/1456870/will-jakafis-performance-fuel-incytes-incy-q1-earnings?cid=CS-ZC-FT-analyst_blog|earnings_preview-1456870,Zacks Investment Research,0.25,0.75,positive,0.25,True,False,False,False,False,False,False,False,0.0,201,"['AZN', 'GILD', 'INCY', 'NVS']",AZN,2021-04-26
Bristol-Myers Squibb: Our Top Healthcare Pick For The Rest Of 2021,Bristol-Myers Squibb is currently enjoying a diversified asset portfolio whose sales are expected to keep growing going forward.,2021-04-26 17:28:45+00:00,https://seekingalpha.com/article/4421318-bristol-myers-squibb-top-healthcare-pick?source=feed,Seeking Alpha,0.3,0.5,positive,0.3,False,False,False,False,False,False,False,False,0.0,196,"['ABBV', 'AZN', 'BIIB', 'REGN', 'TEVA', 'BMY']",AZN,2021-04-26
"Coronavirus Update: India sets fresh global case record, and U.S. gears up to send oxygen, tests, treatments and PPE","The global tally of confirmed cases of the coronavirus-borne illness COVID-19 climbed above 147 million on Monday, with India accounting for more than a third of daily new cases, as Western governments, including the U.S., started to send oxygen supplies, virus tests, drug treatments and personal protective equipment to ease the crisis.",2021-04-26 17:49:00+00:00,http://www.marketwatch.com/news/story.asp?guid=%7B21005575-02D4-D4B5-4572-D3BEBB5A42C3%7D&siteid=rss&rss=1,MarketWatch,0.12148760330578513,0.25950413223140495,positive,0.12148760330578513,False,False,False,False,False,False,False,False,0.0,456,"['AZN', 'AZN', 'SNY', 'SAN', 'PFE', 'BNTX', 'MRNA', 'JNJ']",AZN,2021-04-26
"Market Snapshot: S&P 500, Nasdaq end at records as U.S. companies begin earnings blitz","Major U.S. stock indexes book a round of record closes Monday, except for the blue-chip Dow, as investors look ahead to one of the busiest weeks of earnings season and await an update from the Federal Reserve on the economic recovery.",2021-04-26 20:26:00+00:00,http://www.marketwatch.com/news/story.asp?guid=%7B21005575-02D4-D4B5-4572-D3BDB21B73E6%7D&siteid=rss&rss=1,MarketWatch,0.020833333333333332,0.3666666666666667,neutral,0.020833333333333332,True,False,False,False,False,False,False,False,0.0,322,"['COMP', 'TSLA', 'MSFT', 'AAPL', 'GOOG', 'GOOGL', 'FB', 'AMZN', 'AZN', 'JNJ', 'OTIS', 'FBC', 'NYCB', 'GRA', 'PFPT']",AZN,2021-04-26
Astrazeneca (AZN) Outpaces Stock Market Gains: What You Should Know,"Astrazeneca (AZN) closed at $52.37 in the latest trading session, marking a +0.21% move from the prior day.",2021-04-26 21:50:20+00:00,http://www.zacks.com/stock/news/1458071/astrazeneca-azn-outpaces-stock-market-gains-what-you-should-know?cid=CS-ZC-FT-tale_of_the_tape|yseop_template_6v1-1458071,Zacks Investment Research,0.13333333333333333,0.3333333333333333,positive,0.13333333333333333,False,False,False,False,False,False,False,False,0.0,176,['AZN'],AZN,2021-04-26
U.S. Will Export up to 60 Million Doses of AstraZeneca Coronavirus Vaccine,10 million of that total could ship out within weeks.,2021-04-26 22:43:17+00:00,https://www.fool.com/investing/2021/04/26/us-will-export-up-to-60-million-doses-of-astrazene/?source=iedfolrf0000001,The Motley Fool,0.0,0.75,neutral,0.0,False,False,False,False,False,False,False,False,0.0,129,['AZN'],AZN,2021-04-26
This Huge Win Could Boost Novavax's Fortunes -- and It Has Nothing to Do With COVID-19,The Matrix-M adjuvant is increasingly looking like Novavax's crown jewel.,2021-04-27 09:52:00+00:00,https://www.fool.com/investing/2021/04/27/this-huge-win-could-boost-novavaxs-fortunes-and-it/?source=iedfolrf0000001,The Motley Fool,0.6000000000000001,0.65,positive,0.6000000000000001,False,False,False,False,False,False,False,False,0.0,161,"['NVAX', 'AZN', 'GSK']",AZN,2021-04-27
Is There Any Hope Left for Emergent BioSolutions?,The go-to government contractor is in deep trouble. Should investors buy the dip?,2021-04-27 10:10:00+00:00,https://www.fool.com/investing/2021/04/27/is-there-any-hope-left-for-emergent-biosolutions/?source=iedfolrf0000001,The Motley Fool,-0.06666666666666667,0.20000000000000004,neutral,0.06666666666666667,False,True,False,False,False,False,False,False,0.0,132,"['EBS', 'JNJ', 'AZN']",AZN,2021-04-27
Is a Beat Likely for AstraZeneca (AZN) in Q1 Earnings?,AstraZeneca's (AZN) first-quarter results are expected to reflect the impact of strong demand for new drugs as well as coronavirus-led disruption. Investors are likely to focus on COVID-19 vaccine related updates.,2021-04-27 13:32:00+00:00,http://www.zacks.com/stock/news/1461831/is-a-beat-likely-for-astrazeneca-azn-in-q1-earnings?cid=CS-ZC-FT-analyst_blog|earnings_preview-1461831,Zacks Investment Research,0.07828282828282827,0.6646464646464646,neutral,0.07828282828282827,True,False,False,False,False,False,False,False,0.0,269,"['AZN', 'MRK', 'GSK', 'BNTX']",AZN,2021-04-27
: These 5 biotech ‘busted IPOs’ look attractive now that the sectorwide selloff seems over,"Given the recent selloff in biotech, there are plenty of busted biotech IPOs to choose from.",2021-04-27 15:10:00+00:00,http://www.marketwatch.com/news/story.asp?guid=%7B21005575-02D4-D4B5-4572-D3C55A525448%7D&siteid=rss&rss=1,MarketWatch,0.4,0.625,positive,0.4,False,False,True,False,False,False,False,False,0.0,184,"['FB', 'XBI', 'IBB', 'AZN', 'AZN', 'ALXN', 'PFE', 'JNJ', 'CDAK', 'CABA', 'AFIB', 'AKUS', 'LYRA']",AZN,2021-04-27
"Coronavirus Update: India’s COVID surge is ‘beyond heartbreaking,’ says WHO director-general, as first relief supplies arrive","The number of confirmed cases of the coronavirus-borne illness COVID-19 edged above  148 million on Tuesday, as India's surge continued to overwhelm its healthcare system amid a global effort to send much-needed relief to the nation of 1.4 billion.",2021-04-27 17:34:00+00:00,http://www.marketwatch.com/news/story.asp?guid=%7B21005575-02D4-D4B5-4572-D3C4ABAF9F12%7D&siteid=rss&rss=1,MarketWatch,0.1625,0.35833333333333334,positive,0.1625,False,False,False,False,False,False,True,False,0.2,375,"['MRK', 'AZN', 'AZN', 'UPS', 'PFE', 'BNTX', 'MRNA', 'JNJ']",AZN,2021-04-27
Coronavirus Update: Fauci says world shares blame for India’s COVID crisis by failing to coordinate global pandemic response,"Wealthy countries share blame for the COVID-19 crisis in India for failing to coordinate and create a global response to the coronavirus pandemic, and for hogging vaccine supply against the advice of health experts, Dr. Anthony Fauci said Wednesday.",2021-04-28 17:57:00+00:00,http://www.marketwatch.com/news/story.asp?guid=%7B21005575-02D4-D4B5-4572-D3CBC6516873%7D&siteid=rss&rss=1,MarketWatch,0.16666666666666666,0.3333333333333333,positive,0.16666666666666666,False,False,False,False,False,False,False,False,0.0,375,"['AZN', 'AZN', 'NVAX', 'PFE', 'BNTX', 'MRNA', 'JNJ']",AZN,2021-04-28
: EU legal complaint against AstraZeneca heard in Brussels court,"The European Commission, the EU’s executive body, accuses AstraZeneca of failing to abide by its contract to deliver 300 million vaccine doses by the end of June,",2021-04-28 19:49:00+00:00,http://www.marketwatch.com/news/story.asp?guid=%7B21005575-02D4-D4B5-4572-D3CD53A9540C%7D&siteid=rss&rss=1,MarketWatch,-0.033333333333333326,0.13333333333333333,neutral,0.033333333333333326,False,False,False,False,False,False,False,True,0.0,228,"['AZN', 'AZN', 'PFE', 'BNTX']",AZN,2021-04-28
Will Pfizer (PFE) Deliver a Beat This Earnings Season?,"Higher sales of Pfizer's (PFE) key brands, Eliquis, Ibrance and Inlyta, and revenues from COVID-19 vaccine are likely to have driven sales in the first quarter.",2021-04-29 11:28:00+00:00,http://www.zacks.com/stock/news/1472561/will-pfizer-pfe-deliver-a-beat-this-earnings-season?cid=CS-ZC-FT-analyst_blog|earnings_preview-1472561,Zacks Investment Research,0.125,0.7083333333333334,positive,0.125,True,False,False,False,False,False,False,False,0.0,216,"['AZN', 'PFE', 'BNTX', 'VTRS']",AZN,2021-04-29
Novavax Vaccine to Get U.S. Approval? ETFs to Benefit,Novavax (NVAX) is reportedly set to receive the fourth authorization for COVID-19 vaccine in the United States.,2021-04-29 12:01:00+00:00,http://www.zacks.com/stock/news/1472462/novavax-vaccine-to-get-us-approval-etfs-to-benefit?cid=CS-ZC-FT-etf_news_and_commentary-1472462,Zacks Investment Research,0.0,0.0,neutral,0.0,False,False,False,False,False,False,False,False,0.0,166,"['JNJ', 'AZN', 'NVAX', 'IBB', 'XBI', 'BBH', 'VIRS', 'BUZZ', 'GERM']",AZN,2021-04-29
Should You Buy AstraZeneca (AZN) Ahead of Earnings?,AstraZeneca (AZN) is seeing favorable earnings estimate revision activity and has a positive Zacks Earnings ESP heading into earnings season.,2021-04-29 12:41:00+00:00,http://www.zacks.com/stock/news/1472676/should-you-buy-astrazeneca-azn-ahead-of-earnings?cid=CS-ZC-FT-tale_of_the_tape|earnings_surprise-1472676,Zacks Investment Research,0.22727272727272727,0.5454545454545454,positive,0.22727272727272727,True,True,False,False,False,False,False,False,0.0,194,['AZN'],AZN,2021-04-29
"Merck (MRK) Q1 Earnings & Sales Miss, COVID-19 Hurts Vaccines",Merck (MRK) misses Q1 estimates for earnings and sales. Stock down in pre-market.,2021-04-29 15:28:00+00:00,http://www.zacks.com/stock/news/1473513/merck-mrk-q1-earnings-sales-miss-covid-19-hurts-vaccines?cid=CS-ZC-FT-analyst_blog|earnings_article-1473513,Zacks Investment Research,-0.15555555555555559,0.2888888888888889,negative,0.15555555555555559,True,False,False,False,False,False,False,False,0.0,144,"['JNJ', 'AZN', 'MRK', 'BMY']",AZN,2021-04-29
: Moderna in bid to double COVID-19 vaccine production to up to 3 billion doses in 2022,The U.S. biotech also raised its manufacturing forecast for 2021 to 800 million to 1 billion doses.,2021-04-29 19:51:00+00:00,http://www.marketwatch.com/news/story.asp?guid=%7B21005575-02D4-D4B5-4572-D3D217B5FD96%7D&siteid=rss&rss=1,MarketWatch,0.0,0.0,neutral,0.0,False,False,False,False,True,False,False,False,0.0,188,"['MRNA', 'PFE', 'BNTX', 'AZN', 'JNJ']",AZN,2021-04-29
Dispatches from a Pandemic: Letter from India: ‘Trucks carrying oxygen cylinders are being waylaid and looted’,Letter from India: ‘We live in mortal fear of COVID-19. Every citizen is at risk from these new variants.’,2021-04-30 01:11:14+00:00,http://www.marketwatch.com/news/story.asp?guid=%7BE1F83AB2-A8F7-11EB-AD7E-D859A5558AEA%7D&siteid=rss&rss=1,MarketWatch,0.13636363636363635,0.4772727272727273,positive,0.13636363636363635,False,False,False,False,False,False,False,False,0.0,218,"['TWTR', 'AZN']",AZN,2021-04-30
S&P Hits Record Close as Tech Earnings Continue to Impress ,,2021-04-30 01:15:00+00:00,https://www.investing.com/analysis/sp-hits-record-close-as-tech-earnings-continue-to-impress-200576508,Investing.com,0.0,0.0,neutral,0.0,True,False,False,False,False,False,False,False,0.0,61,"['AAPL', 'FB', 'AMZN', 'XOM', 'CVX', 'ABBV', 'AZN', 'CMG', 'CAR', 'VSH', 'EXTR', 'MRC']",AZN,2021-04-30
"Earnings Scheduled For April 30, 2021","Companies Reporting Before The Bell
• O2Micro Intl (NASDAQ:OIIM) is estimated to report quarterly earnings at $0.09 per share on revenue of $23.30 million.
• Twin Disc (NASDAQ:TWIN) is likely to report quarterly loss at $0.12 per share on revenue of $57.70 million.
• L3Harris Technologies (NYSE:LHX) is projected to report quarterly earnings at $2.94 per share on revenue of $4.54 billion.
• Shell Midstream Partners (NYSE:SHLX) is expected to report quarterly earnings at $0.34 per share on revenue of $123.97 million.
• Cboe Global Markets (BATS:CBOE) is estimated to report quarterly earnings at $1.40 per share on revenue of $353.75 million.
• Quhuo (NASDAQ:QH) is estimated to report quarterly earnings at $0.11 per share on revenue of $117.20 million.
• Pitney Bowes (NYSE:PBI) is expected to report quarterly earnings at $0.04 per share on revenue of $873.86 million.
• Weyerhaeuser (NYSE:WY) is likely to report quarterly earnings at $0.91 per share on revenue of $2.52 billion.
• iRadimed (NASDAQ:IRMD) is estimated to report quarterly earnings at $0.10 per share on revenue of $8.56 million.
• BeyondSpring (NASDAQ:BYSI) is projected to report earnings for its fourth quarter.
• Portland General Electric (NYSE:POR) is likely to report quarterly earnings at $0.92 per share on revenue of $578.16 million.
• Newell Brands (NASDAQ:NWL) is estimated to report quarterly earnings at $0.13 per share on revenue of $2.07 billion.
• Carter's (NYSE:CRI) is projected to report quarterly earnings at $0.32 per share on revenue of $664.49 million.
• Huntsman (NYSE:HUN) is likely to report quarterly earnings at $0.59 per share on revenue of $1.75 billion.
• Clorox (NYSE:CLX) is estimated to report quarterly earnings at $1.48 per share on revenue of $1.87 billion.
• Colgate-Palmolive (NYSE:CL) is expected to report quarterly earnings at $0.79 per share on revenue of $4.25 billion.
• Goodyear Tire & Rubber (NASDAQ:GT) is estimated to report quarterly earnings at $0.09 per share on revenue of $3.40 billion.
• Exxon Mobil (NYSE:XOM) is projected to report quarterly earnings at $0.59 per share on revenue of $54.60 billion.
• AstraZeneca (NASDAQ:AZN) is estimated to report ...Full story available on Benzinga.com",2021-04-30 08:11:54+00:00,https://www.benzinga.com/news/earnings/21/04/20883024/earnings-scheduled-for-april-30-2021,Benzinga,0.01363636363636364,0.5545454545454546,neutral,0.01363636363636364,True,False,False,False,False,False,False,False,0.0,2258,"['AON', 'IMO', 'QSR', 'GT', 'LYB', 'ALXN', 'CCLP', 'GWW', 'CHTR', 'BCPC', 'ESXB', 'HRC', 'WETF', 'DCOM', 'AVNT', 'HUN', 'SLCA', 'IESC', 'ITCB', 'ITW', 'BSAC', 'OFIX', 'ASIX', 'JCI', 'LAZ', 'PSX', 'OIIM', 'BYSI', 'NWL', 'ABBV', 'TWIN', 'JELD', 'PBI', 'PSXP', 'AZN', 'EEX', 'PFS', 'NWHM', 'B', 'LHX', 'PNM', 'SHLX', 'BCS', 'ANPC', 'POR', 'IRMD', 'CL', 'PIPR', 'WPC', 'CLX', 'QH', 'WY', 'CVEO', 'CRI', 'HSAQ', 'XOM', 'SBFG', 'CVX', 'CBOE', 'MGP', 'E']",AZN,2021-04-30
2 Top Biotech Stocks to Buy Right Now,The stocks of Novavax and Axsome Therapeutics are soaring. Here's why.,2021-04-30 10:25:00+00:00,https://www.fool.com/investing/2021/04/30/2-top-biotech-stocks-to-buy-right-now/?source=iedfolrf0000001,The Motley Fool,0.39285714285714285,0.5178571428571428,positive,0.39285714285714285,False,True,False,False,False,False,False,False,0.0,109,"['NVAX', 'PFE', 'AZN', 'MRNA', 'AXSM']",AZN,2021-04-30
Wall Street Breakfast: The Magic Returns,"Listen on the go! A daily podcast of Wall Street Breakfast will be available by 8:00 a.m. on Seeking Alpha, iTunes, Stitcher and Spotify.",2021-04-30 11:13:26+00:00,https://seekingalpha.com/article/4422806-wall-street-breakfast-magic-returns?source=feed,Seeking Alpha,0.3416666666666666,0.4666666666666666,positive,0.3416666666666666,False,False,False,False,False,False,False,False,0.0,179,"['EDR', 'MSFT', 'BCS', 'BA', 'AZN', 'GM', 'F', 'MO', 'AMZN', 'BMY', 'CAT', 'CMCSA', 'GILD', 'KHC', 'MA', 'MCD', 'MRK', 'MVIS', 'NEM', 'NIO', 'SWKS', 'SO', 'TWTR', 'DIS', 'XOM', 'CVX', 'JD', 'BABA', 'BRK.A', 'BRK.B', 'AAPL']",AZN,2021-04-30
"Emergent (EBS) Beats on Q1 Earnings, Cuts Contract Revenue View",Emergent's (EBS) earnings in the first quarter of 2021 beat estimates while revenues miss the same.  It lowers guidance for revenues from CDMO services. Stock down.,2021-04-30 14:06:00+00:00,http://www.zacks.com/stock/news/1479153/emergent-ebs-beats-on-q1-earnings-cuts-contract-revenue-view?cid=CS-ZC-FT-analyst_blog|earnings_article-1479153,Zacks Investment Research,0.03148148148148147,0.2490740740740741,neutral,0.03148148148148147,True,False,False,False,False,False,False,False,0.0,229,"['JNJ', 'AZN', 'EBS', 'HGEN']",AZN,2021-04-30
S&P Hits Record Close as Tech Earnings Continue to Impress,S&P Hits Record Close as Tech Earnings Continue to Impress,2021-04-30 14:15:00+00:00,https://www.zacks.com/registration/ultimatetrader/welcome/eoffer/30c3?adid=ZU_CONTENT_SYND&cid=CS-ZC-FT-zucommentary-29212,Zacks Investment Research,0.0,0.0,neutral,0.0,True,False,False,False,False,False,False,False,0.0,118,"['CMG', 'CAR', 'VSH', 'LSTR', 'EXTR', 'MRC', 'XOM', 'CVX', 'ABBV', 'AZN', 'AAPL', 'FB', 'AMZN']",AZN,2021-04-30
"AstraZeneca (AZN) Q1 Earnings Top, COVID-19 Vaccine Adds $275M",AstraZeneca (AZN) surpasses first-quarter estimates on both counts. Stock up in pre-market.,2021-04-30 14:19:00+00:00,http://www.zacks.com/stock/news/1479191/astrazeneca-azn-q1-earnings-top-covid-19-vaccine-adds-%24275m?cid=CS-ZC-FT-analyst_blog|earnings_article-1479191,Zacks Investment Research,0.5,0.5,positive,0.5,True,False,False,False,False,False,False,False,0.0,155,"['ALXN', 'AZN', 'PFE', 'MRK']",AZN,2021-04-30
"Alexion (ALXN) Tops Q1 Earnings, Merger With AstraZeneca On Track",Alexion (ALXN) tops earnings and sales in the first quarter of 2021. Its merger with AstraZeneca is expected to close in the third quarter.,2021-04-30 14:28:00+00:00,http://www.zacks.com/stock/news/1479301/alexion-alxn-tops-q1-earnings-merger-with-astrazeneca-on-track?cid=CS-ZC-FT-analyst_blog|earnings_article-1479301,Zacks Investment Research,0.049999999999999996,0.24444444444444446,neutral,0.049999999999999996,True,True,False,False,False,False,False,False,0.0,206,"['ALXN', 'AZN', 'RGEN', 'NBRV']",AZN,2021-04-30
"London Markets: Darktrace soars in London debut, while tobacco stocks climb on reports of billionaire taking stakes","London stocks held to gains, helped by strong performances by AstraZeneca and two tobacco companies. Also in the spotlight was a stunning debut for Darktrace.",2021-04-30 14:52:00+00:00,http://www.marketwatch.com/news/story.asp?guid=%7B21005575-02D4-D4B5-4572-D3D8E80194E5%7D&siteid=rss&rss=1,MarketWatch,0.4666666666666667,0.8666666666666667,positive,0.4666666666666667,False,False,False,False,False,False,False,False,0.0,275,"['BCS', 'AZN', 'AZN', 'BTI']",AZN,2021-04-30
Why AstraZeneca Stock Is Jumping Today,The company reported better-than-expected first-quarter results.,2021-04-30 14:55:00+00:00,https://www.fool.com/investing/2021/04/30/why-astrazeneca-stock-is-jumping-today/?source=iedfolrf0000001,The Motley Fool,0.0,0.0,neutral,0.0,False,False,False,False,False,False,False,False,0.0,104,['AZN'],AZN,2021-04-30
"Europe Markets: European stocks struggle at the end of the month, as growth slows and earnings roll in","European stocks struggled for traction on Friday, as investors absorbed results from AstraZeneca and BNP, and growth data from the region rolled in.",2021-04-30 14:59:00+00:00,http://www.marketwatch.com/news/story.asp?guid=%7B21005575-02D4-D4B5-4572-D3D8DED072A9%7D&siteid=rss&rss=1,MarketWatch,0.09999999999999999,0.3,neutral,0.09999999999999999,True,False,False,False,False,False,False,False,0.0,252,"['DAX', 'TWTR', 'AAPL', 'FB', 'AZN', 'AZN', 'BTI', 'BCS']",AZN,2021-04-30
"Pharma Stock Roundup: Big Drugmakers' Q1 Earnings, Resumption of JNJ US COVID-19 Jabs",Several large drugmakers announce Q1 earnings. Many miss estimates for both earnings and sales. J&J (JNJ) resumes COVID-19 vaccination in the United States.,2021-04-30 15:24:00+00:00,http://www.zacks.com/stock/news/1479516/pharma-stock-roundup-big-drugmakers-q1-earnings-resumption-of-jnj-us-covid-19-jabs?cid=CS-ZC-FT-analyst_blog|stock_roundup-1479516,Zacks Investment Research,0.17857142857142858,0.2571428571428571,positive,0.17857142857142858,True,False,False,False,False,False,False,False,0.0,243,"['JNJ', 'SNY', 'AZN', 'MRK', 'LLY', 'GSK', 'NVS']",AZN,2021-04-30
: AstraZeneca reveals COVID-19 vaccine sales but that isn’t why the stock is rising,"AstraZeneca stock jumped 3.4% in early trading on Friday, as the U.K.-Swedish drug company reported better-than-expected earnings, led by its blockbuster cancer drugs.",2021-04-30 17:31:00+00:00,http://www.marketwatch.com/news/story.asp?guid=%7B21005575-02D4-D4B5-4572-D3D93A8D1F07%7D&siteid=rss&rss=1,MarketWatch,0.1,0.3,neutral,0.1,True,False,False,False,False,False,False,False,0.0,252,"['AZN', 'AZN', 'PFE', 'MRNA']",AZN,2021-04-30
"Coronavirus Update: India sets another COVID case record, and Brazil’s health minister makes plea for vaccines","The global tally of confirmed cases of the coronavirus-borne illness COVID-19 climbed above 150 million on Friday, and India set yet another one-day case record, as the Indian army opened its hospitals in the latest effort to address its dire humanitarian crisis.",2021-04-30 18:34:00+00:00,http://www.marketwatch.com/news/story.asp?guid=%7B21005575-02D4-D4B5-4572-D3D99AAAB3D5%7D&siteid=rss&rss=1,MarketWatch,0.225,0.5,positive,0.225,False,False,False,False,False,False,False,False,0.0,375,"['PFE', 'BNTX', 'MRNA', 'JNJ', 'AZN', 'AZN', 'AMZN']",AZN,2021-04-30
Wall Street Breakfast: Sell In May?,"Listen on the go! A daily podcast of Wall Street Breakfast will be available by 8:00 a.m. on Seeking Alpha, iTunes, Stitcher and Spotify.",2021-05-03 11:18:47+00:00,https://seekingalpha.com/article/4423709-wall-street-breakfast-sell-in-may?source=feed,Seeking Alpha,0.2,0.2,positive,0.2,False,False,False,False,False,False,False,False,0.0,174,"['BRK.B', 'ET', 'BTX', 'DELL', 'TSLA', 'VZ', 'APO', 'INTC', 'AAPL', 'SPOT', 'PFE', 'JNJ', 'AZN', 'MRNA', 'BRK.A', 'CVX', 'EPD', 'ON', 'O', 'OHI']",AZN,2021-05-03
This Is Why Humira Isn't AbbVie's Biggest Problem Right Now,Two of AbbVie's most important assets could get a lot harder to sell.,2021-05-03 11:57:00+00:00,https://www.fool.com/investing/2021/05/03/this-is-why-humira-isnt-abbvies-biggest-problem-ri/?source=iedfolrf0000001,The Motley Fool,0.2714285714285714,0.5089285714285714,positive,0.2714285714285714,False,False,False,False,False,False,False,False,0.2,130,"['ABBV', 'JNJ', 'AZN', 'ABT', 'BGNE']",AZN,2021-05-03
3 Big Drugmaker Stocks to Watch Out For Amid Pandemic Woes,3 Big Drugmaker Stocks to Watch Out For Amid Pandemic Woes,2021-05-03 13:00:00+00:00,http://www.zacks.com/commentary/1492454/3-big-drugmaker-stocks-to-watch-out-for-amid-pandemic-woes?cid=CS-ZC-FT-industry_outlook-1492454,Zacks Investment Research,0.0,0.1,neutral,0.0,False,False,False,False,False,False,False,False,0.0,118,"['PFE', 'NVS', 'MRK', 'LLY', 'JNJ', 'AZN', 'ABBV']",AZN,2021-05-03
Price Over Earnings Overview: AstraZeneca,"Looking into the current session, AstraZeneca Inc. (NASDAQ:AZN) shares are trading at $53.23, after a 0.30% gain. Moreover, over the past month, the stock spiked by 8.15%, but in the past year, decreased by 0.45%. Shareholders might be interested in knowing whether the stock is undervalued, even if the company is performing up to par in the current session.
The stock is currently higher its 52 week low by 14.52%. Assuming that all other factors are held constant, this could present itself as an opportunity for investors trying to diversify their portfolio with Pharmaceuticals stocks, and ...Full story available on Benzinga.com",2021-05-03 13:59:02+00:00,https://www.benzinga.com/news/earnings/21/05/20915880/price-over-earnings-overview-astrazeneca,Benzinga,-0.010416666666666666,0.3673611111111111,neutral,0.010416666666666666,True,False,False,False,False,False,False,False,0.0,677,['AZN'],AZN,2021-05-03
Moderna (MRNA) to Report Q1 Earnings: What's in the Cards?,Investors are likely to focus on any updated outlook for Modena's (MRNA) authorized coronavirus vaccine and developmental progress with new COVID-19 vaccine candidate on the first-quarter earrings call.,2021-05-03 14:30:00+00:00,http://www.zacks.com/stock/news/1493933/moderna-mrna-to-report-q1-earnings-whats-in-the-cards?cid=CS-ZC-FT-analyst_blog|earnings_preview-1493933,Zacks Investment Research,0.06818181818181818,0.7272727272727273,neutral,0.06818181818181818,True,False,False,False,False,False,False,False,0.0,262,"['AZN', 'MRK', 'MRNA', 'MIST']",AZN,2021-05-03
Coronavirus Update: New Delhi court threatens to punish Indian government officials if they fail to deliver oxygen to hospitals overwhelmed by COVID cases,"The global tally of confirmed cases of the coronavirus-borne illness moved closer to 153 million on Monday as India remained the global hot spot, with a court in New Delhi saying it would start punishing government officials for failing to deliver much-needed oxygen to hospitals.",2021-05-03 18:09:00+00:00,http://www.marketwatch.com/news/story.asp?guid=%7B21005575-02D4-D4B5-4572-D3E1132EADF6%7D&siteid=rss&rss=1,MarketWatch,0.06038961038961039,0.437012987012987,neutral,0.06038961038961039,False,False,False,False,False,False,False,True,0.0,436,"['PFE', 'BNTX', 'MRNA', 'JNJ', 'AZN', 'AZN', 'NVAX', 'COMP']",AZN,2021-05-03
Europe Markets: Airline stocks gain altitude as Europe plans to welcome more overseas tourists,"Airline stocks flew higher on Tuesday, as the European Union moved to welcome foreign tourists to the region, a sign that more normal travel and tourism conditions can resume as COVID-19 vaccinations become more widespread.",2021-05-04 09:26:00+00:00,http://www.marketwatch.com/news/story.asp?guid=%7B21005575-02D4-D4B5-4572-D3E5FF291AD8%7D&siteid=rss&rss=1,MarketWatch,0.375,0.5083333333333333,positive,0.375,False,False,False,False,False,False,False,False,0.0,319,"['IAG', 'EZJ', 'AC', 'IHG', 'PFE', 'MRNA', 'AZN', 'JNJ', 'TWTR', 'DAX', 'RIO', 'BHP', 'AAL', 'BP', 'TOT']",AZN,2021-05-04
2 Expensive Stocks I'd Definitely Avoid,These businesses could be in trouble once the pandemic is over.,2021-05-04 10:03:00+00:00,https://www.fool.com/investing/2021/05/04/2-expensive-stocks-id-definitely-avoid/?source=iedfolrf0000001,The Motley Fool,-0.2333333333333333,0.4666666666666666,negative,0.2333333333333333,False,False,False,False,False,False,False,False,0.0,104,"['OCGN', 'AMZN', 'AZN', 'PTON']",AZN,2021-05-04
Is Emergent BioSolutions Still a Buy After Its Coronavirus Vaccine Flub?,Shareholders beware: The hits just won't stop coming.,2021-05-04 10:33:00+00:00,https://www.fool.com/investing/2021/05/04/is-emergent-biosolutions-still-a-buy-after-its-cor/?source=iedfolrf0000001,The Motley Fool,0.0,0.0,neutral,0.0,False,True,False,False,False,False,False,False,0.0,127,"['EBS', 'AZN', 'JNJ']",AZN,2021-05-04
Could Tonix Pharmaceuticals Be a Millionaire-Maker Stock?,This biotech's ambitious development pipeline keeps attracting attention.,2021-05-04 11:16:00+00:00,https://www.fool.com/investing/2021/05/04/could-tonix-pharmaceuticals-be-a-millionaire-maker/?source=iedfolrf0000001,The Motley Fool,0.25,0.75,positive,0.25,False,False,False,False,False,False,False,False,0.0,132,"['TNXP', 'JNJ', 'AZN']",AZN,2021-05-04
"Zacks Industry Outlook Highlights: Johnson & Johnson, AstraZeneca and Pfizer","Zacks Industry Outlook Highlights: Johnson & Johnson, AstraZeneca and Pfizer",2021-05-04 12:14:00+00:00,http://www.zacks.com/stock/news/1498363/zacks-industry-outlook-highlights-johnson-johnson-astrazeneca-and-pfizer?cid=CS-ZC-FT-press_releases-1498363,Zacks Investment Research,0.0,0.0,neutral,0.0,False,False,False,False,False,False,False,False,0.0,154,"['JNJ', 'AZN']",AZN,2021-05-04
"London Markets: FTSE 100 outpaces European indexes, lifted by airlines, commodity stocks and manufacturing data","The key British stock market index outpaced its European peers on Tuesday, led higher by travel and commodity stocks, as optimism was also buoyed by upbeat manufacturing data.",2021-05-04 13:02:00+00:00,http://www.marketwatch.com/news/story.asp?guid=%7B21005575-02D4-D4B5-4572-D3E6DD0A4BE0%7D&siteid=rss&rss=1,MarketWatch,0.05,0.3,neutral,0.05,False,False,False,False,False,False,False,False,0.0,288,"['PFE', 'MRNA', 'AZN', 'JNJ', 'IAG', 'EZJ', 'IHG', 'RIO', 'BHP', 'AAL', 'BP']",AZN,2021-05-04
Coronavirus Update: India’s COVID-19 case tally tops 20 million after nearly doubling in three months,"The global tally of confirmed cases of the coronavirus-borne illness COVID-19 climbed above 153.5 million on Tuesday, and India's case tally rose above 20 million, after nearly doubling in three months.",2021-05-04 18:41:00+00:00,http://www.marketwatch.com/news/story.asp?guid=%7B21005575-02D4-D4B5-4572-D3E6E383F178%7D&siteid=rss&rss=1,MarketWatch,0.17142857142857146,0.42142857142857143,positive,0.17142857142857146,False,False,False,False,False,False,False,False,0.0,305,"['PFE', 'BNTX', 'MRNA', 'JNJ', 'AZN', 'AZN', 'PRPO', 'AMZN', 'CVS', 'WBA']",AZN,2021-05-04
: EU regulator starts ‘rolling review’ of China’s Sinovac COVID-19 vaccine,"The European Medicines Agency has started a rolling review of China’s Sinovac COVID-19 vaccine to assess its effectiveness and safety, the first step toward possible authorization of the shot in the 27-member bloc.",2021-05-04 19:55:00+00:00,http://www.marketwatch.com/news/story.asp?guid=%7B21005575-02D4-D4B5-4572-D3E6E5A0892F%7D&siteid=rss&rss=1,MarketWatch,0.08333333333333333,0.4444444444444444,neutral,0.08333333333333333,False,False,False,False,False,False,False,False,0.0,290,"['JNJ', 'AZN', 'AZN', 'BNTX', 'PFE', 'MRNA', 'CVAC', 'NVAX']",AZN,2021-05-04
Top COVID-19 Vaccine Stories of April Put Biotech ETFs in Focus,Let's take a look at some top coronavirus vaccine stories of April and the possible impact they can have on biotech ETFs.,2021-05-04 20:00:00+00:00,http://www.zacks.com/stock/news/1500429/top-covid-19-vaccine-stories-of-april-put-biotech-etfs-in-focus?cid=CS-ZC-FT-etf_news_and_commentary-1500429,Zacks Investment Research,0.3333333333333333,0.6666666666666666,positive,0.3333333333333333,False,False,False,False,False,False,False,False,0.0,186,"['JNJ', 'AZN', 'NVAX', 'IBB', 'XBI', 'BBH', 'FBT', 'BTEC', 'OCGN', 'IBRX']",AZN,2021-05-04
Why Emergent BioSolutions Stock Dropped 30% in April,The company went from hero to zero in the fight against COVID-19.,2021-05-04 20:50:28+00:00,https://www.fool.com/investing/2021/05/04/why-emergent-biosolutions-stock-dropped-30-in-apri/?source=iedfolrf0000001,The Motley Fool,0.0,0.0,neutral,0.0,False,False,False,False,False,False,False,False,0.0,119,"['EBS', 'JNJ', 'AZN']",AZN,2021-05-04
Should Pfizer and Moderna Be Worried About This New COVID Vaccine Study?,"Probably not, but the study could benefit another vaccine maker.",2021-05-05 11:08:00+00:00,https://www.fool.com/investing/2021/05/05/should-pfizer-and-moderna-be-worried-about-this-ne/?source=iedfolrf0000001,The Motley Fool,0.13636363636363635,0.45454545454545453,positive,0.13636363636363635,False,False,False,False,False,False,False,False,0.0,138,"['PFE', 'AZN', 'NVAX', 'MRNA']",AZN,2021-05-05
Novo Nordisk's (NVO) Q1 Earnings and Sales Beat Estimates,Novo Nordisk (NVO) beat estimates for both earnings and sales in the first quarter of 2021.,2021-05-05 13:15:00+00:00,http://www.zacks.com/stock/news/1504532/novo-nordisks-nvo-q1-earnings-and-sales-beat-estimates?cid=CS-ZC-FT-analyst_blog|earnings_article-1504532,Zacks Investment Research,0.25,0.3333333333333333,positive,0.25,True,False,False,False,False,False,False,False,0.0,150,"['NVO', 'SNY', 'AZN', 'LLY']",AZN,2021-05-05
"Coronavirus Update: Global cases of COVID-19 stayed at highest levels since start of the pandemic in latest week, says WHO","The global tally of confirmed cases of the coronavirus-borne illness COVID-19 climbed above 154 million on Wednesday, and the World Health Organization said cases had remained at their highest levels since the start of the outbreak for a second straight week.",2021-05-05 15:05:00+00:00,http://www.marketwatch.com/news/story.asp?guid=%7B21005575-02D4-D4B5-4572-D3ED4EEA75CB%7D&siteid=rss&rss=1,MarketWatch,0.15714285714285717,0.34285714285714286,positive,0.15714285714285717,False,False,True,False,False,False,False,False,0.0,383,"['PFE', 'BNTX', 'MRNA', 'JNJ', 'AZN', 'AZN', 'CVAC']",AZN,2021-05-05
: Investing in the Covid-19 vaccine companies? Here’s the great divide in the group,Some have a robust pipeline of drugs that uses new technology. And others may be left behind.,2021-05-05 20:44:00+00:00,http://www.marketwatch.com/news/story.asp?guid=%7B21005575-02D4-D4B5-4572-D3ED729B6389%7D&siteid=rss&rss=1,MarketWatch,0.1340909090909091,0.47613636363636364,positive,0.1340909090909091,False,False,False,False,False,False,False,False,0.0,178,"['MRNA', 'BNTX', 'PFE', 'CVAC', 'NVAX', 'MRK', 'AZN', 'LLY', 'SNY', 'GMAB', 'JNJ']",AZN,2021-05-05
Europe Markets: European stocks turn lower as focus turns to U.S. jobs report,"European stocks edged higher on Thursday, as traders waited for the latest U.S. jobs data as well as a Bank of England decision.",2021-05-06 09:56:00+00:00,http://www.marketwatch.com/news/story.asp?guid=%7B21005575-02D4-D4B5-4572-D3F367231B35%7D&siteid=rss&rss=1,MarketWatch,0.1875,0.35,positive,0.1875,False,False,False,False,False,False,False,False,0.0,207,"['PFE', 'AZN']",AZN,2021-05-06
Wall Street Breakfast: Vaccine Chatter,"Listen on the go! A daily podcast of Wall Street Breakfast will be available by 8:00 a.m. on Seeking Alpha, iTunes, Stitcher and Spotify.",2021-05-06 11:10:55+00:00,https://seekingalpha.com/article/4424906-wall-street-breakfast-vaccine-talk?source=feed,Seeking Alpha,0.2,0.2,positive,0.2,False,False,False,False,False,False,False,False,0.0,177,"['TSLA', 'PTON', 'FB', 'TWTR', 'MRNA', 'SQ', 'GOLD', 'BKNG', 'EMR', 'ETSY', 'FSLY', 'GM', 'NRZ', 'PYPL', 'RKT', 'RUN', 'TWLO', 'UBER', 'ZNGA', 'REGN', 'K', 'VIAC', 'AMC', 'DBX', 'EXPE', 'ROKU', 'BYND', 'SHAK', 'ARKK', 'AAPL', 'KO', 'PG', 'KMB', 'GOOG', 'GOOGL', 'HD', 'SNAP', 'AMZN', 'FOXA', 'BNTX', 'CL', 'UL', 'PFE', 'JNJ', 'AZN']",AZN,2021-05-06
Why is the EU Suing AstraZeneca?,The EU doesn't think the big drugmaker has held up its end of a supply agreement.,2021-05-06 11:31:00+00:00,https://www.fool.com/investing/2021/05/06/why-is-the-eu-suing-astrazeneca/?source=iedfolrf0000001,The Motley Fool,0.0,0.1,neutral,0.0,False,False,False,False,False,False,False,False,0.0,115,['AZN'],AZN,2021-05-06
Coronavirus Update: Global tally of COVID-19 cases tops 155 million as Biden supports waivers for vaccine patents,"The global tally of confirmed cases of the coronavirus-borne illness COVID-19 climbed above 155 million on Thursday, and India's tally rose above 21 million as the Biden administration said it agrees that drug companies should share the technology behind COVIOD-19 vaccines to help end the crisis.",2021-05-06 14:28:00+00:00,http://www.marketwatch.com/news/story.asp?guid=%7B21005575-02D4-D4B5-4572-D3F450426073%7D&siteid=rss&rss=1,MarketWatch,0.08571428571428572,0.4071428571428571,neutral,0.08571428571428572,False,False,False,False,False,False,False,False,0.0,412,"['PFE', 'BNTX', 'MRNA', 'JNJ', 'AZN', 'AZN']",AZN,2021-05-06
Project Syndicate: Will corporate greed prolong the COVID-19 pandemic?,Joseph Stiglitz and Lori Wallach debunk Big Pharma's big lies about why they can't share lifesaving technologies by agreeing to temporary waivers on patent rights,2021-05-06 18:50:00+00:00,http://www.marketwatch.com/news/story.asp?guid=%7B21005575-02D4-D4B5-4572-D3F6FF4EA193%7D&siteid=rss&rss=1,MarketWatch,0.0,0.06666666666666667,neutral,0.0,False,False,False,False,False,False,False,False,0.0,234,"['PFE', 'MRNA', 'JNJ', 'BNTX', 'AZN']",AZN,2021-05-06
Does Ocugen Have a Real Shot at the U.S. COVID Vaccine Market?,The biotech faces some big challenges.,2021-05-07 10:15:00+00:00,https://www.fool.com/investing/2021/05/07/does-ocugen-have-a-real-shot-at-the-us-covid-vacci/?source=iedfolrf0000001,The Motley Fool,0.1,0.2,neutral,0.1,False,False,False,False,False,False,False,False,0.0,102,"['OCGN', 'AZN', 'JNJ', 'PFE', 'NVAX', 'MRNA', 'BNTX']",AZN,2021-05-07
: Under-40s to be offered alternative COVID-19 vaccines to AstraZeneca’s,"People under the age of 40 in the U.K. will be offered an alternative to the AstraZeneca COVID-19 vaccine, where possible, due to an ""extremely small risk"" from rare blood clots.",2021-05-07 12:27:00+00:00,http://www.marketwatch.com/news/story.asp?guid=%7B49AA4BE0-F11F-423E-A455-0F368FDAEE78%7D&siteid=rss&rss=1,MarketWatch,-0.018750000000000003,0.66875,neutral,0.018750000000000003,False,False,False,False,False,False,False,False,0.0,252,"['AZN', 'AZN', 'BNTX', 'PFE', 'MRNA', 'JNJ']",AZN,2021-05-07
"Moderna (MRNA) Beats on Q1 Earnings, Ups Vaccine Sales View",Moderna (MRNA) reports first profitable quarter on the back of its success with COVID-19 vaccine. The number of COVID-19 vaccine doses delivered in the first quarter add up to 102 million.,2021-05-07 14:24:00+00:00,http://www.zacks.com/stock/news/1516319/moderna-mrna-beats-on-q1-earnings-ups-vaccine-sales-view?cid=CS-ZC-FT-analyst_blog|earnings_article-1516319,Zacks Investment Research,0.2,0.16666666666666666,positive,0.2,True,False,False,False,False,False,False,False,0.0,249,"['AZN', 'MRK', 'MRNA', 'VRTX']",AZN,2021-05-07
"Coronavirus Update: India sets grim record of more than 414,000 new COVID cases a single day as pressure builds on Modi for nationwide lockdown","The global tally of confirmed cases of the coronavirus-borne illness COVID-19 climbed above 156 million on Friday, and India set another record with 414,188 new cases in a 24-hour period, as Pfizer Inc. and BioNTech SE started the process of applying for full regulatory approval of their vaccine.",2021-05-07 14:44:00+00:00,http://www.marketwatch.com/news/story.asp?guid=%7B7C0D52E7-45EF-44E9-B712-604D2381C8B6%7D&siteid=rss&rss=1,MarketWatch,0.050144300144300144,0.47481962481962486,neutral,0.050144300144300144,False,False,True,False,False,False,False,False,0.0,442,"['PFE', 'BNTX', 'MRNA', 'JNJ', 'AZN', 'AZN']",AZN,2021-05-07
"Ironwood's (IRWD) Q1 Earnings Beat, 2021 Guidance Muted","Ironwood (IRWD) witnesses strong demand for Linzess in the first quarter. However, outlook for 2021 misses market expectations. Stock down.",2021-05-07 14:47:00+00:00,http://www.zacks.com/stock/news/1516441/ironwoods-irwd-q1-earnings-beat-2021-guidance-muted?cid=CS-ZC-FT-analyst_blog|earnings_article-1516441,Zacks Investment Research,0.17592592592592593,0.4518518518518519,positive,0.17592592592592593,True,False,False,False,False,False,False,False,0.0,196,"['IRWD', 'AZN', 'ALNY', 'ABBV']",AZN,2021-05-07
Dispatches from a Pandemic: COVID-19 was never going to have a tidy Hollywood ending,The coronavirus pandemic will end was it began --- unpredictably.,2021-05-07 14:49:00+00:00,http://www.marketwatch.com/news/story.asp?guid=579D7089-20DF-4F9C-9459-5E67756F7D19&siteid=rss&rss=1,MarketWatch,0.21666666666666667,0.9,positive,0.21666666666666667,False,False,False,False,False,False,False,False,0.0,151,"['ZM', 'MRNA', 'PFE', 'BNTX', 'AZN']",AZN,2021-05-07
"Market Snapshot: Dow, S&P 500 rally to records as weaker-than-expected April jobs report cools fears of hawkish Fed","The Dow Jones Industrial Average trades higher midday Friday, after opening in negative territory, and the technology-laden Nasdaq Composite rises sharply, even as the April nonfarm payrolls report came in way below estimates, raising questions about the timing and pace of the labor-market rebound from COVID.",2021-05-07 15:52:00+00:00,http://www.marketwatch.com/news/story.asp?guid=%7B96FC2004-4E7B-44FD-9B40-54E79B9EDFB2%7D&siteid=rss&rss=1,MarketWatch,-0.08124999999999999,0.5125,neutral,0.08124999999999999,False,False,False,False,False,False,False,False,0.0,427,"['COMP', 'PFE', 'AZN', 'BNTX', 'JNJ', 'MRNA', 'JPM', 'BAC', 'C', 'WFC', 'XLF', 'ROKU', 'NKLA']",AZN,2021-05-07
"Coronavirus Update: India sets grim record of more than 414,000 new COVID cases a single day as pressure builds on Modi for nationwide lockdown","The global tally of confirmed cases of the coronavirus-borne illness COVID-19 climbed above 156 million on Friday, and India set another record with 414,188 new cases in a 24-hour period, as Pfizer Inc. and BioNTech SE started the process of applying for full regulatory approval of their vaccine.",2021-05-07 17:21:00+00:00,http://www.marketwatch.com/news/story.asp?guid=21005575-02D4-D4B5-4572-D3FC94941353&siteid=rss&rss=1,MarketWatch,0.050144300144300144,0.47481962481962486,neutral,0.050144300144300144,False,False,True,False,False,False,False,False,0.0,442,"['PFE', 'BNTX', 'MRNA', 'JNJ', 'AZN', 'AZN']",AZN,2021-05-07
: Under-40s to be offered alternative COVID-19 vaccines to AstraZeneca’s,"People under the age of 40 in the U.K. will be offered an alternative to the AstraZeneca COVID-19 vaccine, where possible, due to an ""extremely small risk"" from rare blood clots.",2021-05-07 17:46:00+00:00,http://www.marketwatch.com/news/story.asp?guid=21005575-02D4-D4B5-4572-D3FB4784927E&siteid=rss&rss=1,MarketWatch,-0.018750000000000003,0.66875,neutral,0.018750000000000003,False,False,False,False,False,False,False,False,0.0,252,"['AZN', 'AZN', 'BNTX', 'PFE', 'MRNA', 'JNJ']",AZN,2021-05-07
"Market Snapshot: Dow, S&P 500 both log new records despite weak April  jobs report",The Dow Jones Industrial Average and the S&P 500 index on Friday both finish at new records on the same day for the first time in about three weeks while the Nasdaq  outperformed as technology stocks led the charge.,2021-05-07 20:45:00+00:00,http://www.marketwatch.com/news/story.asp?guid=21005575-02D4-D4B5-4572-D3FBA5A27315&siteid=rss&rss=1,MarketWatch,-0.00037878787878788583,0.3987373737373738,neutral,0.00037878787878788583,False,False,False,False,False,False,False,False,0.0,299,"['COMP', 'MSFT', 'TSLA', 'NFLX', 'GOOGL', 'GOOG', 'AAPL', 'PFE', 'AZN', 'BNTX', 'JNJ', 'MRNA', 'JPM', 'BAC', 'C', 'WFC', 'XLF', 'ROKU', 'NKLA']",AZN,2021-05-07
Biotech ETFs to Suffer as US Backs IP Waiver for COVID-19 Vaccines,The Biden administration recently informed about supporting the waiver of intellectual property protections for COVID-19 vaccines that has been proposed by South Africa and India.,2021-05-07 21:00:00+00:00,http://www.zacks.com/stock/news/1517651/biotech-etfs-to-suffer-as-us-backs-ip-waiver-for-covid-19-vaccines?cid=CS-ZC-FT-etf_news_and_commentary-1517651,Zacks Investment Research,0.18333333333333335,0.3,positive,0.18333333333333335,False,False,False,False,False,False,False,False,0.0,247,"['JNJ', 'AZN', 'PFE', 'MRNA', 'IBB', 'XBI', 'BBH', 'FBT', 'BTEC']",AZN,2021-05-07
Could AstraZeneca and Sanofi Win Big in RSV?,The companies have a promising RSV candidate.,2021-05-08 10:02:00+00:00,https://www.fool.com/investing/2021/05/08/could-astrazeneca-and-sanofi-win-big-in-rsv/?source=iedfolrf0000001,The Motley Fool,0.3333333333333333,0.3333333333333333,positive,0.3333333333333333,False,False,False,False,False,False,False,False,0.0,91,"['AZN', 'SNY']",AZN,2021-05-08
Wall Street Breakfast: What Moved Markets,"Listen on the go! A daily podcast of Wall Street Breakfast's Alpha Talks will be available this morning on Seeking Alpha, iTunes, Stitcher and Spotify.",2021-05-08 11:47:37+00:00,https://seekingalpha.com/article/4425950-wall-street-breakfast-what-moved-markets?source=feed,Seeking Alpha,0.2,0.2,positive,0.2,False,False,False,False,False,False,False,False,0.0,194,"['REIT', 'RHE', 'LEDS', 'PRPO', 'NMRD', 'BGFV', 'CCXI', 'SQBG', 'INTZ', 'PCT', 'ORPH', 'HD', 'CL', 'AAPL', 'KO', 'PG', 'KMB', 'MSFT', 'BRK.B', 'WM', 'CAT', 'CNI', 'WMT', 'ECL', 'CCI', 'FDX', 'UPS', 'SDGR', 'KOF', 'PFE', 'JNJ', 'AZN', 'FB', 'TWTR', 'GOOG', 'GOOGL', 'SNAP', 'AMZN']",AZN,2021-05-08
4 Reasons to Hang On to Your Moderna Stock,A proposal to nullify intellectual property regarding COVID-19 vaccines seems unlikely to affect Moderna's bottom line.,2021-05-08 12:46:00+00:00,https://www.fool.com/investing/2021/05/08/4-reasons-to-hang-on-to-your-moderna-stock/?source=iedfolrf0000001,The Motley Fool,-0.1,0.45,neutral,0.1,False,False,False,False,False,False,False,False,0.0,163,"['MRNA', 'JNJ', 'AZN', 'NVAX', 'BNTX']",AZN,2021-05-08
Capitol Report: Biden’s move on vaccine patents represents blow for the second-biggest spender on Washington lobbying,"The Biden administration’s Wednesday decision to support waiving intellectual-property protections for COVID-19 vaccines counts as a significant disappointment for drugmakers, who rank among the biggest spenders on Washington lobbying.",2021-05-08 14:43:00+00:00,http://www.marketwatch.com/news/story.asp?guid=%7B21005575-02D4-D4B5-4572-D3F5FEE4D662%7D&siteid=rss&rss=1,MarketWatch,-0.3416666666666666,0.725,negative,0.3416666666666666,False,False,True,False,False,False,False,False,0.0,354,"['PFE', 'BNTX', 'MRNA', 'JNJ', 'AZN']",AZN,2021-05-08
Dispatches from a Pandemic: COVID-19 was never going to have a tidy Hollywood ending,The coronavirus pandemic will end was it began --- unpredictably.,2021-05-08 22:04:00+00:00,http://www.marketwatch.com/news/story.asp?guid=%7B21005575-02D4-D4B5-4572-D3E8C7D809E9%7D&siteid=rss&rss=1,MarketWatch,0.21666666666666667,0.9,positive,0.21666666666666667,False,False,False,False,False,False,False,False,0.0,151,"['ZM', 'MRNA', 'PFE', 'BNTX', 'AZN']",AZN,2021-05-08
5 Unbeatable Stocks to Buy for a Biden Bull Market,These could be the perfect stocks to own if a runaway bull market takes shape under the Biden administration.,2021-05-09 09:51:00+00:00,https://www.fool.com/investing/2021/05/09/5-unbeatable-stocks-to-buy-for-a-biden-bull-market/?source=iedfolrf0000001,The Motley Fool,0.8,1.0,positive,0.8,False,True,False,False,False,False,False,False,0.0,161,"['TRUP', 'GOOGL', 'ALXN', 'NLY', 'AZN', 'MA', 'GOOG']",AZN,2021-05-09
How Much Is BioNTech's Increased Vaccine Production Really Worth?,Additional capacity may not be as valuable as the initial doses.,2021-05-09 14:30:00+00:00,https://www.fool.com/investing/2021/05/09/how-much-is-biontechs-increased-vaccine-production/?source=iedfolrf0000001,The Motley Fool,0.16666666666666666,0.10000000000000002,positive,0.16666666666666666,False,False,False,False,True,False,False,False,0.0,131,"['BNTX', 'PFE', 'JNJ', 'AZN', 'NVAX', 'MRNA']",AZN,2021-05-09
Why Is GlaxoSmithKline Selling Its Income Stream to Royalty Pharma?,"Apparently, up-front capital is better than royalties on drugs the pharma doesn't have control over.",2021-05-09 18:06:00+00:00,https://www.fool.com/investing/2021/05/09/why-is-glaxosmithkline-selling-its-income-stream-t/?source=iedfolrf0000001,The Motley Fool,0.275,0.425,positive,0.275,False,False,False,False,False,False,False,False,0.0,169,"['GSK', 'PFE', 'EXEL', 'AZN', 'RPRX']",AZN,2021-05-09
"Coronavirus Update: India’s COVID crisis deepens, as BioNTech says there’s no evidence its vaccine needs adapting to cope with new variants","The global tally of confirmed cases of the coronavirus-borne illness COVID-19 climbed above 158 million on Monday, as cases continue to surge in Southeast Asia, and especially India, and BioNTech said there's no evidence the vaccine it developed with Pfizer Inc. needs adapting to protect against variants.",2021-05-10 18:43:00+00:00,http://www.marketwatch.com/news/story.asp?guid=%7B21005575-02D4-D4B5-4572-D405882C8194%7D&siteid=rss&rss=1,MarketWatch,0.10606060606060606,0.47575757575757577,positive,0.10606060606060606,False,False,False,False,False,False,False,False,0.0,447,"['PFE', 'BNTX', 'MRNA', 'JNJ', 'AZN', 'AZN']",AZN,2021-05-10
: AstraZeneca CEO’s pay package contested by investors,"The Investment Association, an influential investors group from the City of London, has come out against the proposed annual pay package of AstraZeneca Chief Executive Pascal Soriot, which could potentially net him some $25 million.",2021-05-10 19:55:00+00:00,http://www.marketwatch.com/news/story.asp?guid=%7B21005575-02D4-D4B5-4572-D404D32C1FD2%7D&siteid=rss&rss=1,MarketWatch,0.0,0.0,neutral,0.0,False,False,False,False,False,False,True,False,0.0,288,"['AZN', 'AZN', 'PFE']",AZN,2021-05-10
: EU won’t renew AstraZeneca COVID-19 vaccine; Pfizer shot will take precedence,"The European Union hasn’t made any new orders for AstraZeneca’s COVID-19 vaccine beyond June, when the contract ends, said European internal market commissioner Thierry Breton.",2021-05-10 19:56:00+00:00,http://www.marketwatch.com/news/story.asp?guid=%7B21005575-02D4-D4B5-4572-D4056B7F010C%7D&siteid=rss&rss=1,MarketWatch,0.03409090909090909,0.11363636363636363,neutral,0.03409090909090909,False,False,False,False,False,False,False,False,0.0,257,"['BNTX', 'PFE', 'TWTR', 'AZN', 'AZN', 'JNJ']",AZN,2021-05-10
How Will the U.S. Glut of Coronavirus Vaccines Affect Manufacturers?,The government is having issues with giving away its excess supply.,2021-05-11 10:20:00+00:00,https://www.fool.com/investing/2021/05/11/how-will-the-us-glut-of-coronavirus-vaccines-affec/?source=iedfolrf0000001,The Motley Fool,0.0,0.0,neutral,0.0,False,False,False,False,False,False,False,False,0.0,137,"['MRNA', 'PFE', 'JNJ', 'AZN', 'NVAX', 'BNTX']",AZN,2021-05-11
Will the Blood Clot Issue Hurt AstraZeneca's Vaccine in the Long Term?,Investors should be focused on the total picture for the British pharma.,2021-05-11 12:41:00+00:00,https://www.fool.com/investing/2021/05/11/will-the-blood-clot-issue-hurt-astrazenecas-vaccin/?source=iedfolrf0000001,The Motley Fool,-0.016666666666666666,0.3833333333333333,neutral,0.016666666666666666,False,False,False,False,False,False,False,False,0.0,144,['AZN'],AZN,2021-05-11
Cannabis Industry Salary Report: Increased Demand For Top Talent As Salaries Continue To Surge,"With 320,000 full-time cannabis jobs in 2021, legal adult-use cannabis in 17 states and D.C., and medical marijuana in 36 states, the U.S. cannabis industry continues to prove its strength and resiliency.
Seeking to provide a clearer picture of the industry, cannabis-focused executive search and staffing firm CannabizTeam has released its 2021 Cannabis Industry Salary Guide – Second Quarter Update.
The report looks into salaries for the most popular positions within the cannabis space and examines hiring trends.
The updated salary guide also highlights changes in the cannabis industries over the past period.
“The future is bright, and we look forward to our continued role in placing exceptional talent at the industry’s leading companies,” CannabizTeam founder and CEO Liesl Bernard disclosed.
Some of the hottest jobs in cannabis are leadership positions, including director of distribution, director of cultivation, vice president of product development, chief financial officer, vice president of ...Full story available on Benzinga.com",2021-05-11 15:36:22+00:00,https://www.benzinga.com/markets/cannabis/21/05/21042985/cannabis-industry-salary-report-increased-demand-for-top-talent-as-salaries-continue-to-surge,Benzinga,0.23974358974358975,0.3903846153846154,positive,0.23974358974358975,False,False,True,False,True,False,True,True,0.0,1144,"['AMZN', 'CSCO', 'AZN', 'JNJ', 'MRK', 'NVS', 'PEP', 'PFE', 'PG', 'STZ', 'WMT', 'YUM', 'GOOGL']",AZN,2021-05-11
Coronavirus Update: Global cases and deaths from COVID-19 are plateauing but India’s crisis continues to deepen,"The global tallies of cases and deaths from the coronavirus-borne illness COVID-19 have started to plateau, according to the World Health Organization, but they remain at ""unacceptably"" high levels in many countries, notably India, where the crisis continues to deepen.",2021-05-11 18:48:00+00:00,http://www.marketwatch.com/news/story.asp?guid=%7B21005575-02D4-D4B5-4572-D40AA945B31D%7D&siteid=rss&rss=1,MarketWatch,0.23200000000000004,0.308,positive,0.23200000000000004,False,False,False,False,False,False,False,False,0.0,382,"['PFE', 'BNTX', 'MRNA', 'JNJ', 'AZN', 'AZN', 'NVAX', 'CERC', 'COMP']",AZN,2021-05-11
Investors are starting to appreciate the business potential of vaccines,"The market for vaccines is likely going to get bigger soon, but the players will stay the same.",2021-05-12 08:00:22+00:00,https://qz.com/2006642/will-more-companies-make-vaccines-now/,Quartz,0.0,0.545,neutral,0.0,False,False,False,False,False,False,False,False,0.0,168,"['AZN', 'MRK', 'MRNA', 'PFE']",AZN,2021-05-12
"In the push for new vaccines, taxpayers keep paying and paying","New studies suggest that taxpayers are paying for Covid-19 vaccines twice over: once to bankroll much of the research itself, then again to buy back the fruits of this public-funded research.",2021-05-12 08:01:07+00:00,https://qz.com/2006390/taxpayers-are-paying-twice-or-more-for-the-covid-19-vaccine/,Quartz,0.11818181818181818,0.2772727272727273,positive,0.11818181818181818,False,True,False,False,False,False,False,False,0.0,255,"['AZN', 'MRNA', 'PFE']",AZN,2021-05-12
: AstraZeneca CEO Pascal Soriot narrowly wins vote on pay raise,"Pascal Soriot has been in charge of AstraZeneca since 2012, and resisted a takeover attempt by rival Pfizer in 2014.",2021-05-12 08:25:00+00:00,http://www.marketwatch.com/news/story.asp?guid=%7B21005575-02D4-D4B5-4572-D40BB5BADC7A%7D&siteid=rss&rss=1,MarketWatch,0.3,0.2,positive,0.3,False,False,False,False,False,False,True,False,0.0,181,"['AZN', 'AZN', 'PFE']",AZN,2021-05-12
Is Sanofi a Good Buy in 2021?,You might want to add this international blue-chip stock to your portfolio.,2021-05-12 10:20:00+00:00,https://www.fool.com/investing/2021/05/12/is-sanofi-a-good-buy-in-2021/?source=iedfolrf0000001,The Motley Fool,0.35,0.30000000000000004,positive,0.35,False,True,False,False,False,False,False,False,0.0,106,"['SNY', 'AZN', 'REGN']",AZN,2021-05-12
Coronavirus Update: Global tally of COVID-19 cases nears 160 million and variant first found in India is now in 44 countries,"The global tally of confirmed cases of the coronavirus-borne illness COVID-19 edged closer to 160 million on Wednesday, as an independent panel said the crisis was preventable if world leaders had better coordinated their response and moved faster to limit illness and deaths.",2021-05-12 18:00:00+00:00,http://www.marketwatch.com/news/story.asp?guid=%7B20C05575-04D4-B545-7410-AB171D2F36EB%7D&siteid=rss&rss=1,MarketWatch,0.19166666666666665,0.3263888888888889,positive,0.19166666666666665,False,False,False,False,False,False,False,False,0.0,402,"['PFE', 'BNTX', 'MRNA', 'JNJ', 'AZN', 'AZN', 'UBER', 'LYFT']",AZN,2021-05-12
2 Hyper-Growth Blue Chips For A Rich Retirement,"Hyper-growth stocks can help many people achieve their rich retirement goals. That's assuming you focus on safety and quality first, and prudent valuation and risk management always.",2021-05-13 09:15:59+00:00,https://seekingalpha.com/article/4428184-astrazeneca-jd-com-two-hyper-growth-blue-chips-for-a-rich-retirement?source=feed,Seeking Alpha,0.3,0.4866666666666667,positive,0.3,False,False,False,False,False,False,True,False,0.0,231,"['AZN', 'JD']",AZN,2021-05-13
Pfizer (PFE) COVID-19 Vaccine for Adolescents Endorsed by CDC,Pfizer (PFE)/BioNTech (BNTX) vaccine was 100% effective in preventing COVID-19 in adolescents aged 12-15 years old.,2021-05-13 15:13:00+00:00,http://www.zacks.com/stock/news/1546442/pfizer-pfe-covid-19-vaccine-for-adolescents-endorsed-by-cdc?cid=CS-ZC-FT-analyst_blog|company_news_-_medical_sector-1546442,Zacks Investment Research,0.19999999999999998,0.46666666666666673,positive,0.19999999999999998,False,False,False,False,False,False,False,False,0.0,178,"['JNJ', 'AZN', 'PFE', 'MRNA', 'BNTX']",AZN,2021-05-13
Coronavirus Update: Global tally of COVID-19 cases tops 160 million as U.S. gears up to vaccinate 12- to 15-year-olds,"The global tally of confirmed cases of the coronavirus-borne illness COVID-19 climbed above 160 million on Thursday, as the U.S. braced for the start of a vaccination program for 12- to 15-year-olds after an authorization from the nation's main public health agency.",2021-05-13 18:25:00+00:00,http://www.marketwatch.com/news/story.asp?guid=%7B20C05575-04D4-B545-7417-529BA68A8F26%7D&siteid=rss&rss=1,MarketWatch,0.09444444444444444,0.25,neutral,0.09444444444444444,False,False,False,False,False,False,False,False,0.0,385,"['PFE', 'BNTX', 'MRNA', 'JNJ', 'AZN', 'AZN']",AZN,2021-05-13
": Mixing Pfizer and AstraZeneca COVID-19 vaccines increases mild side effects but is safe, study shows","Mixing doses of COVID-19 vaccines increases the risk of mild to moderate side effects when compared with administering two shots of the same vaccine, according to a U.K. trial.",2021-05-13 19:59:00+00:00,http://www.marketwatch.com/news/story.asp?guid=%7B20C05575-04D4-B545-7416-7B51F20448A2%7D&siteid=rss&rss=1,MarketWatch,0.2333333333333333,0.465,positive,0.2333333333333333,False,False,False,False,False,False,False,False,0.0,280,"['AZN', 'AZN', 'PFE', 'BNTX', 'MRNA', 'NVAX']",AZN,2021-05-13
Emergent (EBS) Issues Plan to Resume Bayview Facility Operation,Emergent (EBS) starts to make improvements at its Baview facility in order to meet FDA's standard and resume production of J&J's COVID-19 vaccine.,2021-05-14 14:00:00+00:00,http://www.zacks.com/stock/news/1551032/emergent-ebs-issues-plan-to-resume-bayview-facility-operation?cid=CS-ZC-FT-analyst_blog|company_news_-_medical_sector-1551032,Zacks Investment Research,0.0,0.0,neutral,0.0,False,False,True,False,True,False,False,False,0.0,211,"['JNJ', 'AZN', 'MRNA', 'EBS']",AZN,2021-05-14
"Delaying second Pfizer COVID-19 shot boosts immune response in over-80s, study finds","Extending the gap between doses of the Pfizer–BioNTech COVID-19 vaccine from three to 12 weeks significantly boosts the antibody response in elderly people, according to a new U.K. study.",2021-05-14 19:59:00+00:00,http://www.marketwatch.com/news/story.asp?guid=%7B20C05575-04D4-B545-741D-399E8346727C%7D&siteid=rss&rss=1,MarketWatch,0.17045454545454544,0.4431818181818182,positive,0.17045454545454544,False,False,True,False,False,False,False,False,0.0,273,"['PFE', 'BNTX', 'AZN', 'AZN']",AZN,2021-05-14
"The Best Stocks to Invest $10,000 In Right Now",A volatile market is the perfect time to put your money to work in these top-tier stocks.,2021-05-17 09:51:00+00:00,https://www.fool.com/investing/2021/05/17/the-best-stocks-to-invest-10000-in-right-now/?source=iedfolrf0000001,The Motley Fool,0.7619047619047619,0.6119047619047618,positive,0.7619047619047619,False,False,False,False,False,False,False,False,0.0,137,"['FB', 'ALXN', 'AZN', 'NEE', 'CRWD']",AZN,2021-05-17
Apellis' (APLS) Blood Disorder Drug Empaveli Gets FDA Nod,The FDA approves Apeliis' (APLS) Empaveli for the treatment of paroxysmal nocturnal hemoglobinuria in adult patients.,2021-05-17 14:12:00+00:00,http://www.zacks.com/stock/news/1565771/apellis-apls-blood-disorder-drug-empaveli-gets-fda-nod?cid=CS-ZC-FT-analyst_blog|company_news_-_medical_sector-1565771,Zacks Investment Research,0.1,0.3,neutral,0.1,False,False,True,False,False,False,False,False,0.0,176,"['ALXN', 'AZN', 'APLS', 'BNTX']",AZN,2021-05-17
Biden sees U.S. as ‘arsenal of vaccines’ as he plans to send 20 million more doses overseas,"President Joe Biden on Monday borrows from Franklin D. Roosevelt's rhetoric as commander-in-chief during World War II, as his administration announces its plans to ship 20 million more COVID-19 vaccine doses to other countries.",2021-05-17 18:16:00+00:00,http://www.marketwatch.com/news/story.asp?guid=%7B20C05575-04D4-B545-7428-63A36952361C%7D&siteid=rss&rss=1,MarketWatch,0.2916666666666667,0.4583333333333333,positive,0.2916666666666667,False,False,False,False,False,False,False,False,0.0,320,"['PFE', 'MRNA', 'JNJ', 'AZN']",AZN,2021-05-17
Almost half U.S. population is partially vaccinated against COVID-19 — while Asia remains a virus hot spot,"The U.S. COVID-19 vaccine drive is showing marked progress in reducing infections, hospitalizations and deaths with new cases down 32% in the last two weeks, according to a New York Times tracker, and almost 50% of Americans are partially vaccinated.",2021-05-17 18:34:00+00:00,http://www.marketwatch.com/news/story.asp?guid=%7B20C05575-04D4-B545-7426-53B9EFD2B3FB%7D&siteid=rss&rss=1,MarketWatch,0.011167227833894495,0.38681257014590353,neutral,0.011167227833894495,False,False,False,False,False,False,False,False,0.0,358,"['PFE', 'BNTX', 'MRNA', 'JNJ', 'AZN', 'AZN', 'COMP']",AZN,2021-05-17
2 Biotech Stocks Bucking the Trend Right Now,Shares of these biotechs have been soaring in the opposite direction of their peers.,2021-05-18 10:47:00+00:00,https://www.fool.com/investing/2021/05/18/biotech-stocks-bucking-the-trend-right-now/?source=iedfolrf0000001,The Motley Fool,0.14285714285714285,0.26785714285714285,positive,0.14285714285714285,False,False,False,False,False,False,False,False,0.0,130,"['BCRX', 'AZN', 'XBI', 'TNXP']",AZN,2021-05-18
Wall Street Breakfast: Retail Earnings Parade,"Listen on the go! A daily podcast of Wall Street Breakfast will be available by 8:00 a.m. on Seeking Alpha, iTunes, Stitcher and Spotify.",2021-05-19 11:05:53+00:00,https://seekingalpha.com/article/4429890-wall-street-breakfast-retail-earnings-parade?source=feed,Seeking Alpha,0.029166666666666674,0.2111111111111111,neutral,0.029166666666666674,True,False,False,False,False,False,False,False,0.0,184,"['BIDU', 'HD', 'M', 'WMT', 'LOW', 'TGT', 'TJX', 'LB', 'KSS', 'RL', 'ROST', 'WOOF', 'FL', 'TSLA', 'F', 'SHOP', 'GOOGL', 'AZN', 'MSFT', 'BA', 'T', 'DISCA', 'JPM']",AZN,2021-05-19
Red Cross calls on wealthier countries to end ‘glaring inequity’ in COVID-19 vaccine access as global case tally nears 164 million,"The global tally of confirmed cases of the coronavirus-borne illness COVID-19 headed closer to 164 million on Tuesday, as the Red Cross called on wealthier countries and drug companies to move faster to get vaccines all around the world and end the ""glaring inequity"" in access.",2021-05-19 11:26:00+00:00,http://www.marketwatch.com/news/story.asp?guid=%7B20C05575-04D4-B545-742C-0489053F54DC%7D&siteid=rss&rss=1,MarketWatch,0.05714285714285715,0.14285714285714285,neutral,0.05714285714285715,False,False,False,False,False,False,False,False,0.0,410,"['PFE', 'BNTX', 'MRNA', 'JNJ', 'AZN', 'AZN', 'COMP']",AZN,2021-05-19
Opinion: Waiving COVID-19 vaccine patents would be disastrous,The U.S. government spent at least $12.4 billion through Operation Warp Speed.,2021-05-19 13:16:00+00:00,http://www.marketwatch.com/news/story.asp?guid=%7B20C05575-04D4-B545-7430-04F233D37E4C%7D&siteid=rss&rss=1,MarketWatch,-0.36666666666666664,0.43333333333333335,negative,0.36666666666666664,False,False,False,False,False,False,False,False,0.0,141,"['PFE', 'MRNA', 'AZN', 'AZN']",AZN,2021-05-19
BioNTech (BNTX) Up More Than 100% So Far This Year: Here's Why,"BioNTech (BNTX) is riding high on the robust performance of its COVID-19 vaccine, BNT162b2, which has been developed in partnership with Pfizer.",2021-05-19 14:38:00+00:00,http://www.zacks.com/stock/news/1576418/biontech-bntx-up-more-than-100-so-far-this-year-heres-why?cid=CS-ZC-FT-analyst_blog|price_surge_/_plunge-1576418,Zacks Investment Research,0.215,0.585,positive,0.215,False,False,False,True,False,False,False,False,0.0,208,"['AZN', 'MRNA', 'BNTX']",AZN,2021-05-19
"As Europe relaxes COVID-19 restrictions and U.S. cases fall, India suffers deadliest single day of the pandemic","The uneven state of the pandemic across the world was on full display Wednesday, with India setting a global record for one-day fatalities, while the U.S. reported continued declines in cases and deaths and the European Union said it would open its borders to vaccinated travelers after months of restrictions.",2021-05-19 18:54:00+00:00,http://www.marketwatch.com/news/story.asp?guid=%7B20C05575-04D4-B545-7432-44FB69585B86%7D&siteid=rss&rss=1,MarketWatch,-0.07448979591836735,0.3091836734693878,neutral,0.07448979591836735,False,False,False,False,False,False,False,False,0.0,423,"['PFE', 'BNTX', 'MRNA', 'JNJ', 'AZN', 'AZN']",AZN,2021-05-19
A plant-based COVID-19 vaccine from a GlaxoSmithKline alliance with Medicago shows strong antibody response,Trial participants have 10 times more antibodies in their systems than patients recovering from COVID-19.,2021-05-19 20:02:00+00:00,http://www.marketwatch.com/news/story.asp?guid=%7B20C05575-04D4-B545-742C-A1F6E0F908E4%7D&siteid=rss&rss=1,MarketWatch,0.4666666666666667,0.6166666666666667,positive,0.4666666666666667,False,False,False,False,False,False,False,False,0.0,214,"['GSK', 'AZN']",AZN,2021-05-19
10 countries where vaccinated Americans are allowed to travel — but it won’t come cheap,"Several countries are easing restrictions for fully-vaccinated people looking to vacation, even though public-health officials have maintained warnings against unnecessary travel.",2021-05-19 20:39:00+00:00,http://www.marketwatch.com/news/story.asp?guid=%7B21005575-02D4-D4B5-4572-D36B52FDFDA2%7D&siteid=rss&rss=1,MarketWatch,0.0,0.5333333333333333,neutral,0.0,False,False,False,False,False,False,False,False,0.0,268,"['MRNA', 'JNJ', 'BNTX', 'PFE', 'AZN']",AZN,2021-05-19
"Emergent CEO says company made over 100 million doses of J&J vaccine, apologizes for contaminated batch","Emergent BioSolutions Inc. has made enough of a key ingredient to yield more than 100 million doses of Johnson & Johnson’s Covid-19 vaccine, and federal health regulators are evaluating whether to release the shots, Emergent’s chief executive said.",2021-05-19 20:46:00+00:00,http://www.marketwatch.com/news/story.asp?guid=%7B20C05575-04D4-B545-7436-9694E7EA3C6D%7D&siteid=rss&rss=1,MarketWatch,0.16666666666666666,0.6666666666666666,positive,0.16666666666666666,False,False,False,False,True,False,True,False,0.0,353,"['EBS', 'JNJ', 'AZN']",AZN,2021-05-19
"Company News for May 20, 2021","Companies In The News Are: TGT, AMD, AZN, RETA",2021-05-20 13:43:00+00:00,http://www.zacks.com/stock/news/1581430/company-news-for-may-20-2021?cid=CS-ZC-FT-corporate_summary-1581430,Zacks Investment Research,0.0,0.0,neutral,0.0,False,False,False,False,False,False,False,False,0.0,77,"['TGT', 'AZN', 'AMD', 'RETA']",AZN,2021-05-20
WHO Europe advises avoiding international travel for now as concern about vaccine inequity grows,"Travelers keen to jet off for a long-awaited vacation should exercise patience in the face of 'fragile' progress in containing the coronavirus pandemic, which makes it necessary to avoid international travel for now, the World Health Organization's regional head for Europe warned on Thursday.",2021-05-20 18:21:00+00:00,http://www.marketwatch.com/news/story.asp?guid=%7B20C05575-04D4-B545-7439-859DA31D4E86%7D&siteid=rss&rss=1,MarketWatch,0.0,0.375,neutral,0.0,False,False,False,False,False,False,False,False,0.0,391,"['EBS', 'JNJ', 'PFE', 'BNTX', 'AZN', 'AZN', 'KR', 'WMT', 'TGT']",AZN,2021-05-20
Is BioCryst a Good Stock to Buy Now?,This commercial-stage drugmaker trades for less than many of its clinical-stage peers.,2021-05-21 10:27:00+00:00,https://www.fool.com/investing/2021/05/21/is-biocryst-a-good-biotech-stock-to-buy-now/?source=iedfolrf0000001,The Motley Fool,0.3444444444444444,0.3888888888888889,positive,0.3444444444444444,False,True,False,False,False,False,False,False,0.0,124,"['BCRX', 'AZN', 'TAK', 'KALV']",AZN,2021-05-21
Lilly's (LLY) Fifth Tirzepatide Study Meets All Key Endpoints,Lilly's (LLY) SURPASS-4 study evaluating tirzepatide against insulin glargine in adults with type 2 diabetes and increased cardiovascular risk meets all primary and key secondary endpoints.,2021-05-21 12:51:00+00:00,http://www.zacks.com/stock/news/1583698/lillys-lly-fifth-tirzepatide-study-meets-all-key-endpoints?cid=CS-ZC-FT-analyst_blog|company_news_-_medical_sector-1583698,Zacks Investment Research,0.02500000000000001,0.7,neutral,0.02500000000000001,False,False,True,False,False,False,False,False,0.0,252,"['NVO', 'SNY', 'AZN', 'LLY']",AZN,2021-05-21
"Pharma Stock Roundup: GSK/SNY COVID-19 Vaccine Data, PFE's New EU Supply Deal",Sanofi (SNY) and Glaxo's (GSK) COVID-19 vaccine shows strong antibody response in phase II. Lilly's fifth phase III study on tirzepatide meets all key endpoints,2021-05-21 13:51:00+00:00,http://www.zacks.com/stock/news/1583962/pharma-stock-roundup-gsk-sny-covid-19-vaccine-data-pfes-new-eu-supply-deal?cid=CS-ZC-FT-analyst_blog|stock_roundup-1583962,Zacks Investment Research,0.18989898989898987,0.7292929292929292,positive,0.18989898989898987,False,False,False,False,False,False,False,False,0.0,239,"['SNY', 'AZN', 'PFE', 'MRK', 'LLY', 'GSK', 'NVS']",AZN,2021-05-21
COVID vaccination success in U.S. and other wealthy countries contrasts with shortages elsewhere as G-20 promises to step up,"Growing optimism that the coronavirus-borne illness COVID-19 is on the retreat in the U.S. and other wealthy countries was tempered Friday by continuing high case numbers in many parts of Asia, where some countries are running low on vaccines and unsure when fresh supplies will arrive.",2021-05-21 18:16:00+00:00,http://www.marketwatch.com/news/story.asp?guid=%7B20C05575-04D4-B545-743F-D8D47E4D34D0%7D&siteid=rss&rss=1,MarketWatch,0.2233333333333333,0.51,positive,0.2233333333333333,False,False,False,False,False,False,False,False,0.0,412,"['PFE', 'BNTX', 'MRNA', 'JNJ', 'AZN', 'AZN', 'NVAX']",AZN,2021-05-21
Booster dose of COVID vaccines to be given to U.K. volunteers in new trial,Thousands of volunteers will be given a third dose of COVID-19 vaccines as part of a clinical trial to examine whether a “booster” shot can protect against COVID-19 and new coronavirus disease variants.,2021-05-21 19:56:00+00:00,http://www.marketwatch.com/news/story.asp?guid=%7B20C05575-04D4-B545-7438-C1CF2BFEFD00%7D&siteid=rss&rss=1,MarketWatch,0.0909090909090909,0.30303030303030304,neutral,0.0909090909090909,False,False,False,False,False,False,False,False,0.0,278,"['PFE', 'BNTX', 'AZN', 'AZN', 'MRNA', 'NVAX', 'JNJ', 'CVAC', 'VALN']",AZN,2021-05-21
"When was the last time you saw Paris? EU ambassadors will ease travel restrictions, but Americans still face hurdles","The EU will give more details on the relaxation of existing measures next week, but every country will have its own timetable.",2021-05-24 10:23:49+00:00,http://www.marketwatch.com/news/story.asp?guid=%7B48E1E0A8-B8D3-11EB-BA53-0E48B7786B3E%7D&siteid=rss&rss=1,MarketWatch,0.275,0.39166666666666666,positive,0.275,False,False,False,False,False,False,False,False,0.0,244,"['DAL', 'AAL', 'PFE', 'BNTX', 'MRNA', 'AZN', 'JNJ']",AZN,2021-05-24
Wall Street Breakfast: Dogs Who Sniff Covid,"Listen on the go! A daily podcast of Wall Street Breakfast will be available by 8:00 a.m. on Seeking Alpha, iTunes, Stitcher and Spotify.",2021-05-24 11:24:47+00:00,https://seekingalpha.com/article/4430825-wall-street-breakfast-dogs-who-sniff-covid?source=feed,Seeking Alpha,0.2,0.2,positive,0.2,False,False,False,False,False,False,False,False,0.0,182,"['AAPL', 'T', 'AZN', 'F', 'JWN', 'URBN', 'GPS', 'NVDA', 'CRM', 'SNOW', 'WDAY', 'SPCE', 'QDEL', 'FLGT', 'HOLX', 'ABT', 'PKI', 'FLDM', 'DGX', 'COST', 'BBY']",AZN,2021-05-24
AstraZeneca's (AZN) Coronavirus Vaccine Gets EUA in Japan,AstraZeneca's (AZN) COVID-19 vaccine Vaxzevria gets an approval for emergency use in Japan for active immunization of individuals aged 18 years and older.,2021-05-24 14:15:00+00:00,http://www.zacks.com/stock/news/1598618/astrazenecas-azn-coronavirus-vaccine-gets-eua-in-japan?cid=CS-ZC-FT-analyst_blog|company_news_-_medical_sector-1598618,Zacks Investment Research,-0.022222222222222227,0.4444444444444444,neutral,0.022222222222222227,False,False,False,False,False,False,False,False,0.0,213,"['JNJ', 'AZN', 'PFE', 'MRNA']",AZN,2021-05-24
WHO head slams ‘scandalous inequity’ in COVID vaccines with 10 countries accounting for 75% of doses administered,"The head of the World Health Organization slammed wealthy countries for a ""scandalous inequity"" in COVID-19 vaccines that is prolonging the coronavirus pandemic, and said 10 countries account for 75% of the vaccine doses that have so far been administered.",2021-05-24 19:06:00+00:00,http://www.marketwatch.com/news/story.asp?guid=%7B20C05575-04D4-B545-7446-C3E1B2593958%7D&siteid=rss&rss=1,MarketWatch,0.3,1.0,positive,0.3,False,False,False,False,False,False,False,False,0.0,371,"['PFE', 'BNTX', 'MRNA', 'JNJ', 'AZN', 'AZN', 'COMP']",AZN,2021-05-24
Will the World Trade Organization Seize the COVID-19 Vaccines' IP?,It depends on whether all 164 countries in the World Trade Organization reach unanimous agreement.,2021-05-25 00:00:00+00:00,https://www.fool.com/investing/2021/05/24/will-the-world-trade-organization-seize-the-covid/?source=iedfolrf0000001,The Motley Fool,0.0,0.0,neutral,0.0,False,False,False,False,False,False,False,False,0.0,166,"['NVAX', 'AZN']",AZN,2021-05-25
Forget Patent Rights! Here's the Real Issue in COVID-19 Vaccine Distribution,The problems that are actually slowing down vaccine distribution globally involve bottlenecks in the raw material supply chain.,2021-05-25 03:00:00+00:00,https://www.fool.com/investing/2021/05/24/forget-patent-rights-heres-the-real-issue-in-covid/?source=iedfolrf0000001,The Motley Fool,-0.03726495726495727,0.23008547008547006,neutral,0.03726495726495727,False,False,False,False,False,False,False,False,0.0,205,"['NVAX', 'AZN']",AZN,2021-05-25
Is Johnson & Johnson a Buy for Summer 2021?,This pharmaceutical giant and troubled coronavirus vaccine maker has lagged behind the overall market. Is it a decent contrarian play?,2021-05-25 09:39:00+00:00,https://www.fool.com/investing/2021/05/25/is-johnson-johnson-a-buy-for-summer-2021/?source=iedfolrf0000001,The Motley Fool,-0.14666666666666667,0.6733333333333333,negative,0.14666666666666667,False,True,False,False,False,False,False,False,0.0,179,"['JNJ', 'AZN', 'PFE', 'EBS', 'MRNA']",AZN,2021-05-25
Could This Study Be Bad News for Pfizer's COVID Vaccine Sales?,It might seem bad at first glance.,2021-05-25 09:52:00+00:00,https://www.fool.com/investing/2021/05/25/could-this-study-be-bad-news-pfizers-covid-vaccine/?source=iedfolrf0000001,The Motley Fool,-0.38333333333333325,0.5555555555555555,negative,0.38333333333333325,False,False,False,False,False,False,False,False,0.0,98,"['PFE', 'AZN', 'BNTX']",AZN,2021-05-25
Wall Street Breakfast: Sentiment Change?,"Listen on the go! A daily podcast of Wall Street Breakfast will be available by 8:00 a.m. on Seeking Alpha, iTunes, Stitcher and Spotify.",2021-05-25 11:10:23+00:00,https://seekingalpha.com/article/4431080-wall-street-breakfast-sentiment-change?source=feed,Seeking Alpha,0.2,0.2,positive,0.2,False,False,False,False,False,False,False,False,0.0,179,"['COG', 'XEC', 'CMCSA', 'AAPL', 'PFE', 'AZN', 'PTON', 'COIN', 'RIDE', 'AZO', 'JWN', 'TOL', 'URBN', 'RYAAY', 'SQ', 'AMZN', 'BAC']",AZN,2021-05-25
How the Adolescent COVID Vaccine Market Could Be Huge for Pfizer... Eventually,"There's a sizable opportunity for Pfizer, but one that probably won't make the company significant revenue until next year.",2021-05-25 12:01:00+00:00,https://www.fool.com/investing/2021/05/25/how-the-adolescent-covid-vaccine-market-could-be-h/?source=iedfolrf0000001,The Motley Fool,0.25833333333333336,0.5916666666666667,positive,0.25833333333333336,True,False,False,False,False,False,False,False,0.0,203,"['PFE', 'AZN', 'JNJ', 'NVAX', 'MRNA', 'BNTX']",AZN,2021-05-25
Can the World Trade Organization Speed Up Global Vaccine Distribution?,"Maybe, but dissolving patent protections isn't going to work -- and it might do the opposite.",2021-05-25 12:16:00+00:00,https://www.fool.com/investing/2021/05/25/can-the-world-trade-organization-speed-up-global-v/?source=iedfolrf0000001,The Motley Fool,0.0,0.0,neutral,0.0,False,False,False,False,False,False,False,False,0.0,165,"['AZN', 'NVAX', 'MRNA']",AZN,2021-05-25
"EU expects to take delivery of 1 billion COVID-19 vaccine doses by the end of September, agrees on digital certificate for travelers","The European Union, which has been lagging in getting its 450 million citizens vaccinated against COVID-19, expects to take delivery of 1 billion vaccine doses by end-September, propelling it past its goal of inoculating at least 70% of its population by late summer.",2021-05-25 17:16:00+00:00,http://www.marketwatch.com/news/story.asp?guid=%7B20C05575-04D4-B545-744D-7EDCC04E298E%7D&siteid=rss&rss=1,MarketWatch,-0.17,0.25,negative,0.17,False,False,False,False,False,False,False,False,0.0,401,"['PFE', 'BNTX', 'JNJ', 'AZN', 'AZN', 'MRNA', 'CVAC', 'SNY', 'SAN']",AZN,2021-05-25
AstraZeneca’s $39 billion takeover of U.S.-based Alexion Pharmaceuticals examined by U.K. regulator,The deal has already been approved by the U.S. and Canadian authorities.,2021-05-26 09:06:00+00:00,http://www.marketwatch.com/news/story.asp?guid=%7B20C05575-04D4-B545-744C-B0AD7BA864D7%7D&siteid=rss&rss=1,MarketWatch,0.0,0.0,neutral,0.0,False,False,False,False,False,False,False,False,0.0,173,"['AZN', 'ALXN']",AZN,2021-05-26
"Taiwan criticizes China over Pfizer vaccine deal, and Wuhan lab theory irks Beijing",Tensions between Taiwan and Beijing flared on Wednesday when Taiwanese President Tsai Ing-wen accused China of blocking a deal Taipei was negotiating with Pfizer Inc. and German partner BioNTech to supply the island with COVID-19 vaccines.,2021-05-26 19:05:00+00:00,http://www.marketwatch.com/news/story.asp?guid=%7B20C05575-04D4-B545-7453-FD619FB6D85F%7D&siteid=rss&rss=1,MarketWatch,0.0,0.0,neutral,0.0,False,False,False,False,False,False,False,False,0.0,324,"['AZN', 'AZN', 'MRNA', 'BNTX', 'PFE']",AZN,2021-05-26
"CureVac’s COVID vaccine has important role to play in fighting variants, CEO says",CureVac’s CEO said the company’s experimental COVID-19 vaccine can still play an important role in the pandemic fight given the “rapid spread” of concerning variants.,2021-05-26 19:56:00+00:00,http://www.marketwatch.com/news/story.asp?guid=%7B20C05575-04D4-B545-7454-8011A794B076%7D&siteid=rss&rss=1,MarketWatch,0.3,0.7999999999999999,positive,0.3,False,False,False,False,False,False,True,False,0.2,249,"['CVAC', 'BNTX', 'PFE', 'MRNA', 'AZN', 'AZN', 'GSK', 'GSK']",AZN,2021-05-26
Why Is No One Talking About Viatris Stock?,"This company is one of the largest manufacturers of generic pharmaceuticals in the world, but it may be underpriced.",2021-05-27 12:21:00+00:00,https://www.fool.com/investing/2021/05/27/why-is-no-one-talking-about-viatris-stock/?source=iedfolrf0000001,The Motley Fool,0.0,0.0,neutral,0.0,False,False,False,False,False,False,False,False,0.0,160,"['VTRS', 'PFE', 'TEVA', 'SNY', 'AZN', 'NVO']",AZN,2021-05-27
"FDA, J&J set to announce Baltimore vaccine plant ready to reopen","The Food and Drug Administration and vaccine maker Johnson & Johnson expect to announce as early as Friday that contamination problems at a COVID-19 vaccine plant in Baltimore are resolved, clearing the way for millions more doses to become available.",2021-05-27 23:20:00+00:00,http://www.marketwatch.com/news/story.asp?guid=%7B20C05575-04D4-B545-7461-4E2B952D7C8F%7D&siteid=rss&rss=1,MarketWatch,0.30000000000000004,0.42500000000000004,positive,0.30000000000000004,False,False,True,False,False,False,False,False,0.0,317,"['EBS', 'JNJ', 'AZN']",AZN,2021-05-27
"COVID Vaccine Update: Where J&J, AstraZeneca, Novavax, and Sinovac Stand Now",Several of these vaccine makers face challenges.,2021-05-28 11:03:00+00:00,https://www.fool.com/investing/2021/05/28/covid-vaccine-update-where-jj-astrazeneca-novavax/?source=iedfolrf0000001,The Motley Fool,0.0,0.0,neutral,0.0,False,False,False,False,False,False,False,False,0.0,126,"['JNJ', 'AZN', 'PFE', 'NVAX', 'MRNA', 'BNTX']",AZN,2021-05-28
Is It Too Late to Buy the Most Promising Pipeline in the Pharma Industry?,Fast-growing AstraZeneca might make an interesting addition to your portfolio.,2021-05-28 11:10:00+00:00,https://www.fool.com/investing/2021/05/28/is-it-too-late-to-buy-the-most-promising-pipeline/?source=iedfolrf0000001,The Motley Fool,0.225,0.525,positive,0.225,False,True,False,False,False,False,False,False,0.0,153,"['AZN', 'SPY', 'ALXN', 'GILD', 'GSK']",AZN,2021-05-28
U.S. heads into holiday weekend with 51% of adults fully vaccinated and COVID cases down 35% from two weeks ago,"Growing optimism in the U.S., where COVID-19 cases, deaths and hospitalizations have fallen fast since the vaccine program kicked into high gear, have many planning to travel over the Memorial Day weekend in a contrast to last year's holiday when the pandemic was still raging.",2021-05-28 18:22:00+00:00,http://www.marketwatch.com/news/story.asp?guid=%7B20C05575-04D4-B545-7463-14B88E21447F%7D&siteid=rss&rss=1,MarketWatch,0.1408888888888889,0.3991111111111111,positive,0.1408888888888889,False,False,False,False,False,False,False,False,0.0,390,"['BNTX', 'PFE', 'JNJ', 'EBS', 'AZN', 'AZN']",AZN,2021-05-28
Johnson & Johnson COVID-19 vaccine authorized for use in the U.K.,The Johnson & Johnson COVID-19 vaccine has been authorized for emergency use by the U.K. medicines regulator.,2021-05-28 19:51:00+00:00,http://www.marketwatch.com/news/story.asp?guid=%7B20C05575-04D4-B545-7462-FEFDE24100BD%7D&siteid=rss&rss=1,MarketWatch,0.0,0.0,neutral,0.0,False,False,False,False,False,False,False,False,0.0,176,"['JNJ', 'PFE', 'BNTX', 'AZN', 'AZN', 'MRNA']",AZN,2021-05-28
2 Deeply Discounted Dividend Stocks to Buy and Hold Right Now,These pharmaceutical companies might make great long-term additions to your portfolio.,2021-05-30 13:19:00+00:00,https://www.fool.com/investing/2021/05/30/deeply-discounted-dividend-stocks-to-buy-and-hold/?source=iedfolrf0000001,The Motley Fool,0.36190476190476195,0.5619047619047619,positive,0.36190476190476195,False,True,False,False,False,True,False,False,0.0,149,"['AZN', 'SPY', 'SNY', 'GSK']",AZN,2021-05-30
Novo Nordisk (NVO) Inks Deal to Develop Heart Failure Treatment,"Novo Nordisk (NVO) inks an exclusive license agreement with Heartseed Inc. to manufacture and commercialize the latter's HS-001, a cell therapy developed for the treatment of heart failure.",2021-06-01 14:29:00+00:00,http://www.zacks.com/stock/news/1639526/novo-nordisk-nvo-inks-deal-to-develop-heart-failure-treatment?cid=CS-ZC-FT-analyst_blog|company_news_-_medical_sector-1639526,Zacks Investment Research,-0.13333333333333336,0.22499999999999998,negative,0.13333333333333336,False,False,False,False,False,False,False,False,0.0,254,"['NVO', 'AZN', 'ZTS']",AZN,2021-06-01
Top COVID-19 Vaccine Stories of May Put Biotech ETFs in Focus,Let's take a look at some top coronavirus vaccine stories of May and the possible impact they can have on biotech ETFs.,2021-06-01 20:00:00+00:00,http://www.zacks.com/stock/news/1640491/top-covid-19-vaccine-stories-of-may-put-biotech-etfs-in-focus?cid=CS-ZC-FT-etf_news_and_commentary-1640491,Zacks Investment Research,0.3333333333333333,0.6666666666666666,positive,0.3333333333333333,False,False,False,False,False,False,False,False,0.0,182,"['SNY', 'AZN', 'PFE', 'MRNA', 'IBB', 'XBI', 'BBH', 'FBT', 'BTEC', 'BNTX', 'CVAC']",AZN,2021-06-01
This Is Why Amgen's New Cancer Drug Could Be Huge,The speedy approval of Lumakras could drive growth for years to come.,2021-06-02 10:13:00+00:00,https://www.fool.com/investing/2021/06/02/this-is-why-lumakras-could-be-huge-for-amgen/?source=iedfolrf0000001,The Motley Fool,0.2681818181818182,0.6772727272727272,positive,0.2681818181818182,False,False,False,False,False,False,False,False,0.0,120,"['AMGN', 'AZN', 'QGEN', 'MRTX', 'GH']",AZN,2021-06-02
Zero U.K. COVID-19 deaths recorded for first time since start of pandemic,"The U.K. recorded no daily deaths from COVID-19 for the first time since the start of the pandemic in March 2020, according to the latest government data released on Tuesday.",2021-06-02 11:18:00+00:00,http://www.marketwatch.com/news/story.asp?guid=20C05575-04D4-B545-7471-73B0C9F2D66F&siteid=rss&rss=1,MarketWatch,0.25,0.39166666666666666,positive,0.25,False,False,False,False,True,False,False,False,0.0,249,"['TWTR', 'JNJ', 'PFE', 'BNTX', 'AZN', 'AZN', 'MRNA']",AZN,2021-06-02
"Alkermes' (ALKS) Schizophrenia, Bipolar I Disorder Drug Approved",The FDA approves Alkermes' (ALKS) Lybalvi for the treatment of adults with schizophrenia or bipolar I disorder. Shares up,2021-06-02 12:57:00+00:00,http://www.zacks.com/stock/news/1644152/alkermes-alks-schizophrenia-bipolar-i-disorder-drug-approved?cid=CS-ZC-FT-analyst_blog|company_news_-_medical_sector-1644152,Zacks Investment Research,0.0,0.0,neutral,0.0,False,False,True,False,False,False,False,False,0.0,187,"['JNJ', 'ALKS', 'AZN', 'ABBV']",AZN,2021-06-02
"London stocks inch higher, boosted by oil’s rise, plus Burberry and Bloomsbury","The FTSE 100 was treading water on Wednesday and struggling for traction, though with gains for publisher Bloomsbury and oil companies also helping out.",2021-06-02 14:51:00+00:00,http://www.marketwatch.com/news/story.asp?guid=%7B20C05575-04D4-B545-7471-536E4027A682%7D&siteid=rss&rss=1,MarketWatch,0.25,0.5,positive,0.25,False,False,False,False,False,False,False,False,0.0,232,"['RDS.A', 'BP', 'BP', 'BMY', 'AZN', 'AZN', 'BHP', 'BHP']",AZN,2021-06-02
Zero U.K. COVID-19 deaths recorded for first time since start of pandemic,"The U.K. recorded no daily deaths from COVID-19 for the first time since the start of the pandemic in March 2020, according to the latest government data released on Tuesday.",2021-06-02 19:52:00+00:00,http://www.marketwatch.com/news/story.asp?guid=%7B20C05575-04D4-B545-7471-73B0C9F2D66F%7D&siteid=rss&rss=1,MarketWatch,0.25,0.39166666666666666,positive,0.25,False,False,False,False,True,False,False,False,0.0,249,"['TWTR', 'JNJ', 'PFE', 'BNTX', 'AZN', 'AZN', 'MRNA']",AZN,2021-06-02
Covax gets $2.4 billion in COVID vaccine supply commitments for world’s poorest countries as experts warn on variants,"The global tally of COVID-19 cases neared 172 million on Thursday, and the number of vaccines administered edged closer to 2 billion, a day after a summit ended with pledges of $2.4 billion to the Covax program that aims to secure vaccine supply for the world's poorest countries.",2021-06-03 17:56:00+00:00,http://www.marketwatch.com/news/story.asp?guid=%7B20C05575-04D4-B545-7479-0FDB8167CF5A%7D&siteid=rss&rss=1,MarketWatch,0.2,0.3,positive,0.2,False,False,True,False,False,False,False,False,0.0,399,"['PFE', 'BNTX', 'MRNA', 'JNJ', 'AZN', 'AZN']",AZN,2021-06-03
Global COVID-19 cases top 172 million as WHO warns of possible third wave in Africa after 20% increase in infections in two weeks,"The global tally of COVID-19 cases climbed above 172 million on Friday, a day after the World Health Organization warned of a potential third wave in Africa with cases in the last two weeks up 20% from the previous fortnight.",2021-06-04 15:22:00+00:00,http://www.marketwatch.com/news/story.asp?guid=%7B20C05575-04D4-B545-747F-5B81774E184F%7D&siteid=rss&rss=1,MarketWatch,0.03333333333333334,0.2833333333333333,neutral,0.03333333333333334,False,False,False,False,False,False,False,False,0.0,356,"['PFE', 'BNTX', 'MRNA', 'JNJ', 'AZN', 'AZN', 'REGN']",AZN,2021-06-04
Novartis (NVS) Announces Data on Radioligand Therapy at ASCO,Novartis (NVS) posts results from a late-stage study on radioligand therapy at the 2021 ASCO.,2021-06-04 17:08:00+00:00,https://www.zacks.com/stock/news/1656217/novartis-nvs-announces-data-on-radioligand-therapy-at-asco,Zacks Investment Research,0.0,0.0,neutral,0.0,False,False,False,False,False,False,False,False,0.0,155,"['AZN', 'NVS', 'BMY']",AZN,2021-06-04
Astrazeneca (AZN) Outpaces Stock Market Gains: What You Should Know,"Astrazeneca (AZN) closed at $56.80 in the latest trading session, marking a +0.98% move from the prior day.",2021-06-04 21:50:17+00:00,https://www.zacks.com/stock/news/1657004/astrazeneca-azn-outpaces-stock-market-gains-what-you-should-know,Zacks Investment Research,0.13333333333333333,0.3333333333333333,positive,0.13333333333333333,False,False,False,False,False,False,False,False,0.0,176,['AZN'],AZN,2021-06-04
Moderna Is Doing This to Avoid a Major Risk on the Horizon,An effort now could guarantee vaccine delivery later.,2021-06-05 10:00:00+00:00,https://www.fool.com/investing/2021/06/05/moderna-is-doing-this-to-avoid-a-major-risk-on-the/?source=iedfolrf0000001,The Motley Fool,0.03125,0.25,neutral,0.03125,False,False,False,False,False,False,False,False,0.0,113,"['MRNA', 'SNY', 'AZN', 'TMO']",AZN,2021-06-05
Will Mixing Different COVID Vaccines Be Likely Down the Road?,"Maybe, but maybe not.",2021-06-05 15:02:00+00:00,https://www.fool.com/investing/2021/06/05/will-mixing-different-covid-vaccines-be-likely-dow/?source=iedfolrf0000001,The Motley Fool,-0.051851851851851864,0.6296296296296297,neutral,0.051851851851851864,False,False,False,False,False,False,False,False,0.0,84,"['PFE', 'AZN']",AZN,2021-06-05
Does AstraZeneca's COVID Vaccine Have a Future?,"Yes, but it could be a bumpy one.",2021-06-06 13:31:00+00:00,https://www.fool.com/investing/2021/06/06/does-astrazenecas-covid-vaccine-have-a-future/?source=iedfolrf0000001,The Motley Fool,0.0,0.125,neutral,0.0,False,False,False,False,False,False,False,False,0.0,82,['AZN'],AZN,2021-06-06
"Safety Concerns, Lower Demand Interrupts Use of Johnson & Johnson COVID-19 Shot: Reuters","Amid safety concerns about Johnson & Johnson’s (NYSE: JNJ) COVID-19 vaccine, along with the weakening of demand for vaccinations, around half of 21 million doses produced for the U.S. is sitting unused, Reuters reported.
What Happened: J&J’s shot, being a single dose, was supposed to be an essential tool for reaching rural areas and vaccine-hesitant citizens.
It requires less stringent storage than the two-dose vaccines from Pfizer Inc (NYSE: PFE) / BioNTech SE (NASDAQ: BNTX) and Moderna Inc (NASDAQ: MRNA).
But Americans have largely opted to forgo the jab over the six weeks it has been back in use after a pause to study a rare safety issue, according to data ...",2021-06-07 17:24:12+00:00,https://www.benzinga.com/general/biotech/21/06/21456884/safety-concerns-lower-demand-interrupts-use-of-johnson-johnson-covid-19-shot-reuters,Benzinga,0.013690476190476187,0.25952380952380955,neutral,0.013690476190476187,False,False,False,False,False,False,False,False,0.0,761,"['AZN', 'JNJ', 'PFE', 'MRNA', 'BNTX']",AZN,2021-06-07
3 Drug Stocks Rise as FDA Okays Biogen Alzheimer's Drug,"FDA approves Biogen's (BIIB) Alzheimer's disease (""AD"") drug, Aduhelm (aducanumab). Stocks of Eli Lilly (LLY), Cassava Sciences (SAVA) and Annovis Bio (ANVS) rise as they also have AD candidates in their portfolio.",2021-06-08 14:09:00+00:00,https://www.zacks.com/stock/news/1675202/3-drug-stocks-rise-as-fda-okays-biogen-alzheimers-drug,Zacks Investment Research,0.0,0.0,neutral,0.0,False,False,True,False,False,False,False,False,0.0,271,"['BIIB', 'AZN', 'LLY', 'NVS', 'AMGN', 'ANVS', 'SAVA']",AZN,2021-06-08
Why Pfizer and Moderna Could Soon Be Big Winners in a New $22 Billion Market,The market size could even be bigger. But the drugmakers still have some hurdles to jump.,2021-06-09 09:52:00+00:00,https://www.fool.com/investing/2021/06/09/why-pfizer-and-moderna-could-soon-be-big-winners-i/,The Motley Fool,0.04545454545454545,0.35151515151515156,neutral,0.04545454545454545,False,False,False,False,False,False,False,False,0.0,167,"['PFE', 'AZN', 'MRNA', 'BNTX']",AZN,2021-06-09
Chinese inflation data take a bite out of U.K. mining stocks,Fears of rising inflation around the globe were heightened after China reported surging factory-orders prices. That hit U.K. miners particularly hard on Wednesday.,2021-06-09 13:28:00+00:00,https://www.marketwatch.com/story/chinese-inflation-data-take-a-bite-out-of-u-k-mining-stocks-11623245294,MarketWatch,-0.14583333333333334,0.2708333333333333,negative,0.14583333333333334,False,False,False,False,False,False,False,False,0.0,225,"['RIO', 'RIO', 'BHP', 'BHP', 'AAL', 'IAG', 'EZJ', 'AZN', 'AZN', 'GSK', 'GSK']",AZN,2021-06-09
Is GoodRx the Prescription for Your Portfolio?,"You're probably paying too much for your drugs. Fortunately, there's some help on the way.",2021-06-11 10:10:00+00:00,https://www.fool.com/investing/2021/06/11/is-goodrx-the-prescription-for-your-portfolio/,The Motley Fool,0.30000000000000004,0.44999999999999996,positive,0.30000000000000004,False,False,False,False,False,False,False,False,0.0,138,"['GDRX', 'AMZN', 'AZN']",AZN,2021-06-11
European stocks add to gains as investors aren’t scared of U.S. inflation spike,"Stocks are rising as the weekend approaches, after investors decide they aren't that worried about an inflation jump.",2021-06-11 12:31:00+00:00,https://www.marketwatch.com/story/stocks-inch-up-as-investors-look-for-fresh-direction-after-u-s-inflation-spike-11623400455,MarketWatch,0.0,0.0,neutral,0.0,False,False,False,False,False,False,False,False,0.0,198,"['DAX', 'DB', 'ACA', 'RIO', 'RIO', 'AZN', 'AZN', 'MC']",AZN,2021-06-11
"FTSE 100 nears pre-pandemic high, while data show strongest U.K. growth in almost a year","Resource stocks were driving the FTSE 100 to gains on Friday, lifting the index back toward levels not seen since before the COVID-19 pandemic.",2021-06-11 14:35:00+00:00,https://www.marketwatch.com/story/ftse-100-nears-pre-pandemic-high-while-data-show-strongest-u-k-growth-in-almost-a-year-11623422156,MarketWatch,0.08,0.26999999999999996,neutral,0.08,False,False,False,False,False,False,False,False,0.0,233,"['RIO', 'RIO', 'AAL', 'AZN', 'AZN']",AZN,2021-06-11
Here's Why Wall Street Is Betting Against Clovis Oncology,The biotech is getting the sort of attention that its short-sellers would rather avoid.,2021-06-12 10:49:00+00:00,https://www.fool.com/investing/2021/06/12/heres-why-wall-streets-betting-against-clovis-onco/,The Motley Fool,0.0,0.0,neutral,0.0,False,False,False,False,False,False,False,False,0.0,146,"['CLVS', 'MRK', 'BMY', 'AZN']",AZN,2021-06-12
The Stocks To Focus On Today,Inflation is here; and that means these groups ought to be on your radar. The best stocks within every sector now.,2021-06-13 08:22:47+00:00,https://seekingalpha.com/article/4434501-the-stocks-to-focus-on-today,Seeking Alpha,1.0,0.3,positive,1.0,False,False,True,False,False,False,False,False,0.0,144,"['ACHC', 'ACN', 'ADM', 'ADP', 'AEE', 'AEM', 'AGYS', 'AIG', 'AIZ', 'ALB', 'ALE', 'ALIM', 'ALOT', 'ALXN', 'AME', 'ANET', 'ANTM', 'AON', 'APTV', 'ASH', 'ASML', 'AVA', 'AVB', 'AVNT', 'AVTR', 'AXNX', 'AZN', 'BANR', 'BILL', 'BIP', 'BK', 'BRO', 'CAKE', 'CAR', 'CATY', 'CB', 'CDW', 'CELH', 'CEQP', 'CERN', 'CIEN', 'CLB', 'CLI', 'CMC', 'CMCSA', 'CMO', 'CNC', 'CNP', 'CODI', 'CPLG', 'CQP', 'CRM', 'CRNC', 'CRY', 'CSCO', 'CSL', 'CSOD', 'CVCO', 'CVS', 'D', 'DBX', 'DCUE', 'DEI', 'DFIN', 'DKL', 'DLR', 'DMTK', 'DOV', 'DOX', 'DRUA', 'DSGX', 'DT', 'DTB', 'DTE', 'DTJ', 'DTP', 'DTW', 'DXCM', 'EA', 'ECOM', 'ED', 'EEFT', 'EFC', 'EFX', 'EMN', 'EPAM', 'EPD', 'EPRT', 'EQR', 'ESI', 'ESRT', 'ESS', 'ETR', 'EVLO', 'EW', 'EXPD', 'FANG', 'FB', 'FE', 'FFIN', 'FLWS', 'FOXF', 'FRTA', 'FSS', 'FTI', 'GD', 'GES', 'GILD', 'GLP', 'GPC', 'GRA', 'HCAT', 'HD', 'HLF', 'HOME', 'HONE', 'HQY', 'HSC', 'HSIC', 'HUBG', 'ICHR', 'ICLR', 'IDXX', 'IFF', 'IFFT', 'IGT', 'ILMN', 'INMD', 'IPAR', 'IPG', 'IRWD', 'IT', 'ITW', 'JBT', 'JCOM', 'JW.A', 'JW.B', 'KBH', 'KEY', 'KEYS', 'KO', 'LBRT', 'LCUT', 'LEA', 'LEG', 'LEVI', 'LLY', 'LMAT', 'LOVE', 'LXP', 'MAC', 'MANH', 'MBWM', 'MCK', 'MCRI', 'MDLZ', 'MDU', 'MEDP', 'MGP', 'MIME', 'MLM', 'MMC', 'MMM', 'MMP', 'MO', 'MSA', 'MSFT', 'MTB', 'MTDR', 'MTZ', 'NET', 'NI', 'NLY', 'NOC', 'NTNX', 'NUVA', 'NVMI', 'NWL', 'OCFC', 'OCFCP', 'ODFL', 'OIS', 'OMCL', 'OPRX', 'ORGO', 'OUT', 'OXY', 'PAA', 'PBFX', 'PEAK', 'PEN', 'PETQ', 'PFG', 'PFH', 'PFPT', 'PHM', 'PLD', 'POOL', 'PPG', 'PRO', 'PRS', 'PRU', 'PTEN', 'PYPL', 'QSR', 'RAVN', 'RCII', 'REZI', 'ROAD', 'RPT', 'RRR', 'RSG', 'SHW', 'SIMO', 'SLG', 'SNA', 'SO', 'SOJB', 'SOJC', 'SOJD', 'SOJE', 'SOLN', 'SPT', 'SRE', 'SREA', 'SSD', 'STAG', 'STZ', 'STZ.B', 'SUM', 'TBBK', 'TDG', 'TECH', 'TLND', 'TMUS', 'TOWN', 'TPX', 'TRU', 'TSCO', 'UA', 'UAA', 'UI', 'ULTA', 'UNH', 'V', 'VEEV', 'WES', 'WETF', 'WM', 'WORK', 'WTFC', 'WTFCM', 'WTFCP', 'XEL', 'XPEL', 'XRAY', 'YUM']",AZN,2021-06-13
11 Stocks That Could Profit From a Predicted Nasty Cold-and-Flu Season,"Pharmacy chains, drugmakers, and more should see higher sales if experts' forecasts of an especially bad cold-and-flu season are right.",2021-06-13 11:01:00+00:00,https://www.fool.com/investing/2021/06/13/11-stocks-that-could-profit-from-a-predicted-nasty/,The Motley Fool,-0.19285714285714287,0.7071428571428571,negative,0.19285714285714287,True,False,False,False,False,False,False,False,0.0,207,"['CVS', 'SNY', 'ABT', 'WBA', 'AZN', 'RAD', 'DGX', 'QDEL', 'LH', 'GDRX']",AZN,2021-06-13
AstraZeneca (AZN) COVID-19 Jab's New Side Effect Stated by EMA,"The PRAC of the European Medicines Agency (EMA) has advised against giving AstraZeneca's (AZN) Vaxzevria COVID-19 vaccine to people with a history of capillary leak syndrome, a rare blood disorder.",2021-06-14 14:23:00+00:00,https://www.zacks.com/stock/news/1705621/astrazeneca-azn-covid-19-jabs-new-side-effect-stated-by-ema,Zacks Investment Research,0.14545454545454545,0.4515151515151515,positive,0.14545454545454545,False,False,False,False,False,False,False,False,0.0,261,"['AZN', 'JNJ', 'PFE', 'MRNA']",AZN,2021-06-14
"J&J (JNJ) Gets FDA Nod for 10M COVID Vaccines, Discards Many",J&J (JNJ) gets authorization for two batches of COVID-19 vaccine doses manufactured at Baltimore facility but the FDA discards several others. Europe and Canada stop the rollout of some batches of the vaccine.,2021-06-14 14:26:00+00:00,https://www.zacks.com/stock/news/1705769/jj-jnj-gets-fda-nod-for-10m-covid-vaccines-discards-many,Zacks Investment Research,0.25,0.25,positive,0.25,False,False,True,False,False,False,False,False,0.0,271,"['AZN', 'JNJ', 'PFE', 'EBS']",AZN,2021-06-14
U.K. expected to delay reopening as Delta variant accounts for 90% of cases and U.S. court upholds mandatory vaccination,"The global tally of confirmed cases of COVID-19 climbed above 176 million on Monday, and U.K. Prime Minister Boris Johnson was e3xpected to delay the full lifting of restrictions on movement amid a surge in new cases caused by the Delta variant.",2021-06-14 18:28:00+00:00,https://www.marketwatch.com/story/u-k-expected-to-delay-reopening-as-delta-variant-accounts-for-90-of-cases-and-u-s-court-upholds-mandatory-vaccination-11623680526,MarketWatch,0.13106060606060607,0.4174242424242424,positive,0.13106060606060607,False,False,False,False,False,False,False,True,0.0,367,"['NVAX', 'PFE', 'BNTX', 'MRNA', 'JNJ', 'AZN', 'AZN']",AZN,2021-06-14
U.K. data show COVID-19 vaccines provide significant protection from delta variant,"Separate studies from researchers in England and Scotland published Monday found that while protection against infection was somewhat diminished against delta compared with more established variants, two doses of vaccine offered considerable protection against severe illness and hospitalization.",2021-06-15 02:20:00+00:00,https://www.marketwatch.com/story/u-k-data-show-covid-19-vaccines-provide-significant-protection-from-delta-variant-11623723614,MarketWatch,0.325,0.6083333333333333,positive,0.325,False,False,False,False,False,False,False,False,0.0,380,"['PFE', 'BNTX', 'AZN', 'AZN']",AZN,2021-06-15
3 Great Reasons to Buy Novavax,The shares skyrocketed last year. But more catalysts are just ahead.,2021-06-15 10:00:00+00:00,https://www.fool.com/investing/2021/06/15/3-great-reasons-to-buy-novavax/,The Motley Fool,0.43333333333333335,0.4388888888888889,positive,0.43333333333333335,False,True,False,False,False,False,False,False,0.0,100,"['NVAX', 'AZN', 'PFE', 'JNJ', 'MRNA', 'BNTX']",AZN,2021-06-15
AstraZeneca's Antibody Treatment Unsuccessful At Preventing Symptomatic COVID-19 Infection,"AstraZeneca Plc (NASDAQ: AZN) reported data from the STORM CHASER Phase 3 trial showing that its long-acting antibody (LAAB) combination AZD7442 did not meet the primary endpoint of post-exposure prevention of symptomatic COVID-19 compared to a placebo.
AZD7442 reduced the risk of developing symptomatic COVID-19 by 33% compared to a placebo, which was not statistically significant, the company reported.
However, the researchers suggest that the treatment may prevent ...",2021-06-15 10:11:05+00:00,https://www.benzinga.com/general/biotech/21/06/21562832/astrazenecas-antibody-treatment-unsuccessful-at-preventing-symptomatic-covid-19-infection,Benzinga,0.3875,0.6875,positive,0.3875,False,False,False,False,False,False,False,False,0.0,566,['AZN'],AZN,2021-06-15
"The Daily Biotech Pulse: AstraZeneca, Biogen Face Clinical Trial Disappointments, Novavax Studies Coronavirus-Flu Combo Vaccine, Decision Day For Takeda","Here's a roundup of top developments in the biotech space over the last 24 hours:
Scaling The Peaks
(Biotech Stocks Hitting 52-week Highs June 14)

Alkermes plc (NASDAQ: ALKS)
Apellis Pharmaceuticals, Inc. (NASDAQ: APLS)
Bio-Techne Corporation (NASDAQ: TECH)
Centessa Pharmaceuticals Limited (NASDAQ: CNTA)
Dicerna Pharmaceuticals, Inc. (NASDAQ: DRNA)
Dr. Reddy's Laboratories Limited (NYSE: RDY
Edwards Lifesciences Corporation (NYSE: EW)
Enochian Biosciences, Inc. (NASDAQ: ENOB) (announced FDA acceptance of pre-IND application for investigational HIV therapy)
GT Biopharma, Inc. (NASDAQ: GTBP)
Jazz Pharmaceuticals plc (NASDAQ: JAZZ)
LeMaitre Vascular, Inc. (NASDAQ: LMAT)
Maravai LifeSciences Holdings, Inc. (NASDAQ: MRVI)
NovoCure Limited (NASDAQ: NVCR)
Ortho Clinical Diagnostics Holdings plc (NASDAQ: OCDX)
PPD, Inc. (NASDAQ: PPD)
Protagonist Therapeutics, Inc. (NASDAQ: PTGX)
Psychemedics Corporation (NASDAQ: PMD)
RAPT Therapeutics, Inc. (NASDAQ: RAPT) (moved in reaction to positive early stage results for atopic dermatitis candidate)
ResMed Inc. (NYSE: RMD) - rose after Koninklijke Philips N.V. (NYSE: PHG) recalled rival sleep device
Sesen Bio, Inc. (NASDAQ: SESN)
ShockWave Medical, Inc. (NASDAQ: SWAV)
Verastem, Inc. (NASDAQ: VSTM)
Zoetis Inc. (NYSE: ZTS)

Down In The Dumps
(Biotech Stocks Hitting 52-week Lows June 14)

Achilles Therapeutics plc (NASDAQ: ACHL)
Avenue Therapeutics, Inc. (NASDAQ: ATXI) (received  a complete response letter to new drug application for non-opioid pain drug)
Bolt Biotherapeutics, Inc. (NASDAQ: BOLT)
Ikena Oncology, Inc. (NASDAQ: IKNA)
Janux Therapeutics, Inc. (NASDAQ: JANX) (went public Friday)
Nautilus Biotechnology, Inc. (NASDAQ: NAUT) (listed on Thursday through a SPAC deal)
Vertex Pharmaceuticals Incorporated (NASDAQ: VRTX)

Stocks In Focus
Fusion Pharma Announces Positive Phase 1 Data For FPI-1434 In Multiple Tumor Types
Fusion Pharmaceuticals Inc. (NASDAQ: FSUN) announced the presentation of preliminary Phase 1 data from the single-dose portion of the study at the Society of Nuclear Medicine and Molecular Imaging Virtual Annual Meeting, demonstrating that treatment with its actinium-based targeted alpha therapy FPI-1434 was well-tolerated, and imaging shows uptake of the drug across multiple tumor types.
""Importantly, these data supported our ability to initiate the multi-dosing portion of the study, in which we would expect to begin reaching total cumulative levels of radiation necessary to demonstrate anti-tumor activity,"" said CEO John Valliant.
In after-hours trading, the stock gained 10.54% to $9.02.
AstraZeneca's Antibody Cocktail Fails To Prevent Symptomatic COVID-19 In People Recently Exposed To Virus
AstraZeneca PLC (NASDAQ: AZN) said the STORM CHASER trial assessing the safety and efficacy of iAZD7442, a long-acting antibody combination, for the prevention of symptomatic COVID-19 in participants recently exposed to the SARS-CoV-2 virus did not meet the primary endpoint of post-exposure prevention of symptomatic COVID-19 with AZD7442 compared to placebo.
In the overall trial ...",2021-06-15 12:07:37+00:00,https://www.benzinga.com/general/biotech/21/06/21564297/the-daily-biotech-pulse-astrazeneca-biogen-face-clinical-trial-disappointments-novavax-studies-co,Benzinga,0.07284271284271285,0.34384992784992774,neutral,0.07284271284271285,False,False,True,False,False,False,True,False,0.2,3228,"['ALKS', 'BIIB', 'IBB', 'NVAX', 'PMD', 'TECH', 'VRTX', 'AZN', 'EW', 'PHG', 'PPD', 'RMD']",AZN,2021-06-15
"Top Research Reports for salesforce, Shopify & AstraZeneca","Top Research Reports for salesforce, Shopify & AstraZeneca",2021-06-15 17:10:00+00:00,https://www.zacks.com/research-daily/1712603/top-research-reports-for-salesforce-shopify-astrazeneca,Zacks Investment Research,0.5,0.5,positive,0.5,False,False,False,False,False,False,False,False,0.0,118,"['SHOP', 'PLD', 'MU', 'ECL', 'CRM', 'AZN']",AZN,2021-06-15
Fear grows that Delta variant will become dominant COVID strain worldwide as WHO says it’s now in 74 countries,"The Delta variant of COVID-19 has now been detected in 74 countries, prompting fears it will become the dominant strain around the world, as it continues to spread rapidly including in Southern U.S. states that have lagged on vaccination.",2021-06-15 18:39:00+00:00,https://www.marketwatch.com/story/fears-that-delta-variant-will-become-dominant-covid-strain-worldwide-as-who-says-its-now-in-74-countries-11623768125,MarketWatch,0.0,0.0,neutral,0.0,False,False,False,False,False,False,False,False,0.0,350,"['PFE', 'JNJ', 'AZN', 'AZN', 'NVAX']",AZN,2021-06-15
"Novavax COVID-19 Vaccine Could Become Available In India By September, Says Partner","Novavax Inc (NASDAQ: NVAX) COVID-19 vaccine, marketed as ""Covovax,"" could see a launch in India as early as September, Moneycontrol reported on Wednesday.
What Happened: Covovax trials have reached an advanced stage of completion in India following which the U.S.-based vaccine maker’s India partner Serum Institute of India (SII) will launch the vaccine, the report said citing Adar Poonawalla, chief executive officer at SII.
Novavax’s coronavirus vaccine trial in ...",2021-06-16 07:12:40+00:00,https://www.benzinga.com/general/biotech/21/06/21581892/novavax-covid-19-vaccine-could-become-available-in-india-by-september-says-partner,Benzinga,0.225,0.35,positive,0.225,False,False,False,False,True,False,False,False,0.0,555,"['NVAX', 'AZN', 'OCGN']",AZN,2021-06-16
"The Zacks Analyst Blog Highlights: Salesforce, Shopify, AstraZeneca, Micron and Ecolab","The Zacks Analyst Blog Highlights: Salesforce, Shopify, AstraZeneca, Micron and Ecolab",2021-06-16 13:20:00+00:00,https://www.zacks.com/stock/news/1716989/the-zacks-analyst-blog-highlights-salesforce-shopify-astrazeneca-micron-and-ecolab,Zacks Investment Research,0.0,0.0,neutral,0.0,False,False,False,False,False,False,False,False,0.0,174,"['AZN', 'CRM', 'ECL', 'MU', 'SHOP']",AZN,2021-06-16
AstraZeneca (AZN) Antibody Cocktail Fails to Prevent COVID-19,"AstraZeneca's (AZN) antibody cocktail, AZD7442 fails to prevent people who were already infected from developing symptomatic COVID-19. However, it showed some efficacy in people who were not infected.",2021-06-16 14:25:00+00:00,https://www.zacks.com/stock/news/1717307/astrazeneca-azn-antibody-cocktail-fails-to-prevent-covid-19,Zacks Investment Research,-0.5,0.3,negative,0.5,False,False,False,False,False,False,False,False,0.0,263,"['REGN', 'AZN', 'GSK', 'LLY']",AZN,2021-06-16
CDC aligns with WHO on delta COVID variant; experts warn of higher risks of infection and serious illness,"The Centers for Disease Control and Prevention has reclassified the Delta variant of COVID-19 as one ""of concern,"" underscoring how much more prevalent the B.1.617.2 variant first identified in India is becoming in the U.S.",2021-06-16 23:35:00+00:00,https://www.marketwatch.com/story/cdc-says-delta-covid-variant-is-of-concern-as-experts-warn-of-higher-risks-of-infection-and-serious-illness-11623852857,MarketWatch,0.22333333333333333,0.57,positive,0.22333333333333333,False,False,False,False,False,False,False,False,0.0,330,"['PFE', 'BNTX', 'MRNA', 'JNJ', 'AZN', 'AZN', 'REGN']",AZN,2021-06-16
"CureVac says its COVID vaccine was poor match against 29 COVID variants, as global case tally tops 177 million","The global tally of confirmed cases of COVID-19 climbed above 177 million on Thursday, a day after disappointing news from CureVac with the German company saying its vaccine was only 47% effective in a late-stage clinical trial.",2021-06-17 17:42:00+00:00,https://www.marketwatch.com/story/curevacs-vaccine-disappoints-in-major-trial-says-it-was-poor-match-against-29-covid-variants-11623939270,MarketWatch,0.0,0.4666666666666667,neutral,0.0,False,False,False,False,False,False,False,False,0.0,340,"['BNTX', 'MRNA', 'CVAC', 'AZN', 'AZN', 'PFE']",AZN,2021-06-17
Astrazeneca (AZN) Dips More Than Broader Markets: What You Should Know,"Astrazeneca (AZN) closed at $58.35 in the latest trading session, marking a -0.1% move from the prior day.",2021-06-17 21:50:18+00:00,https://www.zacks.com/stock/news/1724140/astrazeneca-azn-dips-more-than-broader-markets-what-you-should-know,Zacks Investment Research,0.225,0.375,positive,0.225,False,False,False,False,False,False,False,False,0.0,178,['AZN'],AZN,2021-06-17
The Smartest Stocks to Buy With $100 Right Now,You don't need a boatload of money to chart a path to financial freedom.,2021-06-18 09:51:00+00:00,https://www.fool.com/investing/2021/06/18/the-smartest-stocks-to-buy-with-100-right-now/,The Motley Fool,0.14285714285714285,0.26785714285714285,positive,0.14285714285714285,False,True,False,False,False,False,False,False,0.0,120,"['AZN', 'ALXN', 'EXEL', 'CVS']",AZN,2021-06-18
"Pharma Stock Roundup: AZN COVID-19 Antibody Cocktail Failure, GSK New Cancer Deal",AstraZeneca's (AZN) phase III study on COVID-19 antibody cocktail fails to meet primary goal. Glaxo (GSK) signs a new co-development/commercialization deal for a cancer candidate with iTeos Therapeutics.,2021-06-18 13:18:00+00:00,https://www.zacks.com/stock/news/1727623/pharma-stock-roundup-azn-covid-19-antibody-cocktail-failure-gsk-new-cancer-deal,Zacks Investment Research,-0.028787878787878807,0.40181818181818174,neutral,0.028787878787878807,False,False,False,False,False,False,False,False,0.0,286,"['AZN', 'GSK', 'PFE', 'MRK', 'LLY']",AZN,2021-06-18
Court Rules In Favor Of AstraZeneca Over Delay In COVID-19 Shot Deliveries,"AstraZeneca Plc (NASDAQ: AZN) claims victory in a court tussle with the European Union over allegations that the company was not producing shots fast enough, thus missing COVID-19 vaccine deliveries.
The company had planned 120 million vaccine doses cumulatively by the end of June ...",2021-06-18 13:29:05+00:00,https://www.benzinga.com/general/biotech/21/06/21625016/court-rules-in-favor-of-astrazeneca-over-delay-in-covid-19-shot-deliveries,Benzinga,0.0,0.28750000000000003,neutral,0.0,False,False,False,False,False,False,False,True,0.0,361,['AZN'],AZN,2021-06-18
Pfizer's COVID Vaccine Is Even More Amazing Than You Think,Efficacy against variants is showing the drug is the gold standard in preventing COVID.,2021-06-19 10:45:00+00:00,https://www.fool.com/investing/2021/06/19/covid-vaccines-from-moderna-biontech-are-amazing/,The Motley Fool,0.3666666666666667,0.4666666666666666,positive,0.3666666666666667,False,False,False,False,False,False,False,False,0.0,147,"['PFE', 'JNJ', 'AZN', 'NVAX', 'MRNA', 'BNTX']",AZN,2021-06-19
"U.S. moves to fill gap in treatments for COVID, as Delta variant creates worrying spike in new cases in the U.K.","The U.S. is planning to invest $3.2 billion to develop antivirals to treat COVID-19 and other viruses that have the potential to become pandemics, moving to fill the gap in treatments for such serious illnesses as Ebola, dengue, West Nile and Middle East respiratory syndrome.",2021-06-19 16:12:00+00:00,https://www.marketwatch.com/story/u-s-moves-to-fill-gap-in-treatments-for-covid-as-delta-variant-creates-worrying-spike-in-new-cases-in-the-u-k-11624025682,MarketWatch,-0.05366161616161616,0.49936868686868685,neutral,0.05366161616161616,False,False,False,False,False,False,False,False,0.0,390,"['PFE', 'BNTX', 'JNJ', 'AZN', 'AZN']",AZN,2021-06-19
AstraZeneca (AZN) Gets Court Order to Supply COVID-19 Jabs in EU,"A court in Brussels orders AstraZeneca (AZN) to supply 80 million doses of its COVID-19 vaccine to Europe by Sep 27, 2021. The European Commission had requested for 300 million doses by end of September.",2021-06-21 13:50:00+00:00,https://www.zacks.com/stock/news/1742213/astrazeneca-azn-gets-court-order-to-supply-covid-19-jabs-in-eu,Zacks Investment Research,0.0,0.0,neutral,0.0,False,False,False,False,False,False,False,True,0.0,269,"['AZN', 'JNJ', 'PFE', 'EBS']",AZN,2021-06-21
"30 states likely to miss President Biden’s July 4 vaccination goal, and Brazil death toll tops 500,000","The U.S. is getting close to President Joe Biden's goal of having 70% of the adult population receive at least one vaccine dose by July 4, but at least 30 states will likely miss that goal and a handful may not reach it by year-end.",2021-06-21 16:53:00+00:00,https://www.marketwatch.com/story/30-states-likely-to-miss-president-bidens-july-4-vaccination-goal-and-brazil-death-toll-tops-500-000-11624285780,MarketWatch,-0.1,0.62,neutral,0.1,False,False,False,False,False,False,False,False,0.0,336,"['PFE', 'BNTX', 'MRNA', 'JNJ', 'AZN', 'AZN', 'VIR', 'GSK', 'GSK', 'GILD']",AZN,2021-06-21
"WHO warns poorer countries are not getting fair share of COVID vaccine supply, as Colombia passes 100,000 deaths","The global tally of confirmed cases of COVID-19 was headed toward 179 million on Tuesday, a day after the World Health Organization issued its latest warning that lower-income countries are not getting their fair share of vaccines.",2021-06-22 17:41:00+00:00,https://www.marketwatch.com/story/who-warns-poorer-countries-are-not-getting-fair-share-of-covid-vaccine-supply-and-colombia-passes-100-000-deaths-11624371293,MarketWatch,0.45999999999999996,0.74,positive,0.45999999999999996,False,False,False,False,False,False,False,False,0.0,345,"['PFE', 'BNTX', 'MRNA', 'JNJ', 'AZN', 'AZN']",AZN,2021-06-22
How Pfizer and Moderna Could Profit Big-Time From AstraZeneca's and CureVac's Challenges,Bad news for AstraZeneca and CureVac should mean more good news for Pfizer and Moderna.,2021-06-23 09:55:00+00:00,https://www.fool.com/investing/2021/06/23/how-pfizer-and-moderna-could-profit-big-time-from/,The Motley Fool,0.046875000000000056,0.6135416666666667,neutral,0.046875000000000056,True,False,False,False,False,False,False,False,0.0,177,"['PFE', 'AZN', 'MRNA', 'BNTX', 'CVAC']",AZN,2021-06-23
AstraZeneca (AZN) Rare Disorder Drug Koselugo Gets EU Nod,AstraZeneca's (AZN) Koselugo becomes the first medicine approved in Europe for neurofibromatosis type 1 plexiform neurofibromas.,2021-06-23 13:56:00+00:00,https://www.zacks.com/stock/news/1752936/astrazeneca-azn-rare-disorder-drug-koselugo-gets-eu-nod,Zacks Investment Research,0.275,0.6166666666666667,positive,0.275,False,False,False,False,False,False,False,False,0.0,187,"['AZN', 'MRK', 'BNTX']",AZN,2021-06-23
14 Biotech Stocks To Watch Over The Next 6 Months,"Biotechs are at the mercy of several make-or-break catalysts that invariably have a big impact on stocks.
A case in point was the strong upside in Biogen Inc.'s (NASDAQ: BIIB) stock earlier this month when its Alzheimer's treatment Aduhelm was approved.
Details on key catalytic events, a timeline when these will likely materialize and the magnitude of impact these can have on stocks are always good knowledge to possess for an informed investor.
Among a slew of catalysts, Benzinga has culled out a handful based on screening criteria, including blockbuster potential, rare disease/breakthrough therapies and the ability to move stocks in a big way.
Novavax ""Shot"" In The Arm
Catalyst:  EUA For COVID-19 Vaccine
Catalyst Timeline:  Q3 (expected)
Novavax, Inc. (NASDAQ: NVAX) is on the cusp of getting conditional approval for its coronavirus vaccine candidate, NVX-CoV2373. This could be the fruition of its labor for over a year now.
The company recently reported positive results for the U.S. leg of the Phase 3 trial of its vaccine candidate. Having already initiated a rolling emergency use authorization application submission, conditional approval could come any time soon.
The FDA is expected to schedule an Adcom meeting following which it is likely to authorize the emergency use of NVX-CoV2373. If things go well, the investigational vaccine will be the fourth to be authorized for use in the U.S.
Novavax's vaccine candidate should be on the market by the fourth quarter, competing with the established COVID-19 vaccines in a declining developed market but an expanding middle- and lower-income market globally, SVB Leerink analyst Geoffrey Porges said in a note.
""The vaccine offers refrigerator storage and distribution, relatively low manufacturing cost, similar efficacy and excellent (probably better) tolerability,"" he added.
Novavax shares have nearly halved from its all-time high of $331.68 in early February. Approval and subsequent commercialization could give the shares the much-needed momentum they lost temporarily due to the inordinate delay in the release of U.S. late-stage trial data.
Related Link: Novavax Vs. Pfizer Vs. Moderna: How COVID-19 Vaccines Stack Up
FibroGen's Anemia Drug Faces Adcom Test
Catalyst:  Adcom Meeting For Anemia Drug
Catalyst Timeline:  July 15
FibroGen, Inc. (NASDAQ: FGEN) shares plummeted on April 7 when the company conceded it had fudged safety data with regard to Roxadustat, which it is co-developing with AstraZeneca plc (NASDAQ: AZN).
FibroGen's shares have recovered since then, although they are still trading below the pre-disclosure levels.
Roxadustat, which is being evaluated as a treatment option for anemia associated with chronic kidney disease, will face ...",2021-06-23 16:44:54+00:00,https://www.benzinga.com/general/biotech/21/06/21639499/14-biotech-stocks-to-watch-over-the-next-6-months,Benzinga,0.10289715335169881,0.3998117539026631,positive,0.10289715335169881,False,False,True,False,True,False,False,False,0.0,2787,"['GBT', 'AMGN', 'IONS', 'ARNA', 'BYSI', 'BIIB', 'FOLD', 'IMTX', 'IBB', 'JAZZ', 'NVAX', 'AZN', 'BMY', 'MRK', 'SNY', 'ENTA', 'AERI', 'MRTX', 'FGEN', 'GLPG']",AZN,2021-06-23
Delta variant of SARS-CoV-2 is now in 85 countries and accounts for 20% of U.S. infections in past two weeks,"The delta variant of COVID-19 has now been detected in 85 countries, according to the World Health Organization, and remains a variant of concern with evidence suggesting it may reduce vaccine protection against disease and infection.",2021-06-23 18:23:00+00:00,https://www.marketwatch.com/story/delta-covid-variant-is-now-in-85-countries-and-accounted-for-20-of-u-s-infections-in-last-two-weeks-11624459604,MarketWatch,-0.25,0.25,negative,0.25,False,False,False,False,False,False,False,False,0.0,344,"['AZN', 'AZN', 'PFE', 'BNTX', 'MRNA', 'JNJ', 'MS']",AZN,2021-06-23
"Pharma Stock Roundup: EU Nod to AZN, SNY, JNJ Drugs, Glaxo's New COVID-19 Drug Data","EU approves AstraZeneca's (AZN) rare disease drug, Koselugo and expanded use of J&J's (JNJ) Darzalex Faspro and Sanofi's (SNY) Aubagio.",2021-06-24 12:10:00+00:00,https://www.zacks.com/stock/news/1753522/pharma-stock-roundup-eu-nod-to-azn-sny-jnj-drugs-glaxos-new-covid-19-drug-data,Zacks Investment Research,0.21818181818181817,0.6772727272727272,positive,0.21818181818181817,False,False,False,False,False,False,False,False,0.0,220,"['SNY', 'AZN', 'GSK', 'JNJ', 'PFE', 'MRK', 'LLY']",AZN,2021-06-24
"The Daily Biotech Pulse: Lilly Spikes On Alzheimer's Drug Regulatory Filing Plan, Applied Genetics, Arcus Issue Data Readouts, Adcom Test Awaits Incyte, Monte Rosa Prices IPO","Here's a roundup of top developments in the biotech space over the last 24 hours:
Scaling The Peaks
(Biotech Stocks Hitting 52-week Highs June 23)

AngioDynamics, Inc. (NASDAQ: ANGO)
Arrowhead Pharmaceuticals, Inc. (NASDAQ: ARWR)
Avid Bioservices, Inc. (NASDAQ: CDMO)
Axonics, Inc. (NASDAQ: AXNX)
Century Therapeutics, Inc. Common Stock (NASDAQ: IPSC) (went public June 18)
Entera Bio Ltd. (NASDAQ: ENTX) (announced  positive mid-phase data for bone-building therapy)
Citius Pharmaceuticals, Inc. (NASDAQ: CTXR)
Edwards Lifesciences Corporation  (NYSE: EW)
Intra-Cellular Therapies, Inc. (NASDAQ: ITCI)
Intuitive Surgical, Inc. (NASDAQ: ISRG)
Ironwood Pharmaceuticals, Inc. (NASDAQ: IRWD)
Lantheus Holdings, Inc. (NASDAQ: LNTH)
OrthoPediatrics Corp. (NASDAQ: KIDS)
PAVmed Inc. (NASDAQ: PAVM)
ResMed Inc.  (NYSE: RMD)
Vericel Corporation (NASDAQ: VCEL)
West Pharmaceutical Services, Inc.  (NYSE: WST)

Down In The Dumps
(Biotech Stocks Hitting 52-week Lows June 23)

4D Molecular Therapeutics, Inc. (NASDAQ: FDMT)
AbCellera Biologics Inc. (NASDAQ: ABCL)
Adicet Bio, Inc. (NASDAQ: ACET)
Allogene Therapeutics, Inc. (NASDAQ: ALLO)
Celyad Oncology SA (NASDAQ: CYAD)
Cullinan Oncology, Inc. (NASDAQ: CGEM)
ERYTECH Pharma S.A. (NASDAQ: ERYP)
Gain Therapeutics, Inc. (NASDAQ: GANX)
Galapagos NV (NASDAQ: GLPG) (announced resignation of chief scientific officer)
Gemini Therapeutics, Inc. (NASDAQ: GMTX) (declined despite  reporting  positive mid-stage data for drug to treat advanced retinal disorder)
Impel NeuroPharma, Inc. (NASDAQ: IMPL)
IMV Inc. (NASDAQ: IMV)
ORIC Pharmaceuticals, Inc. (NASDAQ: ORIC)
Pharming Group N.V. (NASDAQ: PHAR)

Stocks In Focus
Viatris Gets Favorable Decision On EpiPen Lawsuit
Viatris (NASDAQ: VTRS) announced that the U.S. District Court for the District of Kansas ruled, in substantial part, in Mylan's favor on the company's summary judgment motion in a class action related to the EpiPen Auto-Injector.
The company said it is pleased with the court's decision to dismiss all of the plaintiffs' claims under the federal RICO statute, which include claims asserted against Mylan's former CEO Heather Bresch. The court also dismissed claims alleging that Mylan foreclosed branded competition through rebate arrangements with pharmacy benefit managers.
Arcus Announces Positive Phase 2 Data For Antibody Combo Treatment Option For Lung Cancer
Arcus Biosciences, Inc. (NYSE: RCUS) said at the first interim analysis of the three-arm Phase 2 ARC-7 study, both arms with domvanalimab-based combinations showed encouraging clinical activity, when given as an initial treatment to people with metastatic, PD-L1≥50% non-small cell lung cancer.
The zimberelimab monotherapy arm showed activity similar to that ...",2021-06-24 12:10:12+00:00,https://www.benzinga.com/general/biotech/21/06/21701025/the-daily-biotech-pulse-lilly-spikes-on-alzheimers-drug-regulatory-filing-plan-applied-genetics-a,Benzinga,0.12368125701459036,0.38288439955106623,positive,0.12368125701459036,False,False,True,False,False,False,True,True,0.0,2906,"['IRWD', 'ERYP', 'ACET', 'AEMD', 'CDMO', 'ANGO', 'ENTX', 'ARWR', 'PHAR', 'BIIB', 'IMV', 'RCUS', 'GILD', 'KPTI', 'ALLO', 'IBB', 'AGTC', 'AXNX', 'INCY', 'ITCI', 'FULC', 'ISRG', 'LNTH', 'ORIC', 'AZN', 'STIM', 'VTRS', 'EW', 'VCEL', 'FDMT', 'LLY', 'GLPG', 'ABCL', 'MRK', 'CYAD', 'GMTX', 'RMD', 'CTXR', 'GANX', 'WST', 'PAVM', 'IMPL', 'CGEM', 'KIDS']",AZN,2021-06-24
3 Top Stocks Under $10,"Are you looking for cheap stocks with a lot of upside? Check out Rolls-Royce, Pieris Pharmaceuticals, and Kahoot!",2021-06-24 14:03:38+00:00,https://www.fool.com/investing/2021/06/24/3-top-stocks-under-10/,The Motley Fool,0.5,0.6,positive,0.5,False,False,False,False,False,False,False,False,0.0,137,"['BA', 'MSFT', 'DIS', 'SGEN', 'AZN', 'PIRS']",AZN,2021-06-24
Pfizer (PFE) Begins Dosing in Prostate Cancer Drugs Study,"Pfizer (PFE) is developing its oral PARP inhibitor, talazoparib (Talzenna), in combination with Xtandi as a potential treatment for castration-sensitive prostate cancer in a late-stage study.",2021-06-24 14:32:00+00:00,https://www.zacks.com/stock/news/1753728/pfizer-pfe-begins-dosing-in-prostate-cancer-drugs-study,Zacks Investment Research,0.0,1.0,neutral,0.0,False,False,False,False,False,False,False,False,0.0,250,"['AZN', 'GSK', 'PFE', 'CLVS']",AZN,2021-06-24
How the Deadly Delta Variant Could Boost Pfizer's and Moderna's COVID Vaccine Sales,Their vaccines are in the best position to fight the worrisome coronavirus strain.,2021-06-25 09:52:00+00:00,https://www.fool.com/investing/2021/06/25/how-the-deadly-delta-variant-could-boost-pfizers-a/,The Motley Fool,0.4,0.35,positive,0.4,False,False,False,False,False,False,False,False,0.0,167,"['PFE', 'AZN', 'MRNA', 'BNTX']",AZN,2021-06-25
European stocks struggle at the end of the week,"Stocks lost a grip on early gains, but were still set to finish the week higher.",2021-06-25 14:15:00+00:00,https://www.marketwatch.com/story/european-stocks-struggle-and-u-s-futures-steady-after-records-sparked-by-bidens-infrastructure-plan-11624610687,MarketWatch,0.11666666666666665,0.26666666666666666,positive,0.11666666666666665,False,False,False,False,False,False,False,False,0.0,129,"['DAX', 'COMP', 'ADS', 'NKE', 'JD', 'IHG', 'IHG', 'CCL', 'IAG', 'EZJ', 'NOVN', 'NVS', 'AZN', 'AZN', 'NVO']",AZN,2021-06-25
Is Novavax Stock a Buy?,The tiny biotech has had a magnificent run from $4 a share to $200. Can the stock run higher still?,2021-06-26 10:00:00+00:00,https://www.fool.com/investing/2021/06/26/is-novavax-stock-a-buy/,The Motley Fool,0.4166666666666667,0.6666666666666666,positive,0.4166666666666667,False,True,False,False,False,False,False,False,0.0,124,"['NVAX', 'PFE', 'JNJ', 'AZN', 'SNY', 'MRNA']",AZN,2021-06-26
Here's Why Novavax's Solid Vaccine Data Didn't Move the Stock,"The results were great news, but widely expected.",2021-06-26 10:03:00+00:00,https://www.fool.com/investing/2021/06/26/heres-why-novavaxs-solid-vaccine-data-didnt-move-t/,The Motley Fool,0.23333333333333336,0.4166666666666667,positive,0.23333333333333336,False,False,False,False,False,False,False,False,0.0,112,"['NVAX', 'PFE', 'JNJ', 'AZN']",AZN,2021-06-26
Here's Why Pfizer and BioNTech Are Selling Their Vaccine at Cost,The humanitarian move might help the companies gain additional for-profit contracts in the future.,2021-06-27 12:11:00+00:00,https://www.fool.com/investing/2021/06/27/heres-why-pfizer-and-biontech-are-selling-their-va/,The Motley Fool,0.0,0.125,neutral,0.0,True,False,False,False,False,False,False,False,0.0,164,"['PFE', 'JNJ', 'AZN', 'BNTX']",AZN,2021-06-27
AstraZeneca Kick-Starts New COVID-19 Variant Vaccine Trial,"AstraZeneca Plc (NASDAQ: AZN) has started testing its new COVID vaccine, dubbed AZD2816, a tweaked version using the same platform as its authorized (though not in the U.S.) vaccine AZD1222, aka Covishield/Vaxzevria.
AZD2816 has been built using the same adenoviral vector platform as its existing shot, with minor genetic alterations to the spike protein-based specifically on the so-called beta (B.1.351, South African) variant.
""These modifications are only ...",2021-06-28 12:52:24+00:00,https://www.benzinga.com/general/biotech/21/06/21742220/astrazeneca-kick-starts-new-covid-19-variant-vaccine-trial,Benzinga,0.031818181818181815,0.33701298701298704,neutral,0.031818181818181815,False,False,False,False,False,False,False,False,0.0,524,['AZN'],AZN,2021-06-28
"Third dose of AstraZeneca COVID-19 vaccine boosts immune response, Oxford study finds","A third dose of the AstraZeneca vaccine more than six months after the second could boost protection against COVID-19, an Oxford University study has found.",2021-06-28 12:58:00+00:00,https://www.marketwatch.com/story/third-dose-of-astrazeneca-covid-19-vaccine-boosts-immune-response-oxford-study-finds-11624885123,MarketWatch,0.125,0.125,positive,0.125,False,False,True,False,False,False,False,False,0.0,243,"['AZN', 'AZN', 'PFE', 'MRNA']",AZN,2021-06-28
AstraZeneca (AZN) Gets CHMP Nod for Forxiga in Kidney Disease,The CHMP passes a favorable opinion for the approval of AstraZeneca's (AZN) Forxiga for the treatment of chronic kidney disease in adults with and without type-II diabetes.,2021-06-28 14:53:00+00:00,https://www.zacks.com/stock/news/1755117/astrazeneca-azn-gets-chmp-nod-for-forxiga-in-kidney-disease,Zacks Investment Research,0.0,0.0,neutral,0.0,False,False,False,False,False,False,False,False,0.0,235,"['SNY', 'AZN', 'JNJ', 'LLY']",AZN,2021-06-28
"AstraZeneca COVID-19 Vaccine Shows Higher Immune Response With Longer Gap, Third Booster Dose","A sub-analysis from the Oxford-led COV001 and COV002 trials with AstraZeneca Plc (NASDAQ: AZN) COVID-19 vaccine induced strong immune responses following a prolonged second dose interval to 45 weeks (10 months) or following a third boosting dose.
The researchers were also able to show that a booster given more than six months after the second dose induced a strong response and increased activity against variants.
The study found that ...",2021-06-28 14:58:12+00:00,https://www.benzinga.com/general/biotech/21/06/21747036/astrazeneca-covid-19-vaccine-shows-higher-immune-response-with-longer-gap-third-booster-dose,Benzinga,0.19242424242424241,0.29924242424242425,positive,0.19242424242424241,False,False,True,False,False,False,False,False,0.0,536,"['AZN', 'GSK', 'JNJ', 'PFE', 'MRNA', 'BNTX']",AZN,2021-06-28
"UK Study Of COVID-19 Shots Mix-Match Shows Immune Response, Can Add Flexibility To Vaccination Programs: CNBC","Mixing and matching the coronavirus vaccines made by Pfizer Inc (NYSE: PFE) - BioNTech SE (NASDAQ: BNTX) and AstraZeneca Plc (NASDAQ: AZN) - Oxford showed a “robust” immune response, reports CNBC.
Oxford-led Com-COV study that started in February assessed the feasibility of alternating vaccines for the initial “prime” vaccination to the follow-up “booster” vaccination.
The study found that the immune responses differed according to the immunization order. The Oxford-AstraZeneca shot followed by the Pfizer-BioNTech vaccine generated a better ...",2021-06-28 17:07:52+00:00,https://www.benzinga.com/general/biotech/21/06/21749046/uk-study-of-covid-19-shots-mix-match-shows-immune-response-can-add-flexibility-to-vaccination-pro,Benzinga,0.25,0.25,positive,0.25,False,False,False,False,False,False,False,False,0.0,661,"['NVAX', 'AZN', 'PFE', 'MRNA', 'BNTX']",AZN,2021-06-28
"India Made AstraZeneca's COVID-19 Vaccine Not Eligible For EU Travel, Seeks Resolution: Reuters","Serum Institute of India's (SII) CEO Adar Poonawalla said he was trying to resolve EU travel problems facing Indians inoculated with SII's licensed version of AstraZeneca Plc's (NASDAQ: AZN) COVID-19 vaccine.
""I have taken this up at the highest levels and hope to resolve this matter soon, both with regulators and at a diplomatic level with countries,"" Poonawalla said on Twitter.
India's Ministry of External Affairs has raised Covishield's lack of recognition ...",2021-06-28 18:20:23+00:00,https://www.benzinga.com/general/biotech/21/06/21750945/india-made-astrazenecas-covid-19-vaccine-not-eligible-for-eu-travel-seeks-resolution-reuters,Benzinga,0.0,0.1,neutral,0.0,False,False,False,False,False,False,True,False,0.0,564,"['AZN', 'JNJ', 'PFE', 'MRNA', 'BNTX']",AZN,2021-06-28
Why a Top European Official Is Warning to Avoid AstraZeneca's COVID Vaccine,The big drugmaker now faces another challenge for its COVID-19 vaccine.,2021-06-29 10:15:00+00:00,https://www.fool.com/investing/2021/06/29/why-a-top-european-official-is-warning-to-avoid-as/,The Motley Fool,0.16666666666666666,0.19999999999999998,positive,0.16666666666666666,False,False,False,False,False,False,False,False,0.0,148,"['AZN', 'PFE', 'MRNA', 'BNTX']",AZN,2021-06-29
Why Johnson & Johnson Is Trashing 60 Million Doses of Its COVID Vaccine,The saga continues at a facility owned by one of J&J's contractors.,2021-06-29 11:01:00+00:00,https://www.fool.com/investing/2021/06/29/why-johnson-johnson-is-trashing-60-million-doses-o/,The Motley Fool,0.0,0.0,neutral,0.0,False,False,False,False,False,False,False,False,0.0,140,"['JNJ', 'AZN', 'EBS']",AZN,2021-06-29
Moderna's COVID-19 Vaccine Produced Neutralizing Titers Against All Variants Tested,"Moderna Inc (NASDAQ: MRNA) has announced new results from in vitro neutralization studies of sera from individuals vaccinated with its COVID-19 vaccine.
The COVID-19 shot produced neutralizing titers against all variants tested, including other versions of the Beta variant, three lineage variants of B.1.617, including Delta variants, the Eta variant (first identified in Nigeria); ...",2021-06-29 14:49:05+00:00,https://www.benzinga.com/general/biotech/21/06/21765876/modernas-covid-19-vaccine-produced-neutralizing-titers-against-all-variants-tested,Benzinga,0.08712121212121211,0.3876262626262626,neutral,0.08712121212121211,False,False,False,False,False,False,False,False,0.0,471,"['ENDP', 'AZN', 'BAX', 'EBS', 'JNJ', 'MRK', 'PFE', 'SNY', 'CTLT', 'CDMO', 'MRNA', 'BNTX']",AZN,2021-06-29
Moderna COVID-19 Vaccine Authorized For Emergency Use In India: What You Need To Know,"Moderna, Inc.'s (NASDAQ: MRNA)  COVID-19 vaccine should soon find its way into India, one of the countries worst affected by the second wave of the pandemic.
What Happened:  India's drug regulator, the Drugs Controller General of India, has approved the importation of Moderna's COVID-19 vaccine for restricted emergency use in India, the Hindustan Times reported, citing sources.
Permission to import Moderna's vaccine has been granted to Indian pharma company Cipla, the report said. Cipla on Monday submitted a request to the DCGI on behalf ...",2021-06-29 15:02:42+00:00,https://www.benzinga.com/general/biotech/21/06/21765164/moderna-covid-19-vaccine-authorized-for-emergency-use-in-india-what-you-need-to-know,Benzinga,-0.31666666666666665,0.5,negative,0.31666666666666665,False,False,True,False,False,False,False,False,0.0,634,"['AZN', 'PFE', 'MRNA', 'BNTX']",AZN,2021-06-29
"WHO says delta variant of COVID means even vaccinated people should keep wearing face masks, as more Asian cities lock down","The World Health Organization is emphasizing its position that even fully vaccinated people should continue to wear face masks in public given the risk presented by the delta variant of the coronavirus-borne illness COVID-19, which is currently racing across the world.",2021-06-29 17:43:00+00:00,https://www.marketwatch.com/story/who-says-delta-variant-of-covid-means-even-vaccinated-people-should-keep-wearing-face-masks-as-more-asian-cities-lock-down-11624977207,MarketWatch,0.06888888888888889,0.2511111111111111,neutral,0.06888888888888889,False,False,False,False,False,False,False,False,0.0,394,"['PFE', 'BNTX', 'MRNA', 'JNJ', 'AZN', 'AZN']",AZN,2021-06-29
The Delta variant is now surging in Germany as concern grows in Europe,"The variant, first identified in India, accounted for 36% of cases recorded in Germany in the week to June 20, up from 15% the previous week, according to Robert Koch Institute president Lothar Wieler.",2021-06-30 07:43:00+00:00,https://www.marketwatch.com/story/the-delta-variant-is-now-surging-in-germany-as-concern-grows-in-europe-11624971668,MarketWatch,0.04166666666666667,0.25,neutral,0.04166666666666667,False,False,False,False,False,False,False,False,0.0,273,"['MRNA', 'PFE', 'AZN']",AZN,2021-06-30
This Risky Micro-Cap Could Pay Off Big,Pieris Pharmaceuticals is introducing a whole new class of drugs to the marketplace.,2021-06-30 12:31:00+00:00,https://www.fool.com/investing/2021/06/30/this-risky-micro-cap-could-pay-off-big/,The Motley Fool,0.11212121212121212,0.3181818181818182,positive,0.11212121212121212,False,False,False,False,False,False,False,False,0.0,124,"['PIRS', 'AZN', 'SGEN']",AZN,2021-06-30
"More than 3 billion COVID vaccine shots administered globally, but unevenly. Delta variant now in 96 countries","The number of doses of vaccines against the coronavirus-borne illness COVID-19 that have been administered globally rose above 3 billion on Wednesday, according to Johns Hopkins University, although distribution remains highly unequal between the developed and developing worlds.",2021-06-30 18:36:00+00:00,https://www.marketwatch.com/story/more-than-3-billion-covid-vaccine-shots-administered-globally-but-developing-world-is-being-left-behind-11625064918,MarketWatch,0.1657142857142857,0.37,positive,0.1657142857142857,False,False,False,False,False,False,False,False,0.0,391,"['PFE', 'BNTX', 'MRNA', 'JNJ', 'AZN', 'AZN']",AZN,2021-06-30
"Delta variant of COVID-19 creates surges in Europe and Asia, and Euro 2020 soccer tournament sparks outbreak","The global tally of confirmed cases of the coronavirus-borne illness COVID-19 rose above 182 million on Thursday, as the highly infectious delta variant continued to create surges in new cases in Europe, Asia and other parts of the world.",2021-07-01 18:11:00+00:00,https://www.marketwatch.com/story/delta-variant-of-covid-19-creates-surges-in-europe-and-asia-and-euro-2020-soccer-tournament-sparks-outbreak-11625150182,MarketWatch,0.16733766233766234,0.4885064935064935,positive,0.16733766233766234,False,False,False,False,False,False,False,False,0.0,348,"['CVAC', 'NVAX', 'PFE', 'BNTX', 'MRNA', 'JNJ', 'AZN', 'AZN']",AZN,2021-07-01
Attention Biotech Investors: Mark Your Calendar For July PDUFA Dates,"June was a month of plenty and also turned out to be a fruitful one from the perspective of Food and Drug Administration approvals. Regulatory reviews mostly produced positive verdicts, and rejections or no-decisions were few and far between.
New molecular entity approvals tapered off to merely two in June. SCYNEXIS, Inc.'s (NASDAQ: SCYX) Brexafemme for treating vaginal yeast infection and Biogen Inc.'s (NASDAQ: BIIB) Aduhelm for Alzheimer's were the two NMEs approved during the month.
NME approvals halfway through the year have exceeded the numbers for 2020 at the same time last year.
FDA's approval of Aduhelm stirred a controversy, given the poor data package that supported the approval, the broader label accorded to it and the higher pricing.
Among the not-so-fortunate candidates was Arimoclomol sponsored by Orphazyme A/S (NASDAQ: ORPH). This investigational drug to treat Niemann-Pick Disease Type C, a rare neurodegenerative disease, faced an outright rejection. The FDA did not communicate its decision on Takeda Pharmaceutical Company Limited's (NYSE: TAK) TAK-721, which is being evaluated as a treatment option for eosinophilic esophagitis.
Here are the key PDUFA dates for July.
Provention Bio Waits For Sweet Tidings For Diabetes Drug After Mixed Regulatory Signals

Company:  Provention Bio, Inc. (NASDAQ: PRVB)
Type of Application:  biologic license application
Candidate: teplizumab
Indication:  type 1 diabetes mellitus
Date:  July 2

Teplizumab is an investigational anti-CD3 monoclonal antibody being evaluated for the delay or prevention of clinical type 1 diabetes in at-risk individuals.
Provention announced FDA acceptance of the BLA for priority review in early January. In late April, the regulator warned of deficiencies in the regulatory application, deeming that the pharmacokinetic profiles of the company's candidate and Eli Lilly and Company's (NYSE: LLY) original drug substance used in the bridging study are not comparable.
An Adcom panel that met on May 27 for reviewing the BLA voted in favor of approving the drug.
ChemoCentryx Up Against Odds With Its Drug to Treat Small Blood Vessel Damage 

Company:  ChemoCentryx, Inc. (NASDAQ: CCXI)
Type of Application:  new drug application
Candidate:  avacopan
Indication: ANCA-Associated Vasculitis
Date: July 7

Avacopan is an orally-administered small molecule that employs a targeted mode of action in the treatment of ANCA-associated vasculitis and other complement-driven autoimmune and inflammatory diseases.
ANCA-associated vasculitis is a systemic disease in which over-activation of the complement pathway further activates neutrophils, leading to inflammation and destruction of small blood vessels. This leads to organ damage and failure, ...",2021-07-01 21:04:46+00:00,https://www.benzinga.com/general/biotech/21/07/21712409/attention-biotech-investors-mark-your-calendar-for-july-pdufa-dates,Benzinga,-0.0033882783882783953,0.45823343323343335,neutral,0.0033882783882783953,False,False,True,False,False,False,False,False,0.0,2813,"['ORPH', 'BIIB', 'IBB', 'INCY', 'LGND', 'AZN', 'LLY', 'MRK', 'PFE', 'CCXI', 'SCYX', 'ARDX', 'FGEN', 'TAK', 'ALBO', 'ITRM', 'PRVB']",AZN,2021-07-01
Is the U.S. Buying Too Many COVID Vaccine Doses?,There's a case to be made that it is.,2021-07-02 10:05:00+00:00,https://www.fool.com/investing/2021/07/02/is-the-us-buying-too-many-covid-vaccine-doses/,The Motley Fool,0.5,0.5,positive,0.5,False,True,False,False,False,False,False,False,0.0,87,"['PFE', 'JNJ', 'AZN', 'NVAX', 'MRNA', 'BNTX']",AZN,2021-07-02
"Pharma Stock Roundup: EU Nod to RHHBY, MRK Drugs, FDA and Pipeline Updates",EU approves Roche's (RHHBY) Enspryng and Merck's (MRK) Keytruda for a new indication. FDA grants EUA to Roche's Actemra for COVID-19.,2021-07-02 12:06:00+00:00,https://www.zacks.com/stock/news/1756994/pharma-stock-roundup-eu-nod-to-rhhby-mrk-drugs-fda-and-pipeline-updates,Zacks Investment Research,0.13636363636363635,0.45454545454545453,positive,0.13636363636363635,False,False,True,False,False,False,False,False,0.0,209,"['SNY', 'AZN', 'JNJ', 'PFE', 'MRK', 'ABBV']",AZN,2021-07-02
How Potent Are JNJ & Other COVID-19 Jabs Against Delta Variant?,"All available vaccines are mostly more effective against the Delta variant after two doses, and less effective after the first dose.",2021-07-02 12:30:00+00:00,https://www.zacks.com/stock/news/1757027/how-potent-are-jnj-other-covid-19-jabs-against-delta-variant,Zacks Investment Research,0.31979166666666664,0.4718750000000001,positive,0.31979166666666664,False,False,False,False,False,False,False,False,0.0,197,"['AZN', 'JNJ', 'PFE', 'MRNA', 'BNTX']",AZN,2021-07-02
"Rising COVID-19 cases in California highlight risks of delta variant, as WHO head warns world in dangerous period of pandemic","A 17% increase in cases of the coronavirus-borne illness COVID-19 in California in the last 14 days has increased concerns about the highly infectious delta variant of the virus, which is expected to become the dominant strain in the U.S. over time as it has in many other places.",2021-07-02 18:02:00+00:00,https://www.marketwatch.com/story/rising-covid-19-cases-in-california-highlight-risks-of-delta-variant-as-who-head-warns-world-in-dangerous-period-of-pandemic-11625237936,MarketWatch,-0.027499999999999986,0.46361111111111114,neutral,0.027499999999999986,False,False,False,False,False,False,False,False,0.0,407,"['PFE', 'BNTX', 'MRNA', 'JNJ', 'AZN', 'AZN']",AZN,2021-07-02
Moderna ETFs to Rise on Positive COVID-19 Vaccine Updates,Moderna has once again come up with interesting updates about its COVID-19 vaccine.,2021-07-02 19:00:00+00:00,https://www.zacks.com/stock/news/1757271/moderna-etfs-to-rise-on-positive-covid-19-vaccine-updates,Zacks Investment Research,0.36363636363636365,0.5227272727272727,positive,0.36363636363636365,False,False,False,False,False,False,False,False,0.0,142,"['AZN', 'PFE', 'MRNA', 'IBB', 'BBH', 'IDNA', 'GERM']",AZN,2021-07-02
These COVID Therapies Appear to Be the Best and Worst at Treating New Variants,Here's how several leading COVID-19 antibody therapies compare based on pre-clinical testing.,2021-07-03 10:04:00+00:00,https://www.fool.com/investing/2021/07/03/these-covid-therapies-appear-to-be-the-best-and-wo/,The Motley Fool,0.03409090909090909,0.43863636363636366,neutral,0.03409090909090909,False,False,False,False,False,False,False,False,0.0,173,"['AZN', 'LLY', 'REGN', 'GSK', 'ABBV', 'VIR']",AZN,2021-07-03
"Study finds Pfizer and Moderna vaccines may offer COVID protection for years, as Australia struggles to contain delta variant","The vaccines developed by Pfizer and German partner BioNTech and Moderna using mRNA technology may offer protection against the coronavirus-borne illness COVID-19 for years, according to a new study published Monday.",2021-07-03 12:48:00+00:00,https://www.marketwatch.com/story/study-finds-pfizer-and-moderna-covid-vaccines-may-offer-protection-for-years-as-australia-struggles-to-contain-delta-variant-11624892042,MarketWatch,0.07878787878787878,0.2515151515151515,neutral,0.07878787878787878,False,False,False,False,False,False,False,False,0.0,343,"['AZN', 'AZN', 'PFE', 'BNTX', 'MRNA', 'JNJ']",AZN,2021-07-03
Why Coming in Second Could Be Great News for Pfizer and Moderna,And it could mean more bad news for AstraZeneca.,2021-07-04 10:04:00+00:00,https://www.fool.com/investing/2021/07/04/why-coming-in-second-could-be-great-news-for-pfize/,The Motley Fool,0.05750000000000004,0.5208333333333333,neutral,0.05750000000000004,False,False,True,False,False,False,False,False,0.0,113,"['PFE', 'AZN', 'MRNA', 'BNTX']",AZN,2021-07-04
3 Stocks to Buy That Are Critically Important to AMC's Future,AMC's business rebound hinges in large part on how well these companies' businesses perform.,2021-07-05 09:52:00+00:00,https://www.fool.com/investing/2021/07/05/3-stocks-to-buy-that-are-critically-important-to-a/,The Motley Fool,0.20476190476190478,0.5178571428571429,positive,0.20476190476190478,False,True,False,False,False,False,False,False,0.4,155,"['MRNA', 'PFE', 'JNJ', 'AZN', 'NVAX', 'AMC', 'BNTX']",AZN,2021-07-05
3 Big Drugmakers to Buy Ahead of the Q2 Earnings Season,"AstraZeneca (AZN), AbbVie (ABBV) and Bayer (BAYRY) are three large drug sector companies worth buying now.",2021-07-06 13:39:00+00:00,https://www.zacks.com/stock/news/1758108/3-big-drugmakers-to-buy-ahead-of-the-q2-earnings-season,Zacks Investment Research,0.1714285714285714,0.20952380952380953,positive,0.1714285714285714,True,True,True,False,False,False,False,False,0.0,163,"['AZN', 'ABBV']",AZN,2021-07-06
AstraZeneca (AZN) Gets EC's Clearance for Alexion Acquisition,AstraZeneca (AZN) obtains European Commission's permission for the acquisition of Alexion. The deal is expected to close in the third quarter of 2021.,2021-07-06 14:16:00+00:00,https://www.zacks.com/stock/news/1758166/astrazeneca-azn-gets-ecs-clearance-for-alexion-acquisition,Zacks Investment Research,-0.03333333333333333,0.13333333333333333,neutral,0.03333333333333333,False,True,False,False,False,False,False,False,0.0,213,"['AZN', 'ALXN', 'ZTS']",AZN,2021-07-06
Israel says Pfizer vaccine just 64% effective in real world as delta variant continues to spread rapidly,"The global tally of confirmed cases of COVID-19 climbed above 184 million on Tuesday, as the highly transmissible delta variant continued to race across the world and the Israeli health ministry said it believes delta has weakened the overall effectiveness of its vaccine program",2021-07-06 19:09:00+00:00,https://www.marketwatch.com/story/israel-says-pfizer-vaccine-just-64-effective-in-real-world-as-delta-variant-continues-to-spread-rapidly-11625582964,MarketWatch,0.1942857142857143,0.39142857142857146,positive,0.1942857142857143,False,False,False,False,False,False,False,False,0.0,385,"['PFE', 'BNTX', 'MRNA', 'JNJ', 'AZN', 'AZN']",AZN,2021-07-06
"As worries emerge about the delta variant and the J&J shot, health officials — and, so far, the research — say the vaccinated are still protected","The Delta variant is already the most dominant strain of the virus in some U.S. states, and that’s putting some Americans easing back into “normal” life on edge.",2021-07-07 12:25:00+00:00,https://www.marketwatch.com/story/worries-emerge-about-the-delta-variant-and-the-j-j-shot-but-health-officials-and-preliminary-research-say-the-vaccinated-are-still-protected-11625234235,MarketWatch,0.1875,0.5375,positive,0.1875,False,False,False,False,False,False,False,False,0.0,308,"['JNJ', 'AZN', 'AZN', 'PFE', 'BNTX', 'MRNA', 'DOCS']",AZN,2021-07-07
Lilly's (LLY) Jardiance Heart Failure Study Meets Main Goal,Lilly's (LLY) Jardiance significantly reduces the risk of the composite of cardiovascular death or hospitalization for heart failure in patients with heart failure with preserved ejection fraction.,2021-07-07 12:39:00+00:00,https://www.zacks.com/stock/news/1758557/lillys-lly-jardiance-heart-failure-study-meets-main-goal,Zacks Investment Research,-0.08166666666666669,0.4216666666666667,neutral,0.08166666666666669,False,False,False,False,False,False,False,False,0.0,258,"['AZN', 'JNJ', 'LLY', 'ABBV']",AZN,2021-07-07
"COVID-19 Vaccine-Induced Blood Clots Probably Linked To Amino Acids, Study Shows: WSJ","Researchers have pointed a handful of amino acids targeted by key antibodies of some people who received the AstraZeneca plc's (NASDAQ: AZN) COVID-19 vaccine offering new clues on reasons for vaccine-induced clotting, reports Wall Street Journal.
The Canadian study analyzed blood samples from AstraZeneca vaccine recipients.
It could potentially help rapid testing and treatment of the unusual clotting arising from an immune-driven mix of coagulation and loss of platelets that stop bleeding.
The clotting, ...",2021-07-07 17:45:35+00:00,https://www.benzinga.com/general/biotech/21/07/21881135/covid-19-vaccine-induced-blood-clots-probably-linked-to-amino-acids-study-shows-wsj,Benzinga,0.08409090909090909,0.8636363636363636,neutral,0.08409090909090909,True,False,False,False,False,False,False,False,0.0,599,"['AZN', 'GSK', 'JNJ', 'PFE', 'MRNA']",AZN,2021-07-07
Vaccine Stocks Fall as Delta Becomes Dominant Variant in US,"Per the latest CDC data, the Delta variant now makes up almost half of the COVID-19 cases in the United States.",2021-07-08 10:51:00+00:00,https://www.zacks.com/stock/news/1758971/vaccine-stocks-fall-as-delta-becomes-dominant-variant-in-us,Zacks Investment Research,0.16666666666666669,0.5333333333333333,positive,0.16666666666666669,False,False,False,False,False,False,False,False,0.0,172,"['AZN', 'JNJ', 'PFE', 'MRNA', 'NVAX', 'BNTX']",AZN,2021-07-08
"The Daily Biotech Pulse: Priority Review For Amgen's Asthma Treatment, Evaxion Reports Positive Skin Cancer Readout, Quidel Recalls Lyra COVID-19 Test","Here's a roundup of top developments in the biotech space over the last 24 hours:
Scaling The Peaks
(Biotech Stocks Hitting 52-week Highs July 7)

Ambrx Biopharma Inc. (NYSE: AMAM)
Alkermes plc (NASDAQ: ALKS)
AtriCure, Inc. (NASDAQ: ATRC)
Bio-Rad Laboratories, Inc. (NYSE: BIO)
Bio-Techne Corporation (NASDAQ: TECH)
Biohaven Pharmaceutical Holding Company Ltd. (NYSE: BHVN) (pre-announced  better-than-expected Q2 sales of migraine drug)
BioLife Solutions, Inc. (NASDAQ: BLFS)
Edwards Lifesciences Corporation (NYSE: EW)
Globus Medical, Inc. (NYSE: GMED)
Intuitive Surgical, Inc. (NASDAQ: ISRG)
IVERIC bio, Inc. (NASDAQ: ISEE)
Laboratory Corporation of America Holdings (NYSE: LH)
Novo Nordisk A/S (NYSE: NVO)
Opiant Pharmaceuticals, Inc. (NASDAQ: OPNT) (announced  positive topline pharmacokinetic data for nasal spray of opioid overdose drug)
ResMed Inc. (NYSE: RMD)
Syneos Health, Inc. (NASDAQ: SYNH)
Virpax Pharmaceuticals, Inc. (NASDAQ: VRPX) (provided a progress update on its pipeline of product candidates)
West Pharmaceutical Services, Inc. (NYSE: WST)
Zoetis Inc. (NYSE: ZTS)

Down In The Dumps
(Biotech Stocks Hitting 52-week Lows July 7)

89bio, Inc. (NASDAQ: ETNB)
AbCellera Biologics Inc. (NASDAQ: ABCL)
Achilles Therapeutics plc (NASDAQ: ACHL)
Adverum Biotechnologies, Inc. (NASDAQ: ADVM)
Akouos, Inc. (NASDAQ: AKUS)
Aerovate Therapeutics, Inc. (NASDAQ: AVTE) (went public June 30)
Akouos, Inc. (NASDAQ: AKUS)
Alzamend Neuro, Inc. (NASDAQ: ALZN)
Angion Biomedica Corp. (NASDAQ: ANGN)
Assembly Biosciences, Inc. (NASDAQ: ASMB)
Ayala Pharmaceuticals, Inc. (NASDAQ: AYLA)
Aytu Biopharma, Inc. (NASDAQ: AYTU)
Aziyo Biologics, Inc. (NASDAQ: AZYO)
Baudax Bio, Inc. (NASDAQ: BXRX)
Biodesix, Inc. (NASDAQ: BDSX)
Biophytis SA (NASDAQ: BPTS)
BioXcel Therapeutics, Inc. (NASDAQ: BTAI)
Black Diamond Therapeutics, Inc. (NASDAQ: BDTX)
Bolt Biotherapeutics, Inc. (NASDAQ: BOLT)
Calithera Biosciences, Inc. (NASDAQ: CALA)
Cellectis S.A. (NASDAQ: CLLS)
Celyad Oncology SA (NASDAQ: CYAD)
Checkmate Pharmaceuticals, Inc. (NASDAQ: CMPI)
Chembio Diagnostics, Inc. (NASDAQ: CEMI)
Cogent Biosciences, Inc. (NASDAQ: COGT)
Cullinan Oncology, Inc. (NASDAQ: CGEM)
CytomX Therapeutics, Inc. (NASDAQ: CTMX)
CVRx, Inc. (NASDAQ: CVRX) (IPOed June 30)
DiaMedica Therapeutics Inc. (NASDAQ: DMAC)
Exelixis, Inc. (NASDAQ: EXEL)
Freeline Therapeutics Holdings plc (NASDAQ: FRLN)
Galapagos NV (NASDAQ: GLPG)
Galecto, Inc. (NASDAQ: GLTO)
Gemini Therapeutics, Inc. (NASDAQ: GMTX)
GlycoMimetics, Inc. (NASDAQ: GLYC)
IMV Inc. (NASDAQ: IMV)
Inhibikase Therapeutics, Inc. (NASDAQ: IKT)
Kala Pharmaceuticals, Inc. (NASDAQ: KALA)
Kiromic ...",2021-07-08 11:45:16+00:00,https://www.benzinga.com/general/biotech/21/07/21893094/the-daily-biotech-pulse-priority-review-for-amgens-asthma-treatment-evaxion-reports-positive-skin,Benzinga,0.0702581369248036,0.27182940516273857,neutral,0.0702581369248036,False,False,False,False,True,False,False,False,0.0,2764,"['CALA', 'ACHL', 'ALKS', 'MTEM', 'LLY', 'AYLA', 'ASMB', 'NRXP', 'AMGN', 'SYNH', 'NVO', 'AKUS', 'CLLS', 'ALZN', 'ATRC', 'BTAI', 'RMD', 'VYNE', 'GLPG', 'AMAM', 'BOLT', 'PRVB', 'WST', 'AZYO', 'CYAD', 'MIRO', 'COGT', 'DMAC', 'CEMI', 'KRBP', 'BDSX', 'NBRV', 'AVTE', 'EXEL', 'ISEE', 'CANF', 'GLTO', 'CTMX', 'CVRX', 'IBB', 'MORF', 'GMED', 'IKT', 'VYGR', 'ISRG', 'BPTS', 'SIBN', 'ABCL', 'BGNE', 'OPNT', 'NBSE', 'VECT', 'YMTX', 'AYTU', 'QDEL', 'FRLN', 'CMPI', 'EVAX', 'ADVM', 'RMTI', 'OYST', 'ZTS', 'IMV', 'VOR', 'MDGL', 'TECH', 'ETNB', 'GLYC', 'SNSE', 'BHVN', 'AZN', 'BXRX', 'QURE', 'TERN', 'MRSN', 'BIO', 'TARA', 'BLFS', 'GMTX', 'KALA', 'EW', 'BDTX', 'ANGN', 'VRPX', 'CGEM', 'LH', 'SONN']",AZN,2021-07-08
Amgen (AMGN)/AstraZeneca's Asthma Drug Gets FDA Priority Tag,The FDA accepts and grants priority review to Amgen (AMGN)/AstraZeneca's BLA for tezepelumab for the treatment of asthma.,2021-07-08 15:53:00+00:00,https://www.zacks.com/stock/news/1759350/amgen-amgnastrazenecas-asthma-drug-gets-fda-priority-tag,Zacks Investment Research,0.0,0.0,neutral,0.0,False,False,True,False,False,False,False,False,0.0,183,"['REGN', 'AZN', 'GSK', 'AMGN']",AZN,2021-07-08
Moderna (MRNA) Begins Dosing in Study on mRNA Flu Vaccine,"Moderna (MRNA) doses the first participant in a phase I/II study on its quadrivalent mRNA-based vaccine candidate, mRNA-1010, against seasonal influenza.",2021-07-08 16:02:00+00:00,https://www.zacks.com/stock/news/1759354/moderna-mrna-begins-dosing-in-study-on-mrna-flu-vaccine,Zacks Investment Research,0.25,0.3333333333333333,positive,0.25,False,False,False,False,False,False,False,False,0.0,212,"['AZN', 'MRNA', 'NVAX', 'BNTX']",AZN,2021-07-08
3 Big Drugmakers to Buy Ahead of the Q2 Earnings Season (Revised),"AstraZeneca (AZN), AbbVie (ABBV) and Bayer (BAYRY) are three large drug sector companies worth buying now.",2021-07-09 04:41:00+00:00,https://www.zacks.com/stock/news/1759454/3-big-drugmakers-to-buy-ahead-of-the-q2-earnings-season-revised,Zacks Investment Research,0.1714285714285714,0.20952380952380953,positive,0.1714285714285714,True,True,True,False,False,False,False,False,0.0,173,"['AZN', 'ABBV']",AZN,2021-07-09
The Smartest Stocks to Buy With $200 Right Now,You don't need to start with a pile of cash to build wealth on Wall Street.,2021-07-09 09:51:00+00:00,https://www.fool.com/investing/2021/07/09/the-smartest-stocks-to-buy-with-200-right-now/,The Motley Fool,0.2857142857142857,0.5357142857142857,positive,0.2857142857142857,False,True,False,False,False,False,False,False,0.0,123,"['BAC', 'ALXN', 'AZN', 'SKLZ']",AZN,2021-07-09
"The Daily Biotech Pulse: Lilly, Morphic's Positive Data At ECCO, Humanigen's COVID Treatment Gets Expedited Review In UK, TransCode IPO","Here's a roundup of top developments in the biotech space over the last 24 hours.
Scaling The Peaks
(Biotech Stocks Hitting 52-week Highs July 8)

Aerpio Pharmaceuticals, Inc. (NASDAQ: ARPO) (moved  on positive analyst action)
Ambrx Biopharma Inc. (NYSE: AMAM)
AtriCure, Inc. (NASDAQ: ATRC)
Biohaven Pharmaceutical Holding Company Ltd. (NYSE: BHVN)
BioLife Solutions, Inc. (NASDAQ: BLFS)
Edwards Lifesciences Corporation (NYSE: EW)
Novo Nordisk A/S (NYSE: NVO)
Recursion Pharmaceuticals, Inc. (NASDAQ: RXRX)
West Pharmaceutical Services, Inc. (NYSE: WST)

Down In The Dumps
(Biotech Stocks Hitting 52-week Lows July 8)

89bio, Inc. (NASDAQ: ETNB)
AbCellera Biologics Inc. (NASDAQ: ABCL)
Achilles Therapeutics plc (NASDAQ: ACHL)
Adicet Bio, Inc. (NASDAQ: ACET)
ADMA Biologics, Inc. (NASDAQ: ADMA)
Aerovate Therapeutics, Inc. (NASDAQ: AVTE) (IPOed June 30)
Agile Therapeutics, Inc. (NASDAQ: AGRX)
Akero Therapeutics, Inc. (NASDAQ: AKRO) (announced positive Phase 2 data for non-alcoholic steatohepatitis drug)
Allogene Therapeutics, Inc. (NASDAQ: ALLO)
AlloVir, Inc. (NASDAQ: ALVR)
Aptose Biosciences Inc. (NASDAQ: APTO)
Assembly Biosciences, Inc. (NASDAQ: ASMB)
Ayala Pharmaceuticals, Inc. (NASDAQ: AYLA)
Aytu Biopharma, Inc. (NASDAQ: AYTU)
Aziyo Biologics, Inc. (NASDAQ: AZYO)
Baudax Bio, Inc. (NASDAQ: BXRX)
Biophytis SA (NASDAQ: BPTS)
BioXcel Therapeutics, Inc. (NASDAQ: BTAI)
Black Diamond Therapeutics, Inc. (NASDAQ: BDTX)
Bolt Biotherapeutics, Inc. (NASDAQ: BOLT)
Calithera Biosciences, Inc. (NASDAQ: CALA)
CASI Pharmaceuticals, Inc. (NASDAQ: CASI)
Cellectis S.A. (NASDAQ: CLLS)
Celyad Oncology SA (NASDAQ: CYAD)
Cerus Corporation (NASDAQ: CERS)
Chembio Diagnostics, Inc. (NASDAQ: CEMI)
Cidara Therapeutics, Inc. (NASDAQ: CDTX)
Concert Pharmaceuticals, Inc. (NASDAQ: CNCE)
Cogent Biosciences, Inc. (NASDAQ: COGT)
CytomX Therapeutics, Inc. (NASDAQ: CTMX)
CVRx, Inc. (NASDAQ: CVRX) (IPOed June 30)
Design Therapeutics, Inc. (NASDAQ: DSGN)
DURECT Corporation (NASDAQ: DRRX)
Ensysce Biosciences, Inc. (NASDAQ: ENSC)
Exelixis, Inc. (NASDAQ: EXEL)
Exicure, Inc. (NASDAQ: XCUR)
Galapagos NV (NASDAQ: GLPG)
Galecto, Inc. (NASDAQ: GLTO)
Gemini Therapeutics, Inc. (NASDAQ: GMTX)
GlycoMimetics, Inc. (NASDAQ: GLYC)
Inhibikase Therapeutics, Inc. (NASDAQ: IKT)
iRhythm Technologies, Inc. (NASDAQ: IRTC)
Kala Pharmaceuticals, Inc. (NASDAQ: KALA)
Kiromic BioPharma, Inc. (NASDAQ: KRBP)
LogicBio Therapeutics, Inc. (NASDAQ: LOGC)
Lyell Immunopharma, Inc. (NASDAQ: LYEL)
Medicenna Therapeutics Corp. (NASDAQ: MDNA)
MediciNova, Inc. (NASDAQ: MNOV)
Mersana Therapeutics, Inc. (NASDAQ: MRSN)
Miromatrix Medical Inc. (NASDAQ:",2021-07-09 11:36:16+00:00,https://www.benzinga.com/general/biotech/21/07/21912491/the-daily-biotech-pulse-lilly-morphics-positive-data-at-ecco-humanigens-covid-treatment-gets-expe,Benzinga,0.18919968919968919,0.4442501942501943,positive,0.18919968919968919,False,False,False,False,False,False,False,False,0.0,2746,"['EW', 'AZYO', 'CLLS', 'LYEL', 'MOR', 'ARPO', 'LLY', 'TSHA', 'CDTX', 'AMAM', 'ACET', 'BTAI', 'NVO', 'KRBP', 'GLPG', 'MIRO', 'ALVR', 'MDNA', 'WST', 'GLTO', 'CYAD', 'AVTE', 'AMGN', 'XCUR', 'CEMI', 'IKT', 'NBRV', 'CVRX', 'ATRC', 'ALLO', 'OSMT', 'CASI', 'SGTX', 'CTMX', 'TPST', 'BOLT', 'CYCN', 'GLYC', 'ABCL', 'VYGR', 'ENSC', 'CERS', 'AKRO', 'QURE', 'YMTX', 'BGNE', 'COGT', 'MORF', 'CNCE', 'SNSE', 'AYTU', 'DRRX', 'BPTS', 'AGRX', 'PHVS', 'IRTC', 'EXEL', 'ETNB', 'BLFS', 'GMTX', 'BHVN', 'IBB', 'LOGC', 'BXRX', 'OTIC', 'NEXI', 'OVID', 'MNOV', 'BDTX', 'CALA', 'DSGN', 'MRSN', 'NLTX', 'SONN', 'ADMA', 'ACHL', 'KALA', 'RMTI', 'AYLA', 'APTO', 'RXRX', 'MTEM', 'AZN', 'VYNE', 'ASMB', 'NRXP', 'HGEN']",AZN,2021-07-09
"Pharma Stock Roundup: GSK's New Deal With Alector, MRK & AZN's FDA Updates",Glaxo (GSK) to co-develop Alector's two candidates for neurodegenerative diseases. FDA updates for Merck (MRK) and AstraZeneca (AZN),2021-07-09 12:10:00+00:00,https://www.zacks.com/stock/news/1759619/pharma-stock-roundup-gsks-new-deal-with-alector-mrk-azns-fda-updates,Zacks Investment Research,0.13636363636363635,0.45454545454545453,positive,0.13636363636363635,False,False,True,False,False,False,False,False,0.0,208,"['AZN', 'GSK', 'MRK', 'LLY', 'AMGN', 'ALEC']",AZN,2021-07-09
"F-star (FSTX), AstraZeneca Team Up for Novel STING Inhibitors","F-star partners with AstraZeneca for its novel STING inhibitor compounds. Resultantly, F-star's shares rise 9.1%.",2021-07-09 15:02:00+00:00,https://www.zacks.com/stock/news/1759737/f-star-fstx-astrazeneca-team-up-for-novel-sting-inhibitors,Zacks Investment Research,0.0,0.0,neutral,0.0,False,False,False,False,False,False,False,False,0.0,176,"['AZN', 'BNTX', 'FSTX']",AZN,2021-07-09
EMA Says Heart Inflammation Likely Linked To mRNA-Based COVID-19 Vaccines,"European Medicines Agency (EMA) has established a probable link between heart inflammation and mRNA-based COVID-19 vaccines made by Pfizer Inc (NYSE: PFE) and Moderna Inc (NASDAQ: MRNA).
The EMA said that heart conditions myocarditis and pericarditis must be listed as possible side effects of the two mRNA vaccines.
This included an in-depth review of 145 cases of myocarditis and 138 cases of pericarditis in Europe among people who received BioNTech SE's (NASDAQ: BNTX) Comirnaty ...",2021-07-09 18:34:58+00:00,https://www.benzinga.com/general/biotech/21/07/21920016/ema-says-heart-inflammation-likely-linked-to-mrna-based-covid-19-vaccines,Benzinga,0.0,0.6666666666666666,neutral,0.0,False,False,False,False,False,False,False,False,0.0,561,"['AZN', 'JNJ', 'PFE', 'MRNA', 'BNTX']",AZN,2021-07-09
"Delta variant of COVID-19  is forcing Asian countries to lock down, while Africa suffers its worst week a year and a half into the pandemic","In the latest sign of the uneven state of the coronavirus pandemic around the world, a slew of countries in the Asia-Pacific region are rushing to impose restrictions on movement to contain surging cases, a full year and a half into a pandemic that many had originally handled deftly.",2021-07-09 18:55:00+00:00,https://www.marketwatch.com/story/delta-variant-of-covid-19-is-forcing-asian-countries-to-lock-down-while-africa-suffers-its-worst-week-a-year-and-a-half-into-the-pandemic-11625841608,MarketWatch,0.003009259259259258,0.5101851851851852,neutral,0.003009259259259258,False,False,False,False,False,False,False,False,0.0,425,"['PFE', 'BNTX', 'MRNA', 'JNJ', 'AZN', 'AZN']",AZN,2021-07-09
3 of the Fastest-Growing Dividend Stocks on the Planet,These stocks offer the best of both worlds: rapid sales growth and a market-topping dividend yield.,2021-07-10 10:35:00+00:00,https://www.fool.com/investing/2021/07/10/3-of-fastest-growing-dividend-stocks-on-the-planet/,The Motley Fool,1.0,0.3,positive,1.0,False,False,False,False,False,True,False,False,0.0,155,"['AVGO', 'ALXN', 'AZN', 'IIPR']",AZN,2021-07-10
"Foxconn, TSMC Team Up To Procure COVID-19 Vaccines From BioNTech","1Hon Hai Precision Industry Co., Ltd. (OTC: HNHAF), popularly known as Foxconn, and Taiwan Semiconductor Manufacturing Company (NYSE: TSM) are joining hands for a purpose unrelated to their core businesses.
What Happened:  Foxconn and TSM are close to signing a deal to procure COVID-19 vaccine shots from German biotech BioNTech SE (NASDAQ: BNTX), Reuters reported. BioNTech along with U.S. pharma giant Pfizer, Inc. (NYSE: PFE) are authorized by several global drug regulators to market an mRNA vaccine for emergency use.
The Taiwanese companies are reportedly acting on behalf of the government, which has faced severe handicaps in clinching a contract. The ...",2021-07-11 11:57:54+00:00,https://www.benzinga.com/general/biotech/21/07/21927140/foxconn-tsmc-team-up-to-procure-covid-19-vaccines-from-biontech,Benzinga,0.09999999999999999,0.31666666666666665,neutral,0.09999999999999999,False,False,False,False,False,False,False,False,0.0,730,"['AAPL', 'AZN', 'PFE', 'TSM', 'MRNA', 'BNTX']",AZN,2021-07-11
These 5 Mid-Cap ETFs Are Worth Adding to Your Portfolio Now,,2021-07-11 12:00:00+00:00,https://www.investing.com/analysis/these-5-midcap-etfs-are-worth-adding-to-your-portfolio-now-200590846,Investing.com,0.3,0.1,positive,0.3,False,False,False,False,False,False,False,False,0.0,61,"['PFE', 'AZN']",AZN,2021-07-11
"The Latest Barron's Picks And Pans: Meme Stocks, AstraZeneca, Citigroup And More","The cover story in this weekend's Barron's reveals what investors should know now about the so-called meme stocks.
Other featured articles discuss how to find bargains in Chinese stocks, the increasing likelihood of big tech regulation and how travel and leisure stocks have fared lately.
Also, see the prospects for a boat maker, a vaccine maker, a leading money center bank and more.

Cover story ""The Meme Stock Trade Is Far From Over. What Investors Need to Know"" by Avi Salzman points out that, half a year later, a boom in retail day trading is keeping stocks like GameStop Corp. (NYSE: GME) at lofty levels. See what Barron's has to say about how Wall Street is struggling over how to respond to this trend.
In ""Analysts Are Throwing in the Towel on Meme Stocks Like AMC,"" Connor Smith discusses how researchers are scratching their heads over how to do their job covering volatile stocks, including AMC Entertainment Holdings Inc (NYSE: AMC), that are powered by Reddit comments, short-seller interest and options trading.
Reshma Kapadia's ""Where to Look for Bargains With Chinese Stocks"" makes a case that investing in China is even trickier than usual these days, leading some investors to wonder if it's even worth the trouble. ...",2021-07-11 13:43:08+00:00,https://www.benzinga.com/news/small-cap/21/07/21926446/the-latest-barrons-picks-and-pans-meme-stocks-astrazeneca-citigroup-and-more,Benzinga,0.050555555555555555,0.3194444444444445,neutral,0.050555555555555555,False,False,True,False,False,False,False,False,0.0,1324,"['NFLX', 'AZN', 'C', 'GME', 'MGM', 'RCL', 'FB', 'GOOGL', 'AMC', 'MBUU', 'JD', 'YUMC']",AZN,2021-07-11
"The Week Ahead In Biotech: Adcom Test Awaits FibroGen, Data Readouts, IPOs In The Mix","Biopharma stocks closed the holiday-shortened week lower amid a lack of any significant news flow.
On the drug approval front, Provention Bio, Inc. (NASDAQ: PRVB) faced a setback, as its diabetes drug failed to get the FDA nod. The stock shed over 20% in reaction to the adverse outcome. Expectedly, the review period for ChemoCentryx, Inc.'s (NASDAQ: CCXI) avacopan as a treatment option for small blood vessel damage was extended. The stock reacted positively to the outcome.
Alector, Inc. (NASDAQ: ALEC) was among the biggest gainers of the week, buoyed by an immuno-neurology deal it struck with GlaxoSmithKline plc (NYSE: GSK).
Biogen, Inc. (NASDAQ: BIIB) was under the scanner as the FDA narrowed the Aduhelm label and also called for an investigation into the interactions between FDA staffers and the company in the run-up to the approval.
Here are the key catalytic events that can impact trading in biotech stocks in the unfolding week:
Conferences
European Academy of Allergy and Clinical Immunology, or EAACI, Annual Congress 2021, to be held virtually: July 10-16",2021-07-11 20:45:11+00:00,https://www.benzinga.com/general/biotech/21/07/21921197/the-week-ahead-in-biotech-adcom-test-awaits-fibrogen-data-readouts-ipos-in-the-mix,Benzinga,-0.04346590909090908,0.45255681818181814,neutral,0.04346590909090908,False,False,True,False,False,False,False,False,0.0,1163,"['ANGO', 'DNAY', 'ATAI', 'VERV', 'BIIB', 'AMAM', 'IBB', 'AZN', 'CYT', 'GSK', 'AVEO', 'CCXI', 'FGEN', 'KALV', 'MOLN', 'IPSC', 'PRVB', 'ALEC', 'LYEL']",AZN,2021-07-11
"Fauci says COVID-19 vaccine boosters not needed for now, with delta variant mostly infecting the unvaccinated","Dr. Anthony Fauci, chief medical adviser to President Joe Biden, did the round of Sunday talk shows on Sunday to say COVID-19 vaccine boosters are not needed in the U.S. right now as almost all new cases are in unvaccinated people, but he didn't rule out that they may be needed over time for certain individuals.",2021-07-12 18:01:00+00:00,https://www.marketwatch.com/story/fauci-says-covid-19-vaccine-boosters-not-needed-for-now-as-delta-variant-mostly-infecting-the-unvaccinated-11626101333,MarketWatch,0.15606060606060604,0.4102813852813853,positive,0.15606060606060604,False,False,False,False,False,False,False,False,0.0,424,"['PFE', 'BNTX', 'MRNA', 'JNJ', 'AZN', 'AZN']",AZN,2021-07-12
COVID-19 Vaccines: How Much Revenue Will Each Drugmaker Generate in 2021?,"Based on company forecasts, Wall Street estimates, and author guestimates, the top coronavirus vaccine developers will bring in billions of dollars in sales this year.",2021-07-13 09:06:00+00:00,https://www.fool.com/investing/2021/07/13/covid-19-vaccines-how-much-revenue-in-2021/,The Motley Fool,0.35,0.35,positive,0.35,True,False,False,False,False,False,False,False,0.0,242,"['PFE', 'JNJ', 'AZN', 'NVAX', 'MRNA', 'BNTX']",AZN,2021-07-13
How Johnson & Johnson's COVID Vaccine Is Making a Comeback,Things are finally looking up for the healthcare giant's COVID-19 vaccine.,2021-07-13 09:55:00+00:00,https://www.fool.com/investing/2021/07/13/how-johnson-johnsons-covid-vaccine-is-making-a-com/,The Motley Fool,0.0,1.0,neutral,0.0,False,False,False,False,False,False,False,False,0.0,134,"['JNJ', 'AZN', 'PFE', 'NVAX', 'EBS', 'MRNA']",AZN,2021-07-13
J&J (JNJ) COVID-19 Jab Linked to New Rare Neurological Disorder,"FDA warns of increased risk of Guillain-Barre syndrome, a rare neurological disorder with J&J's (JNJ) COVID-19 vaccine.",2021-07-13 13:52:00+00:00,https://www.zacks.com/stock/news/1760833/jj-jnj-covid-19-jab-linked-to-new-rare-neurological-disorder,Zacks Investment Research,0.24545454545454545,0.7515151515151515,positive,0.24545454545454545,False,False,True,False,False,False,False,False,0.0,184,"['AZN', 'JNJ', 'PFE', 'MRNA']",AZN,2021-07-13
Here’s why just allowing an ‘exit wave’ of COVID-19 cases carries huge risks for countries,A study by Oxford Economics warns countries against allowing big infection waves to go unchecked. Here's why.,2021-07-13 16:54:00+00:00,https://www.marketwatch.com/story/heres-why-just-allowing-an-exit-wave-of-covid-19-cases-carries-huge-risks-for-countries-11626188212,MarketWatch,0.20000000000000004,0.5,positive,0.20000000000000004,False,False,False,False,False,False,False,False,0.0,201,"['AZN', 'PFE', 'BNTX']",AZN,2021-07-13
"AstraZeneca, JNJ To Start Research On Potentially Modified COVID-19 Shots: WSJ","Johnson & Johnson (NYSE: JNJ) and AstraZeneca plc (NASDAQ: AZN) have joined the University of Oxford and other experts to conduct early-stage research to assess if modifications to their COVID-19 vaccines could reduce or eliminate risks of rare blood clotting events linked to the shots.
The studies on clues for clot formation are fueling the hopes of identifying ...",2021-07-13 17:39:08+00:00,https://www.benzinga.com/general/biotech/21/07/21963001/astrazeneca-jnj-to-start-research-on-potentially-modified-covid-19-shots-wsj,Benzinga,0.05833333333333333,0.7583333333333333,neutral,0.05833333333333333,False,False,False,False,False,False,False,False,0.0,448,"['AZN', 'JNJ']",AZN,2021-07-13
U.K. inflation data boosts sterling and hits shares in British multinationals,"Shares in some of the U.K.’s largest multinational companies declined on Wednesday, depressed by a stronger pound after data showed that inflation jumped by more than expected in June.",2021-07-14 12:29:00+00:00,https://www.marketwatch.com/story/u-k-inflation-data-boosts-sterling-and-hits-shares-in-british-multinationals-11626265743,MarketWatch,0.13333333333333333,0.3,positive,0.13333333333333333,False,False,False,False,False,False,False,False,0.0,263,"['VOD', 'GSK', 'AZN', 'EZJ', 'IAG', 'NWG', 'AAL', 'EVR']",AZN,2021-07-14
AstraZeneca (AZN) Gets Clearance in UK for Alexion Acquisition,"AstraZeneca (AZN) obtains UK Competition and Markets Authority's permission for the impending acquisition of Alexion. The deal is expected to close on Jul 21, 2021.",2021-07-14 13:45:00+00:00,https://www.zacks.com/stock/news/1761462/astrazeneca-azn-gets-clearance-in-uk-for-alexion-acquisition,Zacks Investment Research,-0.1,0.4,neutral,0.1,False,True,False,False,False,False,False,False,0.0,228,"['AZN', 'ALXN']",AZN,2021-07-14
Ionis (IONS) Inks Deal With Bicycle Therapeutics for LICA Drugs,Ionis (IONS) signs a deal with Bicycle Therapeutics to incorporate the latter's optimized Bicycle peptides into its LICA delivery platform.,2021-07-14 13:55:00+00:00,https://www.zacks.com/stock/news/1761414/ionis-ions-inks-deal-with-bicycle-therapeutics-for-lica-drugs,Zacks Investment Research,0.0,0.0,neutral,0.0,False,False,False,False,False,False,False,False,0.0,204,"['AZN', 'BIIB', 'IONS', 'BCYC']",AZN,2021-07-14
Delta variant drove COVID-19 cases higher across the globe last week — including in the U.S.,"The highly transmissible delta variant of COVID-19, now present in 111 countries, drove cases higher across the globe in the past week, including in the U.S., where the curve is rising again after months of declines, especially in those states with low vaccination rates.",2021-07-14 18:10:00+00:00,https://www.marketwatch.com/story/delta-variant-drove-covid-19-cases-higher-across-the-globe-last-week-including-in-the-u-s-11626273617,MarketWatch,0.051250000000000004,0.3945833333333333,neutral,0.051250000000000004,False,False,False,False,False,False,False,False,0.0,365,"['PFE', 'BNTX', 'MRNA', 'JNJ', 'AZN', 'AZN']",AZN,2021-07-14
"EU Regulator Weighing Mix-And-Match, Boosters For COVID-19 Shots","European Medical Agency (EMA) made no definitive recommendations on mixing schedules of COVID-19 vaccines with doses from different manufacturers, saying it was too early to confirm if and when an additional booster shot would be required.
However, EMA did say both doses of two-shot vaccines from Pfizer Inc (NYSE: PFE) - BioNTech SE (NASDAQ: BNTX), AstraZeneca plc (NASDAQ: AZN), and Moderna Inc (NASDAQ: MRNA) would play an essential role in protecting against the Delta variant.
To tackle increasing infections and vaccine shortages, the U.K and the U.S. have initiated trials to assess mix-match of ...",2021-07-14 18:14:35+00:00,https://www.benzinga.com/general/biotech/21/07/21984080/eu-regulator-weighing-mix-and-match-boosters-for-covid-19-shots,Benzinga,0.02,0.24,neutral,0.02,False,False,False,False,False,False,False,False,0.0,673,"['AZN', 'PFE', 'MRNA', 'BNTX']",AZN,2021-07-14
What 3 FibroGen Analysts Are Expecting From Thursday's Roxadustat Adcom Verdict,"FibroGen, Inc. (NASDAQ: FGEN) has a key catalyst Thursday when FDA's Cardiovascular and Renal Drugs Advisory Committee will issue its recommendation on the company's new drug application for roxadustat.
The committee is scheduled to meet between 9:30 a.m. and 5:30 p.m.
Roxadustat was jointly developed by FibroGen and AstraZeneca PLC (NASDAQ: AZN) and has been approved in Japan and China for the treatment of anemia related to chronic kidney disease in both dialysis-dependent, or DD, patients and non-dialysis dependent, or NDD, patients.
The briefing document for discussion by the AdCom made public Tuesday showed FDA staffers were concerned  about evidence of blood clotting in NDD and DD patients.
Q3 US Launch Estimate at Risk, SVB Leerink Says:  The points of discussion for the AdCom would be whether roxadustat should be approved; whether a black box warning should be issued; and whether a broader label, including NDD patients, can be accorded, SVB Leerink analyst Geoffrey Porges said in a note.
The briefing document is negative for a potential FDA nod in the larger NDD patients and at best, neutral for approval in DD patients, the analyst said. The FDA may be inclined to restrict the approval to just DD chronic kidney disease, he added.
""We believe the FDA's view of roxa's safety is incrementally negative ...",2021-07-14 21:04:12+00:00,https://www.benzinga.com/analyst-ratings/analyst-color/21/07/21984681/what-3-fibrogen-analysts-are-expecting-from-thursdays-roxadustat-adcom-verdict,Benzinga,0.042699724517906344,0.47768595041322315,neutral,0.042699724517906344,False,False,True,True,True,False,False,False,0.0,1411,"['AZN', 'FGEN']",AZN,2021-07-14
"The Daily Biotech Pulse: Galapagos Sinks On Data, J&J Recalls Sunscreen Products, FibroGen Awaits AdCom Verdict, 3 IPOs","Here's a roundup of top developments in the biotech space over the last 24 hours:
Scaling The Peaks
(Biotech Stocks Hitting 52-week Highs July 14)

Alexion Pharmaceuticals, Inc. (NASDAQ: ALXN) - U.K. antitrust regulators cleared its pending acquisition by AstraZeneca PLC (NASDAQ: AZN)
Bristol-Myers Squibb Company (NYSE: BMY)
Celldex Therapeutics, Inc. (NASDAQ: CLDX)
Moderna, Inc. (NASDAQ: MRNA)
PLx Pharma Inc. (NASDAQ: PLXP)
Zoetis Inc. (NYSE: ZTS)

Down In The Dumps
(Biotech Stocks Hitting 52-week Lows July 14)

4D Molecular Therapeutics, Inc. (NASDAQ: FDMT)
89bio, Inc. (NASDAQ: ETNB)
AbCellera Biologics Inc. (NASDAQ: ABCL)
Achilles Therapeutics plc (NASDAQ: ACHL)
Adicet Bio, Inc. (NASDAQ: ACET)
Adverum Biotechnologies, Inc. (NASDAQ: ADVM)
Akero Therapeutics, Inc. (NASDAQ: AKRO)
Allena Pharmaceuticals, Inc. (NASDAQ: ALNA) (announced  a registered direct offering)
Allogene Therapeutics, Inc. (NASDAQ: ALLO)
AlloVir, Inc. (NASDAQ: ALVR)
Aptose Biosciences Inc. (NASDAQ: APTO)
Avenue Therapeutics, Inc. (NASDAQ: ATXI)
Aytu Biopharma, Inc. (NASDAQ: AYTU)
Baudax Bio, Inc. (NASDAQ: BXRX)
BioXcel Therapeutics, Inc. (NASDAQ: BTAI)
Black Diamond Therapeutics, Inc. (NASDAQ: BDTX)
Bolt Biotherapeutics, Inc. (NASDAQ: BOLT)
Celyad Oncology SA (NASDAQ: CYAD)
Cerus Corporation (NASDAQ: CERS)
Checkmate Pharmaceuticals, Inc. (NASDAQ: CMPI)
Chembio Diagnostics, Inc. (NASDAQ: CEMI)
Cidara Therapeutics, Inc. (NASDAQ: CDTX)
Codex DNA, Inc. (NASDAQ: DNAY)
Concert Pharmaceuticals, Inc. (NASDAQ: CNCE)
Corvus Pharmaceuticals, Inc. (NASDAQ: CRVS)
Cue Biopharma, Inc. (NASDAQ: CUE)
CytomX Therapeutics, Inc. (NASDAQ: CTMX)
Design Therapeutics, Inc. (NASDAQ: DSGN)
Diffusion Pharmaceuticals Inc. (NASDAQ: DFFN)
DURECT Corporation (NASDAQ: DRRX)
ERYTECH Pharma S.A. (NASDAQ: ERYP)
Esperion Therapeutics, Inc. (NASDAQ: ESPR)
Exelixis, Inc. (NASDAQ: EXEL)
Foghorn Therapeutics Inc. (NASDAQ: FHTX)
Galapagos NV (NASDAQ: GLPG)
Galecto, Inc. (NASDAQ: GLTO)
Gemini Therapeutics, Inc. (NASDAQ: GMTX)
Genfit SA (NASDAQ: GNFT)
Gossamer Bio, Inc. (NASDAQ: GOSS)
HOOKIPA Pharma Inc. (NASDAQ: HOOK)
Ikena Oncology, Inc. (NASDAQ: IKNA)
IMARA Inc. (NASDAQ: IMRA) (announced pricing of its common stock offering)
InflaRx N.V. (NASDAQ: IFRX)
Inhibikase Therapeutics, Inc. (NASDAQ: IKT)
iRhythm Technologies, Inc. (NASDAQ: IRTC)
Kala Pharmaceuticals, Inc. (NASDAQ: KALA)
Kinnate Biopharma Inc. (NASDAQ: KNTE)
Kiromic BioPharma, Inc. (NASDAQ: KRBP)
LogicBio Therapeutics, Inc. (NASDAQ: LOGC)
Medicenna Therapeutics Corp. (NASDAQ: MDNA)
MediciNova, Inc. (NASDAQ: MNOV)
Mersana Therapeutics, Inc. (NASDAQ: MRSN)
Metacrine, Inc. (NASDAQ: MTCR)
Minerva Neurosciences, Inc. (NASDAQ: NERV)
Molecular Templates, Inc. (NASDAQ: MTEM)
MorphoSys AG (NASDAQ: MOR)
Nabriva Therapeutics plc (NASDAQ: NBRV)
Neoleukin Therapeutics, Inc. (NASDAQ: NLTX)
NeuBase Therapeutics, Inc. (NASDAQ: NBSE)
NexImmune, Inc. (NASDAQ: NEXI)
NextCure, Inc. (NASDAQ: NXTC)
NuCana plc (NASDAQ: NCNA)
Nymox Pharmaceutical Corporation (NASDAQ: NYMX)
OncoSec Medical Incorporated (NASDAQ: ONCS)
Orchard Therapeutics plc (NASDAQ: ORTX)
Otonomy, Inc. (NASDAQ: OTIC)
PolyPid Ltd. (NASDAQ: PYPD)
Praxis Precision Medicines, Inc. (NASDAQ: PRAX)
Protara Therapeutics, Inc. (NASDAQ: TARA)
Sarepta Therapeutics, Inc. (NASDAQ: SRPT)
Sensei Biotherapeutics, Inc. (NASDAQ: SNSE)
Sigilon Therapeutics, Inc. (NASDAQ:",2021-07-15 12:07:56+00:00,https://www.benzinga.com/general/biotech/21/07/21994536/the-daily-biotech-pulse-galapagos-sinks-on-data-j-j-recalls-sunscreen-products-fibrogen-awaits-ad,Benzinga,-0.013580246913580245,0.2432098765432099,neutral,0.013580246913580245,False,True,True,False,True,False,False,False,0.0,3463,"['MOR', 'SYRS', 'NEXI', 'XOMA', 'GNFT', 'NERV', 'UPC', 'ACET', 'IRTC', 'IKNA', 'AZN', 'SILK', 'OTIC', 'KRBP', 'ALVR', 'ATXI', 'DSGN', 'BMY', 'TMDX', 'FGEN', 'PRAX', 'ALXN', 'MRSN', 'ACHL', 'JNJ', 'IMUX', 'APTO', 'FHTX', 'BOLT', 'KALA', 'RNAZ', 'NVS', 'NXTC', 'CDTX', 'GLTO', 'IKT', 'CERS', 'MTEM', 'OMIC', 'CNST', 'AKRO', 'GLPG', 'TVTX', 'CLDX', 'NCNA', 'DNAY', 'CEMI', 'NBSE', 'CYAD', 'KNTE', 'DRRX', 'ALNA', 'ONCS', 'MRNA', 'NBRV', 'SGTX', 'EXEL', 'IFRX', 'SRPT', 'THTX', 'CTMX', 'FDMT', 'HOOK', 'ERYP', 'CMPI', 'ETNB', 'PLXP', 'ABCL', 'IBB', 'CUE', 'ZTS', 'BXRX', 'VYGR', 'CRVS', 'VVOS', 'INCY', 'BTAI', 'ESPR', 'TARA', 'AYTU', 'VOR', 'LOGC', 'MDNA', 'IMV', 'BDTX', 'DFFN', 'SNSE', 'MNOV', 'ALLO', 'CNCE', 'IMRA', 'AGLE', 'TERN', 'NLTX', 'ORTX', 'LPCN', 'PYPD', 'ADVM', 'GMTX', 'NYMX', 'GOSS', 'TBPH', 'MTCR']",AZN,2021-07-15
"Top Research Reports for Netflix, Medtronic & AstraZeneca","Today's Research Daily features new research reports on 16 major stocks, including Netflix (NFLX), Medtronic (MDT), and AstraZeneca (AZN).",2021-07-15 17:50:00+00:00,https://www.zacks.com/research-daily/1762274/top-research-reports-for-netflix-medtronic-astrazeneca,Zacks Investment Research,0.1747159090909091,0.36363636363636365,positive,0.1747159090909091,False,False,False,False,False,False,False,False,0.0,197,"['AZN', 'NFLX', 'AMGN', 'MMM', 'MDT', 'BKNG']",AZN,2021-07-15
"U.S. COVID-19 cases more than double in two weeks as delta variant spreads fast, and WHO warns ‘pandemic nowhere near finished’","The number of new cases of COVID-19 in the U.S. has more than doubled in the last two weeks, as the delta variant continues to race across the nation, infecting both vaccinated and unvaccinated people, who account for more than 99% of recent fatalities.",2021-07-15 18:53:00+00:00,https://www.marketwatch.com/story/u-s-covid-19-cases-more-than-double-in-two-weeks-as-delta-variant-spreads-fast-and-who-warns-pandemic-nowhere-near-finished-11626360879,MarketWatch,0.21515151515151515,0.3634680134680135,positive,0.21515151515151515,False,False,False,False,False,False,False,False,0.0,382,"['PFE', 'BNTX', 'MRNA', 'JNJ', 'AZN', 'AZN']",AZN,2021-07-15
3 Things About Novavax That Smart Investors Know,Catalysts for the shares are right around the corner.,2021-07-16 10:00:00+00:00,https://www.fool.com/investing/2021/07/16/3-things-about-novavax-that-smart-investors-know/,The Motley Fool,0.25,0.5892857142857143,positive,0.25,False,False,False,False,False,False,False,False,0.0,103,"['NVAX', 'JNJ', 'PFE', 'AZN', 'MRNA', 'CVAC']",AZN,2021-07-16
FibroGen Staring At Multi-Year Lows Following Adverse Roxadustat AdCom Verdict; How Hard Will The Stock Likely Fall?,"FibroGen, Inc.’s (NASDAQ: FGEN) shares are sinking to their lowest level since late June 2016.
FibroGen’s AdCom Snub  FibroGen said late Thursday that the Food and Drug Administration’s Cardiovascular and Renal Drugs Advisory Committee met to discuss the new drug application for roxadustat, and voted against approval of the drug.
Roxadustat is an oral hypoxia-inducible factor prolyl hydroxylase inhibitor being evaluated to treat anemia due to chronic kidney disease in adult patients. The company is codeveloping the drug with U.K. pharma giant AstraZeneca plc (NASDAQ: AZN).
The committee voted 13-to-1 against approval of roxadustat for non-dialysis-dependent patients and 12-to-2 against approval for dialysis-dependent indications.
AdCom based its recommendations on data from a global Phase 3 program encompassing more than 8,000 patients.
The FDA would take into account AdCom recommendations but is not bound to follow the vote.
“While we are disappointed with today’s outcome, we believe the scientific evidence supports roxadustat approval in the U.S. and will work with the FDA ...",2021-07-16 10:20:09+00:00,https://www.benzinga.com/general/biotech/21/07/22013152/fibrogen-staring-at-multi-year-lows-following-adverse-roxadustat-adcom-verdict-how-hard-will-the-,Benzinga,-0.08585858585858586,0.5184343434343434,neutral,0.08585858585858586,False,False,True,False,False,False,False,False,0.0,1213,"['AZN', 'FGEN']",AZN,2021-07-16
"The Zacks Analyst Blog Highlights: Netflix, Medtronic, AstraZeneca, 3M and Booking Holdings","The Zacks Analyst Blog Highlights: Netflix, Medtronic, AstraZeneca, 3M and Booking Holdings",2021-07-16 11:11:00+00:00,https://www.zacks.com/stock/news/1762580/the-zacks-analyst-blog-highlights-netflix-medtronic-astrazeneca-3m-and-booking-holdings,Zacks Investment Research,0.0,0.0,neutral,0.0,False,False,False,False,False,False,False,False,0.0,184,"['AZN', 'NFLX', 'MMM', 'MDT', 'BKNG']",AZN,2021-07-16
"Pharma Stock Roundup: NVO & LLY's Small Acquisitions, JNJ's Sunscreens Recall",Novo Nordisk (NVO) and Eli Lilly (LLY) announce small acquisition deals. J&J (JNJ) recalls some consumer products.,2021-07-16 11:18:00+00:00,https://www.zacks.com/stock/news/1762614/pharma-stock-roundup-nvo-llys-small-acquisitions-jnjs-sunscreens-recall,Zacks Investment Research,-0.25,0.4,negative,0.25,False,True,False,False,True,False,False,False,0.0,193,"['AZN', 'JNJ', 'PFE', 'NVO', 'MRK', 'LLY']",AZN,2021-07-16
"Moderna set to join S&P 500, stock rallies 8% after hours","Moderna Inc., a biotechnology company catapulted to fame after it produced a highly effective COVID-19 vaccine, is set to join the S&P 500 index, a seal of approval that will put the stock in countless index-tracking and actively managed funds and retirement accounts.",2021-07-16 11:37:00+00:00,https://www.marketwatch.com/story/moderna-set-to-join-s-p-500-stock-rallies-8-11626385875,MarketWatch,0.15555555555555556,0.6333333333333333,positive,0.15555555555555556,False,False,False,False,False,False,False,False,0.0,327,"['MRNA', 'ALXN', 'PFE', 'AZN']",AZN,2021-07-16
Moderna (MRNA) Set to Join S&P 500 Riding on Vaccine Success,"Moderna's (MRNA) success with its COVID-19 vaccine, mRNA-1273, continues to drive the stock. The company crosses $100-billion in market capitalization and will join the S&P 500 soon.",2021-07-16 13:11:00+00:00,https://www.zacks.com/stock/news/1762778/moderna-mrna-set-to-join-sp-500-riding-on-vaccine-success,Zacks Investment Research,0.3,0.0,positive,0.3,False,False,False,False,False,False,False,False,0.0,244,"['AZN', 'PFE', 'ALXN', 'MRNA']",AZN,2021-07-16
FibroGen (FGEN) Roxadustat Fails to Win FDA Advisory Panel Vote,FibroGen (FGEN) is seeking approval for roxadustat as potential treatment of anemia of chronic kidney disease in the United States. Stock down on unfavorable advisory committee outcome.,2021-07-16 13:17:00+00:00,https://www.zacks.com/stock/news/1762782/fibrogen-fgen-roxadustat-fails-to-win-fda-advisory-panel-vote,Zacks Investment Research,0.036111111111111115,0.49722222222222223,neutral,0.036111111111111115,False,False,True,False,False,False,False,False,0.0,250,"['AZN', 'BIIB', 'FGEN', 'CTLT']",AZN,2021-07-16
"Burberry, Rio Tinto and AstraZeneca keep a lid on London stock gains",Friday's session was marked with a cluster of corporate news that was sending shares of three big heavyweights lower.,2021-07-16 14:09:00+00:00,https://www.marketwatch.com/story/burberry-rio-tinto-and-astrazeneca-keep-a-lid-on-london-stock-gains-11626444582,MarketWatch,0.03333333333333333,0.2333333333333333,neutral,0.03333333333333333,False,False,False,False,False,False,False,False,0.0,187,"['RIO', 'AAL', 'BHP', 'BHP', 'AZN', 'AZN']",AZN,2021-07-16
Why Moderna Stock Just Jumped 10%,The company joins the S&P 500 index next week.,2021-07-16 14:59:17+00:00,https://www.fool.com/investing/2021/07/16/why-moderna-stock-just-jumped-10/,The Motley Fool,0.0,0.0,neutral,0.0,False,False,False,False,False,False,False,False,0.0,81,"['MRNA', 'ALXN', 'AZN']",AZN,2021-07-16
This Nasdaq Vaccine Stock Just Got a Big Boost -- and Another Nasdaq Vaccine Stock Deserves the Credit,Find out why a big index move is so interesting for investors.,2021-07-16 16:29:00+00:00,https://www.fool.com/investing/2021/07/16/this-nasdaq-vaccine-stock-just-got-a-big-boost-and/,The Motley Fool,0.16666666666666666,0.2333333333333333,positive,0.16666666666666666,False,False,False,False,False,False,False,False,0.0,166,"['MRNA', 'ALXN', 'AZN']",AZN,2021-07-16
Ericsson inks its largest-ever deal with Verizon in $8.3 billion 5G plan as it faces headwinds from China,"Ericsson has signed its largest-ever deal with an $8.3 billion agreement to provide 5G solutions to Verizon, aiding the U.S. telecom giant in rolling out the next generation of wireless networks.",2021-07-16 16:32:00+00:00,https://www.marketwatch.com/story/ericsson-inks-its-largest-ever-deal-with-verizon-in-8-3-billion-5g-plan-as-it-faces-headwinds-from-china-11626453154,MarketWatch,0.0,0.5,neutral,0.0,False,False,False,False,False,False,False,False,0.0,302,"['VZ', 'ERIC', 'AZN', 'NDAQ']",AZN,2021-07-16
Alexion (ALXN) Reports Positive Data on Ultomiris From gMG Study,Alexion (ALXN) announces that the phase III study of Ultomiris for the indication of gMG met its primary goal.,2021-07-16 17:54:00+00:00,https://www.zacks.com/stock/news/1762992/alexion-alxn-reports-positive-data-on-ultomiris-from-gmg-study,Zacks Investment Research,0.31363636363636366,0.5227272727272727,positive,0.31363636363636366,False,False,False,False,False,False,False,False,0.0,176,"['AZN', 'ALXN', 'RGEN', 'ZTS']",AZN,2021-07-16
"COVID-19 cases now rising in all 50 states, as global tally tops 189 million","The global tally of confirmed cases of COVID-19 climbed above189 million on Friday, as the highly transmissible delta variant continued to spread across the world, pushing new infection numbers higher in many countries, including the U.S.",2021-07-16 18:06:00+00:00,https://www.marketwatch.com/story/covid-19-cases-are-now-rising-in-all-50-states-as-global-tally-tops-189-million-11626448090,MarketWatch,0.20662337662337663,0.4277922077922078,positive,0.20662337662337663,False,False,False,False,False,False,False,False,0.0,316,"['PFE', 'BNTX', 'MRNA', 'JNJ', 'AZN', 'AZN']",AZN,2021-07-16
"With the Alexion Acquisition Set to Close This Quarter, Is AstraZeneca a Buy?","With UK approval, the $39 billion deal for rare disorders biotech company Alexion Pharmaceuticals is set to close on July 21.",2021-07-17 10:48:00+00:00,https://www.fool.com/investing/2021/07/17/with-the-alexion-acquisition-set-to-close-this-qua/,The Motley Fool,0.3,0.9,positive,0.3,False,True,False,False,False,False,False,False,0.0,204,"['AZN', 'ALXN']",AZN,2021-07-17
"AstraZeneca's Acquisition of Alexion Is Nearly a Done Deal, But Is It a Good Deal?",Probably so.,2021-07-17 11:01:00+00:00,https://www.fool.com/investing/2021/07/17/astrazenecas-acquisition-of-alexion-is-nearly-a-do/,The Motley Fool,0.39999999999999997,0.5,positive,0.39999999999999997,False,True,False,False,False,False,False,False,0.0,96,"['AZN', 'ALXN']",AZN,2021-07-17
Moderna And Novavax: Competing For Global Domination In The Vaccines Market,Moderna and Novavax are leading Biotech companies who are expected to be major competitors in the COVID-19 vaccine market moving forward.,2021-07-19 06:26:40+00:00,https://seekingalpha.com/article/4439825-moderna-and-novavax-competiting-for-domination-in-vaccines-market,Seeking Alpha,-0.012500000000000002,0.3,neutral,0.012500000000000002,False,False,False,False,False,False,False,False,0.0,214,"['AZN', 'BNTX', 'PFE', 'MRNA', 'NVAX']",AZN,2021-07-19
2 Compelling Reasons to Buy This Reawakened Pharma Giant,The attention of the world over the next month could bring higher revenue for years to come.,2021-07-19 15:14:29+00:00,https://www.fool.com/investing/2021/07/19/2-compelling-reasons-to-buy-this-reawakened-pharma/,The Motley Fool,0.1375,0.525,positive,0.1375,True,True,False,False,False,False,False,False,0.0,150,"['LLY', 'AZN', 'NVS']",AZN,2021-07-19
"U.K. drops COVID restrictions against advice of experts, and delta variant drives cases higher across the U.S.","The global tally of confirmed cases of COVID-19 climbed above 190.5 million on Monday, as the U.K., against the advice of hundreds of scientists and health experts, fully reopened its economy in a move it has dubbed ""Freedom Day.""",2021-07-19 17:02:00+00:00,https://www.marketwatch.com/story/u-k-drops-covid-restrictions-against-advice-of-experts-and-delta-variant-drives-cases-higher-across-the-u-s-11626705772,MarketWatch,0.1625,0.4,positive,0.1625,False,False,False,False,False,False,False,False,0.0,342,"['PFE', 'BNTX', 'MRNA', 'JNJ', 'AZN', 'AZN']",AZN,2021-07-19
Why Shares of Vaxart Jumped 31.2% in the First Half of 2021,The first half has been a cycle of hope and disappointment for shareholders.,2021-07-19 22:21:00+00:00,https://www.fool.com/investing/2021/07/19/why-shares-of-vaxart-jumped-312-in-the-first-half/,The Motley Fool,-0.08666666666666664,0.27999999999999997,neutral,0.08666666666666664,False,False,False,False,False,False,False,False,0.0,137,"['VXRT', 'JNJ', 'PFE', 'AZN', 'MRNA', 'BNTX']",AZN,2021-07-19
"U.S. warns travelers to avoid U.K. as long as delta variant of COVID is rampant, and study finds India death toll likely 10 times higher than official count",COVID cases among athletes preparing to compete in the Tokyo Olympics climb to 71.,2021-07-20 17:55:00+00:00,https://www.marketwatch.com/story/u-s-warns-travelers-to-avoid-u-k-as-long-as-delta-variant-of-covid-is-rampant-and-study-finds-india-death-toll-likely-10-times-higher-than-official-count-11626792256,MarketWatch,0.06666666666666667,0.6333333333333333,neutral,0.06666666666666667,False,False,False,False,False,False,False,False,0.0,240,"['PFE', 'BNTX', 'MRNA', 'JNJ', 'AZN', 'AZN']",AZN,2021-07-20
"Johnson & Johnson COVID-19 vaccine may not perform as well against Delta variant, says study","The study, which examined blood samples in a laboratory setting and has not yet been peer-reviewed, suggests that anyone who received the J&J vaccine may need to receive a second shot as the variant continues to spread across the US.",2021-07-21 06:10:00+00:00,https://www.marketwatch.com/story/johnson-johnson-covid-19-vaccine-may-not-perform-as-well-against-delta-variant-says-study-11626847811,MarketWatch,0.0,0.0,neutral,0.0,False,False,True,False,False,False,False,False,0.0,327,"['JNJ', 'AZN', 'MRNA', 'PFE', 'BNTX']",AZN,2021-07-21
"Delta variant of SARS-CoV-2 is now in 124 countries and will likely be dominant strain globally within months, says WHO","The highly transmissible delta variant of COVID-19, now present in 124 countries, will become the dominant strain globally in the coming months as it is rapidly outcompeting other variants, the World Health Organization said Wednesday.",2021-07-21 15:57:00+00:00,https://www.marketwatch.com/story/delta-variant-of-covid-is-now-in-124-countries-and-will-likely-be-dominant-strain-globally-within-months-says-who-11626878292,MarketWatch,0.005833333333333334,0.31916666666666665,neutral,0.005833333333333334,False,False,False,False,False,False,False,False,0.0,356,"['PFE', 'BNTX', 'MRNA', 'JNJ', 'AZN']",AZN,2021-07-21
3 Top Tech Stocks to Buy During a Recession,"Palo Alto, Veeva, and Adobe are all resistant to macro headwinds.",2021-07-22 11:08:00+00:00,https://www.fool.com/investing/2021/07/22/3-top-tech-stocks-to-buy-during-a-recession/,The Motley Fool,0.5,0.5,positive,0.5,False,True,False,False,False,False,False,False,0.0,110,"['ADBE', 'MRK', 'AZN', 'PFE', 'PANW', 'VEEV', 'CRWD', 'MRNA']",AZN,2021-07-22
Merck (MRK) Heart Failure Drug Verquvo Gets Approval in Europe,Merck (MRK)/Bayer's (BAYRY) vericiguat gets approval for symptomatic chronic heart failure in patients with reduced ejection fraction in Europe.,2021-07-22 13:45:00+00:00,https://www.zacks.com/stock/news/1765918/merck-mrk-heart-failure-drug-verquvo-gets-approval-in-europe,Zacks Investment Research,-0.3166666666666667,0.3,negative,0.3166666666666667,False,False,False,False,False,False,False,False,0.0,208,"['AZN', 'NVS', 'MRK']",AZN,2021-07-22
"Biden says COVID-19 fast becoming pandemic of unvaccinated, hopes children under 12 can join program ‘within months’","The coronavirus pandemic is fast becoming one for those people who have not yet gotten vaccinated, a frustrated President Joe Biden has warned, but he is also optimistic that children under the age of 12 will be eligible to join the program within months.",2021-07-22 19:11:00+00:00,https://www.marketwatch.com/story/biden-says-covid-19-fast-becoming-pandemic-of-unvaccinated-hopes-children-under-12-can-join-program-within-months-11626965479,MarketWatch,0.12000000000000002,0.6200000000000001,positive,0.12000000000000002,False,False,False,False,False,False,False,False,0.0,373,"['PFE', 'BNTX', 'MRNA', 'JNJ', 'AZN', 'AZN']",AZN,2021-07-22
"Why BioNTech, Moderna, and Novavax Stocks Soared This Week",Concerns about the delta variant are rising.,2021-07-23 10:02:00+00:00,https://www.fool.com/investing/2021/07/23/why-biontech-moderna-and-novavax-stocks-soared-thi/,The Motley Fool,0.0,0.0,neutral,0.0,False,False,False,False,False,False,False,False,0.0,104,"['NVAX', 'PFE', 'AZN', 'MRNA', 'BNTX']",AZN,2021-07-23
Real-World Data In Canada Shows AstraZeneca's COVID-19 Jab Is Over 80% Effective Against Variants,"Results from the Canadian Immunization Research Network (CIRN) showed that one dose of AstraZeneca Plc's (NASDAQ: AZN) COVID-19 vaccine was 82% effective against hospitalization or death caused by the Beta/Gamma COVID-19 variants.
Dubbed Vaxzevria, the vaccine also showed a high level of effectiveness against the Delta (B.617.2, 'Indian') and Alpha (B.1.1.7, 'Kent') variants with 87% and 90% reduction in hospitalizations or ...",2021-07-23 11:30:05+00:00,https://www.benzinga.com/general/biotech/21/07/22121163/real-world-data-in-canada-shows-astrazenecas-covid-19-jab-is-over-80-effective-against-variants,Benzinga,0.4533333333333333,0.7133333333333334,positive,0.4533333333333333,False,False,False,False,False,False,False,False,0.0,530,['AZN'],AZN,2021-07-23
"With COVID cases rising in all 50 states, CDC head  urges unvaccinated to get their shots; U.S. ‘not out of the woods yet’","The U.S. is not out of the woods yet as COVID-19 cases are rising in all 50 states, driven by the highly transmissible delta variant, the head of the CDC warned Thursday, once again urging unvaccinated people -- who now account for the vast majority of cases, hospitalizations and deaths -- to get their shots.",2021-07-23 18:19:00+00:00,https://www.marketwatch.com/story/u-s-not-out-of-the-woods-with-covid-cases-rising-in-all-50-states-cdc-head-warns-urges-unvaccinated-to-get-their-shots-11627051551,MarketWatch,0.08,0.77,neutral,0.08,False,False,False,False,False,False,False,False,0.0,434,"['PFE', 'BNTX', 'MRNA', 'JNJ', 'AZN', 'AZN']",AZN,2021-07-23
These Companies Have Seen Large Returns From 2020 Government Investment,"Much focus on investment comes from the private sector, particularly those of the venture capitalist persuasion. But one of the biggest investors this country has is the federal government.
Why It Matters: As Mariana Mazzucato, an economics professor at University College London, explains in her book ""The Entrepreneurial State,"" much of business creation — including Google’s search engine and new pharmaceuticals — stems from government investment from agencies like the National Science Foundation and National Institutes of Health.
For example, Tesla developed its battery and solar ...",2021-07-23 20:40:34+00:00,https://www.benzinga.com/government/21/07/22128333/these-companies-have-seen-large-returns-from-2020-government-investment,Benzinga,0.14533085961657388,0.3273500309214595,positive,0.14533085961657388,False,False,True,False,False,False,False,False,0.0,664,"['AZN', 'EBS', 'LMT', 'LDOS', 'AJRD', 'J', 'MRNA']",AZN,2021-07-23
Wall Street Breakfast: Earnings In High Gear,"Listen on the go! A daily podcast of Wall Street Breakfast will be available by 8:00 a.m. on Seeking Alpha, iTunes, Stitcher and Spotify.",2021-07-26 10:53:37+00:00,https://seekingalpha.com/article/4441347-wall-street-breakfast-earnings-in-high-gear,Seeking Alpha,0.20000000000000004,0.3133333333333333,positive,0.20000000000000004,True,False,False,False,False,False,False,False,0.0,183,"['PFE', 'TSLA', 'CCVI', 'ELMS', 'GP', 'XPEV', 'FSR', 'YMM', 'RIDE', 'PM', 'NVDA', 'FB', 'SPCE', 'AZN', 'GOOGL', 'AMZN', 'AAPL', 'MSFT', 'SQ']",AZN,2021-07-26
What's in the Cards for AstraZeneca (AZN) in Q2 Earnings?,AstraZeneca's (AZN) second-quarter results are expected to reflect the impact of strong demand for new drugs. Investors are likely to focus on an updated guidance after Alexion acquisition.,2021-07-26 14:12:00+00:00,https://www.zacks.com/stock/news/1767598/whats-in-the-cards-for-astrazeneca-azn-in-q2-earnings,Zacks Investment Research,0.1174242424242424,0.646969696969697,positive,0.1174242424242424,True,True,True,False,False,False,False,False,0.0,248,"['AZN', 'PFE', 'MRK', 'ABBV']",AZN,2021-07-26
Merck (MRK) to Report Q2 Earnings: What's in the Cards?,"Investor focus is likely to be on the sales numbers of Merck's (MRK) blockbuster oncology medicine, Keytruda.",2021-07-26 15:48:00+00:00,https://www.zacks.com/stock/news/1767688/merck-mrk-to-report-q2-earnings-whats-in-the-cards,Zacks Investment Research,0.0,1.0,neutral,0.0,True,False,False,False,False,False,False,False,0.0,166,"['AZN', 'PFE', 'MRK', 'OGN']",AZN,2021-07-26
South Korean Study Also Shows Mixed Regime Of COVID-19 Jabs Boosts Antibody Levels: Reuters,"A South Korean study, mixed vaccination of first AstraZeneca plc’s (NASDAQ: AZN) jab followed by the Pfizer Inc (NYSE: PFE) - BioNTech SE (NASDAQ: BNTX) shot boosted antibody levels by at least six times, Reuters reported Monday.
The shots were up against a double dose of AstraZeneca in the study. 
Of the 499 medical workers, 100 received mixed doses, and ...",2021-07-26 16:47:08+00:00,https://www.benzinga.com/general/biotech/21/07/22152873/south-korean-study-also-shows-mixed-regime-of-covid-19-jabs-boosts-antibody-levels-reuters,Benzinga,-0.007142857142857141,0.2119047619047619,neutral,0.007142857142857141,False,False,False,False,False,False,False,False,0.0,454,"['AZN', 'PFE', 'BNTX']",AZN,2021-07-26
"The Daily Biotech Pulse: ObsEva Surges On Out-Licensing Deal, EyeGate Appoints New CEO, 2 Positive Catalysts For Merck, Candel Therapeutics Debuts","Here's a roundup of top developments in the biotech space over the last 24 hours:
Scaling The Peaks
(Biotech Stocks Hitting 52-week Highs July 26)

Absci, CORP (NASDAQ: ABSI) (IPOed Thursday)
Arvinas, Inc. (NASDAQ: ARVN)
BioNTech SE (NASDAQ: BNTX) (disclosed  plans to make mRNA vaccine for malaria by 2022)
Cassava Sciences, Inc. (NASDAQ: SAVA) (announced positive data for SavaDx, an investigational diagnostic/biomarker to detect Alzheimer's disease with a simple blood test)
Eli Lilly and Company (NYSE: LLY)
Moderna, Inc. (NASDAQ: MRNA)
Monte Rosa Therapeutics, Inc. (NASDAQ: GLUE)
NanoVibronix, Inc. (NASDAQ: NAOV) (announced first shipment of its next generation pain management device, PainShield Plus)
Oramed Pharmaceuticals Inc. (NASDAQ: ORMP)
Sight Sciences, Inc. (NASDAQ: SGHT) (IPOed July 15)
Translate Bio, Inc. (NASDAQ: TBIO) (moved on positive analyst action)

Down In The Dumps
(Biotech Stocks Hitting 52-week Lows July 26)

23andMe Holding Co. (NASDAQ: ME)
AbCellera Biologics Inc. (NASDAQ: ABCL)
Achilles Therapeutics plc (NASDAQ: ACHL)
Acurx Pharmaceuticals, Inc. (NASDAQ: ACXP)
Adaptimmune Therapeutics plc (NASDAQ: ADAP)
Adicet Bio, Inc. (NASDAQ: ACET)
Akouos, Inc. (NASDAQ: AKUS)
Aptose Biosciences Inc. (NASDAQ: APTO)
Ardelyx, Inc. (NASDAQ: ARDX)
Ascendis Pharma A/S (NASDAQ: ASND)
Atai Life Sciences N.V. (NASDAQ: ATAI)
Athenex, Inc. (NASDAQ: ATNX) (announced out-licensing agreement for tirbanibulin)
Avenue Therapeutics, Inc. (NASDAQ: ATXI)
Aytu Biopharma, Inc. (NASDAQ: AYTU)
Biomea Fusion, Inc. (NASDAQ: BMEA)
BioXcel Therapeutics, Inc. (NASDAQ: BTAI)
Black Diamond Therapeutics, Inc. (NASDAQ: BDTX)
Bolt Biotherapeutics, Inc. (NASDAQ: BOLT)
CASI Pharmaceuticals, Inc. (NASDAQ: CASI)
Cellectis S.A. (NASDAQ: CLLS)
Cullinan Oncology, Inc. (NASDAQ: CGEM)
CytomX Therapeutics, Inc. (NASDAQ: CTMX)
Deciphera Pharmaceuticals, Inc. (NASDAQ: DCPH)
DiaMedica Therapeutics Inc. (NASDAQ: DMAC)
Ensysce Biosciences, Inc. (NASDAQ: ENSC)
Epizyme, Inc. (NASDAQ: EPZM)
Esperion Therapeutics, Inc. (NASDAQ: ESPR)
Evoke Pharma, Inc. (NASDAQ: EVOK)
EyeGate Pharmaceuticals, Inc. (NASDAQ: EYEG)
FibroGen, Inc. (NASDAQ: FGEN)
Flexion Therapeutics, Inc. (NASDAQ: FLXN)
Freeline Therapeutics Holdings plc (NASDAQ: FRLN)
Gemini Therapeutics, Inc. (NASDAQ: GMTX)
Global Blood Therapeutics, Inc. (NASDAQ: GBT)
Harpoon Therapeutics, Inc. (NASDAQ: HARP)
HOOKIPA Pharma Inc. (NASDAQ: HOOK)
Ikena Oncology, Inc. (NASDAQ: IKNA)
Imago BioSciences, Inc. (NASDAQ: IMGO) (IPOed July 16)
Inhibikase Therapeutics, Inc. (NASDAQ: IKT) (received Food and Drug Administration clearance for Phase 1b extension study to IkT-148009 in Parkinson's patients)
Insmed Incorporated (NASDAQ: INSM)
InspireMD, Inc. (NASDAQ: NSPR)
iRhythm Technologies, Inc. (NASDAQ: IRTC)
Liminal BioSciences Inc. (NASDAQ: LMNL)
Lyell Immunopharma, Inc. (NASDAQ: LYEL)
Lyra Therapeutics, Inc. (NASDAQ: LYRA)
Madrigal Pharmaceuticals, Inc. (NASDAQ: MDGL)
Mersana Therapeutics, Inc. (NASDAQ: MRSN)
Metacrine, Inc. (NASDAQ: MTCR)
Minerva Neurosciences, Inc. (NASDAQ: NERV)
Mirum Pharmaceuticals, Inc. (NASDAQ: MIRM)
MorphoSys AG (NASDAQ: MOR) (narrowed its revenue guidance for the first-half of 2021)
Neoleukin Therapeutics, Inc. (NASDAQ: NLTX)
NextCure, Inc. (NASDAQ: NXTC)
Nymox Pharmaceutical Corporation (NASDAQ: NYMX)
OncoSec Medical Incorporated (NASDAQ ONCS)
Orchard Therapeutics plc (NASDAQ: ORTX)
ORIC Pharmaceuticals, Inc. (NASDAQ: ORIC)
Oyster Point Pharma, Inc. (NASDAQ: OYST)
Pluristem Therapeutics Inc. (NASDAQ: PSTI)
Praxis Precision Medicines, Inc. (NASDAQ: PRAX)
Protara Therapeutics, Inc. (NASDAQ: TARA)
Relmada Therapeutics, Inc. (NASDAQ: RLMD)
Rockwell Medical, ...",2021-07-27 11:48:32+00:00,https://www.benzinga.com/general/biotech/21/07/22167353/the-daily-biotech-pulse-obseva-surges-on-out-licensing-deal-eyegate-appoints-new-ceo-2-positive-c,Benzinga,0.08412247474747474,0.2606421356421357,neutral,0.08412247474747474,True,False,True,False,False,False,True,False,0.0,3793,"['ACXP', 'LLY', 'HARP', 'TRVN', 'OGN', 'MOR', 'MDGL', 'GLUE', 'ME', 'SAVA', 'ARDX', 'MTCR', 'ACET', 'IRTC', 'ABSI', 'MRK', 'NXTC', 'NERV', 'TSHA', 'ATAI', 'OBSV', 'SLNO', 'ENSC', 'DAWN', 'MIRM', 'SAGE', 'KRBP', 'BOLT', 'ATXI', 'SGHT', 'TBIO', 'MRNA', 'EYEG', 'PRAX', 'HOOK', 'ATNX', 'IMGO', 'TNXP', 'FRLN', 'ASND', 'IKT', 'IBB', 'MRSN', 'TARO', 'BNTX', 'FGEN', 'SGTX', 'INFI', 'CGEM', 'NSPR', 'OYST', 'APTO', 'ABCL', 'INSM', 'MASI', 'DCPH', 'ORMP', 'CNTG', 'CLLS', 'YMTX', 'NLTX', 'BTAI', 'VECT', 'LMNL', 'ADAP', 'VOR', 'NYMX', 'UBX', 'CASI', 'TARA', 'CERC', 'TERN', 'PSTI', 'ARVN', 'EPZM', 'BDTX', 'GBT', 'GMTX', 'REGN', 'TCRX', 'ESPR', 'SONN', 'CTMX', 'IKNA', 'ACHL', 'RMTI', 'ORTX', 'OGEN', 'ORIC', 'RLMD', 'BMEA', 'AZN', 'DMAC', 'EVOK', 'LYRA', 'AYTU', 'LYEL', 'BSX', 'TCRR', 'FLXN', 'AKUS', 'NAOV']",AZN,2021-07-27
3 Big Hints That COVID Vaccine Booster Doses Are on the Way,The writing could already be on the wall.,2021-07-28 09:52:00+00:00,https://www.fool.com/investing/2021/07/28/3-big-hints-that-covid-vaccine-booster-doses-are-o/,The Motley Fool,0.0,0.1,neutral,0.0,False,False,False,False,False,False,False,False,0.0,102,"['PFE', 'AZN', 'JNJ', 'NVAX', 'MRNA', 'BNTX']",AZN,2021-07-28
3 Things That Will Make or Break Novavax's Earnings Report Next Week,They will give us clues about when to expect billions in revenue.,2021-07-28 10:00:00+00:00,https://www.fool.com/investing/2021/07/28/3-crucial-points-to-look-for-in-novavax-earnings/,The Motley Fool,0.0,0.0,neutral,0.0,True,False,False,False,False,False,False,False,0.0,135,"['NVAX', 'AZN', 'PFE', 'JNJ', 'MRNA']",AZN,2021-07-28
"CDC reverses policy on face masks, amid reports of breakthrough infections with delta variant of COVID-19",Reports of breakthrough infections with the delta variant of the coronavirus-borne illness COVID-19 in Americans who are fully vaccinated has prompted the Centers for Disease Control and Prevention to change its policy on face masks in public settings for some parts of the U.S.,2021-07-28 10:07:00+00:00,https://www.marketwatch.com/story/cdc-expected-to-reverse-policy-on-face-masks-later-tuesday-amid-reports-of-breakthrough-infections-with-delta-variant-of-covid-19-11627399505,MarketWatch,0.0,0.06666666666666667,neutral,0.0,False,False,False,False,False,False,False,False,0.0,385,"['PFE', 'BNTX', 'MRNA', 'JNJ', 'AZN', 'AZN']",AZN,2021-07-28
Here's What the Surge in COVID's Delta Variant Could Mean for Pfizer's Stock,It's a mixed bag.,2021-07-28 12:39:00+00:00,https://www.fool.com/investing/2021/07/28/heres-what-the-surge-in-covids-delta-variant-could/,The Motley Fool,-0.15625,0.46875,negative,0.15625,False,False,False,False,False,False,False,False,0.0,95,"['PFE', 'AZN', 'JNJ', 'MRNA']",AZN,2021-07-28
"No Increased Risk Of Blood Clots After Second Dose Of AstraZeneca's COVID-19 Shot, Study Shows","A person's risk of blood clots does not increase after the second Oxford/AstraZeneca plc (NASDAQ: AZN) COVID-19 vaccine shot. The Company is trying to boost confidence in its jab, which has taken a beating after reports of rare but serious blood clotting events after vaccination. 

The study led and funded by AstraZeneca could boost people's confidence in receiving their second dose.
The research,",2021-07-28 16:19:26+00:00,https://www.benzinga.com/general/biotech/21/07/22200874/no-increased-risk-of-blood-clots-after-second-dose-of-astrazenecas-covid-19-shot-study-shows,Benzinga,-0.006666666666666665,0.31333333333333335,neutral,0.006666666666666665,False,False,True,False,False,False,False,False,0.0,496,['AZN'],AZN,2021-07-28
"CDC head takes to the airwaves to sell change on face masks, as delta variant of SARS-COV-2 spreads to 132 countries","The head of the Centers for Disease Control and Prevention took to the airwaves on Wednesday to explain her agency's renewed recommendation for face masks as a protective measure against COVID-1 9 even in vaccinated people, and to again encourage unvaccinated Americans to get their shots.",2021-07-28 17:54:00+00:00,https://www.marketwatch.com/story/cdc-head-explains-change-on-face-mask-policy-and-urges-unvaccinated-to-get-shots-as-delta-variant-of-covid-19-spreads-to-132-countries-11627482665,MarketWatch,0.0,0.0,neutral,0.0,False,False,False,False,False,False,False,False,0.0,407,"['PFE', 'BNTX', 'MRNA', 'JNJ', 'AZN', 'AZN']",AZN,2021-07-28
"7 Stocks To Watch For July 29, 2021","Some of the stocks that may grab investor focus today are:

Wall Street expects  Mastercard Inc (NYSE: MA) to report quarterly earnings at $1.72 per share on revenue of $4.34 billion before the opening bell. Mastercard shares fell 0.2% to $382.88 in after-hours trading.
Ford Motor Company (NYSE: F) reported a surprise profit for the second quarter, while sales also exceeded market estimates. The company also raised its profit guidance for the year. Ford shares gained 3.8% to $14.39 in the after-hours trading session.
Analysts expect  Merck & Co., Inc. (NYSE: MRK) to post quarterly earnings at $1.44 per ...",2021-07-29 08:42:25+00:00,https://www.benzinga.com/news/earnings/21/07/22215982/7-stocks-to-watch-for-july-29-2021,Benzinga,0.0,0.0,neutral,0.0,True,False,True,False,False,False,False,False,0.0,650,"['CMCSA', 'AZN', 'F', 'MA', 'MRK', 'FB', 'PYPL']",AZN,2021-07-29
Is Moderna a Buy?,Moderna is riding high on the COVID-19 wave. Is it too late to get in?,2021-07-29 10:39:00+00:00,https://www.fool.com/investing/2021/07/29/is-moderna-a-buy/,The Motley Fool,-0.06999999999999999,0.57,neutral,0.06999999999999999,False,True,False,False,False,False,False,False,0.0,89,"['MRNA', 'AZN', 'JNJ', 'PFE', 'NVAX', 'BNTX']",AZN,2021-07-29
"AstraZeneca Stock Gains As Q2 Earnings Beat Forecasts, Clocks $894M In COVID-19 Vaccine Sales","AstraZeneca plc (NASDAQ: AZN) COVID vaccine generated $894 million in sales in Q2. The group added that it shipped about 319 million doses worldwide during 1H of 2021, which included $572 million in Europe and $455 million in emerging markets.
Q2 Earnings: AZN delivered strong revenue growth of 31% Y/Y (25% at CER) in Q2 to $8.2 billion, beating the consensus of $7.36 billion.
Excluding the contribution from the COVID-19 vaccine, revenue increased by 17% (12% at CER) in the quarter to $7.4 billion. 
""AstraZeneca has delivered another period of strong growth thanks to robust performances across all regions and disease areas, ...",2021-07-29 11:00:00+00:00,https://www.benzinga.com/general/biotech/21/07/22215997/astrazeneca-stock-gains-as-q2-earnings-beat-forecasts-clocks-894m-in-covid-19-vaccine-sales,Benzinga,0.35555555555555557,0.5555555555555555,positive,0.35555555555555557,True,False,False,False,False,False,False,False,0.0,730,['AZN'],AZN,2021-07-29
"A Peek Into The Markets: US Stock Futures Mostly Higher Ahead Of GDP, Jobless Claims Data","Pre-open movers
U.S. stock futures traded mostly higher in early pre-market trade ahead of earnings from major companies. Investors are awaiting earnings results from  Mastercard Inc (NYSE: MA),  Merck & Co., Inc. (NYSE: MRK),  Comcast Corporation (NASDAQ: CMCSA) and  AstraZeneca plc (NASDAQ: AZN).
Data on initial jobless claims for the latest week and Gross Domestic Product for the second quarter will be released at 8:30 a.m. ET. The pending home sales index for June is scheduled for release at 10:00 a.m. ET.
Futures for the Dow Jones Industrial Average surged 147 points to 34,981.00 while the Standard & Poor’s 500 index futures rose 8.50 points to 4,402.25. Futures for the Nasdaq 100 index fell 13.75 points to 14,997.75.
The U.S. has the highest number of COVID-19 cases and deaths in the world, with total infections in the country exceeding 34,672,820 with around 611,800 deaths. India reported a total of at least 31,528,110 confirmed cases, while Brazil confirmed over 19,797,080 cases.
Oil prices traded higher as Brent crude futures rose 0.5% to trade at $74.23 per ...",2021-07-29 11:09:23+00:00,https://www.benzinga.com/news/earnings/21/07/22218514/a-peek-into-the-markets-us-stock-futures-mostly-higher-ahead-of-gdp-jobless-claims-data,Benzinga,0.08869047619047618,0.5285714285714286,neutral,0.08869047619047618,True,False,True,False,True,False,False,False,0.0,1178,"['CMCSA', 'QCOM', 'AZN', 'F', 'MA', 'MDC', 'MRK', 'TSLA', 'FB']",AZN,2021-07-29
AstraZeneca Looking At Potential Options for COVID-19 Vaccine Business: Reuters,"AstraZeneca plc (NASDAQ: AZN) is reportedly exploring its options for the future of its COVID-19 vaccine business.
The Company expects clarity on the matter by the ...",2021-07-29 11:25:33+00:00,https://www.benzinga.com/general/biotech/21/07/22218399/astrazeneca-looking-at-potential-options-for-covid-19-vaccine-business-reuters,Benzinga,0.0,0.5625,neutral,0.0,False,False,False,False,False,False,False,False,0.0,248,['AZN'],AZN,2021-07-29
"The Daily Biotech Pulse: Merck's Disappointing Q2, Atreca Falls On Data, FDA Nod For Viatris, Nuvalent, Icosavax IPOs","Here's a roundup of top developments in the biotech space over the last 24 hours:
Scaling The Peaks
(Biotech Stocks Hitting 52-week Highs July 28)

AbbVie Inc. (NYSE: ABBV)
Alkermes plc (NASDAQ: ALKS) (reacted to second-quarter results)
Arvinas, Inc. (NASDAQ: ARVN)
Bio-Rad Laboratories, Inc. (NYSE: BIO)
BioNTech SE (NASDAQ: BNTX) (reacted to COVID-19 vaccine sales revealed by Pfizer, Inc.  in its quarterly results)
Cassava Sciences, Inc. (NASDAQ: SAVA) (saw an acceleration in momentum  set in motion by Alzheimer's data release)
Edwards Lifesciences Corporation (NYSE: EW)
Globus Medical, Inc. (NYSE: GMED)
Horizon Therapeutics Public Limited Company (NASDAQ: HZNP)
Ironwood Pharmaceuticals, Inc. (NASDAQ: IRWD)
Merit Medical Systems, Inc. (NASDAQ: MMSI)
Repligen Corporation (NASDAQ: RGEN) (reacted to second-quarter results)
ResMed Inc. (NYSE: RMD)
West Pharmaceutical Services, Inc. (NYSE: WST)
Translate Bio, Inc. (NASDAQ: TBIO)

Down In The Dumps
(Biotech Stocks Hitting 52-week Lows July 28)

89bio, Inc. (NASDAQ: ETNB)
Acumen Pharmaceuticals, Inc. (NASDAQ: ABOS)
Adicet Bio, Inc. (NASDAQ: ACET)
Aerovate Therapeutics, Inc. (NASDAQ: AVTE)
Biodesix, Inc. (NASDAQ: BDSX)
Candel Therapeutics, Inc. Common Stock (NASDAQ: CADL) (IPOed Tuesday)
Eledon Pharmaceuticals, Inc. (NASDAQ: ELDN)
Ensysce Biosciences, Inc. (NASDAQ: ENSC)
ERYTECH Pharma S.A. (NASDAQ: ERYP)
Heron Therapeutics, Inc. (NASDAQ: HRTX)
Ikena Oncology, Inc. (NASDAQ: IKNA)
InflaRx N.V. (NASDAQ: IFRX)
Lumos Pharma, Inc. (NASDAQ: LUMO)
Lyell Immunopharma, Inc. (NASDAQ: LYEL)
Metacrine, Inc. (NASDAQ: MTCR)
Mirum Pharmaceuticals, Inc. (NASDAQ: MIRM)
MorphoSys AG (NASDAQ: MOR)
Nautilus Biotechnology, Inc. (NASDAQ: NAUT)
NexImmune, Inc. (NASDAQ: NEXI)
Otonomy, Inc. (NASDAQ: OTIC)
Oyster Point Pharma, Inc. (NASDAQ: OYST)
Scopus BioPharma Inc. (NASDAQ: SCPS) (IPOed July 15)
Sera Prognostics, Inc. (NASDAQ: SERA) (IPOed July 22)
Sophia Genetics SA (NASDAQ: SOPH) (IPOed Friday)
Universe Pharmaceuticals INC (NASDAQ: UPC)
Yumanity Therapeutics, Inc. (NASDAQ: YMTX)
ZIVO Bioscience, Inc. (NASDAQ: ZIVO)

Stocks In Focus
FDA Approves Fusion Pharma's Clinical Study of Investigational Radiopharmaceutical
Fusion Pharmaceuticals Inc. (NASDAQ: FUSN) said the Food and Drug Administration has cleared its investigational new drug applications FPI-1966 and imaging agent FPI-1967. FPI-1966 is a targeted alpha therapy designed to use vofatamab, a human monoclonal antibody, to target and deliver actinium-225 to tumor sites expressing fibroblast growth factor 3, a protein that is overexpressed in multiple tumor types, particularly head and neck and bladder cancers.
Fusion said it plans to initiate a Phase 1, non-randomized, open-label clinical trial in patients with solid tumors expressing FGFR3 intended to investigate safety, tolerability and pharmacokinetics and to establish the recommended Phase 2 dose.
The stock was up 12.55% at $9.24 in premarket trading.
Satsuma Commences Phase 3 Study Of Migraine Treatment Candidate STS101
Satsuma Pharmaceuticals, Inc. (NASDAQ: STSA) announced randomization of the first subject in its SUMMIT Phase 3 efficacy trial of STS101 for the acute treatment of migraine.
""We believe SUMMIT will provide the basis for STS101, with subsequent FDA approval, to become the first and only DHE product to have established efficacy on the current standard and FDA-accepted endpoints for acute treatment of migraine in a randomized, placebo-controlled trial,"" said John Kollin, CEO of Satsuma.
The stock was gaining 6.54% to $5.70 in premarket trading.
Atreca Shares Slump On Cancer Drug Data
Atreca, Inc. (NASDAQ: BCEL) announced initial data from the dose escalation portion of its ongoing Phase 1b trial ...",2021-07-29 12:15:52+00:00,https://www.benzinga.com/general/biotech/21/07/22219116/the-daily-biotech-pulse-mercks-disappointing-q2-atreca-falls-on-data-fda-nod-for-viatris-nuvalent,Benzinga,0.04837518037518038,0.3001183261183262,neutral,0.04837518037518038,False,False,True,False,True,False,True,False,0.0,3828,"['ABOS', 'VRTX', 'UPC', 'FUSN', 'MOR', 'URGN', 'AZN', 'BDSX', 'ICPT', 'OPK', 'IFRX', 'BIO', 'VTRS', 'ABBV', 'ACET', 'ALKS', 'ERYP', 'EBS', 'TVTX', 'PTCT', 'CORT', 'ARVN', 'EW', 'SCPS', 'AGIO', 'DXCM', 'MRKR', 'LH', 'YMTX', 'VCYT', 'EXAS', 'ALEC', 'MRK', 'ELDN', 'ARDX', 'GILD', 'SILK', 'RMD', 'NEXI', 'HRTX', 'IBB', 'SAVA', 'SNY', 'LBPS', 'CDNA', 'LGND', 'BCEL', 'WST', 'IKNA', 'OTIC', 'MMSI', 'MIRM', 'LYEL', 'RYTM', 'QGEN', 'BNTX', 'IRWD', 'NAUT', 'REGN', 'OYST', 'TBIO', 'AVTE', 'BPMC', 'NVCR', 'RGEN', 'ETNB', 'HZNP', 'ENSC', 'SOPH', 'SGEN', 'LUMO', 'GMED', 'SERA', 'EVLO', 'STSA', 'MTCR', 'CADL']",AZN,2021-07-29
Biden expected to outline requirement for federal workers to get vaccinated or face regular tests in latest push for vaccine program,"President Joe Biden is expected to announce later Thursday a plan to require all federal employees to either get vaccinated or be subjected to regular testing, social distancing, face mask requirements and restricted travel, as he works to encourage more unvaccinated Americans to get their shots.",2021-07-29 15:14:00+00:00,https://www.marketwatch.com/story/biden-expected-to-outline-requirement-for-federal-workers-to-get-vaccinated-or-face-regular-tests-in-latest-push-for-vaccine-program-11627571673,MarketWatch,0.10416666666666667,0.30256410256410254,positive,0.10416666666666667,False,False,False,False,False,False,False,False,0.0,431,"['PFE', 'BNTX', 'MRNA', 'JNJ', 'AZN', 'AZN', 'GOOGL', 'FB', 'AAPL', 'DAL', 'UAL', 'GS', 'MS']",AZN,2021-07-29
"Merck (MRK) Q2 Earnings Miss, Sales Rebound, Stock Slips",Merck (MRK) misses Q2 estimates for earnings but beats the same for sales. Stock down in pre-market.,2021-07-29 15:24:00+00:00,https://www.zacks.com/stock/news/1770685/merck-mrk-q2-earnings-miss-sales-rebound-stock-slips,Zacks Investment Research,-0.07777777777777779,0.20694444444444446,neutral,0.07777777777777779,True,False,False,False,False,False,False,False,0.0,158,"['AZN', 'BMRN', 'MRK', 'OGN']",AZN,2021-07-29
"AstraZeneca (AZN) Q2 Earnings In Line, Vaccine Aids Sales",AstraZeneca (AZN) surpasses second-quarter estimates for revenues while earnings meet estimates. Stock up in pre-market.,2021-07-29 15:31:00+00:00,https://www.zacks.com/stock/news/1770698/astrazeneca-azn-q2-earnings-in-line-vaccine-aids-sales,Zacks Investment Research,0.0,0.0,neutral,0.0,True,False,True,False,False,False,False,False,0.0,179,"['AZN', 'MRK', 'CDXS', 'ARVN']",AZN,2021-07-29
Cashing COVID-19 Vaccine - AstraZeneca Or Pfizer,"Today AstraZeneca plc (NASDAQ: AZN) released its second-quarter earnings with updated sales numbers for its COVID-19 vaccine; when compared to the big mRNA players, the numbers looked rather pale.
Q2 Sales Numbers: AstraZeneca's COVID-19 jab clocked in about $1.17 billion globally in the first half, including $894 million in the second quarter alone. 
Pfizer Inc's (NYSE: PFE) vaccine sales have soared with $3.5 billion in Q1 and another $7.8 billion in the second quarter. Moderna Inc (NASDAQ: MRNA), which is slated to report its second-quarter results next week, bagged $1.7 billion in COVID-19 vaccine sales in Q1.
Pfizer's sales jump has encouraged it to raise full-year projections to $33.5 billion, up from $26 billion in May and $15 billion in February. 
Let's Compare the Prices: Last week, when ...",2021-07-29 17:47:33+00:00,https://www.benzinga.com/general/biotech/21/07/22230543/cashing-covid-19-vaccine-astrazeneca-or-pfizer,Benzinga,-0.014074074074074072,0.09407407407407406,neutral,0.014074074074074072,True,False,True,False,True,False,False,False,0.0,861,"['AZN', 'PFE', 'MRNA', 'BNTX']",AZN,2021-07-29
Tracking Ken Fisher's Fisher Asset Management Portfolio - Q2 2021 Update,Fisher’s 13F portfolio value increased from ~$142B to ~$159B in Q2 2021. The Vanguard Intermediate-Term Corporate Bond ETF stake was increased substantially this quarter.,2021-07-30 05:57:34+00:00,https://seekingalpha.com/article/4442926-tracking-ken-fishers-fisher-asset-management-portfolio-q2-2021-update,Seeking Alpha,0.0,0.0,neutral,0.0,False,False,False,False,False,False,True,False,0.0,244,"['AAPL', 'AAWW', 'ABB', 'ABT', 'ADBE', 'ADSK', 'ALGN', 'AMAT', 'AMD', 'AMT', 'AMZN', 'ASML', 'ASX', 'AXP', 'AZN', 'BABA', 'BBL', 'BBVA', 'BHP', 'BP', 'BUD', 'CAT', 'CCI', 'CLF', 'COF', 'COP', 'COST', 'CRM', 'CSCO', 'CSX', 'CVX', 'DHR', 'DIS', 'DPZ', 'EW', 'FB', 'FCX', 'GLOB', 'GOOG', 'GOOGL', 'GSK', 'HD', 'HDB', 'HES', 'HMC', 'INFY', 'ING', 'INTC', 'ISRG', 'JD', 'JPM', 'LLY', 'LQD', 'LRCX', 'MA', 'MDT', 'MELI', 'MMM', 'MRK', 'MSFT', 'NEE', 'NFLX', 'NKE', 'NOW', 'NSC', 'NTES', 'NVDA', 'NVO', 'NVS', 'NXPI', 'ORCL', 'PBR', 'PBR.A', 'PDD', 'PYPL', 'RDS.A', 'RDS.B', 'RIO', 'RTX', 'SAN', 'SAP', 'SBUX', 'SCCO', 'SIVB', 'SLB', 'SNY', 'SQ', 'STMP', 'SYK', 'SYNA', 'TCOM', 'TMO', 'TSM', 'UNH', 'UNP', 'V', 'VALE', 'VECO', 'WMT', 'XOM', 'YELP', 'YNDX']",AZN,2021-07-30
This Drug's New Indication in China Will Be a Boost to AstraZeneca,The new approval to treat a form of lung cancer will be pivotal to dominating a massive market.,2021-07-30 09:39:00+00:00,https://www.fool.com/investing/2021/07/30/this-drugs-new-indication-in-china-will-be-a-boost/,The Motley Fool,0.19318181818181818,0.6772727272727272,positive,0.19318181818181818,False,False,False,False,False,False,False,False,0.0,163,['AZN'],AZN,2021-07-30
Wall Street Breakfast: Debt Drama,"Listen on the go! A daily podcast of Wall Street Breakfast will be available by 8:00 a.m. on Seeking Alpha, iTunes, Stitcher and Spotify.",2021-07-30 10:58:16+00:00,https://seekingalpha.com/article/4442979-wall-street-breakfast-debt-drama,Seeking Alpha,0.2,0.2,positive,0.2,False,False,False,False,False,True,False,False,0.0,172,"['AMZN', 'PFE', 'AZN', 'JNJ', 'MRNA', 'BNTX', 'HOOD', 'PG', 'NKLA', 'DIS', 'CRSP', 'PINS', 'BA']",AZN,2021-07-30
Wall Street Breakfast: Debt Drama (Podcast),Our top stories today: Debt drama; not enough; and closing out July.,2021-07-30 11:42:30+00:00,https://seekingalpha.com/article/4443007-wall-street-breakfast-debt-drama-podcast,Seeking Alpha,0.25,0.5,positive,0.25,False,False,False,False,False,True,False,False,0.0,113,"['AMZN', 'PFE', 'AZN', 'JNJ', 'MRNA', 'BNTX', 'HOOD', 'PG', 'NKLA', 'DIS', 'CRSP', 'PINS', 'BA']",AZN,2021-07-30
These 3 Tech Companies Could Double Their Revenues by 2025,"Salesforce, Veeva, and PayPal all have rosy expectations for the future.",2021-07-30 12:04:00+00:00,https://www.fool.com/investing/2021/07/30/these-3-tech-companies-could-double-their-revenues/,The Motley Fool,0.0,0.0625,neutral,0.0,True,False,False,False,False,False,False,False,0.0,132,"['PYPL', 'CRM', 'AZN', 'PFE', 'VEEV', 'SQ']",AZN,2021-07-30
"Emergent (EBS) Misses on Q2 Earnings, to Restart Bayview Unit",Emergent's (EBS) second-quarter 2021 earnings miss estimates. Revenues also fail to meet expectations. Stock down.,2021-07-30 13:54:00+00:00,https://www.zacks.com/stock/news/1771703/emergent-ebs-misses-on-q2-earnings-to-restart-bayview-unit,Zacks Investment Research,-0.3277777777777778,0.2944444444444444,negative,0.3277777777777778,True,False,True,False,False,False,False,False,0.0,177,"['AZN', 'JNJ', 'CDXS', 'EBS']",AZN,2021-07-30
"Pharma Stock Roundup: Q2 Earnings of MRK, PFE & Others, FDA Approvals for GSK, ABBV","Pfizer (PFE), Merck (MRK) and others announce Q2 results. FDA approves AbbVie's (ABBV) new antibiotic injection and expands use of Merck's Keytruda and Glaxo's Shingrix and Nucala.",2021-07-30 14:12:00+00:00,https://www.zacks.com/stock/news/1771724/pharma-stock-roundup-q2-earnings-of-mrk-pfe-others-fda-approvals-for-gsk-abbv,Zacks Investment Research,0.13636363636363635,0.45454545454545453,positive,0.13636363636363635,True,False,True,False,False,False,False,False,0.0,265,"['SNY', 'AZN', 'GSK', 'PFE', 'MRK', 'LLY', 'ABBV']",AZN,2021-07-30
"CDC releases data that informed reconsideration of face masks, says delta variant of COVID means the ‘war has changed’",The Centers for Disease Control and Prevention released  data about the spread of the delta variant of COVID-19 that informed its decision earlier this week to recommend that even vaccinated people resume wearing face masks in public settings in areas with high rates of transmission.,2021-07-30 18:08:00+00:00,https://www.marketwatch.com/story/cdc-expected-to-release-data-that-informed-change-on-face-mask-policy-says-delta-variant-of-covid-means-war-has-changed-11627655532,MarketWatch,0.05333333333333334,0.3688888888888888,neutral,0.05333333333333334,False,False,False,False,True,False,False,False,0.0,404,"['PFE', 'BNTX', 'MRNA', 'JNJ', 'AZN', 'AZN']",AZN,2021-07-30
2 Stocks Under $100 You Can Buy and Hold Forever,Drugmakers can be excellent long-term holdings.,2021-07-31 12:38:00+00:00,https://www.fool.com/investing/2021/07/31/2-stocks-under-100-you-can-buy-and-hold-forever/,The Motley Fool,1.0,1.0,positive,1.0,False,True,False,False,False,False,False,False,0.0,97,"['INCY', 'AZN', 'AMZN']",AZN,2021-07-31
Will Moderna’s Tenure on the S&P 500 Index Be Short-Lived?,It's not likely.,2021-08-01 10:15:00+00:00,https://www.fool.com/investing/2021/08/01/will-modernas-tenure-on-the-sp-500-index-be-short/,The Motley Fool,0.0,1.0,neutral,0.0,False,False,False,False,False,False,False,False,0.0,76,"['MRNA', 'JNJ', 'TSLA', 'AZN']",AZN,2021-08-01
"Pfizer, Moderna Hike Prices Of Vaccine Shots Supplied To EU: Report","Pfizer, Inc. (NYSE: PFE) and Moderna, Inc. (NASDAQ: MRNA), which have already minted billions of dollars from their respective COVID-19 vaccines, remain poised to earn more.
What Happened:  Pfizer and Moderna have both renegotiated their vaccine supply contract with the European Union, the FT reported Sunday.
The contract terms for the supply of up to 2.1 billion vaccine shots were revised after the release of the Phase 3 data, the report said. Late-stage study of the mRNA vaccine Pfizer is co-developing with BioNTech SE (NASDAQ: BNTX) showed vaccine efficacy of 95%, while a similar class of vaccine developed by Moderna boasted vaccine efficacy of 94.1%.
In comparison, Johnson & Johnson's (NYSE: JNJ) single-dose shot, which is ...",2021-08-01 20:34:48+00:00,https://www.benzinga.com/general/biotech/21/08/22266730/pfizer-moderna-hike-prices-of-vaccine-shots-supplied-to-eu-report,Benzinga,0.12,0.26,positive,0.12,False,False,False,False,True,False,False,False,0.0,809,"['AZN', 'JNJ', 'PFE', 'MRNA', 'BNTX']",AZN,2021-08-01
Johnson & Johnson Pulls Application For Accelerated Approval Of COVID-19 Shot In India: Report,"Johnson & Johnson (NYSE: JNJ) has withdrawn its application seeking accelerated approval of its COVID-19 vaccine, drugs regulator Drugs Controller General of India informed. 
It is yet to be clear the reason for the withdrawal of the application. 
JNJ had said in April that it was seeking approval to ...",2021-08-02 11:47:31+00:00,https://www.benzinga.com/general/biotech/21/08/22270727/johnson-johnson-pulls-application-for-accelerated-approval-of-covid-19-shot-in-india-report,Benzinga,0.07500000000000001,0.44166666666666665,neutral,0.07500000000000001,False,False,False,False,False,False,False,False,0.0,401,"['AZN', 'JNJ', 'MRNA']",AZN,2021-08-02
Is a Beat Likely for Moderna (MRNA) This Earnings Season?,"Investors are likely to focus on any updated outlook for Moderna's (MRNA) authorized coronavirus vaccine, on the second-quarter earrings call.",2021-08-02 13:22:00+00:00,https://www.zacks.com/stock/news/1772411/is-a-beat-likely-for-moderna-mrna-this-earnings-season,Zacks Investment Research,0.0,1.0,neutral,0.0,True,False,True,False,False,False,False,False,0.0,201,"['AZN', 'DVAX', 'PFE', 'MRNA']",AZN,2021-08-02
"Combining AstraZeneca, mRNA COVID-19 Vaccines Show Efficacy In Danish Study: Reuters","Combining AstraZeneca plc's (NASDAQ: AZN) COVID-19 vaccine with a second dose from either Pfizer Inc (NYSE: PFE) - BioNTech SE (NASDAQ: BNTX) or Moderna Inc's (NASDAQ: MRNA) shot provides ""good protection,"" Denmark's State Serum Institute (SSI) said.
More than 144,000 Danish citizens, mostly healthcare frontline personnel and the elderly, received ...",2021-08-02 16:45:03+00:00,https://www.benzinga.com/general/biotech/21/08/22277862/combining-astrazeneca-mrna-covid-19-vaccines-show-efficacy-in-danish-study-reuters,Benzinga,0.425,0.4,positive,0.425,False,False,True,False,False,False,False,False,0.0,439,"['AZN', 'PFE', 'MRNA', 'BNTX']",AZN,2021-08-02
"U.S. COVID-19 daily case tally back at February levels, and patients are getting younger as Florida records highest hospitalizations yet","The U.S. set a one-day tally of COVID-19 cases of more than 100,000 on Friday, according to Centers for Disease Control and Prevention data, the highest number since February, in the latest sign that the pandemic is far from over.",2021-08-02 17:29:00+00:00,https://www.marketwatch.com/story/u-s-covid-19-daily-case-tally-back-at-february-levels-and-florida-has-highest-hospitalizations-yet-with-patients-getting-younger-11627914596,MarketWatch,0.18333333333333335,0.39999999999999997,positive,0.18333333333333335,False,False,False,False,False,False,False,False,0.0,368,"['PFE', 'BNTX', 'MRNA', 'JNJ', 'AZN', 'AZN']",AZN,2021-08-02
3 Value Stocks That'll Make You Richer in August (and Beyond),Bargains abound for long-term investors.,2021-08-03 09:51:00+00:00,https://www.fool.com/investing/2021/08/03/3-value-stocks-thatll-make-you-richer-in-august/,The Motley Fool,0.0,0.0,neutral,0.0,False,False,False,False,False,False,False,False,0.0,103,"['GM', 'AZN', 'AUY']",AZN,2021-08-03
How the Delta Variant Could Change the World of Coronavirus Vaccine Stocks,It'll push the winners further ahead of the laggards.,2021-08-03 11:22:00+00:00,https://www.fool.com/investing/2021/08/03/how-the-delta-variant-could-change-the-world-of-co/,The Motley Fool,0.0,0.5,neutral,0.0,False,False,False,False,False,False,False,False,0.0,129,"['MRNA', 'PFE', 'JNJ', 'AZN']",AZN,2021-08-03
3 Reasons Why Pfizer's and Moderna's Vaccine Revenue Growth Is Just Getting Started,These elements may represent billions of dollars in the months and years to come.,2021-08-03 12:38:00+00:00,https://www.fool.com/investing/2021/08/03/heres-why-growth-is-ahead-for-pfizer-and-moderna/,The Motley Fool,0.0,0.0,neutral,0.0,True,False,False,False,False,False,False,False,0.0,166,"['MRNA', 'PFE', 'JNJ', 'AZN']",AZN,2021-08-03
Biden to make fresh plea for the unvaccinated to get their shots after CDC raises alarm on delta variant of COVID-19,"President Joe Biden will address Americans again on Tuesday with a fresh plea for unvaccinated people to get their shots and protect themselves against the delta variant of the coronavirus, that the nation's leading public health agency has determined is more than twice as contagious as earlier strains.",2021-08-03 17:41:00+00:00,https://www.marketwatch.com/story/biden-to-make-fresh-plea-for-unvaccinated-to-get-their-shots-after-cdc-warns-on-delta-variant-of-covid-19-11628002584,MarketWatch,0.22000000000000003,0.4133333333333333,positive,0.22000000000000003,False,False,False,False,False,False,False,False,0.0,422,"['PFE', 'BNTX', 'MRNA', 'JNJ', 'AZN', 'AZN']",AZN,2021-08-03
Can Ultomiris Continue to Drive Growth for AstraZeneca?,"The FDA recently approved Ultomiris as a treatment for paroxysmal nocturnal hemoglobinuria patients who are under 18, and it should get a similar label expansion in the E.U. soon.",2021-08-04 10:12:00+00:00,https://www.fool.com/investing/2021/08/04/can-ultomiris-continue-to-drive-growth-for-astraze/,The Motley Fool,0.0,0.325,neutral,0.0,False,False,True,False,False,False,False,False,0.0,236,['AZN'],AZN,2021-08-04
WHO Asks To Hold Off COVID-19 Vaccine Booster Shots Citing Inequality: Report,"The World Health Organization (WHO) has called on wealthy nations to stop the distribution of COVID-19 booster shots, citing vaccine inequity worldwide.
The World Health Organization called for a moratorium on booster shots until at least the end of September because of a shortfall in vaccine supplies to developing countries.
While richer countries have administered 100 doses for every 100 people, the agency ...",2021-08-04 17:46:17+00:00,https://www.benzinga.com/general/biotech/21/08/22330740/who-asks-to-hold-off-covid-19-vaccine-booster-shots-citing-inequality-report,Benzinga,0.1,0.7,neutral,0.1,False,False,False,False,False,False,False,False,0.0,494,"['NVAX', 'AZN', 'JNJ', 'PFE', 'MRNA', 'BNTX']",AZN,2021-08-04
"Delta variant is now in 135 countries, says WHO, as director-general calls for moratorium on boosters to allow poorer countries get first doses","The highly transmissible delta variant of the coronavirus that causes COVID-19 is now in 135 countries, the World Health Organization said Wednesday, as its head called for a moratorium on booster shots of vaccines to ensure poorer countries can get access to first doses.",2021-08-04 18:58:00+00:00,https://www.marketwatch.com/story/delta-variant-is-now-in-135-countries-says-who-as-its-head-calls-for-moratorium-on-boosters-to-allow-poorer-countries-get-first-doses-11628090363,MarketWatch,0.22,0.4022222222222222,positive,0.22,False,False,False,False,False,False,True,False,0.0,417,"['PFE', 'BNTX', 'MRNA', 'JNJ', 'AZN', 'AZN', 'NVAX']",AZN,2021-08-04
Pfizer's CEO Wants to Go Shopping: 3 Potential Companies on His Radar,"Projecting over $33 billion in COVID-19 vaccine revenue alone in 2021, CEO Albert Bourla wants to beef up Pfizer's pipeline.",2021-08-05 10:39:00+00:00,https://www.fool.com/investing/2021/08/05/pfizer-ceo-wants-to-go-shopping-3-potential-compan/,The Motley Fool,0.22499999999999998,0.55,positive,0.22499999999999998,True,False,False,False,False,False,True,False,0.0,195,"['PFE', 'LLY', 'AZN', 'AUPH', 'BPMC', 'AVIR']",AZN,2021-08-05
"Moderna (MRNA) Q2 Earnings Top, COVID-19 Vaccine Brings $4.2B",Moderna's (MRNA) COVID-19 vaccine continues to enjoy robust demand. The company delivered 199 million doses of its COVID-19 vaccine during the second quarter.,2021-08-05 14:27:00+00:00,https://www.zacks.com/stock/news/1775293/moderna-mrna-q2-earnings-top-covid-19-vaccine-brings-42b,Zacks Investment Research,0.3,0.3333333333333333,positive,0.3,True,False,True,False,False,False,False,False,0.0,221,"['AZN', 'MRK', 'VRTX', 'MRNA']",AZN,2021-08-05
Novo Nordisk's (NVO) Q2 Earnings and Sales Beat Estimates,Novo Nordisk (NVO) delivers better-than-expected results for Q2. Sales are aided by growth in Diabetes and Obesity Care owing to elevated GLP-1 revenues.,2021-08-05 17:12:00+00:00,https://www.zacks.com/stock/news/1775460/novo-nordisks-nvo-q2-earnings-and-sales-beat-estimates,Zacks Investment Research,0.0,0.0,neutral,0.0,True,False,False,False,False,False,False,False,0.0,212,"['SNY', 'AZN', 'NVO', 'LLY']",AZN,2021-08-05
"The Daily Biotech Pulse: Dicerna Slips On Data, Novavax Tightlipped On US Vaccine Approval, Adagio IPO","Here's a roundup of top developments in the biotech space over the last 24 hours.
Scaling The Peaks
(Biotech Stocks Hitting 52-week Highs Aug. 5)

Alkermes plc (NASDAQ: ALKS)
Alnylam Pharmaceuticals, Inc. (NASDAQ: ALNY)
AtriCure, Inc. (NASDAQ: ATRC) (reacted to its second-quarter results)
Bio-Rad Laboratories, Inc. (NYSE: BIO)
Bio-Techne Corporation (NASDAQ: TECH) (announced its fourth-quarter results)
BioCryst Pharmaceuticals, Inc. (NASDAQ: BCRX) (reacted to its second-quarter results)
Caribou Biosciences, Inc. (NASDAQ: CRBU) (IPOed July 23)
Celldex Therapeutics, Inc. (NASDAQ: CLDX)
Cortexyme, Inc. (NASDAQ: CRTX)
Erasca, Inc. (NASDAQ: ERAS) (IPOed July 16)
Edwards Lifesciences Corporation (NYSE: EW)
Genmab A/S (NASDAQ: GMAB)
Immuneering Corporation (NASDAQ: IMRX) (IPOed July 30)
Innoviva, Inc. (NASDAQ: INVA)
Impel NeuroPharma, Inc. (NASDAQ: IMPL)
Intuitive Surgical, Inc. (NASDAQ: ISRG) (announced a 3-for-1 stock split)
Maravai LifeSciences Holdings, Inc. (NASDAQ: MRVI)
Moderna, Inc. (NASDAQ: MRNA)
Monte Rosa Therapeutics, Inc. (NASDAQ: GLUE)
Novo Nordisk A/S (NYSE: NVO) (reacted to half-yearly results)
Oramed Pharmaceuticals Inc. (NASDAQ: ORMP)
OrthoPediatrics Corp. (NASDAQ: KIDS) (reacted to its second-quarter results)
PAVmed Inc. (NASDAQ: PAVM)
Repligen Corporation (NASDAQ: RGEN)
West Pharmaceutical Services, Inc. (NYSE: WST)

Down In The Dumps
(Biotech Stocks Hitting 52-week Lows Aug. 5)

ACADIA Pharmaceuticals Inc. (NASDAQ: ACAD) (reacted to its second-quarter results)
Acurx Pharmaceuticals, Inc. (NASDAQ: ACXP)
Akero Therapeutics, Inc. (NASDAQ: AKRO)
Alzamend Neuro, Inc. (NASDAQ: ALZN)
Amryt Pharma plc (NASDAQ: AMYT) (announced completion of Chiasma acquisition)
Aridis Pharmaceuticals, Inc. (NASDAQ: ARDS)
Atai Life Sciences N.V. (NASDAQ: ATAI)
Athenex, Inc. (NASDAQ: ATNX) (announced second-quarter results)
AVROBIO, Inc. (NASDAQ: AVRO) (reacted to second-quarter results)
Aytu Biopharma, Inc. (NASDAQ: AYTU)
Avenue Therapeutics, Inc. (NASDAQ: ATXI)
Baxter International Inc. (NYSE: BAX)
Baudax Bio, Inc. (NASDAQ: BXRX) (announced its second-quarter results)
Catalyst Biosciences, Inc. (NASDAQ: CBIO) (announced to second-quarter results)
Cytosorbents Corporation (NASDAQ: CTSO)
Esperion Therapeutics, Inc. (NASDAQ: ESPR)
Exicure, Inc. (NASDAQ: XCUR)
EyeGate Pharmaceuticals, Inc. (NASDAQ: EYEG)
GlycoMimetics, Inc. (NASDAQ: GLYC) (announced second-quarter results and the appointment of a new CEO)
Immunic, Inc. (NASDAQ: IMUX)
Indaptus Therapeutics, Inc. Common Stock (NASDAQ: INDP) (IPOed Wednesday)
iRhythm Technologies, Inc. (NASDAQ: IRTC)
Kala Pharmaceuticals, Inc. (NASDAQ: KALA) (announced its second-quarter results)
Karyopharm Therapeutics Inc. (NASDAQ: KPTI)
Kinnate Biopharma Inc. (NASDAQ: KNTE)
Magenta Therapeutics, Inc. (NASDAQ: MGTA) (announced second-quarter results)
MaxCyte, Inc. (NASDAQ: MXCT)
Nevro Corp. (NYSE: NVRO) ( reacted  to quarterly results)
Orphazyme A/S (NASDAQ: ORPH)
Otonomy, Inc. (NASDAQ: OTIC) (reacted to its second-quarter results)
Outset Medical, Inc. (NASDAQ: OM)
Pharming Group N.V. (NASDAQ: PHAR)
Pluristem Therapeutics Inc. (NASDAQ: PSTI)
Progenity, Inc. (NASDAQ: PROG)
Puma Biotechnology, Inc. (NASDAQ: PBYI)
Rhythm Pharmaceuticals, Inc. (NASDAQ: RYTM)
Rockwell Medical, Inc. (NASDAQ: RMTI)
RxSight, Inc. (NASDAQ: RXST) (IPOed July 30)
Spruce Biosciences, Inc. (NASDAQ: SPRB)
Stoke Therapeutics, Inc. (NASDAQ: STOK)
Talis ...",2021-08-06 11:42:38+00:00,https://www.benzinga.com/general/biotech/21/08/22371293/the-daily-biotech-pulse-dicerna-slips-on-data-novavax-tightlipped-on-us-vaccine-approval-adagio-i,Benzinga,0.020089786756453423,0.2011223344556678,neutral,0.020089786756453423,False,True,True,False,False,True,True,False,0.0,3507,"['APRE', 'VVOS', 'ACAD', 'COLL', 'RMTI', 'AVRO', 'INVA', 'OSCR', 'ALKS', 'NBRV', 'TECH', 'ARDS', 'PBYI', 'TLIS', 'ALNY', 'CBIO', 'VIVO', 'ETON', 'OM', 'IMPL', 'ATAI', 'PLXP', 'AZN', 'TWST', 'ESPR', 'ALZN', 'ATHX', 'AYTU', 'BAX', 'IMUX', 'GLYC', 'UNCY', 'ATRC', 'PAVM', 'BIO', 'AKRO', 'KPTI', 'ACXP', 'BCRX', 'IRTC', 'BMY', 'STOK', 'ANIP', 'GLUE', 'CLDX', 'SRRA', 'EW', 'GMAB', 'MRNA', 'DRNA', 'ERAS', 'CRTX', 'NVO', 'BXRX', 'OCUL', 'IMRX', 'IBB', 'ATXI', 'WST', 'AMYT', 'OTIC', 'CRBU', 'ISRG', 'ATNX', 'KIDS', 'PROG', 'EYEG', 'RXST', 'NVAX', 'MRSN', 'CEMI', 'ORPH', 'RYTM', 'MXCT', 'OFIX', 'KALA', 'CTSO', 'SPRB', 'GH', 'INDP', 'ONCY', 'XCUR', 'PHAR', 'ORMP', 'MRVI', 'NVRO', 'PSTI', 'MGTA', 'VECT', 'KNTE', 'AUPH', 'RGEN', 'XERS']",AZN,2021-08-06
"Pharma Stock Roundup: LLY, NVO, BAYRY Q2 Earnings, SNY's TBIO Buyout, FDA Updates","Lilly (LLY), Novo Nordisk (NVO) and Bayer (BAYRY) announce Q2 results. FDA approves AstraZeneca's (AZN) lupus medicine, Saphnelo. Sanofi (SNY) to buy Translate Bio.",2021-08-06 13:30:00+00:00,https://www.zacks.com/stock/news/1776084/pharma-stock-roundup-lly-nvo-bayry-q2-earnings-snys-tbio-buyout-fda-updates,Zacks Investment Research,0.0,0.0,neutral,0.0,True,True,True,False,False,False,False,False,0.0,247,"['SNY', 'AZN', 'PFE', 'NVO', 'LLY']",AZN,2021-08-06
"Ironwood's (IRWD) Q2 Earnings Beat, 2021 Guidance Raised",Ironwood (IRWD) witnesses strong demand for Linzess in the second quarter. Stock up.,2021-08-06 15:52:00+00:00,https://www.zacks.com/stock/news/1776253/ironwoods-irwd-q2-earnings-beat-2021-guidance-raised,Zacks Investment Research,0.21666666666666665,0.36666666666666664,positive,0.21666666666666665,True,False,True,False,False,False,False,False,0.0,142,"['AZN', 'IRWD', 'TEVA', 'ABBV']",AZN,2021-08-06
Sanofi (SNY) Pompe Disease Drug Receives FDA's Approval,The FDA gives approval to Sanofi's (SNY) Nexviazyme (avalglucosidase alfa) for treating late-onset Pompe disease.,2021-08-09 16:43:00+00:00,https://www.zacks.com/stock/news/1777044/sanofi-sny-pompe-disease-drug-receives-fdas-approval,Zacks Investment Research,0.0,0.0,neutral,0.0,False,False,True,False,False,False,False,False,0.0,170,"['SNY', 'AZN', 'IRWD', 'FOLD']",AZN,2021-08-09
6 Ways to Start Investing With $100 or Less,Want to start investing but afraid you don't have enough money?,2021-08-10 09:45:00+00:00,https://www.fool.com/investing/2021/08/10/6-ways-to-start-investing-with-100-or-less/,The Motley Fool,-0.25555555555555554,0.48888888888888893,negative,0.25555555555555554,False,False,False,False,False,False,False,False,0.0,108,"['BA', 'AZN']",AZN,2021-08-10
Apellis' (APLS) Q2 Earnings & Revenues Fall Shy of Estimates,Apellis (APLS) reports a wider-than-expected loss for the second quarter of 2021. Revenues too miss expectations.,2021-08-10 19:36:00+00:00,https://www.zacks.com/stock/news/1777809/apellis-apls-q2-earnings-revenues-fall-shy-of-estimates,Zacks Investment Research,-0.25,0.25,negative,0.25,True,False,True,False,False,False,False,False,0.0,175,"['AZN', 'RGEN', 'SPRO', 'APLS']",AZN,2021-08-10
"The Daily Biotech Pulse: FDA Rejects FibroGen's Anemia Drug, Crinetics Gains On Positive Readout, BioCryst Withdraws Public Offering","Here's a roundup of top developments in the biotech space over the last 24 hours:
Scaling The Peaks
(Biotech Stocks Hitting 52-week Highs Aug. 10)

Alnylam Pharmaceuticals, Inc. (NASDAQ: ALNY)
BioNTech SE (NASDAQ: BNTX)
Caribou Biosciences, Inc. (NASDAQ: CRBU) (IPOed July 23)
Connect Biopharma Holdings Limited (NASDAQ: CNTB)
Cortexyme, Inc. (NASDAQ: CRTX)
Erasca, Inc. (NASDAQ: ERAS) (IPOed July 16)
Fulcrum Therapeutics, Inc. (NASDAQ: FULC) (reacted to a positive readout for its sickle cell disease candidate)
Intersect ENT, Inc. (NASDAQ: XENT)
Ironwood Pharmaceuticals, Inc. (NASDAQ: IRWD)
Maravai LifeSciences Holdings, Inc. (NASDAQ: MRVI)
Moderna, Inc. (NASDAQ: MRNA)
Monte Rosa Therapeutics, Inc. (NASDAQ: GLUE)
Oramed Pharmaceuticals Inc. (NASDAQ: ORMP)
Pfizer Inc. (NYSE: PFE)
Protagonist Therapeutics, Inc. (NASDAQ: PTGX) - announced resolution of contract dispute with Zealand Pharma A/S (NASDAQ: ZEAL)
Quest Diagnostics Incorporated (NYSE: DGX)
Rani Therapeutics Holdings, Inc. (NASDAQ: RANI) (IPOed  July 30)
Repligen Corporation (NASDAQ: RGEN)
West Pharmaceutical Services, Inc. (NYSE: WST)

Down In The Dumps
(Biotech Stocks Hitting 52-week Lows Aug. 10)

ACADIA Pharmaceuticals Inc. (NASDAQ: ACAD)
Akero Therapeutics, Inc. (NASDAQ: AKRO)
Arena Pharmaceuticals, Inc. (NASDAQ: ARNA)
Atai Life Sciences N.V. (NASDAQ: ATAI)
AVROBIO, Inc. (NASDAQ: AVRO)
Axsome Therapeutics, Inc. (NASDAQ: AXSM)
Biomea Fusion, Inc. (NASDAQ: BMEA)
Biophytis SA (NASDAQ: BPTS)
bluebird bio, Inc. (NASDAQ: BLUE)
Cellectar Biosciences, Inc. (NASDAQ: CLRB)
CytomX Therapeutics, Inc. (NASDAQ: CTMX)
CymaBay Therapeutics, Inc. (NASDAQ: CBAY)
Edgewise Therapeutics, Inc. (NASDAQ: EWTX)
Ensysce Biosciences, Inc. (NASDAQ: ENSC)
Epizyme, Inc. (NASDAQ: EPZM)
Eton Pharmaceuticals, Inc. (NASDAQ: ETON)
Exicure, Inc. (NASDAQ: XCUR)
EyeGate Pharmaceuticals, Inc. (NASDAQ: EYEG)
Foghorn Therapeutics Inc. (NASDAQ: FHTX) (announced its second-quarter results)
Freeline Therapeutics Holdings plc (NASDAQ: FRLN)
Grifols, S.A. (NASDAQ: GRFS)
HOOKIPA Pharma Inc. (NASDAQ: HOOK)
Incyte Corporation (NASDAQ: INCY)
Karyopharm Therapeutics Inc. (NASDAQ: KPTI)
Kiniksa Pharmaceuticals, Ltd. (NASDAQ: KNSA)
Kura Oncology, Inc. (NASDAQ: KURA)
MediciNova, Inc. (NASDAQ: MNOV)
Nektar Therapeutics (NASDAQ: NKTR)
Neurocrine Biosciences, Inc. (NASDAQ: NBIX)
Otonomy, Inc. (NASDAQ: OTIC)
Outset Medical, Inc. (NASDAQ: OM)
Progenity, Inc. (NASDAQ: PROG)
Relmada Therapeutics, Inc. (NASDAQ: RLMD)
RxSight, Inc. (NASDAQ: RXST) (IPOed July 30)
Seres Therapeutics, Inc. (NASDAQ: MCRB)
Spruce Biosciences, Inc. (NASDAQ: SPRB)
Stoke Therapeutics, Inc. (NASDAQ: STOK) (announced second-quarter results)
Talis Biomedical Corporation (NASDAQ: TLIS)
Teligent, Inc. (NASDAQ: TLGT)
TFF Pharmaceuticals, Inc. ...",2021-08-11 12:14:37+00:00,https://www.benzinga.com/news/earnings/21/08/22440430/the-daily-biotech-pulse-fda-rejects-fibrogens-anemia-drug-crinetics-gains-on-positive-readout-biocr,Benzinga,0.07275613275613277,0.22559884559884558,neutral,0.07275613275613277,False,False,True,False,False,False,False,False,0.0,2895,"['ETON', 'OM', 'AKUS', 'ACAD', 'RLMD', 'RPRX', 'GMDA', 'EPZM', 'SPRB', 'ALNY', 'AXSM', 'ZIOP', 'DMAC', 'IMV', 'FHTX', 'ARNA', 'PNT', 'AZN', 'AKRO', 'BLUE', 'MRVI', 'ATAI', 'TLGT', 'DGX', 'STOK', 'KPTI', 'PBLA', 'BCRX', 'KURA', 'HAE', 'FULC', 'CBAY', 'TLIS', 'CRTX', 'VIVE', 'PFE', 'WST', 'BPTS', 'OTIC', 'CNTB', 'CYCC', 'PTGX', 'IRWD', 'TFFP', 'EYEG', 'EWTX', 'HOOK', 'ZEAL', 'ZGNX', 'MRNA', 'CLRB', 'BMEA', 'IBB', 'ACHV', 'GOVX', 'FRLN', 'XENT', 'GLUE', 'INCY', 'OPTN', 'GRFS', 'BNTX', 'XENE', 'ENSC', 'MNKD', 'EYEN', 'NAVB', 'TELA', 'FGEN', 'ERAS', 'MNOV', 'EVFM', 'ALT', 'KRMD', 'ADMA', 'CRBU', 'NBIX', 'KNSA', 'ORMP', 'RVMD', 'TRIL', 'RXST', 'NKTR', 'XCUR', 'VNRX', 'HSTO', 'MCRB', 'RANI', 'QGEN', 'AVRO', 'EYES', 'PROG', 'CTMX', 'RGEN', 'CRNX']",AZN,2021-08-11
"Got $1,500? These Surefire Stocks Are Begging to Be Bought","Bargains abound, even with the stock market a stone's throw from a new high.",2021-08-12 10:06:00+00:00,https://www.fool.com/investing/2021/08/12/got-1500-surefire-stocks-are-begging-to-be-bought/,The Motley Fool,0.1481818181818182,0.4972727272727272,positive,0.1481818181818182,False,False,False,False,False,False,False,False,0.0,136,"['BRK.B', 'BRK.A', 'AZN', 'SSRM']",AZN,2021-08-12
Do Options Traders Know Something About AstraZeneca (AZN) Stock We Don't?,Investors need to pay close attention to for AstraZeneca (AZN) stock based on the movements in the options market lately.,2021-08-12 12:48:00+00:00,https://www.zacks.com/stock/news/1780913/do-options-traders-know-something-about-astrazeneca-azn-stock-we-dont,Zacks Investment Research,-0.3,0.6,negative,0.3,False,False,False,False,False,False,False,False,0.0,196,['AZN'],AZN,2021-08-12
FibroGen's (FGEN) Drug for Anemia of CKD Gets CRL From FDA,"NDA for roxadustat, FibroGen's (FGEN) candidate for anemia of chronic kidney disease, fails to secure approval as the FDA requests additional clinical data on the drug. The stock declines resultantly.",2021-08-12 15:40:00+00:00,https://www.zacks.com/stock/news/1781100/fibrogens-fgen-drug-for-anemia-of-ckd-gets-crl-from-fda,Zacks Investment Research,-0.04999999999999999,0.44999999999999996,neutral,0.04999999999999999,False,False,True,False,False,False,False,False,0.0,260,"['AZN', 'IRWD', 'RGEN', 'FGEN']",AZN,2021-08-12
Britain Study Shows Restricted Use Of AstraZeneca COVID-19 Shot Associated With No Clot Cases: Reuters,"Following a decision to restrict the use of University of Oxford / AstraZeneca Plc's (NASDAQ: AZN) COVID-19 vaccine in those under the age of 40 years, no new cases of blood clots were found in Britain in recent weeks after receiving the jab, a study has found.
The vaccine-induced immune thrombocytopenia and thrombosis (VITT) characterized by low platelet count combined with blood clots is considered a rare side effect of vector-based COVID-19 vaccines, including Astra ...",2021-08-12 18:01:45+00:00,https://www.benzinga.com/general/biotech/21/08/22471532/britain-study-shows-restricted-use-of-astrazeneca-covid-19-shot-associated-with-no-clot-cases-reu,Benzinga,0.046363636363636364,0.4009090909090909,neutral,0.046363636363636364,False,False,False,False,False,False,False,False,0.0,581,"['AZN', 'JNJ']",AZN,2021-08-12
Facebook Blocks Russia Based Ad Agency Behind COVID-19 Vaccine Smear Campaign,"Facebook Inc (NASDAQ: FB) removed multiple accounts linked to a mysterious advertising agency operating out of Russia that sought to pay social media influencers to deride COVID-19 vaccines made by Pfizer Inc (NYSE: PFE) and AstraZeneca plc (NASDAQ: AZN).
A network of 65 Facebook accounts and 243 Instagram accounts was traced back to Fazze, Russia-based advertising and marketing firm working on behalf of an unknown client.
The two-pronged ...",2021-08-12 19:15:59+00:00,https://www.benzinga.com/general/biotech/21/08/22472048/facebook-blocks-russia-based-ad-agency-behind-covid-19-vaccine-smear-campaign,Benzinga,-0.09523809523809523,0.3952380952380952,neutral,0.09523809523809523,False,False,False,False,False,False,False,False,0.0,525,"['AZN', 'PFE', 'FB']",AZN,2021-08-12
Do mRNA COVID-19 Vaccines Cause Skin Or Kidney Disorders? EMA Investigates Possible Links,"The European Medicines Agency is investing a possible link between mRNA vaccines and erythema multiforme or two kidney disorders by a few recipients of the shots.  
Europe's drug regulator has requested additional data from Pfizer Inc (NYSE: PFE), BioNTech SE (NASDAQ: BNTX), and Moderna Inc (NASDAQ: MRNA).
""We take adverse events that are potentially associated with our COVID-19 vaccine, BNT162b2, very seriously,"" Pfizer said ...",2021-08-12 21:06:43+00:00,https://www.benzinga.com/general/biotech/21/08/22472925/do-mrna-covid-19-vaccines-cause-skin-or-kidney-disorders-ema-investigates-possible-links,Benzinga,-0.10555555555555556,0.6611111111111111,negative,0.10555555555555556,False,False,False,False,False,False,False,False,0.0,524,"['NVAX', 'AZN', 'GSK', 'JNJ', 'PFE', 'MRNA', 'BNTX', 'OCGN']",AZN,2021-08-12
Pharma Stock Roundup: FDA Nod for SNY's Pompe Drug & New Use of MRK's Keytruda,FDA approves Sanofi's (SNY) Nexviazyme for late-onset Pompe disease and Merck's (MRK) Keytruda plus Lenvima for first-line kidney cancer.,2021-08-13 13:54:00+00:00,https://www.zacks.com/stock/news/1781616/pharma-stock-roundup-fda-nod-for-snys-pompe-drug-new-use-of-mrks-keytruda,Zacks Investment Research,0.13636363636363635,0.45454545454545453,positive,0.13636363636363635,False,False,True,False,False,False,False,False,0.0,217,"['SNY', 'AZN', 'NVS', 'PFE', 'MRK', 'JAZZ']",AZN,2021-08-13
3 High-Growth Dividend Stocks That'll Help You Crush Inflation,"With yields ranging from 2.4% to 7.9%, these fast-paced companies are perfect to fight back against rising prices.",2021-08-14 10:06:00+00:00,https://www.fool.com/investing/2021/08/14/3-high-growth-dividend-stocks-help-crush-inflation/,The Motley Fool,0.5,0.5,positive,0.5,False,False,False,False,False,True,False,False,0.0,178,"['EPD', 'AZN', 'IIPR']",AZN,2021-08-14
Is AstraZeneca a Bargain Buy?,"Even if you aren't crazy about the company's COVID-19 vaccine, this is still a growth investment worth considering for your portfolio.",2021-08-14 10:37:00+00:00,https://www.fool.com/investing/2021/08/14/is-astrazeneca-a-bargain-buy/,The Motley Fool,-0.15,0.5,negative,0.15,False,True,False,False,False,False,False,False,0.0,165,['AZN'],AZN,2021-08-14
Sesen's (SESN) Bladder Cancer Drug Vicineum Gets CRL From FDA,Sesen's (SESN) biologics license application filed for Vicineum to treat BCG-unresponsive non-muscle invasive bladder cancer fails to secure approval. The stock declines resultantly.,2021-08-16 14:54:00+00:00,https://www.zacks.com/stock/news/1782274/sesens-sesn-bladder-cancer-drug-vicineum-gets-crl-from-fda,Zacks Investment Research,-0.04999999999999999,0.44999999999999996,neutral,0.04999999999999999,False,False,True,False,False,False,False,False,0.0,245,"['AZN', 'VRTX', 'MRNA', 'SESN']",AZN,2021-08-16
Merck's (MRK) VHL-Linked Tumor Drug Welireg Gets FDA Nod,Merck's (MRK) Welireg (belzutifan) is the first and only systemic therapy approved for treating patients with certain types of von Hippel-Lindau (VHL) disease-associated tumors.,2021-08-16 15:09:00+00:00,https://www.zacks.com/stock/news/1782291/mercks-mrk-vhl-linked-tumor-drug-welireg-gets-fda-nod,Zacks Investment Research,0.15476190476190477,0.6349206349206349,positive,0.15476190476190477,False,False,True,False,False,False,False,False,0.0,235,"['AZN', 'GSK', 'MRK', 'AMGN']",AZN,2021-08-16
3 Top Biotech Stocks to Buy in August,Each of these companies makes for a great vehicle to play an aging demographic.,2021-08-17 10:22:00+00:00,https://www.fool.com/investing/2021/08/17/3-top-biotech-stocks-to-buy-in-august/,The Motley Fool,0.65,0.625,positive,0.65,False,True,False,False,False,False,False,False,0.0,118,"['AZN', 'PFE', 'ABBV', 'VTRS']",AZN,2021-08-17
Here's What This Label Expansion Means for AstraZeneca Investors,The recent decision by the EMA to approve Forxiga for the treatment of chronic kidney disease is a huge boost for the pharmaceutical company.,2021-08-17 11:22:00+00:00,https://www.fool.com/investing/2021/08/17/heres-what-label-expansion-means-for-astrazeneca/,The Motley Fool,0.20000000000000004,0.575,positive,0.20000000000000004,False,False,False,False,False,False,False,False,0.0,207,['AZN'],AZN,2021-08-17
"Top Research Reports for Microsoft, JPMorgan & AstraZeneca","Today's Research Daily features new research reports on 16 major stocks, including Microsoft Corporation (MSFT), JPMorgan Chase & Co. (JPM), and AstraZeneca PLC (AZN).",2021-08-17 16:52:00+00:00,https://www.zacks.com/research-daily/1782899/top-research-reports-for-microsoft-jpmorgan-astrazeneca,Zacks Investment Research,0.1747159090909091,0.36363636363636365,positive,0.1747159090909091,False,False,False,False,False,False,False,False,0.0,227,"['JPM', 'AZN', 'MSFT', 'BDX', 'PSX', 'KDP']",AZN,2021-08-17
Should You Invest in the VanEck Vectors Pharmaceutical ETF (PPH)?,Sector ETF report for PPH,2021-08-18 10:20:02+00:00,https://www.zacks.com/stock/news/1783054/should-you-invest-in-the-vaneck-vectors-pharmaceutical-etf-pph,Zacks Investment Research,0.0,0.0,neutral,0.0,False,False,True,False,False,False,False,False,0.0,92,"['PPH', 'AZN', 'BMY', 'MRK', 'PJP', 'IHE']",AZN,2021-08-18
Gritstone (GRTS) Inks Deal With CEPI for Coronavirus Vaccine,Gritstone (GRTS) signs an agreement with CEPI for up to $20.6 million to develop its COVID-19 vaccine program with an initial focus in South Africa. Shares rise.,2021-08-18 15:15:00+00:00,https://www.zacks.com/stock/news/1783489/gritstone-grts-inks-deal-with-cepi-for-coronavirus-vaccine,Zacks Investment Research,0.0,0.0,neutral,0.0,False,False,False,False,False,False,False,False,0.0,223,"['AZN', 'MRNA', 'GRTS', 'BNTX']",AZN,2021-08-18
"Cannabis Movers & Shakers: Jay-Z-Backed The Parent Co. Appoints First Black CEO In Major Public Cannabis Company, CannaSafe, HEXO And Delta 9 Each Announce New Appointments","CannaSafe's CEO Departure, New Management Team Appointed Amid Reorganization
Cannabis testing laboratory CannaSafe announced Monday that CEO Aaron Riley will leave the company to pursue testing ventures in emerging markets as part of the company's reorganization.
Riley will continue to build out Oregon and Florida locations under a new entity.
""After 5 years at CannaSafe, I have decided to move on to my next venture in the testing space,"" Riley said. ""I will be working on a continuation of early personal investments in a facility in Orlando and look forward to breaking into the growing Florida market.""
Based in Van Nuys, California, the company has appointed three new members to the leadership team.
Bill Scrogins and Greg Balotin will become owners through the reorganization, while Gerry Dabkowski will be appointed as the new CEO.
Antonio Frazier and Ini Afia are going to continue serving as president and chief science officer.
CannaSafe intends to bolster its services with a more robust offering of testing and research in the coming months.
HEXO Corp Names Valerie Malone CCO, James McMillan Steps Down As CDO
HEXO Corp (TSX: HEXO) (NYSE: HEXO) is expanding its leadership team by hiring Valerie Malone as a chief commercial officer.
Malone has over two decades of experience in managing businesses in consumer packaged goods, technology & electronics as well as durable goods.
During her career, Malone held leadership roles in ...",2021-08-18 19:39:29+00:00,https://www.benzinga.com/markets/cannabis/21/08/22559618/cannabis-movers-shakers-jay-z-backed-the-parent-co-appoints-first-black-ceo-in-major-public-cann,Benzinga,0.0848063973063973,0.3329966329966329,neutral,0.0848063973063973,False,False,False,False,False,False,True,False,0.2,1623,"['AZN', 'CLX', 'JNJ', 'HEXO']",AZN,2021-08-18
Surprise! Here's the Cheapest COVID Vaccine Stock on the Market Right Now,The least expensive COVID-19 vaccine stock right now isn't one of the leaders in the market -- at least not yet.,2021-08-19 09:52:00+00:00,https://www.fool.com/investing/2021/08/19/the-cheapest-covid-vaccine-stock-on-the-market-rig/,The Motley Fool,-0.10571428571428569,0.5142857142857142,negative,0.10571428571428569,False,False,False,False,False,False,False,False,0.0,187,"['GSK', 'PFE', 'JNJ', 'SNY', 'AZN', 'DVAX', 'NVAX', 'MRNA', 'BNTX', 'CVAC']",AZN,2021-08-19
The Fed’s not boring anyone into submission after all. The dollar might be to blame.,The stock market is struggling in the wake of the Fed's latest minutes. A look at why.,2021-08-19 12:38:00+00:00,https://www.marketwatch.com/story/the-feds-not-boring-anyone-into-submission-after-all-the-dollar-might-be-to-blame-11629370063,MarketWatch,0.5,0.95,positive,0.5,False,False,False,False,False,False,False,False,0.0,172,"['PFE', 'BNTX', 'AZN', 'M', 'KSS', 'AMAT', 'HOOD', 'NVDA', 'GS', 'MC']",AZN,2021-08-19
Lilly's (LLY) Jardiance Gets FDA Approval for Heart Failure,"Lilly's (LLY) Jardiance gets FDA approval for heart failure with reduced ejection fraction (HFrEF), based on data from the phase III EMPEROR-Reduced study",2021-08-19 13:36:00+00:00,https://www.zacks.com/stock/news/1784044/lillys-lly-jardiance-gets-fda-approval-for-heart-failure,Zacks Investment Research,-0.3166666666666667,0.3,negative,0.3166666666666667,False,False,True,False,False,False,False,False,0.0,215,"['REGN', 'AZN', 'JNJ', 'LLY']",AZN,2021-08-19
Are COVID-19 Vaccines Effective Against Delta Variant? Probably Not So Much,"COVID-19 vaccines from Pfizer Inc (NYSE: PFE) - BioNTech SE (NASDAQ: BNTX) and Oxford–AstraZeneca Plc (NASDAQ: AZN) have shown effectiveness against the highly infectious Delta variant of SARS-CoV-2.
But the protection drops away over time, a study in the U.K. has concluded.
Researchers analyzed a data set comprising the results of more than 2.6 million PCR tests. 
The results, published in a preprint ...",2021-08-19 19:44:12+00:00,https://www.benzinga.com/general/biotech/21/08/22583190/are-covid-19-vaccines-effective-against-delta-variant-probably-not-so-much,Benzinga,0.365,0.51,positive,0.365,False,False,False,False,False,False,False,False,0.0,485,"['AZN', 'PFE', 'BNTX']",AZN,2021-08-19
U.S. stocks end mostly higher but Dow slips for third day with coronavirus delta variant a concern,"Technology shares led a bounce for major U.S. stock indexes Thursday, though stocks more sensitive to the economic cycle remained under pressure as worries persisted about the potential impact on economic growth from the spread of the coronavirus delta variant.",2021-08-19 20:32:00+00:00,https://www.marketwatch.com/story/dow-futures-drop-over-300-points-as-selling-gathers-pace-after-fed-minutes-11629364540,MarketWatch,0.1640625,0.47500000000000003,positive,0.1640625,False,False,False,False,False,False,False,False,0.0,361,"['COMP', 'PFE', 'BNTX', 'AZN', 'HOOD', 'TSLA', 'M', 'KSS', 'CSCO', 'NVDA']",AZN,2021-08-19
"Why Moderna, BioNTech, and Novavax Stocks Sank Today",A couple of developments likely factored into the declines for these vaccine stocks.,2021-08-19 21:17:12+00:00,https://www.fool.com/investing/2021/08/19/why-moderna-biontech-and-novavax-stocks-sank-today/,The Motley Fool,0.0,1.0,neutral,0.0,False,False,False,False,False,False,False,False,0.0,138,"['NVAX', 'PFE', 'AZN', 'MRNA', 'BNTX']",AZN,2021-08-19
Here's What Recent News From the FDA Means for AstraZeneca,"Even though AstraZeneca and FibroGen must now conduct an additional safety trial to have a chance at FDA approval, not all is lost.",2021-08-20 12:31:00+00:00,https://www.fool.com/investing/2021/08/20/heres-what-recent-fda-news-means-for-astrazeneca/,The Motley Fool,0.0,0.25,neutral,0.0,False,False,True,False,False,False,False,False,0.0,191,"['AZN', 'FGEN']",AZN,2021-08-20
AstraZeneca's COVID-19 Antibody Cuts Risk Of Symptomatic Disease By 77%,"A new coronavirus antibody treatment developed by AstraZeneca plc (NASDAQ: AZN) reduced the risk of developing the symptomatic disease by 77% compared to placebo.
Related: AstraZeneca's AZD7442 did not meet the primary endpoint of post-exposure prevention of symptomatic COVID-19.
The trial included around 5,000 participants who did not have SARS-CoV-2 infection at baseline. 
More than 75% of participants had co-morbidities, which include conditions that have been reported to cause ...",2021-08-20 13:50:37+00:00,https://www.benzinga.com/general/biotech/21/08/22592950/astrazenecas-covid-19-antibody-cuts-risk-of-symptomatic-disease-by-77,Benzinga,0.22727272727272724,0.43090909090909085,positive,0.22727272727272724,False,False,False,False,False,False,False,False,0.0,562,['AZN'],AZN,2021-08-20
AstraZeneca (AZN) Stops Phase III Study on Ultomiris for ALS,"AstraZeneca (AZN) stops the phase III CHAMPION-ALS study on Ultomiris for treating adults with amyotrophic lateral sclerosis, following a recommendation from the Independent Data Monitoring Committee.",2021-08-20 14:53:00+00:00,https://www.zacks.com/stock/news/1784768/astrazeneca-azn-stops-phase-iii-study-on-ultomiris-for-als,Zacks Investment Research,0.0,0.1125,neutral,0.0,False,False,False,False,False,False,False,False,0.0,262,"['AZN', 'VRTX', 'RGEN', 'APLS']",AZN,2021-08-20
Fibrogen (FGEN)/Astellas Get EU Nod for Roxadustat for Anemia,"Roxadustat, FibroGen (FGEN) and Astellas' candidate for symptomatic anemia of chronic kidney disease, secures EU approval. The drug is to be sold in Europe under the brand name Evrenzo.",2021-08-20 15:42:00+00:00,https://www.zacks.com/stock/news/1784767/fibrogen-fgenastellas-get-eu-nod-for-roxadustat-for-anemia,Zacks Investment Research,0.0,0.0,neutral,0.0,False,False,True,False,False,False,False,False,0.0,248,"['AZN', 'IRWD', 'MRNA', 'FGEN']",AZN,2021-08-20
Will Moderna Be a Trillion-Dollar Stock by 2022?,The odds are not looking so great.,2021-08-21 12:19:00+00:00,https://www.fool.com/investing/2021/08/21/will-biontech-be-a-trillion-dollar-stock-by-2022/,The Motley Fool,0.8,0.75,positive,0.8,False,False,False,False,False,False,False,False,0.0,84,"['MRNA', 'BAC', 'AZN', 'JNJ', 'PFE']",AZN,2021-08-21
3 Top COVID Vaccine Stocks That Wall Street Is Bullish About,"Hint: Pfizer, BioNTech, and Moderna didn't make the list.",2021-08-22 13:01:00+00:00,https://www.fool.com/investing/2021/08/22/3-top-covid-vaccine-stocks-that-wall-street-is-bul/,The Motley Fool,0.5,0.5,positive,0.5,False,False,False,False,False,False,False,False,0.0,119,"['NVAX', 'JNJ', 'AZN']",AZN,2021-08-22
Sesen Bio: The Road Ahead,"Sesen Bio's lead drug, Vicineum, received a complete response letter from the FDA. Read more to see why I rate the stock a sell now.",2021-08-23 06:42:28+00:00,https://seekingalpha.com/article/4451189-sesen-bio-road-ahead,Seeking Alpha,0.3,0.45,positive,0.3,False,False,True,False,False,False,False,False,0.0,159,"['AZN', 'SESN']",AZN,2021-08-23
2 Soaring Biotech Stocks With More Fuel in the Tank,These recent winners still have a long way to run.,2021-08-23 10:47:00+00:00,https://www.fool.com/investing/2021/08/23/soaring-biotech-stocks-with-more-fuel-in-the-tank/,The Motley Fool,0.15,0.3833333333333333,positive,0.15,False,False,False,False,False,False,False,False,0.0,103,"['FULC', 'AZN', 'BCRX', 'BLUE']",AZN,2021-08-23
Valneva (VALN) Begins Submission for COVID-19 Vaccine in UK,"Valneva (VALN) starts rolling submission for the initial approval of its COVID-19 vaccine candidate, VLA2001, in the United Kingdom.",2021-08-23 14:34:00+00:00,https://www.zacks.com/stock/news/1785408/valneva-valn-begins-submission-for-covid-19-vaccine-in-uk,Zacks Investment Research,0.0,0.0,neutral,0.0,False,False,False,False,False,False,False,False,0.0,193,"['AZN', 'MRNA', 'BNTX', 'VALN']",AZN,2021-08-23
AstraZeneca's (AZN) Rare Disease Study Meets Primary Goal,AstraZeneca's (AZN) phase III study evaluating ALXN1840 for Wilson disease achieves primary endpoint. The company also receives approval in Japan for Forxiga to treat chronic kidney disease.,2021-08-26 15:04:00+00:00,https://www.zacks.com/stock/news/1787165/astrazenecas-azn-rare-disease-study-meets-primary-goal,Zacks Investment Research,0.3666666666666667,0.6333333333333333,positive,0.3666666666666667,False,False,False,False,False,False,False,False,0.0,249,"['REGN', 'AZN', 'VRTX', 'HZNP']",AZN,2021-08-26
FibroGen (FGEN) Meets Main Goal in Chemo-Induced Anemia Study,"FibroGen (FGEN) announces positive top-line data from the study of its investigational candidate roxadustat, which is being evaluated to treat chemotherapy-induced anemia.",2021-08-26 19:26:00+00:00,https://www.zacks.com/stock/news/1787477/fibrogen-fgen-meets-main-goal-in-chemo-induced-anemia-study,Zacks Investment Research,0.19696969696969696,0.43939393939393934,positive,0.19696969696969696,False,False,False,False,False,False,False,False,0.0,234,"['REGN', 'AZN', 'VRTX', 'FGEN']",AZN,2021-08-26
EU Says Without EMA Approval COVID-19 Boosters May Face Higher Legal Risks: Reuters,"European Union countries that decide to use COVID-19 vaccine booster shots may face increased legal risks, the European Commission said.
Related Content: Pfizer, BioNTech Seeking Full Approval For Third COVID-19 Vaccine Dose
The European Medicines Agency (EMA) has repeatedly said that it requires additional data before approving the use of boosters.
Eight European countries ...",2021-08-26 20:20:13+00:00,https://www.benzinga.com/general/biotech/21/08/22680669/eu-says-without-ema-approval-covid-19-boosters-may-face-higher-legal-risks-reuters,Benzinga,0.1,0.185,neutral,0.1,False,False,False,False,False,False,False,True,0.0,465,"['AZN', 'GSK', 'JNJ', 'PFE', 'MRNA', 'BNTX']",AZN,2021-08-26
"Pharma Stock Roundup: PFE's COVID Jab Full Approval by FDA, JNJ's Booster Data","FDA approves Pfizer's (PFE) BLA for COVID-19 vaccine, Comirnaty. J&J (JNJ) released data supporting use of the booster shot.",2021-08-27 11:19:00+00:00,https://www.zacks.com/stock/news/1787605/pharma-stock-roundup-pfes-covid-jab-full-approval-by-fda-jnjs-booster-data,Zacks Investment Research,0.3,0.4,positive,0.3,False,False,True,False,True,False,False,False,0.0,204,"['AZN', 'NVS', 'JNJ', 'PFE', 'MRK', 'ABBV']",AZN,2021-08-27
Which Biotech Stock Will Shock the Market in 2022?,"Over the last few years, three tiny biotechs emerged out of nowhere to give amazing returns to early investors. Which biotech might pull off a similar feat in 2022?",2021-08-27 14:40:31+00:00,https://www.fool.com/investing/2021/08/27/which-biotech-stock-will-shock-the-market-in-2022/,The Motley Fool,0.08333333333333336,0.3777777777777778,neutral,0.08333333333333336,False,False,False,False,False,False,False,False,0.0,216,"['PIRS', 'SNY', 'SGEN', 'AZN', 'NDAQ', 'NVAX', 'AXSM', 'SAVA']",AZN,2021-08-27
What's The Risk Of Blood Cots After Getting A COVID-19 Vaccination? This Study Shows Encouraging Data,"U.K. researchers have published a new paper showing that the risk of blood clots is much higher after a COVID-19 infection than the COVID-19 vaccination. The data further reinforces the benefit of the vaccination.
The researchers evaluated data from more than 29 million individuals in the U.K., comparing the Pfizer Inc (NYSE: PFE) / BioNTech SE (NASDAQ: BNTX) and AstraZeneca plc (NASDAQ:",2021-08-27 17:29:19+00:00,https://www.benzinga.com/general/biotech/21/08/22697544/whats-the-risk-of-blood-clots-after-getting-a-covid-19-vaccination-this-study-shows-encouraging-d,Benzinga,0.2215909090909091,0.48863636363636365,positive,0.2215909090909091,False,False,False,False,False,False,False,False,0.0,493,"['AZN', 'PFE', 'BNTX']",AZN,2021-08-27
Here's What This Label Expansion Could Mean for Eli Lilly Investors,The pharmaceutical company's type 2 diabetes drug Jardiance was recently approved by the FDA for another indication.,2021-08-29 15:00:00+00:00,https://www.fool.com/investing/2021/08/29/heres-what-this-label-expansion-means-for-eli-lill/,The Motley Fool,-0.15625,0.46875,negative,0.15625,False,False,True,False,False,False,False,False,0.0,185,"['LLY', 'AZN']",AZN,2021-08-29
"Glaxo, SK Bioscience Start COVID-19 Vaccine Trial Against AstraZeneca Shot","GlaxoSmithKline Plc (NYSE: GSK) has started Phase 3 clinical study for a COVID-19 vaccine candidate designed by South Korean drugmaker SK Bioscience Co.
The study will enroll 4,000 participants and compare the shot to Oxford University - AstraZeneca Plc (NASDAQ: AZN).
The trial will test SK's protein-based vaccine candidate, GBP510, in combination with Glaxo, providing an adjuvant that can enhance the response to ...",2021-08-31 11:12:26+00:00,https://www.benzinga.com/general/biotech/21/08/22734850/glaxo-sk-bioscience-start-covid-19-vaccine-trial-against-astrazeneca-shot,Benzinga,0.0,0.0,neutral,0.0,False,False,False,False,False,False,False,False,0.0,496,"['AZN', 'GSK', 'SNY', 'CVAC']",AZN,2021-08-31
"Alkermes' (ALKS) Drug Portfolio Aids Growth, High Reliance a Woe","Alkermes' (ALKS) portfolio of proprietary products drives growth while its pipeline progress has been impressive. However, heavy dependence on partners for royalty revenues remains a concern.",2021-09-01 15:34:00+00:00,https://www.zacks.com/stock/news/1789890/alkermes-alks-drug-portfolio-aids-growth-high-reliance-a-woe,Zacks Investment Research,0.32,0.68,positive,0.32,True,False,False,False,True,False,False,False,0.0,257,"['AZN', 'JNJ', 'MRK', 'ALKS']",AZN,2021-09-01
"Glaxo (GSK), SK bioscience's COVID-19 Jab Enters Phase III Study","GlaxoSmithKline (GSK) and SK bioscience begin a phase III study on GBP510, the latter's COVID-19 vaccine candidate. The study will compare GBP510 against AstraZeneca's COVID-19 vaccine.",2021-09-01 16:47:00+00:00,https://www.zacks.com/stock/news/1789918/glaxo-gsk-sk-biosciences-covid-19-jab-enters-phase-iii-study,Zacks Investment Research,0.0,0.0,neutral,0.0,False,False,False,False,False,False,False,False,0.0,251,"['SNY', 'AZN', 'GSK', 'CVAC']",AZN,2021-09-01
"Long COVID risks halved by dual vaccination, study finds","The risk of so-called long COVID drops nearly in half after a person receives two doses of coronavirus vaccine, according to a new study.",2021-09-02 07:28:00+00:00,https://www.marketwatch.com/story/long-covid-risks-halved-by-dual-vaccination-study-finds-11630567701,MarketWatch,-0.03257575757575758,0.3553030303030303,neutral,0.03257575757575758,False,False,False,False,False,False,False,False,0.0,195,"['PFE', 'BNTX', 'AZN', 'MRNA']",AZN,2021-09-02
Can Vaccine Help In Long Term COVID-19 Symptoms? UK Study Gives Encouraging Answer,"According to findings from a new U.K. study, along with reducing the risk of severe disease and hospitalization, COVID-19 vaccines can also lower the odds of having long-term COVID-19 symptoms.
""We found that the odds of having symptoms for 28 days or more after post-vaccination infection were approximately halved by having two vaccine doses,"" citing researchers, reported CNN. 
The study result ...",2021-09-02 20:08:25+00:00,https://www.benzinga.com/general/biotech/21/09/22784902/can-vaccine-help-in-long-term-covid-19-symptoms-uk-study-gives-encouraging-answer,Benzinga,0.04659090909090907,0.48863636363636365,neutral,0.04659090909090907,False,False,False,False,False,False,False,False,0.0,485,"['AZN', 'GSK', 'JNJ', 'PFE', 'MRNA', 'BNTX']",AZN,2021-09-02
"The Daily Biotech Pulse: Cellect Jumps On First Apograft Transplantation, AstraZeneca, European Commission Bury Legal Hatchet, Cassava Defends Itself","Here's a roundup of top developments in the biotech space over the last 24 hours.
Scaling The Peaks
(Biotech Stocks Hitting 52-week Highs Sept. 2)

Abbott Laboratories (NYSE: ABT) (announced acquisition of medical device company Walk Vascular)
Adagio Therapeutics, Inc. (NASDAQ: ADGI) (IPOed Aug. 6)
Axonics, Inc. (NASDAQ: AXNX)
Bicycle Therapeutics plc (NASDAQ: BCYC)
Bio-Rad Laboratories, Inc. (NYSE: BIO)
Bio-Techne Corporation (NASDAQ: TECH)
Biohaven Pharmaceutical Holding Company Ltd. (NYSE: BHVN)
Catalent, Inc. (NASDAQ: CTLT)
Celldex Therapeutics, Inc. (NASDAQ: CLDX)
Cerevel Therapeutics Holdings, Inc. (NASDAQ: CERE)
Crinetics Pharmaceuticals, Inc. (NASDAQ: CRNX) (announced COO appointment)
Cryo-Cell International, Inc. (NASDAQ: CCEL) (announced uplisting to Nasdaq on Tuesday)
DexCom, Inc. (NASDAQ: DXCM)
Edwards Lifesciences Corporation (NYSE: EW)
Enanta Pharmaceuticals, Inc. (NASDAQ: ENTA)
Erasca, Inc. (NASDAQ: ERAS)
Genmab A/S (NASDAQ: GMAB)
Globus Medical, Inc. (NYSE: GMED)
Intuitive Surgical, Inc. (NASDAQ: ISRG)
Kezar Life Sciences, Inc. (NASDAQ: KZR)
Medtronic plc (NYSE: MDT)
Merit Medical Systems, Inc. (NASDAQ: MMSI)
MiMedx Group, Inc. (NASDAQ: MDXG)
Monte Rosa Therapeutics, Inc. (NASDAQ: GLUE)
PDS Biotechnology Corporation (NASDAQ: PDSB)
PPD, Inc. (NASDAQ: PPD)
Prothena Corporation plc (NASDAQ: PRTA)
Quest Diagnostics Incorporated (NYSE: DGX)
Repligen Corporation (NASDAQ: RGEN)
ShockWave Medical, Inc. (NASDAQ: SWAV)
Surmodics, Inc. (NASDAQ: SRDX)
West Pharmaceutical Services, Inc. (NYSE: WST)
Zoetis Inc. (NYSE: ZTS)

Down In The Dumps
(Biotech Stocks Hitting 52-week Lows Sept. 2)

Assembly Biosciences, Inc. (NASDAQ:",2021-09-03 11:31:12+00:00,https://www.benzinga.com/general/biotech/21/09/22795389/the-daily-biotech-pulse-cellect-jumps-on-first-apograft-transplantation-astrazeneca-european-comm,Benzinga,0.0662037037037037,0.11574074074074074,neutral,0.0662037037037037,False,True,False,False,False,False,False,True,0.0,1803,"['SWAV', 'CLDX', 'CERE', 'PDSB', 'DXCM', 'GMED', 'SAVA', 'IBB', 'MDXG', 'BCYC', 'ISRG', 'CCEL', 'GMAB', 'MMSI', 'PRAX', 'RGEN', 'ENTA', 'SRDX', 'PRTA', 'GLUE', 'TECH', 'CTLT', 'SERA', 'ABT', 'ASMB', 'ERAS', 'AZN', 'ACRS', 'BIO', 'APOP', 'DGX', 'ADGI', 'EW', 'BHVN', 'MDT', 'KZR', 'CRNX', 'PPD', 'AXNX', 'WST']",AZN,2021-09-03
White House Commits $3B To Boost COVID-19 Vaccine Supply Chain: Report,"The U.S. will invest $3 billion in the COVID-19 vaccine supply chain within the coming weeks, White House coronavirus response coordinator Jeff Zients said Thursday.
The investment will allow manufacturers to add new production lines and facilities and fulfill President Biden's pledge to be the ""arsenal of vaccines for ...",2021-09-03 12:13:33+00:00,https://www.benzinga.com/general/biotech/21/09/22794923/white-house-commits-3b-to-boost-covid-19-vaccine-supply-chain-report,Benzinga,0.04545454545454545,0.15151515151515152,neutral,0.04545454545454545,False,False,False,False,True,False,False,False,0.0,396,"['AZN', 'GSK', 'JNJ', 'PFE', 'MRNA', 'BNTX']",AZN,2021-09-03
EMA Reviewing Cases Of Multisystem Inflammatory Syndrome After Pfizer COVID Shot,"Europe Medicines Agency (EMA) said it is reviewing cases of the multisystem inflammatory syndrome (MIS) after inoculation with COVID-19 vaccines, following a similar case report with Pfizer Inc (NYSE: PFE) / BioNTech SE's (NASDAQ: BNTX) shot.
Related Content: Do mRNA COVID-19 Vaccines Cause Skin Or Kidney Disorders? EMA ...",2021-09-03 12:20:52+00:00,https://www.benzinga.com/general/biotech/21/09/22795668/ema-reviewing-cases-of-multisystem-inflammatory-syndrome-after-pfizer-covid-shot,Benzinga,0.0,0.3,neutral,0.0,False,False,False,False,False,False,False,False,0.0,407,"['AZN', 'JNJ', 'PFE', 'MRNA', 'BNTX']",AZN,2021-09-03
"European stocks cling to a weekly gain, but wobble after U.S. jobs data",European stocks fell following U.S. jobs data that came in far below expectations. Investors in Europe will now wait on next week's ECB meeting.,2021-09-03 12:48:00+00:00,https://www.marketwatch.com/story/european-stocks-struggle-near-record-levels-as-ecb-meeting-looms-for-next-week-11630668849,MarketWatch,0.02,0.22000000000000003,neutral,0.02,False,False,False,False,False,False,False,False,0.0,217,"['DAX', 'AIR', 'AZN', 'AZN']",AZN,2021-09-03
Fauci says mu variant isn’t an ‘immediate threat’ to U.S. as delta remains dominant coronavirus strain,"The new ""variant of concern"" of the coronavirus that causes COVID-19 added to the list being monitored by the World Health Organization this week is not an ""immediate threat"" to the U.S., the nation's leading infectious-disease expert said, as the delta variant continues to dominate.",2021-09-03 17:49:00+00:00,https://www.marketwatch.com/story/fauci-says-mu-variant-of-coronavirus-not-an-immediate-threat-to-u-s-as-delta-remains-dominant-11630681044,MarketWatch,0.13636363636363635,0.45454545454545453,positive,0.13636363636363635,False,False,False,False,False,False,False,False,0.0,388,"['PFE', 'BNTX', 'MRNA', 'JNJ', 'AZN', 'AZN']",AZN,2021-09-03
AstraZeneca Enters Another Major Market With This Indication,The pharma giant recently received approval to market Forxiga as a treatment for chronic kidney disease patients in Japan.,2021-09-04 11:32:00+00:00,https://www.fool.com/investing/2021/09/04/astrazeneca-snags-ckd-approval-japan/,The Motley Fool,0.020833333333333332,0.5833333333333334,neutral,0.020833333333333332,False,False,False,False,False,False,False,False,0.0,184,['AZN'],AZN,2021-09-04
Thermo Fisher (TMO)-AstraZeneca to Co-Develop NGS-Based CDx,Thermo Fisher's (TMO) new collaboration with AstraZeneca is intended to speed up development and introduction of targeted precision medicine therapies for patients.,2021-09-06 13:56:00+00:00,https://www.zacks.com/stock/news/1792392/thermo-fisher-tmo-astrazeneca-to-co-develop-ngs-based-cdx,Zacks Investment Research,0.13636363636363635,0.45454545454545453,positive,0.13636363636363635,False,False,False,False,False,False,False,False,0.0,225,"['AZN', 'TMO', 'NVST', 'BRBR']",AZN,2021-09-06
AstraZeneca's (AZN) Ultomiris Gets EU Nod for Rare Disease in Kids,"AstraZeneca's (AZN) Ultomiris receives expanded approval in the EU to treat children and adolescents with PNH, a rare disease.",2021-09-06 14:55:00+00:00,https://www.zacks.com/stock/news/1792417/astrazenecas-azn-ultomiris-gets-eu-nod-for-rare-disease-in-kids,Zacks Investment Research,0.3,0.9,positive,0.3,False,False,False,False,False,False,False,False,0.0,194,"['REGN', 'AZN', 'VRTX', 'MRNA']",AZN,2021-09-06
Idorsia: The Clock Is Ticking For The Countdown,I will recap events YTD for Idorsia. A status of pending results expected by the end of the year-2021.,2021-09-07 04:45:27+00:00,https://seekingalpha.com/article/4453796-idorsia-the-clock-is-ticking-for-the-countdown,Seeking Alpha,-0.1,0.4,neutral,0.1,False,False,False,False,False,False,False,False,0.0,151,"['SYNH', 'AZN', 'GSK', 'JNJ']",AZN,2021-09-07
Here’s How You Can Retire On Dividends Alone,,2021-09-07 09:12:00+00:00,https://www.investing.com/analysis/heres-how-you-can-retire-on-dividends-alone-200601141,Investing.com,0.0,0.0,neutral,0.0,False,False,False,False,False,True,False,False,0.0,46,"['CAT', 'BGY', 'AZN', 'PUK', 'DEO', 'TU', 'ETW', 'AAPL', 'MSFT', 'GAB', 'MA', 'TXN']",AZN,2021-09-07
4 Big Drugmaker Stocks to Watch Out For as Recovery Gains Steam,"Most Large Cap Pharmaceuticals industry players' Q2 results were strong. Regulatory/pipeline updates related to COVID-19 medicines/vaccines continue to take center stage. JNJ, RHHBY, PFE and AZN are worth retaining in your portfolio.",2021-09-07 13:21:00+00:00,https://www.zacks.com/commentary/1792709/4-big-drugmaker-stocks-to-watch-out-for-as-recovery-gains-steam,Zacks Investment Research,0.19251700680272107,0.3374149659863946,positive,0.19251700680272107,False,False,True,False,False,False,False,False,0.0,298,"['JNJ', 'AZN', 'PFE']",AZN,2021-09-07
"The Daily Biotech Pulse: MacroGenics' Clinical Trial Disappointment, Sanofi to Buy Kadmon, Alector Loses 2 Key Executives, ADMA's FDA Nod","Here's a roundup of top developments in the biotech space over the last 24 hours.
Scaling The Peaks
(Biotech Stocks Hitting 52-week Highs Sept. 7)

Adial Pharmaceuticals, Inc. (NASDAQ: ADIL)
Axonics, Inc. (NASDAQ: AXNX)
Bio-Rad Laboratories, Inc. (NYSE: BIO)
Candel Therapeutics, Inc. (NASDAQ: CADL) (announced completion of patient enrollment in the pivotal phase 3 study of CAN-2409 in prostate cancer)
Cardiol Therapeutics Inc. (NASDAQ: CRDL) (announced addition to its board)
Caribou Biosciences, Inc. (NASDAQ: CRBU)
Catalent, Inc. (NASDAQ: CTLT)
Celldex Therapeutics, Inc. (NASDAQ: CLDX)
Cerevel Therapeutics Holdings, Inc. (NASDAQ: CERE)
Crinetics Pharmaceuticals, Inc. (NASDAQ: CRNX)
Day One Biopharmaceuticals, Inc. (NASDAQ: DAWN)
Edwards Lifesciences Corporation (NYSE: EW)
Erasca, Inc. (NASDAQ: ERAS)
IDEAYA Biosciences, Inc. (NASDAQ: IDYA)
Imago BioSciences, Inc. (NASDAQ: IMGO)
INmune Bio, Inc. (NASDAQ: INMB)
Insulet Corporation (NASDAQ: PODD)
Intuitive Surgical, Inc. (NASDAQ: ISRG)
Lyell Immunopharma, Inc. (NASDAQ: LYEL)
Medpace Holdings, Inc. (NASDAQ: MEDP)
MiMedx Group, Inc. (NASDAQ: MDXG)
Monte Rosa Therapeutics, Inc. (NASDAQ: GLUE)
Nuvalent, Inc. (NASDAQ: NUVL)
PAVmed Inc. (NASDAQ: PAVM)
Protagonist Therapeutics, Inc. (NASDAQ: PTGX) (reacted to an executive appointment)
Psychemedics Corporation (NASDAQ: PMD)
Quest Diagnostics Incorporated (NYSE: DGX)
ResMed Inc. (NYSE: RMD)
Repligen Corporation (NASDAQ: RGEN)
ShockWave Medical, Inc. (NASDAQ: SWAV)
Surrozen, Inc. (NASDAQ: SRZN) ( reacted  to positive analyst action)
Syneos Health, Inc. (NASDAQ: SYNH)
Tandem Diabetes Care, Inc. (NASDAQ: TNDM) (reacted to the news of inclusion of the stock to the S&P MidCap 400 Index)
Tango Therapeutics, Inc. (NASDAQ: TNGX)
Verve Therapeutics, Inc. (NASDAQ: VERV)
Zentalis Pharmaceuticals, Inc. (NASDAQ: ZNTL)

Down In The Dumps

No NYSE- or Nasdaq-listed stock hit 52-week lows Tuesday.

Stocks In Focus


MacroGenics' Breast Cancer Combo Drug Flunks a Late-stage Study
MacroGenics, Inc. (NASDAQ: MGNX) announced final overall survival results of the SOPHIA Phase 3 study evaluating Margenza in adult patients with metastatic HER2-positive breast cancer, showing no statistically significant advantage for Margenza, plus chemotherapy, compared to that of patients who received ...",2021-09-08 11:32:07+00:00,https://www.benzinga.com/general/biotech/21/09/22842406/the-daily-biotech-pulse-macrogenics-clinical-trial-disappointment-sanofi-to-buy-kadmon-alector-lo,Benzinga,0.04978114478114479,0.3984006734006734,neutral,0.04978114478114479,False,True,True,False,False,False,False,False,0.0,2434,"['MGNX', 'ALEC', 'CLDX', 'CRDL', 'TNDM', 'SWAV', 'ISRG', 'TNGX', 'CTLT', 'IDYA', 'PMD', 'ASND', 'PODD', 'AFMD', 'CRDF', 'RGEN', 'ADMA', 'MRVI', 'AZN', 'HCM', 'DSGN', 'BIO', 'PTGX', 'IMPL', 'BMY', 'DGX', 'KDMN', 'LYEL', 'EW', 'MEDP', 'VERV', 'RMD', 'PAVM', 'GLUE', 'DAWN', 'ADIL', 'ERAS', 'CERE', 'SYNH', 'IMGO', 'MDXG', 'CRNX', 'CADL', 'NUVL', 'INMB', 'CRBU', 'BLUE', 'AXNX', 'SRZN']",AZN,2021-09-08
European stocks slump as worries spread about COVID’s global growth,"Airlines were rising, but pharmaceutical stocks were in the red and dragging Europe stocks lower as investors grappled with concerns over how the continuing pandemic could stymie global growth.",2021-09-08 13:20:00+00:00,https://www.marketwatch.com/story/european-stocks-slump-as-worries-spread-about-covids-global-growth-11631107233,MarketWatch,0.0,0.0,neutral,0.0,False,False,False,False,False,False,False,False,0.0,262,"['DAX', 'NOVN', 'AZN', 'AZN', 'KDMN', 'ENR', 'ADP', 'BME']",AZN,2021-09-08
2 Stocks I Bought Last Week,"One is a small-cap that's using the franchise model with chiropractors, and one is a tiny biotech that just might be the biggest stock of 2022.",2021-09-08 14:31:06+00:00,https://www.fool.com/investing/2021/09/08/2-stocks-i-bought-last-week/,The Motley Fool,0.0,0.2833333333333333,neutral,0.0,False,False,False,False,False,False,False,False,0.0,172,"['JYNT', 'SGEN', 'AZN', 'UPS', 'NVAX', 'SHOP', 'PIRS']",AZN,2021-09-08
"EMA To Add New Side Effects To Janssen, AstraZeneca COVID-19 Shots","The European Medicines Agency (EMA) has finalized to update the product information of COVID-19 vaccines developed by Johnson & Johnson (NYSE: JNJ) and AstraZeneca plc (NASDAQ: AZN) to reflect several newly detected side effects.
The EMA’s Pharmacovigilance Risk Assessment Committee (PRAC) ...",2021-09-08 16:28:35+00:00,https://www.benzinga.com/news/21/09/22850797/ema-to-add-new-side-effects-to-janssen-astrazeneca-covid-19-shots,Benzinga,0.07454545454545454,0.2418181818181818,neutral,0.07454545454545454,False,False,False,False,True,False,False,False,0.0,362,"['AZN', 'JNJ']",AZN,2021-09-08
Tracking John Paulson's Paulson & Company Portfolio - Q2 2021 Update,John Paulson’s 13F portfolio value remained steady at $4.35B this quarter. The top three positions are at 45% of the portfolio.,2021-09-09 07:19:41+00:00,https://seekingalpha.com/article/4454187-john-paulsons-paulson-and-company-portfolio-q2-2021-update,Seeking Alpha,0.3333333333333333,0.5,positive,0.3333333333333333,False,False,False,False,False,False,False,False,0.0,197,"['APA', 'AU', 'AZN', 'BALY', 'BHC', 'BP', 'BSA', 'BSIG', 'DIDI', 'DISCA', 'DISCB', 'DISCK', 'DISH', 'ENDP', 'GLD', 'GOLD', 'HZNP', 'KL', 'KSU', 'NG', 'NMRK', 'OIH', 'OSG', 'OXY', 'PCRX', 'PPTA', 'PVG', 'RDS.A', 'RDS.B', 'SA', 'TAK', 'THM', 'THRY', 'TMQ', 'TTE', 'VTRS', 'XLE', 'XOM']",AZN,2021-09-09
"The Daily Biotech Pulse: ProQR-Lilly R&D Partnership, Sanofi's Pemphigus Trial Disappointment, Humanigen's COVID-19 Drug Denied Emergency Use Authorization","Here's a roundup of top developments in the biotech space over the last 24 hours:
Scaling The Peaks
(Biotech Stocks Hitting 52-week Highs Sept. 8)

Abbott Laboratories (NYSE: ABT)
Candel Therapeutics, Inc. (NASDAQ: CADL) (announced its quarterly results)
Cardiol Therapeutics Inc. (NASDAQ: CRDL)
Catalent, Inc. (NASDAQ: CTLT)
Celldex Therapeutics, Inc. (NASDAQ: CLDX)
Crinetics Pharmaceuticals, Inc. (NASDAQ: CRNX)
DexCom, Inc. (NASDAQ: DXCM)
Edwards Lifesciences Corporation (NYSE: EW)
ICU Medical, Inc. (NASDAQ: ICUI) (announced a deal to buy Smiths Medical division for $2.35 billion in cash)
IDEAYA Biosciences, Inc. (NASDAQ: IDYA)
Insulet Corporation (NASDAQ: PODD)
Intuitive Surgical, Inc. (NASDAQ: ISRG)
Kadmon Holdings, Inc. (NASDAQ: KDMN) - announced a deal to be bought by Sanofi (NASDAQ: SNY)
Kezar Life Sciences, Inc. (NASDAQ: KZR)
Medtronic plc (NYSE: MDT)
MiMedx Group, Inc. (NASDAQ: MDXG)
Nuvalent, Inc. (NASDAQ: NUVL) (announced its second-quarter results)
Quest Diagnostics Incorporated (NYSE: DGX)
ResMed Inc. (NYSE: RMD)
Stryker Corporation (NYSE: SYK)
Tandem Diabetes Care, Inc. (NASDAQ: TNDM)
Thermo Fisher Scientific Inc. (NYSE: TMO)
West Pharmaceutical Services, Inc. (NYSE: WST)
Zentalis Pharmaceuticals, Inc. (NASDAQ: ZNTL)

Down In The Dumps
(Biotech Stocks Hitting 52-week Lows Sept. 8)

4D pharma plc (NASDAQ: LBPS)
Absci Corporation (NASDAQ: ABSI)
BioVie Inc. (NASDAQ: BIVI)
Esperion Therapeutics, Inc. (NASDAQ: ESPR)
Inozyme Pharma, Inc. (NASDAQ: INZY)
Madrigal Pharmaceuticals, Inc. (NASDAQ: MDGL)
MeiraGTx Holdings plc (NASDAQ: MGTX)
Silverback Therapeutics, Inc. (NASDAQ: SBTX)
T2 Biosystems, Inc. (NASDAQ: TTOO)
Trevi Therapeutics, Inc. (NASDAQ: TRVI)

Stocks In Focus
ProQR Announces Licensing Agreement With Lilly For Genetic, Nervous System Disorders
ProQR Therapeutics N.V. (NASDAQ: PRQR) announced a global licensing and research collaboration with  Eli Lilly and Company (NYSE: LLY) for discovery, development and commercialization of potential new medicines for genetic disorders in the liver and nervous system.
The companies will use ProQR's proprietary Axiomer RNA editing platform to progress new drug targets toward clinical development and commercialization.
The companies will collaborate to develop up to five targets.
Under the terms of the agreement, ProQR will receive $50 million, consisting of an upfront payment of $20 million, as well as an equity investment in its ordinary shares of $30 million. ProQR is also eligible to receive up to approximately $1.25 billion for development, regulatory and commercialization milestones, as well as tiered royalties of up to mid-single digit percentage on product sales.
ProQR was surging 13.66% to $7.74 in premarket trading, while Lilly shares were retreating 1.42% to $251.22.
Cardiff Reports Positive Phase 1b/2 Data For Onvansertib Combo In Colorectal Cancer
Cardiff Oncology, Inc. (NASDAQ: CRDF) announced Phase 1b/2 ...",2021-09-09 12:17:06+00:00,https://www.benzinga.com/general/biotech/21/09/22862843/the-daily-biotech-pulse-proqr-lilly-r-d-partnership-sanofis-pemphigus-trial-disappointment-humani,Benzinga,0.03715277777777778,0.4256313131313131,neutral,0.03715277777777778,False,True,True,True,True,False,False,False,0.0,3079,"['RMD', 'MDGL', 'IVA', 'LBPS', 'SNY', 'MYOV', 'SVA', 'ABSI', 'SYK', 'KALV', 'CLDX', 'IMRX', 'TMO', 'BIVI', 'DXCM', 'CADL', 'WST', 'HGEN', 'IBB', 'CRDL', 'MGTX', 'ICUI', 'MDXG', 'XERS', 'ISRG', 'NUVL', 'KZR', 'PODD', 'ESPR', 'CRNX', 'TRIB', 'TNDM', 'DTIL', 'ABT', 'CTLT', 'TRVI', 'AZN', 'TTOO', 'IDYA', 'DGX', 'RYTM', 'EW', 'PRQR', 'CRDF', 'LLY', 'MDT', 'SBBP', 'INZY', 'PFE', 'KDMN', 'SBTX']",AZN,2021-09-09
Thermo Fisher (TMO) Introduces Vanquish Neo UHPLC System,"Thermo Fisher's (TMO) Nano-Capillary and Micro-Flow LC Systems will benefit principal investigators, laboratories and proteomics researchers in academia, biopharma and contract research organizations.",2021-09-09 13:39:00+00:00,https://www.zacks.com/stock/news/1794215/thermo-fisher-tmo-introduces-vanquish-neo-uhplc-system,Zacks Investment Research,0.0,0.0,neutral,0.0,False,False,False,False,False,False,False,False,0.0,258,"['AZN', 'TMO', 'NVST', 'BRBR']",AZN,2021-09-09
Novavax (NVAX) Begins Clinical Study on COVID/Flu Combo Jab,Novavax (NVAX) starts enrolling patients in a phase I/II study to evaluate a combination of its COVID vaccine and seasonal influenza vaccine.,2021-09-09 14:32:00+00:00,https://www.zacks.com/stock/news/1794303/novavax-nvax-begins-clinical-study-on-covidflu-combo-jab,Zacks Investment Research,0.0,0.0,neutral,0.0,False,False,False,False,False,False,False,False,0.0,202,"['AZN', 'PFE', 'MRNA', 'NVAX']",AZN,2021-09-09
Moderna Shares Gain Amid R&D Day Presentations: What You Need To Know,"Moderna, Inc. (NASDAQ: MRNA), a biotech that rose to prominence with its successful coronavirus vaccine program, is holding its fifth annual R&D day Thursday.
What Happened:  At the event, Cambridge, Massachusetts-based Moderna detailed recent progress in its clinical programs and issued updates on new development candidates.
The company also provided highlights on select key clinical programs.
Moderna's COVID-19 Vaccine Program:  Moderna said it has completed rolling submission of the biologic license application for its mRNA coronavirus vaccine, mRNA-1273.
The vaccine was  authorized for emergency use  by the Food and Drug Administration in December.
The company said the Phase 2 study of a booster dose of the vaccine showed robust antibody responses.
New Developmental Candidates In The Pipeline:  Moderna said it is developing a combination vaccine candidate, codenamed mRNA-1073, that combines its COVID-19 vaccine and flu ...",2021-09-09 15:17:26+00:00,https://www.benzinga.com/general/biotech/21/09/22868037/moderna-shares-gain-amid-r-d-day-presentations-what-you-need-to-know,Benzinga,0.2889610389610389,0.687012987012987,positive,0.2889610389610389,False,False,False,False,False,False,False,False,0.0,1011,"['NVAX', 'AZN', 'MRK', 'MRNA']",AZN,2021-09-09
3 Red-Hot Healthcare Stocks to Buy in September,These businesses are firing on all cylinders.,2021-09-09 16:37:00+00:00,https://www.fool.com/investing/2021/09/09/3-red-hot-healthcare-stocks-to-buy-in-september/,The Motley Fool,0.0,0.0,neutral,0.0,False,True,False,False,False,False,False,False,0.0,94,"['EDIT', 'VRTX', 'MRK', 'GE', 'AZN', 'NVS', 'DHR', 'BIIB', 'XLV', 'VEEV', 'NTLA', 'CRSP', 'MRNA']",AZN,2021-09-09
Should You Invest in the VanEck Pharmaceutical ETF (PPH)?,Sector ETF report for PPH,2021-09-10 10:20:02+00:00,https://www.zacks.com/stock/news/1794597/should-you-invest-in-the-vaneck-pharmaceutical-etf-pph,Zacks Investment Research,0.0,0.0,neutral,0.0,False,False,True,False,False,False,False,False,0.0,84,"['PPH', 'AZN', 'BMY', 'MRK', 'PJP', 'IHE']",AZN,2021-09-10
"Pharma Stock Roundup: SNY to Buy Kadmon, New Approvals for AZN & MRK's Drugs",Sanofi (SNY) offers $1.9 billion to buy Kadmon Holdings to strengthen its transplant business. AstraZeneca's (AZN) Ultomiris and Merck's (MRK) Keytruda get approvals for expanded use.,2021-09-10 12:12:00+00:00,https://www.zacks.com/stock/news/1794697/pharma-stock-roundup-sny-to-buy-kadmon-new-approvals-for-azn-mrks-drugs,Zacks Investment Research,0.11818181818181818,0.22727272727272727,positive,0.11818181818181818,False,True,False,False,False,False,False,False,0.0,261,"['SNY', 'AZN', 'PFE', 'MRK', 'LLY']",AZN,2021-09-10
AstraZeneca (AZN) Asthma Candidate Meets Primary Study Goals,AstraZeneca's (AZN) phase III studies evaluating its investigational inhaler PT027 for asthma meets primary endpoints.,2021-09-10 15:25:00+00:00,https://www.zacks.com/stock/news/1794901/astrazeneca-azn-asthma-candidate-meets-primary-study-goals,Zacks Investment Research,0.4,0.5,positive,0.4,False,False,False,False,False,False,False,False,0.0,180,"['REGN', 'AZN', 'GSK', 'MRNA']",AZN,2021-09-10
Decoding Mu Variant: The Next Big Threat in COVID-19 Cases?,"Another variant of the coronavirus, Mu Variant, is up on the WHO-identified list. One study finds its potential to be highly resistant to the COVID-19 vaccines.",2021-09-10 17:02:00+00:00,https://www.zacks.com/stock/news/1795007/decoding-mu-variant-the-next-big-threat-in-covid-19-cases,Zacks Investment Research,0.04,0.41000000000000003,neutral,0.04,False,False,False,False,False,False,False,False,0.0,221,"['AZN', 'JNJ', 'PFE', 'MRNA']",AZN,2021-09-10
Lilly's (LLY) Jardiance Gets Breakthrough Therapy Tag for HFpEF,The FDA bestows a Breakthrough Therapy status on Lilly's (LLY) Jardiance for heart failure with preserved ejection fraction (HFpEF).,2021-09-10 17:06:00+00:00,https://www.zacks.com/stock/news/1795008/lillys-lly-jardiance-gets-breakthrough-therapy-tag-for-hfpef,Zacks Investment Research,-0.3166666666666667,0.3,negative,0.3166666666666667,False,False,True,False,False,False,False,False,0.0,197,"['REGN', 'AZN', 'JNJ', 'LLY']",AZN,2021-09-10
UK Preps Up For 'Mix & Match' COVID-19 Booster Program: FT,"Citing government sources, the Financial Times reported that the U.K. is potentially preparing to become the first big country to administer a mix and match regime of COVID-19 vaccines for its booster program.
According to the government insiders, many citizens are expected to have a different vaccine to their first two jabs for the third booster dose because it would better protect against Covid-19. 
One Department of Health insider told the ...",2021-09-10 17:53:18+00:00,https://www.benzinga.com/general/biotech/21/09/22884263/uk-preps-up-for-mix-match-covid-19-booster-program-ft,Benzinga,0.13999999999999999,0.3766666666666667,positive,0.13999999999999999,False,False,False,False,False,False,False,False,0.0,510,"['AZN', 'PFE', 'BNTX']",AZN,2021-09-10
These Promising Clinical Results Could Be Huge for Amgen Investors,New data from the phase 3 trial of tezepelumab bodes well for the drug candidate becoming a significant revenue producer in the near future.,2021-09-11 11:05:00+00:00,https://www.fool.com/investing/2021/09/11/these-promising-clinical-results-could-be-huge-for/,The Motley Fool,0.23733766233766238,0.5863636363636363,positive,0.23733766233766238,True,False,False,False,False,False,False,False,0.0,208,"['AMGN', 'SNY', 'GSK', 'AZN', 'REGN', 'ABBV']",AZN,2021-09-11
3 No-Brainer Stocks to Invest $100 in Right Now,"You don't need a giant pile of cash to generate a healthy return from this trio of growth, value, and income stocks.",2021-09-13 09:51:00+00:00,https://www.fool.com/investing/2021/09/13/3-no-brainer-stocks-to-invest-100-in-right-now/,The Motley Fool,0.2619047619047619,0.6785714285714285,positive,0.2619047619047619,False,False,False,False,False,False,False,False,0.0,165,"['AZN', 'NLY', 'BARK']",AZN,2021-09-13
"Got $3,000? Keep It Safe With These 3 Healthcare Stocks","They offer products that their customers absolutely can't do without, and they also pay dividends.",2021-09-13 14:35:05+00:00,https://www.fool.com/investing/2021/09/13/got-3000-keep-it-safe-with-these-3-healthcare-stoc/,The Motley Fool,0.35,0.7,positive,0.35,False,False,False,False,True,True,False,False,0.0,155,"['ABT', 'AZN', 'ARE']",AZN,2021-09-13
Apellis (APLS) Down on Mixed Data From Studies on GA Candidate,Apellis (APLS) posts mixed top-line data from the phase III DERBY and OAKS studies testing pegcetacoplan in adults with geographic atrophy secondary to age-related macular degeneration. Stock falls.,2021-09-13 15:02:00+00:00,https://www.zacks.com/stock/news/1795693/apellis-apls-down-on-mixed-data-from-studies-on-ga-candidate,Zacks Investment Research,-0.1138888888888889,0.27222222222222225,negative,0.1138888888888889,False,False,True,False,False,False,False,False,0.0,262,"['AZN', 'CRVS', 'SPRO', 'APLS']",AZN,2021-09-13
Novavax (NVAX) Stock Surges YTD as COVID Vaccine Advances Well,"Upon approval and successful commercialization, Novavax's (NVAX) COVID-19 vaccine should reap huge revenues. The company's other pipeline candidates also show promise.",2021-09-13 17:16:00+00:00,https://www.zacks.com/stock/news/1795766/novavax-nvax-stock-surges-ytd-as-covid-vaccine-advances-well,Zacks Investment Research,0.34166666666666673,0.7416666666666667,positive,0.34166666666666673,True,False,False,False,False,False,False,False,0.0,231,"['AZN', 'PFE', 'MRNA', 'NVAX']",AZN,2021-09-13
"Top Research Reports for Eli Lilly, Exxon Mobil & Lowe's","Today's Research Daily features new research reports on 16 major stocks, including Eli Lilly and Company (LLY), Exxon Mobil Corporation (XOM), and Lowe's Companies, Inc. (LOW).",2021-09-13 18:52:00+00:00,https://www.zacks.com/research-daily/1795715/top-research-reports-for-eli-lilly-exxon-mobil-lowes,Zacks Investment Research,0.13977272727272727,0.35090909090909095,positive,0.13977272727272727,False,False,False,False,False,False,False,False,0.0,234,"['GE', 'AZN', 'XOM', 'LLY', 'LOW', 'ANTM']",AZN,2021-09-13
Why BioNTech Topped the Market on Tuesday,Booster shots of its vaccine will be part of an important anti-COVID push in the U.K.,2021-09-14 21:53:04+00:00,https://www.fool.com/investing/2021/09/14/why-biontech-topped-the-market-on-tuesday/,The Motley Fool,0.4,1.0,positive,0.4,False,False,False,False,False,False,False,False,0.2,128,"['BNTX', 'PFE', 'AZN']",AZN,2021-09-14
Emergent (EBS) Inks COVID-19 Manufacturing Deal With Providence,Emergent (EBS) is set to provide manufacturing services for doses of Providence Therapeutics' COVID-19 vaccine candidate as well as for its bulk drug substance.,2021-09-15 14:53:00+00:00,https://www.zacks.com/stock/news/1796803/emergent-ebs-inks-covid-19-manufacturing-deal-with-providence,Zacks Investment Research,0.0,0.0,neutral,0.0,False,False,False,False,False,False,False,False,0.0,225,"['AZN', 'JNJ', 'VRTX', 'EBS']",AZN,2021-09-15
2 Pharma Stocks You Can Buy and Hold for the Next Decade,Both stocks have grabbed plenty of headlines over the past year.,2021-09-16 14:30:00+00:00,https://www.fool.com/investing/2021/09/16/2-pharma-stocks-you-can-buy-and-hold-for-the-next/,The Motley Fool,-0.125,0.125,negative,0.125,False,True,False,False,False,False,False,False,0.0,122,"['PFE', 'AZN', 'XPH']",AZN,2021-09-16
"Pfizer, Moderna Support COVID Vaccine Booster Before FDA Meet","Amid rising coronavirus cases, PFE and MRNA are trying to make booster doses of their COVID-19 vaccine available for US citizens. An FDA meeting is scheduled tomorrow to discuss Comirnaty's booster dose.",2021-09-16 14:54:00+00:00,https://www.zacks.com/stock/news/1797388/pfizer-moderna-support-covid-vaccine-booster-before-fda-meet,Zacks Investment Research,0.4,0.4,positive,0.4,False,False,True,False,False,False,False,False,0.0,266,"['AZN', 'JNJ', 'PFE', 'MRNA', 'NVAX', 'BNTX']",AZN,2021-09-16
Why Moderna and BioNTech Topped the Market Today,The two companies' respective coronavirus vaccines both receive a new regulatory nod.,2021-09-16 21:29:00+00:00,https://www.fool.com/investing/2021/09/16/why-moderna-and-biontech-topped-the-market-today/,The Motley Fool,0.06818181818181818,0.2772727272727273,neutral,0.06818181818181818,False,False,True,False,False,False,False,False,0.0,135,"['MRNA', 'PFE', 'JNJ', 'AZN', 'BNTX']",AZN,2021-09-16
Here's Why Innate Pharma Stock Is Rocketing Higher Today,A clinical trial with an experimental lung cancer drug produced some positive results.,2021-09-17 17:21:17+00:00,https://www.fool.com/investing/2021/09/17/heres-why-innate-pharma-stock-is-rocketing-higher/,The Motley Fool,0.19242424242424241,0.48181818181818176,positive,0.19242424242424241,False,False,False,False,False,False,False,False,0.0,144,"['IPHA', 'AZN']",AZN,2021-09-17
Here's Why Moderna's Stock Could Crash Before the End of 2021,Its high valuation is only part of the reason investors should consider selling their shares today.,2021-09-19 11:11:00+00:00,https://www.fool.com/investing/2021/09/19/heres-why-modernas-stock-could-crash-before-the-en/,The Motley Fool,0.08,0.77,neutral,0.08,False,False,False,False,False,False,False,False,0.0,162,"['MRNA', 'MS', 'SNY', 'AZN', 'JNJ', 'PFE', 'GSK', 'NVAX']",AZN,2021-09-19
Glaxo's (GSK) Nucala Gets CHMP Nod for 3 Diseases in Europe,"Glaxo (GSK) is seeking approval of Nucala for hypereosinophilic syndrome, eosinophilic granulomatosis with polyangiitis) and chronic rhinosinusitis with nasal polyps in Europe",2021-09-20 12:12:00+00:00,https://www.zacks.com/stock/news/1798311/glaxos-gsk-nucala-gets-chmp-nod-for-3-diseases-in-europe,Zacks Investment Research,0.0,0.0,neutral,0.0,False,False,False,False,False,False,False,False,0.0,236,"['REGN', 'SNY', 'AZN', 'GSK']",AZN,2021-09-20
London stocks slide amid Evergrande crisis and mining worries,China's growing Evergrande crisis overshadows London markets. International Airlines Group soared on a report that U.S. travel restrictions will,2021-09-20 14:33:00+00:00,https://www.marketwatch.com/story/london-stocks-slide-amid-evergrande-crisis-and-mining-worries-11632148389,MarketWatch,0.0,0.0,neutral,0.0,False,False,False,False,False,False,False,False,0.0,207,"['AAL', 'NG', 'AZN', 'AZN', 'IAG']",AZN,2021-09-20
AstraZeneca's Enhertu Posts Substantial Clinical Benefit Over Roche's Kadcyla In Breast Cancer Trials,"AstraZeneca Plc (NASDAQ: AZN) and Daiichi Sankyo's (OTC: DSNKY) Enhertu have shown some striking data in late-stage breast cancer trials and early solid tumor tests. 
What Happened: The Phase 3 DESTINY-Breast03 head-to-head study included second-line unresectable or metastatic HER2-positive breast cancer patients who had previously undergone treatment with a Herceptin-chemo combo. The data were presented at the European Society for Medical Oncology Congress (ESMO21) 2021.
Data: Enhertu cut the risk of disease progression or death by 72% compared with Roche Holding's AG (OTC:",2021-09-20 20:11:27+00:00,https://www.benzinga.com/general/biotech/21/09/23016615/astrazenecas-enhertu-posts-substantial-clinical-benefit-over-roches-kadcyla-in-breast-cancer-tria,Benzinga,0.07222222222222223,0.2611111111111111,neutral,0.07222222222222223,False,False,True,False,False,False,False,False,0.0,684,['AZN'],AZN,2021-09-20
Why AstraZeneca and Surface Oncology Rose Today,The pharmaceutical giant reports encouraging results from a late-stage ES-SCLC trial of blockbuster cancer treatment Imfinzi.,2021-09-20 21:44:00+00:00,https://www.fool.com/investing/2021/09/20/why-astrazeneca-and-surface-oncology-rose-today/,The Motley Fool,0.3,0.975,positive,0.3,False,False,False,False,False,False,False,False,0.0,174,"['SURF', 'AZN']",AZN,2021-09-20
Here's Why Everyone's Talking About AstraZeneca Right Now,The company's next-generation treatment for breast cancer could become the new standard of care.,2021-09-21 10:15:00+00:00,https://www.fool.com/investing/2021/09/21/heres-why-everyones-talking-about-astrazeneca-righ/,The Motley Fool,0.14069264069264067,0.33008658008658004,positive,0.14069264069264067,False,False,False,False,False,False,False,False,0.0,155,['AZN'],AZN,2021-09-21
"AstraZeneca (AZN) Up on Enhertu, Imfinzi Cancer Data at ESMO",AstraZeneca's (AZN) Enhertu reduces the risk of disease progression by 72% in HER2-positive metastatic breast cancer. Imfinzi plus chemotherapy triples patient survival at three years in ES-SCLC.,2021-09-21 13:43:00+00:00,https://www.zacks.com/stock/news/1799007/astrazeneca-azn-up-on-enhertu-imfinzi-cancer-data-at-esmo,Zacks Investment Research,0.0,0.0,neutral,0.0,False,False,False,False,False,False,False,False,0.0,257,"['REGN', 'AZN', 'MRK']",AZN,2021-09-21
Why Corvus Pharmaceuticals Stock Is Down Today,Profit taking appears to be in full effect today with this small-cap biotech.,2021-09-22 19:45:33+00:00,https://www.fool.com/investing/2021/09/22/why-corvus-pharmaceuticals-stock-is-down-today/,The Motley Fool,0.0972222222222222,0.4194444444444445,neutral,0.0972222222222222,True,False,False,False,False,False,False,False,0.0,125,"['CRVS', 'AZN']",AZN,2021-09-22
"Pharma Stock Roundup: PFE Booster Jab Gets FDA Nod, JNJ's New Data on COVID-19 Shot",FDA grants EUA to Pfizer (PFE)/BioNTech's COVID-19 vaccine booster shots for limited use. J&J (JNJ) announces phase III data on booster dose of its single-shot vaccine.,2021-09-24 12:27:00+00:00,https://www.zacks.com/stock/news/1800545/pharma-stock-roundup-pfe-booster-jab-gets-fda-nod-jnjs-new-data-on-covid-19-shot,Zacks Investment Research,0.032467532467532464,0.2987012987012987,neutral,0.032467532467532464,False,False,True,False,False,False,False,False,0.0,253,"['AZN', 'NVS', 'JNJ', 'PFE', 'LLY', 'ABBV', 'BNTX']",AZN,2021-09-24
London stocks struggle and pound gives up gains,"The FTSE 100 was an outperformer on Friday, but only just as Europe's stock markets were deep in the red.",2021-09-24 14:44:00+00:00,https://www.marketwatch.com/story/london-stocks-struggle-and-pound-gives-up-gains-11632494695,MarketWatch,0.0,0.4666666666666666,neutral,0.0,False,False,False,False,False,False,False,False,0.0,154,"['AZN', 'AZN']",AZN,2021-09-24
Novavax (NVAX) Applies to WHO for COVID-19 Vaccine Listing,"On being granted the emergency use listing for Novavax's (NVAX) COVID-19 vaccine by WHO, it is to become eligible to supply the same to numerous countries participating through the COVAX facility",2021-09-24 15:31:00+00:00,https://www.zacks.com/stock/news/1800716/novavax-nvax-applies-to-who-for-covid-19-vaccine-listing,Zacks Investment Research,0.0,0.3125,neutral,0.0,False,False,False,False,False,False,False,False,0.0,255,"['AZN', 'PFE', 'MRNA', 'NVAX']",AZN,2021-09-24
AstraZeneca (AZN) Inks Deal to Enter Novel RNA Therapeutic Space,AstraZeneca (AZN) inks a deal to gain the rights to the self-amplifying RNA platform developed by the Imperial College London.,2021-09-24 17:06:00+00:00,https://www.zacks.com/stock/news/1800818/astrazeneca-azn-inks-deal-to-enter-novel-rna-therapeutic-space,Zacks Investment Research,0.1,0.3,neutral,0.1,False,False,False,False,False,False,False,False,0.0,192,"['AZN', 'PFE', 'MRNA', 'BNTX']",AZN,2021-09-24
3 Top Biotech Stocks to Buy for the Long Haul,Each of these three stocks offers yields that more than double the S&P 500's current yield.,2021-09-27 10:00:00+00:00,https://www.fool.com/investing/2021/09/27/3-top-biotech-stocks-to-buy-for-the-long-haul/,The Motley Fool,0.17500000000000002,0.3,positive,0.17500000000000002,False,True,False,False,False,False,False,False,0.0,138,"['AMGN', 'JNJ', 'SNY', 'AZN', 'REGN', 'ABBV', 'VTRS']",AZN,2021-09-27
Get ready for growth stocks to come roaring back to life says this top-performing manager. Here are his picks.,"Online delivery, social media apps and software are hot stocks for the growth fund manager who says value companies are about to take a back seat.",2021-09-27 11:14:00+00:00,https://www.marketwatch.com/story/get-ready-for-growth-stocks-to-come-roaring-back-to-life-says-this-top-performing-manager-here-are-his-picks-11632741260,MarketWatch,0.09666666666666666,0.2833333333333333,neutral,0.09666666666666666,False,False,False,False,False,False,False,False,0.0,258,"['COUP', 'MDB', 'AZN', 'CSCO', 'SAP', 'SAP', 'DASH', 'WMT', 'SNAP', 'DIS', 'SE', 'TSLA', 'DAX']",AZN,2021-09-27
3 Biotech Stocks That Could Make You Filthy Rich,These three low-priced cancer stocks could be grossly undervalued.,2021-09-27 14:08:00+00:00,https://www.fool.com/investing/2021/09/27/3-biotech-stocks-that-could-make-you-filthy-rich/,The Motley Fool,-0.1416666666666667,0.5833333333333334,negative,0.1416666666666667,False,False,False,False,False,False,False,False,0.0,116,"['ADAP', 'VRTX', 'AMGN', 'AZN', 'VSTM', 'NVAX', 'CRSP', 'CRVS', 'MRNA', 'OCGN']",AZN,2021-09-27
"AstraZeneca, Merck's Lynparza Prostate Cancer Study Meets Goal","AstraZeneca (AZN) and Merck (MRK) announce that their PARP inhibitor Lynparza succeeds in meeting the primary endpoint in a late-stage study, evaluating it in first-line castration-resistant prostate cancer patients.",2021-09-27 14:25:00+00:00,https://www.zacks.com/stock/news/1801321/astrazeneca-mercks-lynparza-prostate-cancer-study-meets-goal,Zacks Investment Research,0.55,0.3,positive,0.55,False,False,False,False,False,False,False,False,0.0,280,"['AZN', 'JNJ', 'PFE', 'MRK']",AZN,2021-09-27
James Bond and Rolls Royce fight to keep London stocks in the black,London stocks cling to positive territory on Monday.,2021-09-27 14:37:00+00:00,https://www.marketwatch.com/story/james-bond-and-rolls-royce-fight-to-keep-london-stocks-in-the-black-11632753433,MarketWatch,0.030303030303030304,0.4893939393939394,neutral,0.030303030303030304,False,False,False,False,False,False,False,False,0.0,121,"['BP', 'BP', 'AZN', 'AZN']",AZN,2021-09-27
Does This Biotech Have the Secret to Conquering Covid Variants?,The company uses mRNA technology -- with a new twist.,2021-09-29 11:00:00+00:00,https://www.fool.com/investing/2021/09/29/does-this-biotech-have-the-secret-to-conquering-co/,The Motley Fool,-0.13181818181818183,0.5772727272727273,negative,0.13181818181818183,False,False,True,False,False,False,False,False,0.0,118,"['GRTS', 'AZN', 'PFE', 'MRNA']",AZN,2021-09-29
"The Daily Biotech Pulse: AbbVie's Migraine Drug OK'd By FDA, Amicus Spins Off Gene Therapy Business, Geovax In-Licenses Cancer Drug","Here's a roundup of top developments in the biotech space over the last 24 hours.
Click  here  for accessing Benzinga's FDA Calendar
Scaling The Peaks
(Biotech Stocks Hitting 52-week Highs Sept. 28)

Acceleron Pharma Inc. (NASDAQ: XLRN)
Alkermes plc (NASDAQ: ALKS)
Apyx Medical Corporation (NASDAQ: APYX)
Avadel Pharmaceuticals plc (NASDAQ: AVDL)
BELLUS Health Inc. (NASDAQ: BLU)
BriaCell Therapeutics Corp. (NASDAQ: BCTX)
Fennec Pharmaceuticals Inc. (NASDAQ: FENC)
Innoviva, Inc. (NASDAQ: INVA)

Down In The Dumps
(Biotech Stocks Hitting 52-week Lows Sept. 28)

4D pharma plc (NASDAQ: LBPS)
Akoya Biosciences, Inc. (NASDAQ: AKYA)
Aziyo Biologics, Inc. (NASDAQ: AZYO)
BioVie Inc. (NASDAQ: BIVI)
Burning Rock Biotech Limited (NASDAQ: BNR)
Centessa Pharmaceuticals Limited (NASDAQ: CNTA)
Emergent BioSolutions Inc. (NYSE: EBS)
First Wave BioPharma, Inc. (NASDAQ: FWBI)
Galapagos NV (NASDAQ: GLPG)
Galecto, Inc. (NASDAQ: GLTO)
GBS Inc. (NASDAQ: GBS)
Graybug Vision, Inc. (NASDAQ: GRAY) (released full-data analysis from the 18-month Phase 2b trial of GB-102 for the treatment of wet age-related macular degeneration)
HCW Biologics Inc. (NASDAQ: HCWB)
Humanigen, Inc. (NASDAQ: HGEN) (announced the European Medicines Agency has appointed a rapporteur and a co-rapporteur as part of the pre-submission process related to its plan to submit an MAA for the use of lenzilumab to treat patients hospitalized with COVID-19)
InMed Pharmaceuticals Inc. (NASDAQ: INM)
Ionis Pharmaceuticals, Inc. (NASDAQ: IONS)
Kintara Therapeutics, Inc. (NASDAQ: KTRA)
Lantern Pharma Inc. (NASDAQ: LTRN) (announced a collaboration to leverage artificial intelligence to identify eligible patient subgroups faster and with more accuracy in a Phase 2 study of never-smokers with non-small cell lung cancer)
MaxCyte, Inc. (NASDAQ: MXCT)
Nautilus Biotechnology, Inc. (NASDAQ: NAUT)
NeuroPace, Inc. (NASDAQ: NPCE)
Passage Bio, Inc. (NASDAQ: PASG) (announced additional preclinical data from its fibroblast activation protein-alpha inhibitor program called PNT2004)
Pharming Group N.V. (NASDAQ: PHAR)
Pluristem Therapeutics Inc. (NASDAQ: PSTI)
POINT Biopharma Global Inc. (NASDAQ: PNT)
Poseida Therapeutics, Inc. (NASDAQ: PSTX)
RenovoRx, Inc. (NASDAQ: RNXT)
Scopus BioPharma Inc. (NASDAQ: SCPS)
Sight Sciences, Inc. (NASDAQ: SGHT)
Spruce Biosciences, Inc. (NASDAQ: SPRB)
TCR2 Therapeutics Inc. (NASDAQ: TCRR)
Titan Pharmaceuticals, Inc. (NASDAQ: TTNP)
Tiziana Life Sciences PLC (NASDAQ: TLSA)
Vertex Pharmaceuticals Incorporated (NASDAQ: VRTX)
XBiotech Inc. (NASDAQ: XBIT)
Zynex, Inc. (NASDAQ: ZYXI)

Stocks In Focus
AbbVie's Oral Migraine Preventative Drug Gets FDA Approval
AbbVie, Inc. (NYSE: ABBV) announced that the U.S. Food and Drug Administration approved Qulipta (atogepant) for the preventive treatment of episodic migraine in adults. Qulipta is the first and only oral calcitonin gene-related peptide receptor antagonist specifically developed for the preventive treatment of migraine, the company said.
The stock was up 0.68% to $108.07 in premarket trading.
Lilly's Erbitux Gets Label Expansion For Use In Colorectal Cancer Patients With Certain Mutation
Eli Lilly & Company (NYSE: LLY) said the FDA has granted approval of a new indication for Erbitux, in combination with Braftovi, marketed by Pfizer, Inc. (NYSE: PFE), for the treatment of adult patients with metastatic colorectal cancer with a BRAF V600E mutation, as detected by an FDA-approved test, after prior ...",2021-09-29 12:13:40+00:00,https://www.benzinga.com/general/biotech/21/09/23151661/the-daily-biotech-pulse-abbvies-migraine-drug-okd-by-fda-amicus-spins-off-gene-therapy-business-g,Benzinga,0.07055621146530239,0.3288141151777515,neutral,0.07055621146530239,False,False,True,False,True,False,False,False,0.0,3583,"['PHAR', 'HGEN', 'ALKS', 'GBS', 'INVA', 'FENC', 'CLDX', 'BCTX', 'ABBV', 'SRRK', 'FOLD', 'ARYD', 'LBPS', 'XLRN', 'TCRR', 'IBB', 'CAHC', 'BNR', 'APYX', 'PSTI', 'AKYA', 'AGTC', 'MIRM', 'VRTX', 'NPCE', 'INM', 'ADXN', 'AZN', 'CNTA', 'XBIT', 'PASG', 'BLU', 'EBS', 'NAUT', 'GLPG', 'LTRN', 'LLY', 'SGHT', 'FBIO', 'KTRA', 'PFE', 'HCWB', 'CBIO', 'AZYO', 'TTNP', 'MXCT', 'PNT', 'GRAY', 'RNXT', 'IONS', 'SPRB', 'GOVX', 'FWBI', 'EDIT', 'GLTO', 'TLSA', 'BIVI', 'NBTX', 'PSTX', 'AVDL', 'SCPS']",AZN,2021-09-29
Airport restaurant operator SSP stumbles on warning,Shares of airport and train station restaurant operator SSP Group stumbled on Wednesday after warning of a slightly slower recovery in sales in the current fiscal year.,2021-09-29 12:59:00+00:00,https://www.marketwatch.com/story/airport-restaurant-operator-ssp-stumbles-on-warning-11632920343,MarketWatch,-0.08333333333333333,0.2833333333333333,neutral,0.08333333333333333,False,False,False,False,False,False,False,False,0.0,221,['AZN'],AZN,2021-09-29
Can These Former Biotech Growth Stocks Regain Their Form?,Acadia Pharmaceuticals and Clovis Oncology may be turnaround stories in the making.,2021-09-29 14:00:00+00:00,https://www.fool.com/investing/2021/09/29/can-these-former-biotech-growth-stocks-regain-thei/,The Motley Fool,0.0,0.0,neutral,0.0,False,False,False,False,False,False,False,False,0.0,142,"['CLVS', 'SNY', 'AZN', 'ACAD', 'HRTX', 'KDMN']",AZN,2021-09-29
AstraZeneca and ASML lead European stocks on a rebound after Wall-Street induced rout,"European stocks were on the rebound, alongside Wall Street as investors went shopping for beaten down stocks after Tuesday's rout.",2021-09-29 14:05:00+00:00,https://www.marketwatch.com/story/astrazeneca-and-asml-lead-european-stocks-on-a-rebound-after-wall-street-induced-rout-11632924318,MarketWatch,-0.051851851851851864,0.09629629629629631,neutral,0.051851851851851864,False,False,False,False,False,False,False,False,0.0,217,"['DAX', 'COMP', 'ASM', 'ASML', 'ASML', 'AZN', 'AZN', 'BP', 'BP', 'RDS.A', 'TTE']",AZN,2021-09-29
"AstraZeneca (AZN) Up on Enhertu, Imfinzi Cancer Data at ESMO (Revised)",AstraZeneca's (AZN) Enhertu reduces the risk of disease progression by 72% in HER2-positive metastatic breast cancer. Imfinzi plus chemotherapy triples patient survival at three years in ES-SCLC.,2021-09-30 05:21:00+00:00,https://www.zacks.com/stock/news/1802832/astrazeneca-azn-up-on-enhertu-imfinzi-cancer-data-at-esmo-revised,Zacks Investment Research,0.0,0.0,neutral,0.0,False,False,False,False,False,False,False,False,0.0,267,"['REGN', 'AZN', 'MRK']",AZN,2021-09-30
Wall Street Breakfast: Supply Crunch,"Listen on the go! A daily podcast of Wall Street Breakfast will be available by 8:00 a.m. on Seeking Alpha, iTunes, Stitcher and Spotify.",2021-09-30 11:08:58+00:00,https://seekingalpha.com/article/4457790-wall-street-breakfast-supply-crunch,Seeking Alpha,0.2,0.2,positive,0.2,False,False,False,False,False,False,False,False,0.0,175,"['DLTR', 'WRBY', 'WMT', 'UBER', 'SPCE', 'MO', 'FB', 'AAPL', 'AZN', 'TWTR', 'GOOG', 'GOOGL']",AZN,2021-09-30
"The Daily Biotech Pulse: Merck Confirms Acceleron Purchase, Regeneron Touts COVID-19 Antibody Cocktail Data, Takeda In-Licenses Huntington's Disease Drug","Here's a roundup of top developments in the biotech space over the last 24 hours:
Scaling The Peaks
(Biotech Stocks Hitting 52-week Highs Sept. 29)

Acceleron Pharma Inc. (NASDAQ: XLRN)
Eagle Pharmaceuticals, Inc. (NASDAQ: EGRX)
Innoviva, Inc. (NASDAQ: INVA)

Down In The Dumps
(Biotech Stocks Hitting 52-week Lows Sept. 29)

4D pharma plc (NASDAQ: LBPS)
ADMA Biologics, Inc. (NASDAQ: ADMA)
Akoya Biosciences, Inc. (NASDAQ: NASDAQ: AKYA)
Alzamend Neuro, Inc. (NASDAQ: ALZN)
Applied Genetic Technologies Corporation (NASDAQ: AGTC)
Aziyo Biologics, Inc. (NASDAQ: AZYO)
Aptose Biosciences Inc. (NASDAQ: APTO)
Athenex, Inc. (NASDAQ: ATNX)
Athersys, Inc. (NASDAQ: ATHX)
Avenue Therapeutics, Inc. (NASDAQ: ATXI)
Axcella Health Inc. (NASDAQ: AXLA)
Aytu Biopharma, Inc. (NASDAQ: AYTU)
BioVie Inc. (NASDAQ: BIVI)
Burning Rock Biotech Limited (NASDAQ: BNR)
Checkmate Pharmaceuticals, Inc. (NASDAQ: CMPI)
Chemomab Therapeutics Ltd. (NASDAQ: CMMB)
Clarus Therapeutics Holdings, Inc. (NASDAQ: CRXT)
Cue Health Inc. (NASDAQ: HLTH) (IPOed Friday)
Dermata Therapeutics, Inc. (NASDAQ: DRMA)
Design Therapeutics, Inc. (NASDAQ: DSGN)
Eiger BioPharmaceuticals, Inc. (NASDAQ: EIGR)
Eledon Pharmaceuticals, Inc. (NASDAQ: ELDN)
Emergent BioSolutions Inc. (NYSE: EBS)
First Wave BioPharma, Inc. (NASDAQ: FWBI)
Forte Biosciences, Inc. (NASDAQ: FBRX)
Galapagos NV (NASDAQ: GLPG)
Gamida Cell Ltd. (NASDAQ: GMDA)
GBS Inc. (NASDAQ: GBS)
Graybug Vision, Inc. (NASDAQ: GRAY)
Harpoon Therapeutics, Inc. (NASDAQ: HARP)
HOOKIPA Pharma Inc. (NASDAQ: HOOK)
IMARA Inc. (NASDAQ: IMRA)
Immuron Limited (NASDAQ: IMRN)
InMed Pharmaceuticals Inc. (NASDAQ: INM)
Inozyme Pharma, Inc. (NASDAQ: INZY)
Ionis Pharmaceuticals, Inc. (NASDAQ: IONS)
Jasper Therapeutics, Inc. (NASDAQ: JSPR)
Kiniksa Pharmaceuticals, Ltd. (NASDAQ: KNSA)
Kintara Therapeutics, Inc. (NASDAQ: KTRA) (announced fiscal year 2021 results)
MaxCyte, Inc. (NASDAQ: MXCT)
Nautilus Biotechnology, Inc. (NASDAQ: NAUT)
Orchard Therapeutics plc (NASDAQ: ORTX)
Passage Bio, Inc. (NASDAQ: PASG)
Pliant Therapeutics, Inc. (NASDAQ: PLRX)
Pluristem Therapeutics Inc. (NASDAQ: PSTI)
Poseida Therapeutics, Inc. (NASDAQ: PSTX)
RenovoRx, Inc. (NASDAQ: RNXT)
Silverback Therapeutics, Inc. (NASDAQ: SBTX)
Singular Genomics Systems, Inc. (NASDAQ: OMIC)
TCR2 Therapeutics Inc. (NASDAQ: TCRR)
Titan Pharmaceuticals, Inc. (NASDAQ: TTNP)
Tiziana Life Sciences PLC (NASDAQ: TLSA)
Voyager Therapeutics, Inc. (NASDAQ: VYGR)
XBiotech Inc. (NASDAQ: XBIT)
Zynex, Inc. (NASDAQ: ZYXI)

Stocks In Focus
Merck Confirms Deal To Buy Acceleron For $11.5B
Merck & Co., Inc. (NYSE: MRK) and Acceleron announced that the companies have entered into a definitive agreement under which Merck, through a subsidiary, will acquire Acceleron for $180 per share in cash for an approximate total equity value of $11.5 billion.
The transaction is expected to close in the fourth quarter of 2021.
The deal has been the subject of speculatation since the start of the week.
Merck shares were edging up 0.43% at $75.41 and Acceleron, which has been running up since the speculation began doing the rounds, was up 1.89% at $178.67.
Regeneron Reports Positive Data For COVID-19 Antibody Cocktail In Hospitalized COVID-19 Patients
Regeneron Pharmaceuticals, Inc. (NASDAQ: RGEN) announced that a trial assessing investigational REGEN-COV (casirivimab and imdevimab) in patients hospitalized with COVID-19 met ...",2021-09-30 11:43:13+00:00,https://www.benzinga.com/general/biotech/21/09/23171293/the-daily-biotech-pulse-merck-confirms-acceleron-purchase-regeneron-touts-covid-19-antibody-cockt,Benzinga,0.0009379509379509407,0.31564546564546564,neutral,0.0009379509379509407,False,True,False,False,False,False,False,False,0.0,3535,"['TTNP', 'SBTX', 'ADMA', 'AIM', 'GMDA', 'GBS', 'APTO', 'ANGO', 'VIR', 'ALT', 'ELDN', 'XBIT', 'ATHX', 'TCRR', 'TLSA', 'CMMB', 'GLPG', 'HLTH', 'HARP', 'PSTX', 'LBPS', 'VYGR', 'HOOK', 'AXLA', 'RAPT', 'DSGN', 'IONS', 'IBB', 'BPTS', 'INVA', 'OMIC', 'AYTU', 'MNKD', 'LCTX', 'CMPI', 'NAUT', 'EIGR', 'PSTI', 'CNTG', 'ARQT', 'ABBV', 'ALZN', 'TAK', 'RGEN', 'PASG', 'XLRN', 'MXCT', 'BIVI', 'AZN', 'IMRA', 'BNR', 'RNXT', 'ATXI', 'EBS', 'PLRX', 'AGTC', 'DRMA', 'IMRN', 'GSK', 'INZY', 'TRVN', 'CRXT', 'ATNX', 'LLY', 'KTRA', 'EGRX', 'FWBI', 'FBRX', 'MRK', 'NVO', 'AZYO', 'CALA', 'JSPR', 'KNSA', 'GRAY', 'INM', 'ORTX']",AZN,2021-09-30
AstraZeneca (AZN) to Buy Full Stake in Rare Disease Drugmaker,AstraZeneca (AZN) looks to buy full stake in Caelum Biosciences to sharpen its focus on rare-disease drugs.,2021-09-30 14:47:00+00:00,https://www.zacks.com/stock/news/1803194/astrazeneca-azn-to-buy-full-stake-in-rare-disease-drugmaker,Zacks Investment Research,0.3333333333333333,0.6666666666666666,positive,0.3333333333333333,False,True,False,False,False,False,False,False,0.0,170,"['SNY', 'AZN', 'PFE', 'NVO']",AZN,2021-09-30
"AstraZeneca vaccine shows 74% efficacy in large U.S.-backed trial, and BioNTech co-founder says COVID will become manageable","The COVID-19 vaccine developed by AstraZeneca PLC and Oxford University showed 74% efficacy at preventing symptomatic illness in a large, late-stage trial conducted in the U.S., Chile and Peru, according to data published in the New England Journal Of Medicine on Thursday.",2021-09-30 18:22:00+00:00,https://www.marketwatch.com/story/astrazeneca-vaccine-shows-74-efficacy-in-large-u-s-backed-trial-and-biontech-co-founder-says-covid-will-become-manageable-11633013202,MarketWatch,0.16623376623376623,0.4029220779220779,positive,0.16623376623376623,False,False,False,False,False,False,False,False,0.0,399,"['AZN', 'AZN', 'MRNA', 'JNJ', 'PFE', 'BNTX']",AZN,2021-09-30
AstraZeneca COVID-19 Jab Shows 74% Efficacy In US Trial,"Reuters reported that large U.S. trial results of AstraZeneca Plc's (NASDAQ: AZN) COVID-19 vaccine demonstrated 74% efficacy at preventing symptomatic disease.
In people aged 65 and older, the efficacy increased to 83.5%
Overall efficacy of 74% was lower than the interim 79% reported in March, a result AstraZeneca revised days later to 76% after a rare public rebuke from health officials that the figure was ...",2021-09-30 19:16:45+00:00,https://www.benzinga.com/general/biotech/21/09/23179216/astrazeneca-covid-19-jab-shows-74-efficacy-in-us-trial,Benzinga,0.08299319727891155,0.3040816326530612,neutral,0.08299319727891155,False,False,False,False,False,False,False,False,0.0,471,['AZN'],AZN,2021-09-30
"The Daily Biotech Pulse: Merck Rallies On Antiviral Pill Data, Gilead Files For Yescarta Label Expansion, Exscientia IPO","Here's a roundup of top developments in the biotech space over the last 24 hours.
Click  here  for accessing Benzinga's FDA Calendar
Scaling The Peaks
(Biotech Stocks Hitting 52-week Highs Sept. 30)

Biohaven Pharmaceutical Holding Company Ltd. (NYSE: BHVN)
Cytokinetics, Incorporated (NASDAQ: CYTK)
Eagle Pharmaceuticals, Inc. (NASDAQ: EGRX)
Leap Therapeutics, Inc. (NASDAQ: LPTX)
Legend Biotech Corporation (NASDAQ: LEGN)

Down In The Dumps
(Biotech Stocks Hitting 52-week Lows Sept. 30)

4D pharma plc (NASDAQ: LBPS)
ADMA Biologics, Inc. (NASDAQ: ADMA)
Agile Therapeutics, Inc. (NASDAQ: AGRX)
Alzamend Neuro, Inc. (NASDAQ: ALZN)
Applied Genetic Technologies Corporation (NASDAQ: AGTC)
Applied Molecular Transport Inc. (NASDAQ: AMTI)
Aptose Biosciences Inc. (NASDAQ: APTO)
Aridis Pharmaceuticals, Inc. (NASDAQ: ARDS)
Athersys, Inc. (NASDAQ: ATHX)
BioVie Inc. (NASDAQ: BIVI)
Black Diamond Therapeutics, Inc. (NASDAQ: BDTX)
Centessa Pharmaceuticals Limited (NASDAQ: CNTA)
Chemomab Therapeutics Ltd. (NASDAQ: CMMB)
Clarus Therapeutics Holdings, Inc. (NASDAQ: CRXT)
CNS Pharmaceuticals, Inc. (NASDAQ: CNSP)
Cue Health Inc. (NASDAQ: HLTH) (IPOed Sept. 24)
Cullinan Oncology, Inc. (NASDAQ: CGEM)
Eiger BioPharmaceuticals, Inc. (NASDAQ: EIGR)
Eledon Pharmaceuticals, Inc. (NASDAQ: ELDN)
Emergent BioSolutions Inc. (NYSE: EBS)
First Wave BioPharma, Inc. (NASDAQ: FWBI)
Forte Biosciences, Inc. (NASDAQ: FBRX)
Galapagos NV (NASDAQ: GLPG)
Global Blood Therapeutics, Inc. (NASDAQ: GBT)
Graybug Vision, Inc. (NASDAQ: GRAY)
Harpoon Therapeutics, Inc. (NASDAQ: HARP)
HOOKIPA Pharma Inc. (NASDAQ: HOOK)
Humanigen, Inc. (NASDAQ: HGEN)
IMARA Inc. (NASDAQ: IMRA)
Inozyme Pharma, Inc. (NASDAQ: INZY)
Ionis Pharmaceuticals, Inc. (NASDAQ: IONS)
Jasper Therapeutics, Inc. (NASDAQ: JSPR)
Kala Pharmaceuticals, Inc. (NASDAQ: KALA)
LumiraDx Limited (NASDAQ: LMDX)
MorphoSys AG (NASDAQ: MOR)
Nanobiotix S.A. (NASDAQ: NBTX)
Nautilus Biotechnology, Inc. (NASDAQ: NAUT)
NextCure, Inc. (NASDAQ: NXTC)
Orchard Therapeutics plc (NASDAQ: ORTX)
Pliant Therapeutics, Inc. (NASDAQ: PLRX)
RedHill Biopharma Ltd. (NASDAQ: RDHL)
RenovoRx, Inc. (NASDAQ: RNXT)
Silverback Therapeutics, Inc. (NASDAQ: SBTX)
Spruce Biosciences, Inc. (NASDAQ: SPRB)
TCR2 Therapeutics Inc. (NASDAQ: TCRR)
Titan Pharmaceuticals, Inc. (NASDAQ: TTNP)
Tiziana ...",2021-10-01 11:56:15+00:00,https://www.benzinga.com/general/biotech/21/10/23190761/the-daily-biotech-pulse-merck-rallies-on-antiviral-pill-data-gilead-files-for-yescarta-label-expa,Benzinga,0.0784920634920635,0.2657936507936508,neutral,0.0784920634920635,False,False,True,False,False,False,False,False,0.0,2420,"['MOR', 'IMRA', 'RDHL', 'RNXT', 'BHVN', 'ATHX', 'PLRX', 'AGTC', 'CRXT', 'FBRX', 'CYTK', 'AMTI', 'EGRX', 'FWBI', 'KALA', 'CGEM', 'GILD', 'INZY', 'AGRX', 'JSPR', 'HGEN', 'HLTH', 'VYNE', 'ADMA', 'LMDX', 'ENTX', 'HOOK', 'GRAY', 'APTO', 'ARDS', 'IBB', 'SPRB', 'GLPG', 'LEGN', 'AZN', 'SBTX', 'GBT', 'ORTX', 'BMY', 'NBTX', 'RGNX', 'TCRR', 'EBS', 'ELDN', 'VYGR', 'HARP', 'HAE', 'CMMB', 'IONS', 'NXTC', 'MRK', 'LBPS', 'EIGR', 'CNSP', 'TTNP', 'VACC', 'CLSD', 'BNTX', 'ZYXI', 'CNTA', 'ADVM', 'BDTX', 'TLSA', 'NAUT', 'BIVI', 'PGEN', 'ALZN', 'LPTX']",AZN,2021-10-01
"Merck (MRK) to Acquire Acceleron, Build Rare Disease Portfolio",Merck (MRK) is set to acquire rare diseases-focused company Acceleron Pharma for $11.5 billion and gain access to its promising phase III candidate.,2021-10-01 12:25:00+00:00,https://www.zacks.com/stock/news/1803724/merck-mrk-to-acquire-acceleron-build-rare-disease-portfolio,Zacks Investment Research,0.26666666666666666,0.7666666666666666,positive,0.26666666666666666,False,True,False,False,False,False,False,False,0.0,212,"['AZN', 'BMY', 'MRK', 'XLRN']",AZN,2021-10-01
"EMA's Risk Assessment Committee Finds Link Of Rare Cases Between JNJ COVID-19 Shot, Blood Clots","The European Medicines Agency's Pharmacovigilance Risk Assessment Committee (PRAC) has concluded a possible link to rare cases of venous thromboembolism (VTE) with Johnson & Johnson's (NYSE: JNJ) COVID-19 Vaccine.
The PRAC has now reviewed new evidence from the study used to authorize this vaccine and another sizeable clinical study. 
The PRAC also reviewed evidence from the post-marketing setting. When taking all evidence into account, the committee concluded that there is a reasonable ...",2021-10-01 13:06:06+00:00,https://www.benzinga.com/general/biotech/21/10/23192022/emas-risk-assessment-committee-finds-link-of-rare-cases-between-jnj-covid-19-shot-blood-clots,Benzinga,0.15606060606060604,0.6424242424242425,positive,0.15606060606060604,False,False,False,False,False,False,False,False,0.0,592,"['AZN', 'JNJ']",AZN,2021-10-01
"Pharma Stock Roundup: MRK to Buy XLRN, ABBV Gets FDA Nod for Migraine Drug & More","Merck (MRK) offers to buy Acceleron Pharma for about $11.5 million. FDA approves AbbVie's (ABBV) new migraine drug, Qulipta.",2021-10-01 13:18:00+00:00,https://www.zacks.com/stock/news/1803786/pharma-stock-roundup-mrk-to-buy-xlrn-abbv-gets-fda-nod-for-migraine-drug-more,Zacks Investment Research,0.24545454545454545,0.3181818181818182,positive,0.24545454545454545,False,True,True,False,False,False,False,False,0.0,207,"['SNY', 'AZN', 'GSK', 'JNJ', 'MRK', 'LLY', 'ABBV']",AZN,2021-10-01
"Bank of America turns bearish on European stocks, sees ‘anti-goldilocks’ shift ahead","The worm is about to turn for Europe's economy, warned Bank of America on Friday.  And that's not good news for stocks.",2021-10-01 14:18:00+00:00,https://www.marketwatch.com/story/bank-of-america-turns-bearish-on-european-stocks-sees-anti-goldilocks-shift-ahead-11633097893,MarketWatch,-0.175,0.30000000000000004,negative,0.175,False,False,False,False,False,False,False,False,0.0,205,"['DAX', 'EDF', 'NG', 'AZN', 'AZN']",AZN,2021-10-01
"Why Moderna, Novavax And Other COVID-19 Vaccine Stocks Are Plummeting","The COVID-19 pandemic proved to be a boon for many biopharma companies that benefited from their foray into the development of vaccines and/or treatments against the novel coronavirus. Shares of most of them reached incredibly high valuations even after discounting for the COVID opportunity.
What Happened:  Most COVID-related biopharma stocks are moving sharply lower Friday. Shares of Moderna, Inc. (NASDAQ: MRNA) and othes came under significant selling pressure for most of the week. The weakness was in part due to the broader market sell-off, triggered by higher bond yields and expectations of removal of monetary policy accommodation amid rising inflation.
Additionally, the prospect of the pandemic ending soon is seen as a negative for these companies, which are heavily invested in their ...",2021-10-01 15:14:44+00:00,https://www.benzinga.com/general/biotech/21/10/23195990/why-moderna-novavax-and-other-covid-19-vaccine-stocks-are-plummeting,Benzinga,0.1591666666666667,0.52625,positive,0.1591666666666667,False,False,False,False,False,False,False,False,0.0,874,"['NVAX', 'REGN', 'AZN', 'JNJ', 'MRK', 'PFE', 'MRNA', 'BNTX', 'CVAC']",AZN,2021-10-01
Wall Street Breakfast: The Week Ahead,"Listen on the go! A daily podcast of Wall Street Breakfast will be available by 8:00 a.m. on Seeking Alpha, iTunes, Stitcher and Spotify.",2021-10-03 11:12:24+00:00,https://seekingalpha.com/article/4458205-wall-street-breakfast-week-ahead,Seeking Alpha,0.2,0.2,positive,0.2,False,False,False,False,False,False,False,False,0.0,176,"['GM', 'BOX', 'IBM', 'MO', 'NAPA', 'PEP', 'LOOP', 'AYI', 'STZ', 'LEVI', 'CAG', 'TLRY', 'LW', 'KBH', 'RPM', 'AEE', 'THO', 'AMGN', 'AZN', 'CFRX', 'CARA', 'LYRA', 'LABP', 'KLDO', 'APPN', 'GAN', 'RELL', 'IPAR', 'NKE', 'SONY', 'T', 'ISRG', 'HAS', 'MAT', 'TGT', 'XEC', 'COG', 'MRO', 'LNG', 'TELL']",AZN,2021-10-03
Tracking Baker Brothers Portfolio - Q2 2021 Update,Baker Brothers’ 13F portfolio value decreased from $23.07B to $22.77B this quarter. The top three positions add up to almost ~62% of the portfolio.,2021-10-05 04:54:04+00:00,https://seekingalpha.com/article/4458447-baker-brothers-portfolio-q2-2021-update,Seeking Alpha,0.04999999999999999,0.6,neutral,0.04999999999999999,False,False,False,False,False,False,False,False,0.0,199,"['ABCL', 'ACAD', 'ACHL', 'ADAP', 'ADCT', 'AGLE', 'ALGS', 'ALKS', 'ALLK', 'AMRN', 'APLS', 'ARGX', 'ASND', 'AVTE', 'AXSM', 'BCAB', 'BCEL', 'BCRX', 'BGNE', 'BMRN', 'CERS', 'DBVT', 'DSGN', 'FLGT', 'FMTX', 'GBT', 'HRTX', 'HZNP', 'IGMS', 'IMCR', 'IMTX', 'INCY', 'INSM', 'KNSA', 'KOD', 'KRYS', 'KYMR', 'LEGN', 'MDGL', 'MREO', 'MRTX', 'MRUS', 'NBIX', 'NLTX', 'NRIX', 'NVAX', 'NVTA', 'OPT', 'OTIC', 'PACB', 'PRLD', 'RARE', 'RETA', 'RYTM', 'SGEN', 'TCRX', 'TIL', 'TLIS', 'VERV', 'VSTM', 'AZN']",AZN,2021-10-05
"The Daily Biotech Pulse: J&J Files For Booster Dose Authorization, Gemini Restructures, Strata Skin CFO Departs, Kaleido Reports Positive Readout","Here's a roundup of top developments in the biotech space over the last 24 hours:
Scaling The Peaks
(Biotech Stocks Hitting 52-week Highs Oct. 4)

Avadel Pharmaceuticals plc (NASDAQ: AVDL)
Celldex Therapeutics, Inc. (NASDAQ: CLDX)
Cytokinetics, Incorporated (NASDAQ: CYTK)
Eagle Pharmaceuticals, Inc. (NASDAQ: EGRX)
Horizon Therapeutics Public Limited Company (NASDAQ: HZNP)
Legend Biotech Corporation (NASDAQ: LEGN)
Merck & Co, Inc. (NYSE: MRK)
Opiant Pharmaceuticals, Inc. (NASDAQ: OPNT)
Legend Biotech Corporation (NASDAQ: LEGN)
Xenon Pharmaceuticals Inc. (NASDAQ: XENE) (announced positive midstage trial results for XEN1101 in focal seizure)

Down In The Dumps
(Biotech Stocks Hitting 52-week Lows Oct. 4)

Acutus Medical, Inc. (NASDAQ: AFIB)
Aditxt, Inc. (NASDAQ: ADTX)
Applied Genetic Technologies Corporation (NASDAQ: AGTC)
Aravive, Inc. (NASDAQ: ARAV)
Atai Life Sciences N.V. (NASDAQ: ATAI)
Athenex, Inc. (NASDAQ: ATNX)
Avenue Therapeutics, Inc. (NASDAQ: ATXI)
AVROBIO, Inc. (NASDAQ: AVRO)
Aziyo Biologics, Inc. (NASDAQ: AZYO)
BiondVax Pharmaceuticals Ltd. (NASDAQ: BVXV)
BioSig Technologies, Inc. (NASDAQ: BSGM)
BioVie Inc. (NASDAQ: BIVI)
Black Diamond Therapeutics, Inc. (NASDAQ: BDTX)
Burning Rock Biotech Limited (NASDAQ: BNR)
Cardiovascular Systems, Inc. (NASDAQ: CSII)
Centessa Pharmaceuticals Limited (NASDAQ: CNTA)
Checkmate Pharmaceuticals, Inc. (NASDAQ: CMPI)
Chemomab Therapeutics Ltd. (NASDAQ: CMMB)
China SXT Pharmaceuticals, Inc. (NASDAQ: SXTC)
Clarus Therapeutics Holdings, Inc. (NASDAQ: CRXT)
Cue Health Inc. (NASDAQ: HLTH) (IPOed Sept. 24)
CureVac N.V. (NASDAQ: CVAC)
Eiger BioPharmaceuticals, Inc. (NASDAQ: EIGR)
Eledon Pharmaceuticals, Inc. (NASDAQ: ELDN)
Ensysce Biosciences, Inc. (NASDAQ: ENSC)
Exscientia Limited (NASDAQ: EXAI) (IPOed Friday)
FibroGen, Inc. (NASDAQ: FGEN)
First Wave BioPharma, Inc. (NASDAQ: FWBI)
Galapagos NV (NASDAQ: GLPG)
Galecto, Inc. (NASDAQ: GLTO)
Gamida Cell Ltd. (NASDAQ: GMDA)
Glaukos Corporation (NYSE: GKOS)
Harpoon Therapeutics, Inc. (NASDAQ: HARP)
HCW Biologics Inc. (NASDAQ: HCWB)
Histogen Inc. (NASDAQ: HSTO)
IMARA Inc. (NASDAQ: IMRA)
Immunic, Inc. (NASDAQ: IMUX)
Incyte Corporation (NASDAQ: INCY)
InMed Pharmaceuticals Inc. (NASDAQ: INM)
Jazz Pharmaceuticals plc (NASDAQ: JAZZ)
Kala Pharmaceuticals, Inc. (NASDAQ: KALA)
Kiniksa Pharmaceuticals, Ltd. (NASDAQ: KNSA)
Kintara Therapeutics, Inc. (NASDAQ: KTRA)
Lantern Pharma Inc. (NASDAQ: LTRN)
Liminal BioSciences Inc. (NASDAQ: LMNL)
Lixte Biotechnology Holdings, Inc. (NASDAQ: LIXT)
Minerva Neurosciences, Inc. (NASDAQ: NERV)
Nanobiotix S.A. (NASDAQ: NBTX)
Nautilus Biotechnology, Inc. (NASDAQ: NAUT)
NeuroBo Pharmaceuticals, Inc. (NASDAQ: NRBO)
Omeros Corporation (NASDAQ: OMER)
Onconova Therapeutics, Inc. (NASDAQ: ONTX)
Orchard Therapeutics plc (NASDAQ: ORTX)
Oyster Point Pharma, Inc. (NASDAQ: OYST)
Poseida Therapeutics, Inc. (NASDAQ: PSTX)
Puma Biotechnology, Inc. (NASDAQ: PBYI)
RenovoRx, Inc. (NASDAQ: RNXT)
Rockwell Medical, Inc. (NASDAQ: RMTI)
Roivant Sciences Ltd. (NASDAQ: ROIV) (listed Friday following a SPAC deal)
Silverback Therapeutics, Inc. (NASDAQ: SBTX)
Spectrum Pharmaceuticals, Inc. (NASDAQ: SPPI)
Talis ...",2021-10-05 12:01:44+00:00,https://www.benzinga.com/general/biotech/21/10/23235993/the-daily-biotech-pulse-j-j-files-for-booster-dose-authorization-gemini-restructures-strata-skin-,Benzinga,0.037288059163059176,0.21570165945165945,neutral,0.037288059163059176,False,False,False,False,False,False,True,False,0.0,3290,"['ATAI', 'VRNA', 'TTNP', 'OYST', 'NERV', 'ELDN', 'CLDX', 'ATXI', 'LMNL', 'TTOO', 'GMTX', 'CSII', 'ATNX', 'HZNP', 'BDTX', 'XENE', 'TLIS', 'CYTK', 'KALA', 'KLDO', 'IMRA', 'INM', 'CMMB', 'HLTH', 'UBX', 'TLSA', 'HSTO', 'BSGM', 'CNTA', 'NAUT', 'IBB', 'KNSA', 'PSTX', 'LTRN', 'FGEN', 'ENSC', 'INCY', 'AVRO', 'VECT', 'ADTX', 'XBIT', 'HCWB', 'JAZZ', 'LEGN', 'NRBO', 'AFIB', 'BVXV', 'RNXT', 'OPNT', 'SXTC', 'CMPI', 'CVAC', 'GLPG', 'TYRA', 'RMTI', 'ORTX', 'LIXT', 'KTRA', 'GKOS', 'CRXT', 'SPPI', 'GMDA', 'EXAI', 'VYNE', 'NBRV', 'WVE', 'FWBI', 'VRTX', 'ARAV', 'PBYI', 'AZYO', 'EIGR', 'ROIV', 'AZN', 'TCRR', 'ONTX', 'ORPH', 'SSKN', 'JNJ', 'HARP', 'BNR', 'GLTO', 'BIVI', 'MRK', 'TRVI', 'AGTC', 'SBTX', 'AVDL', 'OMER', 'IMUX', 'EGRX', 'NBTX']",AZN,2021-10-05
AstraZeneca Seeks Emergency Use Nod For COVID-19 Drug To Prevent Infection,"AstraZeneca Plc (NASDAQ: AZN) has filed for an FDA Emergency Use Authorization (EUA) of AZD7442, its long-acting antibody (LAAB) combination, for prophylaxis of symptomatic COVID-19.
The application seeks approval for AZD7442 to prevent COVID-19 for people who respond poorly to vaccines because of a weakened immune system.
Related:",2021-10-05 12:31:09+00:00,https://www.benzinga.com/general/biotech/21/10/23234450/astrazeneca-seeks-emergency-use-nod-for-covid-19-drug-to-prevent-infection,Benzinga,-0.2,0.5,negative,0.2,False,False,True,False,False,False,False,False,0.0,409,['AZN'],AZN,2021-10-05
Why Novavax Sank by Nearly 5% on Tuesday,The company's latest news isn't about advancing its coronavirus vaccine candidate.,2021-10-05 20:24:00+00:00,https://www.fool.com/investing/2021/10/05/why-novavax-sank-by-nearly-5-on-tuesday/,The Motley Fool,0.3,0.65,positive,0.3,False,False,False,False,False,False,False,False,0.0,124,"['NVAX', 'AZN', 'JNJ', 'TAK']",AZN,2021-10-05
Positive news on COVID-19 vaccines and treatments in the U.S. weighs against Russia’s latest record one-day death toll,"A flurry of positive medical news on the coronavirus-borne illness COVID-19 Tuesday was weighing against somber news from Russia, which recorded yet another record one-day death toll to cement its position as the European country with the highest number of fatalities.",2021-10-06 12:21:00+00:00,https://www.marketwatch.com/story/positive-news-on-covid-19-vaccines-and-treatments-in-the-u-s-weighs-against-russias-latest-record-one-day-death-toll-11633444583,MarketWatch,0.19090909090909092,0.39818181818181814,positive,0.19090909090909092,False,False,False,False,False,False,False,False,0.0,388,"['JNJ', 'AZN', 'AZN']",AZN,2021-10-06
Is This The Turning Point for Inovio?,"The biotech's streak of bad luck may be about to end, but risks remain.",2021-10-06 15:15:00+00:00,https://www.fool.com/investing/2021/10/06/is-this-the-turning-point-for-inovio/,The Motley Fool,-0.6999999999999998,0.6666666666666666,negative,0.6999999999999998,False,False,False,False,False,False,False,False,0.0,110,"['INO', 'AZN', 'REGN', 'MRNA']",AZN,2021-10-06
What Do Mix-and-Match Doses Mean for Vaccine Stocks?,It'll likely push the revenue of vaccine victors even further.,2021-10-07 10:35:00+00:00,https://www.fool.com/investing/2021/10/07/what-do-mix-and-match-doses-mean-for-vaccine-stock/,The Motley Fool,-0.10416666666666667,0.7291666666666666,negative,0.10416666666666667,True,False,False,False,False,False,False,False,0.0,116,"['MRNA', 'PFE', 'JNJ', 'AZN', 'NVAX']",AZN,2021-10-07
Should You Invest in the VanEck Pharmaceutical ETF (PPH)?,Sector ETF report for PPH,2021-10-07 15:50:08+00:00,https://www.zacks.com/stock/news/1807479/should-you-invest-in-the-vaneck-pharmaceutical-etf-pph,Zacks Investment Research,0.0,0.0,neutral,0.0,False,False,True,False,False,False,False,False,0.0,84,"['PPH', 'AZN', 'BMY', 'MRK', 'PJP', 'IHE']",AZN,2021-10-07
"News that children could soon be eligible for Pfizer-BioNTech vaccine cheers parents, as Biden pushes vaccine requirements in Chicago",There was encouraging news for parents on Thursday when Pfizer and German partner BioNTech said they have submitted an application for emergency use authorization for their COVID-19 vaccine in children between the ages of 5 and 11 years old.,2021-10-07 18:32:00+00:00,https://www.marketwatch.com/story/hopes-that-children-will-soon-be-eligible-for-pfizer-and-biontech-vaccine-cheer-parents-and-biden-pushes-vaccine-requirements-in-chicago-11633618004,MarketWatch,0.05,0.1,neutral,0.05,False,False,False,False,False,False,False,False,0.0,376,"['PFE', 'BNTX', 'MRNA', 'AZN', 'AZN']",AZN,2021-10-07
Why New COVID-19 Vaccination-Related Rules In This Australian State Have Small Businesses Worried,"With the state of New South Wales, including capital Sydney, officially marking an end to its 106-day lockdown, certain small business owners have decided to remain closed, with restaurants only offering takeaway services.
The decision was made in response to the new mandate in place, which states that those who are fully vaccinated would be able to able to enter certain venues such as restaurants, retail stores, ...",2021-10-11 05:35:37+00:00,https://www.benzinga.com/news/21/10/23313132/why-new-covid-19-vaccination-related-rules-in-this-australian-state-have-small-businesses-worried,Benzinga,0.09520479520479519,0.47357642357642354,neutral,0.09520479520479519,False,False,False,False,False,False,False,False,0.0,519,"['AZN', 'PFE', 'MRNA']",AZN,2021-10-11
Why the new SEC sheriff could be trouble for companies like Tesla,"Our call of the day is from Kevin Muir, the editor behind the MacroTourist newsletter. He says markets may be underestimating the force of the new SEC boss.",2021-10-11 11:18:00+00:00,https://www.marketwatch.com/story/why-the-new-sec-sheriff-could-be-trouble-for-companies-like-tesla-11633951083,MarketWatch,-0.08787878787878789,0.5015151515151515,neutral,0.08787878787878789,False,False,True,False,False,False,False,False,0.0,223,"['TSLA', 'COIN', 'BLK', 'JPM', 'DAL', 'BAC', 'WFC', 'C', 'GS', 'MS', 'UNH', 'MRK', 'AZN', 'AZN', 'LUV', 'BABA', 'JD', 'IQ', 'BIDU', 'BILI', 'TWTR']",AZN,2021-10-11
Allowing people to mix COVID-19 vaccines could cut into Pfizer and Moderna’s revenue next year,Expect to see data this month from several clinical trials that are trying to establish if “mixing and matching” different COVID-19 vaccines is safe and effective or if it’s better to get the same booster as the one used in the primary series of shots.,2021-10-11 12:07:00+00:00,https://www.marketwatch.com/story/allowing-people-to-mix-covid-19-vaccines-could-cut-into-pfizer-and-modernas-revenue-next-year-11633540022,MarketWatch,0.25,0.37812500000000004,positive,0.25,True,False,False,False,False,False,False,False,0.0,348,"['AZN', 'AZN', 'JNJ', 'MRNA', 'PFE', 'BNTX', 'SNY', 'NVAX', 'VALN']",AZN,2021-10-11
Here's How Much a $1000 Investment in Horizon Therapeutics Made 10 Years Ago Would Be Worth Today,,2021-10-11 12:30:00+00:00,https://www.investing.com/analysis/heres-how-much-a-1000-investment-in-horizon-therapeutics-made-10-years-ago-would-be-worth-today-200604663,Investing.com,0.25,0.15000000000000002,positive,0.25,False,False,False,False,False,False,False,False,0.0,99,"['HZNP', 'AZN', 'UBER']",AZN,2021-10-11
AstraZeneca (AZN) COVID-19 Antibody Meets Goal in TACKLE Study,AstraZeneca (AZN) posts positive results from the phase III TACKLE study on the AZD7442 combo for treating mild-to-moderate COVID-19 in the outpatient setting. The study has met its primary endpoint.,2021-10-11 15:13:00+00:00,https://www.zacks.com/stock/news/1809245/astrazeneca-azn-covid-19-antibody-meets-goal-in-tackle-study,Zacks Investment Research,0.31363636363636366,0.5227272727272727,positive,0.31363636363636366,False,False,False,False,False,False,False,False,0.0,263,"['AZN', 'GSK', 'AMGN', 'VIR']",AZN,2021-10-11
"Merck seeks authorization for what would be first pill to treat COVID-19, and AstraZeneca reports positive results for antibody treatment","The global tally of confirmed cases of the coronavirus-borne illness COVID-19 climbed above 238 million on Monday, as Merck submitted an application to the Food and Drug Administration for emergency authorization of what would be the first pill-based treatment for the deadly illness.",2021-10-12 10:14:00+00:00,https://www.marketwatch.com/story/merck-seeks-authorization-for-what-would-be-first-pill-to-treat-covid-19-and-astrazeneca-reports-positive-results-for-antibody-treatment-11633963392,MarketWatch,0.13246753246753248,0.3874458874458874,positive,0.13246753246753248,False,False,False,False,False,False,False,False,0.0,423,"['MRK', 'AZN', 'AZN', 'MRNA', 'JNJ', 'PFE']",AZN,2021-10-12
"The Daily Biotech Pulse: NRx Stitches COVID-19 Drug Partnership, Protara Gets Nod For Starting Bladder Cancer Study, IGM Moves Beyond Oncology","Here's a roundup of top developments in the biotech space over the last 24 hours:
Scaling The Peaks
(Biotech Stocks Hitting 52-week Highs Oct. 11)

AstraZeneca Plc (NASDAQ: AZN) (announced  positive data for COVID-19 antibody treatment)
Bicycle Therapeutics plc (NASDAQ: BCYC)
Enanta Pharmaceuticals, Inc. (NASDAQ: ENTA)
Itamar Medical Ltd. (NASDAQ: ITMR)
Legend Biotech Corporation (NASDAQ: LEGN)
Merus N.V. (NASDAQ: MRUS)
Zentalis Pharmaceuticals, Inc. (NASDAQ: ZNTL)

Down In The Dumps
(Biotech Stocks Hitting 52-week Lows Oct. 12)

Absci Corporation (NASDAQ: ABSI)
Acutus Medical, Inc. (NASDAQ: AFIB)
Addex Therapeutics Ltd (NASDAQ: ADXN)
ADMA Biologics, Inc. (NASDAQ: ADMA)
Allogene Therapeutics, Inc. (NASDAQ: ALLO)
Ambrx Biopharma Inc. (NYSE: AMAM)
Amgen Inc. (NASDAQ: AMGN)
Applied Genetic Technologies Corporation (NASDAQ: AGTC)
Applied Molecular Transport Inc. (NASDAQ: AMTI)
Athenex, Inc. (NASDAQ: ATNX) (provided positive update from Type A meeting with the Food and Drug Administration regarding approval of breast cancer drug)
Axcella Health Inc. (NASDAQ: AXLA)
Aytu Biopharma, Inc. (NASDAQ: AYTU)
BiondVax Pharmaceuticals Ltd. (NASDAQ: BVXV)
BioSig Technologies, Inc. (NASDAQ: BSGM)
BioVie Inc. (NASDAQ: BIVI)
Cardiovascular Systems, Inc. (NASDAQ: CSII)
Centessa Pharmaceuticals Limited (NASDAQ: CNTA)
Century Therapeutics, Inc. (NASDAQ: IPSC)
Chemomab Therapeutics Ltd. (NASDAQ: CMMB)
DICE Therapeutics, Inc. (NASDAQ: DICE)
Diffusion Pharmaceuticals Inc. (NASDAQ: DFFN)
Eliem Therapeutics, Inc. (NASDAQ: ELYM)
Exscientia Holdings Limited (NASDAQ: EXAI) (IPOed Oct. 1)
Forma Therapeutics Holdings, Inc. (NASDAQ: FMTX)
Frequency Therapeutics, Inc. (NASDAQ: FREQ)
Gain Therapeutics, Inc. (NASDAQ: GANX)
GBS Inc. (NASDAQ: GBS)
Glaukos Corporation (NYSE: GKOS)
Guardion Health Sciences, Inc. (NASDAQ: GHSI)
Harpoon Therapeutics, Inc. (NASDAQ: HARP)
HOOKIPA Pharma Inc. (NASDAQ: HOOK)
IN8bio, Inc. (NASDAQ: INAB)
IsoPlexis Corporation (NASDAQ: ISO) (IPOed Friday)
Jasper Therapeutics, Inc. (NASDAQ: JSPR)
Kala Pharmaceuticals, Inc. (NASDAQ: KALA)
Kamada Ltd. (NASDAQ: KMDA)
Kiromic BioPharma, Inc. (NASDAQ: KRBP) (announced strategic collaboration to advance its first allogeneic CAR-T clinical trial candidate, Alexis ISO-1)
Kronos Bio, Inc. (NASDAQ: KRON)
Mustang Bio, Inc. (NASDAQ: MBIO)
Nautilus Biotechnology, Inc. (NASDAQ: NAUT)
NeuroBo Pharmaceuticals, Inc. (NASDAQ: NRBO)
NRx Pharmaceuticals, Inc. (NASDAQ: NRXP)
Omeros Corporation (NASDAQ: OMER)
OncoSec Medical Incorporated (NASDAQ: ONCS)
Orchard Therapeutics plc (NASDAQ: ORTX)
Pacira BioSciences, Inc. (NASDAQ: PCRX) - announced deal to acquire Flexion Therapeutics, Inc. (NASDAQ: FLXN) to expand non-opioid pain drug portfolio
Petros Pharmaceuticals, Inc. (NASDAQ: PTPI)
Pharming Group N.V. (NASDAQ: PHAR)
Poseida Therapeutics, Inc. (NASDAQ: PSTX)
Prelude Therapeutics Incorporated (NASDAQ: PRLD)
Pulmatrix, Inc. (NASDAQ: PULM)
Pyxis Oncology, Inc. (NASDAQ: PYXS) (IPOed Friday)
Rain Therapeutics Inc. (NASDAQ: RAIN)
Recursion Pharmaceuticals, Inc. (NASDAQ: RXRX)
Repare Therapeutics Inc. (NASDAQ: RPTX)
Rhythm Pharmaceuticals, Inc. (NASDAQ:",2021-10-12 12:13:34+00:00,https://www.benzinga.com/general/biotech/21/10/23330750/the-daily-biotech-pulse-nrx-stitches-covid-19-drug-partnership-protara-gets-nod-for-starting-blad,Benzinga,0.06970251970251971,0.20503940503940504,neutral,0.06970251970251971,False,True,True,True,False,False,False,False,0.0,3258,"['DFFN', 'INAB', 'AMGN', 'ITMR', 'EXAI', 'KRON', 'CRSP', 'ELYM', 'CSII', 'AXLA', 'ENTA', 'KRBP', 'SBTX', 'BIVI', 'DICE', 'GERN', 'BCYC', 'KMDA', 'PTPI', 'ATNX', 'JSPR', 'HOOK', 'INBX', 'AERI', 'GBS', 'KALA', 'PYXS', 'IBB', 'IGMS', 'AGTC', 'LHDX', 'MBIO', 'AZN', 'TFFP', 'FLXN', 'TLIS', 'DCPH', 'BMY', 'FREQ', 'TTOO', 'GANX', 'IPSC', 'ENZ', 'TARA', 'RYTM', 'BSGM', 'CMMB', 'ISO', 'GSK', 'ADXN', 'ADMA', 'RXRX', 'XERS', 'OMER', 'ZNTL', 'BVXV', 'NRXP', 'LEGN', 'TTNP', 'AMTI', 'PULM', 'CNTA', 'ALLO', 'PCRX', 'FMTX', 'GKOS', 'NAUT', 'ORTX', 'ONCS', 'RPTX', 'MRUS', 'AMAM', 'GHSI', 'PSTX', 'RLAY', 'AYTU', 'ABSI', 'OTLK', 'PHAR', 'AFIB', 'RAIN', 'SGHT', 'HARP', 'NRBO', 'PRLD']",AZN,2021-10-12
Novavax (NVAX) Concentrates on COVID-19 Vaccine Development,"While Novavax's (NVAX) COVID-19 vaccine shows potential, delay in regulatory filings in both the United States and Europe does not bode well for the stock.",2021-10-13 14:08:00+00:00,https://www.zacks.com/stock/news/1810041/novavax-nvax-concentrates-on-covid-19-vaccine-development,Zacks Investment Research,0.0,1.0,neutral,0.0,False,False,True,False,False,False,False,False,0.0,216,"['AZN', 'PFE', 'MRNA', 'NVAX']",AZN,2021-10-13
Is AstraZeneca Set to Soar With an Advanced Breast Cancer Treatment?,"It may not be a matter of if, but a matter of how high.",2021-10-14 12:10:00+00:00,https://www.fool.com/investing/2021/10/14/is-astrazeneca-set-to-soar-with-an-advanced-breast/,The Motley Fool,0.28,0.57,positive,0.28,False,False,False,False,False,False,False,False,0.0,125,['AZN'],AZN,2021-10-14
2 Penny Stocks That Could Soar Soon,These two tiny drugmakers might be hidden gems.,2021-10-14 14:00:00+00:00,https://www.fool.com/investing/2021/10/14/2-penny-stocks-that-could-soar/,The Motley Fool,-0.08333333333333333,0.41666666666666663,neutral,0.08333333333333333,False,False,False,False,False,False,False,False,0.0,84,"['PIRS', 'AZN', 'SGEN', 'BGNE', 'LPTX']",AZN,2021-10-14
Here's Why Astrazeneca (AZN) is a Strong Momentum Stock,"Wondering how to pick strong, market-beating stocks for your investment portfolio? Look no further than the Zacks Style Scores.",2021-10-14 14:00:04+00:00,https://www.zacks.com/stock/news/1810570/heres-why-astrazeneca-azn-is-a-strong-momentum-stock,Zacks Investment Research,0.28888888888888886,0.6555555555555556,positive,0.28888888888888886,False,False,False,False,False,False,False,False,0.0,184,['AZN'],AZN,2021-10-14
The Smartest Stocks to Buy With $200 Right Now,A relatively small amount of money invested in great businesses can generate sizable returns over the long run.,2021-10-15 09:51:00+00:00,https://www.fool.com/investing/2021/10/15/the-smartest-stocks-to-buy-with-200-right-now/,The Motley Fool,0.19642857142857142,0.5214285714285715,positive,0.19642857142857142,False,True,False,False,False,False,False,False,0.0,159,"['NEE', 'F', 'AZN']",AZN,2021-10-15
"The Daily Biotech Pulse: Moderna's Booster Shot Gets FDA Panel Backing, Decision Day For Avadel, Silence Therapeutics Strikes Licensing Deal, MiNK IPO","Here's a roundup of top developments in the biotech space over the last 24 hours.
Stocks In Focus
Adcom Recommends Approval Of Moderna's COVID-19 Vaccine Booster Shot For Use In Select Population
Moderna, Inc. (NASDAQ: MRNA) confirmed the U.S. Food and Drug Administration's Vaccines and Related Biological Products Advisory Committee recommended that the FDA grant an emergency use authorization for a booster dose of its COVID-19 vaccine at the 50 µg dose level for people aged 65 and older; people aged 18 to 64 who are at high risk of severe COVID-19; and people aged 18 to 64 whose exposure to COVID-19 puts them at risk for COVID-19 complications or severe illness.
The positive vote was unanimous with 19 VRBPAC members recommending the EUA. The booster dose is to be administered at least six months after completion of the primary series.
This recommendation is in line with prior VRBPAC vote favoring a third dose of Pfizer, Inc. (NYSE: PFE)/BioNTech's (NASDAQ: BNTX) Comirnaty  in the same population
Moderna shares were adding 2.93% to $341.59 in premarket trading.
Click  here  for accessing Benzinga's FDA Calendar
AstraZeneca Announces Positive Phase 3 Data For Imfinzi Combo In Liver Cancer
AstraZeneca plc (NASDAQ: AZN) announced positive high-level results from the HIMALAYA Phase 3 trial that showed a single, high priming dose of tremelimumab added to Imfinzi demonstrated a statistically significant and clinically meaningful overall survival benefit versus Bayer's (OTC: BAYRY) sorafenib as a first-line treatment for patients with unresectable hepatocellular carcinoma, who had not ...",2021-10-15 11:44:03+00:00,https://www.benzinga.com/general/biotech/21/10/23391672/the-daily-biotech-pulse-modernas-booster-shot-gets-fda-panel-backing-decision-day-for-avadel-sile,Benzinga,0.11617635987201204,0.38394127611518913,positive,0.11617635987201204,False,False,True,False,True,False,False,False,0.0,1760,"['IBB', 'AZN', 'EBS', 'JNJ', 'PFE', 'BMRA', 'SNOA', 'AVDL', 'SLN', 'MRNA', 'BNTX', 'AMTI', 'LVTX']",AZN,2021-10-15
Will AstraZeneca Have a Big Market for Its COVID-19 Therapy?,Probably not.,2021-10-16 12:01:00+00:00,https://www.fool.com/investing/2021/10/16/will-astrazeneca-have-a-big-market-for-its-covid-1/,The Motley Fool,0.0,0.1,neutral,0.0,False,False,False,False,False,False,False,False,0.0,75,['AZN'],AZN,2021-10-16
Here's 'one of the most bullish signals' ever for bitcoin that many investors may have missed,"Our call of the day from Jim Bianco sees one big reason for bitcoin's recent climb, as investors wait for news of an ETF. And here's a bullish bitcoin chart.",2021-10-18 11:10:00+00:00,https://www.marketwatch.com/story/heres-one-of-the-most-bullish-signals-ever-for-bitcoin-that-many-investors-may-have-missed-11634555398,MarketWatch,0.25,0.3375,positive,0.25,False,False,False,False,False,False,False,False,0.0,252,"['TWTR', 'SQ', 'STT', 'JNJ', 'NFLX', 'TSLA', 'BIIB', 'Z', 'VALN', 'AZN', 'AZN']",AZN,2021-10-18
Valneva shares spike after saying vaccine candidate outperformed AstraZeneca's,Valneva's wild stock-price rise continued on Monday after the French biotech said its coronavirus vaccine candidate outperformed AstraZeneca's in a trial.,2021-10-18 11:25:00+00:00,https://www.marketwatch.com/story/valneva-shares-spike-after-saying-vaccine-candidate-outperformed-astrazenecas-11634547969,MarketWatch,0.05,0.2,neutral,0.05,False,False,False,False,False,False,False,False,0.0,234,"['VALN', 'AZN', 'DVAX', 'MC', 'DAX', 'THG']",AZN,2021-10-18
2 Best Biotech Stocks to Buy Right Now,"These dividend stocks provide sustainable and growing dividends, which are nearly triple the S&P 500's yield.",2021-10-18 11:30:00+00:00,https://www.fool.com/investing/2021/10/18/2-best-biotech-stocks-to-buy-right-now/,The Motley Fool,0.4619047619047619,0.41190476190476194,positive,0.4619047619047619,False,True,False,False,False,True,False,False,0.0,149,"['MRK', 'JNJ', 'BMY', 'AMGN', 'AZN', 'REGN', 'ABBV', 'XLRN']",AZN,2021-10-18
Why Are Valneva's Shares Trading Higher Monday Premarket?,"Valneva SE's (NASDAQ: VALN) COVID-19 vaccine elicits a robust immune response with far fewer side effects than the Oxford/AstraZeneca plc's (NASDAQ: AZN) jab, according to Phase 3 trial results.
Valneva said its latest trial, Cov-Compare, included around 4,000 participants aged 18 and older across 26 trial sites.
Related: Valneva Shares Plunge As UK Terminates COVID-19 Vaccine Contract: What You Need To ...",2021-10-18 11:58:07+00:00,https://www.benzinga.com/general/biotech/21/10/23412160/why-are-valnevas-shares-trading-higher-monday-premarket,Benzinga,0.15277777777777776,0.5888888888888889,positive,0.15277777777777776,False,False,False,False,False,False,False,False,0.0,469,"['DVAX', 'AZN', 'VALN']",AZN,2021-10-18
These 2 Nasdaq Biotechs Are Making Huge Premarket Moves Monday,The Nasdaq looks poised to open slightly lower after a strong week.,2021-10-18 12:44:00+00:00,https://www.fool.com/investing/2021/10/18/these-2-nasdaq-biotechs-are-making-huge-pre-market/,The Motley Fool,0.16666666666666669,0.575,positive,0.16666666666666669,False,False,False,False,False,False,False,False,0.0,131,"['VALN', 'AZN', 'RVNC']",AZN,2021-10-18
"Earnings Season Continues with State Street, Albertsons, and Sandvik Announcing on Monday Morning","Stocks appear to be pausing as rates start to rise. Before the U.S. markets opened, short-term U.S. Treasury yields were rising. The five-year yields rose to their highest levels in 20 months per Reuters. The rise appears to be driven by hedge funds increasing their bearish positions on two- and five-year Treasuries while increasing their bullish positions on the 10-year Treasuries.
The Financial Times reported that the Bank of England governor Andrew Bailey warned that the BoE may have to start raising rates to curb inflation. While he gave no indication when rate hikes could happen, the English bond markets appear to be pricing in a hike in early 2022.
Crude oil (/CL) is testing the $83 level as it looks to add to its streak of eight straight weeks of gains. The commodity ended last week 3% higher. Rising oil price may pull interest rates even higher.  
Looking at the stock market news, online real estate company Zillow (NASDAQ: ZG) is trading 6.1% lower in premarket trading. The company told Bloomberg that it won’t purchase homes for the rest of the year because it’s “beyond operational capacity”. In the previous few years, the company moved beyond reporting housing prices and started buying and selling or “flipping” homes. The company claimed “overwhelming” demand is prompting the stoppage.  
In other negative news, Disney (NYSE: DIS) fell 1.74% in premarket trading after Barclays cut its rating on the stock. Barclays analyst cited significant slowing as the reason for the downgrade.
French biotech company Valneva (EPA: VLA) shot up 39% before the open on its claim that their COVID-19 vaccine candidate outperformed AstraZeneca’s (NASDAQ: AZN) in its Phase 3 study. Meanwhile, Moderna (NASDAQ: MRNA) is trading lower after the FDA delayed a decision to make their vaccine available to adolescents.
In earnings news, State Street (NYSE: STT) picked up where some of the other Financial stocks left off last week, by announcing better than expected earnings and revenue. Grocery chain Albertsons (NYSE: ACI) rose 5% in premarket trading after beating analysts’ estimates on revenue and earnings. The company also increased its dividend by two cents per share. Industrials stock Sandvik (OTCMKTS: SDVKY) also beat analysts’ ...",2021-10-18 14:14:25+00:00,https://www.benzinga.com/news/earnings/21/10/23420982/earnings-season-continues-with-state-street-albertsons-and-sandvik-announcing-on-monday-morning,Benzinga,0.08685897435897436,0.3894230769230769,neutral,0.08685897435897436,True,True,True,False,False,True,False,False,0.0,2354,"['ZG', 'JBHT', 'DSKE', 'ODFL', 'MRNA', 'PTSI', 'CVLG', 'SAIA', 'ACI', 'AZN', 'CAT', 'CSX', 'DE', 'DIS', 'KSU', 'NSC', 'STT', 'TEX', 'UNP', 'GATX']",AZN,2021-10-18
Apellis (APLS) Gets CHMP Nod for Rare Blood Disorder Drug,The CHMP gives a positive opinion on and recommends granting marketing authorization to Apellis' (APLS) Aspaveli for the treatment of adults with paroxysmal nocturnal hemoglobinuria.,2021-10-18 14:17:00+00:00,https://www.zacks.com/stock/news/1811670/apellis-apls-gets-chmp-nod-for-rare-blood-disorder-drug,Zacks Investment Research,0.2636363636363636,0.7227272727272727,positive,0.2636363636363636,False,False,False,False,False,False,False,False,0.0,241,"['AZN', 'ICPT', 'ATNX', 'APLS']",AZN,2021-10-18
Roche's (RHHBY) Tecentriq Gets FDA Nod for Another Indication,Roche (RHHBY) immuno-oncology drug Tecentriq gets FDA approval for yet another indication of lung cancer.,2021-10-18 14:43:00+00:00,https://www.zacks.com/stock/news/1811748/roches-rhhby-tecentriq-gets-fda-nod-for-another-indication,Zacks Investment Research,0.0,0.0,neutral,0.0,False,False,True,False,False,False,False,False,0.0,168,"['AZN', 'BMY', 'MRK']",AZN,2021-10-18
"U.S. may soon authorize boosters for all 3 in-use vaccines, as experts renew plea for unvaccinated to get their shots","A Food and Drug Administration advisory committee voted unanimously Friday that allowing adults who were initially vaccinated with the Johnson & Johnson one-dose vaccine against COVID-19 to get a booster is safe and effective, freeing the way for the agency to authorize its use.",2021-10-18 19:00:00+00:00,https://www.marketwatch.com/story/u-s-may-soon-authorize-boosters-for-all-3-in-use-vaccines-as-experts-renew-plea-for-unvaccinated-to-get-their-shots-11634573238,MarketWatch,0.3666666666666667,0.43333333333333335,positive,0.3666666666666667,False,False,False,False,False,False,False,False,0.0,398,"['PFE', 'BNTX', 'MRNA', 'JNJ', 'AZN', 'AZN', 'VALN']",AZN,2021-10-18
"AstraZeneca, Unilever Tumble As FTSE 100 Struggles With Rising Energy Prices","Shares of COVID-19 vaccine maker AstraZeneca PLC (NASDAQ: AZN) along with other multinational British companies such as Unilever PLC (NYSE: UL), Diageo PLC (NYSE: DEO), HSBC Holdings PLC (NYSE: HSBC), and Royal Dutch Shell PLC (NYSE: RDS-A), all experienced a drop in their stock prices on Monday as the ongoing energy crisis consumes Britain. 
What Happened: The FTSE 100 exchange in London traded  30.2 points down from Friday's close of 7,234.03 at the time of writing on Monday, representing a drop of 0.4%. A large reason for the drop ...",2021-10-19 09:46:04+00:00,https://www.benzinga.com/news/21/10/23433584/astrazeneca-unilever-tumble-as-ftse-100-struggles-with-rising-energy-prices,Benzinga,0.1222883597883598,0.41541005291005284,positive,0.1222883597883598,False,False,False,False,False,False,False,False,0.0,621,"['AZN', 'DEO', 'UL']",AZN,2021-10-19
Valneva (VALN) Reports Positive Data From COVID Vaccine Study,Valneva's (VALN) shares surge after its COVID vaccine demonstrates superiority over AstraZeneca's COVID vaccine in a phase III study.,2021-10-19 14:44:00+00:00,https://www.zacks.com/stock/news/1812546/valneva-valn-reports-positive-data-from-covid-vaccine-study,Zacks Investment Research,0.22727272727272727,0.5454545454545454,positive,0.22727272727272727,False,False,False,False,False,False,False,False,0.0,196,"['AZN', 'PFE', 'MRNA', 'VALN']",AZN,2021-10-19
Novavax Shares Plunge To Lowest Levels Since Mid-May As COVID-19 Vaccine Woes Continue,"Shares of Novavax, Inc. (NASDAQ: NVAX), which is facing an inordinate delay in getting authorization for its COVID-19 vaccine, are moving sharply lower Wednesday.
Novavax Reportedly Facing Concerning Manufacturing Issues: Amid the delay in authorization, reports suggest the company is facing issues with the purity of the vaccine candidate.
The method Novavax uses to test the purity of the vaccine has fallen short of the standards of the Food and Drug Administration, Politico reported citing people familiar with the matter. Reportedly, the company hasn't been able to prove that it can produce a vaccine that is ""consistently up to snuff.""
FDA guidance issued in June 2020 mandates each batch of vaccine should attain at least 90% purity, while Novavax has been able to show purity levels of only around 70%, the ...",2021-10-20 09:44:53+00:00,https://www.benzinga.com/general/biotech/21/10/23456857/novavax-shares-plunge-to-lowest-levels-since-mid-may-as-covid-19-vaccine-woes-continue,Benzinga,0.15,0.5562499999999999,positive,0.15,False,False,True,False,False,False,False,False,0.0,909,"['NVAX', 'AZN', 'PFE', 'BNTX']",AZN,2021-10-20
Could This Beaten-Down Biotech Stock Be the Next Buyout Target?,This gene-therapy specialist may need some help turning things around.,2021-10-20 10:25:00+00:00,https://www.fool.com/investing/2021/10/20/could-this-biotech-stock-be-the-next-buyout-target/,The Motley Fool,0.0,0.0,neutral,0.0,False,True,False,False,False,False,False,False,0.0,135,"['BLUE', 'BMY', 'AZN', 'ABBV']",AZN,2021-10-20
Is JPMorgan Diversified Return International Equity ETF (JPIN) a Strong ETF Right Now?,Smart Beta ETF report for JPIN,2021-10-20 14:50:56+00:00,https://www.zacks.com/stock/news/1813319/is-jpmorgan-diversified-return-international-equity-etf-jpin-a-strong-etf-right-now,Zacks Investment Research,0.2333333333333333,0.47797619047619044,positive,0.2333333333333333,False,False,False,False,False,False,False,False,0.0,118,"['JPIN', 'AZN', 'VEA', 'VXUS', 'AUTO']",AZN,2021-10-20
Apellis (APLS) Gets CHMP Nod for Rare Blood Disorder Drug (Revised),The CHMP gives a positive opinion on and recommends granting marketing authorization to Apellis' (APLS) Aspaveli for the treatment of adults with paroxysmal nocturnal hemoglobinuria.,2021-10-21 06:21:00+00:00,https://www.zacks.com/stock/news/1813841/apellis-apls-gets-chmp-nod-for-rare-blood-disorder-drug-revised,Zacks Investment Research,0.2636363636363636,0.7227272727272727,positive,0.2636363636363636,False,False,False,False,False,False,False,False,0.0,251,"['AZN', 'ICPT', 'ATNX', 'APLS']",AZN,2021-10-21
Roche's (RHHBY) Tecentriq Gets FDA Nod for Another Indication (Revised),Roche (RHHBY) immuno-oncology drug Tecentriq gets FDA approval for yet another indication of lung cancer.,2021-10-21 06:49:00+00:00,https://www.zacks.com/stock/news/1813844/roches-rhhby-tecentriq-gets-fda-nod-for-another-indication-revised,Zacks Investment Research,0.0,0.0,neutral,0.0,False,False,True,False,False,False,False,False,0.0,178,"['AZN', 'BMY', 'MRK']",AZN,2021-10-21
2 COVID Stocks I'd Consider Instead of Moderna,Moderna has likely peaked. There are much safer growth stocks to buy right now.,2021-10-21 14:00:00+00:00,https://www.fool.com/investing/2021/10/21/2-covid-stocks-id-consider-instead-of-moderna/,The Motley Fool,0.1619047619047619,0.5785714285714286,positive,0.1619047619047619,False,True,False,False,False,False,False,False,0.0,127,"['AZN', 'MRK', 'MRNA']",AZN,2021-10-21
Will Merck's COVID-19 Pill Sink Regeneron's and Eli Lilly's Antibody Therapy Sales?,Molnupiravir seems likely to shake up the COVID-19 antibody therapy market.,2021-10-22 10:31:00+00:00,https://www.fool.com/investing/2021/10/22/will-mercks-covid-19-pill-sink-regenerons-and-eli/,The Motley Fool,0.0,1.0,neutral,0.0,False,False,False,False,False,False,False,False,0.0,160,"['MRK', 'AZN', 'LLY', 'REGN']",AZN,2021-10-22
Can AstraZeneca's COVID Antibody Therapy Win Against Regeneron and Eli Lilly?,AstraZeneca's therapy could have at least one major advantage.,2021-10-23 11:01:00+00:00,https://www.fool.com/investing/2021/10/23/can-astrazenecas-covid-antibody-therapy-win-agains/,The Motley Fool,0.1875,0.43333333333333335,positive,0.1875,False,False,False,False,False,False,False,False,0.0,141,"['AZN', 'JNJ', 'LLY', 'REGN', 'GSK', 'VIR']",AZN,2021-10-23
Merck (MRK) to Report Q3 Earnings: What's in the Cards?,"Investor focus is likely to be on the sales of Merck's (MRK) blockbuster oncology medicine, Keytruda, when the company reports Q3 earnings.",2021-10-25 15:35:00+00:00,https://www.zacks.com/stock/news/1815932/merck-mrk-to-report-q3-earnings-whats-in-the-cards,Zacks Investment Research,0.0,1.0,neutral,0.0,True,False,False,False,False,False,False,False,0.0,196,"['AZN', 'PFE', 'MRK', 'XLRN']",AZN,2021-10-25
"The Daily Biotech Pulse: Moderna Gains On Vaccine News, Novartis Reports Q3 Beat, Adcom Reviews Authorization Of Pfizer-BioNTech's Vaccine For Children","Here's a roundup of top developments in the biotech space over the last 24 hours:
Stocks In Focus
Anaptys Sells Royalties Due On Cancer Drug Jemperli To Sagard For $250M
AnaptysBio, Inc. (NASDAQ: ANAB) announced the signing of an agreement with Sagard Healthcare Royalty Partners to monetize a portion of its future Jemperli royalties and milestones. AnaptysBio said it intends to utilize the proceeds of the transaction towards funding of its wholly owned preclinical and clinical-stage antibody programs.
Sagard will pay AnaptysBio $250 million upfront in exchange for royalties payable to AnaptysBio under its GlaxoSmithKline plc (NYSE: GSK) collaboration on annual global net sales of Jemperli below $1 billion starting October 2021. The royalty rate applicable below the $1-billion annual net sales threshold is 8%.
Sagard may also receive up to a total of $105 million in potential cash milestones, of which $15 million are subject to certain future Jemperli regulatory filing and approval milestones and up to $90 million are subject to certain commercial sales milestones due prior to Jemperli achieving the $1 billion in annual global net sales threshold.
The stock was advancing 3.28% to $29.95 in premarket trading.
Moderna's Booster Dose Gets EMA Committee's Backing, Biopharma Strikes Deal To Supply 110M Doses To Africa
Moderna, Inc. (NASDAQ: MRNA) said the European Medicines Agency's Committee for Medicinal Products for Human Use has concluded that a booster dose of Spikevax, Moderna's vaccine against COVID-19, at the 50 µg dose level may be considered in people aged 18 years and older at least six months after completion of the primary series.
Moderna's booster shot is already  authorized  in the U.S.
Separately, the company announced a new memorandum of understanding to make up to 110 million doses of the Moderna COVID-19 vaccine available to the African Union. The company said it is prepared to deliver the first 15 million doses in the fourth quarter of 2021, 35 million doses in the first quarter of 2022 and up to 60 million doses in second ...",2021-10-26 12:30:47+00:00,https://www.benzinga.com/general/biotech/21/10/23553558/the-daily-biotech-pulse-moderna-gains-on-vaccine-news-novartis-reports-q3-beat-adcom-reviews-auth,Benzinga,0.04553730583142348,0.24943340972752742,neutral,0.04553730583142348,False,False,True,False,True,False,False,False,0.0,2229,"['NBTX', 'GILD', 'FDMT', 'IBB', 'AZN', 'GSK', 'LLY', 'MDT', 'MRK', 'NVS', 'PFE', 'SQZ', 'ANAB', 'MYOV', 'MRNA', 'BNTX', 'NMTR', 'AZYO']",AZN,2021-10-26
"Merck (MRK) Beats on Q3 Earnings & Sales, Ups 2021 View",Merck (MRK) beats Q3 estimates for earnings and sales. It raises financial guidance for 2021. The stock moves up in the pre-market trading session.,2021-10-28 14:37:00+00:00,https://www.zacks.com/stock/news/1818764/merck-mrk-beats-on-q3-earnings-sales-ups-2021-view,Zacks Investment Research,0.0,0.0,neutral,0.0,True,False,False,False,False,False,False,False,0.0,204,"['AZN', 'MRK', 'VRTX', 'XLRN']",AZN,2021-10-28
Millions Of JNJ COVID-19 Shots Sit Idle At Emergent's Baltimore Plant: Reuters,"Around 30 million to 50 million doses of Johnson & Johnson's (NYSE: JNJ) COVID-19 vaccine manufactured earlier this year sit idle in Emergent BioSolutions Inc's (NYSE: EBS) Baltimore plant, Reuters reported citing two sources familiar with the matter.
Emergent said that it is waiting for FDA to approve the release of those doses. According to one of the sources, the agency must still inspect and authorize the plant before Emergent can ...",2021-10-28 16:20:25+00:00,https://www.benzinga.com/general/biotech/21/10/23711960/millions-of-jnj-covid-19-shots-sit-idle-at-emergents-baltimore-plant-reuters,Benzinga,0.1875,0.5,positive,0.1875,False,False,True,False,True,False,False,False,0.0,522,"['AZN', 'EBS', 'JNJ']",AZN,2021-10-28
"Alkermes (ALKS) Q3 Earnings Beat Estimates, Revenues Miss",Alkermes' (ALKS) earnings in the third quarter of 2021 beat estimates while revenues miss the same. The company reiterates financial guidance for the ongoing year.,2021-10-28 16:30:00+00:00,https://www.zacks.com/stock/news/1819007/alkermes-alks-q3-earnings-beat-estimates-revenues-miss,Zacks Investment Research,0.0,0.041666666666666664,neutral,0.0,True,False,False,False,False,False,False,False,0.0,222,"['AZN', 'JNJ', 'MRK', 'ALKS']",AZN,2021-10-28
Astrazeneca (AZN) Gains But Lags Market: What You Should Know,"Astrazeneca (AZN) closed the most recent trading day at $62.19, moving +0.68% from the previous trading session.",2021-10-28 21:50:18+00:00,https://www.zacks.com/stock/news/1819496/astrazeneca-azn-gains-but-lags-market-what-you-should-know,Zacks Investment Research,0.05833333333333334,0.25416666666666665,neutral,0.05833333333333334,False,False,False,False,False,False,False,False,0.0,175,['AZN'],AZN,2021-10-28
Will Valneva and Dynavax Score With Their Late-to-the-Party COVID Vaccine?,"There's still a sizable market opportunity, especially in developing nations.",2021-10-29 12:01:00+00:00,https://www.fool.com/investing/2021/10/29/will-valneva-and-dynavax-score-with-their-late-to/,The Motley Fool,0.0,1.0,neutral,0.0,False,False,False,False,False,False,False,False,0.0,153,"['DVAX', 'AZN', 'VALN']",AZN,2021-10-29
Moderna (MRNA) to Report Q3 Earnings: What's in the Cards?,Investor focus is likely to be on the sales outlook for Moderna's (MRNA) authorized coronavirus vaccine on the third-quarter earnings call.,2021-11-01 14:57:00+00:00,https://www.zacks.com/stock/news/1820914/moderna-mrna-to-report-q3-earnings-whats-in-the-cards,Zacks Investment Research,0.0,1.0,neutral,0.0,True,False,False,False,False,False,False,False,0.0,199,"['REGN', 'AZN', 'MRK', 'MRNA']",AZN,2021-11-01
Coronavirus Vaccine Sales Key to Moderna's (MRNA) Q3 Earnings,Investors are likely to focus on Moderna's (MRNA) sales guidance for its coronavirus vaccine in 2022 on the third-quarter earnings call.,2021-11-02 15:10:00+00:00,https://www.zacks.com/stock/news/1821914/coronavirus-vaccine-sales-key-to-modernas-mrna-q3-earnings,Zacks Investment Research,0.0,1.0,neutral,0.0,True,False,False,False,False,False,False,False,0.0,199,"['AZN', 'PFE', 'MRNA', 'BNTX']",AZN,2021-11-02
The 1 Thing I'll be Looking for in Novavax's Earnings Report,Can Novavax deliver on its promises?,2021-11-03 10:30:00+00:00,https://www.fool.com/investing/2021/11/03/the-1-thing-ill-be-looking-for-in-novavaxs-earning/,The Motley Fool,0.0,0.0,neutral,0.0,True,False,False,False,False,False,False,False,0.0,98,"['MRNA', 'AZN', 'PFE', 'JNJ', 'NVAX']",AZN,2021-11-03
Novo Nordisk's (NVO) Q3 Earnings and Sales Beat Estimates,Novo Nordisk (NVO) reports better-than-expected results for Q3. Sales are aided by growth in Diabetes and Obesity Care owing to higher GLP-1 revenues.,2021-11-03 17:21:00+00:00,https://www.zacks.com/stock/news/1822955/novo-nordisks-nvo-q3-earnings-and-sales-beat-estimates,Zacks Investment Research,0.25,0.5,positive,0.25,True,False,False,False,False,False,False,False,0.0,209,"['SNY', 'AZN', 'NVO', 'LLY']",AZN,2021-11-03
Astrazeneca (AZN) Gains But Lags Market: What You Should Know,"In the latest trading session, Astrazeneca (AZN) closed at $63.83, marking a +0.42% move from the previous day.",2021-11-03 21:50:09+00:00,https://www.zacks.com/stock/news/1823080/astrazeneca-azn-gains-but-lags-market-what-you-should-know,Zacks Investment Research,0.07777777777777779,0.3888888888888889,neutral,0.07777777777777779,False,False,False,False,False,False,False,False,0.0,174,['AZN'],AZN,2021-11-03
"Moderna (MRNA) Q3 Earnings Miss, COVID-19 Vaccine Brings $5B",Moderna's (MRNA) COVID-19 vaccine sales miss expectations. The company delivers 208 million doses of its COVID-19 vaccine during the third quarter. Stock declines in pre-market.,2021-11-04 14:20:00+00:00,https://www.zacks.com/stock/news/1823635/moderna-mrna-q3-earnings-miss-covid-19-vaccine-brings-5b,Zacks Investment Research,0.0,0.0,neutral,0.0,True,False,False,False,False,False,False,False,0.0,239,"['AZN', 'MRK', 'VRTX', 'MRNA']",AZN,2021-11-04
Moderna's Stock Will Continue To Fall,Weaker earnings and guidance are pushing Moderna shares down. Moderna's pipeline will never be as valuable as its Covid-19 drugs. Read about MRNA stock here.,2021-11-04 14:55:54+00:00,https://seekingalpha.com/article/4465373-modernas-stock-will-continue-to-fall,Seeking Alpha,-0.15555555555555559,0.2888888888888889,negative,0.15555555555555559,True,False,False,False,False,False,False,False,0.0,196,"['AZN', 'BNTX', 'JNJ', 'PFE', 'MRNA']",AZN,2021-11-04
Handbag wars? Chanel price hikes rally luxury goods makers in Europe,Shares of luxury goods makers saw strong gains Friday in a week that has seen one big label hike prices on two of its flagship bags.,2021-11-05 13:35:00+00:00,https://www.marketwatch.com/story/handbag-wars-chanel-price-hikes-rally-luxury-goods-makers-in-europe-11636122926,MarketWatch,0.21666666666666665,0.41666666666666663,positive,0.21666666666666665,False,False,False,False,False,False,False,False,0.0,202,"['DAX', 'AZN', 'AZN', 'ROG', 'NVO', 'MC', 'HSBC', 'IAG', 'CUK', 'CCL']",AZN,2021-11-05
"Ironwood (IRWD) Q3 Earnings Top, Sales Hurt by Lower Price",Ironwood (IRWD) witnesses flat year-over-year sales as growth in demand for Linzess gets partially offset by lower net price of the drug. The company maintains revenue guidance. Stock down.,2021-11-05 14:35:00+00:00,https://www.zacks.com/stock/news/1824490/ironwood-irwd-q3-earnings-top-sales-hurt-by-lower-price,Zacks Investment Research,0.04388888888888888,0.24277777777777781,neutral,0.04388888888888888,True,False,False,False,False,False,False,False,0.0,249,"['AZN', 'IRWD', 'ABBV', 'XNCR']",AZN,2021-11-05
Moderna Is Melting - Why I Am Buying This Dip,"Moderna stock is getting crushed again today, now down substantially in back-to-back sessions. Read why I think MRNA stock is a strong buy in the $200 range.",2021-11-05 20:30:01+00:00,https://seekingalpha.com/article/4466169-moderna-is-melting-why-i-am-buying-this-dip,Seeking Alpha,0.059259259259259234,0.37407407407407406,neutral,0.059259259259259234,False,True,False,False,False,False,False,False,0.0,204,"['AZN', 'BNTX', 'FB', 'GOOG', 'GOOGL', 'JNJ', 'NVAX', 'PFE', 'MRNA']",AZN,2021-11-05
"Novavax Cranks It Up: A Billion More Doses, Covid Authorization And Much More","The Serum Institute is expanding its Novavax production capacity by a billion doses. Novavax is buying these on a per dose basis, so it keeps all of the profits. Read more here.",2021-11-06 08:04:02+00:00,https://seekingalpha.com/article/4466338-novavax-cranks-it-up-a-billion-more-doses-covid-authorization-and-much-more,Seeking Alpha,0.5,0.5,positive,0.5,True,True,False,False,True,False,False,False,0.0,256,"['AZN', 'NVAX']",AZN,2021-11-06
These Clinical Results Are Good News for AstraZeneca,AstraZeneca shared positive interim results for Imfinzi plus chemotherapy in treating patients with advanced biliary tract cancer.,2021-11-06 10:34:00+00:00,https://www.fool.com/investing/2021/11/06/these-clinical-results-are-good-news-for-astrazene/,The Motley Fool,0.4424242424242424,0.5818181818181819,positive,0.4424242424242424,False,False,False,False,False,False,False,False,0.0,184,"['AZN', 'INCY']",AZN,2021-11-06
Wall Street Breakfast: The Week Ahead,"Listen on the go! A daily podcast of Wall Street Breakfast will be available by 8:00 a.m. on Seeking Alpha, iTunes, Stitcher and Spotify.",2021-11-07 12:14:38+00:00,https://seekingalpha.com/article/4466704-wall-street-breakfast-week-ahead,Seeking Alpha,0.2,0.2,positive,0.2,False,False,False,False,False,False,False,False,0.0,176,"['DIS', 'U', 'COIN', 'ACB', 'NVDA', 'AMD', 'USFD', 'TME', 'AMC', 'DDD', 'SPCE', 'PYPL', 'CAH', 'SYY', 'NIO', 'WYNN', 'ECOM', 'PFGC', 'WEN', 'FVRR', 'WEBR', 'AFRM', 'OPEN', 'BYND', 'BABA', 'LI', 'CPNG', 'YETI', 'PDD', 'AZN', 'SPB', 'TSLA', 'UBER', 'CAR', 'GTLB', 'AVDX', 'IHS', 'LUCD', 'HCTI', 'XRTX', 'FNA', 'INKT', 'GLBE', 'IPW', 'FLGC', 'RGLD', 'ETD', 'HPQ', 'GFF', 'MSI', 'ROP', 'EPC', 'ATO', 'SR', 'WSC', 'MCHP', 'AVGO', 'EFX', 'SWI', 'CSX', 'R', 'LMT', 'RTX', 'CARR', 'DAL', 'AAL', 'TSP', 'BBWI', 'LOW', 'WMT', 'TGT', 'SBUX', 'AMZN', 'NGAB', 'AUR', 'ORCL', 'CDK', 'MARA', 'RIOT', 'HUT', 'BLDE', 'Y']",AZN,2021-11-07
Better Buy After Earnings: Moderna or Novavax?,One stock may climb now. The other may post gains in the future.,2021-11-08 11:00:00+00:00,https://www.fool.com/investing/2021/11/08/better-buy-after-earnings-moderna-or-novavax/,The Motley Fool,0.125,0.3333333333333333,positive,0.125,True,True,False,False,False,False,False,False,0.0,112,"['MRNA', 'AZN', 'PFE', 'JNJ', 'NVAX']",AZN,2021-11-08
3 Best Biotech Stocks to Buy in November,These companies could both diversify your portfolio and boost your dividend income.,2021-11-08 12:15:00+00:00,https://www.fool.com/investing/2021/11/08/3-best-biotech-stocks-to-buy-in-november/,The Motley Fool,1.0,0.3,positive,1.0,False,True,False,False,False,True,False,False,0.0,125,"['ABBV', 'MRK', 'BMY', 'AZN', 'XLRN']",AZN,2021-11-08
"The Week Ahead In Biotech (Nov. 7-Nov. 13): Earnings Taper Off, Multiple Conference Presentations, IPOs And More","Biotech stocks reversed course and closed the week ended Nov. 5 lower, squandering the gains notched early in the week.
What was good news for Pfizer, Inc. (NYSE: PFE) turned out to be negative for several others engaged in COVID-19 vaccine and treatment research. Pfizer announced  Friday its oral COVID-19 pill Paxlovid reduced the risk of COVID-19-related hospitalization or death by 89%.
Merck & Co., Inc. (MRK: NYSE), which also has a competing medication in the pipeline, shed close to 10% on Friday.
Stocks also reacted to the earnings, which came in thick and fast during the week. Five stocks belonging to the biotech and diagnostics spaces, debuted on Wall Street during the week.
Here are the key upcoming catalysts that biotech investors are on in the unfolding week:
Health Care Conferences: 

American College of Rheumatology, or ACR, Convergence 2021: Nov. 3-9 (virtual)
BMO Biopharma Spotlight Series: Emerging Trends and Therapeutics in Oncology: Nov. 8 (virtual event)
Credit Suisse 30th Annual Virtual Healthcare Conference: Nov. 8-11 (virtual conference)
14th Clinical Trial On Alzheimer's Disease, or CTAD, 2021: Nov. 9-12 (in Boston)
6th Respiratory Syncytial Virus Network, or RESVINET, Conference: Nov. 10-12 (virtual meeting)
Society For Immunotherapy of Cancer: Nov. 10-14 (hybrid event, to be held in Washington, D.C. and to be available virtually)
Connective Tissue Oncology Society, or CTOS, 2021 Annual Meeting: Nov. 10-13 (virtual meeting)
American Academy of Ophthalmology, or AAO, 2021 Meeting: Nov. 12-13 (in New Orleans)
American Association for the Study of Liver Diseases, AASLD, The Liver Meeting 2021: Nov. 12-15 (virtual meeting)

Clinical Readouts/Presentations
Liver Meeting Presentations 

Enanta Pharmaceuticals, Inc. (NASDAQ: ENTA): Phase 1b data for EDP-514 in viremic, chronic hepatitis B infected patients
Vir Biotechnology, Inc. (NASDAQ: VIR): Preliminary results from a Phase 1 study evaluating a single dose of VIR-3434, a novel neutralizing, vaccinal monoclonal antibody, for hepatitis B infection (Friday, at 8 a.m.)
Vaccitech plc (NASDAQ: VACC): Interim results of HBV001, a Phase 1 study evaluating therapeutic vaccination with ChAdOx1-HBV in healthy volunteers and patients with chronic hepatitis B infection; Phase 1b/2a study of heterologous ChAdOx1/MVA therapeutic vaccination combined with Bristol-Myers Squibb Company's (NYSE: BMY) low-dose Opdivo in virally-suppressed patients with CHB under nucleos(t)ide analogues
Dicerna Pharmaceuticals, Inc. (NASDAQ: DRNA): results of a subpopulation pharmacokinetic and safety analysis from the Phase 1 trial of RG6346, which Dicerna is developing in collaboration with Roche Holding AG (OTC: RHHBY) for the treatment of chronic hepatitis B virus infection; interim Phase 1 data from Belcesiran in Alpha 1-antitrypsin deficiency-associated liver disease
Lipocine Inc. (NASDAQ: LPCN): safety And tolerability Of LPCN 1144 treatment In biopsy confirmed NASH subjects from the Phase 2 LiFT study
Arbutus Biopharma Corporation (NASDAQ: ABUS): data on the effects of its ...",2021-11-08 13:24:24+00:00,https://www.benzinga.com/general/biotech/21/11/23948350/the-week-ahead-in-biotech-nov-7-nov-13-earnings-taper-off-multiple-conference-presentations-ipos-,Benzinga,0.12027417027417026,0.363546176046176,positive,0.12027417027417026,True,False,False,False,False,False,False,False,0.0,3185,"['VACC', 'FGEN', 'INO', 'BHVN', 'INKT', 'VCEL', 'ACAD', 'EYPT', 'ONCS', 'LUCD', 'NVTA', 'BIIB', 'VIR', 'CCXI', 'ADAP', 'CRTX', 'ALEC', 'SHC', 'ABUS', 'CSII', 'SWAV', 'ONCT', 'RGNX', 'IBB', 'SILK', 'REPL', 'ANVS', 'CRVS', 'JAZZ', 'AXLA', 'IMMP', 'EDIT', 'LGND', 'NXTC', 'CMPI', 'RETA', 'NKTR', 'GMAB', 'ENTA', 'CLSD', 'AZN', 'INBX', 'EPZM', 'PTGX', 'BMY', 'BNTX', 'MRTX', 'KDMN', 'HAE', 'GRAY', 'DRNA', 'BBLG', 'ME', 'ALGS', 'LPCN', 'CWBR', 'MRK', 'OCUP', 'VBIV', 'FLGT', 'PFE', 'VTRS', 'NVRO', 'ACIU', 'TCI', 'MRVI']",AZN,2021-11-08
"It's time to buy U.K. stocks. Here are the 25 stocks to scoop up, says JPMorgan.","A team led by Mislav Matejka, head of global equity strategy, explains why investors should be ready to take advantage of the fact the FTSE 100 has lagged behind its global peers for six years.",2021-11-08 14:42:00+00:00,https://www.marketwatch.com/story/its-time-to-buy-u-k-stocks-here-are-the-25-stocks-to-scoop-up-says-jpmorgan-11636382555,MarketWatch,-0.05,0.3,neutral,0.05,False,True,False,False,False,False,False,False,0.0,275,"['WPP', 'WPP', 'BAB', 'LYG', 'BCS', 'MRO', 'RDS.A', 'TSCO', 'AZN', 'TW', 'BLND', 'JD', 'RKT', 'CNA', 'IAG', 'EZJ']",AZN,2021-11-08
"Apellis' (APLS) Q3 Loss Widens, Revenues Surpass Estimates",Apellis (APLS) reports wider-than-expected loss for the third quarter of 2021 while revenues surpass expectations.,2021-11-09 15:45:00+00:00,https://www.zacks.com/stock/news/1825948/apellis-apls-q3-loss-widens-revenues-surpass-estimates,Zacks Investment Research,0.0,0.0,neutral,0.0,True,False,False,False,False,False,False,False,0.0,174,"['AZN', 'FOLD', 'AGEN', 'APLS']",AZN,2021-11-09
AstraZeneca (AZN) to Report Q3 Earnings: What's in the Cards?,AstraZeneca's(AZN) third-quarter results are expected to reflect the impact of strong demand for new drugs. Investors are likely to focus on sales numbers of AstraZeneca's COVID-19 vaccine.,2021-11-09 16:31:00+00:00,https://www.zacks.com/stock/news/1825992/astrazeneca-azn-to-report-q3-earnings-whats-in-the-cards,Zacks Investment Research,0.1174242424242424,0.646969696969697,positive,0.1174242424242424,True,False,False,False,False,False,False,False,0.0,252,"['AZN', 'MRK', 'ASND', 'GMTX']",AZN,2021-11-09
New Strong Sell Stocks for November 10th,"AZN, GOLD, NARI, KOP, and TCEHY have been added to the Zacks Rank #5 (Strong Sell) List on November 10, 2021.",2021-11-10 13:20:00+00:00,https://www.zacks.com/stock/news/1826451/new-strong-sell-stocks-for-november-10th,Zacks Investment Research,0.05075757575757571,0.7053030303030303,neutral,0.05075757575757571,False,False,False,False,False,False,False,False,0.0,151,"['AZN', 'KOP', 'GOLD', 'NARI']",AZN,2021-11-10
"""Love Island"" producer ITV shares surge from streaming and advertising demand","Shares in ITV surged on Wednesday, as the U.K. television broadcaster benefits from rising revenue from its studios division that produces shows, including 'Love Island,' as well as a rebound in advertising revenue.",2021-11-10 14:56:00+00:00,https://www.marketwatch.com/story/love-island-producer-itv-shares-surge-from-streaming-and-advertising-demand-11636556199,MarketWatch,0.5,0.6,positive,0.5,True,False,False,False,False,False,False,False,0.0,294,"['AZN', 'GSK']",AZN,2021-11-10
Valneva (VALN) Stock Rises on Deal With EU for COVID-19 Jab,Valneva (VALN) enters into a supply agreement for its COVID vaccine candidate with the European Commission. The stock price surges following the news.,2021-11-11 14:47:00+00:00,https://www.zacks.com/stock/news/1827111/valneva-valn-stock-rises-on-deal-with-eu-for-covid-19-jab,Zacks Investment Research,0.0,0.05,neutral,0.0,False,False,False,False,False,False,False,False,0.0,211,"['AZN', 'PFE', 'MRNA', 'VALN']",AZN,2021-11-11
"5 Stocks To Watch For November 12, 2021","Some of the stocks that may grab investor focus today are:

Wall Street expects  Spectrum Brands Holdings, Inc.  (NYSE: SPB) to report quarterly earnings at $0.65 per share on revenue of $1.04 billion before the opening bell. Spectrum Brands shares rose 0.6% to $94.60 in after-hours trading.
Flowers Foods, Inc. (NYSE: FLO) reported better-than-expected results for its third quarter and raised its FY21 earnings guidance. Flowers Foods shares climbed 3.9% to $26.50 in the after-hours trading session.
Analysts are expecting  ...",2021-11-12 09:57:09+00:00,https://www.benzinga.com/news/earnings/21/11/24055583/5-stocks-to-watch-for-november-12-2021,Benzinga,0.3,0.475,positive,0.3,True,False,False,False,False,False,False,False,0.0,572,"['AZN', 'CIR', 'FLO', 'SPB', 'RIDE']",AZN,2021-11-12
A Peek Into The Markets: US Stock Futures Edge Higher Ahead Of Consumer Sentiment Report,"Pre-open movers
U.S. stock futures traded slightly higher in early pre-market trade after closing mixed in the prior session. Investors are awaiting earnings results from  Spectrum Brands Holdings, Inc. (NYSE: SPB) and  CIRCOR International, Inc. (NYSE: CIR).
The University of Michigan's consumer sentiment index for November and the Labor Department's JOLTS report for September will be released at 10:00 a.m. ET. Federal Reserve Bank of New York President John Williams is set to speak at 12:10 p.m. ET.
Futures for the Dow Jones Industrial Average climbed 36 points to 35,865.00 while the Standard & Poor’s 500 index futures rose 4.25 points to 4,647.25. Futures for the Nasdaq 100 index climbed 32.25 points to 16,055.00.
The U.S. has the highest number of COVID-19 cases and deaths in the world, with total infections in the country exceeding 47,693,510 with around 780,770 deaths. India reported a total of at least 34,414,180 confirmed cases, while Brazil confirmed over 21,926,520 cases.
Oil prices traded lower ...",2021-11-12 10:49:19+00:00,https://www.benzinga.com/news/earnings/21/11/24056027/a-peek-into-the-markets-us-stock-futures-edge-higher-ahead-of-consumer-sentiment-report,Benzinga,0.08039772727272726,0.4909090909090909,neutral,0.08039772727272726,True,False,False,False,True,False,False,False,0.0,1114,"['AZN', 'CIR', 'FLO', 'SPB', 'AMC', 'HPE', 'RIDE']",AZN,2021-11-12
"Pharma Stock Roundup: AZN, BAYRY Q3 Results, PFE COVID Pill's Strong Efficacy",AstraZeneca (AZN) and Bayer (BAYRY) announce Q3 results. Pfizer's (PFE) COVID-19 pill reduces hospitalizations and deaths substantially.,2021-11-12 12:09:00+00:00,https://www.zacks.com/stock/news/1827282/pharma-stock-roundup-azn-bayry-q3-results-pfe-covid-pills-strong-efficacy,Zacks Investment Research,0.4333333333333333,0.7333333333333333,positive,0.4333333333333333,False,False,False,False,False,False,False,False,0.0,215,"['AZN', 'JNJ', 'PFE', 'MRK']",AZN,2021-11-12
AstraZeneca: Uptrend Could Continue,,2021-11-12 12:35:00+00:00,https://www.investing.com/analysis/astrazeneca-uptrend-could-continue-200608200,Investing.com,0.0,0.0,neutral,0.0,False,False,False,False,False,False,False,False,0.0,37,['AZN'],AZN,2021-11-12
Wall Street Breakfast: Johnson & Johnson To Split In Two (Podcast by Pimm Fox),"Our Top Stories Include: Johnson & Johnson To Split In Two, Home Buyers Pay Full Price and More and A Lawsuit Alleges Something Fishy at Subway",2021-11-12 12:53:19+00:00,https://seekingalpha.com/article/4468863-wall-street-breakfast-johnson-and-johnson-to-split-in-two-podcast-by-pimm-fox,Seeking Alpha,0.45,0.5166666666666667,positive,0.45,False,True,False,False,False,True,False,True,0.0,223,"['GIS', 'AZN', 'TSLA', 'JNJ', 'K', 'BLNK', 'RIVN', 'GM', 'UBER', 'AMC']",AZN,2021-11-12
"AstraZeneca slumps in London as earnings disappoint, vaccine profits modest","London stocks were under pressure Friday, and set for a modest weekly gain. Disappointing results from AstraZeneca and losses for resource names dragged on the main index.",2021-11-12 13:57:00+00:00,https://www.marketwatch.com/story/astrazeneca-slumps-in-london-as-earnings-disappoint-vaccine-profits-modest-11636725473,MarketWatch,-0.05833333333333333,0.7083333333333334,neutral,0.05833333333333333,True,False,False,False,False,False,False,False,0.0,248,"['AZN', 'AZN', 'RDS.A', 'BP', 'BP', 'RIO', 'RIO']",AZN,2021-11-12
"AstraZeneca (AZN) Q3 Earnings Miss, Sales Beat, Stock Down",AstraZeneca (AZN) surpasses third-quarter estimates for revenues while missing the same for earnings. The company retains 2021 guidance.,2021-11-12 15:00:00+00:00,https://www.zacks.com/stock/news/1827404/astrazeneca-azn-q3-earnings-miss-sales-beat-stock-down,Zacks Investment Research,-0.11851851851851854,0.15462962962962964,negative,0.11851851851851854,True,False,False,False,False,False,False,False,0.0,196,"['AZN', 'GSK', 'MRK']",AZN,2021-11-12
Compugen (CGEN) Stock Up on Bristol Myers' $20M Investment,Compugen (CGEN) announces an expansion of its collaboration agreement with Bristol Myers Squibb and a $20 million equity investment by the latter.,2021-11-12 15:07:00+00:00,https://www.zacks.com/stock/news/1827406/compugen-cgen-stock-up-on-bristol-myers-20m-investment,Zacks Investment Research,0.0,0.0,neutral,0.0,False,False,False,False,False,False,False,False,0.0,206,"['AZN', 'BMY', 'CGEN']",AZN,2021-11-12
AstraZeneca has decided to make money from the pandemic after all,"After having committed to selling its covid-19 vaccines at cost as long as the pandemic lasted, AstraZeneca is now transitioning to ""modest profitability"" on the vaccine.",2021-11-12 16:36:05+00:00,https://qz.com/2088634/astrazeneca-has-decided-to-make-money-from-the-pandemic-after-all/,Quartz,0.025,0.65,neutral,0.025,True,False,False,False,False,False,False,False,0.0,237,"['AZN', 'MRNA', 'PFE']",AZN,2021-11-12
Why AstraZeneca Stock Is Sinking Today,The drugmaker announced disappointing third-quarter earnings results.,2021-11-12 19:20:49+00:00,https://www.fool.com/investing/2021/11/12/why-astrazeneca-stock-is-sinking-today/,The Motley Fool,-0.6,0.7,negative,0.6,True,False,False,False,False,False,False,False,0.0,109,['AZN'],AZN,2021-11-12
'Now is not the time for happy talk': Experts warn the pandemic is far from over and urge people to combine vaccines with face masks and other measures,"A growing chorus of voices is warning that the coronavirus pandemic is far from over, and urging people everywhere to continue to adhere to public safety measures and get their vaccine shots, as many places, including parts of the U.S., are still being engulfed with waves of new cases.",2021-11-13 19:08:00+00:00,https://www.marketwatch.com/story/now-is-not-the-time-for-happy-talk-experts-warn-the-pandemic-is-far-from-over-and-urge-people-to-combine-vaccines-with-face-masks-and-other-measures-11636733030,MarketWatch,0.21590909090909088,0.628030303030303,positive,0.21590909090909088,False,False,False,False,False,False,False,False,0.0,439,"['AZN', 'AZN', 'PFE', 'BNTX']",AZN,2021-11-13
"Equity Futures Rally On Infrastructure, Boeing And Dollar Tree News",,2021-11-15 16:08:00+00:00,https://www.investing.com/analysis/equity-futures-rally-on-infrastructure-boeing-and-dollar-tree-news-200608387,Investing.com,0.0,0.0,neutral,0.0,False,False,False,False,False,False,False,False,0.0,69,"['WMT', 'TGT', 'LOW', 'HD', 'BA', 'DLTR', 'DG', 'GGPI', 'ETSY', 'WHR', 'NVDA', 'NFLX', 'AZN', 'DBI', 'ICE', 'ADBE', 'LUV', 'AAL']",AZN,2021-11-15
Consumer Sentiment Hit a Decade Low Due to Rising Inflation,"Stock index futures are pointing to a higher open as President Joe Biden is expected to sign the infrastructure bill. Additionally, President Biden is scheduled to meet with President XI Jinping of China on Tuesday to discuss tariffs and supply chain issues. However, last week’s Michigan Consumer Sentiment report hit a decade low. Inflation is hurting consumers and slowing the recovery in the U.S. and Europe.
This week investors get a heavy dose or earnings reports from retailers. Market gorillas Walmart (NYSE: WMT), Target (NYSE: TGT), Lowe’s (NYSE: LOW), and Home Depot (NYSE: HD) are all on the docket. Investors will also hear from a number of Fed members who are scheduled to speak this week. Investors are waiting on comments on where the Fed stands after last week’s inflation report and whether or not they plan to do more or less when it comes to interest rates.
The Dow Jones Industrial Average ($DJI) could get a lift from one of its components. Boeing (NYSE: BA) was up more than 3% in premarket trading on reports that the company received several orders for planes after the 2021 Dubai Airshow.
Dollar Tree (NASDAQ: DLTR) is also rallying more than 6% ahead of the opening bell on news that activist investor Mantle Ridge has taken a $1.8 billion stake in the discount store. Investors expect these new investors to push for changes in the company could reflect the success Mantle Ridge had with Dollar General (NYSE: DG).
Another EV maker is going public. Swedish car manufacturer Polestar Automotive is merging with special purpose acquisition corporation Gores Guggenheim (NASDAQ: GGPI). Gores was up about 14% ahead of the market open.
Despite snapping five-week win streaks on Friday, the major indices still closed higher for the day. Unfortunately, stocks couldn’t climb high enough to offset losses earlier in the week. Materials was the best-performing sector last week, climbing about 2.5%. However, a diverse group of stocks made moves on Friday that helped the rally.
Some of Friday’s movers included crafter marketplace Etsy (NASDAQ: ETSY), which rallied more than 7%. Whirlpool (NYSE: WHR) closed more than 3% higher, building on a five-day win streak. Meta (NASDAQ: FB) closed up 4% with help from comments from Nvidia (NASDAQ: NVDA) CEO Jensen Huang saying the metaverse would be much bigger than people realize. And Netflix (NASDAQ: NFLX) was up 3.8% while Disney (NYSE:",2021-11-15 17:57:49+00:00,https://www.benzinga.com/news/earnings/21/11/24101198/consumer-sentiment-hit-a-decade-low-due-to-rising-inflation,Benzinga,0.11511420596946913,0.3703765094554568,positive,0.11511420596946913,True,True,True,False,False,False,True,False,0.0,2468,"['DLTR', 'ETSY', 'NFLX', 'GGPI', 'NVDA', 'AZN', 'BA', 'DAL', 'DIS', 'HD', 'LOW', 'LUV', 'TGT', 'WHR', 'WMT', 'DG', 'FB', 'AAL']",AZN,2021-11-15
Why Novavax Beat the Market on Monday,The company reported some good news in an important Asian market.,2021-11-15 22:48:00+00:00,https://www.fool.com/investing/2021/11/15/why-novavax-beat-the-market-on-monday/,The Motley Fool,0.3666666666666667,0.5333333333333333,positive,0.3666666666666667,False,False,False,False,False,False,False,False,0.2,104,"['NVAX', 'AZN', 'JNJ', 'PFE', 'MRNA', 'BNTX']",AZN,2021-11-15
"AstraZeneca (AZN), Moderna's Heart Failure Study Successful",AstraZeneca (AZN) and Moderna are developing an mRNA-based therapeutic to treat heart failure in patients undergoing coronary artery bypass surgery.,2021-11-16 15:17:00+00:00,https://www.zacks.com/stock/news/1828371/astrazeneca-azn-modernas-heart-failure-study-successful,Zacks Investment Research,0.03888888888888886,0.5166666666666667,neutral,0.03888888888888886,False,False,False,False,False,False,False,False,0.0,209,"['AZN', 'GSK', 'MRNA']",AZN,2021-11-16
PhaseBio (PHAS) Dips on Mixed Data From Antiplatelet Drug Study,PhaseBio's (PHAS) phase III study evaluating bentracimab for the reversal of antiplatelet effects of ticagrelor meets primary endpoint. The stock falls on high rates of the drug's side effects.,2021-11-16 16:50:00+00:00,https://www.zacks.com/stock/news/1828492/phasebio-phas-dips-on-mixed-data-from-antiplatelet-drug-study,Zacks Investment Research,0.18666666666666668,0.43,positive,0.18666666666666668,False,False,False,False,False,False,False,False,0.0,258,"['AZN', 'ENDP', 'SRPT', 'PHAS']",AZN,2021-11-16
AstraZeneca: Studies show antibody reduces COVID risk,AstraZeneca PLC said Thursday Phase 3 trials on its AZD7442 antibody combination confirmed that the treatment reduces risk of developing symptomatic Covid-19.,2021-11-18 09:22:00+00:00,https://www.marketwatch.com/story/astrazeneca-says-trials-on-covid-19-treatment-confirm-efficacy-long-term-prevention-271637221554,MarketWatch,0.4,1.0,positive,0.4,False,False,False,False,False,False,False,False,0.0,213,"['AZN', 'AZN']",AZN,2021-11-18
"The Daily Biotech Pulse: Pfizer Strikes $5.29B COVID Pill Supply Deal With US, Roche's Spark Therapeutics Reports Positive Gene Therapy Readout, EDAP Earnings","Here's a roundup of top developments in the biotech space over the last 24 hours:
Stocks In Focus
Roche's Spark Subsidiary Reports Positive Phase 1/2 Data For Hemophilia Gene Therapy Candidate
Roche Holding AG (Pink: RHHBY) unit  Spark Therapeutics,  announced data from its Phase 1/2 clinical trial of investigational SPK-8011 in hemophilia A showing, at a median efficacy follow-up of 33.4 months, 16 of 18 study participants had sustained factor VIII, which permitted prophylaxis cessation and reduction in bleeding episodes. The latest results were published online in the New England Journal of Medicine.
The updated analysis of all 18 study participants demonstrated a 91.5% reduction in annualized bleed rate and a 96.4% reduction in annualized number of FVIII infusions.
Burning Rock Partners With Germany's Merck For Developing Companion Diagnostics For Lung Cancer Drug In China
Burning Rock Biotech Limited (NASDAQ: BNR) announced a strategic partnership with Germany's  MERCK Kommanditgesellschaft auf Aktien (Pink: MKKGY) for developing companion diagnostics for the MET inhibitor tepotinib in the mainland China market.
The CDx test is based on Burning Rock's self-developed next generation sequencing-based liquid biopsy solution, the OncoCompass Target panel.
Wednesday before the market open, the company  reported  better-than-expected third-quarter results.
AstraZeneca Announces Positive Phase 3 Data For COVID-19 Antibody Treatment As Preventative, Curative Treatments
AstraZeneca plc (NASDAQ: AZN) announced new data from the AZD7442 COVID-19 PROVENT prevention and TACKLE outpatient treatment Phase 3 trials, both showing robust efficacy from a one-time intramuscular dose of the long-acting antibody combination.
The PROVENT trial evaluating a median six months of participant follow-up showed a 300mg IM dose of AZD7442 reduced the risk of developing symptomatic COVID-19 compared ...",2021-11-18 12:52:59+00:00,https://www.benzinga.com/general/biotech/21/11/24166163/the-daily-biotech-pulse-pfizer-strikes-5-29b-covid-pill-supply-deal-with-us-roches-spark-therapeu,Benzinga,0.12022263450834877,0.3753555967841682,positive,0.12022263450834877,True,False,False,True,False,False,False,False,0.0,2069,"['EDAP', 'AZN', 'GSK', 'PFE', 'BNR', 'CBAY', 'PRQR', 'ITMR', 'MRNA', 'BNTX', 'PROG', 'CVAC', 'ONCR']",AZN,2021-11-18
"Pharma Stock Roundup: JNJ to Spin Off Consumer Unit, PFE Eyes EUA for COVID Pill",J&J (JNJ) decides to split into two companies. Pfizer (PFE) seeks nod for emergency use of COVID antiviral pill. Glaxo's (GSK) and AbbVie's (ABBV) drugs get approvals in new indications.,2021-11-18 15:24:00+00:00,https://www.zacks.com/stock/news/1829400/pharma-stock-roundup-jnj-to-spin-off-consumer-unit-pfe-eyes-eua-for-covid-pill,Zacks Investment Research,0.13636363636363635,0.45454545454545453,positive,0.13636363636363635,False,False,False,False,False,True,False,False,0.0,268,"['AZN', 'GSK', 'JNJ', 'PFE', 'ABBV']",AZN,2021-11-18
"Face masks and distancing are most effective measures in reducing COVID-19 spread, study finds, as experts clamor for U.S. to expand booster program","Wearing a face mask and physically distancing from others are the most effective public-safety measures against the coronavirus-borne illness COVID-19 and have a statistically significant impact on reducing the spread, according to a new global study.",2021-11-18 19:57:00+00:00,https://www.marketwatch.com/story/face-masks-and-distancing-are-most-effective-measures-in-reducing-covid-19-spread-study-finds-as-experts-clamor-for-u-s-to-expand-booster-program-11637251008,MarketWatch,0.33892045454545455,0.5090503246753246,positive,0.33892045454545455,False,False,False,False,False,False,False,False,0.0,401,"['PFE', 'AZN', 'AZN']",AZN,2021-11-18
2 Dividend Stocks to Buy Right Now,These two drugmakers have a solid track record.,2021-11-19 16:00:00+00:00,https://www.fool.com/investing/2021/11/19/2-dividend-stocks-to-buy-right-now/,The Motley Fool,0.14285714285714285,0.31785714285714284,positive,0.14285714285714285,False,True,False,False,False,True,False,False,0.0,83,"['BMY', 'AMGN', 'AZN']",AZN,2021-11-19
1 Cancer Stock on Buyout Watch in 2022,Cardiff Oncology is a prime takeover target heading into 2022.,2021-11-21 14:45:00+00:00,https://www.fool.com/investing/2021/11/21/1-cancer-stock-on-buyout-watch-in-2022/,The Motley Fool,0.0,0.0,neutral,0.0,False,True,False,False,False,False,False,False,0.0,102,"['CRDF', 'PFE', 'SNY', 'AZN', 'JNJ', 'NVS', 'BMY', 'GILD', 'NVO', 'BIIB', 'AMGN', 'MRNA']",AZN,2021-11-21
AstraZeneca Decides It's OK to Make Money From the Pandemic,Lackluster third-quarter results may have contributed to the decision to stop selling its COVID-19 vaccine at no profit.,2021-11-23 12:54:00+00:00,https://www.fool.com/investing/2021/11/23/astrazeneca-decides-its-ok-to-make-money-from-the/,The Motley Fool,0.5,0.5,positive,0.5,True,False,False,False,False,False,False,False,0.0,181,"['AZN', 'PFE']",AZN,2021-11-23
Pfizer's COVID-19 Franchise Could Push Revenue Past $100B In 2022: Analyst,"Pfizer, Inc. (NYSE: PFE) found huge success with its COVID-19 franchise that includes  Comirnaty,  the COVID-19 vaccine it co-developed with BioNTech SE (NASDAQ: BNTX), and its yet-to-be authorized oral COVID-19 pill Paxlovid.
The Pfizer Analyst:  SVB Leerink analyst Geoffrey Porges reiterated a Market Perform rating on Pfizer shares and increased the price target from $48 to $52.
The Pfizer Thesis:  Pfizer's top line will exceed $100 billion in 2022 compared to $82 billion this year thanks to incremental revenue contributions from Comirnaty and  Paxlovid, Porges said in a note.
Paxlovid revenue is likely to come in at $95 million in 2021, rising to $24 billion in 2022 and $33 billion in 2023, the analyst said.
Purchases of Paxlovid will be large, with Pfizer having already bagged a $5.3-billion contract from the U.S., Porges said. Revenues from the antiviral will be profitable, he added.
Related Link:  The Daily Biotech Pulse: Arrowhead Out-Licenses NASH Drug, Tonix Touts COVID-19 Treatment Data, ...",2021-11-23 19:16:32+00:00,https://www.benzinga.com/analyst-ratings/analyst-color/21/11/24257225/pfizers-covid-19-franchise-could-push-revenue-past-100b-in-2022-analyst,Benzinga,0.1515873015873016,0.40873015873015867,positive,0.1515873015873016,True,False,False,False,False,False,False,False,0.0,1092,"['AZN', 'GSK', 'JNJ', 'PFE', 'MRNA', 'BNTX']",AZN,2021-11-23
Tracking Jeremy Grantham's GMO Capital Portfolio - Q3 2021 Update,"Jeremy Grantham’s 13F portfolio value increased from $20.05B to $20.22B this quarter. The largest three positions are Microsoft, Alphabet and Apple.",2021-11-26 06:29:06+00:00,https://seekingalpha.com/article/4471988-jeremy-granthams-gmo-capital-portfolio-q3-2021-update,Seeking Alpha,0.0,0.0,neutral,0.0,False,False,False,False,False,False,False,False,0.0,215,"['AAPL', 'ABT', 'ACN', 'ADBE', 'ANTM', 'ATH', 'AXP', 'AZN', 'BABA', 'BIDU', 'CHNG', 'CI', 'CRM', 'CSCO', 'DGX', 'FB', 'GOOG', 'GOOGL', 'GPN', 'GYRO', 'INFO', 'JNJ', 'KLAC', 'KO', 'KOS', 'KSU', 'LLY', 'LRCX', 'LYFT', 'MDT', 'MMM', 'MRK', 'MSFT', 'NUAN', 'ORCL', 'OTIS', 'QS', 'STZ', 'STZ.B', 'TJX', 'TXN', 'UNH', 'USB', 'V', 'WFC', 'WLTW', 'XLNX']",AZN,2021-11-26
Bear of the Day: AstraZeneca (AZN),"A recent acquisition dinged this biopharma's bottom line, but is renewed growth right around the corner?",2021-11-26 11:07:00+00:00,https://www.zacks.com/commentary/1831610/bear-of-the-day-astrazeneca-azn,Zacks Investment Research,0.14285714285714285,0.39285714285714285,positive,0.14285714285714285,False,True,False,False,False,False,False,False,0.0,140,['AZN'],AZN,2021-11-26
Bear of the Day: AstraZeneca (AZN),,2021-11-26 11:07:00+00:00,https://www.investing.com/analysis/bear-of-the-day-astrazeneca-azn-200609635,Investing.com,0.0,0.0,neutral,0.0,False,False,False,False,False,False,False,False,0.0,36,"['AZN', 'NFLX', 'AMZN']",AZN,2021-11-26
"On an ugly day for markets, here's the S&P 500 level investors need to watch closely, says this trader","It's a grim day for traders. Keep an eye on this S&P 500 level, says our call of the day.",2021-11-26 12:04:00+00:00,https://www.marketwatch.com/story/on-an-ugly-day-for-markets-heres-the-s-p-500-level-investors-need-to-watch-closely-says-this-trader-11637928290,MarketWatch,-0.85,1.0,negative,0.85,False,False,False,False,False,False,False,False,0.0,193,"['DAL', 'AAL', 'UAL', 'IAG', 'PFE', 'MRNA', 'AZN', 'DIDI', 'AMZN', 'WMT', 'TGT', 'KSS', 'GPS', 'JWN']",AZN,2021-11-26
BJ's Wholesale and AstraZeneca have been highlighted as Zacks Bull and Bear of the Day,BJ's Wholesale and AstraZeneca have been highlighted as Zacks Bull and Bear of the Day,2021-11-26 17:24:00+00:00,https://www.zacks.com/stock/news/1832340/bjs-wholesale-and-astrazeneca-have-been-highlighted-as-zacks-bull-and-bear-of-the-day,Zacks Investment Research,0.0,0.0,neutral,0.0,False,False,False,False,False,False,False,False,0.0,174,"['AZN', 'GPC', 'GT', 'BJ', 'GM']",AZN,2021-11-26
"Got $5,000? These 2 Stocks Could Be Bargain Buys in 2022",Both of these businesses could be in much better shape a year from now.,2021-11-27 11:10:00+00:00,https://www.fool.com/investing/2021/11/27/these-2-stocks-could-be-bargain-buys-in-2022/,The Motley Fool,0.5,0.5,positive,0.5,False,True,False,False,False,False,False,False,0.0,129,"['AZN', 'MCD', 'PFE', 'BYND', 'MRNA']",AZN,2021-11-27
WHO warns world leaders against knee-jerk reaction to coronavirus variant from South Africa as U.K. and EU impose travel bans,"The World Health Organization is pleading with world leaders not to have knee-jerk reactions to a new variant of the coronavirus that causes COVID-19 that has emerged in South Africa, as a number of countries immediately announced travel bans from that country and some of its neighbors.",2021-11-27 18:26:00+00:00,https://www.marketwatch.com/story/who-urges-world-leaders-not-to-have-knee-jerk-reaction-to-new-coronavirus-variant-from-south-africa-as-uk-and-eu-impose-travel-bans-11637941662,MarketWatch,0.13636363636363635,0.45454545454545453,positive,0.13636363636363635,False,False,False,False,False,False,False,False,0.0,414,"['AZN', 'AZN', 'VIR', 'GSK', 'GSK', 'MRK', 'PFE', 'BNTX', 'JNJ']",AZN,2021-11-27
3 Pharma Stocks Morgan Stanley Says Will Be Omicron Variant Beneficiaries,"The news of a new variant of the coronavirus Friday sent financial markets into a tailspin. The adversity could present an opportunity for a handful of biopharma stocks, according to a Morgan Stanley analyst. 
The Biopharma Analyst: Matthew Harrison maintained an Equal-Weight rating on Pfizer, Inc. (NYSE: PFE) shares and increased the price target from $50 to $60.
The analyst maintained an Equal-Weight rating on Merck & Co., Inc. (NYSE: MRK) shares and reduced the price target from $88 to $82.
Harrison upgraded shares of Adagio Therapeutics, Inc. (NASDAQ: ADGI) from Equal-Weight to Overweight and lifted the price target from $33 to $49.
The Biopharma Thesis:  Omicron highlights the continued variant risk in an evolving pandemic and it is likely to replace the delta variant, increasing infection rates and reducing vaccine effectiveness, Harrison said in a note.
Transmission appears to be the significant difference, as reflected by the proportion of sequenced cases pointing to omicron overtaking delta and the faster rate at which it has reached a high proportion of local cases relative to other key South African variants, the analyst said.
""If it outcompetes Delta, then the level of concern should be very high. If it ...",2021-11-29 17:57:05+00:00,https://www.benzinga.com/analyst-ratings/analyst-color/21/11/24333549/3-pharma-stocks-morgan-stanley-says-will-be-omicron-variant-beneficiaries,Benzinga,0.06286363636363636,0.4122121212121212,neutral,0.06286363636363636,False,False,False,False,False,False,False,False,0.0,1313,"['REGN', 'AZN', 'GSK', 'LLY', 'MRK', 'PFE', 'ADGI', 'VIR', 'MRNA']",AZN,2021-11-29
"The Daily Biotech Pulse: Cumberland Jumps On FDA Nod, Regeneron Says Antibody Treatment May Be Less Effective Against Omicron, ImmunoGen Readout","Here's a roundup of top developments in the biotech space over the last 24 hours:
Stocks In Focus
Cumberland Gets FDA Approval For IV-Delivered Ibuprofen For Use In Pre-Operative Administration
Cumberland Pharmaceuticals Inc. (NASDAQ: CPIX) announced the U.S. Food and Drug Administration has approved expanded labeling for Caldolor, an intravenously delivered formulation of ibuprofen, to now include use in pre-operative administration. The non-narcotic pain reliever may now be administered just prior to surgery to enable patients to wake up from their procedure in significantly less pain.
The stock was jumping 94.55% to $4.28 in premarket trading.
Adagene Gets FDA Clearance For Commencing Phase 1b/2 Study Of Investigational Antibody In Solid Tumors
Adagene Inc. (NASDAQ: ADAG) said the FDA has cleared the investigational new drug application to proceed with a Phase 1b/2 clinical trial of its anti-CTLA-4 monoclonal antibody, ADG116, in combination with Merck & Co., Inc.'s (NYSE: MRK) Keytruda. The global trial will evaluate patients with advanced/metastatic solid tumors at multiple sites in the U.S. and Asia Pacific, the company said.
The stock was adding 7.76% to $9.16 in after-hours trading.
Outset Medical's New Sterilization Method Of Cartridge Used In Dialysis System Approved By FDA 
Outset Medical, Inc. (NASDAQ: OM) said the FDA has granted 510(k) clearance for a new sterilization method of the cartridge utilized in its Tablo Hemodialysis System, enabling full production in North America. The Tablo cartridge is a single-use disposable that works in concert with the console to deliver dialysis treatment. Its ""one-touch"" design speeds and simplifies treatment set-up and take-down.
The stock was rising 5.06% to $48 in premarket trading.
Merck's Keytruda-Chemo Combo Approved In Japan For Treating Esophageal Cancer
Merck announced that its Keytruda has been approved by the Japan Pharmaceuticals and Medical Devices Agency for the first-line treatment of patients with radically unresectable, advanced or recurrent esophageal carcinoma in combination with chemotherapy based on ...",2021-11-30 13:12:23+00:00,https://www.benzinga.com/general/biotech/21/11/24353731/the-daily-biotech-pulse-cumberland-jumps-on-fda-nod-regeneron-says-antibody-treatment-may-be-less,Benzinga,0.10135566188197767,0.22177033492822967,positive,0.10135566188197767,False,False,True,False,True,False,False,False,0.0,2256,"['ADAG', 'CTIC', 'EXAS', 'IBB', 'IMGN', 'REGN', 'AZN', 'MRK', 'PFE', 'CPIX', 'MEIP', 'OM', 'RDHL', 'VBIV', 'BYSI', 'MOLN', 'KRYS']",AZN,2021-11-30
Why Shares of Genetron Holdings Are Up More than 9.3% on Tuesday,The Chinese biotech's third-quarter report offered some reasons for optimism.,2021-11-30 17:57:36+00:00,https://www.fool.com/investing/2021/11/30/why-shares-of-genetron-holdings-are-up-more-than-9/,The Motley Fool,0.25,0.25,positive,0.25,False,False,False,False,False,False,False,False,0.0,143,"['GTH', 'AZN']",AZN,2021-11-30
"AstraZeneca, Merck's Lynparza sNDA Gets FDA Priority Tag",FDA grants priority review to AstraZeneca (AZN) and Merck's (MRK) sNDA for Lynparza for BRCA-mutated HER2-negative high-risk early breast cancer.,2021-12-01 15:09:00+00:00,https://www.zacks.com/stock/news/1833930/astrazeneca-mercks-lynparza-snda-gets-fda-priority-tag,Zacks Investment Research,0.1,0.3,neutral,0.1,False,False,True,False,False,False,False,False,0.0,203,"['AZN', 'GSK', 'MRK', 'CLVS']",AZN,2021-12-01
3 Hard Facts Moderna and Pfizer Investors Need to Know About the Omicron Variant,It's not all bad news.,2021-12-02 11:40:00+00:00,https://www.fool.com/investing/2021/12/02/3-hard-facts-that-moderna-and-pfizer-investors-nee/,The Motley Fool,-0.49583333333333324,0.6041666666666666,negative,0.49583333333333324,False,False,False,False,False,False,False,False,0.0,104,"['MRNA', 'PFE', 'JNJ', 'AZN']",AZN,2021-12-02
All The Reasons Stocks Could Fall - And Why You Shouldn't Care Regardless,Investors who obsess over short- to medium-term macro risks can easily get scared out of owning stocks entirely. Check out how to handle market selloffs.,2021-12-02 12:00:00+00:00,https://seekingalpha.com/article/4472884-all-the-reasons-stocks-could-fall-and-why-you-shouldnt-care-regardless,Seeking Alpha,0.14444444444444446,0.5861111111111111,positive,0.14444444444444446,False,False,False,False,False,False,False,False,0.0,228,"['AZN', 'BAC', 'GS', 'JNJ', 'JPM', 'MRNA', 'PFE', 'RIVN']",AZN,2021-12-02
"WHO has not seen any reports of deaths caused by omicron variant, urges people not to panic as delta still dominant","The World Health Organization said Friday it has not seen any reports of deaths caused by the new variant of the coronavirus that causes COVID-19 dubbed omicron, and again urged people not to panic as for now the delta strain remains dominant around the world.",2021-12-03 19:42:00+00:00,https://www.marketwatch.com/story/who-has-not-seen-any-reports-of-deaths-caused-by-omicron-variant-urges-people-not-to-panic-as-delta-still-dominant-11638546502,MarketWatch,0.13636363636363635,0.45454545454545453,positive,0.13636363636363635,False,False,False,False,False,False,False,False,0.0,377,"['BNTX', 'PFE', 'AZN', 'AZN']",AZN,2021-12-03
Could Moderna and AstraZeneca's mRNA Heart Failure Drug Candidate Be a Winner?,"Yes, but it could take a while.",2021-12-04 11:55:00+00:00,https://www.fool.com/investing/2021/12/04/could-moderna-and-astrazenecas-mrna-heart-failure/,The Motley Fool,-0.3166666666666667,0.3,negative,0.3166666666666667,False,False,False,False,False,False,False,False,0.0,111,"['MRNA', 'AZN']",AZN,2021-12-04
Here's Why AstraZeneca Stock Could Help Make You Rich,The pharmaceutical is a high-quality dividend stock that offers investors tremendous growth at a reasonable price.,2021-12-04 12:26:00+00:00,https://www.fool.com/investing/2021/12/04/heres-why-astrazeneca-stock-could-help-make-you-ri/,The Motley Fool,0.2520833333333333,0.5875,positive,0.2520833333333333,False,False,False,False,False,True,False,False,0.0,169,['AZN'],AZN,2021-12-04
"A new study finds that most COVID-19 boosters strengthen immunity, though there is no winning shot",The first study directly comparing COVID-19 boosters found that most shots improved immune responses in fully vaccinated people.,2021-12-05 15:40:00+00:00,https://www.marketwatch.com/story/a-new-study-finds-that-most-covid-19-vaccines-boost-immunity-though-there-is-no-winning-shot-11638554711,MarketWatch,0.20606060606060606,0.48964646464646466,positive,0.20606060606060606,False,False,False,False,False,False,False,False,0.0,228,"['BNTX', 'PFE', 'NVAX', 'VALN', 'AZN', 'AZN', 'CVAC', 'JNJ', 'MRNA']",AZN,2021-12-05
J&J (JNJ) COVID-19 Booster Jab Compares Well With Comirnaty,Booster dose of J&J's (JNJ) COVID-19 vaccine elicits comparable neutralizing activity and higher T-cell responses in previously-vaccinated persons with Comirnaty.,2021-12-06 15:27:00+00:00,https://www.zacks.com/stock/news/1835839/jj-jnj-covid-19-booster-jab-compares-well-with-comirnaty,Zacks Investment Research,0.25,0.5,positive,0.25,False,False,False,False,False,False,False,False,0.0,223,"['AZN', 'JNJ', 'PFE', 'BNTX']",AZN,2021-12-06
A Peek Into The Markets: US Stock Futures Higher Following Monday's Rally,"Pre-open movers
U.S. stock futures traded higher in early pre-market trade after the Dow Jones jumped around 650 points in the previous session. Investors are awaiting earnings results from  AutoZone, Inc.  (NYSE: AZO),  Designer Brands Inc. (NYSE: DBI) and  Toll Brothers, Inc.  (NYSE: TOL).
Data on international trade, nonfarm productivity and unit labor costs will be released at 8:30 a.m. ET. Data on consumer credit for October will be released at 3:00 p.m. ET.
Futures for the Dow Jones Industrial Average jumped 304 points to 35,516.00 while the Standard & Poor’s 500 index futures rose 53.75 points to 4,643.75. Futures for the Nasdaq 100 index climbed 273.25 points to 16,116.00.
The U.S. has the highest number of COVID-19 cases and deaths in the world, with total infections in the country exceeding 50,149,320 with around 810,250 deaths. India reported a total of at least 34,648,380 confirmed cases, while Brazil confirmed over 22,147,470 cases.
Oil prices traded higher as Brent crude futures gained 2.2% to trade at $74.66 per barrel, while US WTI crude futures rose 2.5% to trade at $71.23 a barrel. The API’s report on crude oil stocks ...",2021-12-07 11:11:27+00:00,https://www.benzinga.com/news/earnings/21/12/24474732/a-peek-into-the-markets-us-stock-futures-higher-following-mondays-rally,Benzinga,-0.013333333333333326,0.5933333333333334,neutral,0.013333333333333326,True,False,False,False,True,False,False,False,0.0,1232,"['SIMO', 'AZN', 'AZO', 'TOL', 'GLPI', 'COUP', 'DBI', 'ARKX']",AZN,2021-12-07
Should You Invest in the VanEck Pharmaceutical ETF (PPH)?,Sector ETF report for PPH,2021-12-07 11:20:07+00:00,https://www.zacks.com/stock/news/1836126/should-you-invest-in-the-vaneck-pharmaceutical-etf-pph,Zacks Investment Research,0.0,0.0,neutral,0.0,False,False,True,False,False,False,False,False,0.0,84,"['PPH', 'AZN', 'NVO', 'MRK', 'PJP', 'IHE']",AZN,2021-12-07
"The Daily Biotech Pulse: Acadia Jumps On Data, vTv Shelves Psoriasis Study, More Setbacks For Merck's HIV Program, Decision Day For Daré","Here's a roundup of top developments in the biotech space over the last 24 hours:
Stocks In Focus
Acadia Announces Positive Phase 3 Data For Trofinetide In Rett Syndrome
Acadia Pharmaceuticals Inc. (NASDAQ: ACAD) announced positive top-line results from a pivotal Phase 3 study evaluating the efficacy and safety of trofinetide in 187 girls and young women ages 5-20 with Rett syndrome.
The 12-week placebo-controlled study demonstrated a statistically significant improvement over placebo for both co-primary endpoints.
""The positive Lavender study results support a potential treatment for Rett syndrome and represent an important step forward in addressing this rare and serious neurological disease,"" said Jeffrey L. Neul, a study investigator.
The stock was up 15.98% to $22.50 in premarket trading.
vTv Stalls Psoriasis Study, Reduces Workforce Amid Focus On Lead Diabetes Program
vTv Therapeutics (NASDAQ: VTVT) announced the prioritization of its lead program TTP399 as it gears up for Phase 3 pivotal trials. Due to the strategic shift, Due to its shift in strategic focus, the company said it reduced its workforce by approximately 65% and paused development activities on HPP737, a PDE4 inhibitor for treatment of psoriasis, while it evaluates strategic options.
The stock was gaining 7.96% at $1.22 in premarket trading.
Merck Pauses Enrollment In 2 Late-Stage Studies Of HIV Drug
Merck & Co., Inc. (NYSE: MRK) announced a pause in enrollment for the IMPOWER 22 and IMPOWER 24 Phase 3 clinical studies evaluating investigational, once-monthly oral islatravir for pre-exposure prophylaxis in people at high risk of HIV-1 infection.
The pause was done at the recommendation of the external data monitoring committee, and while the company conducts further analysis of these and other ongoing studies. Participants already enrolled in the trials will continue to receive the study medicine.
The company said it is implementing additional monitoring measures for study participants, including increasing ...",2021-12-07 13:17:56+00:00,https://www.benzinga.com/general/biotech/21/12/24476267/the-daily-biotech-pulse-acadia-jumps-on-data-vtv-shelves-psoriasis-study-more-setbacks-for-mercks,Benzinga,0.1322038567493113,0.5458953168044076,positive,0.1322038567493113,False,False,False,False,False,False,False,False,0.2,2153,"['IDYA', 'ACAD', 'RNLX', 'CYTK', 'TSHA', 'GILD', 'IBB', 'INFI', 'AZN', 'BLU', 'GSK', 'MRK', 'ONCS', 'VTVT', 'IONS', 'DARE', 'MGTX', 'APTX', 'VIR']",AZN,2021-12-07
"Mix & Match Pfizer, AstraZeneca COVID-19 Vaccine With Moderna Shows Improved Immune Response","A British study evaluating mixing COVID-19 vaccines showed a better immune response in people after the first dose of AstraZeneca Plc (NASDAQ: AZN) or Pfizer Inc (NYSE: PFE) / BioNTech SE (NASDAQ: BNTX) shots followed by Moderna Inc's (NASDAQ: MRNA) nine weeks later.

AstraZeneca-Oxford vaccine followed by a Moderna or Novavax Inc (NASDAQ: NVAX) shot showed ...",2021-12-07 18:03:47+00:00,https://www.benzinga.com/general/biotech/21/12/24485624/mix-match-pfizer-astrazeneca-covid-19-vaccine-with-moderna-shows-improved-immune-response,Benzinga,0.1875,0.20833333333333331,positive,0.1875,False,False,False,False,False,False,False,False,0.0,457,"['NVAX', 'AZN', 'PFE', 'MRNA', 'BNTX']",AZN,2021-12-07
Why Novavax Stock Is Soaring Today,Investors are excited about two positive stories for Novavax.,2021-12-07 18:19:38+00:00,https://www.fool.com/investing/2021/12/07/why-novavax-stock-is-soaring-today/,The Motley Fool,0.30113636363636365,0.6477272727272727,positive,0.30113636363636365,False,False,False,False,False,False,False,False,0.0,97,"['NVAX', 'AZN']",AZN,2021-12-07
Ionis (IONS) Collaborates With AstraZeneca for Eplontersen,Ionis (IONS) and AstraZeneca (AZN) are set to have joint development and commercialization rights of eplontersen in the United States. AstraZeneca will have exclusive rights to commercialize it in the rest of the world.,2021-12-08 10:37:00+00:00,https://www.zacks.com/stock/news/1836621/ionis-ions-collaborates-with-astrazeneca-for-eplontersen,Zacks Investment Research,0.0,0.0,neutral,0.0,False,False,False,True,False,False,False,False,0.0,279,"['AZN', 'NVS', 'BIIB', 'IONS']",AZN,2021-12-08
"The Daily Biotech Pulse: Reata Plunges On Adcom Snub, AstraZeneca Antibody Cocktail Authorized For COVID-19 Prevention, NeuroSense IPO","Here's a roundup of top developments in the biotech space over the last 24 hours:
Stocks In Focus
FDA Committee Votes Against Recommending Approval Of Kidney Disease Drug
Reata Pharmaceuticals, Inc. (NASDAQ: RETA) said the U.S. Food and Drug Administration's Cardiovascular and Renal Drugs Advisory Committee voted no on the question of whether the provided evidence demonstrated that bardoxolone is effective in slowing the progression of chronic kidney disease in patients with Alport syndrome and that its benefits outweigh its risks.
""We believe the scientific evidence supports bardoxolone approval in the U.S. for CKD in patients with Alport syndrome, which is one of the most rapidly progressive forms of CKD. We will continue to work with the FDA to answer any questions they may have,"" said Warren Huff, CEO of Reata. The regulatory application has a PDUFA action date of Feb. 25, 2022.
The stock was slumping 42.98% to $31.03 in premarket trading.
AstraZeneca Receives FDA Authorization For Antibody Cocktail For Prevention Of COVID Infection
AstraZeneca plc. (NASDAQ: AZN) announced the FDA issued an  emergency use authorization  for its Evusheld, a long-acting antibody cocktail, for the pre-exposure prophylaxis of COVID-19 in certain adults and pediatric individuals.
Orphazyme's Announces Resignation Of Board Member, Chair Of Audit Committee
Orphazyme A/S (NASDAQ: ORPH) said its board member Catherine Moukheibir has stepped down from the position effective Thursday.
Orphazyme has appointed Andrew Mercieca as observer and consultant to the board with the intention that he will be proposed as a member of board at the company's annual general meeting, which is scheduled to be held on April 7, 2022.
Upon election to the board, Mercieca will also take over as chairman of ...",2021-12-09 12:47:39+00:00,https://www.benzinga.com/general/biotech/21/12/24520476/the-daily-biotech-pulse-reata-plunges-on-adcom-snub-astrazeneca-antibody-cocktail-authorized-for-,Benzinga,0.24087301587301585,0.4126984126984127,positive,0.24087301587301585,False,False,True,False,False,False,True,False,0.0,1931,"['IBB', 'ONCY', 'QGEN', 'AZN', 'APDN', 'IMV', 'ATRA', 'SQZ', 'AUPH', 'RLMD', 'BGNE', 'RETA', 'APTX', 'IPHA', 'ORPH', 'AMAM']",AZN,2021-12-09
New Strong Sell Stocks for December 9th,"AZN, DLB, GFF, WWW, and RIOT have been added to the Zacks Rank #5 (Strong Sell) List on December 9, 2021.",2021-12-09 15:11:00+00:00,https://www.zacks.com/stock/news/1837417/new-strong-sell-stocks-for-december-9th,Zacks Investment Research,0.05075757575757571,0.7053030303030303,neutral,0.05075757575757571,False,False,False,False,False,False,False,False,0.0,146,"['DLB', 'AZN', 'WWW', 'RIOT', 'GFF']",AZN,2021-12-09
AstraZeneca (AZN) Gets FDA Nod for COVID Prevention Drug,"With emergency approval from the FDA, AstraZeneca's (AZN) Evusheld is the first cocktail antibody drug approved in the United States to prevent COVID-19 symptoms before virus exposure.",2021-12-09 15:53:00+00:00,https://www.zacks.com/stock/news/1837451/astrazeneca-azn-gets-fda-nod-for-covid-prevention-drug,Zacks Investment Research,0.25,0.3333333333333333,positive,0.25,False,False,True,False,False,False,False,False,0.0,242,"['REGN', 'AZN', 'GSK', 'LLY']",AZN,2021-12-09
"Omicron cases have been 'mild,' says CDC director, though majority so far are in the vaccinated",The number of people who have tested positive for omicron in the U.S. remains low but hospitals and health officials remain on high alert.,2021-12-10 12:44:00+00:00,https://www.marketwatch.com/story/omicron-cases-have-been-mild-says-cdc-director-though-majority-so-far-are-in-the-vaccinated-11639063116,MarketWatch,0.16412121212121214,0.5770909090909091,positive,0.16412121212121214,False,False,False,False,False,False,True,False,0.2,235,"['AZN', 'AZN', 'BNTX', 'PFE']",AZN,2021-12-10
"Pharma Stock Roundup: PFE Booster Works on Omicron, AZN COVID Cocktail Gets FDA Nod",Pfizer (PFE) and BioNTech's COVID-19 booster shot proves effective against the Omicron variant. FDA grants EUA to AstraZeneca's (AZN) cocktail antibody for pre-exposure prophylaxis (prevention) of COVID-19.,2021-12-10 13:21:00+00:00,https://www.zacks.com/stock/news/1837823/pharma-stock-roundup-pfe-booster-works-on-omicron-azn-covid-cocktail-gets-fda-nod,Zacks Investment Research,0.44999999999999996,0.4,positive,0.44999999999999996,False,False,True,False,False,False,False,False,0.0,291,"['AZN', 'PFE', 'MRK', 'LLY', 'ABBV']",AZN,2021-12-10
Aprea (APRE) Reports FDA Removal of Clinical Hold on Study,The FDA removes its clinical hold on Aprea Therapeutics' (APRE) clinical study evaluating eprenetapopt combination study in lymphoid malignancies.,2021-12-10 15:30:00+00:00,https://www.zacks.com/stock/news/1837987/aprea-apre-reports-fda-removal-of-clinical-hold-on-study,Zacks Investment Research,0.0,0.0,neutral,0.0,False,False,True,False,False,False,False,False,0.0,206,"['AZN', 'ABBV', 'APRE']",AZN,2021-12-10
How Quickly Could Vaccines Targeting the Omicron Variant Be Available?,It depends on what data the FDA requires.,2021-12-11 17:35:30+00:00,https://www.fool.com/investing/2021/12/11/how-quickly-could-vaccines-targeting-the-omicron-v/,The Motley Fool,0.3666666666666667,0.45,positive,0.3666666666666667,False,False,True,False,False,False,False,False,0.0,113,"['PFE', 'JNJ', 'AZN', 'MRNA', 'BNTX']",AZN,2021-12-11
"The Week Ahead In Biotech (Dec. 12-18): Hematology Conference Presentations, FDA Decisions For Calliditas, Argenx, Intra-Cellular & Eagle Pharma And More","Biotech stocks closed out the week ending Dec. 10 with modest losses as investors moved money out of defensives and into risky bets amid the broader market rebound.
Multiple conference presentations took center stage during the week, moving stocks in either direction. On the regulatory front, the Food and Drug Administration authorized AstraZeneca plc's (NASDAQ: AZN) pre-exposure prophylactic COVID-19 treatment. AbbVie, Inc. (NYSE: ABBV) unit Allergan received clearance for its Vuity, the first eye drop approved in the U.S. to treat presbyopia.
Reata Pharmaceuticals, Inc. (NASDAQ: RETA) came under significant selling pressure during the week after an Adcom committee did not recommend  approval of its bardoxolone methyl capsules for slowing the progression of chronic kidney disease in those with the rare Alport syndrome. The stock fell 63% for the week.
Cingulate Inc. (NASDAQ: CING) and NeuroSense Therapeutics Ltd.(NASDAQ: NRSN) were among the companies that debuted this week following their initial public offerings.
Here are the key catalytic events for the unfolding week:
Conferences
63rd American ...",2021-12-12 21:56:33+00:00,https://www.benzinga.com/general/biotech/21/12/24562705/the-week-ahead-in-biotech-dec-12-18-hematology-conference-presentations-fda-decisions-for-callidi,Benzinga,0.10192307692307692,0.375,positive,0.10192307692307692,True,False,True,False,False,False,False,False,0.0,1274,"['NRSN', 'ENDP', 'IBB', 'AZN', 'BMY', 'ABBV', 'BLUE', 'EGRX', 'ITCI', 'CLLS', 'RETA', 'ARGX', 'ALLO', 'CALT', 'CING']",AZN,2021-12-12
2 Top Biotech Stocks To Buy Right Now,Growing global demand for prescription drugs in the years ahead bodes well for these two stocks. Buy them now while they're still cheap.,2021-12-13 11:50:00+00:00,https://www.fool.com/investing/2021/12/13/2-top-biotech-stocks-to-buy-right-now/,The Motley Fool,0.29642857142857143,0.4339285714285714,positive,0.29642857142857143,False,True,False,False,False,False,False,False,0.0,175,"['AZN', 'MRK', 'BMY']",AZN,2021-12-13
"UK Reports First Omicron Death, PM Johnson Encourages Boosters","U.K. Prime Minister Boris Johnson has announced his nation’s first death from the omicron variant of COVID-19.
What Happened: The BBC reported that Johnson alerted reporters to the fatality during a visit to a vaccination center.
“I think the idea that this is somehow a milder version of the virus, I think that’s something we need to set on one side and just recognize the sheer pace at which it accelerates through the population,” Johnson said. “So, the best thing we can do is all get our boosters.”
Johnson declared an “omicron emergency” in a televised address to the nation on Sunday night, stating that booster shots of the COVID vaccine will be ...",2021-12-13 16:24:27+00:00,https://www.benzinga.com/government/21/12/24573536/uk-reports-first-omicron-death-pm-johnson-encourages-boosters,Benzinga,0.27999999999999997,0.36333333333333334,positive,0.27999999999999997,False,False,False,False,False,False,False,False,0.2,722,"['AZN', 'JNJ', 'PFE', 'MRNA', 'BNTX']",AZN,2021-12-13
"The Daily Biotech Pulse: Mesoblast, Novartis Sever COVID-19 Treatment Partnerships, Sigilon To Reduce Workforce, ASH Presentations Move Stocks","Here's a roundup of top developments in the biotech space over the last 24 hours:
Stocks In Focus
Vaccitech To Buy Avidea For $40M
Vaccitech plc (NASDAQ: VACC) announced that it has acquired U.S.-based Avidea Technologies, Inc. The consideration to Avidea's existing shareholders is $40 million, comprised of approximately $12.5 million in cash and $27.5 million in Vaccitech ADSs, in addition to potential future payments that are conditioned upon the achievement of certain development milestones.
Vaccitech sees the proposed deal as strengthening its immunotherapy and vaccine portfolio.
Sigilon Announces Job Cuts As Part Of Strategic Reprioritization
Sigilon Therapeutics, Inc. (NASDAQ: SGTX) announced a strategic reprioritization to enable it to focus on MPS-1 and diabetes.
As part of its plan to refocus its pipeline, the company plans to make workforce reductions that are expected to extend its cash runway.
The stock was adding 6.27% to $3.05 in premarket trading.
Mesoblast Announces Termination Of COVID-19 Stem Cell Therapy Partnership With Novartis
Mesoblast Limited (NASDAQ MESO) said it was notified today by Novartis AG (NYSE: NVS) that it has chosen to terminate the agreement with Mesoblast prior to closing.
Mesoblast said it remains highly focused on executing on its short-term objective to bring remestemcel-L to market for patients with acute respiratory distress syndrome due to COVID-19.
Mesoblast shares were shedding 7.99% to $5.30 in premarket trading.
Related Link:  The Week Ahead In Biotech (Dec. 12-18): Hematology Conference Presentations, FDA Decisions For Calliditas, Argenx, Intra-Cellular & Eagle Pharma And More 
Moderna COVID-19 Vaccine Manufactured By Samsung Biologics Authorized In South Korea; Company Announces Plans For Australian Plant
Moderna, Inc. (NASDAQ: MRNA) announced the Ministry of Food and Drug Safety of Korea has issued a marketing authorization for Spikevax, ...",2021-12-14 13:22:02+00:00,https://www.benzinga.com/general/biotech/21/12/24588690/the-daily-biotech-pulse-mesoblast-novartis-sever-covid-19-treatment-partnerships-sigilon-to-reduc,Benzinga,0.07516806722689075,0.36593837535014007,neutral,0.07516806722689075,False,True,True,True,False,False,False,False,0.0,2068,"['IBB', 'CNTA', 'AZN', 'BLU', 'NVS', 'FATE', 'ATRA', 'APTO', 'CLSD', 'SELB', 'MOLN', 'MRNA', 'SGTX', 'SNSE', 'VACC']",AZN,2021-12-14
"Apellis (APLS), Sobi Get EU Nod for Rare Blood Disorder Drug",The European Commission approves Apellis (APLS) and Sobi's Aspaveli for the treatment of paroxysmal nocturnal hemoglobinuria in adult patients. Shares rise.,2021-12-16 14:38:00+00:00,https://www.zacks.com/stock/news/1840133/apellis-apls-sobi-get-eu-nod-for-rare-blood-disorder-drug,Zacks Investment Research,0.13333333333333333,0.39999999999999997,positive,0.13333333333333333,False,False,False,False,False,False,False,False,0.0,218,"['AZN', 'SRPT', 'EDIT', 'APLS']",AZN,2021-12-16
New COVID-19 booster candidates are still being developed as omicron spreads,The rapid spread of the omicron variant is the latest reminder that COVID-19 boosters may be necessary both now and in the future.,2021-12-17 14:40:00+00:00,https://www.marketwatch.com/story/drug-makers-move-forward-with-new-covid-19-booster-candidates-amid-omicrons-spread-and-mass-booster-campaigns-11639608047,MarketWatch,0.14727272727272728,0.5559090909090909,positive,0.14727272727272728,False,False,False,False,False,False,False,False,0.0,208,"['VALN', 'GOVX', 'GSK', 'GSK', 'SNY', 'BNTX', 'PFE', 'MRNA', 'AZN', 'AZN']",AZN,2021-12-17
U.S. CDC Recommends mRNA COVID-19 Vaccines Over J&J's Jab,"The U.S. Centers for Disease Control and Prevention prefers the use of PFE, BNTX and MRNA's mRNA-based COVID-19 vaccines instead of J&J's adenovirus-based vaccine due to higher risks of side effects.",2021-12-17 15:18:00+00:00,https://www.zacks.com/stock/news/1840632/us-cdc-recommends-mrna-covid-19-vaccines-over-jjs-jab,Zacks Investment Research,0.0625,0.4375,neutral,0.0625,False,False,False,False,False,False,False,False,0.0,258,"['AZN', 'JNJ', 'PFE', 'MRNA', 'BNTX']",AZN,2021-12-17
This New Study Could Give Moderna a Big Advantage in 2022,Mixing and matching vaccines could go in the company's favor.,2021-12-17 16:49:00+00:00,https://www.fool.com/investing/2021/12/17/this-new-study-could-give-moderna-a-big-advantage/,The Motley Fool,0.06818181818181818,0.2772727272727273,neutral,0.06818181818181818,False,False,False,False,False,False,False,False,0.0,120,"['MRNA', 'PFE', 'AZN']",AZN,2021-12-17
Astrazeneca (AZN) Dips More Than Broader Markets: What You Should Know,"Astrazeneca (AZN) closed at $56.02 in the latest trading session, marking a -1.87% move from the prior day.",2021-12-17 23:00:08+00:00,https://www.zacks.com/stock/news/1840799/astrazeneca-azn-dips-more-than-broader-markets-what-you-should-know,Zacks Investment Research,0.225,0.375,positive,0.225,False,False,False,False,False,False,False,False,0.0,179,['AZN'],AZN,2021-12-17
Is This New Data on Valneva's Less-Effective Booster Concerning?,Some recent dismal results for Valneva's vaccine looked bad. But there could be more to the story.,2021-12-18 12:55:00+00:00,https://www.fool.com/investing/2021/12/18/is-this-new-data-on-valnevas-less-effective-booste/,The Motley Fool,-0.015909090909090873,0.4678030303030303,neutral,0.015909090909090873,False,False,False,False,False,False,False,False,0.0,164,"['VALN', 'PFE', 'AZN', 'BNTX']",AZN,2021-12-18
The Week Ahead In Biotech (Dec. 19-25): Amgen And Aquestive Regulatory Decisions Key Events Of Holiday-Shortened Week,"Biotech stocks reversed course and advanced solidly in the week ending Dec. 17, as an increase in risk aversion pushed investors to buy into defensive stocks. The sector also drew strength from some positive stock-specific news.
Among the regulatory decisions for the week, the Food and Drug Administration gave the green light to argenx SE's (NASDAQ: ARGX) efgartigimod for the treatment of generalized myasthenia gravis.
AstraZeneca plc (NASDAQ: AZN) and Amgen, Inc. (NASDAQ: AMGN) announced an FDA nod for their Tezspire as a treatment option for severe asthma for those aged 12 years and older. Bristol-Myers Squibb Company's (NYSE: BMY) Orencia was approved for the prophylactic treatment of acute graft-versus-host disease.
Calliditas Therapeutics AB (publ) (NASDAQ: CALT) scored an FDA win for Tarpeyo, the first-approved treatment to reduce proteinuria in adults with primary immunoglobulin A nephropathy at risk of rapid disease progression.
Galera Therapeutics, Inc. (NASDAQ: ...",2021-12-19 17:54:53+00:00,https://www.benzinga.com/general/biotech/21/12/24690303/the-week-ahead-in-biotech-dec-19-25-amgen-and-aquestive-regulatory-decisions-key-events-of-holida,Benzinga,0.24490358126721762,0.5253443526170799,positive,0.24490358126721762,False,True,True,False,False,False,False,False,0.0,1108,"['AMGN', 'IBB', 'NVAX', 'AZN', 'BMY', 'JPM', 'GNTA', 'ARGX', 'AQST', 'GRTX', 'CALT', 'IMMX', 'BNOX', 'NXGL']",AZN,2021-12-19
Is Argenx a Good Biotech Stock to Buy for 2022?,"The recent approval of this drugmaker's first product is giving reasons to cheer now, but what about down the road?",2021-12-20 11:59:00+00:00,https://www.fool.com/investing/2021/12/20/is-argenx-a-good-biotech-stock-to-buy-for-2022/,The Motley Fool,0.1986111111111111,0.3680555555555556,positive,0.1986111111111111,False,True,False,False,True,False,False,False,0.0,164,"['ARGX', 'AZN']",AZN,2021-12-20
"A COVID-19 recovery offers low protection against omicron variant but boosters are effective, London study finds","The omicron variant of the coronavirus that causes COVID-19 evades immunity from past infection or from two doses of a vaccine, according to a new research report from England published on Friday.",2021-12-20 12:29:00+00:00,https://www.marketwatch.com/story/a-covid-19-recovery-offers-low-protection-against-omicron-variant-but-boosters-are-effective-london-study-finds-11639767510,MarketWatch,0.11727272727272726,0.36090909090909096,positive,0.11727272727272726,False,False,False,False,False,False,False,False,0.0,310,"['PFE', 'AZN', 'AZN']",AZN,2021-12-20
Omicron Variant Puts COVID-19 Antibody Treatments in Focus,"We take a look at the data reported so far on antibody treatments by Regeneron (REGN), AstraZeneca (AZN) and Vir (VIR) amid the Omicron variant scare. The results have been mixed mostly.",2021-12-20 14:26:00+00:00,https://www.zacks.com/stock/news/1841063/omicron-variant-puts-covid-19-antibody-treatments-in-focus,Zacks Investment Research,0.19999999999999998,0.5833333333333334,positive,0.19999999999999998,False,False,False,False,False,False,False,False,0.0,246,"['REGN', 'AZN', 'GSK', 'VIR']",AZN,2021-12-20
"Amgen, AstraZeneca's Asthma Drug Tezepelumab Gets FDA Nod",Amgen (AMGN) and AstraZeneca's (AZN) Tezspire is the only biologic medicine approved by the FDA to treat severe asthma with no phenotype limitation and irrespective of biomarker levels.,2021-12-20 15:53:00+00:00,https://www.zacks.com/stock/news/1841198/amgen-astrazenecas-asthma-drug-tezepelumab-gets-fda-nod,Zacks Investment Research,0.0,1.0,neutral,0.0,False,False,True,False,False,False,False,False,0.0,244,"['REGN', 'AZN', 'GSK', 'AMGN']",AZN,2021-12-20
What Are the Best Vaccine Stocks to Own in 2022?,The most-advanced vaccine developers will continue to lead the pack.,2021-12-21 11:00:00+00:00,https://www.fool.com/investing/2021/12/21/what-are-the-best-vaccine-stocks-to-own-in-2022/,The Motley Fool,0.8,0.65,positive,0.8,False,False,False,False,False,False,False,False,0.0,118,"['PFE', 'AZN', 'JNJ', 'MRNA']",AZN,2021-12-21
3 Things About Novavax That Smart Investors Know,2022 will be a watershed year for the company in more ways than one.,2021-12-21 11:30:00+00:00,https://www.fool.com/investing/2021/12/21/3-things-about-novavax-that-smart-investors-know/,The Motley Fool,0.35714285714285715,0.5714285714285714,positive,0.35714285714285715,False,False,False,False,False,False,False,False,0.0,118,"['NVAX', 'PFE', 'JNJ', 'AZN']",AZN,2021-12-21
"Data suggest boosters are essential to avoid omicron infection, and Fauci says the best way to protect kids is to make sure adults around them are fully vaccinated","Early data suggests that only the COVID-19 vaccines developed by Pfizer and German partner BioNTech and Moderna, bolstered by a booster shot, are effective against infection with the new omicron variant, with other vaccines such as AstraZeneca's and Johnson & Johnson's failing to offer enough protection.",2021-12-21 12:37:00+00:00,https://www.marketwatch.com/story/data-suggests-boosters-essential-to-avoid-omicron-infection-and-fauci-says-best-way-to-protect-kids-is-make-sure-adults-around-them-are-fully-vaccinated-11640015608,MarketWatch,0.19261363636363638,0.47653619528619523,positive,0.19261363636363638,False,False,False,False,False,False,False,False,0.0,470,"['PFE', 'BNTX', 'AZN', 'JNJ', 'MRNA', 'NVAX']",AZN,2021-12-21
3 Year-To-Date Winners Set For More Highs As Omicron Fears Jolt Markets,,2021-12-22 11:30:00+00:00,https://www.investing.com/analysis/3-yeartodate-winners-set-for-more-highs-as-omicron-fears-jolt-markets-200612369,Investing.com,0.5,0.5,positive,0.5,False,False,False,False,False,False,False,False,0.0,73,"['PFE', 'BNTX', 'JNJ', 'AZN', 'MRK', 'LLY', 'TMO', 'DDOG', 'FDX', 'T', 'ABNB']",AZN,2021-12-22
Wall Street Breakfast: A Fourth Dose?,"Listen on the go! A daily podcast of Wall Street Breakfast will be available by 8:00 a.m. on Seeking Alpha, iTunes, Stitcher and Spotify.",2021-12-22 12:15:20+00:00,https://seekingalpha.com/article/4476379-wall-street-breakfast-fourth-dose,Seeking Alpha,0.13333333333333333,0.13333333333333333,positive,0.13333333333333333,False,False,False,False,False,False,False,False,0.0,176,"['QDEL', 'ABT', 'BDX', 'DGX', 'DAL', 'PFE', 'MRK', 'K', 'DE', 'MDLZ', 'WMT', 'AZN', 'NVAX', 'NKLA', 'BB', 'GSK']",AZN,2021-12-22
AstraZeneca's (AZN) Ultomiris sBLA Gets FDA Priority Review,The FDA accepts and grants priority review to AstraZeneca's (AZN) sBLA for Ultomiris for treating adults with generalized myasthenia gravis. A decision is expected in the second quarter of 2022.,2021-12-22 15:44:00+00:00,https://www.zacks.com/stock/news/1842349/astrazenecas-azn-ultomiris-sbla-gets-fda-priority-review,Zacks Investment Research,-0.05,0.2,neutral,0.05,False,False,True,False,False,False,False,False,0.0,255,"['AZN', 'GSK', 'ENDP', 'RGEN']",AZN,2021-12-22
AstraZeneca says COVID-19 booster effective against omicron in study,"Antibody levels against omicron following a third dose of its vaccine were broadly similar to antibody levels against the Delta variant achieved after two doses, said the pharmaceutical group.",2021-12-23 08:05:00+00:00,https://www.marketwatch.com/story/astrazeneca-says-covid-19-booster-shot-was-effective-against-omicron-in-study-271640245287,MarketWatch,0.15,0.325,positive,0.15,False,False,False,False,False,False,False,False,0.0,262,"['AZN', 'AZN']",AZN,2021-12-23
A Large Bet On This Vaccine Stock Rallying More Than 40%,"All eyes have been on vaccine stocks, including Pfizer Inc. (NYSE: PFE), AstraZeneca PLC (NASDAQ: AZN) and Moderna Inc (NASDAQ: MRNA), with the rapid spread of the Omicron variant.
One trader is betting on a sharp turnaround in Moderna’s stock, ...",2021-12-23 13:05:10+00:00,https://www.benzinga.com/trading-ideas/long-ideas/21/12/24751374/a-large-bet-on-this-vaccine-stock-rallying-more-than-40,Benzinga,0.19642857142857142,0.5595238095238095,positive,0.19642857142857142,False,False,False,False,False,False,False,False,0.0,306,"['AZN', 'PFE', 'MRNA']",AZN,2021-12-23
"These wild market forecasts have a 50% chance of coming true in 2022, says hedge-fund investor","Our call of the day veers into what-if territory, with some rather outrageous (or maybe not) market forecasts gathered by hedge-fund manager Doug Kass.",2021-12-23 14:41:00+00:00,https://www.marketwatch.com/story/these-wild-market-forecasts-have-a-50-chance-of-happening-in-2022-says-hedge-fund-investor-11640262302,MarketWatch,-0.18333333333333335,0.6833333333333332,negative,0.18333333333333335,False,False,False,False,False,False,False,False,0.0,247,"['ARKK', 'FB', 'GOOGL', 'AMZN', 'GM', 'F', 'HOOD', 'JPM', 'AZN', 'NVAX', 'TSLA', 'XOM', 'JD', 'COMP', 'AMC', 'GME', 'NIO', 'AAPL']",AZN,2021-12-23
Tesla Leads Automobile Stocks to be Among Wednesday's Top Performers,"Stock index futures point higher as investors look to add to two days of gains. Thursday is the last trading day of the week because markets are closed on Friday in observance of the Christmas holiday. Today will also be a lightly traded day because many investors will be getting an early start on their holiday celebrations. Traders looking to get into any market action today should be careful with the lower volumes and consider taking smaller positions and scaling in for better pricing. If stocks follow past patterns, it’s likely that the first 30-60 minutes will see decent volumes, and then trading usually gets increasingly thinner throughout the day.
According to Barron’s, the news and data around the Omicron variant are slow but increasingly positive. A study by South Africa’s National Institute of Communicable Diseases found that people infected with the Omicron variant were 70% to 80% less likely to be hospitalized than those infected with the Delta variant. Additionally, Novavax (NASDAQ: NVAX) and AstraZeneca (NASDAQ: AZN) both reported that their boosters were effective against the Omicron variant.
The developments are helping stocks like Norwegian Cruise Line (NYSE: NCLH), which was 2.52% higher in premarket trading. Additionally, Delta Air Lines (NYSE: DAL) was up 1.23% and Las Vegas Sands (NYSE: LVS) was up 4.40%. Investors appear to be increasingly more comfortable with the idea that Omicron isn’t as dangerous as other variants and that those travelers are willing to live with the risks.  
Despite the increasingly positive sentiment, Omicron is still causing issues. Apple (NASDAQ: AAPL) announced that it was temporarily closing 8 stores due to the spread of the virus. As people gather for the holiday weekend, it’s likely that Omicron will spread and cases will rise in the United States, but hopefully, the cases will be milder like South Africa has experienced so far.
In merger and acquisition news, Quidel (NASDAQ: QDEL) was trading 13.46% lower in premarket trading on news that the company is acquiring Ortho Clinical Diagnostics (NASDAQ: OCDX) for approximately $6 billion in cash and stocks. Ortho was up 7.88% before the bell.
Some positive economic news was reported this morning with durables goods orders slightly better than forecasted. However, the Core PCE Price Index saw inflation grow at a faster pace than expected. In fact, personal incomes came in higher, but when adjusted for the income they were flat. The 10-year Treasury yield (TNX) was up before the news but saw a slight drop after the reports.
Hopefully, the positive momentum can last into next week as investors look for the much-discussed Santa Claus rally.
In Tuesday’s trading, consumer discretionary ...",2021-12-23 14:50:09+00:00,https://www.benzinga.com/news/earnings/21/12/24756695/tesla-leads-automobile-stocks-to-be-among-wednesdays-top-performers,Benzinga,0.10769104084321475,0.4820322793148881,positive,0.10769104084321475,False,True,False,False,False,False,False,False,0.0,2799,"['AAPL', 'CTAS', 'NVAX', 'PAYX', 'QDEL', 'AZN', 'DAL', 'F', 'GT', 'KMX', 'LVS', 'TSLA', 'NCLH', 'OCDX', 'RIVN']",AZN,2021-12-23
Stocks To Add To Win Streak As Investors Appear More Comfortable With Omicron Data,,2021-12-23 15:24:00+00:00,https://www.investing.com/analysis/stocks-to-add-to-win-streak-as-investors-appear-more-comfortable-with-omicron-data-200612547,Investing.com,0.5666666666666668,0.5666666666666668,positive,0.5666666666666668,False,False,False,False,False,False,False,False,0.0,84,"['NVAX', 'AZN', 'NCLH', 'DAL', 'LVS', 'AAPL', 'QDEL', 'OCDX', 'PAYX', 'CTAS', 'KMX', 'FLEX', 'TSLA', 'GM', 'ICE', 'F', 'GFS', 'RIVN', 'GT']",AZN,2021-12-23
FDA adds Merck antiviral to COVID-19 tool kit for high-risk adults above 18 amid flurry of positive news on boosters,"The U.S. Food and Drug Administration authorized Merck's COVID-19 antiviral for adults who have tested positive for the virus and are at high risk of disease progression early Thursday, granting it a more limited use than the rival one from Pfizer that was authorized on Wednesday.",2021-12-23 18:27:00+00:00,https://www.marketwatch.com/story/fda-adds-merck-antiviral-to-covid-19-tool-kit-for-high-risk-adults-above-18-amid-flurry-of-positive-news-on-boosters-11640274628,MarketWatch,0.16330241187384043,0.38196660482374767,positive,0.16330241187384043,False,False,True,False,False,False,False,False,0.0,399,"['MRK', 'PFE', 'NVAX', 'AZN', 'AZN']",AZN,2021-12-23
Oil logs 4% weekly rise as omicron jitters fade,"Oil futures rise for a third straight session Thursday, ending a holiday-shortened week with  gains as worries over omicron's effect on demand faded.",2021-12-23 20:34:00+00:00,https://www.marketwatch.com/story/oil-edges-higher-after-ending-at-nearly-1-month-high-11640265678,MarketWatch,0.1,0.2,neutral,0.1,False,False,False,False,False,False,False,False,0.0,198,"['XOM', 'AZN', 'NVAX', 'PFE', 'MRK']",AZN,2021-12-23
3 COVID Stocks to Fight Omicron,"Pfizer, AstraZeneca, and Novavax will be important players in the next stages of the world's battle against the pandemic.",2021-12-23 22:00:00+00:00,https://www.fool.com/investing/2021/12/23/3-covid-stocks-to-fight-omicron/,The Motley Fool,0.2,0.5,positive,0.2,False,False,False,False,False,False,False,False,0.2,154,"['PFE', 'AZN', 'NVAX']",AZN,2021-12-23
Astrazeneca (AZN) Stock Sinks As Market Gains: What You Should Know,"Astrazeneca (AZN) closed the most recent trading day at $57.64, moving -0.76% from the previous trading session.",2021-12-23 23:15:19+00:00,https://www.zacks.com/stock/news/1843111/astrazeneca-azn-stock-sinks-as-market-gains-what-you-should-know,Zacks Investment Research,0.026666666666666665,0.2033333333333333,neutral,0.026666666666666665,False,False,False,False,False,False,False,False,0.0,181,['AZN'],AZN,2021-12-23
Pfizer's Status As The 'Pandemic Exterminator' Makes Them A Favorite For 2022,Pfizer's COVID Franchise fuels accelerated growth across all its business lines. Read more to see why PFE is well suited for income-oriented investors.,2021-12-24 09:12:27+00:00,https://seekingalpha.com/article/4476695-pfizer-pfe-pandemic-exterminator-2022-favorite,Seeking Alpha,0.5,0.75,positive,0.5,False,False,False,False,False,False,False,False,0.0,230,"['ABT', 'AZN', 'JNJ', 'MRK', 'MRNA', 'PFE']",AZN,2021-12-24
"S&P 500 sweeps to record close, stocks end higher for 3rd day in final session before Christmas","U.S. stocks book a third straight gain Thursday, with the S&P 500 ending at its 68th record close this year, on optimism that the omicron variant of COVID won't derail global economies.",2021-12-24 14:02:00+00:00,https://www.marketwatch.com/story/s-p-500-hints-at-a-run-toward-all-time-highs-as-futures-rise-in-final-session-before-christmas-11640258415,MarketWatch,0.075,0.31666666666666665,neutral,0.075,False,False,False,False,False,False,False,False,0.0,282,"['COMP', 'AZN', 'AZN', 'MRK', 'NVAX', 'OCDX', 'JD']",AZN,2021-12-24
Astrazeneca (AZN) Stock Sinks As Market Gains: What You Should Know,"Astrazeneca (AZN) closed at $57.64 in the latest trading session, marking a -0.76% move from the prior day.",2021-12-24 23:00:17+00:00,https://www.zacks.com/stock/news/1843509/astrazeneca-azn-stock-sinks-as-market-gains-what-you-should-know,Zacks Investment Research,0.075,0.25,neutral,0.075,False,False,False,False,False,False,False,False,0.0,176,['AZN'],AZN,2021-12-24
Novavax (NVAX) COVID Jab Gets Nod for Emergency Use in India,Novavax (NVAX) secures approval in India for emergency use of its COVID-19 vaccine.,2021-12-29 15:22:00+00:00,https://www.zacks.com/stock/news/1844950/novavax-nvax-covid-jab-gets-nod-for-emergency-use-in-india,Zacks Investment Research,0.0,0.0,neutral,0.0,False,False,True,False,False,False,False,False,0.0,145,"['AZN', 'PFE', 'NVAX', 'BNTX']",AZN,2021-12-29
AstraZeneca (AZN) Closes Agreement for Eplontersen With Ionis,AstraZeneca (AZN) closes its agreement with Ionis for jointly developing and commercializing eplontersen in the United States.,2021-12-30 15:07:00+00:00,https://www.zacks.com/stock/news/1845504/astrazeneca-azn-closes-agreement-for-eplontersen-with-ionis,Zacks Investment Research,0.0,0.0,neutral,0.0,False,False,False,True,False,False,False,False,0.0,189,"['AZN', 'GSK', 'ENDP', 'IONS']",AZN,2021-12-30
Astrazeneca (AZN) Dips More Than Broader Markets: What You Should Know,"In the latest trading session, Astrazeneca (AZN) closed at $58.47, marking a -0.31% move from the previous day.",2021-12-30 23:15:19+00:00,https://www.zacks.com/stock/news/1845752/astrazeneca-azn-dips-more-than-broader-markets-what-you-should-know,Zacks Investment Research,0.18333333333333335,0.4166666666666667,positive,0.18333333333333335,False,False,False,False,False,False,False,False,0.0,183,['AZN'],AZN,2021-12-30
Could AstraZeneca Help You Retire a Millionaire?,The company is riding an unstoppable long-term trend: strong demand for lifesaving medicines.,2022-01-01 11:55:00+00:00,https://www.fool.com/investing/2022/01/01/could-astrazeneca-help-you-retire-a-millionaire/,The Motley Fool,0.4333333333333333,0.7333333333333333,positive,0.4333333333333333,False,False,False,False,False,False,False,False,0.0,143,"['AZN', 'AMGN']",AZN,2022-01-01
These 3 Stocks Just Hiked Their Dividends: Should You Buy Them?,All three companies rewarded shareholders with significant payout increases.,2022-01-01 15:30:00+00:00,https://www.fool.com/investing/2022/01/01/these-3-stocks-just-hiked-their-dividends-should-y/,The Motley Fool,0.375,0.875,positive,0.375,False,True,False,False,False,True,False,False,0.0,141,"['AMGN', 'MRK', 'AZN', 'CVS']",AZN,2022-01-01
The Week Ahead In Biotech (Jan 2-Jan. 8): Stray Clinical Readouts In Focus In Slow News Week,"Biotech stocks came under selling pressure in the final week of 2021, although they carved out modest gains for the year.
On the regulatory front, the Food And Drug Administration  approved  Xeris Biopharma Holdings Inc.'s (XERS) Recorlev for the treatment of endogenous hypercortisolemia in adult patients with Cushing's syndrome for whom surgery is not an option or has not been curative.
AstraZeneca plc (NASDAQ: AZN) announced the closure of the development and commercialization agreement with Ionis Pharmaceuticals, Inc. (NASDAQ: IONS) for epiontersen, a Phase 3 investigational antisense therapy being evaluated for all types of transthyretin amyloidosis, a rare disease caused by abnormal deposits of amyloid.
BridgeBio Pharma, Inc. (NASDAQ: ...",2022-01-02 20:30:35+00:00,https://www.benzinga.com/general/biotech/22/01/24855787/the-week-ahead-in-biotech-jan-2-jan-8-stray-clinical-readouts-in-focus-in-slow-news-week,Benzinga,0.11666666666666665,0.75,positive,0.11666666666666665,False,False,True,False,False,False,False,False,0.0,847,"['IBB', 'AZN', 'IONS', 'STRO', 'BBIO', 'AVTX', 'EWTX']",AZN,2022-01-02
Apellis (APLS) Up More Than 40% in Past 3 Months: Here's Why,Approval of Apellis' (APLS) Empaveli for treating paroxysmal nocturnal hemoglobinuria lends a significant boost to the company's growth prospects. The drug's label expansion studies also hold promise.,2022-01-03 17:05:00+00:00,https://www.zacks.com/stock/news/1846611/apellis-apls-up-more-than-40-in-past-3-months-heres-why,Zacks Investment Research,0.20833333333333334,0.5416666666666666,positive,0.20833333333333334,False,False,False,False,False,False,False,False,0.0,262,"['AZN', 'SRPT', 'VTVT', 'APLS']",AZN,2022-01-03
Genprex's (GNPX) Lead Cancer Drug Gets Second Fast Track Tag,The FDA bestows a Fast Track designation to Genprex's (GNPX) Reqorsa in combination with Keytruda for treating patients with non-small cell lung cancer. This is the second Fast Track tag for Reqorsa.,2022-01-04 17:27:00+00:00,https://www.zacks.com/stock/news/1847292/genprexs-gnpx-lead-cancer-drug-gets-second-fast-track-tag,Zacks Investment Research,0.12000000000000002,0.36,positive,0.12000000000000002,False,False,True,False,False,False,False,False,0.0,261,"['AZN', 'MRK', 'VTVT', 'GNPX']",AZN,2022-01-04
"Top Stock Reports for Meta Platforms, Bank of America & Mastercard","Today's Research Daily features new research reports on 16 major stocks, including Meta Platforms, Inc. (FB), Bank of America Corporation (BAC), and Mastercard Incorporated (MA).",2022-01-04 17:29:00+00:00,https://www.zacks.com/research-daily/1847240/top-stock-reports-for-meta-platforms-bank-of-america-mastercard,Zacks Investment Research,0.1747159090909091,0.36363636363636365,positive,0.1747159090909091,False,False,False,False,False,False,False,False,0.0,246,"['BAC', 'AZN', 'MA', 'PFE', 'MDT', 'FB']",AZN,2022-01-04
"Cannabis Movers & Shakers: Aurora Bolsters Management, Curaleaf Names New Pres, Verano & Avicanna's New Appointments","Aurora Announces Changes To Management Team
Aurora Cannabis Inc. (NASDAQ: ACB) (TSX:ACB) revealed Tuesday that it has tapped Chitwant Kohli to serve on its board of directors.
Kohli brings extensive knowledge having a successful career as a senior financial executive with significant experience in finance, strategic planning, real estate, and operations.
After serving at Royal Bank of Canada (NYSE: RY) for 29 years, Kohli retired as senior vice president of enterprise operations and payments.
Kohli also held key executive roles, including senior vice president of retail finance where he was responsible for providing finance leadership for Canadian, US and Caribbean banking, wealth management, insurance, technology and operations and global functions.
Ronald Funk, chairman of Aurora Cannabis praised Kohli's skills, adding that he ""offers a tremendous wealth of knowledge and executive leadership experience in the banking sector which will help further accelerate Aurora's sustainable, long-term growth.""
Kohli's appointment expands the board to nine members, seven of whom are independent. 
In addition, Theresa Firestone, appointed independent director in July 2021, will take on the role of committee chair for the human resources and compensation committee, effective immediately.
Curaleaf Holdings Names New President
Curaleaf Holdings, Inc. (CSE: CURA) (OTCQX: CURLF) announced Tuesday that ...",2022-01-05 04:06:08+00:00,https://www.benzinga.com/markets/cannabis/22/01/24887277/cannabis-movers-shakers-aurora-bolsters-management-curaleaf-names-new-pres-verano-avicannas-new-,Benzinga,0.16485690235690234,0.44566498316498315,positive,0.16485690235690234,False,False,True,False,False,False,True,False,0.0,1529,"['AZN', 'GM', 'RY', 'KHC', 'ACB']",AZN,2022-01-05
Novavax: The Bull Has Pummeled The Bear 19 Times In A Row And Is Ready To Strike Again,"In the last 10 months, Novavax's share price had 19 pullbacks of more than 10%. Read more to find out why NVAX stock is a buy.",2022-01-06 16:15:00+00:00,https://seekingalpha.com/article/4478233-novavax-the-bull-has-pummeled-the-bear-19-times-in-a-row-and-is-ready-to-strike-again,Seeking Alpha,0.3,0.39166666666666666,positive,0.3,False,True,False,False,False,False,False,False,0.0,214,"['MRNA', 'PFE', 'AZN', 'BNTX', 'NVAX']",AZN,2022-01-06
2 Growth Stocks That Are Also Generating Billions in Free Cash,A cash-rich business can mean less risk of dilution for investors.,2022-01-08 11:40:00+00:00,https://www.fool.com/investing/2022/01/08/2-growth-stocks-that-are-also-generating-billions/,The Motley Fool,-0.02638888888888888,0.5180555555555556,neutral,0.02638888888888888,False,False,False,False,False,False,False,False,0.0,130,"['AZN', 'NVDA']",AZN,2022-01-08
3 Big FDA Approvals to Watch For in Q1 2022,Some of the world's biggest drugmakers have important dates with the FDA coming up soon.,2022-01-09 11:24:00+00:00,https://www.fool.com/investing/2022/01/09/3-big-fda-approvals-to-watch-in-q1-2022/,The Motley Fool,0.2,0.55,positive,0.2,False,False,True,False,False,False,False,False,0.2,133,"['BMY', 'MRK', 'AZN', 'LLY']",AZN,2022-01-09
3 Trades On Eli Lilly Stock As Pharma Investors Await Q4 Results,,2022-01-10 13:18:00+00:00,https://www.investing.com/analysis/3-trades-on-eli-lilly-stock-as-pharma-investors-await-q4-results-200614167,Investing.com,0.0,0.0,neutral,0.0,False,False,False,False,False,False,False,False,0.0,66,"['LLY', 'ABBV', 'AZN', 'GSK', 'MRK', 'PFE', 'SNY', 'PJP', 'AGNG', 'MTUM', 'SIXH']",AZN,2022-01-10
AstraZeneca (AZN) Inks Deal to Develop ATTR-CM Candidate,AstraZeneca (AZN) inks collaboration and license agreement with Neurimmune AG to develop/commercialize the latter's NI006 for treating transthyretin amyloid cardiomyopathy.,2022-01-10 16:15:00+00:00,https://www.zacks.com/stock/news/1849752/astrazeneca-azn-inks-deal-to-develop-attr-cm-candidate,Zacks Investment Research,0.0,0.0,neutral,0.0,False,False,False,False,False,False,False,False,0.0,230,"['AZN', 'PFE', 'ABBV', 'IONS']",AZN,2022-01-10
"The Daily Biotech Pulse: Illumina Announces Multiple Partnerships, Immunome Slides On Regulatory Setback For COVID Antibody Drug, Preannouncements Pour In","Here's a roundup of top developments in the biotech space over the last 24 hours:
Stocks In Focus
BioAtla, Bristol-Myers Squibb Announce Collaboration To Evaluate ADC-Opdivo Combo In Solid Tumors
BioAtla, Inc. (NASDAQ: BCAB) said it has entered into a clinical collaboration with Bristol-Myers Squibb Company (NYSE: BMY) to investigate its two lead CAB-antibody-drug conjugate candidates, BA3011 and BA3021, in combination with the latter's cancer immunotherapy Opdivo.
BioAtla will serve as the study sponsor and will be responsible for costs associated with the trial execution. Bristol Myers Squibb will provide Opdivo with a clinical drug supply for the study.
BioAtla shares were up 3.04% at $16.25 in premarket trading.
Sana Biotech Obtains Non-Exclusive Commercial Rights To Fully Human CAR Construct To Be Used In Gene, Cell Therapy
Sana Biotechnology, Inc. (NASDAQ: SANA), IASO Biotherapeutics and Hong Kong-based Innovent Biologics jointly announced that the companies entered into an agreement pursuant to which Sana obtained from IASO Bio and Innovent non-exclusive commercial rights to a clinically validated fully human BCMA CAR construct for use in certain in vivo gene therapy and ex vivo hypoimmune cell therapy applications.
IASO Bio and Innovent will receive an upfront payment and are entitled to receive up to approximately $204 million in potential development and regulatory milestone payments across up to six products, as well as royalties.
Medtronic's Micra AV Pacemaker Receives Approval In Japan
Medtronic plc (NYSE: MDT) said it has received approval from Japan's Ministry of Health, Labor and Welfare for the sale and reimbursement of the Micra AV Transcatheter Pacing System, the world's smallest pacemaker. The company expects to launch the product this month.
The stock was adding 0.91% to $106.58 in premarket trading.
Fusion ...",2022-01-11 13:20:34+00:00,https://www.benzinga.com/general/biotech/22/01/24991539/the-daily-biotech-pulse-illumina-announces-multiple-partnerships-immunome-slides-on-regulatory-se,Benzinga,0.03673469387755102,0.2562925170068027,neutral,0.03673469387755102,False,False,True,True,True,False,False,False,0.0,2019,"['IBB', 'ILMN', 'AZN', 'BMY', 'MDT', 'PACB', 'SSKN', 'NBSE', 'NTUS', 'BDTX', 'NARI', 'IMNM', 'BCAB', 'SANA']",AZN,2022-01-11
"London stocks ride a global bounce, with retailers and energy names higher","Down two out of three trading days, London stocks were moving higher on Tuesday.",2022-01-11 15:03:00+00:00,https://www.marketwatch.com/story/london-stocks-ride-a-global-bounce-with-retailers-and-energy-names-higher-11641913400,MarketWatch,0.08611111111111111,0.32222222222222224,neutral,0.08611111111111111,False,False,False,False,False,False,False,False,0.0,156,"['BME', 'TSCO', 'RDS.A', 'BP', 'BP', 'AZN', 'AZN', 'GSK', 'GSK', 'VIR']",AZN,2022-01-11
Which Vaccine Stocks Will Make You a Fortune in 2022?,It's not too late to invest in this dynamic area.,2022-01-12 11:15:00+00:00,https://www.fool.com/investing/2022/01/12/which-vaccine-stocks-will-make-you-a-fortune-in-20/,The Motley Fool,-0.15,0.3833333333333333,negative,0.15,False,False,False,False,False,False,False,False,0.0,104,"['GRTS', 'AZN', 'PFE', 'NVAX', 'MRNA', 'VXRT']",AZN,2022-01-12
Veru (VERU) Up on FDA's Fast Track Tag for Breast Cancer Drug,The FDA bestows a Fast Track designation to Veru's (VERU) phase III program evaluating enobosarm for treating AR+ER+HER2- metastatic breast cancer. Shares rise.,2022-01-12 16:39:00+00:00,https://www.zacks.com/stock/news/1851009/veru-veru-up-on-fdas-fast-track-tag-for-breast-cancer-drug,Zacks Investment Research,0.2,0.6,positive,0.2,False,False,True,False,False,False,False,False,0.0,223,"['AZN', 'LLY', 'ANAB', 'VERU']",AZN,2022-01-12
"The Daily Biotech Pulse: Adagio's Antibody Effective Against Omicron, Sarepta Terminates Gene Therapy Deal, AstraZeneca Inks Oncology Pact","Here's a roundup of top developments in the biotech space over the last 24 hours:
Stocks In Focus
Adagio Says Lead Monoclonal Antibody Effective Against Omicron Variant
Adagio Therapeutics, Inc. (NASDAQ: ADGI) said ADG20, its lead monoclonal antibody, has neutralization activity against the omicron variant of SARS-CoV-2. The company also outlined initiatives to address current and future SARS-CoV-2 variants of concern.
Adagio is evaluating ADG20 in its global Phase 2/3 clinical trials for both the prevention and treatment of COVID-19. The company said it is engaging with the U.S. Food and Drug Administration regarding potential protocol updates to its global Phase 2/3 clinical trials, including an increased dose of ADG20 for the potential prevention and treatment of COVID-19 resulting from the omicron variant.
The stock was surging up 19.55% to $6.77 in premarket trading.
AstraZeneca Announces Positive Results For Booster Dose Of COVID-19 Vaccine, Oncology Drug Licensing Deal
AstraZeneca plc (NASDAQ: AZN) announced that results from a preliminary analysis of an ongoing safety and immunogenicity trial showed that Vaxzevria,  when given as a third dose booster, increased the immune response to beta, delta, alpha and gamma SARS-CoV-2 variants. The company also noted that a separate analysis of samples from the trial showed increased antibody response to the omicron variant.
Additionally, a separate Phase 4 trial reported in a preprint with The Lancet on SSRN showed a third dose of Vaxzevria substantially increased antibody levels following a primary vaccine series with Sinovac's CoronaVac.
Separately, AstraZeneca said it has signed a collaboration agreement with Scorpion Therapeutics to discover, develop and commercialize precision medicines against previously hard-to-target cancer proteins. Under the terms of the collaboration agreement, Scorpion will lead discovery and certain preclinical activities. AstraZeneca has the exclusive option to licence worldwide rights for up to three drug candidates.
Scorpion will receive an upfront cash payment of $75 million and is eligible to receive additional success-based payments in the form of option fees and milestone payments, as well as tiered royalties on net ...",2022-01-13 13:18:11+00:00,https://www.benzinga.com/general/biotech/22/01/25034318/the-daily-biotech-pulse-adagios-antibody-effective-against-omicron-sarepta-terminates-gene-therap,Benzinga,0.13874458874458875,0.36376082251082253,positive,0.13874458874458875,False,False,False,False,False,False,False,False,0.0,2382,"['IBB', 'AZN', 'BMY', 'CANF', 'SRPT', 'SLRX', 'PBYI', 'PRTA', 'ADGI', 'GRTS', 'PCVX', 'ADAG', 'NRXP']",AZN,2022-01-13
1 Top Dividend Stock to Buy and Hold in 2022 and Beyond,This year should be better than last year for healthcare giant Amgen.,2022-01-13 15:30:00+00:00,https://www.fool.com/investing/2022/01/13/1-top-dividend-stock-to-buy-and-hold-in-2022-and-b/,The Motley Fool,0.25,0.5166666666666666,positive,0.25,False,True,False,False,False,True,False,False,0.0,126,"['AMGN', 'AZN']",AZN,2022-01-13
AstraZeneca (AZN) COVID-19 Booster Dose Useful Against Omicron,"Data from multiple studies support the use of AstraZeneca's (AZN) COVID vaccine booster against several variants of concern, including Omicron.",2022-01-14 19:12:00+00:00,https://www.zacks.com/stock/news/1852318/astrazeneca-azn-covid-19-booster-dose-useful-against-omicron,Zacks Investment Research,0.09999999999999999,0.0,neutral,0.09999999999999999,False,False,False,False,False,False,False,False,0.0,207,"['AZN', 'PFE', 'MRNA', 'BNTX']",AZN,2022-01-14
2 Risky Growth Stocks That Could Make You Filthy Rich,These two biotech stocks are set to report key clinical data later this year.,2022-01-16 15:30:00+00:00,https://www.fool.com/investing/2022/01/16/2-risky-growth-stocks-that-could-make-you-filthy-r/,The Motley Fool,-0.10625000000000001,0.6875,negative,0.10625000000000001,False,False,False,False,False,False,False,False,0.0,132,"['LPTX', 'AZN', 'JPM', 'SGEN', 'BGNE', 'PIRS']",AZN,2022-01-16
The Week Ahead In Biotech (Jan 16-22): Focus On Data Presentations And IPOs In Holiday-Shortened Week,"Biotech stocks posted losses for the third straight week, as the sector reacted to broader market weakness and announcements out of the 2022 JPMorgan Healthcare conference.
Swiss biotech Molecular Partners AG (NASDAQ: MOLN) was among the best-performing stocks in the past week following the release of positive Phase 2 data  for partnered COVID-19 antiviral treatment.
Ahead of the fourth-quarter reporting season, preannouncements continued to dominate biotech news.
The week also witnessed the debut of Hillstream Biopharma, Inc. (NASDAQ: HILS) following its initial public offering, which raised $15 million in gross proceeds for the oncology-focused company.
Here are the key catalysts that could move stocks in the unfolding week:
Conferences
Winter Clinical Dermatology Conference: Jan. 14-19, in Koloa, Hawaii
American Society of Clinical Oncology, or ASCO, Gastrointestinal Cancers Symposium: Jan. 20 – 22 (hybrid format, in San Francisco, California & virtual)
Société Francophone du Nerf Périphérique, or SFNP, Annual Meeting: Jan. 21-22, in Paris, France
Clinical Data Readouts/Presentations
Dermatology Conference Presentations 
ASLAN Pharmaceuticals Limited (NASDAQ: ASLN): results from the dose escalation portion of the completed Phase 1b Proof-of-Concept study of ASLAN004 in atopic dermatitis
ASCO-GI Conference Presentations 
Cardiff Oncology, Inc. (NASDAQ: CRDF): updated data from its lead clinical program in KRAS-mutated metastatic colorectal cancer; Ahead of the presentation, the company is ...",2022-01-16 21:38:21+00:00,https://www.benzinga.com/general/biotech/22/01/25069603/the-week-ahead-in-biotech-jan-16-22-focus-on-data-presentations-and-ipos-in-holiday-shortened-wee,Benzinga,0.00882034632034632,0.21708152958152957,neutral,0.00882034632034632,True,False,True,False,True,False,False,False,0.0,1622,"['ALNY', 'IBB', 'ISRG', 'AZN', 'MOLN', 'TYME', 'ASLN', 'CRDF', 'PBLA', 'IBRX', 'NXGL', 'HILS']",AZN,2022-01-16
This Could Be Another Blockbuster Indication for AstraZeneca,Ultomiris could be just months away from its third approved indication in the U.S.,2022-01-17 12:00:00+00:00,https://www.fool.com/investing/2022/01/17/this-could-be-a-blockbuster-for-astrazeneca/,The Motley Fool,0.0,0.0,neutral,0.0,False,False,False,False,False,False,False,False,0.0,144,['AZN'],AZN,2022-01-17
Here's Some Good News for Novavax That Investors Are Overlooking,It could be on the path to success in Europe.,2022-01-18 12:42:00+00:00,https://www.fool.com/investing/2022/01/18/heres-some-good-news-for-novavax-that-investors-ar/,The Motley Fool,0.5,0.30000000000000004,positive,0.5,False,False,False,False,False,False,False,False,0.0,111,"['NVAX', 'AZN', 'JNJ']",AZN,2022-01-18
AstraZeneca (AZN) Enhertu sBLA Receives FDA Priority Tag,AstraZeneca's (AZN) sBLA seeks approval of Enhertu for unresectable and/or metastatic HER2-positive metastatic breast cancer previously treated with an anti-HER2-based regimen.,2022-01-18 15:06:00+00:00,https://www.zacks.com/stock/news/1853414/astrazeneca-azn-enhertu-sbla-receives-fda-priority-tag,Zacks Investment Research,-0.16666666666666666,0.16666666666666666,negative,0.16666666666666666,False,False,True,False,False,False,False,False,0.0,234,"['AZN', 'PFE', 'MRK']",AZN,2022-01-18
Will Moderna (MRNA) Continue to Ride on Vaccine Sales in 2022?,"Although Moderna's (MRNA COVID-19 vaccine sales are likely to rise, we expect pipeline updates to be the key catalyst for share price movement in 2022.",2022-01-18 15:34:00+00:00,https://www.zacks.com/stock/news/1853450/will-moderna-mrna-continue-to-ride-on-vaccine-sales-in-2022,Zacks Investment Research,0.0,1.0,neutral,0.0,False,False,False,False,False,False,False,False,0.0,215,"['AZN', 'MRK', 'VRTX', 'MRNA']",AZN,2022-01-18
3 Under-the-Radar COVID Stocks,"Here's why our roundtable participants like NRx Pharmaceuticals, FIGS, and OptimizeRx.",2022-01-19 12:55:00+00:00,https://www.fool.com/investing/2022/01/19/3-under-the-radar-covid-stocks/,The Motley Fool,0.0,0.0,neutral,0.0,False,False,False,False,False,False,False,False,0.0,118,"['FIGS', 'MRK', 'AZN', 'PFE', 'NVS', 'MDT', 'GSK', 'AMGN', 'LULU', 'ABBV', 'OPRX', 'NRXP', 'SNY']",AZN,2022-01-19
Valneva (VALN) Up as COVID-19 Jab Neutralizes Omicron Variant,"Three doses of Valneva's (VALN) inactivated COVID-19 vaccine candidate, VLA2001, neutralizes the Omicron variant of SARS-CoV-2, per data from preliminary lab studies. Shares rally.",2022-01-20 15:04:00+00:00,https://www.zacks.com/stock/news/1854679/valneva-valn-up-as-covid-19-jab-neutralizes-omicron-variant,Zacks Investment Research,0.0,0.0,neutral,0.0,False,False,False,False,False,False,False,False,0.0,243,"['AZN', 'PFE', 'MRNA', 'VALN']",AZN,2022-01-20
Is Ocugen Stock a Buy Now?,The biotech company is still looking to carve out a profitable chunk of the coronavirus vaccine market.,2022-01-20 15:30:00+00:00,https://www.fool.com/investing/2022/01/20/is-ocugen-stock-a-buy-now/,The Motley Fool,0.0,0.0,neutral,0.0,True,True,False,False,False,False,False,False,0.0,131,"['OCGN', 'AZN', 'JNJ', 'PFE', 'MRNA']",AZN,2022-01-20
"Pharma Stock Roundup: GSK's Consumer Unit Offer Rejection, FDA Updates for AZN, PFE","Glaxo (GSK) rejects a $68 billion buyout offer for its consumer healthcare unit from Unilever. FDA updates for Pfizer (PFE), AbbVie (ABBV) and AstraZeneca (AZN) grab headlines.",2022-01-21 15:00:00+00:00,https://www.zacks.com/stock/news/1855367/pharma-stock-roundup-gsks-consumer-unit-offer-rejection-fda-updates-for-azn-pfe,Zacks Investment Research,0.0,0.0,neutral,0.0,False,True,True,False,False,False,False,False,0.0,261,"['SNY', 'AZN', 'GSK', 'PFE', 'ABBV']",AZN,2022-01-21
3 Unstoppable Biotech Stocks to Buy Right Now,All of them have tremendous growth prospects.,2022-01-24 11:04:00+00:00,https://www.fool.com/investing/2022/01/24/3-unstoppable-biotech-stocks-to-buy-right-now/,The Motley Fool,0.30952380952380953,0.7678571428571428,positive,0.30952380952380953,False,True,False,False,False,False,False,False,0.0,92,"['AZN', 'VRTX', 'CRSP', 'MRNA']",AZN,2022-01-24
Analysis: Why Is It So Difficult To Obtain COVID-19 Monoclonal Antibody Treatments?,"The demand for monoclonal antibody treatments to help in the recovery of COVID-19 patients has outpaced the supply, and this situation runs the risk of becoming more acute as federal regulators consider whether to limit the authorization of certain treatments that have yet to show their efficacy in mitigating the fast-spreading omicron variant. 
What Happened: Monoclonal antibodies are treatments made from the cells of “people who’ve had COVID and whose immune cells are responding to COVID. We’re basically growing them in a test tube and having them build antibody — then you use that antibody to infuse into patients rather than rely solely on their own natural antibody,” said Dr. Kevin Dieckhaus, professor of medicine and chief of the division of infectious diseases at UConn Health, a branch of the University of Connecticut. 
Dieckhaus acknowledged the challenge of testing new treatments and gaining regulatory approval after studying the test results is slow, although special accommodations can be made in the face of a public health crisis, such as with the emergency authorizations of the COVID-19 vaccines.
In the case of the monoclonal antibodies, he added, there are other factors creating distribution hiccups.
“The problem that people are facing right now is not so much that regulatory issue — it's the fact there are limited amounts of products that are available to distribute,” he said. “And the number of people who would qualify or who can benefit from this far exceeds the number of units that are available.”
Dieckhaus predicts the supply and demand imbalance will be alleviated within the next six months because “the manufacturers are trying to do this as fast as they possibly can.” Yet he also ...",2022-01-24 19:16:55+00:00,https://www.benzinga.com/government/22/01/25186741/analysis-why-is-it-so-difficult-to-obtain-covid-19-monoclonal-antibody-treatments,Benzinga,0.1759599096555618,0.5507669866365518,positive,0.1759599096555618,False,False,True,False,True,False,False,False,0.0,1816,"['REGN', 'AZN', 'LLY', 'MRK', 'PFE']",AZN,2022-01-24
New Strong Sell Stocks for January 25th,"APPN, AZN, and GRWG have been added to the Zacks Rank #5 (Strong Sell) List on January 25, 2022",2022-01-25 11:48:00+00:00,https://www.zacks.com/stock/news/1856603/new-strong-sell-stocks-for-january-25th,Zacks Investment Research,0.05075757575757571,0.7053030303030303,neutral,0.05075757575757571,False,False,False,False,False,False,False,False,0.0,136,"['AZN', 'APPN', 'GRWG']",AZN,2022-01-25
Ionis' (IONS) Eplontersen Gets Orphan Drug Tag From FDA,"The FDA bestows an Orphan Drug status to Ionis' (IONS) investigational medicine, eplontersen, for treating people living with transthyretin-mediated amyloidosis.",2022-01-25 17:33:00+00:00,https://www.zacks.com/stock/news/1857050/ionis-ions-eplontersen-gets-orphan-drug-tag-from-fda,Zacks Investment Research,0.0,0.0,neutral,0.0,False,False,True,False,False,False,False,False,0.0,218,"['AZN', 'NVS', 'BIIB', 'IONS']",AZN,2022-01-25
Novavax Bulls: Benefit From Cash-Secured Puts On The Biotech's Beaten-Down Stock,,2022-01-26 13:31:00+00:00,https://www.investing.com/analysis/novavax-bulls-benefit-from-cashsecured-puts-on-the-biotechs-beatendown-stock-200615933,Investing.com,0.0,0.0,neutral,0.0,False,False,True,False,False,False,False,False,0.0,82,"['NVAX', 'BNTX', 'PFE', 'JNJ', 'MRK', 'AZN']",AZN,2022-01-26
The sector investors are ignoring in one of the year's best performing global markets,"The FTSE 100 has managed a gain for January, unlike most other developed global markets. Here's one potential overlooked sector.",2022-01-31 14:30:00+00:00,https://www.marketwatch.com/story/the-sector-investors-are-ignoring-in-one-of-the-years-best-performing-global-markets-11643639432,MarketWatch,0.21071428571428572,0.3535714285714286,positive,0.21071428571428572,False,False,True,False,False,False,False,False,0.0,215,"['TW', 'PSN', 'RIO', 'RIO', 'AZN']",AZN,2022-01-31
Will Merck (MRK) Succeed in Beating Q4 Earnings Expectations?,"Investor focus is likely to be on the sales of Merck's (MRK) blockbuster oncology medicine, Keytruda, when the company reports Q4 earnings.",2022-02-01 16:15:00+00:00,https://www.zacks.com/stock/news/1860640/will-merck-mrk-succeed-in-beating-q4-earnings-expectations,Zacks Investment Research,0.0,1.0,neutral,0.0,True,False,False,False,False,False,False,False,0.0,202,"['AZN', 'PFE', 'MRK', 'AMGN']",AZN,2022-02-01
Is a Beat Likely for Amgen (AMGN) This Earnings Season?,"Volume growth from Amgen's (AMGN) key drugs like Prolia, Kyprolis, Repatha and others and biosimilars portfolio is expected to have been partially offset by biosimilar/generic competition for mature drugs.",2022-02-02 16:35:00+00:00,https://www.zacks.com/stock/news/1861404/is-a-beat-likely-for-amgen-amgn-this-earnings-season,Zacks Investment Research,-0.02,0.5599999999999999,neutral,0.02,True,False,False,False,False,False,False,False,0.0,262,"['AZN', 'PFE', 'AMGN', 'MRNA']",AZN,2022-02-02
"Merck (MRK) Q4 Earnings & Sales Beat, COVID Drug Adds $952M",Merck (MRK) beats Q4 estimates for earnings and sales. The company anticipates robust growth in revenues and income to continue in 2022.,2022-02-03 16:46:00+00:00,https://www.zacks.com/stock/news/1862155/merck-mrk-q4-earnings-sales-beat-covid-drug-adds-952m,Zacks Investment Research,0.0,0.0,neutral,0.0,True,False,False,False,False,False,False,False,0.0,197,"['AZN', 'PFE', 'MRK', 'LLY']",AZN,2022-02-03
New Strong Sell Stocks for February 4th,"ARCH, AZN, and AXTA have been added to the Zacks Rank #5 (Strong Sell) List on February 4, 2022",2022-02-04 11:09:00+00:00,https://www.zacks.com/stock/news/1862589/new-strong-sell-stocks-for-february-4th,Zacks Investment Research,0.05075757575757571,0.7053030303030303,neutral,0.05075757575757571,False,False,False,False,False,False,False,False,0.0,136,"['AZN', 'AXTA', 'ARCH']",AZN,2022-02-04
Novavax: Finally Leaving No Man's Land,Novavax is expected to obtain the US FDA's Emergency Use Authorization for NVX-CoV2373 in the coming weeks. Read more to see why I rate NVAX stock a Buy.,2022-02-05 06:06:57+00:00,https://seekingalpha.com/article/4484615-novavax-covid-vaccine-approval-stock-buy,Seeking Alpha,0.13333333333333333,0.6333333333333333,positive,0.13333333333333333,False,True,True,False,False,False,False,False,0.0,193,"['AZN', 'NVAX']",AZN,2022-02-05
3 Biotech Stocks That Could Make You Richer in February (and Beyond),"These companies' share prices could rise in the short term, but their long-term opportunities are even better.",2022-02-05 11:05:00+00:00,https://www.fool.com/investing/2022/02/05/3-biotech-stocks-that-could-make-you-richer-in-feb/,The Motley Fool,0.25,0.4,positive,0.25,False,False,False,False,False,False,False,False,0.0,180,"['ACET', 'AMGN', 'AZN', 'GILD']",AZN,2022-02-05
"The Week Ahead In Biotech (Feb. 6-12): Pfizer, AstraZeneca Earnings, Conference Presentations, IPOs And More","Biotech stocks managed to close the week ending Feb. 4 with gains. Stocks recovered along with the broader markets early in the week, but came under pressure midweek amid negative reaction to some big pharma earnings. The sector came back up in the final session for a firm finish.
Merck & Co., Inc. (NASDAQ: MRK) issued mixed 2022 guidance and Swiss pharma giant Roche Holding AG (OTC: RHHBY) warned of slowing growth in 2022. Biogen, Inc. (NASDAQ: BIIB) shares moved to the downside as they reacted to weak guidance  and not-so-promising commentary about sales of the company's Alzheimer's drug Aduhelm.
On the regulatory front, the Food and Drug Administration approved Viatris Inc.'s (NASDAQ: VTRS) generic version of AbbVie, Inc.'s (NYSE: ABBV) dry eye disease drug Restasis. Sanofi (NASDAQ: SNY) received the nod for its medication Enjaymo, targeting a rare blood disorder known as cold agglutinin disease.
LogicBio Therapeutics, Inc. (NASDAQ: LOGC) shares shed over 50% during the week after the FDA imposed a  clinical hold  on a Phase 1/2 study of its AAV-delivered genomic editing therapy LB-001 to treat a rate metabolic disorder in children.
Here are the key catalysts for the unfolding week:
Healthcare Conferences
18th Annual World Symposium 2022: Feb. 7-11 (hybrid format, in San Diego, California and virtually)
Guggenheim Healthcare Talks: Oncology Conference (virtual): Feb. 9-11
11th Annual Glaucoma 360 New Horizons Forum: Feb. 11(hybrid format, in San Francisco, California and virtually)
Angiogenesis, Exudation, and Degeneration 2022 – Virtual Edition: Feb. 11-12
Adcom Meeting
The FDA's Oncologic Drugs Advisory Committee is scheduled to meet on Thursday, Feb. 10 to discuss the biologic license application for sintilimab injections, submitted by Lilly's partner Innovent.
The proposed indication for this product is in combination with pemetrexed and platinum-based chemotherapy for the first-line treatment of patients with Stage ...",2022-02-06 13:22:35+00:00,https://www.benzinga.com/node/25437534,Benzinga,-0.03158143939393939,0.5330965909090909,neutral,0.03158143939393939,True,False,True,False,True,False,False,False,0.0,2070,"['LH', 'SIOX', 'ALNY', 'ME', 'VTRS', 'AMGN', 'MRK', 'FDMT', 'BIIB', 'PFE', 'DXCM', 'SNY', 'HILS', 'IBB', 'ACLX', 'ILMN', 'INCY', 'ABBV', 'INSP', 'RARE', 'LOGC', 'RGNX', 'NBIX', 'CLSD', 'QGEN', 'DCPH', 'SGEN', 'DNLI', 'TEVA', 'AVRO', 'AZN', 'FRLN', 'BIO', 'PASG', 'HAE', 'GRAY']",AZN,2022-02-06
Are Intranasal Sprays The Next $36 Billion Trend in Vaccine Stocks?,"If the preliminary evidence is borne out, they just might be.",2022-02-08 12:22:00+00:00,https://www.fool.com/investing/2022/02/08/are-intranasal-vaccines-the-next-36-billion-trend/,The Motley Fool,0.0,0.0,neutral,0.0,False,False,False,False,False,False,False,False,0.0,130,"['AZN', 'PFE', 'JNJ', 'MRNA', 'ALT']",AZN,2022-02-08
"New Jersey Gov. Murphy to scrap school face-mask mandates in March, and Ottawa declares emergency over trucker protest","New Jersey Gov. Phillip Murphy is planning to announce later Monday that he is scrapping the face mask mandate for students and school employees starting the second week in March, according to media reports.",2022-02-08 12:54:00+00:00,https://www.marketwatch.com/story/new-jersey-gov-murphy-to-scrap-student-face-mask-mandates-in-march-and-ottawa-declares-emergency-over-trucker-protest-11644248352,MarketWatch,0.05454545454545454,0.2018181818181818,neutral,0.05454545454545454,False,False,True,False,False,False,False,False,0.0,327,"['AZN', 'AZN']",AZN,2022-02-08
Why AstraZeneca (AZN) Might Surprise This Earnings Season,AstraZeneca (AZN) is seeing favorable earnings estimate revision activity and has a positive Zacks Earnings ESP heading into earnings season.,2022-02-09 13:46:00+00:00,https://www.zacks.com/stock/news/1864711/why-astrazeneca-azn-might-surprise-this-earnings-season,Zacks Investment Research,0.22727272727272727,0.5454545454545454,positive,0.22727272727272727,True,False,False,False,False,False,False,False,0.0,200,['AZN'],AZN,2022-02-09
"Down 52% In 3 Months, Is Moderna Stock a Bargain Buy?","It depends on how much you care about the ""bargain"" part.",2022-02-09 13:55:00+00:00,https://www.fool.com/investing/2022/02/09/down-52-in-3-months-is-moderna-stock-a-bargain-buy/,The Motley Fool,0.022222222222222213,0.24444444444444446,neutral,0.022222222222222213,False,True,False,False,False,False,False,False,0.0,112,"['MRNA', 'AZN', 'JNJ', 'PFE', 'BNTX']",AZN,2022-02-09
AstraZeneca Records Bumper COVID-19 Vaccine Sales Of ~$4B In FY21,"AstraZeneca Plc's (NASDAQ: AZN) total revenue jumped 63% Y/Y to $12.01 billion in Q4 FY21 on a constant-currency basis, beating the consensus of $10.96 billion.

Core earnings per share (EPS) came in at $1.67, topping estimates of $0.73.
In Q4, sales of the COVID-19 vaccine, Vaxzevria, were $1.76 billion, the best-selling product for AstraZeneca, lung cancer drug Tagrisso, racked up $1.3 billion in revenues.
The Company posted a Q4 FY21 net loss of $(346) million, despite ...",2022-02-10 11:59:45+00:00,https://www.benzinga.com/node/25530738,Benzinga,0.0,0.375,neutral,0.0,True,False,False,False,True,False,False,False,0.0,547,['AZN'],AZN,2022-02-10
AstraZeneca buoys FTSE 100 while Unilever slips on margin guidance,AstraZeneca helped nudge U.K. blue chips higher as the pharma giant showed how its acquisition of Alexion will push profits higher.,2022-02-10 13:18:00+00:00,https://www.marketwatch.com/story/astrazeneca-buoys-ftse-100-while-unilever-slips-on-margin-guidance-11644499094,MarketWatch,0.125,0.525,positive,0.125,True,True,False,False,False,False,False,False,0.0,199,"['AZN', 'AZN', 'UL']",AZN,2022-02-10
"The Daily Biotech Pulse: AstraZeneca Q4 Gets COVID Boost, Seagen Plunges On Earnings, Adcom Test Awaits Lilly","Here's a roundup of top developments in the biotech space over the last 24 hours:
Stocks In Focus
Merck Announces Publication Of Positive Late-Stage Data For Keytruda-Chemo Combo In Breast Cancer
Merck & Co, Inc. (NYSE: MRK) announced the publication of results from the Phase 3 KEYNOTE-522 trial in the Feb. 10, edition of the New England Journal Of Medicine, showing neoadjuvant Keytruda, in combination with chemotherapy followed by adjuvant Keytruda as monotherapy significantly prolonged event-free survival compared with neoadjuvant chemotherapy followed by adjuvant placebo (in patients with high-risk, early stage triple-negative breast cancer.
The stock was up 0.46% at $76.88 in premarket trading.
Molecular Partners Says Partner Novartis Has Requested EUA For COVID-19 Antiviral Therapeutic Ensovibep
Molecular Partners AG (NASDAQ: MOLN) said it was informed by its partner Novartis AG (NYSE: NVS) that the company has requested  emergency use authorization  from the U.S. Food and Drug Administration for ensovibep, a DARPin antiviral therapeutic candidate to treat COVID-19.
Regeneron Seeks Label Expansion For Dupixent As Treatment Option For Atopic Dermatitis In Infants
Regeneron Pharmaceuticals, Inc. (NASDAQ: REGN) and Sanofi (NASDAQ: SNY) said the FDA accepted for priority review the supplemental biologics license application for Dupixent as an add-on maintenance treatment for children ages 6 months to 5 years with moderate-to-severe atopic dermatitis whose disease is not adequately controlled with topical prescription therapies or when those therapies are not advisable.
The target action date is June 9, 2022.
Related Link:  The Week Ahead In Biotech (Feb. 6-12): Pfizer, AstraZeneca Earnings, Conference Presentations, IPOs And More 
Innoviva To Invest $45M In Armata Subsidiary To Fund Its Bacteriophage Platform
Armata Pharmaceuticals, Inc. (NYSE: ARMP), a wholly owned subsidiary of Innoviva, Inc. (NASDAQ: INVA), said it has entered into a securities purchase agreement to sell its common stock and warrants to an ...",2022-02-10 13:29:51+00:00,https://www.benzinga.com/node/25532366,Benzinga,0.11322843822843824,0.3557692307692308,positive,0.11322843822843824,True,False,True,False,False,False,False,False,0.0,2160,"['ALNY', 'RARE', 'ALVR', 'MDWD', 'DXCM', 'VKTX', 'IBB', 'VCEL', 'ILMN', 'AGLE', 'REGN', 'MOLN', 'SGEN', 'DNLI', 'AZN', 'TWST', 'BIO', 'DMAC', 'LH', 'ARMP', 'LLY', 'OCUP', 'ME', 'MRK', 'NVS', 'SNY', 'INVA']",AZN,2022-02-10
Hotter-Than-Expected CPI Report Sends Shivers Throughout Stock And Bond Markets,,2022-02-10 15:42:00+00:00,https://www.investing.com/analysis/hotterthanexpected-cpi-repot-sends-shivers-throughout-stock-and-bond-markets-200617713,Investing.com,0.0,0.0,neutral,0.0,False,False,False,False,False,False,False,False,0.0,81,"['TWTR', 'MAT', 'DIS', 'HAS', 'KO', 'PEP', 'AZN', 'DUK', 'FB', 'CVS', 'CMG']",AZN,2022-02-10
"AstraZeneca (AZN) Q4 Earnings Beat, COVID Vaccine Drives Sales",AstraZeneca (AZN) surpasses fourth-quarter estimates for both revenues and earnings. The company issues 2022 guidance,2022-02-10 16:15:00+00:00,https://www.zacks.com/stock/news/1865784/astrazeneca-azn-q4-earnings-beat-covid-vaccine-drives-sales,Zacks Investment Research,0.0,0.0,neutral,0.0,True,False,False,False,False,False,False,False,0.0,181,"['AZN', 'GSK', 'PFE', 'MRK']",AZN,2022-02-10
AstraZeneca reports Q4 results: ‘we’re facing challenges in China’,"Shares of AstraZeneca plc (NASDAQ: AZN) are up 3.5% this morning on a significant YoY increase in Q4 revenue. Charges related to the Alexion acquisition, however, pushed it into a quarterly loss. AstraZeneca’s Q4 results AstraZeneca reported $347 million in net loss versus the year-ago figure of $1.01 billion in net profit, as per the […]
The post AstraZeneca reports Q4 results: ‘we’re facing challenges in China’ appeared first on Invezz.",2022-02-10 19:14:07+00:00,https://invezz.com/news/2022/02/10/astrazeneca-reports-q4-results-were-facing-challenges-in-china/,Invezz,0.125,0.32166666666666666,positive,0.125,True,True,False,False,False,False,False,False,0.0,510,['AZN'],AZN,2022-02-10
"European stocks struggle on mega earnings day as Siemens, AstraZeneca, SocGen and Unilever report","A bevy of big names reported results on Thursday in Europe, leaving the Stoxx Europe 600 modestly higher.",2022-02-10 22:18:00+00:00,https://www.marketwatch.com/story/european-stocks-struggle-on-mega-earnings-day-as-siemens-astrazeneca-socgen-and-unilever-report-11644486371,MarketWatch,0.08333333333333333,0.19999999999999998,neutral,0.08333333333333333,True,False,False,False,False,False,False,False,0.0,204,"['CS', 'UL', 'AZN', 'AZN', 'MT', 'MT']",AZN,2022-02-10
"Company News for Feb 11, 2022","Companies in The News Are: KO,AZN,K,WEX",2022-02-11 14:41:00+00:00,https://www.zacks.com/stock/news/1866402/company-news-for-feb-11-2022,Zacks Investment Research,0.0,0.0,neutral,0.0,False,False,False,False,False,False,False,False,0.0,70,"['AZN', 'KO', 'K', 'WEX']",AZN,2022-02-11
"Pharma Stock Roundup: PFE, AZN, GSK's Q4 Earnings, FDA Updates for SNY, LLY","Pfizer (PFE), AstraZeneca (AZN) and Glaxo (GSK) report fourth-quarter results. FDA approves Sanofi's (SNY) new rare blood disorder drug.",2022-02-11 15:48:00+00:00,https://www.zacks.com/stock/news/1866479/pharma-stock-roundup-pfe-azn-gsks-q4-earnings-fda-updates-for-sny-lly,Zacks Investment Research,0.21818181818181817,0.6772727272727272,positive,0.21818181818181817,True,False,True,False,False,False,False,False,0.0,213,"['SNY', 'AZN', 'GSK', 'PFE', 'LLY']",AZN,2022-02-11
2 Top Healthcare Stocks to Buy Right Now,Medtronic and AstraZeneca are trading at appealing valuations for the long run.,2022-02-12 16:23:00+00:00,https://www.fool.com/investing/2022/02/12/2-top-healthcare-stocks-to-buy-right-now/,The Motley Fool,0.3089285714285714,0.4839285714285714,positive,0.3089285714285714,False,True,False,False,False,False,False,False,0.0,121,"['MDT', 'AZN']",AZN,2022-02-12
"The Week Ahead In Biotech (Feb. 13-19): Agios FDA Meeting, Avenue Adcom, Earnings And More","Biotech stocks moved back and forth amid some volatility before finishing the week ending Feb. 11 modestly lower, reversing the gains from the previous week. Earnings news flow continued to dominate proceedings, and the week also witnessed presentations at conferences and a couple of initial public offerings.
Pfizer, Inc.'s (NYSE: PFE) fourth-quarter  topline growth  trailed expectations, exerting downward pressure on the stock.
Modular Medical, Inc. (NASDAQ: MODD) and TC BioPharm (Holdings) plc American Depositary Shares (NASDAQ: TCBP) debuted on Wall Street following their IPOs.
Novavax, Inc. (NASDAQ: NVAX) came under pressure midweek after a report suggested that the company is  lagging very much behind  its COVID-19 delivery commitments.
Here are the key catalysts that can move stocks in the biotech space in the coming week:
Conferences
SVB Leerink Global Healthcare Conference (virtual event): Feb. 14-18
17th Congress Of European Crohn's and Colitis Organization, or ECCO (virtual event): Feb. 16-19
ASCO Genitourinary Cancers Symposium (hybrid event): Feb. 17-19, in Moscone Center, San Francisco, California and online
PDUFA Dates
The Food and Drug Administration is scheduled to rule on Agios Pharmaceuticals, Inc.'s (NASDAQ: AGIO) new drug application for mitapivat, its most advanced drug candidate, as a treatment option for pyruvate kinase deficiency. PKD is a rare, inherited disease that presents as ...",2022-02-13 13:32:28+00:00,https://www.benzinga.com/general/biotech/22/02/25588601/the-week-ahead-in-biotech-feb-13-19-agios-fda-meeting-avenue-adcom-earnings-and-more,Benzinga,0.07053872053872054,0.33265993265993266,neutral,0.07053872053872054,True,False,True,False,False,False,False,False,0.0,1522,"['ALKS', 'PRTA', 'ATRC', 'AGIO', 'GILD', 'ADPT', 'IBB', 'TTOO', 'INSM', 'CHRS', 'LGND', 'TXG', 'NVAX', 'BPMC', 'QDEL', 'GLPG', 'RGEN', 'BCDA', 'AZN', 'MEDP', 'PFE', 'ATXI', 'WST', 'MODD', 'IRWD', 'TCBP', 'AEMD', 'PACB', 'GMED']",AZN,2022-02-13
"The Zacks Analyst Blog Highlights: Pfizer, AstraZeneca, Glaxo, Sanofi's and  Eli Lilly","Pfizer, AstraZeneca, Glaxo, Sanofi???s and  Eli Lilly are highlighted in this Analyst Blog.",2022-02-14 09:54:00+00:00,https://www.zacks.com/stock/news/1866863/the-zacks-analyst-blog-highlights-pfizer-astrazeneca-glaxo-sanofis-and-eli-lilly,Zacks Investment Research,0.0,0.0,neutral,0.0,False,False,False,False,False,False,False,False,0.0,179,"['SNY', 'AZN', 'GSK', 'PFE', 'LLY']",AZN,2022-02-14
European stocks advance after partial Russian troop withdrawal,European stocks bounced back Tuesday after Russia said it's withdrawing some troops from the border of Ukraine.,2022-02-15 13:53:00+00:00,https://www.marketwatch.com/story/european-stocks-advance-after-partial-russian-troop-withdrawal-11644933207,MarketWatch,-0.02,0.06,neutral,0.02,False,False,False,False,False,False,False,False,0.0,175,"['DAX', 'AZN', 'EQNR', 'FTI']",AZN,2022-02-15
2 Dirt Cheap Dividend Stocks to Buy as a Hedge Against Market Volatility,AstraZeneca and Pfizer are both table-pounding buys right now.,2022-02-15 14:30:00+00:00,https://www.fool.com/investing/2022/02/15/2-dirt-cheap-dividend-stocks-to-buy-as-a-hedge-aga/,The Motley Fool,0.34285714285714286,0.6178571428571429,positive,0.34285714285714286,False,True,False,False,False,True,False,False,0.0,136,"['AZN', 'PFE']",AZN,2022-02-15
"London stocks join global bounce, with AstraZeneca leading on positive drug news","U.S. stocks and global equities were in the throes of a rally on ebbing fears of a conflict breaking out between Ukraine and Russia, which has amassed 130,000 troops on the border of that country.",2022-02-15 15:07:00+00:00,https://www.marketwatch.com/story/london-stocks-join-global-bounce-with-astrazeneca-leading-on-positive-drug-news-11644937652,MarketWatch,0.07575757575757576,0.1818181818181818,neutral,0.07575757575757576,False,False,False,False,False,False,False,False,0.2,278,"['SHEL', 'SHEL', 'BP', 'BP', 'AAL', 'RIO', 'AZN', 'AZN']",AZN,2022-02-15
Why Are AstraZeneca Shares Trading Higher Today,"Adding AstraZeneca Plc's (NASDAQ: AZN) Lynparza to Johnson & Johnson's (NYSE: JNJ) Zytiga (abiraterone) extended the time to live without disease progression in patients with newly diagnosed metastatic, castration-resistant prostate cancer (mCRPC) with or without homologous recombination repair (HRR) gene mutations.

The Lynparza combination pared down that risk by 34% over Zytiga alone, according to phase 3 data released at the American Society of Clinical Oncology Genitourinary Cancers Symposium (ASCO GU). 
The Lynparza combo added ...",2022-02-15 19:07:31+00:00,https://www.benzinga.com/general/biotech/22/02/25640967/why-are-astrazeneca-shares-trading-higher-today,Benzinga,0.07343434343434344,0.3486868686868687,neutral,0.07343434343434344,False,False,False,False,True,False,False,False,0.0,592,"['AZN', 'JNJ', 'MRK']",AZN,2022-02-15
"A Peek Into The Markets: US Stock Futures Edge Higher Ahead Of Economic Data, Fed Minutes","Pre-open movers
U.S. stock futures traded slightly higher in early pre-market trade after the Dow Jones jumped more than 400 points in the previous session. Investors are awaiting earnings results from  The Kraft Heinz Company  (NASDAQ: KHC),  Cisco Systems, Inc.  (NASDAQ: CSCO) and  NVIDIA Corporation  (NASDAQ: NVDA).
Data on retail sales, import and export prices for January will be released at 8:30 a.m. ET. Data on industrial production for January will be released at 9:15 a.m. ET, while data on business inventories for December and housing market index for February will be released at 10:00 a.m. ET. Federal Reserve Bank of Minneapolis President Neel Kashkari is set to speak at 11:00 a.m. ET, while the Federal Open Market Committee will issue minutes of its latest meeting at 2:00 p.m. ET.
Futures for the Dow Jones Industrial Average gained 18 points to 34,922.00 while the Standard & Poor’s 500 index futures rose 1.50 points to 4,466. Futures for the Nasdaq index climbed 4.75 points to 14,614.25.
Oil prices traded higher as Brent crude ...",2022-02-16 10:07:46+00:00,https://www.benzinga.com/node/25656209,Benzinga,0.08809523809523809,0.5011904761904762,neutral,0.08809523809523809,True,False,False,False,True,False,False,False,0.0,1148,"['CSCO', 'NVDA', 'AZN', 'CE', 'KHC', 'ZI', 'VIAC', 'ABNB']",AZN,2022-02-16
Amgen Snags Another Approval for This Promising Cancer Drug,Japan's regulatory agency recently authorized Lumakras as a treatment for a type of lung cancer.,2022-02-16 11:07:00+00:00,https://www.fool.com/investing/2022/02/16/amgen-snags-another-approval-for-this-cancer-drug/,The Motley Fool,0.1,0.375,neutral,0.1,False,False,True,False,False,False,False,False,0.0,157,"['AMGN', 'JNJ', 'AZN', 'ABBV']",AZN,2022-02-16
"The Daily Biotech Pulse: Avenue Tumbles On Negative Adcom Verdict, Moderna's Expanded Deal With Rovi, Gilead Takes Equity Stake In Hookipa","Here's a roundup of top developments in the biotech space over the last 24 hours.
Stocks In Focus
Hookipa Gets $15M Upfront Payment And Equity Investment From Gilead Following Amended HIV Study Agreement
HOOKIPA Pharma Inc. (NASDAQ: HOOK) said it has entered into an amended and restated collaboration and license agreement with Gilead Sciences, Inc. (NASDAQ: GILD) to advance the development of an arenaviral immunotherapy as a component of a potential functional curative regimen for HIV.
Under the amended and restated agreement, HOOKIPA is responsible for advancing the HIV program through the completion of a Phase 1b clinical trial, with funding from Gilead through a $15 million upfront payment and equity purchases. At the completion of the Phase 1b trial, Gilead has the exclusive right to assume further development of the program.
HOOKIPA shares were jumping 38.81% to $1.86 in premarket trading.
Mirati's Regulatory Application For KRAS Inhibitor Adagrasib Accepted For Review
Mirati Therapeutics, Inc. (NASDAQ: MRTX) said the U.S. Food and Drug Administration accepted the new drug application for adagrasib for the treatment of patients with non-small cell lung cancer harboring the KRAS G12C mutation who have received at least one prior systemic therapy.
The PDUFA date for adagrasib is Dec. 14, 2022.
The stock was moving down 6.88% to $100 in premarket trading, apparently in disappointment over the NDA not getting priority review designation. Amgen, Inc. (NASDAQ: AMGN) already has a competing drug in the market, which was  approved  by the FDA in May 2021.
Click  here  to access Benzinga's FDA Calendar
Avenue's Pain Drug Data Submitted For Regulatory Review Inadequate To Support Approval, Adcom Says
Avenue Therapeutics, Inc. (NASDAQ: ATXI) said a joint meeting of the Anesthetic and Analgesic Drug Products Advisory Committee and the Drug Safety and Risk ...",2022-02-16 12:46:00+00:00,https://www.benzinga.com/general/biotech/22/02/25658317/the-daily-biotech-pulse-avenue-tumbles-on-negative-adcom-verdict-modernas-expanded-deal-with-rovi,Benzinga,-0.016676973819830958,0.3711296639868068,neutral,0.016676973819830958,False,False,True,True,True,False,False,False,0.0,2024,"['ALKS', 'ATXI', 'AMGN', 'AVNS', 'BIIB', 'MRNA', 'GILD', 'HOOK', 'IBB', 'MASI', 'AZN', 'PACB', 'OM', 'MRTX', 'TXG', 'BPMC', 'GBT', 'CLPT']",AZN,2022-02-16
Short Shelf Life Of AstraZeneca's COVID-19 Shot Entangles Vaccine Rollout In Poorer Nations: Reuters,"According to officials and internal World Health Organization documents reviewed by Reuters, the relatively short shelf life of AstraZeneca Plc's (NASDAQ: AZN) COVID-19 vaccine is complicating the rollout to the world's poorest nations.

The need to turn down vaccines with short shelf lives, along with the initial inequality, hesitancy, and other barriers, has contributed to a much lower vaccination rate in Africa, where ...",2022-02-16 17:22:33+00:00,https://www.benzinga.com/general/biotech/22/02/25668037/short-shelf-life-of-astrazenecas-covid-19-shot-entangles-vaccine-rollout-in-poorer-nations-reuter,Benzinga,-0.010069444444444443,0.2204861111111111,neutral,0.010069444444444443,False,False,False,False,False,False,False,False,0.0,530,"['AZN', 'JNJ', 'MRNA']",AZN,2022-02-16
AstraZeneca's (AZN) Lupus Drug Saphnelo Gets Europe Nod,AstraZeneca's (AZN) Saphnelo is the only new biologic to be approved in Europe in over a decade for patients with systemic lupus erythematosus.,2022-02-17 15:57:00+00:00,https://www.zacks.com/stock/news/1869213/astrazenecas-azn-lupus-drug-saphnelo-gets-europe-nod,Zacks Investment Research,0.06818181818181818,0.7272727272727273,neutral,0.06818181818181818,False,False,False,False,False,False,False,False,0.0,200,"['AZN', 'GSK', 'VRTX', 'HZNP']",AZN,2022-02-17
"The Daily Biotech Pulse: Regeneron-Sanofi Halt Late-Stage Dupixent Study, Agios Gets FDA Nod, Safety Scare For GSK's RSV Vaccine, Shockwave Jumps On Earnings","Here's a roundup of top developments in the biotech space over the last 24 hours.
Stocks In Focus
Agios's Metabolic Disorder Treatment Receives FDA Approval
(NASDAQ: AGIO) said the U.S. Food and Drug Administration has approved its Pyrukynd (mitapivat) in the U.S. for the treatment of hemolytic anemia in adults with pyruvate kinase deficiency, a rare, debilitating, lifelong hemolytic anemia, or an accelerated destruction of red blood cells.
The company said it expects the treatment to be made available in the U.S. two weeks after the approval.
The stock was up 2.95% to $30.33 in premarket trading.
Click here to access Benzinga's FDA Calendar
Regeneron, Sanofi Halt Late-Stage Study Of Dupixent In Treating Skin Rash
Regeneron Pharmaceuticals, Inc. (NASDAQ: REGN) and Sanofi (NASDAQ: SNY) announced a Phase 3 trial evaluating their co-developed Dupixent  in patients with chronic spontaneous urticaria will stop due to futility, based on a pre-specified interim analysis.
The trial, which assessed Dupixent added to antihistamines in patients refractory to omalizumab at 24 weeks, showed positive numerical trends in reducing itch and hives but didn't meet statistical ...",2022-02-18 12:22:40+00:00,https://www.benzinga.com/general/biotech/22/02/25711140/the-daily-biotech-pulse-regeneron-sanofi-halt-late-stage-dupixent-study-agios-gets-fda-nod-safety,Benzinga,0.18022727272727274,0.4287121212121212,positive,0.18022727272727274,True,False,True,False,False,False,False,False,0.0,1338,"['IBB', 'QDEL', 'REGN', 'AZN', 'BMY', 'GSK', 'NVS', 'SNY', 'GMED', 'PRTA', 'AGIO', 'SWAV']",AZN,2022-02-18
GSK Halts Late-Stage RSV Vaccine Trial In Pregnant Women,"GlaxoSmithKline plc (NYSE: GSK) has paused a late-stage trial of its respiratory syncytial virus (RSV) vaccine candidate in pregnant women based on safety recommendations from an independent committee.

GSK did not explain why it paused the phase 3 GRACE trial and two other studies.
The Company said that halt doesn't apply to its AReSVi 006 phase 3 trial of the jab in ...",2022-02-18 12:58:55+00:00,https://www.benzinga.com/general/biotech/22/02/25711078/gsk-halts-late-stage-rsv-vaccine-trial-in-pregnant-women,Benzinga,0.13541666666666666,0.375,positive,0.13541666666666666,False,False,False,False,False,False,False,False,0.0,432,"['AZN', 'GSK', 'PFE', 'SNY']",AZN,2022-02-18
"Pharma Stock Roundup: EU Approval to PFE, AZN Products, FDA Nod to LLY New COVID Drug","FDA grants EUA to Eli Lilly's (LLY) new COVID antibody-drug, bebtelovimab. AstraZeneca's (AZN) Saphnelo and Pfizer's (PFE) Ngenla (somatrogon) and Apexxnar vaccine get approval in Europe",2022-02-18 14:23:00+00:00,https://www.zacks.com/stock/news/1869841/pharma-stock-roundup-eu-approval-to-pfe-azn-products-fda-nod-to-lly-new-covid-drug,Zacks Investment Research,0.13636363636363635,0.45454545454545453,positive,0.13636363636363635,False,False,True,False,True,False,False,False,0.0,273,"['SNY', 'AZN', 'PFE', 'LLY']",AZN,2022-02-18
"Ironwood (IRWD) Q4 Earnings Miss, Linzess Volume Grows",Ironwood (IRWD) witnesses flat year-over-year sales growth. Its fourth-quarter earnings miss estimates. The company maintains revenue guidance for 2022. Stock declines.,2022-02-18 15:54:00+00:00,https://www.zacks.com/stock/news/1869984/ironwood-irwd-q4-earnings-miss-linzess-volume-grows,Zacks Investment Research,-0.025,0.125,neutral,0.025,True,False,False,False,False,False,False,False,0.0,224,"['AZN', 'IRWD', 'ABBV', 'COLL']",AZN,2022-02-18
Scared of the Bear? Buy These 3 Healthcare Stocks,"Healthcare is the smart play in this bear market. Here's why these three Fool.com contributors like Doximity, Amgen, and Novocure.",2022-02-18 21:00:00+00:00,https://www.fool.com/investing/2022/02/18/scared-of-the-bear-buy-these-3-healthcare-stocks/,The Motley Fool,0.21428571428571427,0.6428571428571429,positive,0.21428571428571427,False,True,False,False,False,False,False,False,0.0,181,"['DOCS', 'AMGN', 'AZN', 'ISRG', 'DXCM', 'NVCR']",AZN,2022-02-18
"Banks and pharmaceutical companies lead in London, while Synairgen, Morses shares tumble","London stocks were under pressure on Monday, as investors got whipsawed by updates on the Ukraine-Russia crisis. Syanirgen and Morses were big movers to the downside.",2022-02-21 12:42:00+00:00,https://www.marketwatch.com/story/banks-and-pharmaceutical-companies-lead-in-london-while-synairgen-morses-shares-tumble-11645447339,MarketWatch,0.0,0.1,neutral,0.0,False,False,False,False,False,False,False,False,0.0,256,"['NWG', 'NWG', 'HSBC', 'AZN', 'AZN', 'BME', 'RKT', 'BP', 'BP', 'SHEL', 'SHEL', 'EVR', 'POLY']",AZN,2022-02-21
Is a Beat Likely for Moderna (MRNA) This Earnings Season?,Investor focus is likely to be on the progress of Moderna's (MRNA) late-stage pipeline candidates on the fourth-quarter earnings call that reduce its dependence on Spikevax.,2022-02-21 15:17:00+00:00,https://www.zacks.com/stock/news/1870633/is-a-beat-likely-for-moderna-mrna-this-earnings-season,Zacks Investment Research,0.0,1.0,neutral,0.0,True,False,False,False,False,False,False,False,0.0,232,"['AZN', 'MRK', 'MRNA', 'GMDA']",AZN,2022-02-21
European stocks and U.S. equity futures slide as Kremlin says U.S-Russia summit not a done deal,"Optimism returned for Monday, with U.S. futures also gaining as investors welcomed news of a potential meeting this week between President Joe Biden and Russian President Vladimir Putin.",2022-02-21 15:49:00+00:00,https://www.marketwatch.com/story/european-stocks-and-u-s-equity-futures-wobble-as-kremlin-says-u-s-russia-summit-not-a-done-deal-11645440583,MarketWatch,0.0,0.3333333333333333,neutral,0.0,False,False,False,False,False,False,False,False,0.0,283,"['DAX', 'CS', 'ASML', 'ASML', 'ASM', 'AZN', 'AZN']",AZN,2022-02-21
"AstraZeneca, Daiichi Sankyo report ‘historic’ trial results for Enhertu cancer treatment",The pharmaceutical companies said Enhertu demonstrated meaningful survival improvement in patients with breast cancer compared with physician's choice of chemotherapy.,2022-02-22 08:39:00+00:00,https://www.marketwatch.com/story/astrazeneca-reports-historic-trial-results-for-enhertu-cancer-treatment-271645428173,MarketWatch,0.25,0.25,positive,0.25,False,False,False,False,False,False,False,False,0.0,257,"['AZN', 'AZN']",AZN,2022-02-22
AstraZeneca (AZN) Enhertu Effective in HER2-Low Breast Cancer,AstraZeneca's (AZN) DESTINY-Breast04 is the first-ever phase III study of a HER2-directed therapy to show a statistically significant and clinically meaningful survival benefit in patients with HER2-low metastatic breast cancer.,2022-02-22 14:24:00+00:00,https://www.zacks.com/stock/news/1871220/astrazeneca-azn-enhertu-effective-in-her2-low-breast-cancer,Zacks Investment Research,0.4916666666666667,0.725,positive,0.4916666666666667,False,False,False,False,False,False,False,False,0.0,291,"['AZN', 'GSK', 'MRK', 'VRTX']",AZN,2022-02-22
"New global trial to review impact of reduced COVID-19 booster shots, as England drops all restrictions","A global clinical trial was launched Tuesday to investigate the impact of reduced COVID-19 booster shots, as opposed to full ones, as a way to improve access to vaccines for those parts of the world that still have low vaccination rates.",2022-02-23 12:49:00+00:00,https://www.marketwatch.com/story/new-global-trial-to-review-impact-of-reduced-covid-19-booster-shots-as-england-drops-all-restrictions-11645543887,MarketWatch,0.09727272727272726,0.2609090909090909,neutral,0.09727272727272726,False,False,False,False,True,False,False,False,0.0,341,"['AZN', 'AZN']",AZN,2022-02-23
Blood Clot Risk After First AstraZeneca COVID-19 Shot Very Small - UK Study Shows,"A large study into rare blood clots linked with AstraZeneca Plc's (NASDAQ: AZN) COVID-19 vaccine found between one and three cases per million, and only after the first dose. The analysis sheds fresh light on the side effects of the shot.
A study published in the PLOS Medicine journal assessed health records of 46 million adults in England between December 2020 and March 2021 to assess the risk of ...",2022-02-23 18:06:23+00:00,https://www.benzinga.com/general/biotech/22/02/25785890/blood-clot-risk-after-first-astrazeneca-covid-19-shot-very-small-uk-study-shows,Benzinga,0.17366071428571428,0.5894047619047619,positive,0.17366071428571428,False,False,False,False,False,False,False,False,0.0,487,"['AZN', 'PFE', 'BNTX']",AZN,2022-02-23
"Moderna (MRNA) Q4 Earnings Top, COVID-19 Vaccine Brings $7B",Moderna's (MRNA) COVID-19 vaccine sales beat expectations. The company delivers 297 million doses of its COVID-19 vaccine during the fourth quarter. Stock gains in pre-market.,2022-02-24 16:33:00+00:00,https://www.zacks.com/stock/news/1872753/moderna-mrna-q4-earnings-top-covid-19-vaccine-brings-7b,Zacks Investment Research,0.25,0.25,positive,0.25,True,False,False,False,False,False,False,False,0.0,236,"['AZN', 'MRK', 'VRTX', 'MRNA']",AZN,2022-02-24
"Pharma Stock Roundup: GSK, SNY Face Pipeline Setbacks, AZN Cancer Study Meets Goals",Glaxo (GSK) and Sanofi (SNY) announce pipeline setbacks. AstraZeneca's (AZN) HER2-low metastatic breast cancer study on Enhertu succeeds.,2022-02-25 14:08:00+00:00,https://www.zacks.com/stock/news/1873328/pharma-stock-roundup-gsk-sny-face-pipeline-setbacks-azn-cancer-study-meets-goals,Zacks Investment Research,0.7,0.1,positive,0.7,False,False,False,False,False,False,False,False,0.0,222,"['SNY', 'AZN', 'GSK', 'LLY', 'ABBV']",AZN,2022-02-25
"Ionis (IONS) Q4 Earnings & Revenues Beat Estimates, Stock Up",Teaser: Ionis (IONS) beats Q4 earnings and sales estimates. Stock rises.,2022-02-25 15:36:00+00:00,https://www.zacks.com/stock/news/1873509/ionis-ions-q4-earnings-revenues-beat-estimates-stock-up,Zacks Investment Research,0.0,0.0,neutral,0.0,True,False,False,False,False,False,False,False,0.0,134,"['AZN', 'BIIB', 'PFE', 'IONS']",AZN,2022-02-25
Don't Tell These 3 Healthcare Stocks There's a Bear Market,Many healthcare stocks have been outperforming the market averages this year. Here are three stocks our roundtable likes.,2022-02-26 00:00:00+00:00,https://www.fool.com/investing/2022/02/25/dont-tell-these-3-healthcare-stocks-theres-a-bear/,The Motley Fool,0.5,0.5,positive,0.5,False,False,False,False,False,False,False,False,0.0,181,"['INSP', 'VRTX', 'AZN']",AZN,2022-02-26
"Apellis (APLS) Q4 Loss Widens, Revenues Surpass Estimates","Apellis' (APLS) earnings miss estimates in the fourth quarter of 2021, while revenues surpass expectations.",2022-03-01 14:34:00+00:00,https://www.zacks.com/stock/news/1875248/apellis-apls-q4-loss-widens-revenues-surpass-estimates,Zacks Investment Research,0.0,0.0,neutral,0.0,True,False,False,False,False,False,False,False,0.0,166,"['AZN', 'DVAX', 'APLS', 'KLDO']",AZN,2022-03-01
"FTSE 100 skids lower, and U.K. gilt rates fall as investors head to safety amid Ukraine conflict",London stocks came under pressure and government yields were tumbling as investors sought safe-haven assets amid increased fighting in Ukraine.,2022-03-01 15:24:00+00:00,https://www.marketwatch.com/story/ftse-100-skids-lower-and-u-k-gilt-rates-fall-as-investors-head-to-safety-amid-ukraine-conflict-11646148277,MarketWatch,0.0,0.0,neutral,0.0,False,False,False,False,False,False,False,False,0.0,241,"['BP', 'SHEL', 'SHEL', 'AZN', 'AZN', 'RIO', 'RIO', 'POLY', 'EVR', 'EDV']",AZN,2022-03-01
Could Arcturus Therapeutics Be the Next Moderna?,"It's not likely, but it could still end up being a good investment.",2022-03-01 16:00:00+00:00,https://www.fool.com/investing/2022/03/01/could-arcturus-therapeutics-be-the-next-moderna/,The Motley Fool,0.2333333333333333,0.5333333333333333,positive,0.2333333333333333,False,False,False,False,False,False,False,False,0.0,117,"['ARCT', 'AZN', 'JNJ', 'PFE', 'NVAX', 'MRNA']",AZN,2022-03-01
"Up 1,000% in 5 Years? These Healthcare Stocks Could Pull It Off.","Here's why our roundtable loves Legend Biotech, Heron Therapeutics, and Pieris Pharmaceuticals.",2022-03-04 21:00:00+00:00,https://www.fool.com/investing/2022/03/04/up-1000-in-5-years-these-healthcare-stocks-can-pul/,The Motley Fool,0.0,0.0,neutral,0.0,False,False,False,False,False,False,False,False,0.0,161,"['LEGN', 'JNJ', 'AZN', 'SGEN', 'HRTX', 'PIRS']",AZN,2022-03-04
"AstraZeneca (AZN), Sanofi's (SNY) RSV Vaccine Lowers Infections",AstraZeneca (AZN) and Sanofi's (SNY) nirsevimab reduces lower respiratory tract infections like bronchiolitis or pneumonia caused by RSV 74.5% in infants.,2022-03-04 22:12:00+00:00,https://www.zacks.com/stock/news/1877849/astrazeneca-azn-sanofis-sny-rsv-vaccine-lowers-infections,Zacks Investment Research,0.0,0.0,neutral,0.0,False,False,False,False,False,False,False,False,0.0,219,"['SNY', 'AZN', 'GSK', 'PFE']",AZN,2022-03-04
This 1 Innovation Could Disrupt Pfizer and Moderna's Vaccine Supremacy,Intranasal sprays might be more effective than jabs.,2022-03-05 15:37:00+00:00,https://www.fool.com/investing/2022/03/05/this-1-innovation-could-disrupt-pfizer-and-moderna/,The Motley Fool,0.55,0.65,positive,0.55,False,False,False,False,True,False,False,False,0.0,124,"['AZN', 'PFE', 'MRNA']",AZN,2022-03-05
"Merck (MRK) Outperforms Industry, What's in Store for 2022?","Strong sales of key products like Keytruda and Gardasil, a significant contribution from molnupiravir and positive pipeline/regulatory developments can keep Merck's (MRK) stock afloat in 2022.",2022-03-07 12:58:00+00:00,https://www.zacks.com/stock/news/1878263/merck-mrk-outperforms-industry-whats-in-store-for-2022,Zacks Investment Research,0.20712121212121212,0.6507575757575758,positive,0.20712121212121212,False,False,True,False,True,False,False,False,0.0,253,"['AZN', 'MRK', 'VRTX', 'GMDA']",AZN,2022-03-07
Valneva (VALN) Completes Phase III Chikungunya Vaccine Study,Valneva's (VALN) phase III study evaluating its chikungunya vaccine achieves all primary and secondary endpoints. The stock rises 9.2% following the announcement.,2022-03-09 15:57:00+00:00,https://www.zacks.com/stock/news/1879719/valneva-valn-completes-phase-iii-chikungunya-vaccine-study,Zacks Investment Research,0.03333333333333335,0.3,neutral,0.03333333333333335,False,False,True,False,False,False,False,False,0.0,224,"['AZN', 'PFE', 'BDSI', 'VALN']",AZN,2022-03-09
2 Top Dividend Stocks You Can Buy for Less Than $100 Per Share,Some cheap stocks are worth investing in.,2022-03-10 15:45:00+00:00,https://www.fool.com/investing/2022/03/10/2-top-dividend-stocks-you-can-buy-for-less-than-10/,The Motley Fool,0.25833333333333336,0.3416666666666667,positive,0.25833333333333336,False,True,False,False,False,True,False,False,0.0,105,"['AZN', 'BMY', 'AMGN']",AZN,2022-03-10
"AstraZeneca, Merck's Lynparza Gets FDA Nod for Expanded Use",FDA approves AstraZeneca (AZN) and Merck's (MRK) Lynparza for BRCA-mutated HER2-negative high-risk early breast cancer.,2022-03-14 14:34:00+00:00,https://www.zacks.com/stock/news/1881650/astrazeneca-mercks-lynparza-gets-fda-nod-for-expanded-use,Zacks Investment Research,0.1,0.3,neutral,0.1,False,False,True,False,False,False,False,False,0.0,180,"['AZN', 'GSK', 'MRK', 'CLVS']",AZN,2022-03-14
Emergent (EBS) Begins Dosing in Phase I Cyanide Poisoning Study,"Emergent (EBS) initiates dosing in a phase I study evaluating stabilized isoamyl nitrite, the company's investigational single-use intranasal spray for treating acute cyanide poisoning.",2022-03-14 14:38:00+00:00,https://www.zacks.com/stock/news/1881649/emergent-ebs-begins-dosing-in-phase-i-cyanide-poisoning-study,Zacks Investment Research,0.6,0.9,positive,0.6,False,False,False,False,False,False,False,False,0.0,250,"['AZN', 'JNJ', 'VRTX', 'EBS']",AZN,2022-03-14
"The Daily Biotech Pulse: Biogen, Eisai Amend Aduhelm Agreement; Anaptys Acne Drug Flunks Midstage Study; Merck, AstraZeneca Discontinue Prostate Cancer Trial","Here's a roundup of top developments in the biotech space over the last 24 hours:
Stocks In Focus
Anaptys Discontinues Phase 2 Study Of Imsidolimab In Acne
Anaptys Bio, Inc. (NASDAQ: ANAB) said the Phase 2 clinical trial of imsidolimab for the treatment of moderate-to-severe acne did not demonstrate efficacy over placebo on primary or secondary endpoints. The study will be discontinued.
""Although the results of this ACORN trial are disappointing, I would like to thank all of the patients, investigators, staff and our employees involved in conducting this trial,"" said Hamza Suria, AnaptysBio's CEO.
""We look forward to further advancement of imsidolimab for the treatment of GPP and hidradenitis suppurativa. AnaptysBio continues to utilize its strong cash position in a capital-efficient manner to advance three wholly-owned clinical-stage programs with $90 to $100 million anticipated net cash burn in 2022.""
The stock was declining 10.48% to $25.46 in premarket trading.
Biogen, Eisai Amend Economic Agreement Related To Aduhelm
Biogen, Inc. (NASDAQ: BIIB) and Eisai Co. Ltd. (OTC: ESALY) announced an amendment to the economic agreement between the companies. According to the amendment, Eisai will receive a tiered royalty on net sales of Aduhelm,  rather than sharing global profits and losses.
The companies clarified that the economic agreements for 2022 will remain unchanged, with Eisai's share of expenses capped at $335 million for the costs related to development, commercialization and manufacturing for calendar year 2022.
Merck, AstraZeneca To Discontinue Combo Treatment Study In Prostate Cancer Patients
Merck & Co. Ltd. (NYSE: MRK) said it will stop the Phase ...",2022-03-15 11:46:19+00:00,https://www.benzinga.com/general/biotech/22/03/26139324/the-daily-biotech-pulse-biogen-eisai-amend-aduhelm-agreement-anaptys-acne-drug-flunks-midstage-st,Benzinga,0.06458333333333334,0.29375,neutral,0.06458333333333334,True,False,True,False,False,False,True,False,0.0,1847,"['ATHX', 'SXTC', 'BIIB', 'GMDA', 'EXEL', 'DTIL', 'IDYA', 'IBB', 'IMRA', 'AZN', 'CGTX', 'BBI', 'BTTX', 'MRK', 'ALT', 'ANIP', 'TCON', 'ANAB', 'SYRS', 'ATNX']",AZN,2022-03-15
AstraZeneca (AZN) Stock Up 27% in a Year: What Lies Ahead?,AstraZeneca's (AZN) stock has risen 26.9% in the past year compared with an increase of 22.3% for the industry.,2022-03-15 14:52:00+00:00,https://www.zacks.com/stock/news/1882311/astrazeneca-azn-stock-up-27-in-a-year-what-lies-ahead,Zacks Investment Research,-0.25,0.25,negative,0.25,False,False,False,False,False,False,False,False,0.0,171,"['AZN', 'VRTX', 'VYGR', 'GMDA']",AZN,2022-03-15
AstraZeneca's (AZN) Fasenra sBLA for Nasal Polyps Gets CRL,The FDA gives CRL to AstraZeneca's (AZN) sBLA for Fasenra for chronic rhinosinusitis with nasal polyps (CRSwNP) for want of additional clinical,2022-03-15 15:13:00+00:00,https://www.zacks.com/stock/news/1882336/astrazenecas-azn-fasenra-sbla-for-nasal-polyps-gets-crl,Zacks Investment Research,0.0,0.0,neutral,0.0,False,False,True,False,False,False,False,False,0.0,203,"['AZN', 'VRTX', 'VYGR', 'GMDA']",AZN,2022-03-15
Merck (MRK) Stops Keytruda-Lynparza Combo Prostate Cancer Study,"Merck (MRK) decides to discontinue a late-stage prostate cancer study evaluating Keytruda in combination with AstraZeneca's Lynparza, following its failure to demonstrate a benefit in overall survival.",2022-03-16 13:00:00+00:00,https://www.zacks.com/stock/news/1882856/merck-mrk-stops-keytruda-lynparza-combo-prostate-cancer-study,Zacks Investment Research,-0.10555555555555557,0.13333333333333333,negative,0.10555555555555557,False,False,False,False,False,False,False,False,0.0,266,"['AZN', 'PFE', 'MRK', 'INVA']",AZN,2022-03-16
1 Great Income Stock to Buy and Hold Forever,There are reasons to like Amgen that go beyond its market-beating 3.4% dividend yield.,2022-03-16 15:15:00+00:00,https://www.fool.com/investing/2022/03/16/1-great-income-stock-to-buy-and-hold-forever/,The Motley Fool,0.8,0.75,positive,0.8,False,True,False,False,False,True,False,False,0.0,132,"['AMGN', 'JNJ', 'SNY', 'AZN', 'LLY', 'REGN']",AZN,2022-03-16
"The Daily Biotech Pulse: AbbVie's Rinvoq Gets Label Expansion, AstraZeneca COVID Antibody Cocktail Authorized By UK Regulator, Stealth Touts Positive Data","Here's a roundup of top developments in the biotech space over the last 24 hours:
Stocks In Focus
AbbVie's Rinvoq Gets Label Expansion To Treat Ulcerative Colitis
AbbVie, Inc. (NYSE: ABBV) announced the Food and Drug Administration has approved its Rinvoq for the treatment of adults with moderately to severely active ulcerative colitis, who have had an inadequate response or intolerance to one or more tumor necrosis factor blockers. This FDA approval is the first indication for  Rinvoq  in gastroenterology.
AstraZeneca's Antibody Cocktail Gets UK Regulatory Nod For Preventing COVID-19; UK Biopharma Announces $775M Settlement Agreement
AstraZeneca plc's (NASDAQ: AZN) antibody cocktail Evusheld was authorized for preventing COVID-19 by the U.K. drug regulator, the Medicines And Healthcare Products Regulatory Agency. Evusheld is a combination of two long-acting antibodies that works by binding to the spike protein on the outside of the SARS-CoV-2 virus, the virus that causes COVID-19. This in turn prevents the virus from attaching to and entering human cells.
Separately, AstraZeneca and its Alexion unit  said they hvae entered into a settlement agreement with Chugai Pharmaceuticals Co. Ltd. (OTC: CHGCY) to resolving all patent disputes between the two companies related to Ultomiris.
Under the terms of the agreement, Alexion will ...",2022-03-17 11:53:33+00:00,https://www.benzinga.com/general/biotech/22/03/26180032/the-daily-biotech-pulse-abbvies-rinvoq-gets-label-expansion-astrazeneca-covid-antibody-cocktail-a,Benzinga,0.1221763085399449,0.3450413223140496,positive,0.1221763085399449,False,False,True,False,True,False,False,True,0.0,1507,"['DVAX', 'XFOR', 'IBB', 'TRVI', 'SPPI', 'BBIO', 'AZN', 'AFIB', 'ABBV', 'ONTX', 'KPTI', 'ALDX', 'MDWD', 'CBAY', 'EIGR', 'AVDL', 'SYBX', 'LQDA', 'MITO']",AZN,2022-03-17
"AstraZeneca, Merck's Lynparza Cut Risk of Breast Cancer Death",Treatment with AstraZeneca (AZN) and Merck's (MRK) Lynparza show meaningful improvement in overall survival for patients with BRCA-mutated HER2-negative high-risk early breast cancer.,2022-03-17 17:15:00+00:00,https://www.zacks.com/stock/news/1883686/astrazeneca-mercks-lynparza-cut-risk-of-breast-cancer-death,Zacks Investment Research,0.19999999999999998,0.26666666666666666,positive,0.19999999999999998,False,False,False,False,False,False,False,False,0.0,246,"['AZN', 'GSK', 'MRK', 'CLVS']",AZN,2022-03-17
2 Top Biotech Stocks to Buy Right Now,The global pharmaceutical industry grows in importance with each passing year. These two companies are prominent participants.,2022-03-21 14:00:00+00:00,https://www.fool.com/investing/2022/03/21/2-top-biotech-stocks-to-buy-right-now/,The Motley Fool,0.3214285714285714,0.5089285714285714,positive,0.3214285714285714,False,True,False,False,False,False,False,False,0.0,165,"['AZN', 'MRK']",AZN,2022-03-21
"This group of stocks is flagging a rebound, and that's good news for the S&P 500, says technical analyst",Where is the market going after last week's rally? Our call of the day from MKM's chief strategist is looking at healthy signals from the healthcare sector.,2022-03-22 13:05:00+00:00,https://www.marketwatch.com/story/this-group-of-stocks-is-flagging-a-rebound-and-thats-good-news-for-the-s-p-500-says-technical-analyst-11647946611,MarketWatch,0.3,0.31666666666666665,positive,0.3,False,False,True,False,False,False,False,False,0.0,262,"['IONS', 'MRNA', 'BMY', 'CORT', 'HRMY', 'INVA', 'JNJ', 'LLY', 'PCRX', 'AZN', 'GSK', 'NVS', 'NVO', 'ROG', 'SNY', 'COMP', 'NKE', 'BABA', 'OKTA', 'DJIA', 'MULN', 'GME', 'AMC', 'NIO', 'BBIG', 'AAPL', 'CENN', 'NVDA']",AZN,2022-03-22
Merck (MRK) Keytruda Gets Another FDA Nod in Endometrial Cancer,Merck's (MRK) Keytruda gets approval for advanced endometrial carcinoma therapy in certain patients who are not suited for curative surgery or radiation.,2022-03-22 16:06:00+00:00,https://www.zacks.com/stock/news/1885745/merck-mrk-keytruda-gets-another-fda-nod-in-endometrial-cancer,Zacks Investment Research,0.30714285714285716,0.5857142857142856,positive,0.30714285714285716,False,False,True,False,False,False,False,False,0.0,218,"['AZN', 'MRK', 'VRTX', 'BDSI']",AZN,2022-03-22
Should You Buy This Big Pharma Stock?,"AstraZeneca possesses a stacked, commercialized drug portfolio. And its pipeline of drug candidates is just as enviable.",2022-03-24 15:30:00+00:00,https://www.fool.com/investing/2022/03/24/should-you-buy-this-big-pharma-stock/,The Motley Fool,0.0,0.1,neutral,0.0,False,True,False,False,False,False,False,False,0.0,159,['AZN'],AZN,2022-03-24
3 Top Healthcare Stocks to Buy for the Long Haul,A couple of these stocks have been down big this year and could be overdue for a rally.,2022-03-25 14:00:00+00:00,https://www.fool.com/investing/2022/03/25/3-top-healthcare-stocks-to-buy-for-the-long-haul/,The Motley Fool,0.0736111111111111,0.32222222222222224,neutral,0.0736111111111111,False,True,False,False,False,False,False,False,0.0,137,"['TDOC', 'AZN', 'LLY', 'ISRG', 'JNJ']",AZN,2022-03-25
Pfizer's (PFE) RSV Jab Gets Another Breakthrough Therapy Tag,"The FDA bestows another Breakthrough Therapy status to Pfizer's (PFE) RSV vaccine candidate, RSVpreF, for the prevention of RSV in older adults.",2022-03-25 15:03:00+00:00,https://www.zacks.com/stock/news/1887698/pfizers-pfe-rsv-jab-gets-another-breakthrough-therapy-tag,Zacks Investment Research,0.16666666666666666,0.3333333333333333,positive,0.16666666666666666,False,False,True,False,False,False,False,False,0.0,206,"['SNY', 'AZN', 'GSK', 'PFE']",AZN,2022-03-25
AstraZeneca's (AZN) Imfinzi Misses Goal in Cervical Cancer Study,AstraZeneca's (AZN) blockbuster drug Imfinzi fails to achieve progression-free survival endpoint with statistical significance in cervical cancer patients during a late-stage study.,2022-03-25 18:24:00+00:00,https://www.zacks.com/stock/news/1887768/astrazenecas-azn-imfinzi-misses-goal-in-cervical-cancer-study,Zacks Investment Research,-0.5,0.3,negative,0.5,False,False,False,False,False,False,False,False,0.0,247,"['AZN', 'BMY', 'MRK', 'VRTX']",AZN,2022-03-25
Which Company Has the Biggest COVID Program? The Answer Isn't Moderna.,Another player has stuffed its pipeline with many coronavirus candidates.,2022-03-27 12:00:00+00:00,https://www.fool.com/investing/2022/03/27/which-company-has-the-biggest-covid-program-the-an/,The Motley Fool,0.5,0.5,positive,0.5,False,False,False,False,False,False,False,False,0.0,145,"['MRNA', 'AZN', 'GSK', 'GRFS', 'PFE', 'JNJ', 'LLY', 'NVS', 'NVAX', 'SRNE', 'ROG']",AZN,2022-03-27
Are These 2 Rivals Beating Pfizer and Moderna?,They're winning when it comes to orders.,2022-03-28 10:00:00+00:00,https://www.fool.com/investing/2022/03/28/are-these-2-rivals-beating-pfizer-and-moderna/,The Motley Fool,0.5,0.75,positive,0.5,False,False,False,False,False,False,False,False,0.0,88,"['MRNA', 'GSK', 'PFE', 'JNJ', 'SNY', 'AZN', 'NVAX', 'SVA', 'BNTX', 'CVAC']",AZN,2022-03-28
AstraZeneca (AZN) Gets EU Nod for COVID-19 Antibody Cocktail,The European Commission approves AstraZeneca's (AZN) Evusheld for the pre-exposure prophylaxis of COVID-19 infection in a broad patient population.,2022-03-28 16:31:00+00:00,https://www.zacks.com/stock/news/1888672/astrazeneca-azn-gets-eu-nod-for-covid-19-antibody-cocktail,Zacks Investment Research,0.03125,0.15625,neutral,0.03125,False,False,False,False,False,False,False,False,0.0,209,"['REGN', 'AZN', 'GSK', 'VIR']",AZN,2022-03-28
"In the big pharma sector, the best buy is AstraZeneca at prices below $56","GlaxoSmithKline PLC (LON:GSK), Johnson & Johnson (FRA:JNJ), and AstraZeneca PLC (LON:AZN) are certainly the best in the big pharma industry. As the companies compete in the drug wars, investors only want to know which stock provides the best investment opportunity. AstraZeneca wins investors in the big pharma wars While GSK returned only 6.84% in capital […]
The post In the big pharma sector, the best buy is AstraZeneca at prices below $56 appeared first on Invezz.",2022-03-28 23:48:56+00:00,https://invezz.com/news/2022/03/28/in-the-big-pharma-sector-the-best-buy-is-astrazeneca-at-prices-below-56/,Invezz,0.36648351648351646,0.36190476190476184,positive,0.36648351648351646,False,True,True,False,False,False,False,False,0.0,544,['AZN'],AZN,2022-03-28
"A Peek Into The Markets: US Stock Futures Higher Ahead Of Earnings, Fed Speakers","Pre-open movers
U.S. stock futures traded higher in early pre-market trade after the Dow Jones jumped around 150 points in the previous session. Investors are awaiting earnings results from  McCormick & Company, Incorporated  (NYSE: MKC),  Micron Technology, Inc.  (NASDAQ: MU),  Elbit Systems Ltd. (NASDAQ: ESLT) and  Lululemon Athletica Inc.  (NASDAQ: LULU).
Federal Reserve Bank of New York President John Williams is set to speak at 9:00 a.m. ET, while Philadelphia Fed President Patrick Harker will speak at 10:45 a.m. ET. Federal Reserve Bank of Atlanta President Raphael Bostic is set to speak at 9:30 p.m. ET. The S&P Corelogic Case-Shiller home price index and FHFA house price index will be released at 9:00 a.m. ET. The Conference Board’s consumer confidence index and Labor Department's JOLTS report for February will be released at 10:00 a.m. ET.
Futures for the Dow Jones Industrial Average jumped 107 points to 34,960.00 while the Standard & Poor’s 500 index futures gained 14.50 points to 4,582.50. Futures ...",2022-03-29 09:31:34+00:00,https://www.benzinga.com/news/earnings/22/03/26340211/a-peek-into-the-markets-us-stock-futures-higher-ahead-of-earnings-fed-speakers,Benzinga,0.002462121212121207,0.36515151515151517,neutral,0.002462121212121207,True,False,False,False,True,False,False,False,0.0,1108,"['ESLT', 'LULU', 'AZN', 'MKC', 'MU', 'SNY', 'PINS', 'PLAY', 'IGMS']",AZN,2022-03-29
Should You Buy Moderna? Look at These 2 Charts First.,They offer us clues about near-term and long-term revenue.,2022-03-29 10:00:00+00:00,https://www.fool.com/investing/2022/03/29/should-you-buy-moderna-look-at-these-charts-first/,The Motley Fool,0.25,0.3333333333333333,positive,0.25,True,True,False,False,False,False,False,False,0.0,113,"['MRNA', 'AZN', 'PFE', 'NVAX']",AZN,2022-03-29
Adagio's (ADGI) COVID-19 Antibody Meets Goals in Studies,"The stock price of Adagio (ADGI) surge after it reports positive preliminary data from the phase II/III studies, which evaluate its monoclonal antibody for the prevention and treatment of COVID-19.",2022-03-31 16:14:00+00:00,https://www.zacks.com/stock/news/1890544/adagios-adgi-covid-19-antibody-meets-goals-in-studies,Zacks Investment Research,0.22727272727272727,0.5454545454545454,positive,0.22727272727272727,False,False,False,False,False,False,False,False,0.0,255,"['AZN', 'GSK', 'LLY', 'ADGI']",AZN,2022-03-31
"Pharma Stock Roundup: FDA Nod for 2nd COVID Booster, New Approvals for AZN, GSK, NVS",FDA authorizes second booster dose of PFE and MRNA COVID-19 vaccines for older adults. RHHBY's late-stage study for ES-SCLC fails.,2022-04-01 13:09:00+00:00,https://www.zacks.com/stock/news/1891070/pharma-stock-roundup-fda-nod-for-2nd-covid-booster-new-approvals-for-azn-gsk-nvs,Zacks Investment Research,-0.039393939393939405,0.2175757575757576,neutral,0.039393939393939405,False,False,True,False,False,False,False,False,0.0,216,"['AZN', 'GSK', 'NVS', 'PFE']",AZN,2022-04-01
3 CEOs to Invest In,"Looking for a healthcare stock with strong leadership? Our roundtable likes Immunocore, Axsome Therapeutics, and GlaxoSmithKline.",2022-04-02 01:00:00+00:00,https://www.fool.com/investing/2022/04/01/3-founderceos-to-invest-in/,The Motley Fool,0.4333333333333333,0.7333333333333333,positive,0.4333333333333333,False,False,False,False,False,False,True,False,0.0,150,"['GSK', 'GS', 'AZN', 'NVS', 'ANTM', 'JAZZ', 'AXSM', 'GH', 'IMCR']",AZN,2022-04-02
2 Drugmakers Set for Explosive Revenue This Decade,They are selling much-needed products.,2022-04-03 10:00:00+00:00,https://www.fool.com/investing/2022/04/03/2-drugmakers-set-for-explosive-revenue-this-decade/,The Motley Fool,0.0,0.0,neutral,0.0,True,False,False,False,True,False,False,False,0.0,90,"['BMY', 'AZN', 'MRK', 'JNJ', 'SNY', 'GILD', 'NVO', 'ABBV']",AZN,2022-04-03
Clovis (CLVS) Up 24% on Upbeat Data From Ovarian Cancer Study,Clovis Oncology's (CLVS) stock price rises after it reports favorable data from a late-stage study on Rubraca as the first-line maintenance treatment of ovarian cancer.,2022-04-04 19:11:00+00:00,https://www.zacks.com/stock/news/1892699/clovis-clvs-up-24-on-upbeat-data-from-ovarian-cancer-study,Zacks Investment Research,0.0,0.0,neutral,0.0,False,False,False,False,False,False,False,False,0.0,231,"['AZN', 'BMY', 'MRK', 'CLVS']",AZN,2022-04-04
"The All-Weather Portfolio: The Good, The Bad, And The Ugly",The Financial Prophet's All-Weather Portfolio AWP delivered another solid quarter in Q1. Read the latest updates for the all-weather portfolio here.,2022-04-06 18:06:07+00:00,https://seekingalpha.com/article/4500091-the-all-weather-portfolio-good-bad-and-ugly,Seeking Alpha,-0.033333333333333305,0.5444444444444444,neutral,0.033333333333333305,False,False,False,False,False,False,False,False,0.0,208,"['ABBV', 'AMD', 'AMZN', 'AUY', 'AZN', 'BABA', 'BHP', 'BIDU', 'BMY', 'CLF', 'FB', 'GDX', 'GFI', 'GILD', 'GS', 'JPM', 'LMT', 'MOS', 'MRNA', 'NFLX', 'NIO', 'NOV', 'NVAX', 'OXY', 'PLTR', 'PYPL', 'RIO', 'RTX', 'SLB', 'SOFI', 'SQM', 'T', 'TBB', 'TBC', 'VLO', 'XOM']",AZN,2022-04-06
"The Daily Biotech Pulse: Pfizer Goes Shopping, AstraZeneca Inks Bispecific Antibody Deal, Aptinyx Faces Clinical Study Setback, Erytech Jumps On Data And More","Here's a roundup of top developments in the biotech space over the last 24 hours:
Stocks In Focus
AstraZeneca In-Licenses Preclinical Bispecific Antibody Candidate From Harbour BioMed For Up To $350M
Harbour BioMed, a biopharma based out of the Netherlands and China, announced a global out-licensing agreement with AstraZeneca plc (NASDAQ: AZN) for the bispecific antibody HBM7022. The investigational asset is being evaluated in preclinical trials.
Under the agreement, in exchange for the global R&D, registration, manufacturing and commercialization rights, AstraZeneca will pay an upfront payment of $25 million, with potential additional milestone payments up to $325 million and tiered royalties on net sales.
Pfizer To Acquire RSV Therapeutic Company ReViral For Up To $525M
Pfizer, Inc. (NYSE: PFE) announced a definitive agreement to acquire ReViral, a privately held, clinical-stage biopharma developing antiviral therapeutics that target respiratory syncytial virus, for up to $525 million, including upfront and development milestones.
ReViral has a portfolio of therapeutic candidates, including sisunatovir, an orally administered inhibitor designed to block fusion of the RSV virus to the host cell. If successful, annual revenue potential from these programs could reach or exceed $1.5 billion, Pfizer said.
Regeneron-Sanofi Get Label Expansion For Dupixent In Europe To Treat Pediatric Asthma Patients With Type 2 Inflammation
Regeneron Pharmaceuticals, Inc. (NASDAQ: REGN) and Sanofi (NASDAQ: SNY) announced that the European Commission has expanded the marketing authorization for Dupixent in the European Union.
Dupixent is now also approved in children ages 6 to 11 years as an add-on maintenance treatment for severe asthma with type 2 inflammation, who are inadequately controlled with medium to high dose inhaled corticosteroids plus another medicinal product for maintenance treatment.
Spero Announces Publication Of Positive Phase 3 Data For ...",2022-04-07 12:24:52+00:00,https://www.benzinga.com/general/biotech/22/04/26518261/the-daily-biotech-pulse-pfizer-goes-shopping-astrazeneca-inks-bispecific-antibody-deal-aptinyx-fa,Benzinga,0.1424848484848485,0.3651414141414141,positive,0.1424848484848485,True,True,False,False,True,False,False,False,0.0,2132,"['ANGO', 'IBB', 'REGN', 'AZN', 'PFE', 'SNY', 'ADVM', 'SELB', 'ERYP', 'ENOB', 'APTX', 'VAXX']",AZN,2022-04-07
Antibody Treatments for COVD-19 Face Challenges in the U.S.,"With the emergence of the highly transmissible Omicron variant, the authorized antibody treatments of companies like Vir Biotechnology (VIR), Glaxo (GSK) and Regeneron (REGN) suffer setbacks due to a lack of efficacy against the same.",2022-04-08 13:31:00+00:00,https://www.zacks.com/stock/news/1895500/antibody-treatments-for-covd-19-face-challenges-in-the-us,Zacks Investment Research,0.011666666666666667,0.3466666666666667,neutral,0.011666666666666667,False,False,False,False,False,False,False,False,0.0,295,"['REGN', 'AZN', 'GSK', 'LLY', 'VIR']",AZN,2022-04-08
3 Things About Pfizer That Smart Investors Know,The next few years might get a little bumpy.,2022-04-08 15:07:00+00:00,https://www.fool.com/investing/2022/04/08/3-things-about-pfizer-that-smart-investors-know/,The Motley Fool,-0.043303571428571434,0.3107142857142857,neutral,0.043303571428571434,False,False,False,False,False,False,False,False,0.0,93,"['PFE', 'MRK', 'SNY', 'JNJ', 'NVS', 'BMY', 'GSK', 'ABBV', 'AZN']",AZN,2022-04-08
"Top Stock Reports for Costco, AstraZeneca & Medtronic","Today's Research Daily features new research reports on 16 major stocks, including Costco Wholesale Corporation (COST), AstraZeneca PLC (AZN), and Medtronic plc (MDT).",2022-04-08 18:14:00+00:00,https://www.zacks.com/research-daily/1895594/top-stock-reports-for-costco-astrazeneca-medtronic,Zacks Investment Research,0.1747159090909091,0.36363636363636365,positive,0.1747159090909091,False,False,False,False,False,False,False,False,0.0,222,"['AZN', 'MDT', 'COST', 'AMAT', 'EQNR', 'SONY']",AZN,2022-04-08
3 Safe Stocks to Buy in an Uncertain Market,Their solid underlying businesses and dividends make these stocks more secure than most.,2022-04-09 11:31:00+00:00,https://www.fool.com/investing/2022/04/09/3-safe-stocks-to-buy-in-an-uncertain-market/,The Motley Fool,0.38,0.44000000000000006,positive,0.38,False,True,True,False,False,True,False,False,0.0,133,"['ABBV', 'PFE', 'AZN']",AZN,2022-04-09
"The Zacks Analyst Blog Highlights Costco Wholesale, AstraZeneca, Medtronic, Sony Group, and Applied Materials","Costco Wholesale, AstraZeneca, Medtronic, Sony Group, and Applied Materials are part of top Analyst Blog.",2022-04-11 16:09:00+00:00,https://www.zacks.com/stock/news/1897203/the-zacks-analyst-blog-highlights-costco-wholesale-astrazeneca-medtronic-sony-group-and-applied-materials,Zacks Investment Research,0.5,0.5,positive,0.5,False,False,False,False,False,False,False,False,0.0,216,"['AZN', 'MDT', 'COST', 'AMAT', 'SONY']",AZN,2022-04-11
4 'Double Discounted' CEFs Yielding Up To 9.1%,,2022-04-14 09:08:00+00:00,https://www.investing.com/analysis/4-double-discounted-cefs-yielding-up-to-91-200622192,Investing.com,0.0,0.0,neutral,0.0,False,False,False,False,False,False,False,False,0.0,48,"['IBB', 'BLK', 'BME', 'BMEZ', 'UNH', 'TMO', 'ABT', 'SGEN', 'ALC', 'MASI', 'THW', 'THQ', 'JNJ', 'ABBV', 'PFE', 'AZN']",AZN,2022-04-14
2 Unstoppable Green Flags for AbbVie,There's a silver lining around an approaching dark cloud.,2022-04-14 11:00:00+00:00,https://www.fool.com/investing/2022/04/14/2-unstoppable-green-flags-for-abbvie/,The Motley Fool,-0.11666666666666665,0.2333333333333333,negative,0.11666666666666665,False,False,False,False,False,False,False,False,0.0,95,"['ABBV', 'MRK', 'SNY', 'JNJ', 'PFE', 'NVS', 'BMY', 'GILD', 'NVO', 'GSK', 'AZN', 'ROG']",AZN,2022-04-14
Here's What This Regulatory News Could Mean for GlaxoSmithKline,GlaxoSmithKline's anemia of chronic kidney disease drug could be just months away from authorization in the European Union.,2022-04-14 11:08:00+00:00,https://www.fool.com/investing/2022/04/14/heres-what-this-regulatory-news-could-mean-for-gla/,The Motley Fool,-0.15625,0.34375,negative,0.15625,False,False,True,False,False,False,False,False,0.0,188,"['GSK', 'AZN', 'FGEN']",AZN,2022-04-14
3 Risky Stocks With Huge Potential Upside,"Why risk-tolerant investors want to own Shopify, Silvergate Capital, and Pieris Pharmaceuticals.",2022-04-15 15:00:00+00:00,https://www.fool.com/investing/2022/04/15/3-risky-stocks-with-huge-potential-upside/,The Motley Fool,0.3333333333333333,0.9666666666666667,positive,0.3333333333333333,False,False,False,False,False,False,False,False,0.0,139,"['AMZN', 'SGEN', 'AZN', 'NVAX', 'SHOP', 'OKTA', 'MDB', 'PIRS', 'SI', 'SNOW', 'COIN']",AZN,2022-04-15
Why Nektar Therapeutics Stock Is Crashing Today,The company is throwing in the towel on its lead pipeline program.,2022-04-18 15:30:00+00:00,https://www.fool.com/investing/2022/04/18/why-nektar-therapeutics-stock-is-crashing-today/,The Motley Fool,0.0,0.0,neutral,0.0,False,False,False,False,False,False,False,False,0.0,115,"['NKTR', 'BMY', 'AZN', 'TAK']",AZN,2022-04-18
AstraZeneca's (AZN) Enhertu sBLA Receives FDA Priority Tag,FDA grants priority review to AstraZeneca (AZN) and Daiichi Sankyo's sBLA seeking approval of Enhertu for previously treated HER2-mutant metastatic non-small cell lung cancer (NSCLC).,2022-04-20 12:35:00+00:00,https://www.zacks.com/stock/news/1903212/astrazenecas-azn-enhertu-sbla-receives-fda-priority-tag,Zacks Investment Research,-0.16666666666666666,0.16666666666666666,negative,0.16666666666666666,False,False,True,False,False,False,False,False,0.0,243,"['AZN', 'MRK', 'LLY', 'VRTX']",AZN,2022-04-20
2 Charts Big Pharma Investors Need to Understand,The industry's leaders will fight to maintain their ranking over the next few years.,2022-04-21 15:45:00+00:00,https://www.fool.com/investing/2022/04/21/2-charts-big-pharma-investors-need-to-understand/,The Motley Fool,-0.06666666666666667,0.06666666666666667,neutral,0.06666666666666667,False,False,False,False,False,False,False,False,0.0,134,"['PFE', 'AZN', 'ABBV']",AZN,2022-04-21
2 Dividend Stocks to Buy and Hold Forever,These two companies have been around a while.,2022-04-22 15:45:00+00:00,https://www.fool.com/investing/2022/04/22/2-dividend-stocks-to-buy-and-hold-forever/,The Motley Fool,0.0,0.0,neutral,0.0,False,True,False,False,False,True,False,False,0.0,88,"['AZN', 'MRK']",AZN,2022-04-22
"Apellis (APLS) Thrives on Empaveli, Stiff Competition a Woe","Apellis' (APLS) marketed drug, Empaveli, is approved for treating paroxysmal nocturnal hemoglobinuria. The drug's label expansion studies hold promise. Stiff competition remains an overhang.",2022-04-22 17:19:00+00:00,https://www.zacks.com/stock/news/1905613/apellis-apls-thrives-on-empaveli-stiff-competition-a-woe,Zacks Investment Research,-0.21428571428571427,0.5,negative,0.21428571428571427,False,False,False,False,False,False,False,False,0.0,251,"['AZN', 'VRTX', 'VYGR', 'APLS']",AZN,2022-04-22
These Dividend Stocks Are Trouncing the Market -- Are They Still Buys?,Investors don't like these stocks only because of their dividends.,2022-04-24 09:52:00+00:00,https://www.fool.com/investing/2022/04/24/dividend-stocks-trouncing-the-market-are-they-buys/,The Motley Fool,0.0,1.0,neutral,0.0,False,True,False,False,False,True,False,False,0.0,138,"['ABBV', 'CVX', 'AZN']",AZN,2022-04-24
Eli Lilly (LLY) to Report Q1 Earnings: What's in the Cards?,Higher demand for its key drugs is likely to have offset generic competition for several other drugs and may have boosted Lilly's (LLY) first-quarter sales.,2022-04-25 12:20:00+00:00,https://www.zacks.com/stock/news/1906836/eli-lilly-lly-to-report-q1-earnings-whats-in-the-cards,Zacks Investment Research,0.020833333333333332,0.4791666666666667,neutral,0.020833333333333332,True,False,False,False,False,False,False,False,0.0,217,"['AZN', 'BIIB', 'MRK', 'LLY']",AZN,2022-04-25
Gilead (GILD) to Report Q1 Earnings: Is a Beat in the Cards?,Investors will focus on the HIV franchise's performance and Veklury sales in Gilead's (GILD) first-quarter 2022 results.,2022-04-25 15:49:00+00:00,https://www.zacks.com/stock/news/1907095/gilead-gild-to-report-q1-earnings-is-a-beat-in-the-cards,Zacks Investment Research,0.0,0.0,neutral,0.0,True,False,False,False,False,False,False,False,0.0,182,"['SNY', 'AZN', 'AMGN', 'GILD']",AZN,2022-04-25
"Top Analyst Reports for Alphabet, Amazon & Chevron","Today's Research Daily features new research reports on 16 major stocks, including Alphabet Inc. (GOOGL), Amazon.com, Inc. (AMZN), and Chevron Corporation (CVX).",2022-04-25 18:15:00+00:00,https://www.zacks.com/research-daily/1907015/top-analyst-reports-for-alphabet-amazon-chevron,Zacks Investment Research,0.1747159090909091,0.36363636363636365,positive,0.1747159090909091,False,False,False,False,False,False,False,False,0.0,213,"['AMZN', 'AZN', 'CVX', 'DHR', 'BRK.B', 'GOOGL']",AZN,2022-04-25
Will Merck (MRK) Beat Expectations This Earnings Season?,"Investor focus is likely to be on the sales of Merck's (MRK) blockbuster oncology medicine, Keytruda, and the new COVID-19 antiviral pill, molnupiravir when the company reports Q1 earnings.",2022-04-26 13:31:00+00:00,https://www.zacks.com/stock/news/1907923/will-merck-mrk-beat-expectations-this-earnings-season,Zacks Investment Research,0.06818181818181818,0.7272727272727273,neutral,0.06818181818181818,True,False,False,False,False,False,False,False,0.0,247,"['SNY', 'AZN', 'MRK', 'ABBV']",AZN,2022-04-26
Bristol-Myers (BMY) to Post Q1 Earnings: Is a Beat in Store?,Bristol-Myers (BMY) Q1 earnings might have gained from strong demand for Eliquis and incremental contribution from newer drugs. Operating expenses might have jumped on broader portfolio-related costs.,2022-04-27 16:00:00+00:00,https://www.zacks.com/stock/news/1909230/bristol-myers-bmy-to-post-q1-earnings-is-a-beat-in-store,Zacks Investment Research,0.4333333333333333,0.7333333333333333,positive,0.4333333333333333,True,False,False,False,False,False,False,False,0.0,262,"['SNY', 'AZN', 'BMY', 'NKTR']",AZN,2022-04-27
"The Daily Biotech Pulse: Moderna Seeks FDA Approval For COVID-19 Shot For Children 2-6, Tax Disclosure For Amgen, Fast Track Tags For SQZ Biotech, Timber Pharma Candidates","Here's a roundup of top developments in the biotech space over the last 24 hours:
Stocks In Focus
Moderna Seeks FDA Emergency Use Nod For COVID-19 Shot In Kids 2-6
Moderna Inc (NASDAQ: MRNA) submitted a request for FDA emergency use authorization (EUA) for its COVID-19 vaccine (mRNA-1273) in children 6 months to under 6 years of age. 
The requests are based on a 25 μg two-dose primary series of mRNA-1273.
The EUA submission for children ages 6 months to under 6 years will be complete next week. Moderna is also currently studying booster doses for all pediatric cohorts.
Amgen Hit By Bombshell Tax Disclosure 
Amgen Inc (NASDAQ: AMGN) says that earlier this month the company received a notice of deficiency from the Internal Revenue Service centered on 2013 to 2015. 
The agency seeks to increase Amgen's taxable income for the period by an amount that would result in an additional federal tax of approximately $5.1 billion plus interest. 
In addition, the notice proposes penalties of roughly $2 billion.
The notice is similar to the adjustments Amgen received from the IRS for the 2010 to 2012 period. 
Y-MAbs Therapeutics' CEO Exits, Expects FY22 Danyelza Sales of Up To $50M
Y-mAbs Therapeutics Inc's (NASDAQ: YMAB) CEO and board member Claus Moller has stepped down from his position effective immediately. 
Thomas Gad, the company's founder, chairman and president, has assumed the interim CEO and board member role. 
The company posted preliminary Q1 FY22 Danyelza sales of $10.5 million, with a $45-$50 million full-year revenue guidance.
Cara, Vifor's Kapruvia Scores European Approval
The European Commission has approved Vifor Pharma AG and Cara Therapeutics Inc's (NASDAQ: CARA) Kapruvia (difelikefalin) for pruritus (itchy skin) associated with chronic kidney disease in adult ...",2022-04-28 12:52:42+00:00,https://www.benzinga.com/general/biotech/22/04/26865209/the-daily-biotech-pulse-moderna-seeks-fda-nod-for-covid-19-shot-for-2-6-years-tax-disclosure-for-,Benzinga,0.06913580246913581,0.3197530864197531,neutral,0.06913580246913581,True,False,True,False,False,False,True,False,0.0,1973,"['ALNY', 'MRNA', 'AMGN', 'TMBR', 'GILD', 'CVAC', 'IBB', 'SIOX', 'OPNT', 'STAB', 'AZN', 'LLY', 'MRK', 'SNY', 'ABBV', 'CARA', 'SQZ', 'ANAB', 'NVCR', 'YMAB']",AZN,2022-04-28
Can a decades-old antidepressant keep COVID-19 patients out of the hospital?,It's one of several generic drugs that's being tested as a way to treat the virus.,2022-04-28 13:00:00+00:00,https://www.marketwatch.com/story/can-a-decades-old-antidepressant-keep-covid-19-patients-out-of-the-hospital-11650905378,MarketWatch,0.0,0.0,neutral,0.0,False,False,False,False,False,False,False,False,0.0,160,"['ABT', 'MRK', 'PFE', 'GILD', 'AZN', 'LLY', 'REGN', 'GSK', 'VIR', 'ROG']",AZN,2022-04-28
Should You Buy AstraZeneca (AZN) Ahead of Earnings?,AstraZeneca (AZN) is seeing favorable earnings estimate revision activity and has a positive Zacks Earnings ESP heading into earnings season.,2022-04-28 13:19:00+00:00,https://www.zacks.com/stock/news/1910161/should-you-buy-astrazeneca-azn-ahead-of-earnings,Zacks Investment Research,0.22727272727272727,0.5454545454545454,positive,0.22727272727272727,True,True,False,False,False,False,False,False,0.0,194,['AZN'],AZN,2022-04-28
"Drug/Biotech Stocks Q1 Earnings Due on Apr 29: BMY, ABBV, AZN","Let us take a look at what is in store for BMY, ABBV, and AZN that are scheduled to report on Apr 29.",2022-04-28 14:53:00+00:00,https://www.zacks.com/stock/news/1910199/drugbiotech-stocks-q1-earnings-due-on-apr-29-bmy-abbv-azn,Zacks Investment Research,-0.125,0.375,negative,0.125,True,False,False,False,False,False,False,False,0.0,164,"['AZN', 'NVS', 'BMY', 'JNJ', 'ABBV']",AZN,2022-04-28
A Peek Into The Markets: US Stock Futures Down; Apple Tops Q2 Views,"Pre-open movers
U.S. stock futures traded lower in early pre-market trade after the Dow Jones jumped more than 600 points in the previous session. Investors are awaiting earnings results from  Bristol-Myers Squibb Company  (NYSE: BMY),  Exxon Mobil Corporation  (NYSE: XOM),  Honeywell International Inc.  (NYSE: HON) and  Chevron Corporation  (NYSE: CVX).
Data on personal income, outlays and employment cost index will be released at 8:30 a.m. ET. The Chicago PMI for April is scheduled for release at 9:45 a.m. ET, while the University of Michigan's consumer sentiment index for April will be released at 10:00 a.m. ET.
Check out our  premarket coverage here  
Futures for the Dow Jones Industrial Average dropped 88 points to 33,740.00 while the Standard & Poor’s 500 index futures fell 25.25 points to 4,258.25. Futures for the Nasdaq index dipped 121.50 points to 13,333.25.
Oil prices traded higher as Brent crude futures rose 1.5% to trade at $108.89 per barrel, while US WTI crude futures rose 1.2% to trade at $106.64 a barrel. The ...",2022-04-29 09:49:12+00:00,https://www.benzinga.com/news/earnings/22/04/26891215/a-peek-into-the-markets-us-stock-futures-down-apple-tops-q2-views,Benzinga,-0.015873015873015872,0.49682539682539684,neutral,0.015873015873015872,True,False,False,False,True,False,False,False,0.0,1114,"['AAPL', 'AMZN', 'AZN', 'BMY', 'CVX', 'HON', 'V', 'XOM', 'HOOD']",AZN,2022-04-29
"Pandemic is not over yet, says Dr. Fauci, and WHO says omicron accounted for 99.7% of all cases sequenced in latest week","Just hours after saying the U.S. was out of the ""pandemic phase,"" Dr. Anthony Fauci, President Joe Biden's chief medical adviser and a leading infectious disease expert, clarified that he should have said the acute phase was over.",2022-04-29 11:25:00+00:00,https://www.marketwatch.com/story/pandemic-is-not-over-yet-says-dr-fauci-and-who-says-omicron-accounted-for-99-7-of-all-cases-sequenced-in-latest-week-11651156876,MarketWatch,0.3666666666666667,0.6,positive,0.3666666666666667,False,False,False,False,False,False,False,False,0.0,352,"['AZN', 'AZN', 'JNJ', 'MRNA', 'PFE', 'BNTX', 'LH']",AZN,2022-04-29
"Pharma Stock Roundup: Q1 Earnings of LLY, MRK & NVS, FDA Updates for AZN & PFE","Eli Lilly (LLY), Merck (MRK), Novartis (NVS) and others announce Q1 results. FDA updates for AstraZeneca (AZN) and Pfizer (PFE) grab headlines in the pharma space.",2022-04-29 14:32:00+00:00,https://www.zacks.com/stock/news/1912006/pharma-stock-roundup-q1-earnings-of-lly-mrk-nvs-fda-updates-for-azn-pfe,Zacks Investment Research,0.0,0.0,neutral,0.0,True,False,True,False,False,False,False,False,0.0,243,"['AZN', 'NVS', 'PFE', 'MRK', 'LLY']",AZN,2022-04-29
AstraZeneca (AZN) Q1 Earnings and Revenues Beat Estimates,AstraZeneca's (AZN) first-quarter results reflect a beat on both counts (revenues and earnings). AZN maintains its 2022 guidance.,2022-04-29 19:12:00+00:00,https://www.zacks.com/stock/news/1912275/astrazeneca-azn-q1-earnings-and-revenues-beat-estimates,Zacks Investment Research,0.0,0.0,neutral,0.0,True,False,False,False,False,False,False,False,0.0,188,"['AZN', 'MRK', 'VRTX', 'DCPH']",AZN,2022-04-29
Read Why This Analyst Is 'Encouraged' By Seagen's Q1 Sales,"Following Seagen Inc's (NASDAQ: SGEN) 1Q22 earnings release, RBC Capital Markets is encouraged by the quarterly sales of the product portfolio in light of previously set cautious guidance.
The analysts have raised the price target to $136 from $132, with the Sector Perform rating unchanged.
Though the reiteration of the FY guide confirms performance remains on a plan over a year of execution and ramping readouts. 
Seagen reported",2022-04-29 19:40:38+00:00,https://www.benzinga.com/analyst-ratings/analyst-color/22/04/26905150/why-this-analyst-is-encouraged-by-seagens-q1-sales,Benzinga,0.07777777777777779,0.3222222222222222,neutral,0.07777777777777779,True,False,True,False,True,False,False,False,0.0,493,"['SGEN', 'AZN']",AZN,2022-04-29
1 Top Dividend Stock to Buy and Hold Forever,Investors can rest easy with this trusty healthcare giant and its 3% dividend yield.,2022-05-01 10:45:00+00:00,https://www.fool.com/investing/2022/05/01/1-top-dividend-stock-to-buy-and-hold-forever/,The Motley Fool,0.3111111111111111,0.7777777777777778,positive,0.3111111111111111,False,True,False,False,False,True,False,False,0.0,130,"['AMGN', 'AZN']",AZN,2022-05-01
Is a Beat Likely for Moderna (MRNA) This Earnings Season?,Investor focus is likely to be on the progress of Moderna's (MRNA) late-stage pipeline candidates on the first-quarter earnings call that can help it to reduce its dependence on Spikevax.,2022-05-02 14:26:00+00:00,https://www.zacks.com/stock/news/1913405/is-a-beat-likely-for-moderna-mrna-this-earnings-season,Zacks Investment Research,0.0,1.0,neutral,0.0,True,False,False,False,False,False,False,False,0.0,246,"['AZN', 'MRK', 'VRTX', 'MRNA']",AZN,2022-05-02
"Moderna (MRNA) Beats on Q1 Earnings, to Start Two Late Studies",Moderna's (MRNA) Spikevax sales beat expectations. The company plans to start late-stage studies for Omicron-containing bivalent booster and seasonal flu vaccines later this year. Stock gains in pre-market.,2022-05-04 15:39:00+00:00,https://www.zacks.com/stock/news/1915766/moderna-mrna-beats-on-q1-earnings-to-start-two-late-studies,Zacks Investment Research,-0.15,0.3,negative,0.15,True,False,False,False,False,False,False,False,0.0,270,"['AZN', 'MRK', 'VRTX', 'MRNA']",AZN,2022-05-04
"The Daily Biotech Pulse: AstraZeneca's 3 Product Updates, Jazz Pharma Licenses Sleeping Disorder Product, Argenx Aces Bleeding Disorder Study","Here's a roundup of top developments in the biotech space over the last 24 hours:
Stocks In Focus
FDA Approval For AstraZeneca-Daiichi's Enhertu Expands To Earlier Use In Metastatic Breast Cancer
The FDA has approved AstraZeneca plc (NASDAQ: AZN) and Daiichi Sankyo's (OTC: DSKYF) Enhertu (trastuzumab deruxtecan) for adult patients with unresectable or metastatic HER2-positive breast cancer.
The approval covers patients who have received a prior anti-HER2-based regimen either in the metastatic setting or in the neoadjuvant or adjuvant setting and have developed disease recurrence during or within six months of therapy.
AstraZeneca's Dapagliflozin Meets Primary Goal In Heart Failure Patients
AstraZeneca announced high-level results from the DELIVER Phase 3 trial of Farxiga (dapagliflozin) to treat heart failure patients.
Data showed Farxiga reached a statistically significant and clinically meaningful reduction in the primary composite endpoint of cardiovascular death or worsening heart failure.
AstraZeneca's Ultomiris Aces Late-Stage Trial In Rare Autoimmune Disease
AstraZeneca announced topline data from the Phase 3 CHAMPION-NMOSD trial of Ultomiris (ravulizumab-cwvz) in neuromyelitis optica spectrum disorder.
Data exhibited that Ultomiris achieved a statistically significant and clinically meaningful reduction in the risk of relapse in adults with anti-aquaporin-4 (AQP4) antibody-positive (Ab+) NMOSD compared to the ...",2022-05-05 12:43:27+00:00,https://www.benzinga.com/general/biotech/22/05/27017827/the-daily-biotech-pulse-astrazenecas-three-product-updates-jazz-pharma-licenses-sleeping-disorder,Benzinga,0.15294117647058825,0.4245098039215686,positive,0.15294117647058825,False,False,True,False,True,False,False,False,0.0,1587,"['RARE', 'BCRX', 'TBPH', 'IBB', 'XNCR', 'INCY', 'CHRS', 'JAZZ', 'GLPG', 'SGMO', 'NBRV', 'VNDA', 'AZN', 'ABUS', 'NVS', 'NTLA', 'AVEO', 'SELB', 'ARGX', 'AXGN', 'AUTL', 'INMB', 'PRTA', 'AGIO', 'KPTI', 'ALDX']",AZN,2022-05-05
"Ionis (IONS) Q1 Earnings & Sales Beat Estimates, Stock Rises",Ionis (IONS) incurs a narrower-than-expected loss in Q1. Its sales also come ahead of estimates. Stock moves up in response to the results.,2022-05-05 15:45:00+00:00,https://www.zacks.com/stock/news/1917088/ionis-ions-q1-earnings-sales-beat-estimates-stock-rises,Zacks Investment Research,0.0,0.0,neutral,0.0,True,False,False,False,False,False,False,False,0.0,201,"['AZN', 'NVS', 'BIIB', 'IONS']",AZN,2022-05-05
3 Nasdaq 100 Stocks to Buy Hand Over Fist in May,These fast-paced stocks are plain-as-day bargains.,2022-05-06 09:06:00+00:00,https://www.fool.com/investing/2022/05/06/3-nasdaq-100-stocks-to-buy-hand-over-fist-in-may/,The Motley Fool,0.0,0.0,neutral,0.0,False,True,False,False,False,False,False,False,0.0,100,"['BIDU', 'AVGO', 'AZN']",AZN,2022-05-06
"Apellis (APLS) Hit By Wider-Than-Expected Q1 Loss, Revenues Top","Apellis' (APLS) earnings missed estimates in the first quarter of 2022, while revenues surpassed expectations.",2022-05-06 13:55:00+00:00,https://www.zacks.com/stock/news/1917835/apellis-apls-hit-by-wider-than-expected-q1-loss-revenues-top,Zacks Investment Research,0.375,0.41666666666666663,positive,0.375,True,False,False,False,False,False,False,False,0.0,175,"['AZN', 'VRTX', 'APLS', 'APLT']",AZN,2022-05-06
"Ironwood (IRWD) Q1 Earnings Miss, Linzess Growth Continues",Ironwood (IRWD) witnesses strong year-over-year sales growth on continued demand for Linzess. Its first-quarter earnings miss estimates. The company maintains revenue guidance for 2022. Stock declines.,2022-05-06 14:24:00+00:00,https://www.zacks.com/stock/news/1917844/ironwood-irwd-q1-earnings-miss-linzess-growth-continues,Zacks Investment Research,0.4333333333333333,0.7333333333333333,positive,0.4333333333333333,True,False,False,False,False,False,False,False,0.0,261,"['AZN', 'IRWD', 'ABBV', 'XNCR']",AZN,2022-05-06
3 Top Biotech Stocks to Buy Right Now,These three pharma stocks each pay market-beating dividends to shareholders.,2022-05-06 14:45:00+00:00,https://www.fool.com/investing/2022/05/06/3-top-biotech-stocks-to-buy-right-now/,The Motley Fool,0.39285714285714285,0.5178571428571428,positive,0.39285714285714285,False,True,False,False,False,True,False,False,0.0,115,"['SNY', 'PFE', 'AZN', 'BMY']",AZN,2022-05-06
Tracking Ken Fisher's Fisher Asset Management Portfolio - Q1 2022 Update,Ken Fisher’s 13F portfolio value decreased from ~$179B to ~$165B in Q1 2022. Find more details here...,2022-05-07 05:44:36+00:00,https://seekingalpha.com/article/4508327-tracking-ken-fisher-asset-management-portfolio-q1-2022-update,Seeking Alpha,0.04999999999999999,0.6,neutral,0.04999999999999999,False,False,False,False,False,False,True,False,0.0,176,"['AA', 'AAPL', 'ABB', 'ABT', 'ADBE', 'ADSK', 'ALGN', 'AMAT', 'AMD', 'AMT', 'AMZN', 'ASML', 'ASX', 'AVGO', 'AVGOP', 'AXP', 'AZN', 'BABA', 'BBVA', 'BP', 'BUD', 'CAT', 'CCI', 'CLF', 'COF', 'COP', 'COST', 'CRM', 'CSCO', 'CSX', 'CVX', 'DHR', 'DIS', 'DOCU', 'DVN', 'EW', 'FB', 'FCX', 'GLOB', 'GOOG', 'GOOGL', 'GS', 'GSK', 'GTLS', 'HAL', 'HD', 'HDB', 'HES', 'HMC', 'INFY', 'ING', 'INTC', 'INTU', 'ISRG', 'JD', 'JPM', 'LLY', 'LQD', 'LRCX', 'MA', 'MDT', 'MELI', 'MMM', 'MRK', 'MRO', 'MS', 'MSFT', 'NEE', 'NFLX', 'NKE', 'NOW', 'NSC', 'NVDA', 'NVO', 'NVS', 'NXPI', 'ORCL', 'PBR', 'PBR.A', 'PYPL', 'QQQ', 'RIO', 'RTX', 'SAN', 'SAP', 'SBUX', 'SCCO', 'SHEL', 'SIVB', 'SIVBP', 'SLB', 'SNY', 'SQ', 'SYK', 'SYNA', 'TCOM', 'TM', 'TMO', 'TSM', 'TTE', 'UBER', 'UL', 'UNH', 'UNP', 'V', 'VALE', 'VCIT', 'VZ', 'WMT', 'ZM']",AZN,2022-05-07
Why GSK May Have Bet Too Big on a Pandemic Pipeline,Its late-stage pipeline is heavily weighted toward pandemic treatments.,2022-05-07 11:57:00+00:00,https://www.fool.com/investing/2022/05/07/why-gsk-may-have-bet-too-big-on-a-pandemic-pipelin/,The Motley Fool,-0.1,0.3,neutral,0.1,False,False,False,False,False,False,False,False,0.0,124,"['GSK', 'PFE', 'SNY', 'AZN', 'NVAX', 'MRNA']",AZN,2022-05-07
Is This Vaccine Stock in Trouble -- or Ready for a Rebound?,Inovio may be at a turning point.,2022-05-13 10:00:00+00:00,https://www.fool.com/investing/2022/05/13/is-this-stock-in-trouble-or-ready-for-rebound/,The Motley Fool,0.0,0.35,neutral,0.0,False,False,False,False,False,False,False,False,0.0,94,"['INO', 'JNJ', 'PFE', 'AZN', 'MRNA']",AZN,2022-05-13
"U.S. COVID cases at highest levels since November, while Northeast and Midwest are above delta peak",COVID cases continued to rise across the U.S. on Monday and were trending at the highest levels seen since late November around the time that South African scientists first identified the highly transmissible omicron variant which quickly became dominant around the world.,2022-05-17 10:45:00+00:00,https://www.marketwatch.com/story/u-s-covid-cases-at-highest-levels-since-november-while-northeast-and-midwest-are-above-delta-peak-11652710964,MarketWatch,0.07388888888888889,0.34555555555555556,neutral,0.07388888888888889,False,False,False,False,False,False,False,False,0.0,373,"['AZN', 'AZN']",AZN,2022-05-17
Valneva (VALN) Down as EU Considers Ending COVID-Vaccine Deal,"Per the agreement with the European Commission, Valneva (VALN) has 30 days from May 13, 2022 to win a marketing authorization in the EU for its COVID vaccine or offer an acceptable remediation plan.",2022-05-17 18:10:00+00:00,https://www.zacks.com/stock/news/1925595/valneva-valn-down-as-eu-considers-ending-covid-vaccine-deal,Zacks Investment Research,0.21481481481481482,0.22962962962962963,positive,0.21481481481481482,False,False,False,False,False,False,False,False,0.0,261,"['AZN', 'PFE', 'ALKS', 'VALN']",AZN,2022-05-17
AstraZeneca (AZN) Inks Deal to Develop COVID-19 Antibodies,AstraZeneca (AZN) partners with a U.K.-based biotech company to develop monoclonal antibodies targeting the COVID-causing virus.,2022-05-18 19:05:00+00:00,https://www.zacks.com/stock/news/1926231/astrazeneca-azn-inks-deal-to-develop-covid-19-antibodies,Zacks Investment Research,0.0,0.0,neutral,0.0,False,False,False,False,False,False,False,False,0.0,188,"['AZN', 'GSK', 'LLY', 'VIR']",AZN,2022-05-18
Merck (MRK) Outperforms Industry This Year So Far: Here's Why,"Strong sales of key products like Keytruda and Gardasil, a significant contribution from Lagevrio and positive pipeline/regulatory developments have been keeping Merck's (MRK) stock afloat in 2022.",2022-05-19 12:31:00+00:00,https://www.zacks.com/stock/news/1926498/merck-mrk-outperforms-industry-this-year-so-far-heres-why,Zacks Investment Research,0.18926767676767675,0.7089646464646465,positive,0.18926767676767675,False,False,True,False,True,False,False,False,0.0,260,"['AZN', 'MRK', 'ALKS', 'SESN']",AZN,2022-05-19
Pharma Stock Roundup: FDA Nod to PFE COVID Jab for Age 5-11 & LLY's Tirzepatide,"FDA grants emergency approval to Pfizer's COVID-19 vaccine for use in children 5- to 11-year old and approves Lilly's (LLY) novel diabetes treatment, Mounjaro (tirzepatide).",2022-05-20 12:50:00+00:00,https://www.zacks.com/stock/news/1927124/pharma-stock-roundup-fda-nod-to-pfe-covid-jab-for-age-5-11-llys-tirzepatide,Zacks Investment Research,0.1,0.2,neutral,0.1,False,False,True,False,False,False,False,False,0.0,254,"['AZN', 'PFE', 'LLY', 'ABBV']",AZN,2022-05-20
2 Safe Stocks to Buy in a Bear Market,These two leading companies have survived market downturns before.,2022-05-21 14:23:00+00:00,https://www.fool.com/investing/2022/05/21/2-safe-stocks-to-buy-in-a-bear-market/,The Motley Fool,0.5,0.5,positive,0.5,False,True,False,False,False,False,False,False,0.0,105,"['MDT', 'MRK', 'AZN', 'ISRG']",AZN,2022-05-21
3 Monkeypox Stocks That Soared Last Week,Fear of another viral outbreak is generating a lot of buzz around these three biotech stocks.,2022-05-23 09:13:00+00:00,https://www.fool.com/investing/2022/05/23/3-monkeypox-stocks-that-soared-last-week/,The Motley Fool,0.0,0.06666666666666667,neutral,0.0,False,False,False,False,False,False,False,False,0.0,135,"['EBS', 'CMRX', 'SIGA', 'AZN', 'JNJ', 'PFE']",AZN,2022-05-23
These 2 Numbers Could Spell Trouble for AbbVie Stock,The next few quarters could be a bumpy ride.,2022-05-24 14:00:00+00:00,https://www.fool.com/investing/2022/05/24/these-2-numbers-could-spell-trouble-for-abbvie-sto/,The Motley Fool,-0.13333333333333333,0.10000000000000002,negative,0.13333333333333333,False,False,False,False,False,False,False,False,0.0,98,"['ABBV', 'AZN', 'BGNE']",AZN,2022-05-24
AstraZeneca (AZN) Gets EU Nod for COVID-19 Booster Shot,"AstraZeneca's (AZN) third/booster dose of its COVID-19 vaccine gets authorized in Europe for use in adults, both for homologous and heterologous use.",2022-05-24 18:48:00+00:00,https://www.zacks.com/stock/news/1928687/astrazeneca-azn-gets-eu-nod-for-covid-19-booster-shot,Zacks Investment Research,0.0,0.0,neutral,0.0,False,False,False,False,False,False,False,False,0.0,206,"['AZN', 'PFE', 'MRNA', 'BNTX']",AZN,2022-05-24
3 Recession-Proof Stocks To Protect Your Portfolio From Fed-Induced Turmoil,,2022-05-25 09:38:00+00:00,https://www.investing.com/analysis/3-recessionproof-stocks-to-protect-your-portfolio-from-fedinduced-turmoil-200624828,Investing.com,0.0,0.0,neutral,0.0,False,False,False,False,False,False,False,False,0.0,77,"['MRK', 'JNJ', 'PFE', 'LLY', 'ABBV', 'AZN', 'NOC', 'RTX', 'LMT', 'GD', 'NRG', 'NEE', 'SRE', 'PCG']",AZN,2022-05-25
"Top Research Reports for Johnson & Johnson, Walt Disney & NextEra Energy","Today's Research Daily features new research reports on 16 major stocks, including Johnson & Johnson (JNJ), The Walt Disney Company (DIS) and NextEra Energy, Inc. (NEE).",2022-05-25 19:51:00+00:00,https://www.zacks.com/research-daily/1929080/top-research-reports-for-johnson-johnson-walt-disney-nextera-energy,Zacks Investment Research,0.1747159090909091,0.36363636363636365,positive,0.1747159090909091,False,False,False,False,False,False,False,False,0.0,243,"['NEE', 'AZN', 'JNJ', 'HD', 'DIS', 'ANTM']",AZN,2022-05-25
"Pharma Stock Roundup: EU Nod for AZN, JNJ & Others, PFE COVID Jab Effective in Kids",European Commission authorizes a booster dose of AstraZeneca's (AZN) COVID-19 vaccine and approves Merck (MRK) and Roche's (RHHBY) oncology drugs for expanded use.,2022-05-27 13:29:00+00:00,https://www.zacks.com/stock/news/1930421/pharma-stock-roundup-eu-nod-for-azn-jnj-others-pfe-covid-jab-effective-in-kids,Zacks Investment Research,0.3,0.4,positive,0.3,False,False,False,False,False,False,False,False,0.0,248,"['AZN', 'JNJ', 'PFE', 'MRK']",AZN,2022-05-27
3 Unstoppable Stocks That Are Higher Than Before the Market Correction,Market downturns don't affect stocks equally.,2022-05-27 15:45:00+00:00,https://www.fool.com/investing/2022/05/27/3-unstoppable-stocks-that-are-higher-than-before-t/,The Motley Fool,0.125,0.375,positive,0.125,False,False,False,False,False,False,False,False,0.0,117,"['SNY', 'AZN', 'STE']",AZN,2022-05-27
Here's What AstraZeneca's Recent FDA News Means for Shareholders,The pharma giant's drug combo is now just months away from potential U.S. approval for a type of liver cancer.,2022-05-28 12:15:00+00:00,https://www.fool.com/investing/2022/05/28/heres-what-astrazenecas-recent-fda-news-means-for/,The Motley Fool,0.0,0.75,neutral,0.0,False,False,True,False,False,False,False,False,0.0,176,['AZN'],AZN,2022-05-28
Nasal COVID vaccines are being tested in 7 clinical trials -- how would they work?,3 intranasal vaccines are in Phase 3 human trials.,2022-05-31 12:45:00+00:00,https://www.marketwatch.com/story/nasal-covid-vaccines-are-being-tested-in-7-clinical-trials-how-would-they-work-11654001144,MarketWatch,0.0,0.1,neutral,0.0,False,False,False,False,False,False,False,False,0.0,134,"['AZN', 'AZN']",AZN,2022-05-31
"The Zacks Analyst Blog Highlights AstraZeneca, Merck, Roche, J&J, and Pfizer","AstraZeneca, Merck, Roche, J&J, and Pfizer are part of Zacks top Analyst Blog",2022-05-31 13:39:00+00:00,https://www.zacks.com/stock/news/1931829/the-zacks-analyst-blog-highlights-astrazeneca-merck-roche-jj-and-pfizer,Zacks Investment Research,0.5,0.5,positive,0.5,False,False,False,False,False,False,False,False,0.0,155,"['AZN', 'JNJ', 'PFE', 'MRK']",AZN,2022-05-31
"Got $5,000? Buy These 2 High-Growth Stocks Before They Soar",These two companies are leaders in their respective markets.,2022-06-01 14:53:00+00:00,https://www.fool.com/investing/2022/06/01/got-5000-buy-these-2-high-growth-stocks-before-the/,The Motley Fool,0.0,0.1,neutral,0.0,False,True,False,False,False,False,False,False,0.0,121,"['VEEV', 'LLY', 'AZN', 'BMY', 'NVO', 'UBER', 'SPOT']",AZN,2022-06-01
Apellis (APLS) Files NDA for Pegcetacoplan in Geographic Atrophy,Apellis (APLS) submits a new drug application to the FDA for pegcetacoplan for the treatment of geographic atrophy (GA) secondary to age-related macular degeneration.,2022-06-02 16:09:00+00:00,https://www.zacks.com/stock/news/1933251/apellis-apls-files-nda-for-pegcetacoplan-in-geographic-atrophy,Zacks Investment Research,-0.08181818181818182,0.37727272727272726,neutral,0.08181818181818182,False,False,True,False,False,False,False,False,0.0,232,"['AZN', 'AGLE', 'LPTX', 'APLS']",AZN,2022-06-02
AstraZeneca (AZN) Breast Cancer Drug Cuts Risk of Death to Half,Data from a late-stage study shows that AstraZeneca's (AZN) Enhertu meets superior and clinically meaningful progression-free survival and overall survival in HER2-low metastatic breast cancer patients.,2022-06-06 18:04:00+00:00,https://www.zacks.com/stock/news/1935140/astrazeneca-azn-breast-cancer-drug-cuts-risk-of-death-to-half,Zacks Investment Research,0.2583333333333333,0.39166666666666666,positive,0.2583333333333333,False,False,False,False,False,False,False,False,0.0,267,"['AZN', 'ALKS', 'ABEO', 'SESN']",AZN,2022-06-06
Nasdaq Bear Market: 3 of the Safest Stocks on the Planet to Buy Right Now,An up to 31% plunge in the Nasdaq is the perfect excuse to put your money to work in these three steady businesses.,2022-06-07 09:06:00+00:00,https://www.fool.com/investing/2022/06/07/nasdaq-bear-market-3-safest-stocks-buy-right-now/,The Motley Fool,0.38047619047619047,0.6171428571428571,positive,0.38047619047619047,False,True,False,False,False,False,False,False,0.0,190,"['BRK.B', 'BRK.A', 'T', 'AZN']",AZN,2022-06-07
Emergent (EBS) Stock Down as J&J Ends COVID-19 CDMO Contract,"Emergent (EBS) sends contract breach notice to J&J, following the latter's decision to end their contract for CDMO services for its COVID-19 vaccine. J&J also cites contract breach as the basis for termination.",2022-06-07 13:07:00+00:00,https://www.zacks.com/stock/news/1935542/emergent-ebs-stock-down-as-jj-ends-covid-19-cdmo-contract,Zacks Investment Research,-0.051851851851851864,0.12962962962962965,neutral,0.051851851851851864,False,False,False,False,False,False,False,False,0.0,272,"['AZN', 'JNJ', 'ALKS', 'EBS']",AZN,2022-06-07
What Could a Recession Mean for Healthcare Stocks?,It depends on which subsector you're talking about.,2022-06-09 15:30:00+00:00,https://www.fool.com/investing/2022/06/09/what-could-a-recession-mean-for-healthcare-stocks/,The Motley Fool,-0.3125,0.6875,negative,0.3125,False,False,True,False,False,False,False,False,0.0,103,"['AZN', 'SNY', 'NVS', 'GSK', 'VXRT']",AZN,2022-06-09
Astrazeneca (AZN) Stock Moves -1.45%: What You Should Know,"In the latest trading session, Astrazeneca (AZN) closed at $61.79, marking a -1.45% move from the previous day.",2022-06-10 22:15:12+00:00,https://www.zacks.com/stock/news/1937731/astrazeneca-azn-stock-moves--145-what-you-should-know,Zacks Investment Research,0.07777777777777779,0.3888888888888889,neutral,0.07777777777777779,False,False,False,False,False,False,False,False,0.0,171,['AZN'],AZN,2022-06-10
This Cancer Drug's News Could Mean Another Blockbuster for AstraZeneca,AstraZeneca's already diverse business just got another boost.,2022-06-14 15:23:00+00:00,https://www.fool.com/investing/2022/06/14/this-cancer-drugs-news-could-mean-another-blockbus/,The Motley Fool,-0.3125,0.6875,negative,0.3125,False,False,False,False,False,False,False,False,0.0,134,"['AZN', 'JEF']",AZN,2022-06-14
Astrazeneca (AZN) Gains As Market Dips: What You Should Know,"Astrazeneca (AZN) closed the most recent trading day at $60.86, moving +0.48% from the previous trading session.",2022-06-16 22:15:12+00:00,https://www.zacks.com/stock/news/1940087/astrazeneca-azn-gains-as-market-dips-what-you-should-know,Zacks Investment Research,0.05833333333333334,0.25416666666666665,neutral,0.05833333333333334,False,False,False,False,False,False,False,False,0.0,174,['AZN'],AZN,2022-06-16
Valneva (VALN) Stock Declines 59% in 3 Months: Here's Why,"Though Valneva's (VALN) COVID-19 vaccine looks promising, the European Commission's intent to terminate the advance purchase agreement for the vaccine puts the future of the company's COVID-19 vaccine program into jeopardy.",2022-06-17 14:14:00+00:00,https://www.zacks.com/stock/news/1940448/valneva-valn-stock-declines-59-in-3-months-heres-why,Zacks Investment Research,0.06666666666666667,0.20833333333333334,neutral,0.06666666666666667,False,False,False,False,False,False,False,False,0.0,282,"['AZN', 'PFE', 'ALKS', 'VALN']",AZN,2022-06-17
"Dow ends lower in mixed finish for U.S. stocks, S&P 500 suffers worst week since March 2020","U.S. stocks end mixed Friday, with all three major benchmarks closing a choppy session of trade with bruising weekly losses.",2022-06-18 11:24:00+00:00,https://www.marketwatch.com/story/u-s-stock-futures-point-to-bounce-but-s-p-500-facing-worst-week-since-2020-11655461753,MarketWatch,-0.28958333333333336,0.4833333333333334,negative,0.28958333333333336,True,False,False,False,False,False,False,False,0.0,217,"['DJIA', 'COMP', 'ADBE', 'MREO', 'AZN', 'AZN', 'FANG', 'DVN', 'BABA', 'REV']",AZN,2022-06-18
Mereo BioPharma (MREO) Up as AstraZeneca Reportedly Eyes Buyout,Shares of Mereo BioPharma (MREO) surge after reports suggest that AstraZeneca (AZN) is interested in acquiring it.,2022-06-20 14:36:00+00:00,https://www.zacks.com/stock/news/1941204/mereo-biopharma-mreo-up-as-astrazeneca-reportedly-eyes-buyout,Zacks Investment Research,0.25,0.5,positive,0.25,False,True,False,False,False,False,False,False,0.0,179,"['AZN', 'BMY', 'RARE', 'MREO']",AZN,2022-06-20
4 of the Safest Stocks to Buy If the U.S. Dips Into a Recession,These rock-solid companies can help investors navigate a market rife with recession risk.,2022-06-21 09:06:00+00:00,https://www.fool.com/investing/2022/06/21/4-safest-stocks-to-buy-if-us-dips-into-a-recession/,The Motley Fool,0.0,0.0,neutral,0.0,False,True,False,False,False,False,False,False,0.0,154,"['T', 'AZN', 'EPD', 'AZO']",AZN,2022-06-21
"Ionis (IONS), AstraZeneca's Amyloidosis Drug Meets Study Goals","Ionis (IONS), along with partner AstraZeneca, reports positive data from a phase III study, which is evaluating eplontersen in hereditary transthyretin-mediated amyloid polyneuropathy (ATTRv-PN).",2022-06-21 13:32:00+00:00,https://www.zacks.com/stock/news/1941699/ionis-ions-astrazenecas-amyloidosis-drug-meets-study-goals,Zacks Investment Research,0.22727272727272727,0.5454545454545454,positive,0.22727272727272727,False,False,False,False,False,False,False,False,0.0,259,"['AZN', 'NVS', 'BIIB', 'IONS']",AZN,2022-06-21
2 Safe Stocks to Buy in This Bear Market,They both pay dividends and have some great growth potential.,2022-06-22 15:00:00+00:00,https://www.fool.com/investing/2022/06/22/2-safe-stocks-to-buy-in-this-bear-market/,The Motley Fool,0.43333333333333335,0.75,positive,0.43333333333333335,False,True,False,False,False,True,False,False,0.0,103,"['AZN', 'AAPL']",AZN,2022-06-22
Astrazeneca (AZN) Gains As Market Dips: What You Should Know,"In the latest trading session, Astrazeneca (AZN) closed at $63.55, marking a +1.15% move from the previous day.",2022-06-22 22:15:20+00:00,https://www.zacks.com/stock/news/1942535/astrazeneca-azn-gains-as-market-dips-what-you-should-know,Zacks Investment Research,0.07777777777777779,0.3888888888888889,neutral,0.07777777777777779,False,False,False,False,False,False,False,False,0.0,173,['AZN'],AZN,2022-06-22
"Top Analyst Reports for UnitedHealth, Chevron & AstraZeneca","Today's Research Daily features new research reports on 16 major stocks, including UnitedHealth Group Incorporated (UNH), Chevron Corporation (CVX), and AstraZeneca PLC (AZN).",2022-06-24 19:01:00+00:00,https://www.zacks.com/research-daily/1943534/top-analyst-reports-for-unitedhealth-chevron-astrazeneca,Zacks Investment Research,0.1747159090909091,0.36363636363636365,positive,0.1747159090909091,False,False,False,False,False,False,False,False,0.0,236,"['AZN', 'BP', 'CVX', 'UNH', 'SAP']",AZN,2022-06-24
2 Stocks That Could Survive the Next Recession,They have done it before.,2022-06-27 11:30:00+00:00,https://www.fool.com/investing/2022/06/27/2-stocks-that-could-survive-the-next-recession/,The Motley Fool,0.0,0.0,neutral,0.0,False,False,False,False,False,False,False,False,0.0,73,"['AMGN', 'MSFT', 'AZN']",AZN,2022-06-27
AstraZeneca-Daiichi Sankyo Enhertu breast cancer drug recommended for EU approval,The decision was based on trial results showing that Enhertu cut the risk of disease progression or death by 72% compared with the trastuzumab emtansine drug.,2022-06-27 11:34:00+00:00,https://www.marketwatch.com/story/astrazeneca-enhertu-breast-cancer-drug-is-recommended-for-eu-approval-271656311120,MarketWatch,0.0,0.0,neutral,0.0,False,False,False,False,False,False,False,False,0.0,241,['AZN'],AZN,2022-06-27
"The Zacks Analyst Blog Highlights UnitedHealth, Chevron, AstraZeneca, SAP and Bayer ktiengesellschaftt","UnitedHealth, Chevron, AstraZeneca, SAP and Bayer ktiengesellschaftt are part of Zacks top Analyst Blog.",2022-06-27 15:04:00+00:00,https://www.zacks.com/stock/news/1944518/the-zacks-analyst-blog-highlights-unitedhealth-chevron-astrazeneca-sap-and-bayer-ktiengesellschaftt,Zacks Investment Research,0.5,0.5,positive,0.5,False,False,False,False,False,False,False,False,0.0,208,"['AZN', 'CVX', 'UNH', 'SAP']",AZN,2022-06-27
AstraZeneca (AZN) Drugs Get CHMP Recommendation for Breast Cancer,"The EMA's Committee for Medicinal Products for Human Use recommends granting marketing approval to AstraZeneca's (AZN) cancer drugs, Enhertu and Lynparza, for treating certain patients with breast cancer.",2022-06-28 14:41:00+00:00,https://www.zacks.com/stock/news/1945107/astrazeneca-azn-drugs-get-chmp-recommendation-for-breast-cancer,Zacks Investment Research,0.10714285714285714,0.3357142857142857,positive,0.10714285714285714,False,False,False,False,True,False,False,False,0.0,271,"['AZN', 'MRK', 'SESN']",AZN,2022-06-28
4 Reasons Why Investors Should Buy Merck (MRK) Stock Now,"Strong sales of key products like Keytruda and Gardasil, a significant contribution from Lagevrio and a solid pipeline are some key reasons to own Merck's (MRK) stock.",2022-06-29 13:17:00+00:00,https://www.zacks.com/stock/news/1945665/4-reasons-why-investors-should-buy-merck-mrk-stock-now,Zacks Investment Research,0.2347222222222222,0.7847222222222223,positive,0.2347222222222222,False,True,False,False,True,False,False,False,0.0,225,"['AZN', 'NVO', 'MRK', 'SESN']",AZN,2022-06-29
2 Healthcare Stocks You Can Buy and Hold for the Next Decade,The U.S. economy could soon be heading into a recession.,2022-06-30 14:53:00+00:00,https://www.fool.com/investing/2022/06/30/2-healthcare-stocks-you-can-buy-and-hold-for-the-n/,The Motley Fool,0.0,0.0,neutral,0.0,False,True,False,False,False,False,False,False,0.0,118,"['NVS', 'AZN', 'HUM']",AZN,2022-06-30
2 Healthcare Stocks That Could Help Set You Up for Life,These stocks could create significant wealth for shareholders in the long run.,2022-06-30 15:07:00+00:00,https://www.fool.com/investing/2022/06/30/2-healthcare-stocks-that-could-help-set-you-up-for/,The Motley Fool,0.1625,0.6375,positive,0.1625,False,False,False,False,False,False,False,False,0.0,135,"['AZN', 'NVS']",AZN,2022-06-30
Astrazeneca (AZN) Stock Sinks As Market Gains: What You Should Know,"Astrazeneca (AZN) closed at $65.95 in the latest trading session, marking a -0.18% move from the prior day.",2022-07-01 22:15:21+00:00,https://www.zacks.com/stock/news/1947110/astrazeneca-azn-stock-sinks-as-market-gains-what-you-should-know,Zacks Investment Research,0.075,0.25,neutral,0.075,False,False,False,False,False,False,False,False,0.0,176,['AZN'],AZN,2022-07-01
U.S. Stock Futures Drop Following Another Week Of Losses,"Pre-open movers
U.S. stock futures traded lower in early pre-market trade on Tuesday after Wall Street recorded losses for another week and closed one of the worst halves in decades on Thursday. However, the Dow Jones surged by more than 300 points on Friday.
Data on factory orders for May will be released at 10:00 a.m. ET. Analysts expect factory orders increasing 0.5% in May, following a 0.3% rise in the previous month.
Check out this: US Factory Orders Might Rise This Much In May, Here's The Major Macro Issues For Tuesday 
Futures for the Dow Jones Industrial Average dipped 134 points to 30,927.00 while the Standard & Poor’s 500 index futures fell 17 points to 3,810.25. Futures for the Nasdaq index fell 62.25 points to 11,549.00.
Oil prices traded higher as Brent crude futures rose 0.2% to trade at $113.74 per barrel, while US WTI crude futures rose 1.2% to trade at $109.71 a barrel. The total number of active U.S. oil rigs climbed by 1 to 595 rigs this week, Baker Hughes Inc reported.
The U.S. has the highest number of COVID-19 cases and deaths in the world, with ...",2022-07-05 09:14:33+00:00,https://www.benzinga.com/news/earnings/22/07/27948551/u-s-stock-futures-drop-following-another-week-of-losses,Benzinga,-0.05460526315789473,0.5114035087719299,neutral,0.05460526315789473,True,False,False,False,True,False,False,False,0.0,1145,"['AZN', 'OZK', 'ZENV', 'BGXX']",AZN,2022-07-05
"AstraZeneca (AZN) to Buy TeneoTwo, Boost Hematology Pipeline",AstraZeneca's (AZN) acquisition of TeneoTwo is set to add an early-stage T-cell engager to AZN's pipeline. The transaction is likely to close by third-quarter 2022.,2022-07-05 14:16:00+00:00,https://www.zacks.com/stock/news/1948082/astrazeneca-azn-to-buy-teneotwo-boost-hematology-pipeline,Zacks Investment Research,0.0,1.0,neutral,0.0,False,True,False,False,False,False,False,False,0.0,226,"['AZN', 'NVO', 'MRK', 'SESN']",AZN,2022-07-05
"Company News for Jul 6, 2022","Companies in The News Are: F, STLA, AZN, CVX.",2022-07-06 13:05:00+00:00,https://www.zacks.com/stock/news/1948508/company-news-for-jul-6-2022,Zacks Investment Research,0.0,0.0,neutral,0.0,False,False,False,False,False,False,False,False,0.0,75,"['AZN', 'F', 'CVX', 'STLA']",AZN,2022-07-06
Merck's Oncology Business Will Help It Crush the Bear Market,The drugmaker is defying the stock market sell-off right now.,2022-07-07 14:45:00+00:00,https://www.fool.com/investing/2022/07/07/mercks-oncology-business-will-help-it-crush-the-be/,The Motley Fool,0.2857142857142857,0.5357142857142857,positive,0.2857142857142857,False,False,False,False,False,False,False,False,0.0,123,"['MRK', 'AZN', 'SGEN']",AZN,2022-07-07
"Pharma Stock Roundup: AZN's Small Cancer Firm Buyout, FDA Updates for PFE, RHHBY",FDA grants priority review to Roche's (RHHBY) BLA for Lunsumio. AstraZeneca (AZN) announces a small acquisition. Pfizer (PFE) files NDA for Paxlovid.,2022-07-08 15:34:00+00:00,https://www.zacks.com/stock/news/1950001/pharma-stock-roundup-azns-small-cancer-firm-buyout-fda-updates-for-pfe-rhhby,Zacks Investment Research,-0.2333333333333333,0.4000000000000001,negative,0.2333333333333333,False,True,True,False,False,False,False,False,0.0,231,"['AZN', 'PFE']",AZN,2022-07-08
"Beat The Bear With 3 Tools: Dividends, Dividends And Dividends",,2022-07-10 12:28:00+00:00,https://www.investing.com/analysis/beat-the-bear-with-3-tools-dividends-dividends-and-dividends-200626883,Investing.com,0.0,0.0,neutral,0.0,False,False,False,False,False,True,False,False,0.0,64,"['TAK', 'PFE', 'LLY', 'AZN', 'NVS', 'NOVN']",AZN,2022-07-10
Merck (MRK) Buys Rights to Mid-Stage Prostate Cancer Candidate,Merck (MRK) is set to make an upfront payment of $290 million to Orion for co-development and co-commercialization rights to ODM-208.,2022-07-14 14:46:00+00:00,https://www.zacks.com/stock/news/1952469/merck-mrk-buys-rights-to-mid-stage-prostate-cancer-candidate,Zacks Investment Research,0.0,0.0,neutral,0.0,False,True,False,False,False,False,False,False,0.0,197,"['AZN', 'MRK', 'JAZZ']",AZN,2022-07-14
"UnitedHealth Group (UNH) Q2 Earnings Beat, Hikes '22 EPS View",UnitedHealth Group's (UNH) second-quarter results gain from revenue growth stemming from solid segmental contributions and membership growth. A raised 2022 EPS view remains noteworthy.,2022-07-15 15:34:00+00:00,https://www.zacks.com/stock/news/1953087/unitedhealth-group-unh-q2-earnings-beat-hikes-22-eps-view,Zacks Investment Research,0.0,0.1,neutral,0.0,True,False,True,False,False,False,False,False,0.0,247,"['AZN', 'UNH', 'MRK', 'RGEN']",AZN,2022-07-15
Why Moderna Stock Bumped Higher Today,The company wins yet another approval for its coronavirus vaccine.,2022-07-19 19:22:00+00:00,https://www.fool.com/investing/2022/07/19/why-moderna-stock-bumped-higher-today/,The Motley Fool,0.275,0.35,positive,0.275,False,False,False,False,False,False,False,False,0.0,105,"['MRNA', 'PFE', 'AZN', 'NVAX', 'BNTX']",AZN,2022-07-19
AstraZeneca (AZN) Enhertu Receives EU Nod for Expanded Use,"AstraZeneca (AZN) and partner Daiichi Sankyo's cancer drug, Enhertu, receives EU approval for use in adults with unresectable or metastatic HER2-positive breast cancer.",2022-07-20 15:08:00+00:00,https://www.zacks.com/stock/news/1955154/astrazeneca-azn-enhertu-receives-eu-nod-for-expanded-use,Zacks Investment Research,0.0,0.0,neutral,0.0,False,False,True,False,False,False,False,False,0.0,228,"['AZN', 'MRK', 'BNTX']",AZN,2022-07-20
Ionis (IONS) Partner Wraps Up Cardiovascular Study Enrollment,"Ionis' (IONS) partner, Novartis completes enrolling patients in a phase III study on pelacarsen for treating cardiovascular disease due to elevated Lp(a) levels. Data from this study is expected in 2025.",2022-07-21 14:40:00+00:00,https://www.zacks.com/stock/news/1955921/ionis-ions-partner-wraps-up-cardiovascular-study-enrollment,Zacks Investment Research,-0.1125,0.3875,negative,0.1125,False,False,False,False,False,False,False,False,0.0,266,"['AZN', 'NVS', 'BIIB', 'IONS']",AZN,2022-07-21
2 Pharma Giants With Momentum That Could Carry Through 2030,An obese population could drive competition toward a valuable market.,2022-07-22 15:30:00+00:00,https://www.fool.com/investing/2022/07/22/2-pharma-giants-with-momentum-that-could-carry-thr/,The Motley Fool,0.0,0.0,neutral,0.0,False,False,False,False,False,False,False,False,0.0,130,"['NVO', 'AZN', 'LLY', 'REGN']",AZN,2022-07-22
Astrazeneca (AZN) Stock Moves -0.17%: What You Should Know,"Astrazeneca (AZN) closed the most recent trading day at $65.25, moving -0.17% from the previous trading session.",2022-07-22 22:15:22+00:00,https://www.zacks.com/stock/news/1956752/astrazeneca-azn-stock-moves--017-what-you-should-know,Zacks Investment Research,0.05833333333333334,0.25416666666666665,neutral,0.05833333333333334,False,False,False,False,False,False,False,False,0.0,172,['AZN'],AZN,2022-07-22
2 Unstoppable Stocks Set to Keep Beating the Market in 2022,Their drug prospects are helping them perform better than most stocks on the market this year.,2022-07-23 12:00:00+00:00,https://www.fool.com/investing/2022/07/23/2-unstoppable-stocks-set-to-keep-beating-the-marke/,The Motley Fool,0.5,0.5,positive,0.5,False,False,False,False,False,False,False,False,0.0,155,"['AZN', 'LLY', 'INCY', 'AMGN']",AZN,2022-07-23
U.S. Stock Futures Higher; Crude Oil Rises 1%,"Pre-open movers
U.S. stock futures traded higher in early pre-market trade on Monday after the Nasdaq Composite jumped around 1.4% the previous session. Investors are awaiting earnings results from  RPM International Inc.  (NYSE: RPM),  Whirlpool Corporation  (NYSE: WHR) and  Packaging Corporation of America  (NYSE: PKG).
The Chicago Fed National Activity Index for June is scheduled for release at 8:30 a.m. ET, while the Dallas Fed's general activity index for July will be released at 10:30 a.m. ET.
This Healthcare Stock Jumped 110%; Here Are 64 Biggest Movers From Yesterday 
Futures for the Dow Jones Industrial Average gained 121 points to 31,996.00 while the Standard & Poor’s 500 index futures rose 16.75 points to 3,981.75. Futures for the Nasdaq index rose 61.50 points to 12,485.00.
Oil prices traded higher as Brent crude futures rose 0.9% to trade at $99.25 per barrel, while US WTI crude futures rose 1% to trade at $95.64 a barrel.
The U.S. has ...",2022-07-25 10:35:41+00:00,https://www.benzinga.com/news/earnings/22/07/28183418/u-s-stock-futures-higher-crude-oil-rises-1,Benzinga,0.02843137254901961,0.6039215686274509,neutral,0.02843137254901961,True,False,False,False,True,False,False,False,0.0,1013,"['FRD', 'AZN', 'PKG', 'RPM', 'TRV', 'WHR', 'WWE', 'REVB']",AZN,2022-07-25
GSK Gears Up to Report Q2 Earnings: What's in the Cards?,"The newer respiratory and HIV drugs of GSK are likely to have driven second-quarter sales. The performance of Xevudy, GSK's monoclonal antibody for COVID-19, remains to be seen when the company reports.",2022-07-25 14:59:00+00:00,https://www.zacks.com/stock/news/1957239/gsk-gears-up-to-report-q2-earnings-whats-in-the-cards,Zacks Investment Research,0.0,1.0,neutral,0.0,True,False,True,False,False,False,False,False,0.0,260,"['AZN', 'GSK', 'VIR']",AZN,2022-07-25
Merck (MRK) to Report Q2 Earnings: What's in the Cards?,"Investor focus is likely to be on the sales of Merck's (MRK) blockbuster oncology medicine, Keytruda, and COVID-19 antiviral pill, molnupiravir when the company reports Q2 earnings.",2022-07-25 15:06:00+00:00,https://www.zacks.com/stock/news/1957251/merck-mrk-to-report-q2-earnings-whats-in-the-cards,Zacks Investment Research,0.0,1.0,neutral,0.0,True,False,False,False,False,False,False,False,0.0,238,"['AZN', 'MRK', 'BNTX']",AZN,2022-07-25
AbbVie (ABBV) to Report Q2 Earnings: What's in the Cards?,"AbbVie's (ABBV) second-quarter results are expected to reflect the impact of strong demand for immunology drugs, aesthetics and cosmetics products. Investors are likely to enquire on ABBV's plans to counter Humira LOE.",2022-07-26 14:24:00+00:00,https://www.zacks.com/stock/news/1958069/abbvie-abbv-to-report-q2-earnings-whats-in-the-cards,Zacks Investment Research,0.11111111111111109,0.7111111111111111,positive,0.11111111111111109,True,False,True,False,True,False,False,False,0.0,277,"['AZN', 'JNJ', 'ABBV']",AZN,2022-07-26
Pfizer (PFE) to Report Q2 Earnings: What's in the Cards?,"Revenues from the COVID-19 vaccine and COVID pill, Paxlovid are likely to have driven Pfizer's (PFE) sales in the second quarter.",2022-07-26 15:28:00+00:00,https://www.zacks.com/stock/news/1958172/pfizer-pfe-to-report-q2-earnings-whats-in-the-cards,Zacks Investment Research,0.0,0.5,neutral,0.0,True,False,True,False,False,False,False,False,0.0,187,"['AZN', 'PFE', 'BNTX']",AZN,2022-07-26
Will AstraZeneca (AZN) Deliver a Beat This Earnings Season?,"Strong demand trends for AstraZeneca's (AZN) key drugs, Lynparza, Tagrisso, Imfinzi and Farxiga are likely to have driven the top line in the second quarter.",2022-07-27 14:51:00+00:00,https://www.zacks.com/stock/news/1958929/will-astrazeneca-azn-deliver-a-beat-this-earnings-season,Zacks Investment Research,0.18666666666666668,0.6466666666666667,positive,0.18666666666666668,True,False,True,False,False,False,False,False,0.0,218,"['AZN', 'GILD', 'BNTX']",AZN,2022-07-27
CRISPR (CRSP) to Report Q2 Earnings: What's in the Cards?,"On CRISPR Therapeutics' (CRSP) Q2 earnings call, investors will look for updates on its pipeline candidates, especially its lead candidate exa-cel.",2022-07-27 16:19:00+00:00,https://www.zacks.com/stock/news/1959037/crispr-crsp-to-report-q2-earnings-whats-in-the-cards,Zacks Investment Research,0.0,1.0,neutral,0.0,True,False,False,False,False,False,False,False,0.0,206,"['AZN', 'VRTX', 'CRSP']",AZN,2022-07-27
Is a Beat in Store for Gilead (GILD) in This Earnings Season?,Investors will focus on the HIV franchise's performance and Veklury sales in Gilead's (GILD) second-quarter 2022 results.,2022-07-28 14:10:00+00:00,https://www.zacks.com/stock/news/1959804/is-a-beat-in-store-for-gilead-gild-in-this-earnings-season,Zacks Investment Research,0.0,0.0,neutral,0.0,True,False,True,False,False,False,False,False,0.0,184,"['AZN', 'GILD', 'RGEN', 'IONS']",AZN,2022-07-28
Novavax (NVAX) to Report Q2 Earnings: What's in the Cards?,"On Novavax's (NVAX) second-quarter earnings call, investors' focus is likely to be on the sales figures of its COVID-19 vaccine.",2022-07-28 15:40:00+00:00,https://www.zacks.com/stock/news/1959911/novavax-nvax-to-report-q2-earnings-whats-in-the-cards,Zacks Investment Research,0.0,1.0,neutral,0.0,True,False,True,False,False,False,False,False,0.0,188,"['AZN', 'NVAX', 'IONS']",AZN,2022-07-28
"Merck (MRK) Q2 Earnings & Revenues Top, COVID Drug Helps Sales",Merck (MRK) beats on Q2 estimates for earnings and sales. The company continues to see robust growth in COVID drug sales and Keytruda and Gardasil sales.,2022-07-28 17:07:00+00:00,https://www.zacks.com/stock/news/1960064/merck-mrk-q2-earnings-revenues-top-covid-drug-helps-sales,Zacks Investment Research,0.5,0.5,positive,0.5,True,False,False,False,False,False,False,False,0.0,217,"['AZN', 'MRK', 'DTIL', 'ALXO']",AZN,2022-07-28
"AstraZeneca (AZN) Beats on Q2 Earnings, Ups Sales Growth View","AstraZeneca's (AZN) second-quarter results reflect a beat on both counts (revenues and earnings). AZN raises its 2022 sales growth guidance, keeping its profit forecast unchanged.",2022-07-29 15:18:00+00:00,https://www.zacks.com/stock/news/1960834/astrazeneca-azn-beats-on-q2-earnings-ups-sales-growth-view,Zacks Investment Research,0.0,0.0,neutral,0.0,True,False,True,False,False,False,False,False,0.0,242,"['AZN', 'MRK', 'LLY', 'BNTX']",AZN,2022-07-29
"Pharma Stock Roundup: MRK, PFE, SNY Q2 Earnings & Sales Beat, GSK Results Mixed","GSK plc (GSK), Merck (MRK), Pfizer (PFE), Sanofi (SNY) and AstraZeneca (AZN) announce second-quarter results",2022-07-29 15:30:00+00:00,https://www.zacks.com/stock/news/1960871/pharma-stock-roundup-mrk-pfe-sny-q2-earnings-sales-beat-gsk-results-mixed,Zacks Investment Research,0.0,0.25,neutral,0.0,True,False,True,False,False,False,False,False,0.0,189,"['SNY', 'AZN', 'GSK', 'PFE', 'MRK']",AZN,2022-07-29
3 Stocks We Think Could Beat the Market in the Second Half of 2022,These stocks share several things in common.,2022-07-30 10:08:00+00:00,https://www.fool.com/investing/2022/07/30/3-stocks-we-think-could-beat-the-market-in-the-sec/,The Motley Fool,-0.11666666666666667,0.16666666666666666,negative,0.11666666666666667,False,False,True,False,False,False,False,False,0.0,112,"['JNJ', 'AZN', 'ABBV']",AZN,2022-07-30
Do These 3 New Moneymakers for AstraZeneca Make It a Buy?,"Cranking out new medicines is business as usual, but these three could be big earners.",2022-07-31 12:55:00+00:00,https://www.fool.com/investing/2022/07/31/do-these-3-new-moneymakers-for-astrazeneca-make-it/,The Motley Fool,0.005681818181818177,0.3147727272727273,neutral,0.005681818181818177,False,True,False,False,False,False,False,False,0.0,145,"['AZN', 'AMGN']",AZN,2022-07-31
"The Zacks Analyst Blog Highlights GSK, Merck, Pfizer, Sanofi and AstraZeneca","GSK, Merck, Pfizer, Sanofi and AstraZeneca are part of Zacks top Analyst Blog.",2022-08-01 12:10:00+00:00,https://www.zacks.com/stock/news/1961201/the-zacks-analyst-blog-highlights-gsk-merck-pfizer-sanofi-and-astrazeneca,Zacks Investment Research,0.5,0.5,positive,0.5,False,False,False,False,False,False,False,False,0.0,156,"['SNY', 'AZN', 'GSK', 'PFE', 'MRK']",AZN,2022-08-01
Moderna (MRNA) to Report Q2 Earnings: What's in the Cards?,Investor focus is likely to be on the progress of Moderna's (MRNA) late-stage pipeline candidates on the second-quarter earnings call that can lower its dependence on Spikevax.,2022-08-01 15:40:00+00:00,https://www.zacks.com/stock/news/1961488/moderna-mrna-to-report-q2-earnings-whats-in-the-cards,Zacks Investment Research,0.0,1.0,neutral,0.0,True,False,True,False,False,False,False,False,0.0,236,"['AZN', 'MRNA', 'ADCT', 'IONS']",AZN,2022-08-01
Emergent's (EBS) Q2 Earnings and Revenues Miss Estimates,Emergent's (EBS) second-quarter 2022 earnings and revenues miss estimates. EBS issues fresh guidance for its CDMO services.,2022-08-02 15:37:00+00:00,https://www.zacks.com/stock/news/1962282/emergents-ebs-q2-earnings-and-revenues-miss-estimates,Zacks Investment Research,0.3,0.5,positive,0.3,True,False,True,False,False,False,False,False,0.0,181,"['AZN', 'NVS', 'JNJ', 'EBS']",AZN,2022-08-02
"Moderna (MRNA) Beats on Q2 Earnings, Starts $3B Buyback Program",Moderna's (MRNA) earnings and sales beat expectations. The company also announces another $3-billion buyback program. Stock gains in pre-market.,2022-08-03 16:47:00+00:00,https://www.zacks.com/stock/news/1963270/moderna-mrna-beats-on-q2-earnings-starts-3b-buyback-program,Zacks Investment Research,0.0,0.0,neutral,0.0,True,True,False,False,False,True,False,False,0.0,209,"['AZN', 'LLY', 'MRNA', 'JAZZ']",AZN,2022-08-03
"Ironwood (IRWD) Q2 Earnings Miss, Keeps 2022 Sales Guidance",Ironwood (IRWD) miss earnings and revenue estimates in the second quarter. Stock declines.,2022-08-05 15:45:00+00:00,https://www.zacks.com/stock/news/1964890/ironwood-irwd-q2-earnings-miss-keeps-2022-sales-guidance,Zacks Investment Research,0.0,0.0,neutral,0.0,True,False,True,False,False,False,False,False,0.0,151,"['AZN', 'IRWD', 'ABBV', 'IONS']",AZN,2022-08-05
3 Unstoppable Stocks That Don't Care About the Bear Market,"When the market is falling, this trio keeps rising.",2022-08-07 13:00:00+00:00,https://www.fool.com/investing/2022/08/07/3-unstoppable-stocks-that-dont-care-about-the-bear/,The Motley Fool,0.0,0.0,neutral,0.0,False,False,False,False,False,False,False,False,0.0,111,"['AZN', 'BMY', 'ABBV']",AZN,2022-08-07
"Apellis (APLS) Q2 Earnings and Sales Miss Estimates, Stock Down","Apellis' (APLS) missed earnings and sales estimates in the second quarter of 2022. Consequently, the stock declines.",2022-08-09 15:52:00+00:00,https://www.zacks.com/stock/news/1966169/apellis-apls-q2-earnings-and-sales-miss-estimates-stock-down,Zacks Investment Research,-0.07777777777777779,0.14444444444444446,neutral,0.07777777777777779,True,False,True,False,False,False,False,False,0.0,181,"['AZN', 'NVAX', 'BEAM', 'APLS']",AZN,2022-08-09
"Ionis (IONS) Q2 Earnings & Sales Miss Estimates, Stock Down",Ionis (IONS) incurs a wider-than-expected loss in Q2. Its sales also miss estimates. Stock moves down in response to the results.,2022-08-10 12:14:00+00:00,https://www.zacks.com/stock/news/1966564/ionis-ions-q2-earnings-sales-miss-estimates-stock-down,Zacks Investment Research,-0.15555555555555559,0.2888888888888889,negative,0.15555555555555559,True,False,False,False,False,False,False,False,0.0,190,"['AZN', 'NVS', 'BIIB', 'IONS']",AZN,2022-08-10
"This Analyst Says Zentalis' Increased Focus On WEE1 Program Is 'Prudent', Slashes Price Target By 37%","Zentalis Pharmaceuticals Inc (NASDAQ: ZNTL) decided to discontinue the development of oral SERD asset ZN-c5 and EGFR inhibitor ZN-e4 following the completion of existing clinical trials. 
The company will focus its capital on developing the WEE1 drug, ZN-c3, and BCL-2 inhibitor, ZN-d5. 
SVB Leerink says that the decision was not unexpected given the difficulty the SERD class has had demonstrating superiority to aromatase inhibitors in the metastatic settings and the cost needed to pursue development in the adjuvant setting. 
""We ...Full story available on Benzinga.com",2022-08-10 20:39:47+00:00,https://www.benzinga.com/analyst-ratings/analyst-color/22/08/28439032/this-analyst-says-zentalis-increased-focus-on-wee1-program-is-prudent,Benzinga,0.11666666666666668,0.5,positive,0.11666666666666668,False,False,False,False,False,False,False,False,0.0,677,"['AZN', 'ZNTL']",AZN,2022-08-10
"Pharma Stock Roundup: PFE to Buy GBT, JNJ to Stall Baby Talc Sale Globally From 2023",Pfizer (PFE) offers to buy Global Blood Therapeutics (GBT) for $5.4 billion in cash. J&J (JNJ) to discontinue selling talc-based baby powder globally from 2023.,2022-08-12 13:50:00+00:00,https://www.zacks.com/stock/news/1967792/pharma-stock-roundup-pfe-to-buy-gbt-jnj-to-stall-baby-talc-sale-globally-from-2023,Zacks Investment Research,0.025,0.0,neutral,0.025,False,True,False,False,False,False,False,False,0.0,246,"['SNY', 'AZN', 'JNJ', 'PFE', 'GBT']",AZN,2022-08-12
"Enhertu significantly delayed breast cancer progression in trial, AstraZeneca says",AstraZeneca PLC said Monday that its Enhertu drug significantly delayed metastatic breast cancer progression in a Phase 3 trial.,2022-08-15 06:42:00+00:00,https://www.marketwatch.com/story/enhertu-significantly-delayed-breast-cancer-progression-in-trial-astrazeneca-says-271660543953,MarketWatch,0.375,0.875,positive,0.375,False,False,False,False,False,False,False,False,0.0,212,['AZN'],AZN,2022-08-15
Immunovant (IMVT) Focus on Developing Autoimmune Disease Drug,"Immunovant (IMVT) remains focused on developing its lead pipeline candidate, batoclimab for treating several types of autoimmune diseases. The lack of other pipeline candidates remains a concern.",2022-08-15 14:40:00+00:00,https://www.zacks.com/stock/news/1968228/immunovant-imvt-focus-on-developing-autoimmune-disease-drug,Zacks Investment Research,-0.0625,0.1875,neutral,0.0625,False,False,False,False,False,False,False,False,0.0,258,"['AZN', 'HZNP', 'ARGX', 'IMVT']",AZN,2022-08-15
Why Gilead Sciences Stock Was a 5% Winner Today,Investors were cheered by late-stage clinical results in breast cancer patients for Trodelvy.,2022-08-15 21:29:07+00:00,https://www.fool.com/investing/2022/08/15/why-gilead-sciences-stock-was-a-5-winner-today/,The Motley Fool,0.0,0.0,neutral,0.0,False,False,False,False,False,False,False,False,0.0,142,"['GILD', 'AZN']",AZN,2022-08-15
AstraZeneca's (AZN) Lynparza sNDA Gets FDA Priority Tag,FDA grants priority review to AstraZeneca (AZN) and Merck's (MRK) Lynparza as a combination therapy for patients with metastatic castration-resistant prostate cancer.,2022-08-16 12:50:00+00:00,https://www.zacks.com/stock/news/1968518/astrazenecas-azn-lynparza-snda-gets-fda-priority-tag,Zacks Investment Research,0.0,0.0,neutral,0.0,False,False,True,False,False,False,False,False,0.0,223,"['AZN', 'JNJ', 'MRK', 'ALKS']",AZN,2022-08-16
Merck (MRK) Enters Into Circular RNA Collaboration With Orna,Merck (MRK) is set to make an upfront payment of $150 million to Orna for rights to the latter's circular RNA technology to make vaccines and therapeutics for infectious disease and oncology.,2022-08-17 12:47:00+00:00,https://www.zacks.com/stock/news/1969109/merck-mrk-enters-into-circular-rna-collaboration-with-orna,Zacks Investment Research,0.0,0.0,neutral,0.0,False,False,False,False,False,False,False,False,0.0,253,"['AZN', 'MRK', 'ALKS', 'SGEN']",AZN,2022-08-17
"Pharma Stock Roundup: End of SNY's Amcenestrant Development, FDA Updates for AZN, GSK","Sanofi (SNY) ends the development of breast cancer candidate, amcenestrant. Novartis' (NVS) lung cancer candidate, canakinumab fails a phase III study. FDA grants priority review to AstraZeneca (AZN) and Merck's (MRK) Lynparza sNDA.",2022-08-19 13:07:00+00:00,https://www.zacks.com/stock/news/1970261/pharma-stock-roundup-end-of-snys-amcenestrant-development-fda-updates-for-azn-gsk,Zacks Investment Research,-0.5,0.3,negative,0.5,False,False,True,False,False,False,False,False,0.0,319,"['SNY', 'AZN', 'GSK', 'NVS', 'MRK']",AZN,2022-08-19
Why This 1 Value Stock Could Be a Great Addition to Your Portfolio,"Wondering how to pick strong, market-beating stocks for your investment portfolio? Look no further than the Zacks Style Scores.",2022-08-23 13:40:09+00:00,https://www.zacks.com/stock/news/1971208/why-this-1-value-stock-could-be-a-great-addition-to-your-portfolio,Zacks Investment Research,0.41111111111111115,0.6611111111111111,positive,0.41111111111111115,False,False,False,False,False,False,False,False,0.0,195,['AZN'],AZN,2022-08-23
2 Top Biotech Stocks to Buy for the Long Haul,Both companies have outperformed the market over the past few decades.,2022-08-24 12:40:00+00:00,https://www.fool.com/investing/2022/08/24/2-top-biotech-stocks-to-buy-for-the-long-haul/,The Motley Fool,0.0,0.3125,neutral,0.0,False,True,False,False,False,False,False,False,0.0,117,"['AMGN', 'AZN', 'CCXI']",AZN,2022-08-24
Sorrento (SRNE) Up on Positive Result From Lung Cancer Study,Sorrento Therapeutics' (SRNE) stock rises after it announced positive results from its late-stage lung cancer study evaluating abivertinib.,2022-08-24 16:24:00+00:00,https://www.zacks.com/stock/news/1972085/sorrento-srne-up-on-positive-result-from-lung-cancer-study,Zacks Investment Research,0.22727272727272727,0.5454545454545454,positive,0.22727272727272727,False,False,False,False,False,False,False,False,0.0,201,"['AZN', 'SRNE', 'PLRX', 'INZY']",AZN,2022-08-24
Amgen (AMGN) Posts Positive Data from Soliris' Biosimilar Study,"Amgen's (AMGN) phase III study evaluating ABP 959, a biosimilar candidate to Soliris for treating paroxysmal nocturnal hemoglobinuria, meets the primary endpoint.",2022-08-24 17:33:00+00:00,https://www.zacks.com/stock/news/1972112/amgen-amgn-posts-positive-data-from-soliris-biosimilar-study,Zacks Investment Research,0.31363636363636366,0.5227272727272727,positive,0.31363636363636366,False,False,False,False,False,False,False,False,0.0,227,"['AZN', 'AMGN', 'ABBV', 'ACHL']",AZN,2022-08-24
AstraZeneca (AZN) Gets Japan Nod for Expanded Use of 3 Drugs,"The Japanese Ministry of Health, Labour, and Welfare approved AstraZeneca's (AZN) three marketed drugs, Lynparza, Tagrisso and Ultomiris, for three different indications in Japan.",2022-08-25 15:53:00+00:00,https://www.zacks.com/stock/news/1972610/astrazeneca-azn-gets-japan-nod-for-expanded-use-of-3-drugs,Zacks Investment Research,0.0,0.3,neutral,0.0,False,False,False,False,False,False,False,False,0.0,241,"['AZN', 'MRK', 'ORIC', 'ACHL']",AZN,2022-08-25
Pfizer (PFE) RSV Vaccine Found Effective in Older Adults,"Based on the positive data from the phase III study on its RSV vaccine candidate, Pfizer plans to file a biologics license application (BLA) to the FDA in fall 2022.",2022-08-26 10:52:00+00:00,https://www.zacks.com/stock/news/1972733/pfizer-pfe-rsv-vaccine-found-effective-in-older-adults,Zacks Investment Research,0.3313131313131313,0.5595959595959595,positive,0.3313131313131313,False,False,True,False,False,False,False,False,0.0,223,"['SNY', 'AZN', 'GSK', 'PFE']",AZN,2022-08-26
"Puma Biotech's (PBYI) Nerlynx Aids Top Line, Overdependence a Woe","Puma Biotech (PBYI) has only one marketed product in its portfolio, Nerlynx, for HER-2 positive breast cancer patients. It continues to evaluate Nerlynx in other types of cancer and indications.",2022-08-26 17:17:00+00:00,https://www.zacks.com/stock/news/1973050/puma-biotechs-pbyi-nerlynx-aids-top-line-overdependence-a-woe,Zacks Investment Research,0.15056818181818182,0.6051136363636364,positive,0.15056818181818182,False,False,False,False,True,False,False,False,0.0,261,"['AZN', 'NVS', 'PBYI']",AZN,2022-08-26
"Benzinga's Top Ratings Upgrades, Downgrades For August 29, 2022","Upgrades
According to Argus Research, the prior rating for AstraZeneca PLC (NASDAQ:AZN) was changed from Hold to Buy. For the second quarter, AstraZeneca had an EPS of $0.86, compared to year-ago quarter EPS of $0.45. At the moment, the stock has a 52-week-high of $71.70 and a 52-week-low of $55.50. AstraZeneca closed at $66.32 at the end of the last trading period.   
According to RBC Capital, the prior rating for The Toronto-Dominion Bank (NYSE:TD) was changed from Sector Perform to Outperform. In the third quarter, Toronto-Dominion Bank showed an EPS of $1.62, compared to $1.60 from the year-ago quarter. At the moment, the stock has a 52-week-high of $86.02 and a 52-week-low of $58.64. Toronto-Dominion Bank closed at $66.60 at the end of the last trading period.   
For Apple Hospitality REIT Inc (NYSE:APLE), Wells Fargo upgraded the previous rating of Underweight to Equal-Weight. In the second quarter, Apple Hospitality REIT showed an EPS of $0.48, compared to $0.30 from the year-ago quarter. The stock has a 52-week-high of $18.69 and a 52-week-low of $14.29. At the end of the last trading period, Apple Hospitality REIT closed at $16.34.   
For Park Hotels & Resorts Inc (NYSE:PK), Wells Fargo upgraded the previous rating of Equal-Weight to Overweight. For the second quarter, Park Hotels & Resorts had an EPS of $0.61, compared to year-ago quarter EPS of $0.16. The stock has a 52-week-high of $20.57 and a 52-week-low of $12.90. At the end of the last trading period, Park Hotels & Resorts closed at $14.22.   
For Host Hotels & Resorts Inc (NASDAQ:HST), Wells Fargo upgraded the previous rating of Equal-Weight to Overweight. In the second quarter, Host Hotels & Resorts showed an EPS of $0.58, compared to $0.12 from the year-ago quarter. The current stock performance of Host Hotels & Resorts shows a 52-week-high of $21.63 and a 52-week-low of $15.10. Moreover, at the end of the last trading period, the closing price was at $18.24.   
For Calithera Biosciences Inc (NASDAQ:CALA), HC Wainwright & Co. upgraded the previous rating of Neutral to Buy. In the second quarter, Calithera Biosciences showed an EPS of $1.59, compared to $3.80 from the year-ago quarter. The current stock performance of Calithera Biosciences shows a 52-week-high of $5.10 and a 52-week-low of $0.14. Moreover, at the end of the last trading period, the closing price was at $3.27.   
According to Piper Sandler, the prior rating for Envista Holdings Corp (NYSE:NVST) was changed from Neutral to Overweight. Envista Holdings earned $0.48 in the second quarter, compared to $0.53 in the year-ago quarter. At the moment, the stock has a 52-week-high of $52.03 and a 52-week-low of $35.24. Envista Holdings closed at $36.60 at the end of the last trading period.   
See all analyst ratings upgrades.
Downgrades
For Jowell Global Ltd (NASDAQ:JWEL), TD Securities downgraded the previous rating of Buy to Action List Buy. NoneThe stock has a 52-week-high of $25.78 and a 52-week-low of $0.96. At the end of the last trading period, Jowell Global closed at $1.23.   
Consumer Edge Research downgraded the previous rating for The Hain Celestial Group Inc (NASDAQ:HAIN) from Overweight to Equal-Weight. For the fourth quarter, Hain Celestial Group had an EPS of $0.08, compared to year-ago quarter EPS of $0.39. The stock has a 52-week-high of $43.53 and a 52-week-low of $21.20. At the end of the last trading period, Hain Celestial Group closed at $21.28.   
According to JMP Securities, the prior rating for Avalara Inc (NYSE:AVLR) was changed from Market Outperform to Market Perform. Avalara earned $0.02 in the second quarter, compared to $0.02 in the year-ago quarter. The stock has a 52-week-high of $129.34 and a 52-week-low of $66.39. At the end of the last trading period, Avalara closed ...Full story available on Benzinga.com",2022-08-29 14:11:27+00:00,https://www.benzinga.com/analyst-ratings/upgrades/22/08/28668943/benzingas-top-ratings-upgrades-downgrades-for-august-29-2022,Benzinga,-0.01818181818181818,0.09696969696969701,neutral,0.01818181818181818,False,True,True,False,False,False,False,False,0.0,3899,"['DENN', 'CALA', 'HAIN', 'XENE', 'AZN', 'APLE', 'CHH', 'PK', 'COO', 'MOLN', 'DOW', 'DCPH', 'DRH', 'JWEL', 'HST', 'AVLR', 'HT', 'TIGO', 'LSI', 'NVST', 'TD', 'IGMS', 'WLK', 'BATL', 'PEB', 'SEAT', 'LYB', 'MOND', 'CCEL', 'VIGL', 'AERI', 'SMFL']",AZN,2022-08-29
Moderna's (MRNA) Omicron Based Jab gets Approval in Australia,"Moderna (MRNA) receives provisional approval in Australia for its Omicron-containing bivalent booster vaccine mRNA-1273.214 in adults, making it the first bivalent COVID-19 vaccine approved for use in Australia.",2022-08-30 17:11:00+00:00,https://www.zacks.com/stock/news/1974198/modernas-mrna-omicron-based-jab-gets-approval-in-australia,Zacks Investment Research,0.25,0.3333333333333333,positive,0.25,False,False,False,False,False,False,False,False,0.0,274,"['AZN', 'PFE', 'MRNA', 'BNTX']",AZN,2022-08-30
AstraZeneca (AZN) Evusheld Gets Japan Nod as COVID Treatment,AstraZeneca's (AZN) Evusheld gets approval in Japan for treating COVID-19. This is the first global approval for Evusheld as a COVID-19 treatment.,2022-08-31 14:47:00+00:00,https://www.zacks.com/stock/news/1974637/astrazeneca-azn-evusheld-gets-japan-nod-as-covid-treatment,Zacks Investment Research,0.125,0.16666666666666666,positive,0.125,False,False,False,False,False,False,False,False,0.0,208,"['AZN', 'AGEN', 'SESN', 'MORF']",AZN,2022-08-31
Is This Blue Chip Dividend Stock a Buy?,Amgen's stock has held up much better than the S&P 500 index.,2022-09-05 12:00:00+00:00,https://www.fool.com/investing/2022/09/05/is-this-blue-chip-dividend-stock-a-buy/,The Motley Fool,0.25,0.3,positive,0.25,False,True,False,False,False,True,False,False,0.0,102,"['AMGN', 'AZN', 'LLY']",AZN,2022-09-05
AstraZeneca (AZN) Imfinzi Gets FDA Nod for Biliary Tract Cancer,AstraZeneca's (AZN) Imfinzi plus chemotherapy becomes the first immunotherapy combination to get approval in the United States to treat advanced biliary tract cancer,2022-09-06 15:09:00+00:00,https://www.zacks.com/stock/news/1977009/astrazeneca-azn-imfinzi-gets-fda-nod-for-biliary-tract-cancer,Zacks Investment Research,0.325,0.4666666666666667,positive,0.325,False,False,True,False,False,False,False,False,0.0,230,"['AZN', 'AGEN', 'SESN', 'MORF']",AZN,2022-09-06
"Got $5,000? These 2 Stocks Are No-Brainer Buys.","The stocks are profitable, stable, and pay dividends.",2022-09-08 14:37:00+00:00,https://www.fool.com/investing/2022/09/08/got-5000-these-2-stocks-are-no-brainer-buys/,The Motley Fool,0.0,0.0,neutral,0.0,True,True,False,False,False,True,False,False,0.0,102,"['AZN', 'MSFT']",AZN,2022-09-08
Apellis (APLS) Up More Than 60% in Past 3 Months: Here's Why,"Apellis' (APLS) marketed drug, Empaveli, approved for treating paroxysmal nocturnal hemoglobinuria is driving revenues. The drug's label expansion studies also hold promise.",2022-09-09 13:24:00+00:00,https://www.zacks.com/stock/news/1978653/apellis-apls-up-more-than-60-in-past-3-months-heres-why,Zacks Investment Research,0.125,0.375,positive,0.125,True,False,False,False,False,False,False,False,0.0,235,"['AZN', 'APLS', 'ORIC', 'ACHL']",AZN,2022-09-09
Could This Biosimilar Drug Candidate Be a Winner for Amgen?,Amgen's biosimilar drug is close to stealing away sales from AstraZeneca's rare disease drug called Soliris.,2022-09-09 14:23:00+00:00,https://www.fool.com/investing/2022/09/09/could-this-biosimilar-drug-be-a-winner-for-amgen/,The Motley Fool,0.3,0.9,positive,0.3,False,False,False,False,False,False,False,False,0.0,169,"['AMGN', 'AZN']",AZN,2022-09-09
Pharma Stock Roundup: FDA Nod to AZN's Imfinzi for New Cancer & Other Updates,FDA approves AstraZeneca's (AZN) Imfinzi combination for advanced metastatic biliary tract cancer and grants Breakthrough Therapy Designation to Pfizer's (PFE) Group B Streptococcus (GBS) vaccine.,2022-09-09 17:20:00+00:00,https://www.zacks.com/stock/news/1978899/pharma-stock-roundup-fda-nod-to-azns-imfinzi-for-new-cancer-other-updates,Zacks Investment Research,0.13712121212121212,0.47651515151515156,positive,0.13712121212121212,False,False,True,False,False,False,False,False,0.0,275,"['AZN', 'GSK', 'PFE']",AZN,2022-09-09
Is JPMorgan Diversified Return International Equity ETF (JPIN) a Strong ETF Right Now?,Smart Beta ETF report for JPIN,2022-09-13 10:20:09+00:00,https://www.zacks.com/stock/news/1979639/is-jpmorgan-diversified-return-international-equity-etf-jpin-a-strong-etf-right-now,Zacks Investment Research,0.2333333333333333,0.47797619047619044,positive,0.2333333333333333,False,False,False,False,False,False,False,False,0.0,118,"['JPIN', 'AZN', 'VEA', 'VXUS', 'SHEL']",AZN,2022-09-13
"Top Financial Stories Tuesday, September 13: Elon Musk's Takeover Set To Get Twitter Shareholder Approval, Intel Slashes Mobileye IPO Valuation, Goldman Sachs To Layoff About 500 Jobs And More…","Wall Street Journal
Elon Musk's Takeover Set To Get Twitter Shareholder Approval By 'Wide Margin' Today

Shareholders of   Twitter Inc   (NASDAQ: TWTR) are likely to approve the $44 billion takeover led by   Tesla Inc (NASDAQ:   TSLA).
CEO   Elon Musk   — a proposal the billionaire entrepreneur is no longer keen on seeing through.   
Early trends indicate investors approving the deal by a wide margin, according to a Wall Street Journal report citing people familiar with the matter. According to the Journal, the shareholder meeting is scheduled for Tuesday at 1 p.m. EDT.


Reuters
India Wins $20B Semiconductor Tech Investment From Apple Supplier, Vedanta Kicking Off Its Journey As A Chip Maker

Vedanta Ltd   and   Apple Inc   (NASDAQ: AAPL) supplier   Hon Hai Precision Industry Co Ltd   (OTC: HNHAF), operating as Foxconn, aim to invest $19.5 billion to set up semiconductor and display production plants in Gujarat, India.
Vedanta Chair Anil Agarwal tweeted regarding the new plant describing it as the onslaught of India's journey from Chip Taker to a Chip Maker.

US Judge Dismisses Shareholder Lawsuit Over AstraZeneca's COVID-19 Vaccine Disclosures

A U.S. judge dismissed a shareholder lawsuit claiming   AstraZeneca Plc   (NASDAQ:   AZN) concealed problems in developing its COVID-19 vaccine, making it unlikely to win FDA approval.
The judge said the proposed action failed to identify any misleading statements or adequately allege that AstraZeneca intended to defraud shareholders.

Google Battles Two Separate Class Actions In UK, Dutch Courts With Claims Of €25B

A law firm, on behalf of publishers, slapped damages claims for up to €25 billion ($25.4 billion) on   Alphabet Inc   (NASDAQ: GOOG) (NASDAQ: GOOGL)
Google over its digital advertising practices in two suits filed in British and Dutch courts.
Google's ad tech has drawn scrutiny from antitrust regulators following complaints from publishers.   


Bloomberg
Intel Slashes Valuation Of Mobileye IPO As Chipmakers Cut Outlook Citing Uncertain Macro Environment

Intel Corp   (NASDAQ: INTC) scaled back expectations for its Mobileye initial public offering amid a broader stock recession and could delay the share sale until 2023 from the prior mid of 2022, pending recovery.
Intel expects the IPO to value the self-driving technology business at up to $30 billion, down from an initial valuation of over $50 billion.

Nintendo Shares Jump 6% As 'Splatoon 3' Makes Blistering Switch Debut In Japan

Shares of Japanese multinational video gaming company   Nintendo Co., Ltd   (OTC: ...",2022-09-13 12:00:08+00:00,https://www.benzinga.com/general/biotech/22/09/28844655/benzinga-before-the-bell-and-other-top-financial-stories-tuesday-september-13,Benzinga,0.041890054390054395,0.24013209013209008,neutral,0.041890054390054395,False,False,True,False,True,False,True,True,0.0,2762,"['SPY', 'AAPL', 'GOOGL', 'AMZN', 'GOOG', 'TWTR', 'INTC', 'SBUX', 'AZN', 'GS', 'HMC', 'MU', 'UBS', 'VMW', 'KKR', 'TSLA']",AZN,2022-09-13
Key Factors Driving Merck's (MRK) Outperformance This Year,"Strong sales of key products like Keytruda and Gardasil, a significant contribution from Lagevrio and positive pipeline/regulatory developments have been keeping Merck's (MRK) stock afloat in 2022.",2022-09-14 17:33:00+00:00,https://www.zacks.com/stock/news/1980586/key-factors-driving-mercks-mrk-outperformance-this-year,Zacks Investment Research,0.17260101010101012,0.7089646464646465,positive,0.17260101010101012,False,False,True,False,True,False,False,False,0.0,257,"['AZN', 'MRK', 'AGEN', 'MORF']",AZN,2022-09-14
4 Large Drug Stocks to Watch as Fundamentals Stay Strong,"Drug/biotech companies are likely to see significant advances in innovation in 2023. In the Large-Cap Pharmaceuticals industry, AbbVie (ABBV), Novartis (NVS), Merck (MRK) and AstraZeneca (AZN) are worth retaining in your portfolio.",2022-09-16 13:58:00+00:00,https://www.zacks.com/commentary/1981345/4-large-drug-stocks-to-watch-as-fundamentals-stay-strong,Zacks Investment Research,0.2645238095238095,0.6273809523809524,positive,0.2645238095238095,False,False,False,False,True,False,False,False,0.0,289,"['ABBV', 'AZN', 'NVS', 'MRK']",AZN,2022-09-16
"Pharma Stock Roundup: J&J New Buyback Plan, CHMP Nod to PFE's BA.4, BA.5 Omicron Jab",J&J (JNJ) announces a new $5 billion stock buyback plan. CHMP recommends authorizing Pfizer's (PFE) Omicron BA.4 and BA.5 boosters in Europe.,2022-09-16 14:39:00+00:00,https://www.zacks.com/stock/news/1981489/pharma-stock-roundup-jj-new-buyback-plan-chmp-nod-to-pfes-ba4-ba5-omicron-jab,Zacks Investment Research,0.13636363636363635,0.45454545454545453,positive,0.13636363636363635,False,True,False,False,False,True,False,False,0.0,227,"['AZN', 'JNJ', 'PFE', 'BNTX']",AZN,2022-09-16
"The Zacks Analyst Blog Highlights AbbVie, Novartis, Merck and AstraZeneca","AbbVie, Novartis, Merck and AstraZeneca are included in this Analyst Blog.",2022-09-19 10:43:00+00:00,https://www.zacks.com/stock/news/1981862/the-zacks-analyst-blog-highlights-abbvie-novartis-merck-and-astrazeneca,Zacks Investment Research,0.0,0.0,neutral,0.0,False,False,False,False,False,False,False,False,0.0,149,"['AZN', 'NVS', 'MRK', 'ABBV']",AZN,2022-09-19
AstraZeneca (AZN) Gets CHMP Nod for Evusheld to Treat COVID,"CHMP recommends authorizing AstraZeneca's (AZN) Evusheld as a COVID-19 treatment and its RSV vaccine, nirsevimab in Europe.",2022-09-19 14:57:00+00:00,https://www.zacks.com/stock/news/1982116/astrazeneca-azn-gets-chmp-nod-for-evusheld-to-treat-covid,Zacks Investment Research,0.0,0.0,neutral,0.0,False,False,False,False,False,False,False,False,0.0,184,"['AZN', 'AGEN', 'SESN', 'MORF']",AZN,2022-09-19
Sanofi (SNY) Gets CHMP Nod for Enjaymo in Hemolytic Anemia,The CHMP recommends authorizing Sanofi's (SNY) Enjaymo as a treatment for hemolytic anemia in patients with cold agglutinin disease (CAD). The CHMP endorses SNY's RSV vaccine for use in infants.,2022-09-19 16:28:00+00:00,https://www.zacks.com/stock/news/1982233/sanofi-sny-gets-chmp-nod-for-enjaymo-in-hemolytic-anemia,Zacks Investment Research,-0.6,1.0,negative,0.6,False,False,False,False,False,False,False,False,0.0,254,"['SNY', 'AZN', 'KMDA', 'MORF']",AZN,2022-09-19
"Top Analyst Reports for Apple, Amazon.com & AbbVie","Today's Research Daily features new research reports on 16 major stocks, including Apple Inc. (AAPL), Amazon.com, Inc. (AMZN) and AbbVie Inc. (ABBV).",2022-09-19 20:17:00+00:00,https://www.zacks.com/research-daily/1982100/top-analyst-reports-for-apple-amazoncom-abbvie,Zacks Investment Research,0.1747159090909091,0.36363636363636365,positive,0.1747159090909091,False,False,False,False,False,False,False,False,0.0,201,"['AMZN', 'AZN', 'AAPL', 'BLK', 'PM', 'ABBV']",AZN,2022-09-19
"Got $5,000? These 2 Growth Stocks Are Near Their 52-Week Lows",Don't let the bear market scare you into thinking these solid companies have become bad investments.,2022-09-21 13:23:00+00:00,https://www.fool.com/investing/2022/09/21/got-5000-these-2-growth-stocks-are-near-their-52-w/,The Motley Fool,-0.19999999999999996,0.38888888888888884,negative,0.19999999999999996,False,False,False,False,False,False,False,False,0.0,163,"['AZN', 'ADBE']",AZN,2022-09-21
Puma Biotech (PBYI) Inks Agreement for Takeda's Alisertib,"Puma Biotechnology (PBYI) inks license agreement with Japan's Takeda Pharmaceuticals, gaining worldwide development and commercialization rights to the latter's cancer treatment alisertib.",2022-09-21 15:35:00+00:00,https://www.zacks.com/stock/news/1983187/puma-biotech-pbyi-inks-agreement-for-takedas-alisertib,Zacks Investment Research,0.0,0.0,neutral,0.0,False,False,False,False,False,False,False,False,0.0,247,"['AZN', 'BMY', 'PBYI', 'SESN']",AZN,2022-09-21
AstraZeneca (AZN) Gets EU Nod for Evusheld to Treat COVID,"Following the label expansion approval in the European Union, Evusheld is currently the only long-acting antibody combination available for both prevention and treatment of COVID-19.",2022-09-21 15:44:00+00:00,https://www.zacks.com/stock/news/1983203/astrazeneca-azn-gets-eu-nod-for-evusheld-to-treat-covid,Zacks Investment Research,0.08,0.38,neutral,0.08,False,False,False,False,False,False,False,False,0.0,241,"['SNY', 'AZN', 'LLY', 'MORF']",AZN,2022-09-21
"With Upcoming Contentious Meeting, This Analyst Cuts Price Target On Spectrum Pharma","On Tuesday, the FDA released briefing documents related to Spectrum Pharmaceutical Inc's (NASDAQ: SPPI) application for poziotinib for treating patients with previously treated locally advanced or metastatic NSCLC.
HC Wainwright says that though they were ready for a contentious ODAC meeting, the questions and the text in the ODAC briefing documents suggest a more argumentative meeting than expected. 
The analyst reiterates the Buy rating but cuts the price target from $12 to $9.
""We understood that the side ...Full story available on Benzinga.com",2022-09-21 18:20:25+00:00,https://www.benzinga.com/general/biotech/22/09/28953131/with-upcoming-contentious-meeting-this-analyst-cuts-price-target-on-spectrum-pharma,Benzinga,0.1761904761904762,0.42380952380952375,positive,0.1761904761904762,False,True,True,False,True,False,False,False,0.0,639,"['SPPI', 'AZN']",AZN,2022-09-21
AstraZeneca's (AZN) Asthma Drug Tezepelumab Gets Nod in Europe,AstraZeneca's (AZN) Tezspire is the only biologic medicine approved in Europe to treat severe asthma with no phenotype limitation and irrespective of biomarker levels.,2022-09-22 15:30:00+00:00,https://www.zacks.com/stock/news/1983882/astrazenecas-azn-asthma-drug-tezepelumab-gets-nod-in-europe,Zacks Investment Research,0.0,1.0,neutral,0.0,False,False,False,False,False,False,False,False,0.0,231,"['REGN', 'AZN', 'GSK', 'AMGN']",AZN,2022-09-22
Astrazeneca (AZN) Stock Moves -0.23%: What You Should Know,"Astrazeneca (AZN) closed the most recent trading day at $56.31, moving -0.23% from the previous trading session.",2022-09-22 22:15:16+00:00,https://www.zacks.com/stock/news/1984096/astrazeneca-azn-stock-moves--023-what-you-should-know,Zacks Investment Research,0.05833333333333334,0.25416666666666665,neutral,0.05833333333333334,False,False,False,False,False,False,False,False,0.0,172,['AZN'],AZN,2022-09-22
"Pharma Stock Roundup: EU Nod to AZN & RHHBY Drugs, FDA Updates for LLY & MRK","Roche's (RHHBY) eye drug, Vabysmo and AstraZeneca's (AZN) asthma drug Tezspire get approval in Europe. The FDA approves expanded use of Lilly's (LLY) cancer drug, Retevmo.",2022-09-23 14:02:00+00:00,https://www.zacks.com/stock/news/1984354/pharma-stock-roundup-eu-nod-to-azn-rhhby-drugs-fda-updates-for-lly-mrk,Zacks Investment Research,0.0,0.0,neutral,0.0,False,False,True,False,False,False,False,False,0.0,249,"['AZN', 'GSK', 'MRK', 'LLY']",AZN,2022-09-23
Ionis' (IONS) Hypercholesterolemia Drug Not to Enter Phase III,"Ionis (IONS) posts data from the phase IIb SOLANO study on ION449 for treating hypercholesterolemia. Though the study met the primary endpoint, ION449 will not advance into phase III development.",2022-09-23 18:26:00+00:00,https://www.zacks.com/stock/news/1984535/ionis-ions-hypercholesterolemia-drug-not-to-enter-phase-iii,Zacks Investment Research,0.4,0.5,positive,0.4,False,False,False,False,False,False,False,False,0.0,259,"['AZN', 'NVS', 'BIIB', 'IONS']",AZN,2022-09-23
3 Medical Stocks Displaying Remarkable Relative Strength in 2022,"In addition to favorable price action, all three carry a strong growth profile, making them appear even more enticing.",2022-09-23 18:47:00+00:00,https://www.zacks.com/commentary/1984529/3-medical-stocks-displaying-remarkable-relative-strength-in-2022,Zacks Investment Research,0.2972222222222222,0.34722222222222215,positive,0.2972222222222222,False,False,False,False,False,False,False,False,0.0,184,"['AZN', 'UNH', 'MCK']",AZN,2022-09-23
Should Growth Investors Buy This Little-Known Stock?,"Due to the downturn in the broader market, this genetic-testing stock has crashed so far this year.",2022-09-24 10:30:00+00:00,https://www.fool.com/investing/2022/09/24/should-growth-investors-buy-this-little-known-stoc/,The Motley Fool,-0.012499999999999997,0.6875,neutral,0.012499999999999997,False,True,False,False,False,False,False,False,0.0,153,"['VCYT', 'AZN']",AZN,2022-09-24
AstraZeneca's (AZN) Ultomiris Gets EC Nod for New Indication,AstraZeneca's (AZN) Ultomiris becomes the first and only long-acting C5 inhibitor to be approved for gMG in Europe.,2022-09-26 15:17:00+00:00,https://www.zacks.com/stock/news/1984931/astrazenecas-azn-ultomiris-gets-ec-nod-for-new-indication,Zacks Investment Research,0.12878787878787878,0.5959595959595959,positive,0.12878787878787878,False,False,False,False,False,False,False,False,0.0,177,"['SNY', 'AZN', 'AGEN', 'MORF']",AZN,2022-09-26
Valneva (VALN) Stock Down 66% in the Past 6 Months: Here's Why,"Valneva's (VALN) COVID-19 vaccine looks promising, but the European Commission's revised advance purchase agreement jeopardizes its COVID-19 vaccine program.",2022-09-26 16:39:00+00:00,https://www.zacks.com/stock/news/1985012/valneva-valn-stock-down-66-in-the-past-6-months-heres-why,Zacks Investment Research,-0.05138888888888889,0.25972222222222224,neutral,0.05138888888888889,False,False,False,False,False,False,False,False,0.0,221,"['AZN', 'PFE', 'MORF', 'VALN']",AZN,2022-09-26
Adding $100 to These 7 Stocks Would Be a Genius Move Right Now,You don't need a mountain of cash to build wealth on Wall Street -- especially with deals like these.,2022-09-27 09:21:00+00:00,https://www.fool.com/investing/2022/09/27/adding-100-to-these-7-stocks-genius-move-right-now/,The Motley Fool,0.14285714285714285,0.7678571428571428,positive,0.14285714285714285,False,False,False,False,False,False,False,False,0.0,165,"['DIS', 'AZN', 'USB', 'EPD', 'NEE', 'PINS', 'FVRR']",AZN,2022-09-27
"US Stock Futures Rise Ahead Of Economic Reports, Fed Speakers; Crude Oil Rises 1%","Pre-open movers
U.S. stock futures traded higher in early pre-market trade on Tuesday after recording losses on Monday. The Dow Jones fell into a bear market on Monday, while the S&P 500 recorded a fresh closing low level for the year.
Data on durable goods orders for August will be released at 8:30 a.m. ET. Analysts expect durable goods orders declining 0.4% in August following a 0.1% drop in July. The S&P Corelogic Case-Shiller home price index and the FHFA's house price index for July will be released at 9:00 a.m. ET. The Conference Board's consumer confidence index, Richmond Fed's manufacturing index and data on new home sales for August will be released at 10:00 a.m. ET.
Federal Reserve Bank of Chicago President Charles Evans is set to speak at 6:15 a.m. ET, while Federal Reserve Chair Jerome Powell will speak at 7:30 a.m. ET. Federal Reserve Bank of St. Louis President James Bullard is set to speak at 9:55 a.m. ET, while Federal Reserve Bank of San Francisco President Mary Daly will speak at 8:55 p.m. ET.
Investors are also ...",2022-09-27 09:30:00+00:00,https://www.benzinga.com/news/earnings/22/09/29025389/us-stock-futures-rise-ahead-of-economic-reports-fed-speakers-crude-oil-rises-1,Benzinga,0.03579545454545455,0.4193181818181818,neutral,0.03579545454545455,True,False,False,False,True,False,False,False,0.0,1132,"['UNFI', 'AZN', 'DPZ', 'JBL', 'NLS', 'SNX', 'JG', 'XCUR']",AZN,2022-09-27
Wall Street Breakfast: Dollar Vs. Stocks,"Listen on the go! A daily podcast of Wall Street Breakfast will be available by 8:00 a.m. on Seeking Alpha, iTunes, Stitcher and Spotify. Dollar vs. Stocks The U.S.",2022-09-27 11:01:49+00:00,https://seekingalpha.com/article/4543305-wall-street-breakfast-dollar-vs-stocks,Seeking Alpha,0.2,0.2,positive,0.2,False,False,False,False,False,False,False,False,0.0,206,"['SPY', 'DWAC', 'PSNY', 'GOEV', 'F', 'XOM', 'AMGN', 'AZN', 'BIIB', 'QQQ']",AZN,2022-09-27
AZN vs. LLY: Which Stock Is the Better Value Option?,AZN vs. LLY: Which Stock Is the Better Value Option?,2022-09-28 15:40:06+00:00,https://www.zacks.com/stock/news/1986078/azn-vs-lly-which-stock-is-the-better-value-option,Zacks Investment Research,0.5,0.5,positive,0.5,False,False,False,False,False,False,False,False,0.0,106,"['AZN', 'LLY']",AZN,2022-09-28
5 Dividend Growth Stocks to Beat Market Volatility,"Coca-Cola (KO), General Dynamics (GD), AstraZeneca (AZN), Boise Cascade (BCC),  and Insperity (NSP) that offer dividend growth could be compelling picks amid market volatility.",2022-09-30 10:50:00+00:00,https://www.zacks.com/stock/news/1986889/5-dividend-growth-stocks-to-beat-market-volatility,Zacks Investment Research,0.175,0.55,positive,0.175,False,False,False,False,False,True,False,False,0.0,228,"['GD', 'AZN', 'KO', 'NSP', 'BCC']",AZN,2022-09-30
What This News Means for Merck,Cancer drug Lynparza received an approval in China to treat patients with a type of ovarian cancer.,2022-10-01 14:30:00+00:00,https://www.fool.com/investing/2022/10/01/what-this-news-means-for-merck/,The Motley Fool,0.0,0.0,neutral,0.0,False,False,False,False,False,False,False,False,0.0,131,"['MRK', 'AZN']",AZN,2022-10-01
"Zacks.com featured highlights include Coca-Cola, General Dynamics, AstraZeneca, Boise Cascade and Insperity","Coca-Cola, General Dynamics, AstraZeneca, Boise Cascade and Insperity have been highlighted in this Screen of The Week article.",2022-10-03 08:30:00+00:00,https://www.zacks.com/stock/news/1987457/zackscom-featured-highlights-include-coca-cola-general-dynamics-astrazeneca-boise-cascade-and-insperity,Zacks Investment Research,0.05000000000000002,0.5,neutral,0.05000000000000002,False,False,False,False,False,False,False,False,0.0,236,"['GD', 'AZN', 'KO', 'NSP', 'BCC']",AZN,2022-10-03
Astrazeneca (AZN) Gains But Lags Market: What You Should Know,"Astrazeneca (AZN) closed at $55.55 in the latest trading session, marking a +1.29% move from the prior day.",2022-10-03 22:15:12+00:00,https://www.zacks.com/stock/news/1987720/astrazeneca-azn-gains-but-lags-market-what-you-should-know,Zacks Investment Research,0.13333333333333333,0.3333333333333333,positive,0.13333333333333333,False,False,False,False,False,False,False,False,0.0,170,['AZN'],AZN,2022-10-03
Reata Pharma (RETA) is Striving Hard Despite Pipeline Setbacks,"Reata Pharmaceuticals (RETA) is yet to generate product revenues due to the lack of marketed drugs in its portfolio. However, two of its pipeline candidates are close to potential FDA approval.",2022-10-04 12:58:00+00:00,https://www.zacks.com/stock/news/1987764/reata-pharma-reta-is-striving-hard-despite-pipeline-setbacks,Zacks Investment Research,-0.1388888888888889,0.6388888888888888,negative,0.1388888888888889,True,False,True,False,True,False,False,False,0.0,257,"['AZN', 'ABBV', 'RETA']",AZN,2022-10-04
Is Illumina Still The Gamechanger In Genomic Sequencing?,,2022-10-05 07:37:00+00:00,https://www.investing.com/analysis/is-illumina-still-the-gamechanger-in-genomic-sequencing-200630668,Investing.com,0.3,0.0,positive,0.3,False,False,False,False,False,False,False,False,0.0,58,"['ILMN', 'NTRA', 'EXAS', 'NVTA', 'MYGN', 'AZN']",AZN,2022-10-05
"There's a good bet to be made in this 'un-investable' country, says UBS",Contrarian traders should become interested when dismissive hyperbole abounds,2022-10-07 10:32:00+00:00,https://www.marketwatch.com/story/theres-a-good-bet-to-be-made-in-this-un-investable-country-says-ubs-11665138720,MarketWatch,0.475,0.55,positive,0.475,False,False,False,False,False,False,False,False,0.0,150,"['SHEL', 'SHEL', 'AZN', 'AZN', 'HSBC', 'UL', 'DEO', 'BP', 'BP', 'GSK', 'GSK', 'RIO', 'RIO', 'EWU', 'HEWU', 'AMD', 'TWTR', 'TSLA', 'GME', 'TLRY', 'AMC', 'NIO', 'AAPL', 'BBBY', 'APE']",AZN,2022-10-07
2 Healthcare Stocks That Could Help Make You a Fortune,"If given enough time, these two stocks can do the heavy lifting in building wealth for you.",2022-10-08 15:00:00+00:00,https://www.fool.com/investing/2022/10/08/2-healthcare-stocks-could-make-you-fortune/,The Motley Fool,-0.1,0.5,neutral,0.1,False,False,False,False,False,False,False,False,0.0,147,"['AMGN', 'SYK', 'AZN']",AZN,2022-10-08
"Have $2,000? 2 Market Crash-Ready Stocks to Buy",These two big pharma stocks have what it takes to bounce back.,2022-10-09 11:00:00+00:00,https://www.fool.com/investing/2022/10/09/have-2000-2-market-crash-ready-stocks-to-buy/,The Motley Fool,0.0,0.05,neutral,0.0,False,True,False,False,False,False,False,False,0.0,111,"['PFE', 'AZN']",AZN,2022-10-09
"Apellis' (APLS) Empaveli Aids Growth, Stiff Competition a Woe","Apellis' (APLS) lead drug, Empaveli, is approved for treating paroxysmal nocturnal hemoglobinuria. The drug's label expansion studies hold promise. Stiff competition remains an overhang.",2022-10-10 14:52:00+00:00,https://www.zacks.com/stock/news/1989777/apellis-apls-empaveli-aids-growth-stiff-competition-a-woe,Zacks Investment Research,-0.21428571428571427,0.5,negative,0.21428571428571427,False,False,False,False,False,False,False,False,0.0,249,"['AZN', 'ATRA', 'APLS', 'ACHL']",AZN,2022-10-10
"Twitter May Drop Clickable Hashtags, AstraZeneca's Nasal COVID-19 Vaccine Fails Trial, Coinbase Gets Singapore Nod: Top Stories Tuesday, Oct. 11","Reuters
US-China Chip War: KLA Relaxes Chip Supply To China

U.S. chipmaker   KLA Corp's   (NASDAQ:   KLAC) legal department emailed China informing that it shall stop sales and service to ""advanced fabs"" in China for the technology of NAND chips with 128 layers or more, DRAM chips 18nm and below, and advanced logic chips.
The Biden administration launched a sweeping set of export controls to restrict China's progress in advanced chip manufacturing.

Tesla, Nio Battery-Supplier CATL Expects Q3 Net Profit To Triple

Contemporary Amperex Technology Co Ltd   (CATL), a battery supplier to   Tesla Inc   (NASDAQ:   TSLA) and   Nio Inc   (NYSE:   NIO), has estimated its net profit during the July-September quarter to nearly triple from a year earlier, supported by significant expansion in production.
The world's biggest battery maker, which accounts for more than a third of global EV sales, said it expects third-quarter net income to rise to between 8.8 billion yuan ($1.23 billion) and 9.9 billion yuan, up from 3.3 billion yuan last year.   
The company expects net profit for the first nine months of 2022 to more than double from a year-ago period.

Volkswagen Receives $8.8B Via Selling Preferred Porsche Shares

Volkswagen AG   (OTC:   VWAGY) has received €9.1 billion ($8.8 billion) through the sale of preferred shares in sportscar maker   Porsche automobile Holding SE   (OTC:   POAHY).
The amount collected was less than the maximum due to the partial execution of a greenshoe option.
In the case of a fully drawn greenshoe option, Volkswagen would have received €9.4 billion in total.

India To Urge Apple and Samsung For Faster 5G Upgrades

India's government will push   Apple Inc,   Samsung Electronics Co, Ltd   (OTC:   SSNLF), and other mobile phone manufacturers to prioritize rolling out software upgrades to support 5G in the country.
Apple's iPhone models, including the latest iPhone 14, and many of Samsung's premier phones do not have software compatible with supporting 5G in India.


Bloomberg
Elon Musk: Twitter Ordered Whistleblower To Eliminate Critical Evidence After Failing 'To Buy His Silence'

Tesla Inc   CEO   Elon Musk   reportedly accused   Twitter Inc   of asking whistleblower   Peiter ""Mudge"" Zatko  ...",2022-10-11 12:29:39+00:00,https://www.benzinga.com/general/biotech/22/10/29215468/twitter-may-drop-clickable-hashtags-astrazenecas-nasal-covid-19-vaccine-fails-trial-coinbase-gets,Benzinga,0.14596774193548387,0.353494623655914,positive,0.14596774193548387,True,True,False,False,True,False,True,True,0.2,2396,"['TWTR', 'SPY', 'UBER', 'AAPL', 'COIN', 'NIO', 'KLAC', 'QGEN', 'JOBY', 'AZN', 'BIO', 'DAL', 'TSM', 'TSLA', 'UAL', 'DEN', 'BABA']",AZN,2022-10-11
Is Seagen Stock a Buy Now?,"It's growing faster than competitors, but headwinds might soon bog it down.",2022-10-12 12:21:00+00:00,https://www.fool.com/investing/2022/10/12/is-seagen-stock-a-buy-now/,The Motley Fool,-0.15555555555555559,0.2888888888888889,negative,0.15555555555555559,False,True,False,False,False,False,False,False,0.0,103,"['SGEN', 'AZN', 'BIIB', 'VRTX']",AZN,2022-10-12
2 No-Brainer Stocks to Buy Right Now for Less Than $100,There's no need to break the bank to buy quality stocks.,2022-10-12 13:15:00+00:00,https://www.fool.com/investing/2022/10/12/2-no-brainer-stocks-to-buy-right-now-for-less-than/,The Motley Fool,0.05952380952380952,0.3011904761904762,neutral,0.05952380952380952,False,True,False,False,False,False,False,False,0.0,113,"['AZN', 'ROKU']",AZN,2022-10-12
Astrazeneca (AZN) Dips More Than Broader Markets: What You Should Know,"In the latest trading session, Astrazeneca (AZN) closed at $55.07, marking a -0.42% move from the previous day.",2022-10-12 22:15:21+00:00,https://www.zacks.com/stock/news/1991261/astrazeneca-azn-dips-more-than-broader-markets-what-you-should-know,Zacks Investment Research,0.18333333333333335,0.4166666666666667,positive,0.18333333333333335,False,False,False,False,False,False,False,False,0.0,183,['AZN'],AZN,2022-10-12
3 Incredibly Cheap Blue Chip Stocks to Buy Right Now,It's time to buy the dip in these blue chip stocks.,2022-10-13 14:30:00+00:00,https://www.fool.com/investing/2022/10/13/3-incredibly-cheap-blue-chip-stocks-to-buy-right-n/,The Motley Fool,0.17142857142857143,0.35892857142857143,positive,0.17142857142857143,False,True,False,False,False,False,False,False,0.0,105,"['AMZN', 'AAPL', 'AZN']",AZN,2022-10-13
Astrazeneca (AZN) Gains But Lags Market: What You Should Know,"In the latest trading session, Astrazeneca (AZN) closed at $55.53, marking a +0.84% move from the previous day.",2022-10-13 22:00:21+00:00,https://www.zacks.com/stock/news/1991812/astrazeneca-azn-gains-but-lags-market-what-you-should-know,Zacks Investment Research,0.07777777777777779,0.3888888888888889,neutral,0.07777777777777779,False,False,False,False,False,False,False,False,0.0,174,['AZN'],AZN,2022-10-13
2 Top Biotech Stocks to Buy Right Now,Healthcare is a reliable sector of the economy for those looking to create wealth over the long haul.,2022-10-14 14:15:00+00:00,https://www.fool.com/investing/2022/10/14/2-top-biotech-stocks-to-buy-right-now/,The Motley Fool,0.24523809523809523,0.4785714285714285,positive,0.24523809523809523,False,True,True,False,False,False,False,False,0.0,140,"['JNJ', 'AZN']",AZN,2022-10-14
Is This Monster Stock on the Verge of a Home Run?,Ultomiris was just approved in the European Union to treat patients with generalized myasthenia gravis.,2022-10-17 09:35:00+00:00,https://www.fool.com/investing/2022/10/17/monster-stock-on-verge-home-run-astrazeneca/,The Motley Fool,0.0,0.0,neutral,0.0,False,False,False,False,False,False,False,False,0.0,154,['AZN'],AZN,2022-10-17
Should You Invest in the VanEck Pharmaceutical ETF (PPH)?,Sector ETF report for PPH,2022-10-18 10:20:06+00:00,https://www.zacks.com/stock/news/1993177/should-you-invest-in-the-vaneck-pharmaceutical-etf-pph,Zacks Investment Research,0.0,0.0,neutral,0.0,False,False,True,False,False,False,False,False,0.0,84,"['PPH', 'AZN', 'LLY', 'MCK', 'PJP', 'IHE']",AZN,2022-10-18
This Growth Stock Rose Last Week. Is It Still a Buy?,Illumina is the dominant player in gene sequencing.,2022-10-18 11:36:00+00:00,https://www.fool.com/investing/2022/10/18/this-growth-stock-rose-last-week-is-it-still-a-buy/,The Motley Fool,0.3,0.5083333333333333,positive,0.3,False,True,False,False,False,False,False,False,0.0,105,"['ILMN', 'AZN']",AZN,2022-10-18
2 Top Healthcare Stocks to Buy for the Long Haul,These biotech companies have a long ramp of revenue growth ahead.,2022-10-18 14:00:00+00:00,https://www.fool.com/investing/2022/10/18/2-top-healthcare-stocks-to-buy-for-the-long-haul/,The Motley Fool,0.13333333333333333,0.43333333333333335,positive,0.13333333333333333,True,True,False,False,False,False,False,False,0.0,115,"['AMGN', 'VRTX', 'AZN', 'CRSP']",AZN,2022-10-18
Beat the Dow Jones With This Unstoppable Dividend Stock,This pharmaceutical stock combines strong financials with an above-average dividend.,2022-10-19 13:30:00+00:00,https://www.fool.com/investing/2022/10/19/beat-the-dow-jones-with-this-unstoppable-dividend/,The Motley Fool,0.4333333333333333,0.7333333333333333,positive,0.4333333333333333,False,False,False,False,False,True,False,False,0.0,141,"['MRK', 'AZN', 'MRNA', 'OGN']",AZN,2022-10-19
Astrazeneca (AZN) Stock Moves -0.29%: What You Should Know,"Astrazeneca (AZN) closed the most recent trading day at $54.35, moving -0.29% from the previous trading session.",2022-10-20 22:00:20+00:00,https://www.zacks.com/stock/news/1995363/astrazeneca-azn-stock-moves--029-what-you-should-know,Zacks Investment Research,0.05833333333333334,0.25416666666666665,neutral,0.05833333333333334,False,False,False,False,False,False,False,False,0.0,172,['AZN'],AZN,2022-10-20
3 Alzheimer's Therapy Stocks to Invest in,Alzheimer's treatments could make a big winner of these stocks.,2022-10-21 13:37:00+00:00,https://www.fool.com/investing/2022/10/21/3-alzheimers-therapy-stocks-to-invest-in/,The Motley Fool,0.0,0.1,neutral,0.0,False,False,False,False,False,False,False,False,0.0,106,"['BIIB', 'AZN', 'LLY']",AZN,2022-10-21
Biogen (BIIB) to Report Q3 Earnings: Here's What to Expect,Biogen's (BIIB) sales in the third quarter are likely to have been hurt by lower sales of Tecfidera and Spinraza.,2022-10-21 14:35:00+00:00,https://www.zacks.com/stock/news/1995733/biogen-biib-to-report-q3-earnings-heres-what-to-expect,Zacks Investment Research,0.0,0.5,neutral,0.0,True,False,False,False,False,False,False,False,0.0,173,"['AZN', 'BIIB', 'LLY']",AZN,2022-10-21
"Top Stock Reports for AstraZeneca, Caterpillar & Crown Castle","Today's Research Daily features new research reports on 16 major stocks, including AstraZeneca PLC (AZN), Caterpillar Inc. (CAT) and Crown Castle Inc. (CCI).",2022-10-21 17:10:00+00:00,https://www.zacks.com/research-daily/1995696/top-stock-reports-for-astrazeneca-caterpillar-crown-castle,Zacks Investment Research,0.1747159090909091,0.36363636363636365,positive,0.1747159090909091,False,False,False,False,False,False,False,False,0.0,220,"['AZN', 'NDAQ', 'CAT', 'CCI', 'LNG', 'AWK']",AZN,2022-10-21
Universal Health (UHS) to Post Q3 Earnings: What's in Store?,"Universal Health's (UHS) Q3 results are likely to reflect sound segmental performances resulting from a constant pursuit of expansion moves. However, high labor costs might partly offset the results.",2022-10-21 17:17:00+00:00,https://www.zacks.com/stock/news/1995852/universal-health-uhs-to-post-q3-earnings-whats-in-store,Zacks Investment Research,0.09333333333333334,0.37888888888888883,neutral,0.09333333333333334,True,False,False,False,False,False,False,False,0.0,261,"['AZN', 'BMRN', 'UHS', 'HUM']",AZN,2022-10-21
US Stock Futures Lower Following Friday's Rally; Tesla In Focus,"Pre-open movers
U.S. stock futures traded lower in early pre-market trade on Monday after recording sharp gains in the previous session. The Dow Jones jumped by around 750 points on Friday. All the three major indices recorded their best week since June, with the S&P 500 and Dow adding 4.7% and 4.9%, respectively last week.
The Chicago Fed National Activity Index for September is scheduled for release at 8:30 a.m. ET, while the flash Composite Purchasing Managers' Index for October will be released at 9:45 a.m. ET. Analysts expect services index at 49.3, while manufacturing index is projected at 51.2.
Investors are awaiting earnings results from  Schnitzer Steel Industries, Inc. (NASDAQ: SCHN), Discover Financial Services (NYSE: DFS), Packaging Corporation of America (NYSE: PKG) and Crown Holdings, Inc.  (NYSE: CCK).
Check out this: Market Volatility Decreases As Dow Jumps More Than 700 Points 
Futures for the Dow Jones Industrial Average dropped 85 points to 31,038.00 while the Standard & Poor’s 500 index futures slipped 11.50 points to 3,752.50. Futures for the Nasdaq index fell 47 points to 11,311.50.
Commodities
Oil prices traded lower as Brent crude ...",2022-10-24 09:27:46+00:00,https://www.benzinga.com/news/earnings/22/10/29374509/us-stock-futures-lower-following-fridays-rally-tesla-in-focus,Benzinga,0.009294871794871805,0.36025641025641025,neutral,0.009294871794871805,True,False,False,False,True,False,False,False,0.0,1241,"['SCHN', 'AZN', 'CCK', 'DFS', 'PKG', 'SNY', 'TSLA', 'AVEO', 'MYOV']",AZN,2022-10-24
Merck (MRK) to Report Q3 Earnings: What's in the Cards?,"Investor focus is likely to be on the sales of Merck's (MRK) blockbuster oncology medicine, Keytruda, and COVID-19 antiviral pill, molnupiravir when the company reports Q3 earnings.",2022-10-24 11:47:00+00:00,https://www.zacks.com/stock/news/1996044/merck-mrk-to-report-q3-earnings-whats-in-the-cards,Zacks Investment Research,0.0,1.0,neutral,0.0,True,False,False,False,False,False,False,False,0.0,238,"['AZN', 'BMRN', 'MRK', 'LLY']",AZN,2022-10-24
"The Zacks Analyst Blog Highlights AstraZeneca, Caterpillar, Crown Castle, Nasdaq and American Water Works","AstraZeneca, Caterpillar, Crown Castle, Nasdaq and American Water Works are part of the Zacks top Analyst Blog.",2022-10-24 13:40:00+00:00,https://www.zacks.com/stock/news/1996150/the-zacks-analyst-blog-highlights-astrazeneca-caterpillar-crown-castle-nasdaq-and-american-water-works,Zacks Investment Research,0.16666666666666666,0.16666666666666666,positive,0.16666666666666666,False,False,False,False,False,False,False,False,0.0,218,"['AZN', 'NDAQ', 'CAT', 'CCI', 'AWK']",AZN,2022-10-24
US Stock Futures Down; Big Tech Earnings In Focus,"Pre-open movers
U.S. stock futures traded lower in early pre-market trade on Tuesday after recording gains in the previous session. The Dow Jones jumped by more than 400 points on Monday after all the three major indices recorded their best week since June.
The S&P Corelogic Case-Shiller home price index for August is scheduled for release at 9:00 a.m. ET. Analysts expect see the monthly rate declining 0.8% in August following a 0.4% drop in July. The FHFA house price index for August will be released at 9:00 a.m. ET, while the Conference Board's consumer confidence index for October and Richmond Fed's manufacturing index for October will be released at 10:00 a.m. ET.
Investors are awaiting earnings results from  General Motors Company (NYSE: GM), The Coca-Cola Company (NYSE: KO), General Electric Company (NYSE: GE), Microsoft Corporation (NASDAQ: MSFT) and Alphabet Inc.  (NASDAQ: GOOG).
Check out this: ...",2022-10-25 10:02:39+00:00,https://www.benzinga.com/news/earnings/22/10/29391687/us-stock-futures-down-big-tech-earnings-in-focus,Benzinga,0.14402777777777778,0.32555555555555554,positive,0.14402777777777778,True,False,False,False,True,False,False,False,0.0,971,"['GOOG', 'MSFT', 'AZN', 'GE', 'GM', 'KO', 'NVS', 'POR', 'SAP', 'MYOV']",AZN,2022-10-25
Biosimilars Are Revolutionizing Healthcare: Is This Industry Leader a Buy?,Biosimilars are bringing down prescription drug costs without sacrificing quality.,2022-10-25 10:50:00+00:00,https://www.fool.com/investing/2022/10/25/biosimilars-are-revolutionizing-healthcare-is-this/,The Motley Fool,-0.15555555555555559,0.2888888888888889,negative,0.15555555555555559,False,True,False,False,False,False,False,False,0.0,158,"['AMGN', 'JNJ', 'AZN', 'NVS', 'REGN', 'IQV']",AZN,2022-10-25
AstraZeneca says advanced trial of breast-cancer drug Capivasertib meets primary endpoints,The Anglo-Swedish pharma giant said the trial met both primary endpoints of improving progression-free survival in the overall patient population and in a prespecified biomarker subgroup of patients whose tumors had qualifying alterations.,2022-10-26 06:51:00+00:00,https://www.marketwatch.com/story/astrazeneca-says-capivasertib-phase-3-trial-met-primary-endpoints-271666764917,MarketWatch,0.24000000000000005,0.52,positive,0.24000000000000005,False,False,False,False,False,False,False,False,0.0,331,"['AZN', 'AZN']",AZN,2022-10-26
"Merck (MRK) Beats on Q3 Earnings & Revenues, Ups 2022 View",Merck (MRK) beats Q3 estimates for earnings and sales. The company continues to see robust growth in Keytruda and Gardasil sales.,2022-10-27 16:26:00+00:00,https://www.zacks.com/stock/news/1998820/merck-mrk-beats-on-q3-earnings-revenues-ups-2022-view,Zacks Investment Research,0.0,0.0,neutral,0.0,True,False,False,False,False,False,False,False,0.0,189,"['AZN', 'MRK', 'MRNA', 'CSTL']",AZN,2022-10-27
3 Perfect Stocks Retirees Can Buy Hand Over Fist Right Now,Bargains abound for seniors who want steady long-term appreciation potential.,2022-10-28 09:21:00+00:00,https://www.fool.com/investing/2022/10/28/3-perfect-stocks-retirees-can-buy-hand-over-fist/,The Motley Fool,0.3630952380952381,0.7589285714285714,positive,0.3630952380952381,False,True,False,False,False,False,False,False,0.0,137,"['MA', 'VZ', 'AZN']",AZN,2022-10-28
Why Invitae Stock Was So Healthy This Week,"Even though the genetics testing specialist didn't divulge the financial details of a new partnership, investors nevertheless were happpy about the news.",2022-10-28 13:33:00+00:00,https://www.fool.com/investing/2022/10/28/why-invitae-stock-was-so-healthy-this-week/,The Motley Fool,0.21212121212121213,0.3181818181818182,positive,0.21212121212121213,False,False,False,True,False,False,False,False,0.0,197,"['NVTA', 'AZN']",AZN,2022-10-28
"Pharma Stock Roundup: NVS, MRK Report Q3 Earnings JNJ's Tecvayli Gets FDA Nod","Novartis (NVS) and Merck (MRK) announce Q3 results. FDA approves J&J's (JNJ) multiple myeloma candidate, Tecvayli.",2022-10-28 16:09:00+00:00,https://www.zacks.com/stock/news/2010194/pharma-stock-roundup-nvs-mrk-report-q3-earnings-jnjs-tecvayli-gets-fda-nod,Zacks Investment Research,0.0,0.0,neutral,0.0,True,False,True,False,False,False,False,False,0.0,193,"['AZN', 'GSK', 'NVS', 'JNJ', 'MRK']",AZN,2022-10-28
Amgen (AMGN) to Report Q3 Earnings: What's in the Cards?,"Volume growth from Amgen's (AMGN) key drugs like Prolia, Xgeva, Repatha and others is expected to have been partially offset by biosimilar/generic competition for mature drugs.",2022-10-31 16:48:00+00:00,https://www.zacks.com/stock/news/2011299/amgen-amgn-to-report-q3-earnings-whats-in-the-cards,Zacks Investment Research,-0.025,0.45,neutral,0.025,True,False,False,False,False,False,False,False,0.0,234,"['AZN', 'AMGN', 'BPMC', 'EDIT']",AZN,2022-10-31
Biotech And XBI: The Bottom Is In,XBI is a widely diversified ETF comprised of myriad small and midcap biotech stocks. Read how I've built up a large position in the ETF since mid-June.,2022-11-01 07:19:42+00:00,https://seekingalpha.com/article/4551327-biotech-and-xbi-bottom-is-in,Seeking Alpha,-0.04523809523809524,0.40952380952380957,neutral,0.04523809523809524,False,False,False,False,False,False,False,False,0.0,186,"['XBI', 'AZN', 'GOOG', 'GOOGL', 'JNJ', 'MRK', 'NVAX', 'PFE']",AZN,2022-11-01
Hospitalizations on the rise in New York City as new COVID strains spread rapidly,"Hospitalizations are rising again in New York City with the spread of new COVID-19 subvariants that are better at evading immunity, along with flu and respiratory syncytial virus, or RSV.",2022-11-01 13:37:00+00:00,https://www.marketwatch.com/story/hospitalizations-on-the-rise-in-new-york-city-as-new-covid-strains-spread-rapidly-11667313470,MarketWatch,0.20909090909090908,0.4636363636363637,positive,0.20909090909090908,False,False,False,False,False,False,False,False,0.0,270,"['PFE', 'AAPL', 'AZN', 'AZN']",AZN,2022-11-01
Sorrento Has Potential To Deliver Multiple Best-In-Class Products,"Cantor Fitzgerald initiated coverage on Sorrento Therapeutics Inc (NASDAQ: SRNE) with an Overweight rating and a price target of $5. 
The analyst says Sorrento has the potential to deliver multiple best-in-class products in high-value areas of oncology, pain, and infectious disease, highlighting three value drivers:

Scilex's potential in non-opioid pain. Its pain portfolio currently has marketed and pipeline programs, which could unlock further meaningful value.
Abivertinib's potential in non-small cell lung cancer
Full story available on Benzinga.com",2022-11-02 19:09:25+00:00,https://www.benzinga.com/general/biotech/22/11/29528934/sorrento-has-potential-to-deliver-multiple-best-in-class-products,Benzinga,0.11363636363636363,0.5772727272727273,positive,0.11363636363636363,False,False,False,False,True,False,False,False,0.0,625,"['AZN', 'SRNE']",AZN,2022-11-02
Why Horizon Therapeutics' Shares Rose 11.32% on Wednesday,The company released encouraging year-end guidance.,2022-11-03 01:33:43+00:00,https://www.fool.com/investing/2022/11/02/why-horizon-therapeutics-shares-rose-1132-on-wedne/,The Motley Fool,0.6,0.95,positive,0.6,False,False,False,False,True,False,False,False,0.0,110,"['HZNP', 'AZN']",AZN,2022-11-03
How to Boost Your Portfolio with Top Medical Stocks Set to Beat Earnings,Finding stocks expected to beat quarterly earnings estimates becomes an easier task with our Zacks Earnings ESP.,2022-11-08 13:50:04+00:00,https://www.zacks.com/stock/news/2015347/how-to-boost-your-portfolio-with-top-medical-stocks-set-to-beat-earnings,Zacks Investment Research,0.13333333333333333,0.3,positive,0.13333333333333333,True,False,False,False,False,False,False,False,0.0,186,"['AZN', 'AMN']",AZN,2022-11-08
"Apellis' (APLS) Q3 Earnings Miss Estimates, Revenues Top Mark",Apellis' (APLS) earnings miss estimates in the third quarter of 2022 while revenues beat the same.,2022-11-08 16:05:00+00:00,https://www.zacks.com/stock/news/2015539/apellis-apls-q3-earnings-miss-estimates-revenues-top-mark,Zacks Investment Research,0.16666666666666666,0.20833333333333334,positive,0.16666666666666666,True,False,False,False,False,False,False,False,0.0,161,"['AZN', 'AMRN', 'APLS', 'ASLN']",AZN,2022-11-08
Why AstraZeneca (AZN) Might Surprise This Earnings Season,AstraZeneca (AZN) is seeing favorable earnings estimate revision activity and has a positive Zacks Earnings ESP heading into earnings season.,2022-11-09 13:36:00+00:00,https://www.zacks.com/stock/news/2016030/why-astrazeneca-azn-might-surprise-this-earnings-season,Zacks Investment Research,0.22727272727272727,0.5454545454545454,positive,0.22727272727272727,True,False,False,False,False,False,False,False,0.0,200,['AZN'],AZN,2022-11-09
Emergent's (EBS) Q3 Earnings and Revenues Miss Estimates,Emergent's (EBS) third-quarter 2022 earnings and revenues miss estimates. EBS issues fresh guidance for its CDMO services,2022-11-09 15:47:00+00:00,https://www.zacks.com/stock/news/2016252/emergents-ebs-q3-earnings-and-revenues-miss-estimates,Zacks Investment Research,0.3,0.5,positive,0.3,True,False,False,False,False,False,False,False,0.0,179,"['AZN', 'NVS', 'JNJ', 'EBS']",AZN,2022-11-09
"'Waiting Game Continues' In Emergent BioSolutions, Analysts Cut Price Target","Emergent BioSolutions Inc's (NYSE: EBS) Q3 sales fell 27% Y/Y to $240 million, missing the consensus of $268.30 million.
Revenues from CDMO services decreased $76.4 million, largely due to lower combined revenues of $59.1 million from AstraZeneca Plc (NASDAQ: AZN) and Johnson & Johnson's (NYSE: JNJ) Janssen, reflecting the impact of reduced production activities for the companies' COVID-19 vaccines. 
The company reported an adjusted EPS loss of $(1.27), compared to $(0.36) a year ago and missing the consensus of $(0.06).
Related: Full story available on Benzinga.com",2022-11-09 18:19:11+00:00,https://www.benzinga.com/general/biotech/22/11/29642138/waiting-game-continues-in-emergent-biosolutions-analysts-cut-price-target,Benzinga,-0.071875,0.36562500000000003,neutral,0.071875,True,False,False,False,True,False,False,False,0.0,650,"['AZN', 'EBS', 'JNJ']",AZN,2022-11-09
AstraZeneca Q3 Preview: Can Shares Stay Strong?,"AZN shares have been a bright spot in an otherwise dim market in 2022, up nearly 8% and widely outperforming the general market.",2022-11-09 22:35:00+00:00,https://www.zacks.com/stock/news/2016384/astrazeneca-q3-preview-can-shares-stay-strong,Zacks Investment Research,0.2138888888888889,0.5555555555555555,positive,0.2138888888888889,False,False,False,False,False,False,False,False,0.0,177,['AZN'],AZN,2022-11-09
AstraZeneca lifts guidance after forecast-beating profit and sales,"After tax, profit was $1.64 billion compared with a loss of $1.65 billion the year prior. Analysts had expected the company to post a net profit of $629 million.",2022-11-10 07:47:00+00:00,https://www.marketwatch.com/story/astrazeneca-plc-3q-adj-eps-1-67-271668065333,MarketWatch,-0.03333333333333333,0.13333333333333333,neutral,0.03333333333333333,True,False,False,False,False,False,False,False,0.0,229,"['AZN', 'AZN']",AZN,2022-11-10
Worried About a Recession? Park Your Money In These 2 High-Yielding Dividend Stocks,These stocks both pay more than 2% per year in dividends.,2022-11-10 13:30:00+00:00,https://www.fool.com/investing/2022/11/10/worried-about-a-recession-park-your-money-in-these/,The Motley Fool,0.5,0.5,positive,0.5,False,False,False,False,False,True,False,False,0.0,142,"['AZN', 'KO']",AZN,2022-11-10
"Troubled FTX Faces SEC Probe And 'Urgently Needs' $8B To Avoid Bankruptcy, NIO Posts Wider Q3 Loss, AstraZeneca Ditches US Application Submission For COVID-19 Shot: Top Stories Thursday, Nov. 11","Bloomberg
FTX 'Urgently Needs' $8B To Avoid Bankruptcy, Bankman-Fried Reportedly Tells Investors

FTX (FTT/USD) CEO Sam Bankman-Fried reportedly told investors on Wednesday that he urgently needs $8 billion in emergency funding to cover withdrawal requests and avert bankruptcy.
In a call with investors, Bankman-Fried said he hoped to raise as much as $3 billion to $4 billion in equity and some debt.

FTX Stares At More Trouble As Justice Department Reportedly Joins SEC Probe Into Liquidity Crisis

The U.S. Department of Justice is reportedly looking into the FTX (FTT/USD) liquidity crisis and the turmoil surrounding the exchange's founder, Sam Bankman-Fried.
The DoJ is closely working with the Security Exchange Commission (SEC) to investigate the FTX saga.

Apple Hires Facebook Veteran as Information Chief; More Departures Likely

Apple Inc (NASDAQ: AAPL) has hired a startup founder and former Meta Platforms Inc (NASDAQ: META).
 Facebook executive to run its information systems group after departures in that department.
Timothy Campos will lead the Information Systems and Technology department, which handles the infrastructure behind Apple's online services, customer support, and website. 
Apple refers to the operation as its ""nerve center"" because it lets employees, suppliers, and customers stay connected. 


Wall Street Journal
California Dumps Lyft-Backed Proposal to Tax Rich For EVs And Green Initiatives

California voters quashed a ballot measure that sought to tax the state's rich for its planned transition to electric vehicles and other green initiatives.
The rejection dealt a blow to ride-hailing company Lyft Inc (NASDAQ: LYFT) and the environmental groups that had backed the proposition.
Lyft was the most prominent financier of Proposition 30, contributing more than 97% of the roughly $50 million raised to promote it.  


Reuters
Eli Lilly's Migraine Drug Infringed Teva's Patents, Ordered To Pay $176M

A federal jury has asked Eli Lilly And Company (NYSE: LLY) to pay ...",2022-11-10 13:53:43+00:00,https://www.benzinga.com/general/biotech/22/11/29658491/troubled-ftx-faces-sec-probe-and-urgently-needs-8b-to-avoid-bankruptcy-nio-posts-wider-q3-loss-as,Benzinga,0.07934782608695652,0.49456521739130443,neutral,0.07934782608695652,True,False,True,False,False,True,True,False,0.2,2210,"['SPY', 'AAPL', 'AZN', 'BA', 'COP', 'LLY', 'TSM', 'LYFT', 'META', 'NIO']",AZN,2022-11-10
"AstraZeneca's (AZN) Q3 Earnings Beat, EPS Growth View Up","AstraZeneca (AZN) beats third-quarter estimates for earnings while sales come in line. AZN raises its 2022 earnings growth guidance, keeping its sales forecast unchanged.",2022-11-10 15:20:00+00:00,https://www.zacks.com/stock/news/2016857/astrazenecas-azn-q3-earnings-beat-eps-growth-view-up,Zacks Investment Research,0.0,0.0,neutral,0.0,True,False,False,False,False,False,False,False,0.0,228,"['AZN', 'MRK', 'VRTX']",AZN,2022-11-10
"Ionis (IONS) Q3 Earnings & Sales Beat Estimates, Stock Up",Ionis (IONS) incurs a narrower-than-expected loss in Q3. Its sales also beat estimates.,2022-11-10 16:48:00+00:00,https://www.zacks.com/stock/news/2016913/ionis-ions-q3-earnings-sales-beat-estimates-stock-up,Zacks Investment Research,0.0,0.0,neutral,0.0,True,False,False,False,False,False,False,False,0.0,146,"['AZN', 'GSK', 'BIIB', 'IONS']",AZN,2022-11-10
"Dow scores 1,200-point gain as stocks log biggest one-day advance since 2020 on signs inflation is softening","U.S. stocks finished sharply higher on Thursday, logging their biggest single-session rally in more than two years as the Dow soared more than 1,200 points on data suggesting inflation may be peaking.",2022-11-10 21:36:00+00:00,https://www.marketwatch.com/story/u-s-stock-futures-steady-after-sell-off-as-crucial-inflation-data-looms-11668074074,MarketWatch,0.4166666666666667,0.5,positive,0.4166666666666667,False,False,False,False,False,False,False,False,0.0,310,"['DJIA', 'COMP', 'CRM', 'COIN', 'RIVN', 'AAPL', 'TGT', 'AZN']",AZN,2022-11-10
Why AstraZeneca Stock Shot Higher Today,The company trounced analyst profitability estimates for its latest quarter and raised its guidance.,2022-11-10 23:30:42+00:00,https://www.fool.com/investing/2022/11/10/why-astrazeneca-stock-shot-higher-today/,The Motley Fool,0.375,0.7,positive,0.375,True,False,False,False,False,False,False,False,0.0,141,['AZN'],AZN,2022-11-10
AstraZeneca PLC (AZN) Q3 2022 Earnings Call Transcript,"AZN earnings call for the period ending September 30, 2022.",2022-11-11 02:30:43+00:00,https://www.fool.com/earnings/call-transcripts/2022/11/10/astrazeneca-plc-azn-q3-2022-earnings-call-transcri/,The Motley Fool,0.0,0.0,neutral,0.0,True,False,False,False,False,False,False,False,0.0,115,['AZN'],AZN,2022-11-11
"Pharma Stock Roundup: Q3 Earnings of BAYRY, AZN, EU Nod for AZN, SNY RSV Vaccine","Bayer (BAYRY) and AstraZeneca (AZN) announce third-quarter results. AstraZeneca and Sanofi's (SNY) RSV vaccine, nirsevimab gets approval in Europe.",2022-11-11 14:33:00+00:00,https://www.zacks.com/stock/news/2017299/pharma-stock-roundup-q3-earnings-of-bayry-azn-eu-nod-for-azn-sny-rsv-vaccine,Zacks Investment Research,0.0,0.0,neutral,0.0,True,False,False,False,False,False,False,False,0.0,229,"['SNY', 'AZN', 'GSK']",AZN,2022-11-11
Viatris (VTRS) Wins in Court Against AstraZeneca's Symbicort,Viatris (VTRS) and its partner win a court decision that invalidates branded drug Symbicort's patent and opens the door for them to launch their generic version of the drug.,2022-11-11 15:20:00+00:00,https://www.zacks.com/stock/news/2017411/viatris-vtrs-wins-in-court-against-astrazenecas-symbicort,Zacks Investment Research,0.3666666666666667,0.20000000000000004,positive,0.3666666666666667,False,False,False,False,True,False,False,True,0.0,235,"['AZN', 'PBYI', 'SNDX', 'VTRS']",AZN,2022-11-11
Amazon To $103? Plus Piper Sandler Predicts $300 For Illumina,"Rosenblatt boosted the price target on  Amazon.com, Inc. (NASDAQ: AMZN) from $118 to $103. Rosenblatt analyst Barton Crockett maintained the stock with a Neutral rating. Amazon shares fell 4.3% to close at $100.79 on Friday.
Barclays raised the price target for  Edgewell Personal Care Company  (NYSE: EPC) from ...Full story available on Benzinga.com",2022-11-14 13:58:15+00:00,https://www.benzinga.com/news/22/11/29700781/amazon-to-103-plus-piper-sandler-predicts-300-for-illumina,Benzinga,0.2,0.35,positive,0.2,False,False,False,False,False,False,False,False,0.0,414,"['AMZN', 'HALO', 'ILMN', 'AZN', 'EPC']",AZN,2022-11-14
AstraZeneca's (AZN) Imfinzi/Imjudo Combo Gets Another FDA Nod,AstraZeneca (AZN) gets its second FDA approval for the Imfinzi+Imjudo combo in non-small cell lung cancer (NSCLC) indication.,2022-11-14 19:10:00+00:00,https://www.zacks.com/stock/news/2018046/astrazenecas-azn-imfinziimjudo-combo-gets-another-fda-nod,Zacks Investment Research,0.0,0.0,neutral,0.0,False,False,True,False,False,False,False,False,0.0,188,"['AZN', 'MRK', 'VRTX']",AZN,2022-11-14
AstraZeneca's (AZN) 3 Cancer Drugs Get CHMP Nod for Expanded Use,"The CHMP recommends expanded use of AstraZeneca's (AZN) three key cancer drugs, Lynparza, Enhertu and Imfinzi.",2022-11-15 15:09:00+00:00,https://www.zacks.com/stock/news/2018462/astrazenecas-azn-3-cancer-drugs-get-chmp-nod-for-expanded-use,Zacks Investment Research,0.0,1.0,neutral,0.0,False,False,False,False,False,False,False,False,0.0,176,"['AZN', 'JNJ', 'MRK', 'VRTX']",AZN,2022-11-15
Ionis (IONS) Inks Deal to Develop Precision Genetic Medicines,"Ionis (IONS) inks collaboration deal with the gene editing company, Metagenomi, to expand the former's capabilities in delivering precision genetic medicines.",2022-11-15 17:19:00+00:00,https://www.zacks.com/stock/news/2018542/ionis-ions-inks-deal-to-develop-precision-genetic-medicines,Zacks Investment Research,0.0,0.0,neutral,0.0,False,False,False,False,False,False,False,False,0.0,221,"['AZN', 'NVS', 'BIIB', 'IONS']",AZN,2022-11-15
How Long Can This Top Stock Continue Defying the Bear Market?,It could only be the beginning for this pharma giant.,2022-11-17 12:45:00+00:00,https://www.fool.com/investing/2022/11/17/how-long-can-this-top-stock-continue-defying-the-b/,The Motley Fool,0.1125,0.725,positive,0.1125,False,False,False,False,False,False,False,False,0.0,116,"['MRK', 'AZN']",AZN,2022-11-17
Key Factors Driving Amgen's (AMGN) Outperformance This Year,"Amgen's (AMGN) key drugs like Prolia, Repatha and Otezla are driving sales. Amgen is also rapidly advancing its robust pipeline of early and late-stage assets.",2022-11-17 14:54:00+00:00,https://www.zacks.com/stock/news/2019410/key-factors-driving-amgens-amgn-outperformance-this-year,Zacks Investment Research,0.03333333333333333,0.7666666666666666,neutral,0.03333333333333333,False,False,False,False,False,False,False,False,0.0,220,"['AZN', 'AMGN', 'ABBV']",AZN,2022-11-17
Merck (MRK) Outpaces Industry YTD: What's in Store for 2023?,Strong sales of key products like Keytruda and Gardasil and positive pipeline/regulatory developments keep Merck's (MRK) stock afloat in 2023.,2022-11-17 16:21:00+00:00,https://www.zacks.com/stock/news/2019503/merck-mrk-outpaces-industry-ytd-whats-in-store-for-2023,Zacks Investment Research,0.16515151515151513,0.5946969696969697,positive,0.16515151515151513,False,False,True,False,True,False,False,False,0.0,204,"['AZN', 'MRK', 'GILD', 'VRTX']",AZN,2022-11-17
Why Shares of Compugen Jumped 17.86% on Thursday,The company is receiving a $7.5 milestone payment from AstraZeneca for the use of one of its therapies.,2022-11-17 21:51:15+00:00,https://www.fool.com/investing/2022/11/17/why-shares-of-compugen-jumped-1786-on-thursday/,The Motley Fool,0.0,0.0,neutral,0.0,False,False,False,False,False,False,False,False,0.0,153,"['CGEN', 'AZN']",AZN,2022-11-17
"Pharma Stock Roundup: RHHBY's Alzheimer's Study Failure, EU Nod for SNY's Enjaymo","Roche's (RHHBY) late-stage Alzheimer's disease study on key pipeline candidate, gantenerumab fails. Sanofi's (SNY) Enjaymo to treat a rare form of anemia gets approval in Europe.",2022-11-18 12:50:00+00:00,https://www.zacks.com/stock/news/2019756/pharma-stock-roundup-rhhbys-alzheimers-study-failure-eu-nod-for-snys-enjaymo,Zacks Investment Research,-0.12916666666666665,0.625,negative,0.12916666666666665,False,False,False,False,False,False,False,False,0.0,261,"['SNY', 'AZN', 'MRK']",AZN,2022-11-18
2 Stocks to Buy Whether or Not a Recession Is Coming,Both have outperformed the stock market this year.,2022-11-18 14:37:00+00:00,https://www.fool.com/investing/2022/11/18/2-stocks-to-buy-whether-or-not-recession-is-coming/,The Motley Fool,0.0,0.0,neutral,0.0,False,True,False,False,False,False,False,False,0.0,104,"['BMY', 'AZN', 'AMGN']",AZN,2022-11-18
2 Breakout Growth Stocks to Buy for the Long Haul,These two Russell 1000 members know how to grow revenue.,2022-11-19 13:30:00+00:00,https://www.fool.com/investing/2022/11/19/2-breakout-growth-stocks-to-buy-for-the-long-haul/,The Motley Fool,-0.05,0.4,neutral,0.05,True,True,False,False,False,False,False,False,0.0,107,"['DH', 'ELV', 'AZN', 'ABBV']",AZN,2022-11-19
Apellis (APLS) Rises on FDA Acceptance of NDA Amendment for GA,"The FDA accepts Apellis' (APLS) major amendment to the NDA for pegcetacoplan to treat geographic atrophy secondary to age-related macular degeneration. A decision is now due on Feb 26, 2023. Stock up.",2022-11-21 14:44:00+00:00,https://www.zacks.com/stock/news/2020442/apellis-apls-rises-on-fda-acceptance-of-nda-amendment-for-ga,Zacks Investment Research,-0.12083333333333333,0.39166666666666666,negative,0.12083333333333333,False,False,True,False,False,False,False,False,0.0,264,"['AZN', 'ANGN', 'SNDX', 'APLS']",AZN,2022-11-21
Astrazeneca (AZN) is a Top-Ranked Value Stock: Should You Buy?,"Wondering how to pick strong, market-beating stocks for your investment portfolio? Look no further than the Zacks Style Scores.",2022-11-24 14:40:08+00:00,https://www.zacks.com/stock/news/2021844/astrazeneca-azn-is-a-top-ranked-value-stock-should-you-buy,Zacks Investment Research,0.21666666666666665,0.6166666666666667,positive,0.21666666666666665,False,True,False,False,False,False,False,False,0.0,191,['AZN'],AZN,2022-11-24
Clovis (CLVS) Stock Down 50% in the Past 6 Months: Here's Why,Clovis Oncology (CLVS) tanks in the past six months following the possibility of a bankruptcy filing in the near term.,2022-11-25 17:34:00+00:00,https://www.zacks.com/stock/news/2022524/clovis-clvs-stock-down-50-in-the-past-6-months-heres-why,Zacks Investment Research,-0.11111111111111112,0.2577777777777778,negative,0.11111111111111112,False,False,False,False,False,False,False,False,0.0,181,"['AZN', 'MRK', 'ANGN', 'CLVS']",AZN,2022-11-25
AstraZeneca (AZN) Boosts Cell Therapies With Neogene Deal,The acquisition of Neogene is set to give AstraZeneca (AZN) access to the latter's next-generation T-cell receptor therapies.,2022-11-30 13:34:00+00:00,https://www.zacks.com/stock/news/2023567/astrazeneca-azn-boosts-cell-therapies-with-neogene-deal,Zacks Investment Research,0.0,0.0,neutral,0.0,False,True,False,False,False,False,False,False,0.0,184,"['AZN', 'MRK', 'GILD', 'VRTX']",AZN,2022-11-30
