title,description,published_utc,article_url,publisher,sentiment_polarity,sentiment_subjectivity,sentiment_label,sentiment_confidence,keywords_earnings,keywords_acquisition,keywords_regulation,keywords_partnership,keywords_product,keywords_financial,keywords_leadership,keywords_lawsuit,urgency_score,text_length,tickers,ticker,date
Brett Arends's ROI: Biden’s tax plan and your 401(k),If there’s a panic here it is incredibly well hidden.,2021-04-29 18:39:00+00:00,http://www.marketwatch.com/news/story.asp?guid=%7B21005575-02D4-D4B5-4572-D3D5FCC7EED7%7D&siteid=rss&rss=1,MarketWatch,0.3666666666666667,0.6166666666666667,positive,0.3666666666666667,False,False,False,False,False,False,False,False,0.0,107,"['SPY', 'IJH', 'IJR', 'AGG', 'BND', 'VNQ', 'GLD', 'LTPZ', 'ZROZ', 'AAPL', 'AMZN', 'GOOG', 'TSLA']",BND,2021-04-29
ETF Asset Report of April,The S&P 500 & the total stock market ETFs garnered the maximum assets in April.,2021-05-04 18:30:00+00:00,http://www.zacks.com/stock/news/1500053/etf-asset-report-of-april?cid=CS-ZC-FT-etf_news_and_commentary-1500053,Zacks Investment Research,0.0,0.75,neutral,0.0,False,False,False,False,False,False,False,False,0.0,106,"['GLD', 'XLP', 'IWM', 'VTV', 'USMV', 'GOVT', 'VTI', 'VOO', 'BND', 'VGSH', 'SCHD']",BND,2021-05-04
Record Inflows to U.S. ETFs This Year: 6 Winners,"U.S. ETFs attracted a record inflow of $324 billion in the first four months of this year, which was 180% higher than the year-ago period.",2021-06-01 12:10:00+00:00,http://www.zacks.com/stock/news/1638752/record-inflows-to-us-etfs-this-year-6-winners?cid=CS-ZC-FT-etf_news_and_commentary-1638752,Zacks Investment Research,0.25,0.41666666666666663,positive,0.25,False,False,False,False,False,False,False,False,0.0,188,"['XLF', 'VTV', 'VTI', 'IVV', 'VOO', 'BND']",BND,2021-06-01
Will U.S. REITs Continue To Lead The Global Rally?,,2021-06-07 20:56:00+00:00,https://www.investing.com/analysis/will-us-reits-continue-to-lead-the-global-rally-200584600,Investing.com,0.0,0.0,neutral,0.0,False,False,False,False,False,False,False,False,0.0,52,"['VNQ', 'IHY', 'GCC', 'VWO', 'BND', 'VTI']",BND,2021-06-07
BND: A Growing Battle Between Liquidity And Inflation,"With CPI inflation at a 13-year high, the market narrative has overwhelmingly shifted toward inflation concerns. Read more to know what it means for BND ETF...",2021-06-11 05:55:26+00:00,https://seekingalpha.com/article/4434264-vanguard-total-bond-market-etf-growing-battle-between-liquidity-and-inflation,Seeking Alpha,0.3866666666666667,0.68,positive,0.3866666666666667,False,False,False,False,False,False,False,False,0.0,214,['BND'],BND,2021-06-11
A Quick Guide to the 25 Cheapest ETFs,"Keeping the importance of expense ratio in mind, we have highlighted the 25 cheapest ETFs currently on the market and have AUM of more than $50 million.",2021-06-11 14:10:00+00:00,https://www.zacks.com/stock/news/1690832/a-quick-guide-to-the-25-cheapest-etfs,Zacks Investment Research,0.27777777777777773,0.4666666666666666,positive,0.27777777777777773,False,False,False,False,False,False,False,False,0.0,191,"['SFY', 'VTI', 'VOO', 'VTV', 'VV', 'SCHV', 'BND', 'AGG', 'IVV', 'SCHM', 'SCHA', 'SCHB', 'ITOT', 'VUG', 'SCHG']",BND,2021-06-11
5 ETFs That Gained Maximum Investor Attention Last Week,We have highlighted five of the ETFs that were the five top creators of last week and can continue to be investors' darlings should the current market trends prevail.,2021-06-14 14:05:00+00:00,https://www.zacks.com/stock/news/1705449/5-etfs-that-gained-maximum-investor-attention-last-week,Zacks Investment Research,0.125,0.2583333333333333,positive,0.125,False,False,False,False,False,False,False,False,0.0,223,"['SPY', 'VOO', 'BND', 'EZU', 'IYR']",BND,2021-06-14
Inside the Growing Popularity of ETFs,The $637-billion-Dimensional Fund Advisors converted about $28.8 billion of mutual funds into ETFs seeing the popularity of the ETF segment.,2021-06-22 12:00:00+00:00,https://www.zacks.com/stock/news/1746842/inside-the-growing-popularity-of-etfs,Zacks Investment Research,0.0,0.0,neutral,0.0,False,False,False,False,False,False,False,False,0.0,179,"['XLF', 'VTI', 'VOO', 'VTV', 'RSP', 'IEMG', 'BND', 'IVV', 'ARKK', 'IUSB']",BND,2021-06-22
Strong Buy Alert: 2 High-Growth Stocks With 5%+ Yields,Dividend growth stocks have an impressive track record of outperforming the stock market over the long term.,2021-07-06 11:00:00+00:00,https://seekingalpha.com/article/4437904-strong-buy-alert-2-high-growth-stocks-with-5-percent-plus-yields,Seeking Alpha,0.4611111111111111,0.7111111111111111,positive,0.4611111111111111,False,True,False,False,False,True,False,False,0.2,164,"['BND', 'CWEN', 'CWEN.A', 'DIA', 'GOVT', 'NOBL', 'SPY', 'UVE', 'VNQ', 'XLU']",BND,2021-07-06
Will the Hot ETFs of First-Half 2021 Continue to Sizzle?,"ETFs gathered $471.8 billion in the first half of the year per eftf.com, putting the industry on track to break the annual record of $507.4 billion last year in a matter of weeks.",2021-07-06 15:10:00+00:00,https://www.zacks.com/stock/news/1758153/will-the-hot-etfs-of-first-half-2021-continue-to-sizzle,Zacks Investment Research,0.08333333333333334,0.3541666666666667,neutral,0.08333333333333334,False,False,False,False,False,False,False,False,0.0,237,"['VTI', 'VOO', 'VTV', 'BND', 'IVV']",BND,2021-07-06
The 8% Income Portfolio: Mid-Year Review,"We present a half-yearly review of our 8% Income Portfolio. 2020 was a challenging year for this portfolio for obvious reasons, but it has had an excellent run in 2021 so far. See more here.",2021-07-10 13:05:00+00:00,https://seekingalpha.com/article/4438291-the-8-percent-income-portfolio-mid-year-review,Seeking Alpha,0.35000000000000003,0.6666666666666666,positive,0.35000000000000003,False,False,False,False,False,False,False,False,0.0,232,"['ARCC', 'ARDC', 'AWF', 'BBN', 'BND', 'CHI', 'DNP', 'EFA', 'ET', 'GOF', 'HQH', 'HYB', 'IIF', 'KYN', 'MAIN', 'NBB', 'NLY', 'NMZ', 'PCI', 'PDI', 'PFF', 'RFI', 'RNP', 'RQI', 'STK', 'USA', 'UTF', 'UTG', 'VTI']",BND,2021-07-10
Investors Embrace Bond Funds And ETFs In June,"For the first month in seven, MF investors were net sellers, removing $51.8 billion from conventional funds for June. Fixed income funds saw net inflows for the fourteenth consecutive month.",2021-07-20 04:20:00+00:00,https://seekingalpha.com/article/4440006-investors-embrace-bond-funds-and-etfs-in-june-2021,Seeking Alpha,0.04142857142857143,0.17809523809523808,neutral,0.04142857142857143,False,False,True,False,False,False,False,False,0.0,237,"['QQQ', 'TQQQ', 'IEFA', 'EWJ', 'IYR', 'XLF', 'QYLD', 'DUST', 'BND', 'HYG']",BND,2021-07-20
5 Most Loved Funds of the Booming ETF Industry,"Investors have poured more than $500 billion into ETFs so far this year, very close to an annual record of $504 inflows seen last year. This suggests the wider adoption of the ETFs at breakneck pace.",2021-07-28 15:10:00+00:00,https://www.zacks.com/stock/news/1769413/5-most-loved-funds-of-the-booming-etf-industry,Zacks Investment Research,0.3333333333333333,0.5277777777777778,positive,0.3333333333333333,False,False,False,False,False,False,False,False,0.0,247,"['VTI', 'VOO', 'VTV', 'BND', 'IVV']",BND,2021-07-28
Can You Retire a Millionaire With ETFs Alone?,This easy-to-use investment could be all you need to live the retirement of your dreams.,2021-08-06 11:46:00+00:00,https://www.fool.com/investing/2021/08/06/can-you-retire-a-millionaire-with-etfs-alone/,The Motley Fool,0.13636363636363635,0.5,positive,0.13636363636363635,False,False,False,False,False,False,False,False,0.0,135,"['SPY', 'AMZN', 'GLD', 'IWM', 'QQQ', 'BND']",BND,2021-08-06
Foreign Developed-Market Stocks Top Asset Classes,,2021-08-09 11:42:00+00:00,https://www.investing.com/analysis/foreign-developedmarket-stocks-top-asset-classes-200597219,Investing.com,0.1875,0.3125,positive,0.1875,False,False,False,False,False,False,False,False,0.0,51,"['VEA', 'VWO', 'GCC', 'VTI', 'VNQ', 'BND', 'BWX']",BND,2021-08-09
Property Shares Ex-U.S. Led Most Markets Higher Last Week,,2021-08-16 21:27:00+00:00,https://www.investing.com/analysis/property-shares-exus-led-most-markets-higher-last-week-200598821,Investing.com,0.25,0.35555555555555557,positive,0.25,False,False,False,False,False,False,False,False,0.0,59,"['VNQI', 'VEA', 'VNQ', 'VTI', 'BND', 'GCC']",BND,2021-08-16
Are Bonds a Better Place for Cash Than Your Savings Account?,Is this a smart way to get a better yield from your savings than your bank is willing to pay?,2021-08-17 11:11:00+00:00,https://www.fool.com/investing/2021/08/17/are-bonds-a-better-place-for-cash-than-your-saving/,The Motley Fool,0.3660714285714286,0.5982142857142857,positive,0.3660714285714286,False,False,False,False,False,False,False,False,0.0,155,['BND'],BND,2021-08-17
Asset Class Scoreboard: August 2021,"Welcome to the dog days of summer... unless you’re U.S. equity markets, which again posted a new all-time high.",2021-09-09 04:05:00+00:00,https://seekingalpha.com/article/4454172-asset-class-scoreboard-august-2021,Seeking Alpha,0.3654545454545455,0.6315151515151515,positive,0.3654545454545455,False,False,False,False,False,False,False,False,0.0,148,"['ACWX', 'BND', 'GSG', 'IYR', 'QAI', 'SPY']",BND,2021-09-09
Exploring Alternatives To The U.S. 60/40 Benchmark: Part I,,2021-09-09 18:07:00+00:00,https://www.investing.com/analysis/exploring-alternatives-to-the-us-6040-benchmark-part-i-200601452,Investing.com,0.0,0.0,neutral,0.0,False,False,False,False,False,False,False,False,0.0,60,"['VTI', 'BND']",BND,2021-09-09
Three Must-Have ETFs to Anchor Your Retirement Portfolio,"If you're in or close to retirement, these ETFs can serve as the foundation for your portfolio.",2021-09-16 18:34:06+00:00,https://www.fool.com/investing/2021/09/16/three-must-have-etfs-to-anchor-your-retirement-por/,The Motley Fool,0.0,0.0,neutral,0.0,False,False,False,False,False,False,False,False,0.0,153,"['RSP', 'T', 'XOM', 'SDY', 'BND', 'SPY', 'SJI']",BND,2021-09-16
Exploring Alternatives To The US 60/40 Benchmark: Part II,,2021-09-22 12:04:00+00:00,https://www.investing.com/analysis/exploring-alternatives-to-the-us-6040-benchmark-part-ii-200602717,Investing.com,0.0,0.0,neutral,0.0,False,False,False,False,False,False,False,False,0.0,59,"['VIXM', 'VTI', 'BND']",BND,2021-09-22
"Nancy Davis wants to be the ‘Vanguard of convexity,’ as she rolls out a new low-cost fixed-income ETF","Every week we highlight the most timely exchange-traded fund news, from new launches to inflows and performance.",2021-09-25 18:59:00+00:00,https://www.marketwatch.com/story/nancy-davis-wants-to-be-the-vanguard-of-convexity-as-she-rolls-out-a-new-low-cost-fixed-income-etf-11632413605,MarketWatch,0.2431818181818182,0.3772727272727273,positive,0.2431818181818182,False,False,False,False,True,False,False,False,0.0,215,"['BND', 'IVOL', 'HOOD', 'SCHW', 'COIN', 'MKTX', 'SOFI']",BND,2021-09-25
5 ETFs Most Loved by Investors So Far in 2021,We highlight five ETFs that are the top creators this year and can continue to be investors' darlings for the rest of the year should the current market trends prevail.,2021-10-04 14:24:00+00:00,https://www.zacks.com/stock/news/1804467/5-etfs-most-loved-by-investors-so-far-in-2021,Zacks Investment Research,0.36,0.6399999999999999,positive,0.36,False,False,False,False,False,False,False,False,0.0,215,"['VTI', 'VOO', 'VTV', 'BND', 'BSV']",BND,2021-10-04
Inflation Isn't Transitory,Inflation continues to come in above expectations and continues to run well ahead of the 2% target range.,2021-10-15 10:45:00+00:00,https://seekingalpha.com/article/4459900-inflation-isnt-transitory-cash-is-trash,Seeking Alpha,0.0,0.1,neutral,0.0,False,False,False,False,False,False,False,False,0.0,133,"['AAPL', 'ABBV', 'AROC', 'BBL', 'BHP', 'BMY', 'BND', 'CNQ', 'DBC', 'DIA', 'ENB', 'EPD', 'ET', 'FB', 'GOOG', 'MPW', 'NEM', 'O', 'RDS.A', 'RDS.B', 'RIO', 'SPG', 'SPY', 'TBT', 'TLT', 'TSLA', 'VALE', 'VNQ', 'WMB']",BND,2021-10-15
U.S. Vs. International Markets: More Of The Same,,2021-10-25 04:21:00+00:00,https://www.investing.com/analysis/us-vs-international-markets-more-of-the-same-200606135,Investing.com,0.16666666666666666,0.20833333333333334,positive,0.16666666666666666,False,False,False,False,False,False,False,False,0.0,50,"['VTI', 'VEU', 'BND']",BND,2021-10-25
Weekly Market Pulse: This Again?,"Economic data released last week was positive, but the current environment is one of falling growth. S&P 500 was down 2.2% last week, which qualifies as a correction in a speculative market.",2021-11-29 06:45:00+00:00,https://seekingalpha.com/article/4472240-weekly-market-pulse-this-again,Seeking Alpha,0.045286195286195284,0.2612794612794613,neutral,0.045286195286195284,False,False,False,False,True,False,False,False,0.0,224,"['ACTV', 'AFMC', 'AFSM', 'AMER', 'ARKK', 'AVUV', 'BAPR', 'BAUG', 'BBMC', 'BBSC', 'BFOR', 'BFTR', 'BJUL', 'BJUN', 'BKMC', 'BKSE', 'BMAR', 'BMAY', 'BOCT', 'BOSS', 'BOUT', 'BUFF', 'BUL', 'CALF', 'CATH', 'CBSE', 'CSA', 'CSB', 'CSD', 'CSF', 'CSML', 'CWS', 'CZA', 'DDIV', 'DEEP', 'DES', 'DEUS', 'DFAS', 'DFAT', 'DGRS', 'DIA', 'DIV', 'DJD', 'DMRL', 'DMRM', 'DMRS', 'DON', 'DSPC', 'DVLU', 'DWAS', 'DWMC', 'EES', 'EFIV', 'EPS', 'EQAL', 'ESML', 'ETHO', 'EWMC', 'EWSC', 'EZM', 'FAB', 'FAD', 'FDM', 'FFTY', 'FLQM', 'FLQS', 'FNDA', 'FNK', 'FNX', 'FNY', 'FOVL', 'FRTY', 'FSMD', 'FTA', 'FYC', 'FYT', 'FYX', 'GBGR', 'GLRY', 'GSSC', 'HAIL', 'HIBL', 'HIBS', 'HLGE', 'HOMZ', 'HSMV', 'IJH', 'IJJ', 'IJK', 'IJR', 'IJS', 'IJT', 'IMCB', 'IMCG', 'IMCV', 'IPO', 'ISCB', 'ISCG', 'ISCV', 'ISMD', 'IUSS', 'IVDG', 'IVE', 'IVOG', 'IVOO', 'IVOV', 'IVV', 'IVW', 'IWC', 'IWM', 'IWN', 'IWO', 'IWP', 'IWR', 'IWS', 'IYY', 'JDIV', 'JHMM', 'JHSC', 'JPME', 'JPSE', 'JSMD', 'JSML', 'KAPR', 'KJAN', 'KJUL', 'KNG', 'KOMP', 'KSCD', 'LSAT', 'MDY', 'MDYG', 'MDYV', 'MFMS', 'MGMT', 'MID', 'MIDE', 'MIDF', 'NAPR', 'NIFE', 'NJAN', 'NOBL', 'NUMG', 'NUMV', 'NUSC', 'NVQ', 'OMFS', 'ONEO', 'ONEQ', 'ONEV', 'ONEY', 'OSCV', 'OUSM', 'OVS', 'PAMC', 'PAPR', 'PAUG', 'PBP', 'PBSM', 'PEXL', 'PEY', 'PJAN', 'PJUN', 'PLTL', 'PRFZ', 'PSC', 'PTMC', 'PUTW', 'PWC', 'PY', 'QDIV', 'QMOM', 'QQC', 'QQD', 'QQEW', 'QQQ', 'QQQA', 'QQQE', 'QQQJ', 'QQQM', 'QQQN', 'QQXT', 'QTEC', 'QVAL', 'QVML', 'QVMM', 'QVMS', 'QYLD', 'QYLG', 'REGL', 'RFG', 'RFV', 'RNMC', 'RNSC', 'ROSC', 'RPG', 'RPV', 'RSP', 'RWJ', 'RWK', 'RWL', 'RYJ', 'RYT', 'RZG', 'RZV', 'SCHA', 'SCHM', 'SDS', 'SDVY', 'SFYX', 'SH', 'SIXL', 'SIXS', 'SLY', 'SLYG', 'SLYV', 'SMCP', 'SMDV', 'SMDY', 'SMLE', 'SMLF', 'SMLV', 'SMMD', 'SMMV', 'SNPE', 'SPAK', 'SPAX', 'SPDN', 'SPDV', 'SPGP', 'SPHB', 'SPHD', 'SPHQ', 'SPLG', 'SPLV', 'SPMD', 'SPMO', 'SPMV', 'SPSM', 'SPUS', 'SPUU', 'SPVM', 'SPVU', 'SPXE', 'SPXL', 'SPXN', 'SPXS', 'SPXT', 'SPXU', 'SPXV', 'SPXZ', 'SPY', 'SPYD', 'SPYG', 'SPYV', 'SPYX', 'SQEW', 'SQLV', 'SSLY', 'SSO', 'SSPY', 'STLV', 'SVAL', 'SYLD', 'TMDV', 'TPHD', 'TPLC', 'TPSC', 'TUSA', 'UAUG', 'UJAN', 'UMAR', 'UMAY', 'UOCT', 'UPRO', 'USEQ', 'USLB', 'USMC', 'USMF', 'USVM', 'VB', 'VBK', 'VBR', 'VFLQ', 'VFMF', 'VFMO', 'VFMV', 'VFQY', 'VFVA', 'VIOG', 'VIOO', 'VIOV', 'VO', 'VOE', 'VOO', 'VOOG', 'VOOV', 'VOT', 'VRAI', 'VTWG', 'VTWO', 'VTWV', 'VUSE', 'VXF', 'VXX', 'VXZ', 'WBIY', 'WEBL', 'WEBS', 'WWOW', 'XJH', 'XJR', 'XLG', 'XMHQ', 'XMLV', 'XMMO', 'XMVM', 'XRLV', 'XSHD', 'XSHQ', 'XSLV', 'XSMO', 'XSVM', 'XVV', 'XYLD', 'XYLG', 'YPS', 'FSMO', 'TLT', 'SPTL', 'VGLT', 'TIP', 'VTIP', 'SCHP', 'STIP', 'LTPZ', 'SPIP', 'STPZ', 'TIPZ', 'TIPX', 'TDTT', 'TDTF', 'PBTP', 'UUP', 'USDU', 'UDN', 'ITB', 'XHB', 'NAIL', 'PKB', 'IYR', 'REZ', 'REM', 'RWR', 'VNQ', 'ICF', 'FRI', 'PSR', 'JRE', 'KBWY', 'SCHH', 'ROOF', 'MORT', 'REET', 'FREL', 'SRET', 'EWRE', 'XLRE', 'USRT', 'NURE', 'PPTY', 'SRVR', 'INDS', 'BBRE', 'NETL', 'RDOG', 'IVRA', 'REIT', 'FPRO', 'IG', 'LQD', 'IBD', 'VTC', 'MIG', 'SPIB', 'VCIT', 'CORP', 'SPBO', 'PFIG', 'QLTA', 'LQDH', 'ESCR', 'FCOR', 'SKOR', 'LKOR', 'WFIG', 'GIGB', 'SUSC', 'IGEB', 'SPXB', 'FLCO', 'KORP', 'IIGV', 'IGBH', 'IGIB', 'USIG', 'JIGB', 'DRSK', 'LQDI', 'SCHI', 'VCEB', 'MBBB', 'RBND', 'LQDB', 'JHCB', 'AGG', 'GVI', 'GBF', 'BND', 'BIV', 'OVB', 'PAB', 'SCHZ', 'CMBS', 'SPAB', 'AGGY', 'NUAG', 'BNDC', 'NUBD', 'UITB', 'PBND', 'HTAB', 'FFIU', 'EAGG', 'JAGG', 'FLCB', 'HCRB', 'GCOR', 'AVIG', 'BKAG', 'PIFI', 'FIGB', 'FSEC', 'GTO', 'BOND', 'BYLD', 'IUSB', 'FBND', 'VBND', 'TOTL', 'RFCI', 'FIBR', 'IMTB', 'FIXD', 'HTRB', 'WBND', 'JCPB', 'EUSB', 'ESGB', 'IEI', 'MBB', 'SPTI', 'SPMB', 'VGIT', 'VMBS', 'SCHR', 'GOVT', 'GNMA', 'MBSD', 'JMBS', 'MTGP', 'FLGV', 'IEF', 'TLH', 'PLW', 'EDV', 'ZROZ', 'LGOV', 'SCHQ', 'TFJL', 'TBJL', 'GOVZ', 'TBT', 'TMV', 'SHY', 'TBF', 'TMF', 'PST', 'TTT', 'BIL', 'TYO', 'UBT', 'UST', 'VGSH', 'SHV', 'SCHO', 'TBX', 'GSY', 'TYD', 'EGF', 'GBIL', 'JO', 'DBC', 'GSG', 'DJP', 'GSP', 'GCC', 'RJI', 'BCM', 'BCI', 'BCD', 'COM', 'USCI', 'FTGC', 'COMT', 'PDBC', 'UCIB', 'FAAR', 'COMB', 'SDCI', 'CMDY', 'DJCB', 'JJS', 'CCRV', 'VT', 'IOO', 'TOK', 'SDG', 'ACWI', 'ACWV', 'URTH', 'SPGM', 'QWLD', 'LOWC', 'CRBN', 'ACWF', 'KLDW', 'ASET', 'FIHD', 'FLQG', 'ESGG', 'DWLD', 'VWID', 'GOAT', 'MOTO', 'KOKU', 'JSTC', 'FOMO', 'FORH', 'DIVS', 'GENY', 'GXTG', 'GIGE', 'BUYZ', 'EDUT', 'MRAD', 'INFL', 'TMAT', 'DGT', 'DEW', 'WDIV', 'GCOW', 'FLQD', 'WLDR', 'HERD', 'PFIX', 'WKLY', 'PSP', 'SDIV', 'EPP', 'GMF', 'AIA', 'FPA', 'AAXJ', 'ASEA', 'DVYA', 'EEMA', 'FLAX', 'BBAX', 'HAUZ', 'CUBS', 'ADIV', 'VPL', 'IPAC', 'FNI', 'EFA', 'CWI', 'VEU', 'VEA', 'FDT', 'IFV', 'CIZ', 'CIL', 'OVF', 'SPDW', 'ACWX', 'SCHF', 'DBEF', 'VXUS', 'IDLV', 'EFAV', 'IXUS', 'IEFA', 'HEFA', 'DBAW', 'IPKW', 'JPIN', 'QEFA', 'IQLT', 'RODM', 'INTF', 'ISZE', 'HAWX', 'HFXI', 'IDLB', 'GSIE', 'DEEF', 'RFDI', 'FLQH', 'IGRO', 'ESGD', 'HDMV', 'JHMD', 'IDEV', 'NUDM', 'RNDM', 'PBDM', 'MFDX', 'DWCR', 'RBIN', 'DINT', 'DMRI', 'EFAX', 'DWMF', 'EASG', 'QINT', 'PQIN', 'VSGX', 'PTIN', 'QLVD', 'AVDE', 'WWJD', 'TPIF', 'BBIN', 'IQSI', 'IJAN', 'FDEV', 'BKIE', 'DFAI', 'NTSI', 'DMXF', 'JIDA', 'ISWN', 'LCTD', 'DMCY', 'DSTX', 'YDEC', 'CEFA', 'GSID', 'IAPR', 'IMFL', 'PXUS', 'EFG', 'DNL', 'PIZ', 'JIG', 'IDHQ', 'AADR', 'IDMO', 'IHDG', 'EFAD', 'FPXI', 'IMTM', 'IMOM', 'VIGI', 'IQDG', 'TTAI', 'AIIQ', 'FDNI', 'RESD', 'FICS', 'EFV', 'PID', 'DWM', 'DTH', 'DOL', 'DOO', 'IDV', 'PXF', 'FGD', 'DWX', 'CID', 'FID', 'TLTD', 'IQDF', 'IQDY', 'IQDE', 'FNDF', 'IDOG', 'VIDI', 'IVAL', 'IVLU', 'MOTI', 'HDAW', 'HDEF', 'DDWM', 'VYMI', 'ESGN', 'LVHI', 'IDHD', 'EFAS', 'ICOW', 'UIVM', 'FIDI', 'FIVA', 'ISDX', 'DMDV', 'IQIN', 'RODE', 'SCHY', 'GWX', 'SCZ', 'VSS', 'SCHC', 'ISCF', 'HSCZ', 'IPOS', 'ERSX', 'DLS', 'DIM', 'PDN', 'FDTS', 'FNDC', 'FYLD', 'GVAL', 'DDLS', 'AVDV', 'ISVL', 'EWJ', 'DFJ', 'DXJ', 'SCJ', 'FJP', 'JPN', 'DBJP', 'DXJS', 'HEWJ', 'HJPX', 'JPXN', 'GSJY', 'FLJP', 'FLJH', 'BBJP', 'EWJE', 'EWJV']",BND,2021-11-29
Rebalancing Your Stock Portfolio? Luck Matters.,"However, you might be able to minimize the impact with some careful planning.",2021-12-03 11:45:00+00:00,https://www.fool.com/investing/2021/12/03/rebalancing-your-stock-portfolio-luck-matters/,The Motley Fool,0.2,0.8125,positive,0.2,False,False,False,False,False,False,False,False,0.0,126,"['SPY', 'BND']",BND,2021-12-03
A Wobbly World,"Our equities markets seem to be gradually ebbing. While Treasuries have rallied, this has not been the case for our other credit markets. Volatility has been increasing noticeably.",2021-12-06 05:30:00+00:00,https://seekingalpha.com/article/4473539-wobbly-world,Seeking Alpha,-0.125,0.375,negative,0.125,False,False,False,False,False,False,False,False,0.0,196,"['BABA', 'DIDI', 'CN', 'FXI', 'PGJ', 'EWH', 'EWT', 'GXC', 'FCA', 'KBA', 'CHB', 'CHIQ', 'CHII', 'CQQQ', 'CHIX', 'CHIE', 'CHIM', 'ECNS', 'MCHI', 'CXSE', 'KFYP', 'KWEB', 'ASHR', 'ASHS', 'CNXT', 'AFTY', 'ASHX', 'CNYA', 'KGRN', 'FLHK', 'FLCH', 'FLTW', 'KURE', 'KALL', 'CHNA', 'CHIC', 'CHIK', 'CHIH', 'CHIU', 'CHIS', 'CHIR', 'GLCN', 'KESG', 'KSTR', 'KFVG', 'KEJI', 'RAYC', 'KTEC', 'KBUY', 'ACTV', 'AFMC', 'AFSM', 'AMER', 'ARKK', 'AVUV', 'BAPR', 'BAUG', 'BBMC', 'BBSC', 'BFOR', 'BFTR', 'BJUL', 'BJUN', 'BKMC', 'BKSE', 'BMAR', 'BMAY', 'BOCT', 'BOSS', 'BOUT', 'BUFF', 'BUL', 'CALF', 'CATH', 'CBSE', 'CSA', 'CSB', 'CSD', 'CSF', 'CSML', 'CWS', 'CZA', 'DDIV', 'DEEP', 'DES', 'DEUS', 'DFAS', 'DFAT', 'DGRS', 'DIA', 'DIV', 'DJD', 'DMRL', 'DMRM', 'DMRS', 'DON', 'DSPC', 'DVLU', 'DWAS', 'DWMC', 'EES', 'EFIV', 'EPS', 'EQAL', 'ESML', 'ETHO', 'EWMC', 'EWSC', 'EZM', 'FAB', 'FAD', 'FDM', 'FFTY', 'FLQM', 'FLQS', 'FNDA', 'FNK', 'FNX', 'FNY', 'FOVL', 'FRTY', 'FSMD', 'FTA', 'FYC', 'FYT', 'FYX', 'GBGR', 'GLRY', 'GSSC', 'HAIL', 'HIBL', 'HIBS', 'HLGE', 'HOMZ', 'HSMV', 'IJH', 'IJJ', 'IJK', 'IJR', 'IJS', 'IJT', 'IMCB', 'IMCG', 'IMCV', 'IPO', 'ISCB', 'ISCG', 'ISCV', 'ISMD', 'IUSS', 'IVDG', 'IVE', 'IVOG', 'IVOO', 'IVOV', 'IVV', 'IVW', 'IWC', 'IWM', 'IWN', 'IWO', 'IWP', 'IWR', 'IWS', 'IYY', 'JDIV', 'JHMM', 'JHSC', 'JPME', 'JPSE', 'JSMD', 'JSML', 'KAPR', 'KJAN', 'KJUL', 'KNG', 'KOMP', 'KSCD', 'LSAT', 'MDY', 'MDYG', 'MDYV', 'MFMS', 'MGMT', 'MID', 'MIDE', 'MIDF', 'NAPR', 'NIFE', 'NJAN', 'NOBL', 'NUMG', 'NUMV', 'NUSC', 'NVQ', 'OMFS', 'ONEO', 'ONEQ', 'ONEV', 'ONEY', 'OSCV', 'OUSM', 'OVS', 'PAMC', 'PAPR', 'PAUG', 'PBP', 'PBSM', 'PEXL', 'PEY', 'PJAN', 'PJUN', 'PLTL', 'PRFZ', 'PSC', 'PTMC', 'PUTW', 'PWC', 'PY', 'QDIV', 'QMOM', 'QQC', 'QQD', 'QQEW', 'QQQ', 'QQQA', 'QQQE', 'QQQJ', 'QQQM', 'QQQN', 'QQXT', 'QTEC', 'QVAL', 'QVML', 'QVMM', 'QVMS', 'QYLD', 'QYLG', 'REGL', 'RFG', 'RFV', 'RNMC', 'RNSC', 'ROSC', 'RPG', 'RPV', 'RSP', 'RWJ', 'RWK', 'RWL', 'RYJ', 'RYT', 'RZG', 'RZV', 'SCHA', 'SCHM', 'SDS', 'SDVY', 'SFYX', 'SH', 'SIXL', 'SIXS', 'SLY', 'SLYG', 'SLYV', 'SMCP', 'SMDV', 'SMDY', 'SMLE', 'SMLF', 'SMLV', 'SMMD', 'SMMV', 'SNPE', 'SPAK', 'SPAX', 'SPDN', 'SPDV', 'SPGP', 'SPHB', 'SPHD', 'SPHQ', 'SPLG', 'SPLV', 'SPMD', 'SPMO', 'SPMV', 'SPSM', 'SPUS', 'SPUU', 'SPVM', 'SPVU', 'SPXE', 'SPXL', 'SPXN', 'SPXS', 'SPXT', 'SPXU', 'SPXV', 'SPXZ', 'SPY', 'SPYD', 'SPYG', 'SPYV', 'SPYX', 'SQEW', 'SQLV', 'SSLY', 'SSO', 'SSPY', 'STLV', 'SVAL', 'SYLD', 'TMDV', 'TPHD', 'TPLC', 'TPSC', 'TUSA', 'UAUG', 'UJAN', 'UMAR', 'UMAY', 'UOCT', 'UPRO', 'USEQ', 'USLB', 'USMC', 'USMF', 'USVM', 'VB', 'VBK', 'VBR', 'VFLQ', 'VFMF', 'VFMO', 'VFMV', 'VFQY', 'VFVA', 'VIOG', 'VIOO', 'VIOV', 'VO', 'VOE', 'VOO', 'VOOG', 'VOOV', 'VOT', 'VRAI', 'VTWG', 'VTWO', 'VTWV', 'VUSE', 'VXF', 'VXX', 'VXZ', 'WBIY', 'WEBL', 'WEBS', 'WWOW', 'XJH', 'XJR', 'XLG', 'XMHQ', 'XMLV', 'XMMO', 'XMVM', 'XRLV', 'XSHD', 'XSHQ', 'XSLV', 'XSMO', 'XSVM', 'XVV', 'XYLD', 'XYLG', 'YPS', 'FSMO', 'IEF', 'TLT', 'TLH', 'PLW', 'EDV', 'SPTL', 'ZROZ', 'VGLT', 'LGOV', 'SCHQ', 'TFJL', 'TBJL', 'GOVZ', 'TBT', 'TMV', 'SHY', 'TBF', 'TMF', 'PST', 'TTT', 'IEI', 'BIL', 'TYO', 'UBT', 'UST', 'VGSH', 'SHV', 'VGIT', 'GOVT', 'SCHO', 'TBX', 'SCHR', 'GSY', 'TYD', 'EGF', 'FIBR', 'GBIL', 'IG', 'LQD', 'IBD', 'VTC', 'MIG', 'SPIB', 'VCIT', 'CORP', 'SPBO', 'PFIG', 'QLTA', 'LQDH', 'ESCR', 'FCOR', 'SKOR', 'LKOR', 'WFIG', 'GIGB', 'SUSC', 'IGEB', 'SPXB', 'FLCO', 'KORP', 'IIGV', 'IGBH', 'IGIB', 'USIG', 'JIGB', 'DRSK', 'LQDI', 'SCHI', 'VCEB', 'MBBB', 'RBND', 'LQDB', 'JHCB', 'HYG', 'PHB', 'JNK', 'HYS', 'IHY', 'THY', 'HYLD', 'SPHY', 'SJNK', 'GHYG', 'HYXU', 'ANGL', 'HYLS', 'PGHY', 'SHYG', 'HYGH', 'BSJL', 'BSJM', 'BSJN', 'WFHY', 'FALN', 'HYXF', 'JPHY', 'BSJO', 'HYLB', 'HYLV', 'GHYB', 'HYDB', 'USHY', 'SHYL', 'HYUP', 'HYDW', 'BSJP', 'FDHY', 'HYGV', 'BSJQ', 'PHYL', 'FLHY', 'IBHB', 'IBHD', 'IBHE', 'IBHA', 'IBHC', 'BSJR', 'NUHY', 'PTBD', 'ESHY', 'BSJS', 'HYBB', 'DFHY', 'IBHF', 'IHYF', 'BKHY', 'IBHG', 'HYD', 'HYMB', 'SHYD', 'FMHI', 'HYMU', 'AGG', 'GVI', 'GBF', 'BND', 'BIV', 'OVB', 'PAB', 'SCHZ', 'CMBS', 'SPAB', 'AGGY', 'NUAG', 'BNDC', 'NUBD', 'UITB', 'PBND', 'HTAB', 'FFIU', 'EAGG', 'JAGG', 'FLCB', 'HCRB', 'GCOR', 'AVIG', 'BKAG', 'PIFI', 'FIGB', 'FSEC', 'GTO', 'BOND', 'BYLD', 'IUSB', 'FBND', 'VBND', 'TOTL', 'RFCI', 'IMTB', 'FIXD', 'HTRB', 'WBND', 'JCPB', 'EUSB', 'ESGB', 'MBB', 'SPTI', 'SPMB', 'VMBS', 'GNMA', 'MBSD', 'JMBS', 'MTGP', 'FLGV']",BND,2021-12-06
Burned by the Stock Market? Consider These ETFs Instead,For the investor who believes in safety first.,2021-12-12 12:45:00+00:00,https://www.fool.com/investing/2021/12/12/burned-by-the-stock-market-consider-these-etfs-ins/,The Motley Fool,0.25,0.3333333333333333,positive,0.25,False,False,False,False,False,False,False,False,0.0,103,"['GOVT', 'MUB', 'BND', 'VCLT', 'LQD', 'VCSH', 'BNDX']",BND,2021-12-12
"3 High-Quality, High-Yield, And Inflation-Proof Top Picks For 2022","Interest rates remain near historic lows despite inflation raging at multi-decade highs. Meanwhile, geopolitical and macroeconomic uncertainty remain elevated.",2021-12-29 12:00:00+00:00,https://seekingalpha.com/article/4477144-3-high-quality-high-yield-and-inflation-proof-top-picks-for-2022,Seeking Alpha,0.19999999999999998,0.3,positive,0.19999999999999998,False,False,False,False,False,False,False,False,0.0,227,"['AMLP', 'ARKK', 'BND', 'DIA', 'DIV', 'EPD', 'GDX', 'GDXJ', 'GLD', 'GOLD', 'GOVT', 'NEM', 'NOBL', 'O', 'QQQ', 'SPY', 'VNQ', 'WPC']",BND,2021-12-29
Big pension funds dumped the wrong things last year -- as usual,The smart move a year ago was to find out which assets professional money managers hated the most -- and buy them,2022-01-04 14:12:00+00:00,https://www.marketwatch.com/story/big-pension-funds-dumped-the-wrong-things-last-year-as-usual-11641259625,MarketWatch,-0.10446428571428573,0.4074404761904762,negative,0.10446428571428573,False,True,False,False,False,False,False,False,0.0,178,"['WMT', 'PG', 'VT', 'BNDW', 'BND', 'EEM']",BND,2022-01-04
The good news hidden in the bond market’s 2021 losses,Low correlations mean that bonds zig when stocks zag,2022-01-07 19:20:00+00:00,https://www.marketwatch.com/story/the-good-news-hidden-in-the-bond-markets-2021-losses-11641576769,MarketWatch,0.05520833333333333,0.48020833333333335,neutral,0.05520833333333333,True,False,False,False,False,False,False,False,0.0,107,"['BND', 'VGLT', 'VTI']",BND,2022-01-07
Here are the odds you’ll outlive your money,There's good news and bad news,2022-01-31 16:52:00+00:00,https://www.marketwatch.com/story/here-are-the-odds-youll-outlive-your-money-11643394925,MarketWatch,5.551115123125783e-17,0.6333333333333333,neutral,5.551115123125783e-17,False,False,False,False,False,False,False,False,0.0,75,"['BLV', 'BND']",BND,2022-01-31
Facebook parent's over 25% stock plunge spotlights peril for ETF investors of big single-stock exposures,"Every week we highlight the most timely exchange-traded fund news, from new launches to inflows and performance.",2022-02-05 12:46:00+00:00,https://www.marketwatch.com/story/facebook-parents-25-stock-plunge-spotlights-peril-for-etf-investors-of-big-single-stock-exposures-11643909421,MarketWatch,0.21212121212121213,0.3515151515151515,positive,0.21212121212121213,False,False,False,False,True,False,False,False,0.0,218,"['FB', 'PYPL', 'ARKF', 'ARKK', 'WCLD', 'ARKG', 'ERUS', 'SIVR', 'SLV', 'CNYA', 'KBA', 'ASHR', 'XLC', 'GOOGL', 'GOOG', 'VOX', 'SOCL', 'VZ', 'T', 'GFOF', 'COMP', 'RSX', 'NETZ', 'VOTE', 'XOM', 'BND', 'BNDX']",BND,2022-02-05
Elon Musk Says To Buy 'Physical Things' - What We Are Buying Hand-Over-Fist,Billionaire tech tycoon Elon Musk recently tweeted that it is generally better to own physical things when inflation is high. Read more here.,2022-03-18 21:02:03+00:00,https://seekingalpha.com/article/4496546-elon-musk-says-buy-physical-things-buying-hand-over-fist,Seeking Alpha,0.25142857142857145,0.4393877551020408,positive,0.25142857142857145,False,True,False,False,False,False,False,False,0.0,218,"['AMLP', 'BAM', 'BND', 'BX', 'EPD', 'GDX', 'GOLD', 'KKR', 'PAX', 'SPY', 'TSLA', 'VNQ', 'VST', 'WPC', 'XLU']",BND,2022-03-18
Market Volatility Triggers Reset In Asset Class Correlations,,2022-03-24 19:51:00+00:00,https://www.investing.com/analysis/market-volatility-triggers-reset-in-asset-class-correlations-200620749,Investing.com,0.0,0.0,neutral,0.0,False,False,False,False,False,False,False,False,0.0,62,"['VTI', 'BND', 'VEA', 'VWO']",BND,2022-03-24
Billionaire Investor Ray Dalio Predicts A New World Order: Our Top Pick,"Ray Dalio, head of the world's largest hedge fund, predicts that a new world order is coming. Click here to read more and find out our top pick.",2022-03-28 15:40:58+00:00,https://seekingalpha.com/article/4498143-ray-dalio-predicts-new-world-order-top-pick,Seeking Alpha,0.35454545454545455,0.4818181818181818,positive,0.35454545454545455,False,False,False,False,False,False,False,False,0.0,217,"['IFRA', 'BND', 'SPY', 'VOO', 'KKR', 'CG', 'BX', 'BAM', 'TRMB', 'MTTR', 'AMT', 'T']",BND,2022-03-28
Regular ETFs That Swell in Assets Amid Rising Rate Worries,"Wall Street has been downbeat in recent weeks on rising rate worries. Still, these ETF areas amassed a huge asset base in the past one-month period.",2022-04-18 17:00:00+00:00,https://www.zacks.com/stock/news/1901813/regular-etfs-that-swell-in-assets-amid-rising-rate-worries,Zacks Investment Research,-0.12999999999999998,0.4953846153846154,negative,0.12999999999999998,False,False,False,False,False,False,False,False,0.0,208,"['TLT', 'GLD', 'EEM', 'XLV', 'VTI', 'IEMG', 'BND', 'IVV']",BND,2022-04-18
The Critical Role Of Fixed Income,"Dan Ivascyn, Group CIO, discusses the evolving yield curve and how bonds can help bolster portfolios against negative economic scenarios, like market shocks or a slowdown in growth.",2022-04-22 04:45:00+00:00,https://seekingalpha.com/article/4502869-critical-role-fixed-income,Seeking Alpha,6.938893903907228e-18,0.39999999999999997,neutral,6.938893903907228e-18,False,False,False,False,False,False,False,False,0.2,216,"['AGG', 'GBF', 'BND', 'BIV', 'OVB', 'PAB', 'SCHZ', 'CMBS', 'SPAB', 'AGGY', 'NUAG', 'BNDC', 'NUBD', 'UITB', 'PBND', 'HTAB', 'FFIU', 'EAGG', 'JAGG', 'FLCB', 'HCRB', 'GCOR', 'AVIG', 'BKAG', 'PIFI', 'FIGB', 'FSEC', 'GTO', 'BOND', 'BYLD', 'IUSB', 'FBND', 'VBND', 'TOTL', 'RFCI', 'FIBR', 'IMTB', 'FIXD', 'HTRB', 'WBND', 'JCPB', 'EUSB', 'ESGB', 'IEI', 'MBB', 'SPTI', 'SPMB', 'VGIT', 'VMBS', 'SCHR', 'GOVT', 'GNMA', 'MBSD', 'JMBS', 'MTGP', 'FLGV', 'TLT', 'TLH', 'PLW', 'EDV', 'SPTL', 'ZROZ', 'VGLT', 'LGOV', 'SCHQ', 'TFJL', 'TBJL', 'GOVZ', 'TBT', 'TMV', 'IEF', 'SHY', 'TBF', 'TMF', 'PST', 'TTT', 'BIL', 'TYO', 'UBT', 'UST', 'VGSH', 'SHV', 'SCHO', 'TBX', 'GSY', 'TYD', 'EGF', 'GBIL']",BND,2022-04-22
"Exactly How I'd Invest $5,000 If I Had to Start From Scratch Today","If I had to set up a whole new portfolio for long-term success, this would be my playbook.",2022-04-28 10:36:00+00:00,https://www.fool.com/investing/2022/04/28/exactly-how-id-invest-5000-if-i-had-to-start-from/,The Motley Fool,0.22159090909090912,0.2761363636363636,positive,0.22159090909090912,False,False,False,False,False,False,False,False,0.0,158,"['VOO', 'VYM', 'BND', 'VNQ', 'VUG', 'VTWO']",BND,2022-04-28
"Super Safe Investment With +9% Yield, For Turbulent Times",I-Bonds are currently offering a very attractive yield of nearly 10% beginning in May! Check out the pros and cons of investing in I-Bonds.,2022-05-16 12:10:00+00:00,https://seekingalpha.com/article/4510957-a-super-safe-investment-soon-to-yield-near-10-percent,Seeking Alpha,0.39166666666666666,0.5933333333333333,positive,0.39166666666666666,False,False,False,False,False,False,False,False,0.0,198,"['STIP', 'TIP', 'SHY', 'TLT', 'SHV', 'GOVT', 'IEF', 'BIL', 'IEI', 'VGSH', 'VGIT', 'SCHO', 'SPTL', 'SCHR', 'SPTS', 'VGLT', 'SPTI', 'VUSB', 'TLH', 'SGOV', 'GBIL', 'TBT', 'EDV', 'CLTL', 'TBF', 'TMV', 'PLW', 'ZROZ', 'LQD', 'IBND', 'BND', 'BSV', 'IGLB', 'BWX']",BND,2022-05-16
Sentiment Speaks: Big Bond Rally Is Coming Despite The Fed,The bond market is finally bottoming out over the coming months and should begin a major rally into 2023.,2022-06-02 11:55:00+00:00,https://seekingalpha.com/article/4515693-big-bond-rally-coming-despite-fed,Seeking Alpha,0.020833333333333332,0.5333333333333333,neutral,0.020833333333333332,False,False,False,False,False,False,False,False,0.0,165,"['AGG', 'GVI', 'GBF', 'BND', 'BIV', 'OVB', 'PAB', 'SCHZ', 'CMBS', 'SPAB', 'AGGY', 'NUAG', 'BNDC', 'NUBD', 'UITB', 'PBND', 'HTAB', 'FFIU', 'EAGG', 'JAGG', 'FLCB', 'HCRB', 'GCOR', 'AVIG', 'BKAG', 'PIFI', 'FIGB', 'FSEC', 'GTO', 'BOND', 'BYLD', 'IUSB', 'FBND', 'VBND', 'TOTL', 'RFCI', 'FIBR', 'IMTB', 'FIXD', 'HTRB', 'WBND', 'JCPB', 'EUSB', 'ESGB', 'IEI', 'MBB', 'SPTI', 'SPMB', 'VGIT', 'VMBS', 'SCHR', 'GOVT', 'GNMA', 'MBSD', 'JMBS', 'MTGP', 'FLGV', 'TLT', 'TLH', 'PLW', 'EDV', 'SPTL', 'ZROZ', 'VGLT', 'LGOV', 'SCHQ', 'TFJL', 'TBJL', 'GOVZ', 'TBT', 'TMV', 'IEF', 'SHY', 'TBF', 'TMF', 'PST', 'TTT', 'BIL', 'TYO', 'UBT', 'UST', 'VGSH', 'SHV', 'SCHO', 'TBX', 'GSY', 'TYD', 'EGF', 'GBIL']",BND,2022-06-02
"How I'd Invest $50,000 for Retirement if I Had to Start From Scratch",A diversified portfolio is your best bet to deliver stable long-term returns.,2022-06-02 14:00:00+00:00,https://www.fool.com/investing/2022/06/02/how-id-invest-50000-if-i-start-from-scratch/,The Motley Fool,1.0,0.3,positive,1.0,False,False,False,False,False,False,False,False,0.0,147,"['VTI', 'BND', 'VEU']",BND,2022-06-02
All The Major Asset Classes Lost Ground Last Week,,2022-06-20 11:34:00+00:00,https://www.investing.com/analysis/all-the-major-asset-classes-lost-ground-last-week-200626015,Investing.com,0.03125,0.2833333333333333,neutral,0.03125,False,False,False,False,False,False,False,False,0.0,51,"['BND', 'VTI', 'GCC', 'PICB', 'TIP', 'EMLC']",BND,2022-06-20
1H Headed Toward Worst Start Since 1970: ETF Asset Flow Report,Stocks are on track to the worst start to a first-half since 1970.,2022-06-27 14:00:00+00:00,https://www.zacks.com/stock/news/1944356/1h-headed-toward-worst-start-since-1970-etf-asset-flow-report,Zacks Investment Research,-1.0,1.0,negative,1.0,False,False,False,False,False,False,False,False,0.0,130,"['JNK', 'XLF', 'MUB', 'VTV', 'BND', 'BIL', 'SCHD']",BND,2022-06-27
Taxable Total Return Q2 2022 Review,"As the Treasury curve flattened and yields rose, spreads on investment-grade corporates and taxable municipals continued to show signs of weakness.",2022-07-06 04:50:00+00:00,https://seekingalpha.com/article/4521896-taxable-total-return-q2-2022-review,Seeking Alpha,0.3,0.85,positive,0.3,False,False,False,False,False,False,False,False,0.0,184,"['IG', 'LQD', 'IBD', 'VTC', 'MIG', 'SPIB', 'VCIT', 'CORP', 'SPBO', 'PFIG', 'QLTA', 'LQDH', 'ESCR', 'FCOR', 'SKOR', 'LKOR', 'WFIG', 'GIGB', 'SUSC', 'IGEB', 'SPXB', 'FLCO', 'KORP', 'IIGV', 'IGBH', 'IGIB', 'USIG', 'JIGB', 'DRSK', 'LQDI', 'SCHI', 'VCEB', 'MBBB', 'RBND', 'LQDB', 'JHCB', 'AGG', 'GVI', 'GBF', 'BND', 'BIV', 'OVB', 'PAB', 'SCHZ', 'CMBS', 'SPAB', 'AGGY', 'NUAG', 'BNDC', 'NUBD', 'UITB', 'PBND', 'HTAB', 'FFIU', 'EAGG', 'JAGG', 'FLCB', 'HCRB', 'GCOR', 'AVIG', 'BKAG', 'PIFI', 'FIGB', 'FSEC', 'GTO', 'BOND', 'BYLD', 'IUSB', 'FBND', 'VBND', 'TOTL', 'RFCI', 'FIBR', 'IMTB', 'FIXD', 'HTRB', 'WBND', 'JCPB', 'EUSB', 'ESGB', 'IEI', 'MBB', 'SPTI', 'SPMB', 'VGIT', 'VMBS', 'SCHR', 'GOVT', 'GNMA', 'MBSD', 'JMBS', 'MTGP', 'FLGV', 'BBN', 'NBB', 'GBAB', 'BAB']",BND,2022-07-06
4 ETFs That Are All You Need for Retirement,These four investments are all you need to bankroll your nest egg.,2022-07-11 11:37:00+00:00,https://www.fool.com/investing/2022/07/11/4-etfs-that-are-all-you-need-for-retirement/,The Motley Fool,0.0,0.0,neutral,0.0,False,False,False,False,False,False,False,False,0.0,111,"['VOO', 'IJR', 'BND', 'VNQ']",BND,2022-07-11
This bond ETF has the potential to become the king of fixed income ETFs. Here’s why.,"Fixed-income ETFs set to see continued growth, says top industry watcher.",2022-07-23 18:20:00+00:00,https://www.marketwatch.com/story/this-bond-etf-has-the-potential-to-become-the-king-of-fixed-income-etfs-heres-why-11658436144,MarketWatch,0.19999999999999998,0.5666666666666667,positive,0.19999999999999998,False,False,False,False,False,False,False,False,0.0,159,"['BND', 'AGG']",BND,2022-07-23
Asset Generating ETFs in Last One Year of Inflationary Pressure,"Inflation has been stubborn in the United States for the past year. Still, some ETF areas have garnered massive assets.",2022-08-02 17:00:00+00:00,https://www.zacks.com/stock/news/1962392/asset-generating-etfs-in-last-one-year-of-inflationary-pressure,Zacks Investment Research,-0.08333333333333333,0.4388888888888889,neutral,0.08333333333333333,False,False,False,False,False,False,False,False,0.0,184,"['QQQ', 'VTI', 'VTV', 'BND', 'IVV']",BND,2022-08-02
5 Most-Loved ETFs of Last Week,"Last week, ETFs pulled in a whopping $26.6 billion in capital, pushing year-to-date inflows to $381.1 billion.",2022-08-16 15:30:00+00:00,https://www.zacks.com/stock/news/1968725/5-most-loved-etfs-of-last-week,Zacks Investment Research,0.0,0.06666666666666667,neutral,0.0,False,False,False,False,False,False,False,False,0.0,142,"['QQQ', 'SPY', 'IEF', 'VOO', 'BND']",BND,2022-08-16
"The Zacks Analyst Blog Highlights SPDR S&P 500 ETF Trust, iShares 7-10 Year Treasury Bond ETF, Vanguard Total Bond Market ETF, Invesco QQQ Trust and Vanguard S&P 500 ETF","SPDR S&P 500 ETF Trust, iShares 7-10 Year Treasury Bond ETF, Vanguard Total Bond Market ETF, Invesco QQQ Trust and Vanguard S&P 500 ETF are included in this Analyst Blog.",2022-08-17 10:15:00+00:00,https://www.zacks.com/stock/news/1968941/the-zacks-analyst-blog-highlights-spdr-sp-500-etf-trust-ishares-7-10-year-treasury-bond-etf-vanguard-total-bond-market-etf-invesco-qqq-trust-and-vanguard-sp-500-etf,Zacks Investment Research,0.0,0.75,neutral,0.0,False,False,False,False,False,False,False,False,0.0,341,"['QQQ', 'SPY', 'IEF', 'VOO', 'BND']",BND,2022-08-17
ETF Asset Report of August 2022: Bonds Win,"In the month of August, bond ETFs gained maximum assets.",2022-09-05 12:00:00+00:00,https://www.zacks.com/stock/news/1976342/etf-asset-report-of-august-2022-bonds-win,Zacks Investment Research,0.8,0.4,positive,0.8,False,False,False,False,False,False,False,False,0.0,100,"['TLT', 'GLD', 'XLF', 'IEF', 'VTI', 'SDY', 'VOO', 'BND', 'SPYD', 'IVV', 'VCSH', 'VGIT']",BND,2022-09-05
Don't Be A Fool: Pause Stock Purchases And Load Up On Treasuries,The stocks that get the most positive coverage are very rarely good buys. Click here to read why I think it might be best to hold off from buying anything right now.,2022-09-23 19:29:33+00:00,https://seekingalpha.com/article/4542779-dont-be-a-fool-pause-stock-purchases-and-load-up-on-treasuries,Seeking Alpha,0.5425974025974025,0.49623376623376625,positive,0.5425974025974025,False,True,False,False,False,False,False,False,0.0,231,"['AAPL', 'BIV', 'BND', 'GOOG', 'GOOGL', 'IVV', 'JNJ', 'MSFT', 'OXY', 'PLTR', 'SPY', 'TLT', 'TSLA', 'VOO', 'VUSB', 'T']",BND,2022-09-23
'Big Short' Investor Michael Burry Says This Could Be The Real Reason Yields Are Rising Despite Deflation Talks,"""Big Short"" investor Michael Burry has pointed out in his now-deleted tweet that rising yields across the curve despite a widespread prediction that deflation could be on the cards is likely a function of quantitative tightening.
What Happened: “If everyone is predicting deflation because of all the obvious signs it is coming, and rates are still rising fast across the curve, what does that mean? Must be QT kicking in. September is the first $90B month,” Burry tweeted.

Also Read: Corporate Home Buying Spree Backfires — Is This A ...Full story available on Benzinga.com",2022-09-28 04:17:42+00:00,https://www.benzinga.com/news/22/09/29045610/big-short-investor-michael-burry-says-this-could-be-the-real-reason-why-yields-are-rising-despite-de,Benzinga,0.06145833333333334,0.38506944444444446,neutral,0.06145833333333334,False,True,False,False,False,False,False,False,0.0,688,"['AGG', 'BND']",BND,2022-09-28
The 10-Year Treasury Yield Just Topped 4%: What It Means for You,It's the first time since the 2008 financial crisis that bond yields have been this high.,2022-09-28 14:29:00+00:00,https://www.fool.com/investing/2022/09/28/the-10-year-treasury-yield-just-topped-4-percent/,The Motley Fool,0.1366666666666667,0.2911111111111111,positive,0.1366666666666667,False,False,False,False,False,False,False,False,0.0,155,"['AGG', 'TIP', 'BND', 'TLT']",BND,2022-09-28
What Investors Learned When Everything Went Down at Once,The third quarter extended losses for most financial markets.,2022-09-30 22:14:00+00:00,https://www.fool.com/investing/2022/09/30/what-investors-learned-when-everything-went-down-a/,The Motley Fool,0.08611111111111111,0.19722222222222224,neutral,0.08611111111111111,True,False,False,False,False,False,False,False,0.0,119,"['EFA', 'EEM', 'BND', 'TLT']",BND,2022-09-30
Is The Market Volatile? Ken Griffin's Citadel Reportedly Registered Double Digit Returns Across All 4 Funds,"In a year marked by extreme volatility, all four funds of Ken Griffin’s Citadel have reportedly generated double-digit returns.
What Happened: The company’s flagship Wellington multi-strategy fund recorded a return of 2.5% in September, while registering a year-to-date return of about 29%, reported Bloomberg.
The company’s Global Fixed Income fund rose 1.3% last month, taking this year’s return to about 24%, the report said.
Its Tactical Trading fund rose 2.4% in September, boosted by fundamental long-short and quantitative equity strategies, pushing this year’s gain to 21%, added the report. 
Citadel Equities gained 2.5% in September, while its year-to-date performance reached about 17%, the report said.
See Also: Citadel Moving Headquarters To Miami As Florida Captures 'New Moment In America'
In comparison, a Eurekahedge Pte index that tracks hedge funds globally has ...",2022-10-05 10:23:45+00:00,https://www.benzinga.com/news/22/10/29149262/is-the-market-volatile-ken-griffins-citadel-said-to-register-double-digit-returns-across-all-four-fu,Benzinga,0.14113636363636362,0.42212121212121206,positive,0.14113636363636362,False,False,False,False,False,False,False,False,0.0,994,"['BND', 'SPY']",BND,2022-10-05
ETF Asset Report of Third-Quarter 2022,S&P 500 and total stock market ETFs amassed maximum assets in the third quarter of 2022.,2022-10-05 12:00:00+00:00,https://www.zacks.com/stock/news/1988053/etf-asset-report-of-third-quarter-2022,Zacks Investment Research,0.0,0.375,neutral,0.0,False,False,False,False,False,False,False,False,0.0,128,"['TLT', 'GLD', 'IAU', 'EEM', 'IWM', 'IEF', 'VOO', 'BND', 'IVV', 'GOVT', 'IJS', 'JEPI']",BND,2022-10-05
Jim Cramer Says Data Studied By Fed And Wall Street Doesn't Reflect This Huge Driver Of Inflation,"Jim Cramer on Thursday said that a significant driver of inflation is the consumer’s desire to spend money in the reopening economy and this is something that is not reflected in the data observed by the Federal Reserve and Wall Street, according to CNBC.
“They don’t care about higher rates. They have savings because they did nothing for two years,” Cramer said, according to the CNBC report. “My biggest worry right now is that the aggregate data can’t capture the nature of this … one-time-only euphoria.""
Also Read: Best S&P 500 ETFs
Compared to July, the PCE price index or consumer ...Full story available on Benzinga.com",2022-10-07 15:11:34+00:00,https://www.benzinga.com/government/22/10/29180378/jim-cramer-says-data-studied-by-the-fed-and-wall-street-does-not-reflect-this-huge-driver-of-inflati,Benzinga,0.4517857142857143,0.5851190476190475,positive,0.4517857142857143,False,False,False,False,False,False,False,False,0.0,727,"['BND', 'SPY']",BND,2022-10-07
Fed Made '2 Big Mistakes:' Top Economist Warns 'We Risk A Very High Probability Of A Damaging Recession',"Allianz chief economic adviser and noted economist Mohamed El-Erian has criticized the U.S. Federal Reserve, saying the central bank made ""two big mistakes that may go down in the history books.""
What Happened: “One is mischaracterizing inflation as transitory. By that, they meant it is temporary, it's reversible, don't worry about it. That was mistake number one. And then mistake number two, when they finally recognized that inflation was persistent and high. They didn't act in a meaningful way,” El-Erian told CBS News.
Also Read: How To Buy Bonds
On Recession: The economist explained how the Fed’s actions create the risk of recession. “And as a result, we risk mistake number three, which is by ...Full story available on Benzinga.com",2022-10-10 04:40:25+00:00,https://www.benzinga.com/news/22/10/29197018/mohamed-el-erian-says-fed-has-to-restore-its-credibility-believes-central-bank-made-two-big-mistakes,Benzinga,0.16476767676767679,0.4164444444444445,positive,0.16476767676767679,False,True,False,False,False,False,False,False,0.0,850,"['BND', 'SPY']",BND,2022-10-10
Ray Dalio Says 'Perfect Storm' Forming As Fed Hikes Rates: 'There'll Be Real Pain Of Course',"Billionaire investor Ray Dalio has warned of a ""perfect storm"" that will spread economic pain as the U.S. Federal Reserve hikes interest rates and said government stimulus programs during the COVID-19 pandemic had created a bubble. 
What Happened: ""The Fed and the government together gave enormous amounts of debt and credit and created a ... giant lurch forward and created a bubble. Now they're putting on the brakes. So now we're going to create a giant lurch backward,"" Dalio, who founded the world’s largest hedge fund Bridgewater Associates and recently relinquished control of ...Full story available on Benzinga.com",2022-10-12 01:59:38+00:00,https://www.benzinga.com/news/22/10/29228740/ray-dalio-says-a-perfect-storm-is-forming-as-fed-hikes-rates-were-going-to-create-a-giant-lurch-back,Benzinga,0.3111111111111111,0.6722222222222223,positive,0.3111111111111111,False,False,False,False,False,True,False,False,0.0,718,"['BND', 'SPY', 'JPM']",BND,2022-10-12
"Biden Downplays Recession Risks: 'If It Is, It'll Be A Very Slight' Downturn","President Joe Biden has reportedly said he doesn’t believe there will be a recession in the near future, and even if there is, it is expected to be a “slight” economic dip.
What Happened: Referring to recent economic projections by major U.S. banks, Biden said, “Every six months they say this. Every six months, they look down the next six months and say what’s going to happen,” reported CNBC citing the president's interview with CNN’s Jake Tapper.
“It hadn’t happened yet. It hadn’t... I don’t think there will be a recession. If it is, it’ll be a very slight recession. That is, we’ll move down slightly,” the president said.
See Also: Joe Biden Says ...Full story available on Benzinga.com",2022-10-12 13:20:32+00:00,https://www.benzinga.com/government/22/10/29230041/biden-says-dont-believe-there-will-be-a-recession-if-so-it-will-be-a-very-slight,Benzinga,-0.014351851851851845,0.2546296296296296,neutral,0.014351851851851845,False,False,False,False,False,False,False,False,0.0,773,"['BND', 'SPY', 'JPM']",BND,2022-10-12
Janet Yellen Believes More Work Needed To Rein In Red-Hot Inflation: 'Need To See Sustained Progress',"Treasury Secretary Janet Yellen reportedly said the U.S. has “more work to do” to rein in the worst surge in inflation since the 1980s after consumer prices rose 8.2% in September compared to a year earlier.
On Inflation: “While there have been favorable indicators on easing of supply chain bottlenecks and softening of labor market pressures, we need to see sustained progress,” Yellen said at the beginning of a meeting with European commissioners Valdis Dombrovskis and Paolo Gentiloni in Washington, Bloomberg reported.
Read Also: Best Penny Stocks
This is the seventh straight month the U.S. has ...Full story available on Benzinga.com",2022-10-14 02:39:02+00:00,https://www.benzinga.com/news/22/10/29263315/janet-yellen-says-more-work-needed-to-rein-in-inflation-need-to-see-sustained-progress,Benzinga,0.24444444444444446,0.5055555555555556,positive,0.24444444444444446,False,False,True,False,False,False,False,False,0.0,744,"['BND', 'SPY']",BND,2022-10-14
BlackRock's Rick Rieder Says Thursday's Wild Fluctuations Among 'Craziest Days' Of His Career,"Rick Rieder, chief investment officer for global fixed income at BlackRock Inc (NYSE: BLK), reportedly said Thursday’s wild fluctuations ranked among the “craziest days of my career,” during an interview with MarketWatch’s Christine Idzelis.
“If I can get 4% to 6% in quality assets, I kind of think I would rather stay there for a while,” Rieder said according to the report.
Also Read: Investing For Beginners
The annual U.S. inflation rate eased for the third ...",2022-10-14 10:05:45+00:00,https://www.benzinga.com/news/22/10/29264638/blackrocks-rick-rieder-says-thursdays-wild-fluctuations-ranked-among-the-craziest-days-of-my-career,Benzinga,0.15,0.31666666666666665,positive,0.15,False,False,False,False,False,False,False,False,0.0,561,"['BND', 'SPY', 'BLK']",BND,2022-10-14
Biden's Economic Advisers See Signs 'Fed Actions Are Having Effect' Amid Inflation Woes,"Economic advisers in the Biden administration have reportedly stated the U.S. Federal Reserve’s interest-rate hikes to rein in inflation is beginning to work, while President Joe Biden is doing everything possible to support the central bank.
On Inflation: Cecilia Rouse, chair of Biden’s council of economic advisers, said on CNN’s “State of the Union” on Sunday, “What we can see in the economic data is the Fed is focused on bringing down inflation,” she said according to a Bloomberg report. “And we are starting to see signs that the actions they are taking ...",2022-10-17 08:29:23+00:00,https://www.benzinga.com/government/22/10/29281475/bidens-economic-advisers-see-signs-fed-actions-are-having-effect-amid-inflation-woes,Benzinga,0.08055555555555556,0.3048611111111111,neutral,0.08055555555555556,False,False,False,False,False,False,False,False,0.0,655,"['BND', 'SPY']",BND,2022-10-17
"Cathie Wood Says 'Something Similar' To The 80s' Plaza, Louvre Accords Could Happen: Here's What Unfolded Then","Cathie Wood has said the significant appreciation in the dollar led by the ongoing aggressive policy of the U.S. Fed could lead to a situation similar to the Plaza and Louvre accords signed in the 1980s.
What Happened: The Plaza accord was a 1985 agreement signed between the G-5 nations to manipulate the exchange rates to depreciate the dollar against the Japanese Yen and the German Deutsche Mark. In 1987, the Louvre accord was signed to stabilize the international currency markets following the persistent depreciation of the dollar after the signing of the Plaza accord.
See Also: Investing For Beginners
“The UK’s LDI crisis was the first rip in the global financial fabric caused by the Fed’s unprecedented 13-fold interest rate hike. As a result, the BOE has been forced to part company with the Fed and has resumed buying instead of selling gilts,” Wood tweeted.
She also cited examples of how the Bank of Japan and the ...Full story available on Benzinga.com",2022-10-17 10:50:37+00:00,https://www.benzinga.com/news/22/10/29282252/cathie-wood-believes-something-similar-to-the-plaza-and-louvre-accords-could-be-repeated-heres-what,Benzinga,0.10192307692307694,0.2775641025641026,positive,0.10192307692307694,False,True,False,False,False,False,False,False,0.0,1082,"['BND', 'SPY']",BND,2022-10-17
Minneapolis Fed President Goes Full Hawk Before Policy Decision: 'If We Don't See Progress In Core Inflation...',"Just two weeks before the U.S. Federal Reserve announces its policy decision, Minneapolis Fed President Neel Kashkari has reportedly voiced his hawkish stance, saying pausing the rate hike campaign won’t make sense if inflation is still rising.
The Federal Reserve can’t suspend its campaign of monetary policy tightening once its benchmark interest rate hits 4.5% to 4.75% if “underlying” inflation is still accelerating, Kashkari said according to a Bloomberg report.
Also Read: Best Forex Brokers
Core Inflation: During a panel discussion hosted by the Women Corporate Directors Minnesota Chapter on Tuesday, ...",2022-10-19 08:22:27+00:00,https://www.benzinga.com/news/22/10/29317709/minneapolis-fed-president-goes-full-hawk-before-policy-decision-if-we-dont-see-progress-in-core-infl,Benzinga,0.45,0.2833333333333334,positive,0.45,False,False,False,False,False,False,True,False,0.0,729,"['BND', 'SPY']",BND,2022-10-19
Tesla Bull Ross Gerber Says Market Already Pricing In Recession: 'When Does The Fed Blink?',"Ross Gerber, the co-founder of Gerber Kawasaki Wealth and Investment Management and a prominent Tesla Inc. (NASDAQ: TSLA) bull, believes any change in the U.S. Federal Reserve’s monetary policy will lead to a stock rally.
What Happened: Gerber attributed his belief to the market already pricing in a recession and a 2% decline in earnings. ""However, it is difficult to be bullish in current times because of the Fed’s actions,"" Gerber tweeted.
Also Read: Brokers For Short Selling
“The bottom line is the U.S. economy is still quite strong and the best game in the world. China ...",2022-10-19 11:46:06+00:00,https://www.benzinga.com/news/22/10/29318211/tesla-bull-ross-gerber-says-market-already-pricing-in-recession-when-does-the-fed-blink,Benzinga,0.1476190476190476,0.5904761904761904,positive,0.1476190476190476,True,False,False,False,False,False,True,False,0.0,675,"['BND', 'SPY', 'TSLA']",BND,2022-10-19
Fed Expects Inflation To Moderate — And Has This To Say On Economic Activity,"The U.S. Federal Reserve stated in its Beige Book that it expects price increases to generally moderate, just two weeks before the central bank is scheduled to hold its monetary policy meeting and likely hike interest rates by 75 basis points.
The Federal Reserve pointed out that price growth remained elevated, although some easing was seen across several districts.
Also Read: Best Penny Stocks
“Significant input price increases were reported in a variety of industries, though some declines in commodity, fuel, and freight costs were noted. Growth in selling prices was mixed, with stronger increases reported by some Districts and a moderation seen in others. Some contacts noted solid pricing power over ...",2022-10-20 06:31:36+00:00,https://www.benzinga.com/news/22/10/29335541/fed-expects-inflation-to-moderate-and-has-this-to-say-on-economic-activity,Benzinga,0.1575,0.4374999999999999,positive,0.1575,False,False,False,False,False,False,False,False,0.0,792,"['BND', 'SPY']",BND,2022-10-20
Larry Summers Calls Terminal Rate Crossing 5% 'A Milestone:' What He Says About Potential Of Further Rise,"Former Treasury Secretary Lawrence H. Summers has pointed out that the terminal rate, as reflected by the Fed funds futures, has crossed the 5% mark, and this is a significant milestone. However, most of the possible increase in the current cycle has already taken place, he said.
“The terminal rate, according to Fed funds futures, has just risen above 5[%]. This is a kind of milestone. I think it is more likely than not to rise more. But the increase already of more than 400bps in 18 months is surely most of the increase we will see in this cycle,” Summers tweeted.
Also Read: How To Sell Stock
What It Means: The Fed funds futures are financial contracts based on the federal funds ...",2022-10-21 06:16:45+00:00,https://www.benzinga.com/news/22/10/29354462/larry-summers-calls-terminal-rate-crossing-5-a-milestone-what-he-says-about-potential-of-further-ris,Benzinga,0.23166666666666666,0.5516666666666666,positive,0.23166666666666666,False,False,True,False,False,False,False,False,0.0,799,"['BND', 'SPY']",BND,2022-10-21
Jerome Powell Gets Reminder From Senator Brown Ahead Of Fed Meet: 'Don't Forget Your Responsibility To Promote Maximum Employment',"The Chair of the Senate Committee on Banking, Housing, and Urban Affairs, Sherrod Brown, has sent a letter to Federal Reserve Chair Jerome Powell, reminding him about the central bank’s dual mandate and asking him not to forget his responsibilities to promote maximum employment.
“For working Americans who already feel the crush of inflation, job losses will make it much worse. We can’t risk the livelihoods of millions of Americans who can’t afford it. I ask that you don’t forget your responsibility to promote maximum employment and that the decisions you make at the next FOMC meeting reflect your commitment to the dual mandate,” Brown wrote in the letter.
Also Read: Investing For Beginners
Fed Meet: The Senator’s letter comes a week before the Federal Reserve ...",2022-10-26 01:18:31+00:00,https://www.benzinga.com/government/22/10/29409439/jerome-powell-gets-reminder-from-senator-brown-ahead-of-fed-meet-dont-forget-your-responsibility-to,Benzinga,-0.1,0.2125,neutral,0.1,True,False,False,False,False,False,False,False,0.0,905,"['BND', 'SPY']",BND,2022-10-26
"As Bond Yields And Dollar Fall, Top Economist El-Erian Says Fed May Not Want 'Self-Feeding Loosening Of Financial Conditions'","U.S. bond markets rallied on Wednesday, with the yield on the 10-year benchmark Treasuries falling close to 4%, as expectations regarding a less aggressive Federal Reserve began growing. The greenback, too, lost steam as the dollar index fell below the 110 mark.
However, Allianz chief economic adviser and noted economist Mohamed El-Erian said the Federal Reserve would not be happy with the resulting financial conditions.
Also Read: Investing For Beginners
What Happened: “Government bond yields and the #dollar continue to fall in the run-up to the US market open — both in response to #markets happily embracing the view that the #FederalReserve ...Full story available on Benzinga.com",2022-10-27 06:18:53+00:00,https://www.benzinga.com/analyst-ratings/analyst-color/22/10/29429401/as-bond-yields-and-dollar-fall-top-economist-el-erian-says-fed-may-not-want-self-fe,Benzinga,0.2814814814814815,0.4074074074074074,positive,0.2814814814814815,False,False,False,False,False,False,False,False,0.0,817,"['BND', 'SPY']",BND,2022-10-27
Janet Yellen Says Q3 GDP Data Shows Economic Strength — But Also Signs Of Healthy Slowdown,"U.S. Treasury Secretary Janet Yellen said on Thursday that new GDP data indicates strength in the U.S. economy but also some signs of a healthy slowdown which could have a positive impact on taming high inflation, reported Reuters.
Yellen was speaking to reporters on her trip to Cleveland to tout the Biden administration's economic policies.
Also Read: Best Brokerage And Investment Apps
On Recession: The Treasury Secretary said she still does not expect a recession, but the U.S. government possesses the fiscal capacity to respond to economic weakness, if appropriate, according to the report. The U.S. economy grew 2.6% in the third quarter after witnessing contractions earlier this year.
""This is certainly a full ...",2022-10-28 01:30:57+00:00,https://www.benzinga.com/government/22/10/29451703/janet-yellen-says-q3-gdp-data-shows-economic-strength-but-also-signs-of-healthy-slowdown,Benzinga,0.3056643356643357,0.38384615384615384,positive,0.3056643356643357,False,False,True,False,False,False,False,False,0.0,817,"['BND', 'SPY']",BND,2022-10-28
6 ETFs That Are All You Need for Retirement,These yield-producing stock and bond funds are all down less than the S&P 500 this year.,2022-10-30 11:55:00+00:00,https://www.fool.com/investing/2022/10/30/6-etfs-that-are-all-you-need-for-retirement/,The Motley Fool,-0.16111111111111112,0.17777777777777778,negative,0.16111111111111112,False,False,False,False,False,False,False,False,0.0,133,"['SPYD', 'MSFT', 'TM', 'JNJ', 'UNH', 'VIG', 'MUB', 'HYG', 'BND', 'VYMI', 'SHEL']",BND,2022-10-30
"Fidelity Macro Expert Puzzled With Fed's Extreme Actions: 'Inflation Will Presumably No Longer Be Clear, Present Danger'","Jurrien Timmer, the director of global macro in Fidelity's Global Asset Allocation Division, has raised questions on why the U.S. Federal Reserve is committing to an extreme policy when inflation will no longer pose danger.
What Happened: Timmer pointed out that the Treasury Inflation-Protected Security market and the Federal Reserve’s expected terminal rate were moving in the same direction until April but have been diverging ever since. 
“To me, this shows a relationship that has evolved from linear to non-linear,” he said.
Also Read: HOW TO INVEST IN STOCKS DIRECTLY
The current inflation spike is the most anomalous of the past 20 years, except for the financial crisis in 2008, which produced ...Full story available on Benzinga.com",2022-10-31 08:21:44+00:00,https://www.benzinga.com/analyst-ratings/analyst-color/22/10/29474332/fidelity-macro-expert-puzzled-with-feds-extreme-actions-inflation-will-presumably-n,Benzinga,0.03571428571428571,0.3470238095238095,neutral,0.03571428571428571,False,False,True,False,False,False,True,False,0.0,865,"['BND', 'SPY']",BND,2022-10-31
U.S. Stocks Lead Global Stock Market Rebound In October,,2022-11-01 13:47:00+00:00,https://www.investing.com/analysis/us-stocks-lead-global-stock-market-rebound-in-october-200631798,Investing.com,0.0,0.0,neutral,0.0,False,False,False,False,False,False,False,False,0.0,57,"['VTI', 'GSG', 'SHV', 'VWO', 'VTI', 'BND']",BND,2022-11-01
Larry Summers Says Fed Should Stay On Its Course: Pausing Tightening 'Badly Misguided Advice',"Former Treasury Secretary Lawrence H. Summers has said the growing calls from politicians and economists for the U.S. Federal Reserve to pause its aggressive policy over fears of recession is “badly misguided” advice.
What Happened: “As the Fed prepares to meet, there is a growing chorus — both among political figures and economists — that the Fed should pause very soon for fear they will throw the economy into recession, given the lagged response of monetary policy. I believe this advice is badly misguided,” Summers tweeted.
Also Read: Compare Online Investing Brokers
The Federal Reserve is set to announce its monetary policy outlook on Wednesday. Although market participants have factored in a 75 basis points hike, the consensus is that the central bank will ...",2022-11-02 02:27:20+00:00,https://www.benzinga.com/news/22/11/29514609/larry-summers-says-fed-should-stay-on-its-course-pausing-tightening-badly-misguided-advice,Benzinga,-0.27142857142857135,0.37857142857142856,negative,0.27142857142857135,False,False,True,False,False,False,False,False,0.0,869,"['BND', 'SPY', 'QQQM']",BND,2022-11-02
"Larry Summers Is All Praise For Fed's Powell: 'Framed Issues Right, Pointed Toward Appropriate Policy'","Former Treasury Secretary Lawrence H. Summers has praised Federal Reserve Chair Jerome Powell for his policy stance stating the apex bank head has framed the issues correctly.
I am not sure of the FOMC statement, which the market read as backing off inflation fighting, but I thought @federalreserve Chairman Powell framed the issues right and pointed towards appropriate policy in his press conference today.
— Lawrence H. Summers (@LHSummers) November 3, 2022
“I am not sure of the FOMC statement, which the market read as backing off inflation fighting, but I thought @federalreserve Chairman Powell framed the issues right and pointed towards appropriate policy in his press conference today,” he tweeted.
Also Read: Investing For Beginners
Summers's tweet follows a volatile session ...",2022-11-03 05:56:18+00:00,https://www.benzinga.com/news/22/11/29537911/larry-summers-is-all-praise-for-feds-powell-framed-issues-right-pointed-toward-appropriate-policy,Benzinga,0.20634920634920637,0.5427689594356261,positive,0.20634920634920637,False,False,True,False,False,False,False,False,0.0,895,"['BND', 'SPY']",BND,2022-11-03
Top Economist El-Erian Says Wednesday's Stock Swings Prove Fed's Impact On Volatility: 'I Leave It To You To Judge...',"Allianz chief economic adviser and noted economist Mohamed El-Erian said the stock market’s volatile movement on Wednesday reinforced the Federal Reserve’s reputation as the biggest central bank contributor to market volatility ""during an FOMC day.""
“What stocks have done so far today Reinforces this #Fed’s multi-year reputation as the biggest (central bank) contributor to market volatility during an FOMC day. I leave it to you to judge the balance between the inherent fluidity of the situation and inconsistent communication,” El-Erian tweeted.
Also Read: Compare Online Investing Brokers
Wall ...Full story available on Benzinga.com",2022-11-03 10:57:11+00:00,https://www.benzinga.com/analyst-ratings/analyst-color/22/11/29538058/top-economist-el-erian-says-wednesdays-stock-swings-prove-feds-impact-on-volatility,Benzinga,0.19999999999999998,0.43333333333333335,positive,0.19999999999999998,False,False,False,False,False,False,False,False,0.0,759,"['BND', 'SPY']",BND,2022-11-03
"Top Economist El-Erian Says 'High-Conviction' Calls Over 'Short, Shallow' Recession Reminds Him Of This Behavioral Trap From Last Year","Allianz chief economic adviser and noted economist Mohamed El-Erian has expressed his skepticism on some of the high-conviction calls that state a recession in the U.S. is likely to be short. He noted that it was important to keep an open mind on the possible recession’s characteristics.
“Many 'high-conviction' U.S. recession calls are immediately coupled with the assertion that it'll be 'short and shallow.' Reminds me of the behavioral trap 'transitory inflation' proponents fell into last year,"" El-Erian tweeted. ""Critical to keep an open mind on the possible recession's characteristics.""
Also Read: Investing For Beginners
He had previously ...Full story available on Benzinga.com",2022-11-04 13:47:40+00:00,https://www.benzinga.com/news/22/11/29563504/top-economist-el-erian-says-high-conviction-calls-over-short-shallow-recession-reminds-him-of-this-b,Benzinga,0.06140350877192983,0.5052631578947367,neutral,0.06140350877192983,False,False,False,False,False,False,False,False,0.4,825,"['BND', 'SPY']",BND,2022-11-04
"What The Fed's Latest Report Tells About Risks, Vulnerabilities and Liquidity","The U.S. Federal Reserve has stated in its financial stability report that economic, financial, and geopolitical risks have risen across market economies contributing to asset price declines and periods of significant market volatility.
These developments and future shocks have the potential to be amplified by vulnerabilities associated with asset valuations, borrowing by households and businesses, financial-sector leverage, and funding risks, it said.
Also Read: Investing For Beginners
“Higher interest rates and a weaker outlook for the economy led prices of financial assets to fall amid heightened volatility, but real estate prices remained elevated. Measures of equity prices relative to expected earnings declined. Risk premiums in equity and corporate bond markets were near the middle of their historical distributions,” the report ...",2022-11-07 11:02:02+00:00,https://www.benzinga.com/news/22/11/29585971/what-the-feds-latest-report-tells-about-risks-vulnerabilities-and-liquidity,Benzinga,0.0953125,0.29375000000000007,neutral,0.0953125,True,False,True,False,False,False,False,False,0.0,928,"['BND', 'SPY']",BND,2022-11-07
AI Indicator Of Firm Famous For Tesla Bet Flashes 'Cautious' Sign For US Stock Market This Week,"Qraft Technologies’ AI Risk Indicator has pointed to a risk level of 22 for the week of Nov. 7, in the ""cautious"" range, an increase from the risk level of 13 recorded the prior week. This indicates that the model anticipates relatively stable potential equity market returns.
What Happened: Qraft’s AI model forecasts median risk in the near term in the equities market relative to historic levels, the company explained in a report. Over the past 20 years, when risk has been in this range, U.S. large-cap equities had an annualized volatility of 23.28%, it ...Full story available on Benzinga.com",2022-11-08 10:43:57+00:00,https://www.benzinga.com/analyst-ratings/analyst-color/22/11/29607822/ai-indicator-of-firm-famous-for-tesla-bet-flashes-cautious-sign-for-us-stock-market,Benzinga,0.05500000000000001,0.345,neutral,0.05500000000000001,False,False,False,False,False,False,False,False,0.0,696,"['BND', 'SPY', 'TSLA', 'AMOM', 'QRFT']",BND,2022-11-08
Top Economist El-Erian Says 'Only Part Of Drama Has Come To Light So Far' In 'Incredible' FTX Saga,"Allianz chief economic adviser and noted economist Mohamed El-Erian believes the whole FTX saga is incredible and that only part of it has come to light so far.
“This whole story is already incredible — and I suspect only part of the drama has come to light so far. Will definitely be the topic of someone’s book. The broader questions relate to the scope for contagion and regulatory implications,” he tweeted.
This whole story is already incredible — and I suspect only part of the drama has come to light so far. Will definitely be the topic of someone’s book
The broader questions relate to the scope for contagion and regulatory implications.
. pic.twitter.com/u738ox1LKS
— Mohamed A. El-Erian (@elerianm) November 9, 2022
Also Read: Brokers For Short Selling
Crypto giant Binance signed a non-binding agreement on Tuesday to buy FTX's non-U.S. unit to help ...Full story available on Benzinga.com",2022-11-09 12:45:05+00:00,https://www.benzinga.com/analyst-ratings/analyst-color/22/11/29629601/top-economist-el-erian-says-only-part-of-drama-has-come-to-light-so-far-in-incredib,Benzinga,0.2807692307692308,0.7307692307692307,positive,0.2807692307692308,False,True,True,False,False,False,False,False,0.0,1002,"['BND', 'SPY']",BND,2022-11-09
'Fed Not Waiting Around For Things To Settle On Their Own:' Barkin Believes Worst Of Inflation Surge Over,"Richmond Fed President Thomas Barkin believes the worst of the inflation surge may have passed but noted the central bank’s fight to rein in inflation ""may lead to a downturn"" as the interest rate hikes are ""challenged"" by still-high consumer savings, still-tight labor markets and ongoing supply problems, reported Reuters.
Barkin said his personal hypothesis is that they are on the back end and not on the front end. ""Commodity prices seem to be cooling, supply chains seem to be easing up, excess spending is being spent down and the Fed is raising rates and doing what we ...",2022-11-10 06:39:46+00:00,https://www.benzinga.com/news/22/11/29651189/fed-not-waiting-around-for-things-to-settle-on-their-own-barkin-believes-worst-of-inflation-surge-ov,Benzinga,-0.20694444444444446,0.4923611111111111,negative,0.20694444444444446,False,False,False,False,False,False,False,False,0.0,687,"['BND', 'SPY']",BND,2022-11-10
Cramer Sees Growth Stocks Taking Another Beating If Inflation Gets Hotter: 'You're Going To See More Horror',"Prominent market commentator Jim Cramer has said growth stocks could witness another beating if the October consumer price index reading indicates inflation is still running rampant, reported CNBC.
“If we get a steaming hot CPI reading, you’re going to see more horror on your screen, so that’s why people sold ahead of it,” Cramer said according to the report.
Also Read: Investing For Beginners
Investors and traders are keenly awaiting the inflation data release on Thursday that will be a key gauge for the Federal Reserve in affirming its near-term rate hike path. The SPDR S&P ...Full story available on Benzinga.com",2022-11-10 13:11:09+00:00,https://www.benzinga.com/analyst-ratings/analyst-color/22/11/29651752/cramer-sees-growth-stocks-taking-another-beating-if-inflation-gets-hotter-youre-goi,Benzinga,0.35833333333333334,0.7083333333333334,positive,0.35833333333333334,False,False,False,False,True,False,False,False,0.0,732,"['BND', 'SPY', 'AAPL', 'AMZN', 'GOOG', 'NFLX', 'GOOGL', 'META']",BND,2022-11-10
Paul Krugman Thinks 'Soft Landing Is Looking Increasingly Plausible' After Inflation Cools Down,"Nobel laureate and noted economist Paul Krugman has expressed optimism over the latest inflation report, saying that a soft landing looks increasingly plausible.
“A good inflation report — core inflation for October only 3.6% annualized. Monthly data are volatile; still 6% over the past 3 months. But shelter accounts for more than half of that — and it's a lagging indicator,” Krugman tweeted.
Also Read: Investing For Beginners
A soft landing is looking increasingly plausible. 3/
— Paul Krugman (@paulkrugman) November 10, 2022
Numbers Speak: The headline consumer price inflation for October ...Full story available on Benzinga.com",2022-11-11 01:29:02+00:00,https://www.benzinga.com/analyst-ratings/analyst-color/22/11/29674430/paul-krugman-thinks-soft-landing-is-looking-increasingly-plausible-after-inflation-,Benzinga,0.23769841269841271,0.47539682539682543,positive,0.23769841269841271,False,False,False,False,False,False,False,False,0.0,733,"['BND', 'SPY']",BND,2022-11-11
Carl Icahn Remains Bearish Despite Thursday's Market Rally: 'Can't Wave Magic Wand To Get Inflation Over With',"Legendary investor Carl Icahn said Thursday’s Wall Street rally did not change his negative view on the market, and he believes a recession is still lurking on the horizon, according to a CNBC report.
“We keep our portfolio hedged. I am still very, quite bearish on what is going to happen. A rally like this is of course very dramatic, to say the least... but I still think we are in a bear market,” Icahn said.
Also Read: Best Brokerage And Investment Apps
The headline consumer price inflation for October came in at ...Full story available on Benzinga.com",2022-11-11 13:11:28+00:00,https://www.benzinga.com/analyst-ratings/analyst-color/22/11/29676590/carl-icahn-remains-bearish-despite-thursdays-market-rally-cant-wave-magic-wand-to-g,Benzinga,0.24208333333333332,0.5725,positive,0.24208333333333332,False,False,False,False,False,False,False,False,0.0,671,"['BND', 'SPY']",BND,2022-11-11
"Fed's Waller Says Rate Hikes Haven't 'Broken Anything' So Far — But SPY, BND Tell A Different Story","Federal Reserve Governor Christopher Waller is convinced the U.S. central bank is on the right path because its rate increases, so far, have not ""broken anything.""
""For all the talk of crashing the economy and breaking the financial markets. It hasn't done that,"" Waller said at an economic conference organized by UBS in Australia, according to a report by Reuters.
Also Read: Compare Online Investing Brokers
Stocks and bonds, however, have taken a hit this year due to those moves. The SPDR S&P 500 ETF Trust (NYSE: SPY) is down over 16% so far this year, ...",2022-11-14 02:33:13+00:00,https://www.benzinga.com/news/22/11/29693105/feds-waller-says-rate-hikes-havent-broken-anything-so-far-but-spy-bnd-tell-a-different-story,Benzinga,0.025429894179894177,0.5041335978835979,neutral,0.025429894179894177,False,False,False,False,False,False,False,False,0.2,663,"['BND', 'SPY', 'QQQM']",BND,2022-11-14
Why IMF Wants Policymakers To Focus On Containing Inflation Despite Growing Signs Of Global Slowdown,"The International Monetary Fund believes that despite growing evidence of a global slowdown, policymakers should continue to prioritize containing inflation, which is contributing to a cost-of-living crisis, hurting low-income and vulnerable groups the most.
Continued fiscal and monetary tightening is likely needed in many countries to bring down inflation and address debt vulnerabilities—and we do expect further tightening in many G20 economies in the months ahead, it said.
“Nonetheless, these actions will continue to weigh on economic activity, especially in interest-sensitive sectors such as housing,” the IMF said in its report.
Also Read: Investing ...",2022-11-14 07:31:28+00:00,https://www.benzinga.com/news/22/11/29693875/why-imf-wants-policymakers-to-focus-on-containing-inflation-despite-growing-signs-of-global-slowdown,Benzinga,0.08888888888888888,0.3992063492063492,neutral,0.08888888888888888,False,False,True,False,False,True,False,False,0.0,766,"['BND', 'SPY']",BND,2022-11-14
"Recession Is 'Price We Pay' For Misreading Inflationary Pressures, Says Singapore Senior Minister","Singapore’s Senior Minister Tharman Shanmugaratnam said on Tuesday that recession is the “price we pay” for misreading inflationary pressures and the ongoing spell of weakness in the global economy was due to central banks worldwide over-betting “on the wrong side” of inflation.
The minister made the statement at the Bloomberg New Economy Forum in Singapore and comes in the backdrop of central banks aggressively hiking policy rates to tackle inflation.
Also Read: Best Forex Brokers
The headline CPI in the U.S. for October came in at 7.7% versus 8.2% ...",2022-11-15 06:33:01+00:00,https://www.benzinga.com/government/22/11/29720057/recession-is-price-we-pay-for-misreading-inflationary-pressures-says-singapore-senior-minister,Benzinga,0.07305194805194805,0.36136363636363633,neutral,0.07305194805194805,False,False,False,False,False,False,False,False,0.0,658,"['BND', 'SPY']",BND,2022-11-15
"Larry Summers Considers Debt Limit 'Much More Serious Risk' Amid Rising Interest Rates, Divided Congress","Former Treasury Secretary Lawrence H. Summers believes the debt limit terror is a very serious threat in the backdrop of the current political scenario.
“Debt limit terror is a much more serious risk in the context of rising interest rates, Treasury market illiquidity and increased foreign holdings of U.S. securities,” Summers said.
Debt limit terror is a much more serious risk in the context of rising interest rates, Treasury market illiquidity and increased foreign holdings of U.S. securities.https://t.co/0Dx3wibUT2 @politico @morningmoneyben
— Lawrence H. Summers (@LHSummers) November 16, 2022
Also Read: Investing For Beginners
Summers cited a Politico article that said Biden administration officials are increasingly pessimistic about averting an ...Full story available on Benzinga.com",2022-11-17 01:41:51+00:00,https://www.benzinga.com/analyst-ratings/analyst-color/22/11/29759474/larry-summers-considers-debt-limit-much-more-serious-risk-amid-rising-interest-rate,Benzinga,0.01666666666666667,0.42435897435897435,neutral,0.01666666666666667,False,False,True,False,False,True,False,False,0.0,905,"['BND', 'SPY']",BND,2022-11-17
"Larry Summers Backs Fed Moves, Urges Caution In US Diplomacy: 'Not For Us To Tell China How They Should Organize Their Society'","Former Treasury Secretary Lawrence H. Summers believes the U.S. Federal Reserve is on the right path in its fight against inflation. 
What Happened: Summers, in an interaction with Bloomberg TV, said if the central bank had not been excessively optimistic about inflation, they would have had a little more room to rely on forecasts that have not yet proved inflation is going to cool.
“I think the Fed has this in the right place, when it says that they are going to move up somewhat more, and they are going to take stock of the situation and see what the inflation data is saying, and seeing what the inflation forecasts are saying when we get to ... winter, rather spring of next ...",2022-11-21 02:05:51+00:00,https://www.benzinga.com/news/22/11/29798588/larry-summers-backs-fed-moves-urges-caution-in-us-diplomacy-not-for-us-to-tell-china-how-they-should,Benzinga,0.14839285714285713,0.4471428571428572,positive,0.14839285714285713,False,False,True,False,False,False,False,False,0.0,816,"['BND', 'SPY']",BND,2022-11-21
"Watch Out, Traders! Dollar Index Breaches Key Level As Greenback Firms On China COVID-19 Worries, Hawkish Fed","The U.S. dollar commenced the week on a strong note, with the dollar index rising 0.53% to 107.49, boosted by defensive buying as investors weighed in on a spike in COVID-19 cases in China. The dollar index measures the strength of the greenback against a basket of currencies.
On Monday, the index breached a key resistance level of 107.24 as Beijing reported two COVID-19 deaths for Nov. 20 and the city's most populous district asked residents to stay at home, extending a call from the weekend.
Also Read: Best Online Stock Broker ...",2022-11-21 07:55:00+00:00,https://www.benzinga.com/news/22/11/29799420/watch-out-traders-dollar-index-breaches-key-level-as-greenback-firms-on-china-covid-19-worries-hawki,Benzinga,0.38666666666666666,0.7066666666666667,positive,0.38666666666666666,False,True,False,False,False,False,False,False,0.0,649,"['BND', 'SPY']",BND,2022-11-21
Cramer Analyzes Legendary Trader Larry Williams's S&P 500 Forecast: 'Santa Claus Rally Coming To Town Next Month',"Prominent market commentator Jim Cramer said on Monday that stocks in the benchmark S&P 500 are likely to rally next month.
“The charts, as interpreted by the legendary Larry Williams, suggest that the Santa Claus rally is coming to town next month and you’ve got to get ready for it, or else you may be left behind,” Cramer said, according to a CNBC report.
Also Read: Investing For Beginners
The expert highlighted Williams’ comments earlier when he said that stocks could rally through the end of 2022. “Since then we’ve had a very nice run, so as we get closer to the holidays, we’ve ...Full story available on Benzinga.com",2022-11-22 02:02:16+00:00,https://www.benzinga.com/analyst-ratings/analyst-color/22/11/29815654/cramer-analyzes-legendary-trader-larry-williamss-s-p-500-forecast-santa-claus-rally,Benzinga,0.2676923076923077,0.5461538461538462,positive,0.2676923076923077,False,False,False,False,False,False,False,False,0.0,742,"['BND', 'SPY']",BND,2022-11-22
Larry Summers Says We're In An Environment Of 2-Sided Risk: 'Forecasters Should Have Humility',"Former Treasury Secretary Lawrence H. Summers has said the markets are uncertain about what the U.S. Federal Reserve will do in the current economic environment which is witnessing a two-sided risk.
Markets are saying, given all the uncertainties, they are very uncertain what the @federalreserve will do. Forecasters should have humility and the @federalreserve should make clear its flexibility. We are very much in an environment of two sided risk.
— Lawrence H. Summers (@LHSummers) November 21, 2022
“Markets are saying, given all the uncertainties, they are very uncertain what the @federalreserve
will do. Forecasters should have humility and the @federalreserve should make clear its flexibility. We ...Full story available on Benzinga.com",2022-11-22 06:00:45+00:00,https://www.benzinga.com/analyst-ratings/analyst-color/22/11/29816250/larry-summers-says-were-in-an-environment-of-2-sided-risk-forecasters-should-have-h,Benzinga,0.1622222222222222,0.2918518518518518,positive,0.1622222222222222,False,False,True,False,False,False,False,False,0.0,843,"['BND', 'SPY']",BND,2022-11-22
"Fed Officials Warn Of Expensive Holiday Season: 'If You Decide To Host Family And Friends, Expect Significantly Higher Grocery Bill'","The Federal Reserve is set to release its FOMC minutes on Wednesday which could give some indication about future rate hike paths. However, as America moves closer to Christmas, the central bank has expressed skepticism on how inflation can play spoilsport this year.
Charles Gascon, senior economist at the Federal Reserve Bank of St. Louis, along with research associate Cassandra Marks have stated that although the average holiday gift inflation is expected to be less than the overall CPI inflation, this holiday season could still be much more expensive when viewed beyond the prices of gifts.
“If you decide to host family and friends at home this season, you can expect a significantly higher grocery bill than last year's, because food at home is 13.3% more expensive. Cookies and candy ...Full story available on Benzinga.com",2022-11-23 02:05:54+00:00,https://www.benzinga.com/analyst-ratings/analyst-color/22/11/29834155/fed-officials-warn-of-expensive-holiday-season-if-you-decide-to-host-family-and-fri,Benzinga,-0.0011111111111111072,0.38722222222222225,neutral,0.0011111111111111072,False,False,False,False,True,False,False,False,0.0,969,"['BND', 'SPY']",BND,2022-11-23
Peter Schiff Points To Disney World Wrist Bands: 'Many Price Increases Never Make It' Into Official Inflation,"Peter Schiff, chief economist and global strategist at Euro Pacific Capital, has highlighted the effects of inflation using an ‘entertaining’ example. Schiff said in a tweet that many price hikes never make it to the consumer price index and highlighted the example of Walt Disney Co’s (NYSE: DIS) Disney park fee and its wrist bands to explain his take.
Also Read: Brokers For Short Selling
“Many price increases never make it into the #CPI. In addition to a double digit annual increase in admission to Disney World, the park now charges $20 dollars for park wrist bands that were provided free of charge last year. That's an extra $80 for ...Full story available on Benzinga.com",2022-11-28 03:23:21+00:00,https://www.benzinga.com/news/22/11/29865747/peter-schiff-points-to-disney-world-wrist-bands-many-price-increases-never-make-it-into-official-inf,Benzinga,0.2545454545454545,0.3515151515151515,positive,0.2545454545454545,False,False,False,False,False,False,False,False,0.0,792,"['BND', 'SPY', 'DIS']",BND,2022-11-28
"Jerome Powell To Deliver Speech On Wednesday: Here's What He May Say On Interest-Rate Hikes, Inflation","Federal Reserve Chair Jerome Powell is scheduled to deliver a speech at an event on Wednesday hosted by the Brookings Institution in Washington, which is nominally focused on the labor market.
What Happened: Powell is, however, expected to cement expectations that the central bank will slow its pace of interest-rate hikes next month, while asserting that its fight against inflation will run into 2023, according to Bloomberg.
See Also: Investing For Beginners
Market participants now anticipate that the Federal Reserve will now shift towards a 50-basis point hike in its next ...Full story available on Benzinga.com",2022-11-28 13:14:49+00:00,https://www.benzinga.com/news/22/11/29866146/jerome-powell-to-deliver-speech-on-wednesday-heres-what-he-may-say-on-interest-rate-hikes-inflation,Benzinga,0.0,0.2416666666666667,neutral,0.0,False,False,False,False,False,False,False,False,0.0,723,"['BND', 'SPY']",BND,2022-11-28
Top Economist El-Erian Urges Caution Over 'Short And Shallow' Recession Consensus Call: Plan For 'Range Of Possible Outcomes',"Allianz chief economic adviser and noted economist Mohamed El-Erian believes it is important to keep an open mind on the probability of a recession in the U.S. as well as its characteristics if it materializes.
El-Erian cited his opinion piece in the Financial Times, where he expressed his worries over a repeat of the analytical and behavioral traps featured in last year’s ill-fated inflation call.
Also Read: Investing For Beginners
The economist pointed out that consensus forecasters are still predicting a “short and shallow” recession despite the chastening received after they projected that the inflation will be transitory.
El-Erian said analytical and behavioral factors indicate ""we should be cautious about ...Full story available on Benzinga.com",2022-11-29 02:24:13+00:00,https://www.benzinga.com/analyst-ratings/analyst-color/22/11/29881074/top-economist-el-erian-urges-caution-over-short-and-shallow-recession-consensus-cal,Benzinga,0.06944444444444446,0.4388888888888889,neutral,0.06944444444444446,False,False,False,False,False,False,False,False,0.2,887,"['BND', 'SPY']",BND,2022-11-29
Fed's Bullard Says Central Bank Needs To Hike Rates Quite A Bit: 'Sooner Is Better',"St. Louis Federal Reserve President James Bullard said on Monday the central bank needs to hike interest rates quite a bit going further and hold them there throughout 2023 and into the year after to rein in inflation and bring it back towards the 2% goal, according to an interview with Market Watch.
Bullard observed that it seems markets are underestimating the degree to which the central bank will need to keep policy tight in order to rein in inflation. The official also pointed out there is some expectation that inflation might dip on its own.
Also Read: Best Brokerage And Investment Apps
Interestingly, Bullard’s comments come just before Federal Reserve ...",2022-11-29 03:39:35+00:00,https://www.benzinga.com/news/22/11/29881280/feds-bullard-says-central-bank-needs-to-hike-rates-quite-a-bit-sooner-is-better,Benzinga,0.24214285714285713,0.38357142857142856,positive,0.24214285714285713,False,False,False,False,False,False,False,False,0.0,754,"['BND', 'SPY']",BND,2022-11-29
Jim Cramer Says Strong Labor Report Could Prompt Fed Heads To Start Talking About Enormous Rate Hikes,"Prominent market commentator Jim Cramer said on Monday that a strong labor report could lead the Federal Reserve to start talking about enormous rate hikes, according to CNBC.
“We need to see the unemployment rate go higher, while wages remain stable and we get meaningful lay-offs in some industries. If that doesn’t happen, if the numbers are truly strong, then the Fed heads will come out of the woodwork and start talking about how we need more enormous rate hikes,” he said according to the report.
Also Read: Full story available on Benzinga.com",2022-11-29 05:32:57+00:00,https://www.benzinga.com/analyst-ratings/analyst-color/22/11/29881529/jim-cramer-says-strong-labor-report-could-prompt-fed-heads-to-start-talking-about-e,Benzinga,0.31666666666666665,0.6958333333333333,positive,0.31666666666666665,False,False,False,False,False,False,False,False,0.0,654,"['BND', 'SPY']",BND,2022-11-29
Cramer Spotlights Boroden's Analysis Of S&P 500 Chart: 'She Sees This As A Make-Or-Break Moment',"Prominent market commentator Jim Cramer has analyzed a chart by Carolyn Boroden to highlight that the S&P 500 is at a critical moment from where it could move higher or cut its upward trajectory short, according to CNBC.
“The charts, as interpreted by Carolyn Boroden, suggest the S&P 500 could be due for some near-term turbulence if it can’t break out above last week’s highs,” Cramer said, according to the report.
Also Read: Investing For Beginners
Cramer used a daily chart of the index to explain Boroden’s analysis. He noted that the ...Full story available on Benzinga.com",2022-11-30 01:35:36+00:00,https://www.benzinga.com/analyst-ratings/analyst-color/22/11/29899246/cramer-spotlights-borodens-analysis-of-s-p-500-chart-she-sees-this-as-a-make-or-bre,Benzinga,0.11388888888888887,0.3935185185185185,positive,0.11388888888888887,False,False,False,False,False,False,False,False,0.2,678,"['BND', 'SPY']",BND,2022-11-30
Michael 'Big Short' Burry Questions What Strategy Will Pull Americans Out Of Recession: '...There Are None',"""The Big Short"" fame investor Michael Burry has voiced his concerns over a potential recession asking what strategies will pull people out of a recession. The legendary investor, in his cryptic tweet, also hinted at the possibility of a “multi-year recession,” a possibility not considered by many in the current times.
“What strategy will pull us out of this real recession? What forces would pull us so? There are none. So we are really looking at an extended multi-year recession. Who is predicting this? There are none,” he tweeted.
Also Read: Where to Get ...",2022-11-30 05:27:08+00:00,https://www.benzinga.com/government/22/11/29899733/michael-big-short-burry-questions-what-strategy-will-pull-americans-out-of-recession-there-are-none,Benzinga,0.19,0.42000000000000004,positive,0.19,False,False,False,False,False,False,False,False,0.0,673,"['BND', 'SPY']",BND,2022-11-30
El-Erian Says Market Reaction To Powell's Remarks Shows Fed's Communication Challenge: 'The More The Chair Tilts His Remarks Dovish...',"Allianz chief economic adviser and noted economist Mohamed El-Erian has expressed concern over the market’s reaction to Federal Reserve Chair Jerome Powell’s speech on Wednesday where he said the central bank may slow the pace of rate hikes as soon as December while observing there is a long way to go in taming inflation.
El-Erian said the market’s reactions highlight the communication challenges that the central bank faces. “The more the Chair tilts his remarks dovish, the greater the loosening of financial conditions and, potentially, the bigger the risk to meeting the inflation objective,” El-Erian ...Full story available on Benzinga.com",2022-12-01 02:06:45+00:00,https://www.benzinga.com/analyst-ratings/analyst-color/22/11/29916969/el-erian-says-market-reaction-to-powells-remarks-shows-feds-communication-challenge,Benzinga,0.1346153846153846,0.38461538461538464,positive,0.1346153846153846,False,False,False,False,False,False,False,False,0.0,785,"['BND', 'SPY']",BND,2022-12-01
Larry Summers Says Hard To See Wage Inflation 'Substantially' Subsiding With Huge Labor Supply-Demand Imbalance,"Former Treasury Secretary Lawrence H. Summers believes Wednesday’s JOLTS report shows the labor market is cooling very slowly and will likely continue to be extraordinarily tight for some months to come.
“Job openings declined by only 350K last month, meaning we would need 9 more months at this rate just to get back to 2019 levels,” he said.
Also Read: Best Penny Stocks
The data showed that U.S. job openings fell to 10.334 million in October, below average economist estimates of 10.5 million. “Overall there are still 1.7 job openings per unemployed today compared to 1.2 in 2019 and a historical average of 0.7. It is hard to see how wage inflation can substantially subside with such an imbalance between labor supply and demand,” Summers tweeted.
Overall there are still 1.7 job openings per unemployed today compared to 1.2 in 2019 and a historical ...",2022-12-01 04:19:59+00:00,https://www.benzinga.com/government/22/11/29917308/larry-summers-says-hard-to-see-wage-inflation-substantially-subsiding-with-huge-labor-supply-demand,Benzinga,0.023583959899749377,0.3660902255639098,neutral,0.023583959899749377,False,False,True,False,False,False,False,False,0.0,974,"['BND', 'SPY']",BND,2022-12-01
El-Erian Scripts Fictional Chat Between Fed's Powell And Markets: 'I Expected You To Hear The Entirety Of My Remarks...',"Allianz chief economic adviser and noted economist Mohamed El-Erian has been expressing his concerns over the market’s reaction to Federal Reserve Chair Jerome Powell’s speech. Extending his reservations on the same, El-Erian has come out with a hypothetical conversation between Powell and the markets in his opinion piece on Bloomberg.
In the conversation, Powell asks markets if they listened to “ALL” that he said on Wednesday at the Brookings Institution. To this, the markets respond by saying they heard one thing more than anything else.
“You are definitely going to slow the pace of interest rate hikes starting as early as this month! You were totally unambiguous in stating that “the time for moderating the pace of rate increases may come as soon as the December ...Full story available on Benzinga.com",2022-12-02 01:54:56+00:00,https://www.benzinga.com/analyst-ratings/analyst-color/22/12/29934685/el-erian-scripts-fictional-chat-between-feds-powell-and-markets-i-expected-you-to-h,Benzinga,0.075,0.3568181818181818,neutral,0.075,False,False,False,False,False,False,False,False,0.0,936,"['BND', 'SPY']",BND,2022-12-02
Cramer Says Powell's Inflation Remarks Confirm Investors Shouldn't Exit: 'We Must Be Ready With A Quarter Of One Foot Out The Door',"Prominent market commentator Jim Cramer said on Thursday Federal Reserve Chair Jerome Powell’s inflation remarks on Wednesday have confirmed that investors shouldn’t exit the market over recession fears, according to a CNBC report.
“Unless the super hawkish Fed heads who want to raise short rates to 5% to 7% are silenced, we must be ready with a quarter of one foot out the door,” he said, adding, “Yesterday, Powell … muzzled the hard-liners. To me, that’s a green light to stay in stocks.”
Also Read: Where To ...",2022-12-02 13:12:58+00:00,https://www.benzinga.com/news/22/12/29935234/cramer-says-powells-inflation-remarks-confirm-investors-shouldnt-exit-we-must-be-ready-with-a-quarte,Benzinga,0.22916666666666669,0.6208333333333333,positive,0.22916666666666669,False,False,False,False,False,False,False,False,0.0,650,"['BND', 'SPY']",BND,2022-12-02
Nouriel Roubini Criticizes Musk And Trump Over Rate Cut Calls: 'Both Kings Of Highly Leveraged Debt Zombie Enterprises',"Prominent economist Nouriel Roubini has criticized Elon Musk and Donald Trump in his tweet highlighting their calls for rate cuts.
What Happened: Roubini cited Musk’s tweet on interest rate cuts where the Tesla founder called for a rate cut saying the central bank is increasing the probability of recession.
“Trend is concerning. Fed needs to cut interest rates immediately. They are massively amplifying the probability of a severe recession,” Musk had tweeted on Nov. 30.
See Also: How To Invest In Startups
Citing this ...",2022-12-02 14:00:51+00:00,https://www.benzinga.com/news/22/12/29935772/nouriel-roubini-criticizes-musk-and-trump-over-rate-cut-calls-both-kings-of-highly-leveraged-debt-zo,Benzinga,0.165,0.6975,positive,0.165,False,False,False,False,False,True,False,False,0.0,647,"['BND', 'SPY']",BND,2022-12-02
Larry Summers Says 'Long Way To Go' For Fed To Reach Inflation Targets:  'Much Harder Than People Think To Achieve Soft Landing',"Former Treasury Secretary Lawrence H. Summers believes there is still a long way to go in getting inflation down to where the Federal Reserve wants it.
“We are still in unprecedented territory in terms of the gap between vacancies & jobs. I think what that's telling you is we have a long way to go to get inflation down to where the ⁦@federalreserve has said it wants it to be,” he said on Bloomberg TV.
Also Read: How To Invest In Startups
Summers also highlighted that achieving a soft landing may be much harder than thought. “My sense is that it's much harder than many people think to achieve a soft landing ...",2022-12-05 00:58:11+00:00,https://www.benzinga.com/news/22/12/29952388/larry-summers-says-long-way-to-go-for-fed-to-reach-inflation-targets-much-harder-than-people-think-t,Benzinga,0.06493055555555555,0.27673611111111107,neutral,0.06493055555555555,False,False,True,False,False,False,False,False,0.0,747,"['BND', 'SPY']",BND,2022-12-05
Cramer Brings This S&P 500 Chart Analysis Under Spotlight: 'Broader Market Might Be In For A Bumpy Ride...',"Prominent market commentator Jim Cramer has sounded a word of caution, saying that the market’s volatility will likely continue as its recent run loses steam, according to a CNBC report.
“The charts, as interpreted by Jessica Inskip, suggest that the broader market might be in for a bumpy ride as we exit bear market rally mode,” he said.
Also Read: Gold IRA Kit
Major Wall Street indices closed over 1% lower on Tuesday continuing their downward trend from Monday. Concerns regarding recession weighed on investors’ ...",2022-12-07 01:15:40+00:00,https://www.benzinga.com/analyst-ratings/analyst-color/22/12/29985432/cramer-brings-this-s-p-500-chart-analysis-under-spotlight-broader-market-might-be-i,Benzinga,0.027083333333333334,0.4916666666666667,neutral,0.027083333333333334,False,False,False,False,False,False,False,False,0.0,630,"['BND', 'SPY']",BND,2022-12-07
Wall Street Trading Could Undergo Biggest Changes In Nearly 20 Years After SEC Vote On Key Proposals,"The U.S. Securities and Exchange Commission (SEC) is set to vote on whether to propose some of the biggest changes to the equity markets in close to two decades during its Dec. 14 meeting, reported Reuters, citing the agency.
What Happened: The potential amendments include new rules that would require marketable retail stock orders to be sent to auctions before execution. This would be a new standard for brokers to ensure they get the best possible executions for client orders, and lower trading increments and access ...",2022-12-08 01:21:04+00:00,https://www.benzinga.com/government/22/12/30001078/wall-street-trading-could-undergo-biggest-changes-in-nearly-20-years-after-sec-vote-on-key-proposals,Benzinga,0.11727272727272726,0.5809090909090908,positive,0.11727272727272726,False,False,True,False,False,False,False,False,0.0,628,"['BND', 'SPY']",BND,2022-12-08
Cramer Urges Investors To Not Panic Over Bank CEOs Saying 'Terrifying' Things: 'They Don't Know...',"Prominent market commentator Jim Cramer has cautioned investors not to panic on hearing the gloomy economic commentary from bank executives, according to a CNBC report.
“Don’t panic the next time you hear one of these bank CEOs say something terrifying — they don’t know the impact of their words,” Cramer said. “Sure, we’ve got plenty of problems, but they’re not financial apocalypse problems.""
Also Read: Best FTX Alternatives: How To Keep Your Crypto Safe
Interestingly, JPMorgan Chase & Co CEO Jamie Dimon sounded a warning about the economy on Tuesday. “Inflation is eroding everything I just said, and that trillion and a ...Full story available on Benzinga.com",2022-12-08 03:41:21+00:00,https://www.benzinga.com/analyst-ratings/analyst-color/22/12/30001384/cramer-urges-investors-to-not-panic-over-bank-ceos-saying-terrifying-things-they-do,Benzinga,0.14545454545454548,0.5262626262626262,positive,0.14545454545454548,False,False,False,False,False,False,True,False,0.0,769,"['BND', 'SPY']",BND,2022-12-08
A Guide to the 25 Cheapest ETFs,The expense ratios have been the biggest crowd pullers in the ETF world.,2022-12-08 16:15:00+00:00,https://www.zacks.com/stock/news/2026872/a-guide-to-the-25-cheapest-etfs,Zacks Investment Research,0.0,0.0,neutral,0.0,False,False,False,False,False,False,False,False,0.0,105,"['SFY', 'VTI', 'VOO', 'VV', 'BND', 'SCHZ', 'AGG', 'IVV', 'SCHO', 'SCHB', 'STIP', 'ITOT', 'SCHX', 'SCHR', 'SPLG', 'SPAB', 'SPTM', 'BBUS', 'SPBO', 'SCHI', 'SCHJ', 'SCHQ', 'BKLC', 'ILCB', 'USPX']",BND,2022-12-08
Jim Cramer Says Economy Could Be Headed For Soft Landing Despite What Bears Say: 'Doesn't Have To Be A Recession',"Prominent market commentator Jim Cramer said on Thursday that despite what Wall Street bears might believe, the economy could be on its way toward a soft landing, according to a CNBC report.
“It doesn’t have to be a recession. The economy just needs to stabilize at a lower level, which I think is already starting to happen. This is the winning hand that nobody playing the recession parlor game seems willing to acknowledge, even as I bet it’s become the most likely outcome,” he ...Full story available on Benzinga.com",2022-12-09 01:14:10+00:00,https://www.benzinga.com/analyst-ratings/analyst-color/22/12/30016880/jim-cramer-says-economy-could-be-headed-for-soft-landing-despite-what-bears-say-doe,Benzinga,0.19499999999999998,0.56,positive,0.19499999999999998,False,False,False,False,False,False,False,False,0.0,636,"['BND', 'SPY']",BND,2022-12-09
Janet Yellen Says US Can Still Avoid A Recession: 'We're On The Right Track In Terms Of Lowering Inflation',"The United States can avoid a recession considering the fact that there is no wage-price spiral and supply chain bottlenecks are starting to ease, said U.S. Treasury Secretary Janet Yellen on Thursday, according to a Reuters report.
""Recession is not inevitable,"" Yellen told reporters following her speech at an event in Fort Worth, Texas, adding that rent prices had peaked and are starting to come down.
Also Read: How To Invest In Startups
""I believe we're on the right track in terms of lowering inflation and that recession is ...",2022-12-09 03:20:54+00:00,https://www.benzinga.com/government/22/12/30017160/janet-yellen-says-us-can-still-avoid-a-recession-were-on-the-right-track-in-terms-of-lowering-inflat,Benzinga,0.08948412698412697,0.34503968253968254,neutral,0.08948412698412697,False,False,True,False,False,False,False,False,0.0,645,"['BND', 'SPY']",BND,2022-12-09
Janet Yellen Sees Inflation Easing Over Next Year And Has This To Say About Recession,"Treasury Secretary Janet Yellen believes inflation should continue to recede over the next year unless there are some unexpected shocks to the global economy, according to a CBS report.
Yellen does believe there is a risk of recession. “But it certainly isn't, in my view, something that is necessary to bring inflation down,"" Yellen told 60 Minutes correspondent Norah O'Donnell.
Also Read: How To Invest In Startups
""Economic growth is slowing substantially. And businesses see that. Look, we had a very rapid recovery from the pandemic. Economic growth was ...",2022-12-12 00:51:23+00:00,https://www.benzinga.com/economics/macro-economic-events/22/12/30034022/janet-yellen-sees-inflation-easing-over-next-year-and-has-this-to-say-about-reces,Benzinga,0.07587301587301587,0.35603174603174603,neutral,0.07587301587301587,False,False,True,False,False,False,False,False,0.0,650,"['BND', 'SPY']",BND,2022-12-12
"Retail And Pro Investors Deeply Divided On Market Positioning Ahead Of Fed Meet, Survey Shows","According to the latest MLIV Pulse survey, professional investors and do-it-yourself traders are sharply divided over the best way to position ahead of the Federal Reserve’s rate decision on Wednesday, reported Bloomberg.
The top responses showed that 37% of retail investors believed owning U.S. stocks is the best trade ahead of the central bank decision, while 40% of professional investors stated it’s better to short them, the report said.
Also Read:",2022-12-12 03:40:45+00:00,https://www.benzinga.com/economics/macro-economic-events/22/12/30034245/retail-and-pro-investors-deeply-divided-on-market-positioning-ahead-of-fed-meet-s,Benzinga,0.325,0.39999999999999997,positive,0.325,False,False,False,False,False,False,False,False,0.0,550,"['BND', 'SPY', 'ARKK']",BND,2022-12-12
Joseph Stiglitz Thinks Central Banks Have Paved Way Toward Recession: 'Their Friends On Wall Street' Won't Bear The Brunt,"Nobel laureate and prominent economist Joseph E. Stiglitz said in a tweet that central banks have deliberately set themselves on a path to cause a recession in the name of taming inflation.
In his article that appeared on Project Syndicate, Stiglitz highlighted the fact that the monetary-policy tightening in the current times will leave long-lasting scars, whereas more carefully considered responses would work better and yield long-term benefits.
Also Read: How To Invest In Startups
“Moreover, they openly acknowledge the pain their policies will cause, even if they don’t emphasize that it ...",2022-12-12 11:43:46+00:00,https://www.benzinga.com/economics/macro-economic-events/22/12/30034613/joseph-stiglitz-thinks-central-banks-have-paved-way-toward-recession-their-friend,Benzinga,0.175,0.55,positive,0.175,False,False,False,False,False,False,False,False,0.0,722,"['BND', 'SPY']",BND,2022-12-12
Larry Summers Says Fed Needs To Signal It's Nearing End Of Rate Hikes: 'Will Be Looking To See Whether...',"Former Treasury Secretary Lawrence H. Summers says he is not sure whether the Federal Reserve will tilt hawkish or dovish but believes the central bank should signal it is nearing the end of raising rates.
In an interview with Bloomberg Television, Summers voiced his stance that he would be looking forward to the statement of the Federal Reserve to get an indication of the central bank’s stance.
“Everybody expects the Fed to move 50 basis points. But the question is going to be what are they going to say about the future -- is it going ...",2022-12-13 01:32:56+00:00,https://www.benzinga.com/economics/macro-economic-events/22/12/30052213/larry-summers-says-fed-needs-to-signal-its-nearing-end-of-rate-hikes-will-be-look,Benzinga,-0.05,0.30277777777777776,neutral,0.05,False,False,True,False,False,False,False,False,0.0,653,"['BND', 'SPY']",BND,2022-12-13
El-Erian Questions Fed's Over-Optimism About Inflation Easing: 'Horrible Forecasting' Or 'Bit Of Politics?',"Allianz chief economic adviser and noted economist Mohamed El-Erian said he thinks the Federal Reserve has been too optimistic about inflation coming down and ""way too optimistic"" on growth.
During an interaction with CNBC’s Squawk Box, when El-Erian was asked if the Fed was not being honest with the public, he said their projections have been horribly wrong and the error has been one-sided for the last two years.
“They have been way too optimistic on inflation coming down and they have been way too optimistic on growth. The question is why has that happened? Is it that their forecasting is horrible? Or, is it that there's a bit of politics playing in here that they don't want to give the bad news,” ...Full story available on Benzinga.com",2022-12-13 04:05:44+00:00,https://www.benzinga.com/analyst-ratings/analyst-color/22/12/30052623/el-erian-questions-feds-over-optimism-about-inflation-easing-horrible-forecasting-o,Benzinga,-0.2101010101010101,0.5252525252525253,negative,0.2101010101010101,False,False,False,False,False,False,False,False,0.0,857,"['BND', 'SPY']",BND,2022-12-13
"What Options Market Pricing Signals For S&P 500 Ahead Of Inflation Data, Fed Decision","Pricing in the U.S. options market on Monday indicated investors and traders were positioned for the S&P 500 index to swing as much as 2.5% in either direction in the wake of Tuesday’s consumer price inflation report, reported Reuters, citing data from options market-making firm Optiver.
Tom Borgen-Davis, head of equity research at Optiver said, “With the October CPI reading having spurred such an outsized positive reaction, the market is implying what could be an even bigger move to the downside if inflation comes in meaningfully higher than expectations,” according to the ...",2022-12-13 05:07:19+00:00,https://www.benzinga.com/economics/macro-economic-events/22/12/30052821/what-options-market-pricing-signals-for-s-p-500-ahead-of-inflation-data-fed-decis,Benzinga,0.07954545454545454,0.4409090909090909,neutral,0.07954545454545454,False,False,False,False,False,False,False,False,0.0,671,"['BND', 'SPY']",BND,2022-12-13
Cramers Says These 3 Big Deals Aided Monday's Market Rally: 'When Companies Start Buying Each Other At A Big Premium...',"Prominent market commentator Jim Cramer said three corporate deals announced on Monday aided the rally seen at the beginning of the week, according to a CNBC report.
What Happened: “Mergers matter. When companies start buying each other at a big premium to what the market’s willing to pay, it tells you that stocks entirely, the whole market, may just be too cheap,” Cramer said, according to the report.
Also Read: Best Penny Stocks
Here are the deals that Cramer was referring to:

Amgen, Inc. (NASDAQ: AMGN) has agreed to buy Horizon Therapeutics PLC (NASDAQ: HZNP) at an enterprise value of approximately $28.3 billion, marking it the largest healthcare merger of the year. Shares of",2022-12-13 12:43:35+00:00,https://www.benzinga.com/m-a/22/12/30053226/cramers-says-these-3-big-deals-aided-mondays-market-rally-when-companies-start-buying-each-other-at,Benzinga,0.13076923076923078,0.4173076923076922,positive,0.13076923076923078,False,True,False,False,False,False,False,False,0.0,810,"['BND', 'SPY', 'AMGN', 'HZNP', 'COUP', 'WEBR']",BND,2022-12-13
Inflation retreat puts world's biggest bond ETFs on pace for a blowout quarter,"A mega $85 billion bond fund, known as 'BND,' is on pace for its third-best quarter on record, after advancing 0.7% Tuesday on signs inflation is retreating.",2022-12-13 23:17:00+00:00,https://www.marketwatch.com/story/inflation-retreat-puts-key-bond-etfs-on-pace-for-best-day-in-a-week-11670955163,MarketWatch,0.0,0.0,neutral,0.0,False,False,False,False,False,False,False,False,0.0,237,"['BND', 'AGG', 'BLK', 'MBB', 'LQD', 'HYG', 'DJIA']",BND,2022-12-13
"Bitcoin, Cryptos Still Have 'Juice Left:' Jim Cramer Says Good Beginning But Powell Has To 'Crush Inflation For Good'","Prominent market commentator Jim Cramer said without a ""well-deserved"" crash in cryptocurrency and a sign of higher unemployment acknowledged by the Federal Reserve Chair Jerome Powell, the current consumer price inflation reading has to be seen as a one-off number.
Cramer’s statement comes following the lower-than-expected inflation figure for November at 7.1% as against the estimated 7.3%. Major Wall Street indices ended Tuesday’s session in the green with the SPDR S&P 500 ETF Trust (NYSE: SPY) closing 0.76% higher while the Vanguard Total Bond Market Index Fund ETF (NASDAQ: ...",2022-12-14 01:37:08+00:00,https://www.benzinga.com/markets/cryptocurrency/22/12/30070019/bitcoin-cryptos-still-have-juice-left-jim-cramer-says-good-beginning-but-powell-has-to-cru,Benzinga,0.20568181818181816,0.4772727272727273,positive,0.20568181818181816,False,False,False,False,False,False,False,False,0.0,706,"['BND', 'SPY']",BND,2022-12-14
Robert Reich Says Fed Putting Onus Of Fighting Inflation On Wrong Group: 'It's Bad Economics ... Insane Politics',"Former Secretary of Labor Robert Reich believes the Federal Reserve’s rate hikes are not working and said the central bank should stop believing it can easily stop profit-price inflation by hiking interest rates.
In his article titled “The Fed is Dead” on Substack platform, Reich argues that despite seven straight increases in just nine months — a pace not seen since the Fed’s inflation fight in the 1980s — price increases are still hovering near four-decade highs.
Also Read: How To Invest In Startups
Reich’s comments follow a lower-than-expected inflation figure for November at 7.1% as against the estimated 7.3%. Major Wall Street indices ended Tuesday’s session in the ...Full story available on Benzinga.com",2022-12-14 12:48:08+00:00,https://www.benzinga.com/economics/macro-economic-events/22/12/30070725/robert-reich-says-fed-putting-onus-of-fighting-inflation-on-wrong-group-its-bad-e,Benzinga,-0.10946969696969693,0.5227272727272728,negative,0.10946969696969693,True,False,True,False,False,False,False,False,0.0,833,"['BND', 'SPY']",BND,2022-12-14
El-Erian Says Markets Not Buying Fed's Peak Rate Projection Of 5.1% By 2023 End: 'So Much For Credible Forward Policy Guidance',"Allianz chief economic adviser and noted economist Mohamed El-Erian has expressed skepticism on the Federal Reserve’s projection on terminal rate following Wednesday’s policy where the central bank hiked rates by 50 basis points. The central bank also indicated it sees itself hitting the terminal rate of 5.1% before halting rate hikes, a level higher than the 4.6% mark it had forecast in September.
“So much for credible forward policy guidance from the Fed. Despite what the #Fed published and what Chair Jay Powell ...Full story available on Benzinga.com",2022-12-15 01:03:12+00:00,https://www.benzinga.com/analyst-ratings/analyst-color/22/12/30085414/el-erian-says-markets-not-buying-feds-peak-rate-projection-of-5-1-by-2023-end-so-mu,Benzinga,0.205,0.35000000000000003,positive,0.205,False,True,False,False,False,False,False,False,0.0,688,"['BND', 'SPY']",BND,2022-12-15
"Bill Ackman Says Fed's 2% Inflation Target No Longer Credible: 'Can't Change Its Target Now, But...'","Billionaire investor and founder of Pershing Square Holdings, Ltd. (OTC: PSHZF) Bill Ackman believes the Federal Reserve’s 2% inflation target is no longer credible and accepting near 3% inflation is a better strategy for a strong economy and job growth over the long term.
“The @federalreserve 2% inflation target is no longer credible. De-globalization, the transition to alternative energy, the need to pay workers more, lower-risk, shorter supply chains are all inflationary. The Fed cannot change its target now, but will likely do so in the future,” Ackman tweeted.
Also Read: Best FTX Alternatives: How To Keep Your ...Full story available on Benzinga.com",2022-12-15 01:32:39+00:00,https://www.benzinga.com/analyst-ratings/analyst-color/22/12/30085507/bill-ackman-says-feds-2-inflation-target-no-longer-credible-cant-change-its-target-,Benzinga,0.34027777777777773,0.5381944444444444,positive,0.34027777777777773,False,False,False,False,False,False,False,False,0.0,764,"['BND', 'SPY']",BND,2022-12-15
Cramer Says Investors Acting Very Rashly After Fed's Hawkish Stance: 'If Powell Felt Things Weren't Going His Way…',"Prominent market commentator Jim Cramer believes the current sell-off in the market post the Federal Reserve’s hawkish stance shows investors are acting very rashly.
“I have no doubt there will be more people bolting from stocks tomorrow morning, believing they’ve been given a tremendous opportunity to get out well ahead of when things accelerate to the downside. I think they’re being too frantic,” he said according to a CNBC report.
Also Read: Best Penny Stocks
Major Wall Street indices closed in the red on Wednesday despite an anticipated 50 basis ...",2022-12-15 03:25:36+00:00,https://www.benzinga.com/economics/macro-economic-events/22/12/30085946/cramer-says-investors-acting-very-rashly-after-feds-hawkish-stance-if-powell-felt,Benzinga,0.22465277777777778,0.36666666666666664,positive,0.22465277777777778,False,False,False,False,False,False,False,False,0.0,676,"['BND', 'SPY', 'QQQ']",BND,2022-12-15
Cramer Says Don't Expect Fed To Go Easy On Economy Because Markets Are Suffering: 'Powell Won't Be Shedding Any Tears',"Prominent market commentator Jim Cramer has said just because the market is suffering, investors should not expect the Federal Reserve to go easy on the economy and that even though Jerome Powell is not explicitly trying to send stocks lower, he won’t be ""shedding any tears over it.""
“Investors have to learn that the Fed is not your friend, it’s not your pal — if anything, it’s your enemy, at least until [Chair] Jay Powell finally beats inflation,” he said according to a CNBC report.
Also Read: Gold IRA Kit
Major Wall Street ...Full story available on Benzinga.com",2022-12-16 01:26:00+00:00,https://www.benzinga.com/economics/macro-economic-events/22/12/30103427/cramer-says-dont-expect-fed-to-go-easy-on-economy-because-markets-are-suffering-p,Benzinga,0.21845238095238098,0.7095238095238096,positive,0.21845238095238098,False,False,False,False,False,False,False,False,0.0,690,"['BND', 'SPY']",BND,2022-12-16
Larry Summers Says Fed Will Have To Suffer Through A Recession If Inflation Is To Be Brought Down,"Former Treasury Secretary Lawrence H. Summers expects the Federal Reserve will have to suffer through a recession if inflation was to come down and that the recession will not be a mild one.
“I think the market is probably right that inflation will come down from its current levels. There is still a question [of] whether it will stay down and how much we have to do to make sure that it stays down, is ... still a question. And whether it can be brought down to stay down without a recession is a very large question. My guess is that the Fed will in the end have to suffer through a recession if we're going to bring inflation down,” he said in an interview with MSNBC.
Also Read: How To Invest In ...Full story available on Benzinga.com",2022-12-16 12:09:20+00:00,https://www.benzinga.com/analyst-ratings/analyst-color/22/12/30103877/larry-summers-says-fed-will-have-to-suffer-through-a-recession-if-inflation-is-to-b,Benzinga,0.04707341269841269,0.3620535714285714,neutral,0.04707341269841269,False,False,True,False,False,False,False,False,0.0,839,"['BND', 'SPY']",BND,2022-12-16
Larry Summers Thinks Economic Forecasts Are Like Airports: 'They Say It's Leaving At 7:30. Then They Say...',"Former Treasury Secretary Lawrence H. Summers believes it will take a long time to get inflation down to where the Federal Reserve wants it to be and that it would be a little more sustained than expected.
“The labor market is strong and we are still in unprecedented territory in terms of the gap between vacancies and jobs. What that tells you is that we have a long way to go to get inflation down to where the Fed has said it wants it to be,” Summers said in an interview with Bloomberg Television.
Also Read: How To Invest In Startups
The former Treasury Secretary provided an airport analogy to explain how economic forecasts tend to behave.
“Every time they have revised their forecast of inflation up, they have revised their forecast of ultimate unemployment up as well. ...Full story available on Benzinga.com",2022-12-19 05:13:54+00:00,https://www.benzinga.com/analyst-ratings/analyst-color/22/12/30122263/larry-summers-thinks-economic-forecasts-are-like-airports-they-say-its-leaving-at-7,Benzinga,0.11968954248366011,0.37712418300653594,positive,0.11968954248366011,False,False,True,False,False,False,False,False,0.0,929,"['BND', 'SPY']",BND,2022-12-19
Cramer Says S&P 500 Chart Analysis Shows Stock Buying Prospects Still Alive: 'Christmas Is Not Going To Be Canceled For Wall Street',"Major Wall Street indices closed in the red on Monday as investor optimism on the much anticipated ""Santa Claus"" rally began to fade over fears of recession gaining momentum.
Prominent market commentator Jim Cramer has cited a chart interpreted by Larry Williams and said there could be a possible opportunity for buying stocks and that Christmas is not going to be canceled for Wall Street, according to a CNBC report.
Also Read: Gold IRA Kit
“The charts, as interpreted by Larry Williams, suggest that Christmas is not going to be canceled for Wall Street — he thinks we still have a Santa Claus rally coming, and the ideal time to buy is sometime around this Thursday,” he said.
Monday’s fall was the fourth consecutive negative session for Wall Street. The Dow Jones ...Full story available on Benzinga.com",2022-12-20 01:31:11+00:00,https://www.benzinga.com/analyst-ratings/analyst-color/22/12/30138717/cramer-says-s-p-500-chart-analysis-shows-stock-buying-prospects-still-alive-christm,Benzinga,0.16022727272727275,0.45454545454545464,positive,0.16022727272727275,False,True,True,False,False,False,False,False,0.0,944,"['BND', 'SPY']",BND,2022-12-20
"Elon Musk Reacts To Analysis Of Fed's Response Time In Tackling Inflation: 'Wow, Worse Than '99...'","The Federal Reserve under Jerome Powell has attracted widespread criticism for first being late in responding to a rise in inflation and then for its tackling it with almost unprecedented aggression in the history of the central bank.
Also Read: How To Invest In Startups
Tesla CEO Elon Musk responded to a tweet by Wall Street Silver that showed a chart showing the fastest response of the central bank to inflation. To a tweet that said “Soft landing is not really gonna be ...Full story available on Benzinga.com",2022-12-20 01:45:42+00:00,https://www.benzinga.com/economics/macro-economic-events/22/12/30138839/elon-musk-reacts-to-analysis-of-feds-response-time-in-tackling-inflation-wow-wors,Benzinga,0.065,0.4883333333333334,neutral,0.065,False,False,False,False,False,False,True,False,0.0,616,"['BND', 'SPY']",BND,2022-12-20
"El-Erian Says Inflation Will Remain Sticky: 'When We Get To 4%, That's Going To Be A Major Decision To Be Made By Society'","Allianz chief economic adviser and noted economist Mohamed El-Erian believes inflation is going to remain sticky and that when it reaches 4%, there’s going to be a major decision to be made by the society on what the next steps would be.
“We are not going back to where we came from -- for many reasons. One is the unintended consequences of a ridiculous regime of very low interest rates and infinite QE. Inflation is not going to come down in an overly fashion. We are going to get sticky inflation. When we get to 4%, that's going to be a major decision to be made by society as to what to do next. So, we are not going to the old ...Full story available on Benzinga.com",2022-12-21 04:04:08+00:00,https://www.benzinga.com/analyst-ratings/analyst-color/22/12/30155345/el-erian-says-inflation-will-remain-sticky-when-we-get-to-4-thats-going-to-be-a-maj,Benzinga,0.06912393162393161,0.34452991452991455,neutral,0.06912393162393161,False,False,False,False,False,False,False,False,0.0,797,"['BND', 'SPY']",BND,2022-12-21
Cramer Says These 3 Financial Stocks Can Be 'Tremendous Performers' If Fed Decides to End Pain Next Year,"Prominent market commentator Jim Cramer on Tuesday spoke about three financial stocks which he believes are worth buying.
Cramer said the scrips could be tremendous performers if the Federal Reserve decides to ""end the pain at some point in time next year,"" according to a CNBC report.
Also Read: Best Penny Stocks
Major Wall Street indices closed in the green on Tuesday, albeit just marginally higher, ending a four-day losing streak as investors and traders are watching out for a much anticipated year-end rally. The SPDR S&P 500 ETF Trust (NYSE: SPY) closed 0.14% higher while the Vanguard Total Bond Market Index Fund ETF (NASDAQ: BND) shed 0.66%.
Following are the three picks named by ...Full story available on Benzinga.com",2022-12-21 12:00:45+00:00,https://www.benzinga.com/analyst-ratings/analyst-color/22/12/30155396/cramer-says-these-3-financial-stocks-can-be-tremendous-performers-if-fed-decides-to,Benzinga,0.1699561403508772,0.36052631578947364,positive,0.1699561403508772,False,True,False,False,False,False,False,False,0.0,838,"['BND', 'SPY', 'MS', 'WFC', 'SPGI']",BND,2022-12-21
Cramer On Why So Few Experts Predicted Wednesday's Market Rebound: 'Act Like Nothing Matters Beyond...',"Prominent market commentator Jim Cramer reportedly said the market’s reaction to the earnings report from Nike Inc (NYSE: NKE) and FedEx Corporation (NYSE: FDX) provides an important lesson that it’s misguided to focus purely on Federal Reserve commentary and predictions on where the S&P 500 will move next.
“You’ve got a whole contingent of professional commentators and money managers who act like nothing matters beyond statements from the Fed and the price levels of the S&P 500,” Cramer said according to a CNBC ...",2022-12-22 11:53:15+00:00,https://www.benzinga.com/news/earnings/22/12/30170021/cramer-on-why-so-few-experts-predicted-wednesdays-market-rebound-act-like-nothing-matters-beyond,Benzinga,0.1392857142857143,0.4625,positive,0.1392857142857143,True,False,False,False,False,False,False,False,0.2,626,"['BND', 'SPY', 'FDX', 'NKE']",BND,2022-12-22
Jim Cramer Highlights Reasons Behind Thursday's Market Fall: 'We Had The Worst Of 3 Worlds',"U.S. markets witnessed another sell-off on Thursday, dampening hopes of a ""Santa Claus"" rally following the temporary rebound. Prominent market commentator Jim Cramer highlighted three reasons behind the market fall on Thursday.
If the economy were running colder, if the stock market was lower, and if interest rates were higher before sliding, things would be different, Cramer said according to a CNBC report. 
“Today we didn’t see that, though. We had the worst of three worlds,” he said. “While we could still get that seasonal bounce, obviously the ...Full story available on Benzinga.com",2022-12-23 01:40:06+00:00,https://www.benzinga.com/news/earnings/22/12/30182522/jim-cramer-highlights-reasons-behind-thursdays-market-fall-we-had-the-worst-of-3-worlds,Benzinga,-0.16499999999999998,0.65,negative,0.16499999999999998,False,False,False,False,False,False,False,False,0.0,687,"['BND', 'SPY', 'KMX', 'MU']",BND,2022-12-23
El-Erian Says Rate-Sensitive Sectors Like Housing Are 'Dis-Inflating' On Fed Hikes: 'The Challenge Is...',"Allianz chief economic adviser Mohamed El-Erian believes the effect of the Federal Reserve’s rate hikes is showing up in rate-sensitive sectors of the economy. However, the challenge is that drivers of inflation have shifted, he said.
“There is now ample evidence that the rate-sensitive sectors of the #economy, such as housing ... are feeling the #Fed's rate hikes...and they are dis-inflating. The challenge is that the drivers of #inflation have shifted to services which are less rate sensitive,” he tweeted.
Also Read: Best Penny Stocks
The noted economist also cited a ...Full story available on Benzinga.com",2022-12-23 05:15:36+00:00,https://www.benzinga.com/analyst-ratings/analyst-color/22/12/30182798/el-erian-says-rate-sensitive-sectors-like-housing-are-dis-inflating-on-fed-hikes-th,Benzinga,0.25555555555555554,0.39444444444444443,positive,0.25555555555555554,False,False,True,False,False,False,False,False,0.0,722,"['BND', 'SPY']",BND,2022-12-23
TikTok Concerns,"Plus, we talk about the ins and outs of buying bonds.",2022-12-24 14:00:00+00:00,https://www.fool.com/investing/2022/12/24/tiktok-concerns/,The Motley Fool,0.0,0.0,neutral,0.0,False,True,False,False,False,False,False,False,0.0,70,"['GOOGL', 'AMZN', 'META', 'AAPL', 'MCO', 'SPG', 'BLK', 'MORN', 'IVZ', 'BND', 'GOOG']",BND,2022-12-24
"World Faces A Recession In 2023, Says Researcher: 'The Battle Against Inflation Is Not Won Yet'","The global economy breached $100 trillion for the first time in 2022 but will stall in 2023 in the backdrop of policymakers continuing their fight against inflation, according to the Centre for Economics and Business Research.
What Happened: The world faces a recession in 2023 as higher borrowing costs targeted at tackling inflation cause a number of economies to contract, reported Bloomberg, citing the British consultancy.
See Also: Best Penny Stocks
“It’s likely that the world economy will face a recession next year as a result of the rises in interest rates in ...Full story available on Benzinga.com",2022-12-26 14:42:59+00:00,https://www.benzinga.com/news/22/12/30197161/world-faces-a-recession-in-2023-says-researcher-the-battle-against-inflation-is-not-won-yet,Benzinga,0.2375,0.31666666666666665,positive,0.2375,False,False,False,False,False,False,False,False,0.0,706,"['BND', 'SPY']",BND,2022-12-26
Larry Summers Highlights Recession Risk For 2023: 'What Samuel Johnson Said Of Second Marriage Is Often True Of Soft Landings',"Former Treasury Secretary Larry Summers said although the economy looks in better shape at present, the greater risk is that it will head towards recession at some point during 2023 — and inflation may still be too high for many people.
What Happened: “The economy is in OK shape right now, but I think we are going to have a lot of challenges ahead in 2023,"" Summers told MSNBC on Friday.
See Also: How To Invest In Startups
""We brought inflation too high, we can all ...Full story available on Benzinga.com",2022-12-26 21:49:48+00:00,https://www.benzinga.com/news/22/12/30196856/larry-summers-highlights-recession-risk-for-2023-what-samuel-johnson-said-of-second-marriage-is-ofte,Benzinga,0.26582417582417583,0.38582417582417583,positive,0.26582417582417583,False,False,True,False,False,False,False,False,0.0,636,"['BND', 'SPY']",BND,2022-12-26
"Proceed With Caution? What Nouriel Roubini, Larry Summers And Mohamed El-Erian Say About The Economy As We Enter 2023","2922 certainly didn't do well in the diaries of optimistic market commentators and forecasters, including ones who thought inflation and the market rout would be short-lived.
Not only was inflation persistent, but it also made the Federal Reserve look like it was late to the party. Equity markets bore the brunt of the subsequent action by central banks in their race to catch up with the situation. Nothing was spared — not equities, not bonds.
The SPDR S&P 500 ETF Trust (NYSE: SPY) lost over 20% since the beginning of the year, while the Vanguard Total Bond Market Index Fund ETF (NASDAQ: BND) shed over 13%.
Some people thought Vladimir Putin’s war with Ukraine and his tantrums in response to Western sanctions would keep oil afloat. That too fizzled out later in the year as demand concerns from China came to the fore.
As the world readies itself for 2023, here’s a look at warnings sounded by three prominent economists known for their hard, and often contrarian, stances.
Nouriel Roubini: In mid-December, prominent economist Nouriel Roubini, known as ""Dr. Doom"" for his precise prediction of the 2008 financial crisis, openly expressed his skepticism over Wall Street and policymakers’ “conventional wisdom,” stating ...Full story available on Benzinga.com",2023-01-02 05:05:31+00:00,https://www.benzinga.com/analyst-ratings/analyst-color/23/01/30183415/proceed-with-caution-what-nouriel-roubini-larry-summers-and-mohamed-el-erian-say-ab,Benzinga,0.07665343915343915,0.445568783068783,neutral,0.07665343915343915,False,False,False,False,False,False,False,False,0.0,1387,"['BND', 'SPY']",BND,2023-01-02
"Dragged By Inflation, Treasuries Reportedly Register Biggest Annual Loss In 2022","As the Federal Reserve hiked its policy rate by over four percentage points in 2022 to tackle rising inflation, the U.S. Treasury market registered a record annual loss during the year.
What Happened: The U.S. bond market index declined 12.5% during the year, the most in its history, reported Bloomberg. The worst months for the index were September (-3.45%), March (-3.11%) and April (-3.10%), the report said.
See Also: How To Invest In Startups
Yields hit their highest in the October-November period following which they started declining as inflation began to ...",2023-01-02 13:09:03+00:00,https://www.benzinga.com/news/23/01/30248114/dragged-by-inflation-treasuries-reportedly-register-biggest-annual-loss-in-2022,Benzinga,-0.16666666666666666,0.5333333333333333,negative,0.16666666666666666,True,False,False,False,False,False,False,False,0.0,651,"['AGG', 'BND']",BND,2023-01-02
Larry Summers Says Trump Set Stage For Inflation: Republicans' Willingness To 'Send Country Into Default Is Chilling',"Former Treasury Secretary Lawrence H. Summers said that former President Donald Trump, in many ways, set the stage for the inflation that the U.S. is witnessing and criticized Republicans over their ""irresponsible"" stance over the debt limit.
“Going back to those policies that talk populist, while practicing the art of the deal for what America has that is close to oligarchs, those would be steps very much in the wrong direction,"" he said in an interaction with CNN.
Summers said President Joe Biden should use the government's purchasing power to make things cheaper as is being done with pharmaceuticals, according to the interaction.
Also Read: Investing For Beginners
Mid-term Elections: Regarding the mid-term elections, ...",2023-01-02 13:10:00+00:00,https://www.benzinga.com/government/22/11/29628243/larry-summers-says-trump-set-stage-for-inflation-republicans-willingness-to-send-country-into-defaul-4,Benzinga,-0.03428571428571429,0.3657142857142857,neutral,0.03428571428571429,False,False,True,False,False,True,False,False,0.0,852,"['BND', 'SPY']",BND,2023-01-02
Michael Burry Says Current Inflation Peak Not Last In This Cycle: US Likely To Be 'In Recession By Any Definition',"‘The Big Short’ investor Michael Burry believes that even though inflation has peaked, it is not the last peak of this cycle as a recession would lead to further government stimulus, leading to another spike in price rises.
What Happened: “Inflation peaked. But it is not the last peak of this cycle. We are likely to see CPI lower, possibly negative in 2H 2023, and the US in recession by any definition. Fed will cut and government will stimulate. And we will have another inflation spike. It's not hard,” ...",2023-01-02 14:33:19+00:00,https://www.benzinga.com/news/23/01/30248241/michael-burry-says-current-inflation-peak-not-last-in-this-cycle-us-likely-to-be-in-recession-by-any,Benzinga,-0.014015151515151513,0.40378787878787886,neutral,0.014015151515151513,False,False,False,False,False,False,False,False,0.0,627,"['BND', 'SPY']",BND,2023-01-02
Top Economist El-Erian Thinks Bonds Warrant A 'More Differentiated' View As Credit Risk Is Far From Done,"As the Federal Reserve hiked its policy rate by over four percentage points in 2022 to tackle rising inflation, the U.S. Treasury market registered a record annual loss.
The U.S. bond market index declined 12.5% during the year, the most in its history, reported Bloomberg. The worst months for the index were in September (-3.45%), March (-3.11%) and April (-3.10%).
Also Read: How To Invest In Startups
El-Erian's Take: Allianz chief economic adviser and noted economist Mohamed El-Erian believes there is more enthusiasm pertaining to bonds after their downbeat performance ...Full story available on Benzinga.com",2023-01-03 00:52:53+00:00,https://www.benzinga.com/analyst-ratings/analyst-color/23/01/30251703/top-economist-el-erian-thinks-bonds-warrant-a-more-differentiated-view-as-credit-ri,Benzinga,0.21250000000000002,0.5750000000000001,positive,0.21250000000000002,True,False,False,False,False,False,False,False,0.0,722,"['AGG', 'BND']",BND,2023-01-03
Larry Summers Says Rest Of The World Will 'Suffer Greatly' If US Doesn't Control Inflation And Rates Keep Rising,"Former Treasury Secretary Lawrence H. Summers believes the rest of the world will suffer greatly if the United States does not control inflation and rates ultimately rise far above current levels, much like how things unfurled in the early 1980s.
Citing his column in the Washington Post, Summers tweeted that even recent increases in rates and the dollar along with geopolitical dislocations are creating serious problems for many developing countries. “The U.S. should be leading global efforts to resolve sovereign debt problems more quickly and to catalyze higher lending levels from the International Monetary Fund and the World Bank,” he said in his tweet.
Also Read: How To Invest In Startups
The Full story available on Benzinga.com",2023-01-03 02:48:03+00:00,https://www.benzinga.com/economics/macro-economic-events/22/12/30154697/larry-summers-says-rest-of-the-world-will-suffer-greatly-if-us-doesnt-control-2,Benzinga,0.21052631578947373,0.4403508771929825,positive,0.21052631578947373,False,False,True,False,False,True,False,False,0.0,854,"['BND', 'SPY']",BND,2023-01-03
"Paul Krugman Skeptical Of Consumer Confidence: 'Everyone Knows Economy Is In Terrible Shape, Everyone Except...'","Nobel laureate and noted economist Paul Krugman has expressed skepticism over the upbeat consumer confidence data released in late December.
The Expectations Index—based on consumers' short-term outlook for income, business, and labor market conditions—rose to 82.4 from 76.7. Krugman pointed out that although it is a commonly known fact the economy is in trouble, the public seems to have shrugged it off, according to the survey results.
“As 2022 winds down, everyone knows that the economy is in terrible shape — everyone except the public, according to the Conference Board Survey,” the economist tweeted in the ...Full story available on Benzinga.com",2023-01-05 01:06:01+00:00,https://www.benzinga.com/analyst-ratings/analyst-color/22/12/30169884/paul-krugman-skeptical-of-consumer-confidence-everyone-knows-economy-is-in-1,Benzinga,-0.3055555555555556,0.46222222222222226,negative,0.3055555555555556,False,False,False,False,True,False,False,False,0.0,770,"['BND', 'SPY']",BND,2023-01-05
"With Fed Minutes Out, El-Erian Says 'World's Most Influential Central Bank' Trying To Maintain 'Delicate' Balance","Allianz chief economic adviser and noted economist Mohamed El-Erian has said the Federal Reserve is trying to maintain a ""delicate balance.""
“The sentence from the just-released #FederalReserve minutes that, I believe, captures well the delicate balance that the world's most influential central bank is seeking to strike. Judging from bond market pricing, it's yet to convince investors and traders -- and that matters,” El-Erian tweeted.
What Happened: The Federal Reserve's meeting minutes released on Wednesday indicated a continued hawkish tone from the central bank, although markets mostly shrugged them off. One of the concerns of the central bank seemed to ...Full story available on Benzinga.com",2023-01-05 01:29:41+00:00,https://www.benzinga.com/analyst-ratings/analyst-color/23/01/30287798/with-fed-minutes-out-el-erian-says-worlds-most-influential-central-bank-trying-to-m,Benzinga,0.10000000000000002,0.4833333333333334,positive,0.10000000000000002,False,False,False,False,True,False,False,False,0.0,820,"['BND', 'SPY']",BND,2023-01-05
Why Bonds Could Be a Better Investment in 2023,Many investors aren't in a hurry to get back into stocks.,2023-01-05 10:48:00+00:00,https://www.fool.com/investing/2023/01/05/why-bonds-could-be-a-better-investment-in-2023/,The Motley Fool,0.3333333333333333,0.3333333333333333,positive,0.3333333333333333,False,False,False,False,False,False,False,False,0.0,105,"['TLT', 'BND', 'TIP', 'AGG', 'SHY']",BND,2023-01-05
‘We were twice the next competitor’: BlackRock’s iShares dominates fixed-income ETFs flows in 2022,"BlackRock’s iShares dominated flows into exchange-traded funds focused on fixed income in 2022, an ugly year for markets in which ETFs kept attracting investors.",2023-01-05 21:03:00+00:00,https://www.marketwatch.com/story/we-were-twice-the-next-competitor-blackrocks-ishares-dominates-fixed-income-etfs-flows-in-2022-11672952605,MarketWatch,-0.19999999999999998,0.39999999999999997,negative,0.19999999999999998,False,False,False,False,False,False,False,False,0.0,261,"['TLT', 'BND', 'BIL', 'SGOV', 'KWEB', 'EMQQ', 'CQQQ', 'FXI', 'MCHI', 'KRBN', 'EWZ', 'USO', 'GSG', 'ILF']",BND,2023-01-05
IMF's Gita Gopinath Says Too Early For Fed To Announce Victory Against Inflation: 'We Haven't Turned The Corner Yet',"International Monetary Fund Deputy Managing Director Gita Gopinath has reportedly warned that the U.S. has not “turned the corner yet” and it is too early for the Federal Reserve to announce victory in its fight against inflation.
In an interview with the Financial Times, Gopinath urged the Federal Reserve to continue with its rate hikes this year despite a recent moderation in headline inflation.
Also Read: Best S&P 500 ETFs
“If you see the indicators in the labor market and if you look at very sticky components of inflation like ...",2023-01-06 03:56:14+00:00,https://www.benzinga.com/economics/macro-economic-events/23/01/30305895/imfs-gita-gopinath-says-too-early-for-fed-to-announce-victory-against-inflation-w,Benzinga,0.19999999999999998,0.20714285714285713,positive,0.19999999999999998,False,False,False,False,False,False,True,False,0.0,658,"['BND', 'SPY']",BND,2023-01-06
Fed's Bullard Thinks Probability Of Soft Landing Is Up This Year: 'Fight Inflation Now...Get It Back To 2%',"St. Louis Federal Reserve President James Bullard has reportedly expressed optimism that 2023 could finally bring relief from inflation and that the risk of a U.S. recession has come down in recent weeks.
The Federal Open Market Committee “has taken aggressive action during 2022, with ongoing increases in the policy rate planned for 2023, and this has returned inflation expectations to a level consistent with the Fed’s 2% inflation target,” Bullard said in material prepared for a presentation before a meeting held by the CFA Society St. Louis, according to Reuters.
Also Read: How To Invest In Startups
“During 2023, actual inflation will likely follow inflation expectations to a lower level as the real economy ...",2023-01-06 12:02:34+00:00,https://www.benzinga.com/economics/macro-economic-events/23/01/30306236/feds-bullard-thinks-probability-of-soft-landing-is-up-this-year-fight-inflation-n,Benzinga,0.04494949494949495,0.3762626262626263,neutral,0.04494949494949495,False,False,False,False,False,False,False,False,0.0,831,"['BND', 'SPY']",BND,2023-01-06
Larry Summers Says Can't Get Wage Inflation Down Without 'Meaningful' Slack In Job Market — Believes Recession Prospects 'Certainly Lower',"Former Treasury Secretary Lawrence Summers said he maintains his view that inflation cannot be brought down to the 2% range without getting wage inflation substantially down.
""You don't get wage inflation substantially down without meaningful slack in the labor market and we don't have slack in the labor market,” Summers said in an interview with Bloomberg Television.
Also Read: How To Invest In Startups
Major Wall Street indices gained over 2% on Friday following the release of the employment data that showed December payrolls rose more than expected. Wage increases slowed and services activity contracted reducing concerns about the Federal Reserve's ...",2023-01-09 01:16:47+00:00,https://www.benzinga.com/economics/macro-economic-events/23/01/30324745/larry-summers-says-cant-get-wage-inflation-down-without-meaningful-slack-in-job-m,Benzinga,0.12727411477411474,0.39822954822954826,positive,0.12727411477411474,False,False,True,False,True,False,False,False,0.0,803,"['BND', 'SPY']",BND,2023-01-09
Obama-Era Economic Adviser Christina Romer Thinks Policymakers Will Face Difficult Decision Over Rate Path: 'Going To Need To Dial Back Before...',"Christina Romer, an economics professor at the University of California, Berkeley, and chair of the White House's Council of Economic Advisers (CEA) from 2009 to 2010, reportedly said the Federal Reserve's effort to shock the economy back to lower inflation is in its early days.
She told a national gathering of economists late on Saturday the Fed has raised its target policy rate by over 4 percentage points in the last year, and ""we are just now entering the window where the effects might start to be noticed,"" ...",2023-01-09 02:04:36+00:00,https://www.benzinga.com/economics/macro-economic-events/23/01/30324838/obama-era-economic-adviser-christina-romer-thinks-policymakers-will-face-difficul,Benzinga,-0.033333333333333326,0.26296296296296295,neutral,0.033333333333333326,False,False,False,False,False,False,False,False,0.0,667,"['BND', 'SPY']",BND,2023-01-09
Rob Reich Says Fighting Inflation By Putting People Out Of Work Is Cruel:  'Especially When America's Safety Nets... Are In Tatters',"Former Secretary of Labor Robert Reich has expressed his concerns about the Federal Reserve’s fight against inflation in the context of employment. 
Reich noted that the central bank’s attempt to rein in inflation by putting people out of work is ‘cruel.’
""Putting people out of work is the Fed’s means of reducing workers’ bargaining power and the 'upward pressures on prices.' But fighting inflation by putting people out of work is cruel, especially when America’s safety nets — including unemployment insurance — are in tatters,” Reich tweeted.
Also Read: Best Penny Stocks
Employment data released ...",2023-01-09 04:37:04+00:00,https://www.benzinga.com/government/23/01/30325054/rob-reich-says-fighting-inflation-by-putting-people-out-of-work-is-cruel-especially-when-americas-sa,Benzinga,-0.25,0.69375,negative,0.25,False,False,True,False,True,False,False,False,0.0,740,"['BND', 'SPY']",BND,2023-01-09
Bonds Start Bouncing Back in 2023 -- but for How Long?,"Stocks reversed early gains on Monday, but some investors expect better things from bonds.",2023-01-10 00:19:00+00:00,https://www.fool.com/investing/2023/01/09/bonds-start-bouncing-back-in-2023-but-for-how-long/,The Motley Fool,0.1375,0.3,positive,0.1375,False,False,False,False,False,False,False,False,0.0,146,"['AGG', 'BND', 'TLT']",BND,2023-01-10
Jim Cramer Says Investors Were 'Simply Gambling' If They Bought Tech Stocks On Weaker Macro Numbers,"Prominent market commentator Jim Cramer has cautioned investors to continue maintaining a distance from technology stocks despite the rally seen on Monday.
“Just remember, if you were buying tech here off some weaker macroeconomic numbers, you’re not investing, you’re simply gambling,” Cramer said on CNBC. 
Also Read: Best Exchange Traded Funds (ETFs)
Major Wall Street indices closed mixed on Monday with the Nasdaq Composite being the only one to end the session on a positive note, led by gains in technology shares. Shares of Tesla Inc (NASDAQ: TSLA) closed 5.93% higher on Monday.
The Dow Jones and the S&P 500 ended in the red. Investors ...Full story available on Benzinga.com",2023-01-10 03:10:41+00:00,https://www.benzinga.com/analyst-ratings/analyst-color/23/01/30344224/jim-cramer-says-investors-were-simply-gambling-if-they-bought-tech-stocks-on-weaker,Benzinga,0.1722902097902098,0.41613386613386616,positive,0.1722902097902098,False,True,False,False,False,False,False,False,0.0,786,"['BND', 'SPY', 'TSLA', 'QQQ']",BND,2023-01-10
Elon Musk Says Deflation Is Already Here: Our Top Picks,Elon Musk recently asserted that we are already in a deflationary environment. Read more to see our approach to the current environment and some of our top picks.,2023-01-12 13:00:00+00:00,https://seekingalpha.com/article/4569389-elon-musk-says-deflation-is-already-here-our-top-picks,Seeking Alpha,0.3,0.43,positive,0.3,False,False,False,False,False,False,False,False,0.0,219,"['AMLP', 'AQN', 'AQNA', 'AQNB', 'BIZD', 'BND', 'BX', 'BXSL', 'CVX', 'ET', 'PFF', 'PFFA', 'SPY', 'TSLA', 'VNQ', 'XLU', 'XOM']",BND,2023-01-12
Larry Summers Says Have To Go Back To JFK To Find Democratic President With 1st Midterms Going As Well As Biden's,"Former Treasury Secretary Lawrence H. Summers commended President Joe Biden in November 2022, saying one has to go back to John F. Kennedy’s times to find a Democratic president whose first mid-term elections went as well as Biden’s did.
It looks like you have to go back to JFK to find a Democratic president whose first midterm election went as well as @POTUS @JoeBiden did last night.
— Lawrence H. Summers (@LHSummers) November 9, 2022
“This should confound doomsayers in both parties. Given all the concerns voters had, it is hard not to see the election as a repudiation of MAGA extremism. THE CENTER HELD,” he tweeted.
Also Read: Best Brokerage And Investment Apps
Control of Congress was still uncertain, with Republicans ...",2023-01-17 00:39:09+00:00,https://www.benzinga.com/government/22/11/29650248/larry-summers-says-have-to-go-back-to-jfk-to-find-democratic-president-with-1st-midterms-going-as-1,Benzinga,0.11083333333333334,0.1675,positive,0.11083333333333334,False,False,True,False,False,False,False,False,0.0,848,"['BND', 'SPY']",BND,2023-01-17
"How to Invest $100,000","Whether you received an unexpected windfall or saved it up over time, having $100,000 can help to put you on your way to long-term wealth if you invest it right.",2023-01-27 17:10:44+00:00,https://www.fool.com/investing/how-to-invest/how-to-invest-100k/,The Motley Fool,0.19285714285714284,0.7678571428571428,positive,0.19285714285714284,False,False,False,False,False,False,False,False,0.0,185,"['AAPL', 'BND', 'IVV', 'GOOGL', 'V', 'NKE', 'MSFT', 'AMZN', 'NFLX', 'BRK.B', 'GOOG', 'VGT', 'BRK.A']",BND,2023-01-27
2 Blue Chips Under Pressure,"Plus, Motley Fool personal finance expert Robert Brokamp answers your questions.",2023-01-29 12:00:00+00:00,https://www.fool.com/investing/2023/01/29/2-blue-chips-under-pressure/,The Motley Fool,0.19999999999999998,0.43333333333333335,positive,0.19999999999999998,False,False,False,False,False,False,False,False,0.0,109,"['MMM', 'JNJ', 'BLK', 'IVZ', 'VXUS', 'BND']",BND,2023-01-29
Larry Summers Says Consensus View That Inflation Will Come Way Down Is 'Outside Range Of Normal Historical Experience',"Former Treasury Secretary Lawrence H. Summers believes if one looks at the history of developed nations in the 1970s, it is clear that prospects of bringing down inflation are not very encouraging.
What Happened: “The history of developed countries since 1970 is very discouraging about the prospects of bringing down 8 percent inflation,” Summers tweeted.
Historical Experience: The former Treasury Secretary also explained how historical experience may be too optimistic a guide to current times, especially when labor markets are very tight. 
""Populism has never been stronger. Labor markets are super tight. Government debt ratios are ...",2023-01-30 01:20:18+00:00,https://www.benzinga.com/government/22/10/29451920/larry-summers-says-consensus-view-that-inflation-will-come-way-down-is-outside-range-of-normal-histo-1,Benzinga,0.0002976190476190424,0.29369047619047617,neutral,0.0002976190476190424,False,False,True,False,False,True,False,False,0.0,762,"['BND', 'SPY']",BND,2023-01-30
"Wharton Professor Jeremy Siegel Said 90% Of Inflation Has Gone — Here's What He Says About Fed, Equity Prices","Jeremy Siegel, professor of finance at the University of Pennsylvania's Wharton School, said that 90% of the inflation had already gone and asserted that when the Federal Reserve gets it, there will be a massive surge in equities, according to his interaction with CNBC's 'Squawk Box' in November 2022.
What Happened: “It's taken way too long for the Fed to get it and they haven't got it yet that inflation is basically over; but they will. I think they are going to get it may be very late this year, early next year and I think as soon as they are going to get it, you are going to see a very big increase in equity prices,” Siegel told CNBC.
See Also: Best Brokerage And Investment Apps
Wall Street has begun to take the Fed talk into consideration as major indices lost ...Full story available on Benzinga.com",2023-02-01 00:04:03+00:00,https://www.benzinga.com/government/22/11/29816915/wharton-professor-jeremy-siegel-believes-90-of-inflation-has-gone-heres-what-he-says-about-fed-equit-1,Benzinga,0.12472222222222223,0.42333333333333323,positive,0.12472222222222223,False,False,False,False,False,False,False,False,0.0,925,"['BND', 'SPY']",BND,2023-02-01
Former US Labor Secretary Robert Reich Said Inflation Mainly Driven By This Rather Than Government Spending,"University of California, Berkeley Professor and former U.S. Labor Secretary Robert Reich said, in December 2022, that corporate greed, and not government spending, was the main driver of inflation and highlighted a big oil company's recent earnings to drive his point.
“Exxon Mobil Corp (NYSE: XOM) raked in $20 billion in profits last quarter and has announced $50 billion in stock buybacks. Folks, corporate greed is a main driver of inflation — not government spending,” he said in his tweet.
ExxonMobil raked in $20 ...",2023-02-03 00:30:47+00:00,https://www.benzinga.com/economics/macro-economic-events/22/12/30034871/former-us-labor-secretary-robert-reich-says-inflation-mainly-driven-by-this-1,Benzinga,0.05,0.14166666666666666,neutral,0.05,True,True,True,False,False,True,False,False,0.0,633,"['BND', 'SPY', 'XOM']",BND,2023-02-03
"If I Could Only Invest in ETFs, Here Are the 5 I Would Buy","Even if you don't buy individual stocks, you can set yourself up for excellent long-term returns with ETFs like these.",2023-02-03 11:22:00+00:00,https://www.fool.com/investing/2023/02/03/if-i-could-only-invest-in-etfs-here-are-the-5-i-wo/,The Motley Fool,0.3333333333333333,0.7999999999999999,positive,0.3333333333333333,False,True,False,False,False,False,False,False,0.0,178,"['VOO', 'MSFT', 'AAPL', 'AMZN', 'STLD', 'BRK.B', 'FSLR', 'TIP', 'VB', 'BND', 'EQIX', 'VNQ', 'PLD', 'IEX', 'AMT', 'TRGP', 'ATO']",BND,2023-02-03
"Yes, You Can Retire On Dividends",Income is needed to pay for life in retirement. Click here to read why we think dividends are the lifeblood of millions of retirees' income cash flow.,2023-02-12 19:30:00+00:00,https://seekingalpha.com/article/4577046-yes-you-can-retire-on-dividends,Seeking Alpha,0.0,0.0,neutral,0.0,False,False,False,False,False,True,False,False,0.0,184,['BND'],BND,2023-02-12
The Day 'Big Short' Investor Michael Burry Reminisced About Dow's Largest Single-Day Fall In 2008: Wondered 'If This Could Be Worse',"‘Big Short’ investor Michael Burry expressed skepticism on the global economic environment and questioned whether it could be worse than the 2008 financial crisis in September 2022.
What Happened: The investor, who made his fortune betting against the housing market in the years leading to 2008, shared a link to a story that discussed the Dow’s largest single-day drop on Sept. 29, 2008, when the House voted against a proposed $700-billion rescue of the financial system. The index had dropped 777 points, its largest single-day drop in history until that point.
See Also: Jim Cramer Lists 6 Conditions For Market Selloff To End Amid 'Discouraging' Inflation Data
“I wondered aloud if ...",2023-02-23 00:19:18+00:00,https://www.benzinga.com/news/22/09/29089894/the-big-short-investor-michael-burry-reminisces-dows-largest-single-day-fall-in-2008-expresses-scept-1,Benzinga,-0.06000000000000001,0.22000000000000003,neutral,0.06000000000000001,False,False,False,False,False,False,False,False,0.0,825,"['AGG', 'BND', 'SPY']",BND,2023-02-23
Market Forecaster Jim Bianco Calls FOMC Minutes 'Hyped:' For Stock Market 'Cash Is No Longer Trash',"Market forecaster Jim Bianco, President and Macro Strategist at Bianco Research, reportedly said Wednesday’s Federal Open Market Committee (FOMC) minutes were hyped and asserted that cash is no longer trash given the current interest rate regime where it could suck away money from the stock market.
“I think investors are going to have to start thinking about the idea that we have a 5% or 6% world and they're going to have to start thinking about the idea that for the stock market, cash is no longer trash. That was a two-decade-old meme that doesn't apply,” he told CNBC.
Also Read: How To Invest In Startups
Bianco further explained how an investor would get ...Full story available on Benzinga.com",2023-02-23 12:51:58+00:00,https://www.benzinga.com/analyst-ratings/analyst-color/23/02/31021656/market-forecaster-jim-bianco-calls-fomc-minutes-hyped-for-stock-market-cash-is-no-l,Benzinga,0.1,0.44999999999999996,neutral,0.1,False,False,False,False,False,False,False,False,0.0,805,"['BND', 'SPY']",BND,2023-02-23
Jamie Dimon Says Reining In Price Rises Is Work In Progress For Fed: 'We Lost A Little Bit Of Control Of Inflation',"JPMorgan Chase & Co (NYSE:JPM) CEO Jamie Dimon reportedly said on Thursday that reining in inflation is a work in progress for the Federal Reserve, while also observing that the U.S. economy continues to display signs of strength.
""I have all the respect for [Fed Chair Jerome] Powell, but the fact is we lost a little bit of control of inflation,"" Dimon said in an interview with CNBC's Jim Cramer.
Also Read: Best Penny Stocks
Dimon's comments come in the backdrop of the release of the minutes of the Federal Open Market ...Full story available on Benzinga.com",2023-02-24 02:10:42+00:00,https://www.benzinga.com/news/23/02/31041973/jamie-dimon-says-reining-in-price-rises-is-work-in-progress-for-fed-we-lost-a-little-bit-of-control,Benzinga,0.205,0.44000000000000006,positive,0.205,False,False,False,False,True,False,True,False,0.0,680,"['BND', 'SPY', 'JPM']",BND,2023-02-24
Jim Cramer Attributes Volatility To Public's Hope And Fear: 'We've Got A Schizophrenic Market',"Prominent market commentator Jim Cramer has reportedly said recent market volatility is an indication of public sentiment swinging back and forth between hope and fear.
""Bottom line: We've got a schizophrenic market, where each local surge of hope gets squashed by the next national or international fear, which gives way to another round of hope. Sometimes all in one day,"" Cramer said according to a CNBC report.
Also Read: Best Penny Stocks
Cramer also interviewed JPMorgan Chase & Co CEO Jamie Dimon who ...Full story available on Benzinga.com",2023-02-24 03:26:23+00:00,https://www.benzinga.com/news/23/02/31042338/jim-cramer-attributes-volatility-to-publics-hope-and-fear-weve-got-a-schizophrenic-market,Benzinga,0.15454545454545457,0.2257575757575757,positive,0.15454545454545457,False,False,False,False,False,False,True,False,0.0,643,"['BND', 'SPY']",BND,2023-02-24
"Why Tesla, Microsoft, Nvidia, FAANG Remind Forecaster Of 2021 'Meme Stocks' Effect","Market forecaster Jim Bianco, president and macro strategist at Bianco Research, explained how the rally in the S&P 500 index during the early part of the year was mostly led by a couple of stocks and did not represent the broader market performance.
""On February 2 (the day after the Fed presser and the day before the booming 517k payroll report), the S&P 500 was up over 8% for the year (black line). What was missing in most of the analysis is the majority of the overall S&P 500’s gains were just the eight FAANG+ M N T stocks (names ...Full story available on Benzinga.com",2023-02-27 03:51:18+00:00,https://www.benzinga.com/analyst-ratings/analyst-color/23/02/31063196/why-tesla-microsoft-nvidia-faang-remind-forecaster-of-2021-meme-stocks-effect,Benzinga,0.1619047619047619,0.31190476190476196,positive,0.1619047619047619,False,False,False,False,False,False,False,False,0.0,662,"['BND', 'SPY', 'AAPL', 'AMZN', 'GOOG', 'MSFT', 'NFLX', 'NVDA', 'TSLA', 'GOOGL', 'META']",BND,2023-02-27
"Will Fed 'Chicken Out' Or 'Hang Tough' If Higher Rates Cause Crisis, Asks Peter Schiff: A Majority Say...","Euro Pacific Capital Chief Economist Peter Schiff conducted a poll on Twitter, asking what the Federal Reserve would do if inflation remains well above the 2% target but higher interest rates cause another financial crisis.
""Will the Fed chicken out and pivot, sending the inflation rate to new highs, or will it hang tough and let the crisis play out naturally,"" Schiff asked in a poll he conducted on Twitter.
Also Read: How To Invest In Startups
Interestingly, 64.7% of participants voted that the Fed would “chicken out” which will cause price rises to continue and hit new highs. Only 35.3% of participants believe the central bank would hang tough.
Full story available on Benzinga.com",2023-02-27 05:22:02+00:00,https://www.benzinga.com/analyst-ratings/analyst-color/23/02/31063423/will-fed-chicken-out-or-hang-tough-if-higher-rates-cause-crisis-asks-peter-schiff-a,Benzinga,-0.04688552188552189,0.5810606060606062,neutral,0.04688552188552189,False,False,False,False,False,False,False,False,0.0,798,"['BND', 'SPY']",BND,2023-02-27
"Famed 60/40 Stocks-Bonds Portfolio At 14-Month Drawdown, Says Market Strategist: Longest Since Financial Crisis'","Charlie Bilello, Chief Market Strategist at CPI Wealth, pointed out that the famed 60/40 portfolio comprised of U.S. stocks and bonds is currently at a 14-month drawdown.
""A 60/40 Portfolio of U.S. stocks/bonds is currently in a 14-month drawdown, 14% below its all-time high,"" Bilello tweeted.
Also Read: How To Buy Treasury Bonds
The standard portfolio where an investor puts 60% of their investible sum into equities and 40% in bonds is generally considered a prudent diversification. However, in the current economic environment, the portfolio doesn't seem ...Full story available on Benzinga.com",2023-02-27 13:00:23+00:00,https://www.benzinga.com/analyst-ratings/analyst-color/23/02/31067424/famed-6040-stocks-bonds-portfolio-at-14-month-drawdown-says-market-strategist-longe,Benzinga,0.09000000000000001,0.31555555555555553,neutral,0.09000000000000001,False,True,False,False,False,False,False,False,0.0,714,"['BND', 'SPY']",BND,2023-02-27
Short-Term Bonds Win Investors Love Last Week: 5 Hot ETFs,Short-dated U.S. bond ETFs gained investors' love last week as Treasury yields continued their climb for the fourth consecutive week on more interest rate hikes from the Federal Reserve.,2023-02-28 15:05:00+00:00,https://www.zacks.com/stock/news/2059862/short-term-bonds-win-investors-love-last-week-5-hot-etfs,Zacks Investment Research,0.31875,0.3854166666666667,positive,0.31875,False,False,True,False,False,False,False,False,0.0,245,"['BND', 'SHV', 'BIL', 'SPTS', 'SGOV']",BND,2023-02-28
Bond ETFs struggled in February. Here's where fixed income held up relatively well.,"Exchange-traded funds that buy U.S. government and corporate bonds took a hit in February,  as Treasury yields rose amid fears over stubbornly high inflation.",2023-03-01 13:38:00+00:00,https://www.marketwatch.com/story/bond-etfs-struggled-in-february-heres-where-fixed-income-held-up-relatively-well-34b7924f,MarketWatch,0.172,0.33799999999999997,positive,0.172,False,True,False,False,False,False,False,False,0.0,243,"['BND', 'TLT', 'LQD', 'BIL', 'SHY']",BND,2023-03-01
ETF Asset Report of February: Short-Term Bonds Win,"As Fed rate hike worries grew in February, short-term U.S. treasury bond ETFs amassed huge assets as these bonds have lower interest rate and default risks.",2023-03-02 13:00:00+00:00,https://www.zacks.com/stock/news/2060860/etf-asset-report-of-february-short-term-bonds-win,Zacks Investment Research,0.6000000000000001,0.65,positive,0.6000000000000001,False,False,False,False,False,False,False,False,0.0,208,"['JNK', 'HYG', 'LQD', 'VTI', 'VOO', 'BND', 'EMB', 'EEMV', 'SHV', 'SCHD', 'SPTS', 'BBEU', 'SGOV']",BND,2023-03-02
"When Paul Krugman Gave A Verdict On US Handling Of Pandemic Shock, Inflation Under Biden: 'Pretty Good Possibility That...'","Nobel laureate and noted economist Paul Krugman questioned the prevalent belief that bringing down inflation required a recession, while stating that America’s handling of the pandemic shock under President Joe Biden will be mostly remembered as a success story.
“But won't bringing inflation down require a nasty recession? Maybe, or maybe not — that's an assertion, not a fact. And the standard economic model of stagflation, which depends on expectations, actually says not, since expected inflation hasn't risen much,” he said in a series of tweets, it was reported in October 2022.
Also Read: Best Brokerage And Investment Apps
“In short, there's a pretty good probability that we'll look back on how America handled the pandemic shock, mostly under ...Full story available on Benzinga.com",2023-03-03 00:23:23+00:00,https://www.benzinga.com/news/22/10/29473152/paul-krugman-gives-verdict-on-us-handling-of-pandemic-shock-inflation-under-biden-pretty-good-possib-1,Benzinga,0.18888888888888888,0.40409356725146206,positive,0.18888888888888888,False,False,False,False,False,False,False,False,0.0,919,"['BND', 'SPY']",BND,2023-03-03
El-Erian Says Fed Risks Tipping Economy Into Recession Every Time It Falls Behind,"Allianz chief economic adviser and noted economist Mohamed El-Erian reportedly said every time the central bank falls behind, the risk of the central bank pushing the economy into recession goes up.
""The minute you go to the 10-year (Treasury yield), you know you are bringing in a whole set of other issues including growth. And the concern that’s in the market, and we have seen how inverted the curve remains, is that we may end up having the Fed tip us into recession,"" El-Erian told CNBC.
Also Read: Best ...Full story available on Benzinga.com",2023-03-03 01:41:39+00:00,https://www.benzinga.com/analyst-ratings/analyst-color/23/03/31186251/el-erian-says-fed-risks-tipping-economy-into-recession-every-time-it-falls-behind,Benzinga,0.09722222222222221,0.39722222222222214,neutral,0.09722222222222221,False,False,False,False,False,False,False,False,0.0,632,"['BND', 'SPY']",BND,2023-03-03
Fed Signals Interest Rate Hikes as Global Markets Claw Back Losses,,2023-03-06 13:32:00+00:00,https://www.investing.com/analysis/fed-signals-interest-rate-hikes-as-global-markets-claw-back-losses-200635921,Investing.com,0.0,0.0,neutral,0.0,True,False,False,False,False,False,False,False,0.0,68,"['VWO', 'BND', 'VEA', 'PICB', 'JNK']",BND,2023-03-06
Morgan Stanley Strategist Says Bond Market Pricing Some Sort Of Recession But Equity Market Still In Denial,"Morgan Stanley Chief U.S. Equity Strategist and CIO Mike Wilson reportedly said the bond market is effectively pricing some sort of a recession at this point, while the equity market is still in denial.
""When the yield curve goes negative, it has high predictability that a recession will be coming within twelve months. But 12 months is a long time. The real trouble starts when the yield curve re-steepens. Because that’s essentially the bond market saying the Fed’s going to have to be cutting here at some point,"" Wilson told Bloomberg TV.
Also Read: Best Penny Stocks
Price Action: Yield on two-year treasury notes fell from over 5% levels seen in early March ...Full story available on Benzinga.com",2023-03-21 07:42:54+00:00,https://www.benzinga.com/news/23/03/31432248/morgan-stanley-strategist-says-bond-market-pricing-some-sort-of-recession-but-equity-market-still-in,Benzinga,0.10090909090909089,0.4309090909090909,positive,0.10090909090909089,False,False,False,False,False,False,False,False,0.0,813,"['BND', 'SPY', 'CS', 'UBS', 'QQQ']",BND,2023-03-21
When Will the Stock Market Recover? Here's a Better Question to Ask,"A recovery is coming, but no one knows when.",2023-03-23 12:45:00+00:00,https://www.fool.com/investing/2023/03/23/when-will-the-stock-market-recover-heres-a-better/,The Motley Fool,0.5,0.5,positive,0.5,False,False,False,False,False,False,False,False,0.0,113,"['VTI', 'BND']",BND,2023-03-23
"Pimco's Erin Browne Says Rates, Equities 'Singing From Different Hymn Books' — Thinks Both Can't Be Right","Pimco Multi-Asset Strategies Portfolio Manager Erin Browne reportedly said that rates and equities are singing from different hymn books currently. 
What Happened: Browne said that while the former is pricing-in accelerated rate cuts during second half of this year and into 2024, equities are priced for rich valuations. Browne told Bloomberg TV this indicates the rates market is starting to price-in the economy and is heading towards a recession.
Also Read: Best Penny Stocks
""Equities, however, still are priced for very rich valuations, continued growth and expansion this year and even more so in 2024, and are really not focused on the fact that we are heading into a recession. So, I ...Full story available on Benzinga.com",2023-04-05 07:49:06+00:00,https://www.benzinga.com/economics/macro-economic-events/23/04/31673476/pimcos-erin-browne-says-rates-equities-singing-from-different-hymn-books-thinks-b,Benzinga,0.19868197278911565,0.39481292517006805,positive,0.19868197278911565,False,False,True,False,False,False,False,False,0.0,839,"['BND', 'SPY']",BND,2023-04-05
March PCE Price Index Preview: Here's Why Fed's Favorite Inflation Gauge Is A Key Market-Moving Event Before FOMC,"Market participants are eagerly awaiting for the March personal consumption expenditure (PCE) price index report from the Bureau of Economic Analysis on Friday (April 28), before the market opens. 
With the next FOMC meeting in less than a week, what is regarded as the Fed's preferred gauge of inflation will be considered a key signal for assessing market expectations about the Fed's impending policy moves.
What To Know: The PCE price index grew 5% year on year in February 2023, down from 5.3% in January, and 0.3% month on month, down from 0.6% in January. 

The Core PCE price index, which measures inflation over a wide range of consumer expenditures excluding energy and food and is of particular relevance to the Fed, increased 4.6% annually and 0.3% monthly in February. The annual figure was marginally above expectations (4.5%), while the monthly one matched estimates. 
The market consensus is for the March core PCE price index to rise 0.3% month on month and 4.5% year on year. 
The Bureau of Economic Analysis' initial GDP estimate in the first quarter of 2023 delivered surprises in ...Full story available on Benzinga.com",2023-04-27 16:04:08+00:00,https://www.benzinga.com/economics/macro-economic-events/23/04/32049665/march-pce-price-index-preview-heres-why-feds-favorite-inflation-gauge-is-a-key-ma,Benzinga,0.07118055555555555,0.36944444444444446,neutral,0.07118055555555555,False,False,False,False,False,False,False,False,0.0,1255,"['BND', 'SPY', 'TLT', 'QQQ']",BND,2023-04-27
Retire With Dividends: SCHD Vs. SPHD,Dividend stock portfolios provide a balance between benefiting from long-term economic growth and offering an attractive passive income stream for retirees. Read more here.,2023-06-03 12:00:00+00:00,https://seekingalpha.com/article/4609179-retire-with-dividends-schd-vs-sphd,Seeking Alpha,0.5,0.5666666666666667,positive,0.5,False,False,False,False,False,True,False,False,0.0,210,"['ARKK', 'BND', 'QQQ', 'SPY', 'VNQ', 'XLU', 'SCHD', 'SPHD']",BND,2023-06-03
Treasury-bond ETFs fall after inflation report as investors brace for Fed decision,"Exchange-traded funds that invest in Treasury bonds fell after the May inflation report, as the market anticipated the Federal Reserve may continue hiking interest rates after a June pause.",2023-06-13 22:50:00+00:00,https://www.marketwatch.com/story/treasury-bond-etfs-fall-after-inflation-report-as-investors-brace-for-fed-decision-e712834a,MarketWatch,0.0,0.0,neutral,0.0,False,False,False,False,False,False,False,False,0.0,273,"['TLT', 'TLH', 'IEF', 'SHY', 'BND', 'LQD', 'JNK', 'HYG']",BND,2023-06-13
"Bond ETFs fall after Fed statement, struggle to recover earlier gains","Popular exchange-traded funds that buy bonds fell and then struggled to recover earlier gains on Wednesday, after the Federal Reserve announced that it paused its interest-rate hikes but also released projections pointing to two more potential increases this year.",2023-06-14 21:08:00+00:00,https://www.marketwatch.com/story/bond-etfs-fall-after-fed-statement-struggle-to-recover-earlier-gains-17afb7d8,MarketWatch,0.22000000000000003,0.6799999999999999,positive,0.22000000000000003,False,True,False,False,True,False,False,False,0.0,335,"['BND', 'AGG', 'IEF', 'IEI', 'SHY']",BND,2023-06-14
"Verizon: Fear, Greed, Top Dividend Dog Of The Dow",Verizon shares offer a well-covered 7.2% dividend yield and currently trade at an attractive price relative to the value. Click here to read more on VZ stock.,2023-06-17 08:09:33+00:00,https://seekingalpha.com/article/4612104-verizon-fear-greed-top-dividend-dog-of-the-dow,Seeking Alpha,0.36,0.48,positive,0.36,False,False,False,False,False,True,False,False,0.0,209,"['AMGN', 'AMZN', 'BND', 'CSCO', 'CVX', 'DOW', 'GS', 'IBM', 'KO', 'MMM', 'SPY', 'T', 'TBB', 'TBC', 'TMUS', 'WBA', 'VZ']",BND,2023-06-17
JEPI Investors Should Consider Adding JPIE To Their Portfolio,Adding JPIE to a portfolio that already holds JEPI limits risk without sacrificing too much yield. Click here for a detailed analysis.,2023-06-30 06:22:40+00:00,https://seekingalpha.com/article/4614539-jepi-investors-should-consider-adding-jpie-their-portfolio,Seeking Alpha,0.30000000000000004,0.475,positive,0.30000000000000004,False,False,False,False,False,False,False,False,0.0,197,"['BND', 'JEPI', 'JPIE']",BND,2023-06-30
Midyear ETF Market Outlook & Investing Strategies,We discuss BlackRock's market outlook & investing strategies for 2H 2023.,2023-07-07 16:58:00+00:00,https://www.zacks.com/stock/news/2118269/midyear-etf-market-outlook-investing-strategies,Zacks Investment Research,0.0,0.0,neutral,0.0,False,False,False,False,False,False,False,False,0.0,124,"['AAPL', 'MSFT', 'NVDA', 'QUAL', 'BND', 'USMV', 'AGG', 'BOTZ', 'QUS', 'IRBO']",BND,2023-07-07
U.S. Stocks Reign Supreme Amongst Major Asset Classes in 2023,,2023-07-10 11:57:00+00:00,https://www.investing.com/analysis/us-stocks-reign-supreme-amongst-major-asset-classes-in-2023-200639826,Investing.com,0.0625,0.5,neutral,0.0625,False,False,False,False,False,False,False,False,0.0,63,"['VTI', 'GCC', 'VNQI', 'BND']",BND,2023-07-10
DNP: Top 10 Big-Yield CEFs,"We share updated data on more than 10 of the biggest and most-popular big-yield CEFs, many of them paying distributions monthly.",2023-07-18 05:56:28+00:00,https://seekingalpha.com/article/4617676-dnp-top-10-big-yield-cefs,Seeking Alpha,0.5,0.5,positive,0.5,False,False,False,False,False,False,False,False,0.0,156,"['ADX', 'AEE', 'AEP', 'AEPPZ', 'BMEZ', 'BND', 'CMS', 'CMSA', 'CMSC', 'CMSD', 'CNP', 'CSQ', 'GOF', 'LNT', 'NEA', 'PDI', 'PDO', 'PEG', 'PTY', 'RQI', 'RVT', 'SO', 'SOJC', 'SOJD', 'SOJE', 'SPY', 'SRE', 'SREA', 'USA', 'UTF', 'UTG', 'WEC', 'XEL', 'DNP']",BND,2023-07-18
Markets Keep on Rallying as Risk-On Signals Gain Traction,,2023-07-18 11:48:00+00:00,https://www.investing.com/analysis/markets-keep-on-rallying-as-riskon-signals-gain-traction-200640109,Investing.com,0.0,0.0,neutral,0.0,False,False,False,False,False,False,False,False,0.0,59,"['SPHB', 'SPLV', 'XHB', 'SMH', 'BND', 'IEF', 'IEF', 'AOA', 'AOK']",BND,2023-07-18
U.S. Stock Market Continues to Signal a Risk-On Bias,,2023-08-09 11:50:00+00:00,https://www.investing.com/analysis/us-stock-market-continues-to-signal-a-riskon-bias-200640797,Investing.com,0.0,0.0,neutral,0.0,False,False,False,False,False,False,False,False,0.0,54,"['SPHB', 'SPLV', 'XHB', 'SPY', 'SMH', 'BND', 'TIP', 'IEF', 'IEF', 'AOA', 'AOK']",BND,2023-08-09
Treasury ETFs on Way to Win Record Inflows in 2023: Here's Why,Treasury ETFs are on their ways to amass record inflows in 2023.,2023-08-15 12:00:00+00:00,https://www.zacks.com/stock/news/2136411/treasury-etfs-on-way-to-win-record-inflows-in-2023-heres-why,Zacks Investment Research,0.8,0.4,positive,0.8,False,False,False,False,False,False,False,False,0.0,128,"['TLT', 'QQQ', 'SPY', 'IEF', 'BND', 'AGG', 'IVV', 'SGOV']",BND,2023-08-15
How BlackRock’s Rick Rieder is steering his active fixed-income ETF as bond funds struggle,"For this week’s ETF Wrap I caught up with Rick Rieder, BlackRock’s chief investment officer of global fixed income, on how he’s approaching debt markets with his actively managed ETF in a bruising August for many bond funds.",2023-08-17 20:47:00+00:00,https://www.marketwatch.com/story/how-blackrocks-rick-rieder-is-steering-his-active-fixed-income-etf-as-bond-funds-struggle-78e1a3c8,MarketWatch,0.05555555555555556,0.31666666666666665,neutral,0.05555555555555556,False,False,False,False,False,True,False,False,0.0,316,"['BINC', 'AGG', 'BND', 'DBND', 'VNM', 'KRBN', 'UUP', 'XME', 'DBMF', 'KWEB', 'CQQQ', 'FXI', 'TAN', 'CXSE', 'CANC', 'DIVL', 'CONY', 'COIN']",BND,2023-08-17
"PDI: 100 Big Yield CEFs, REITs, MLPs - These 3 Worth Considering","We share updated data on over 100 big-yield opportunities, including CEFs, REITs, and MLPs. Learn more about PDI CEF and our recommendation.",2023-08-31 05:20:30+00:00,https://seekingalpha.com/article/4632190-pdi-100-big-yield-cefs-reits-mlps-these-3-worth-considering,Seeking Alpha,0.26666666666666666,0.2333333333333333,positive,0.26666666666666666,False,False,False,False,False,False,False,False,0.0,206,"['AGNC', 'AGNCL', 'AGNCM', 'AGNCN', 'AGNCO', 'AGNCP', 'AMLP', 'AMT', 'BIT', 'BND', 'BTZ', 'CCI', 'CET', 'DLR', 'DNP', 'ENB', 'EPD', 'ET', 'GOF', 'IRM', 'KMI', 'MMP', 'MPW', 'NLY', 'O', 'OHI', 'OKE', 'PAA', 'PAXS', 'PDO', 'PLD', 'PSX', 'PTY', 'RITM', 'RQI', 'SPG', 'SPY', 'THQ', 'THW', 'VICI', 'WMB', 'WPC', 'PDI']",BND,2023-08-31
ETF flows ‘swoon’ in August as this area of bonds dominate,"In this week’s ETF Wrap, you’ll see the spot in markets investors liked in August as ETF flows trended below the historical average in a down month for stocks.",2023-08-31 20:43:00+00:00,https://www.marketwatch.com/story/etf-flows-swoon-in-august-as-this-area-of-bonds-dominate-d695581c,MarketWatch,0.0736111111111111,0.37222222222222223,neutral,0.0736111111111111,False,False,False,False,False,False,False,False,0.0,219,"['BIL', 'BND', 'QQQ', 'SPY', 'ARKK', 'ARKW', 'UNG', 'ARKF', 'QCLN', 'ECH', 'UUP', 'USFR', 'IVOL', 'REMX', 'MAGG', 'RINC']",BND,2023-08-31
BND: Why Bonds May Crash Soon - A Deep Dive Into Inflation,"Summer saw increased volatility in financial markets, with stocks and bonds declining while commodities rose. Find out why BND is a Sell.",2023-09-04 04:28:38+00:00,https://seekingalpha.com/article/4632861-bnd-why-bonds-may-crash-soon-a-deep-dive-into-inflation,Seeking Alpha,0.19999999999999998,0.45,positive,0.19999999999999998,False,False,False,False,False,False,False,False,0.0,197,['BND'],BND,2023-09-04
ETFs to Buy as Soft Landing Odds Improve,"With ebbing recessionary fears and a cooling U.S. economy, having a long-term investment horizon can prove to be beneficial for investors. Look at which ETFs can help investors sail through the uncertain economic landscape and yield long-term gains.",2023-09-05 20:22:00+00:00,https://www.zacks.com/stock/news/2145048/etfs-to-buy-as-soft-landing-odds-improve,Zacks Investment Research,0.15000000000000002,0.275,positive,0.15000000000000002,False,True,False,False,False,False,False,False,0.0,291,"['AMZN', 'AAPL', 'MSFT', 'NVDA', 'SPY', 'VOO', 'BND', 'SPYD', 'VGT', 'BOTZ', 'VUG']",BND,2023-09-05
Does Your Portfolio Need a Boost? How One Asset Could Be Exactly What Investors are Looking For.,"Over the long term, few assets boast a track record like Bitcoin's.",2023-09-13 10:15:00+00:00,https://www.fool.com/investing/2023/09/13/does-your-portfolio-need-a-boost-how-one-asset-cou/,The Motley Fool,0.0,0.25,neutral,0.0,False,False,False,False,False,False,False,False,0.0,165,"['BND', 'VT']",BND,2023-09-13
We’re investing in bonds all wrong,Why do investors seeking stability typically invest only in U.S. bonds?,2023-09-19 14:14:00+00:00,https://www.marketwatch.com/story/were-investing-in-bonds-all-wrong-c1bc02d1,MarketWatch,-0.2222222222222222,0.7999999999999999,negative,0.2222222222222222,False,False,False,False,False,False,False,False,0.0,107,"['BNDX', 'BND', 'BNDW']",BND,2023-09-19
The Stock Market Is Starting To Gradually Roll Over,"Rob Isbitts shares why the stock market has been resilient; T-Bills' tough competition, the salient 10 year yield and bright spots in oil and uranium.",2023-09-23 11:00:00+00:00,https://seekingalpha.com/article/4636885-the-stock-market-is-starting-to-gradually-roll-over,Seeking Alpha,0.10370370370370373,0.5777777777777778,positive,0.10370370370370373,False,False,False,False,False,False,False,False,0.0,203,"['SPY', 'DIA', 'QQQ', 'IEF', 'BND', 'TBIL', 'BIL', 'URA', 'USO']",BND,2023-09-23
"ETF Asset Report YTD: S&P 500 Tops, ESG Loses",Wall Street has been upbeat in the year-to-date frame as current stress in the market has been outweighed by superb gains in the first half.,2023-09-26 12:39:00+00:00,https://www.zacks.com/stock/news/2155318/etf-asset-report-ytd-sp-500-tops-esg-loses,Zacks Investment Research,0.15666666666666668,0.4,positive,0.15666666666666668,False,False,False,False,False,False,False,False,0.0,187,"['TLT', 'EEM', 'VTI', 'VOO', 'QUAL', 'BND', 'EEMV', 'IVV', 'ESGU']",BND,2023-09-26
5 ETFs That Gained Investors' Love Last Week,"Overall, ETFs pulled out $6.7 billion in capital last week, with U.S. equity ETFs leading the way with $8.1 billion in outflows.",2023-09-26 16:05:00+00:00,https://www.zacks.com/stock/news/2155609/5-etfs-that-gained-investors-love-last-week,Zacks Investment Research,0.125,0.18333333333333332,positive,0.125,False,False,False,False,False,False,False,False,0.0,174,"['SPY', 'IWM', 'RSP', 'BND', 'BKLN']",BND,2023-09-26
SPY Vs. BND: The Untold Strategy For Timing Bonds Over Stocks,"Discover the role of the yield curve in guiding investment decisions, highlighting when reallocating capital from stocks to bonds can be advantageous.",2023-09-27 05:51:49+00:00,https://seekingalpha.com/article/4637567-spy-vs-bnd-the-untold-strategy-for-timing-bonds-over-stocks,Seeking Alpha,0.0,0.0,neutral,0.0,False,False,False,False,False,False,False,False,0.0,213,"['BND', 'SPY']",BND,2023-09-27
ETF asset Report of September 2023,September is historically the worst month of the year for stocks.,2023-10-03 12:35:00+00:00,https://www.zacks.com/stock/news/2159063/etf-asset-report-of-september-2023,Zacks Investment Research,-0.5,0.5,negative,0.5,False,False,False,False,False,False,False,False,0.0,101,"['QQQ', 'GLD', 'IAU', 'SPY', 'XLF', 'UUP', 'EEM', 'LQD', 'XLY', 'MUB', 'VOO', 'BND', 'IWF', 'IVV', 'QTEC', 'BIL', 'SGOV']",BND,2023-10-03
Billionaire Ray Dalio Says '50% Chance Of World War' - How To Invest?,Billionaire Ray Dalio believes the odds of a global hot war involving major powers have risen from 35% to 50% in the past two years. Click here for a detailed analysis.,2023-10-16 12:00:53+00:00,https://seekingalpha.com/article/4640936-billionaire-ray-dalio-says-50-percent-chance-of-world-war-how-to-invest,Seeking Alpha,0.0925,0.47000000000000003,neutral,0.0925,False,False,False,False,False,False,False,False,0.0,239,"['AAPL', 'BABA', 'BND', 'CAT', 'F', 'FPI', 'GLD', 'GM', 'IAU', 'IGHG', 'LAND', 'LANDM', 'LANDO', 'LANDP', 'NIO', 'NNN', 'O', 'QQQ', 'SBUX', 'SDS', 'SGOV', 'SH', 'SPXU', 'SPY', 'TSLA', 'TSM', 'VIRT', 'VOO']",BND,2023-10-16
Bond investors are missing this silver lining from higher interest rates,"Bond prices have tumbled, but annuity holders are receiving a higher payout rate.",2023-10-21 13:20:00+00:00,https://www.marketwatch.com/story/bond-investors-are-missing-this-silver-lining-from-higher-interest-rates-9da7c027,MarketWatch,0.09999999999999999,0.35000000000000003,neutral,0.09999999999999999,False,False,False,False,False,False,False,False,0.0,155,['BND'],BND,2023-10-21
Is it better to buy bonds or bond funds? It depends how hard you are willing to work.,"Investors don’t like to see bond prices go down, but they should be in it for the yield.",2023-10-28 15:56:00+00:00,https://www.marketwatch.com/story/individual-bonds-vs-bond-etfs-and-funds-how-hard-are-you-willing-to-work-2d614dd7,MarketWatch,0.07569444444444443,0.5201388888888888,neutral,0.07569444444444443,False,True,False,False,False,False,False,False,0.0,175,"['AAPL', 'DIS', 'BND']",BND,2023-10-28
Billionaire 'Bond King' Says Sell These Charlie Munger Must-Buy Stocks: Our Approach,"Learn about Charlie Munger's recommended stocks, Jeffrey Gundlach's warning about their performance in a recession, and our approach. Click for more of our picks.",2023-11-09 19:59:36+00:00,https://seekingalpha.com/article/4649911-billionaire-bond-king-says-sell-these-charlie-munger-must-buy-stocks-our-approach,Seeking Alpha,0.5,0.5,positive,0.5,False,True,False,False,False,False,False,False,0.0,248,"['AAPL', 'AMZN', 'BABA', 'BIP', 'BIPC', 'BND', 'BRK.A', 'BRK.B', 'GDX', 'GLD', 'GOOG', 'GOOGL', 'META', 'MSFT', 'NVDA', 'O', 'PLTR', 'SLV', 'TSLA', 'VOO', 'XLU']",BND,2023-11-09
Is It Safe to Invest Today? Here's a Better Question to Ask.,"There's never a good time to invest, so a better question is whether you can afford not investing.",2023-11-12 12:15:00+00:00,https://www.fool.com/investing/2023/11/12/is-it-safe-to-invest-today-heres-a-better-question/,The Motley Fool,0.2875,0.525,positive,0.2875,False,False,False,False,False,False,False,False,0.0,160,"['SPY', 'BND', 'ICSH']",BND,2023-11-12
A Massive Market Reversal Is Likely Coming,"Tech has flown high year-to-date, while several other sectors have been left in the dust. Learn why major economic trends are shifting.",2023-11-15 13:05:00+00:00,https://seekingalpha.com/article/4651967-massive-market-reversal-coming,Seeking Alpha,0.0371875,0.451875,neutral,0.0371875,False,False,True,False,False,False,False,False,0.0,179,"['AAPL', 'AMZN', 'AQN', 'AQNB', 'AQNU', 'BEP', 'BEPC', 'BIP', 'BIPC', 'BND', 'CCI', 'EPD', 'ET', 'GOOG', 'GOOGL', 'IWM', 'META', 'MSFT', 'NVDA', 'O', 'PLTR', 'QQQ', 'SCHD', 'SPY', 'TSLA', 'VNQ', 'VOO', 'VYM', 'XLU', 'ACTV', 'AFMC', 'AFSM', 'ARKK', 'AVUV', 'BAPR', 'IVOO', 'IVOV', 'IVV', 'IVW', 'IWC', 'IWN', 'IWO', 'IWP', 'IWR', 'IWS', 'IYY', 'SPLV', 'SPMD', 'SPMO', 'SPMV', 'SPSM', 'SPUS', 'SPUU', 'SPVM', 'SPVU', 'SPXE', 'SPXL', 'SPXN', 'SPXS', 'SPXT', 'SPXU', 'SPXV', 'SPYD', 'SPYG', 'SPYV', 'SPYX', 'SQEW', 'SQLV', 'SSLY', 'SSO', 'SSPY', 'SVAL', 'SYLD', 'TMDV', 'TPHD', 'TPLC', 'TPSC', 'UAUG', 'UJAN', 'UMAR', 'UMAY', 'UOCT', 'UPRO', 'USMC', 'USMF', 'USVM']",BND,2023-11-15
Live Off Of Dividends Forever With Enterprise Products Partners,Living off of dividends forever requires investors incorporating 3 key principles into their portfolio construction. Find out how EPD meets these requirements.,2023-11-27 13:05:00+00:00,https://seekingalpha.com/article/4654144-live-off-of-dividends-forever-with-enterprise-products-partners,Seeking Alpha,0.06818181818181818,0.75,neutral,0.06818181818181818,False,False,False,False,True,True,False,False,0.0,224,"['AMLP', 'AMZN', 'BIZD', 'BND', 'QQQ', 'SCHD', 'SPG', 'SPY', 'VNQ', 'XLU', 'ZM', 'EPD']",BND,2023-11-27
"Real Estate Stocks Heat Up Again, Leading Broad Market Rally in November",,2023-12-01 12:57:00+00:00,https://www.investing.com/analysis/real-estate-stocks-heat-up-again-leading-broad-market-rally-in-november-200644064,Investing.com,0.13125,0.30625,positive,0.13125,False,False,False,False,False,False,False,False,0.0,74,"['VNQ', 'VTI', 'BND', 'GSG', 'GLD']",BND,2023-12-01
"Investors Pour Billions To Aggressive Bond ETFs, Banking On Multiple Fed Rate Cuts in 2024","In recent weeks, several bond exchange-traded funds (ETFs) have experienced a significant surge in inflows, indicating a heightened interest among investors. 
This shift coincided with a market that significantly upped bets on Federal Reserve rate cuts for 2024, backed by a robust and ongoing disinflationary trend in the U.S. economy. 
Speculators have gone as far as factoring in an initial rate cut as early as March 2024, with whispers of a total of five rate cuts by December 2024.
But which bond ETFs are currently piquing investors’ interest?
From ‘Cash-Like’ to ‘Equity-Like’
While the third quarter in 2023 witnessed a notable uptick in inflows into cash-linked bond ETFs, primarily those investing in short-dated Treasury ...Full story available on Benzinga.com",2023-12-05 23:18:14+00:00,https://www.benzinga.com/markets/bonds/23/12/36104556/investors-pour-billions-to-aggressive-bond-etfs-banking-on-multiple-fed-rate-cuts-in-2024,Benzinga,0.2033333333333333,0.45000000000000007,positive,0.2033333333333333,False,False,False,False,False,False,False,False,0.0,864,"['AGG', 'BND', 'EMB', 'HYG', 'JNK', 'TLT', 'VGLT', 'BNDX', 'USHY', 'IGIB']",BND,2023-12-05
How To Live Off Of Dividends For Potentially Life-Changing Passive Income,Achieving financial independence through passive income can truly be life changing. Find out why and how to do this and some of our top picks.,2023-12-06 13:35:00+00:00,https://seekingalpha.com/article/4656281-how-to-live-off-of-dividends-life-changing-passive-income,Seeking Alpha,0.1590909090909091,0.5,positive,0.1590909090909091,False,False,False,False,False,True,False,False,0.0,217,"['AMLP', 'BND', 'ENB', 'EPD', 'ET', 'JNJ', 'KO', 'LOW', 'MCD', 'NOBL', 'O', 'SCHD', 'SPY', 'VNQ', 'VYM', 'WMT']",BND,2023-12-06
A Guide to the 25 Cheapest ETFs,"We have highlighted the 25 cheapest ETFs currently on the market, which have an AUM of more than $50 million.",2023-12-08 15:00:00+00:00,https://www.zacks.com/stock/news/2195496/a-guide-to-the-25-cheapest-etfs,Zacks Investment Research,0.25,0.45,positive,0.25,False,False,False,False,False,False,False,False,0.0,142,"['SPMD', 'SFY', 'VTI', 'VOO', 'BND', 'SCHZ', 'AGG', 'IVV', 'SCHO', 'SCHB', 'STIP', 'ITOT', 'SCHP', 'SCHX', 'SPDW', 'SPLG', 'SPAB', 'SPSM', 'SPTL', 'SPTM', 'SPTS', 'BBUS', 'SFYX', 'BKLC', 'BKAG']",BND,2023-12-08
A Guide to the 25 Cheapest ETFs,"We have highlighted the 25 cheapest ETFs currently on the market, which have an AUM of more than $50 million.",2023-12-08 15:00:00+00:00,https://www.zacks.com/stock/news/2195495/a-guide-to-the-25-cheapest-etfs,Zacks Investment Research,0.25,0.45,positive,0.25,False,False,False,False,False,False,False,False,0.0,142,"['SPMD', 'SFY', 'VTI', 'VOO', 'BND', 'SCHZ', 'AGG', 'IVV', 'SCHO', 'SCHB', 'STIP', 'ITOT', 'SCHP', 'SCHX', 'SPDW', 'SPLG', 'SPAB', 'SPSM', 'SPTL', 'SPTM', 'SPTS', 'BBUS', 'SFYX', 'BKLC', 'BKAG']",BND,2023-12-08
Total Bond Market ETF (BND) Tops $100B in AUM,Vanguard Total Bond Market ETF (BND) has reached a milestone by surpassing $100 billion in assets. This is the first time a bond ETF has broken this threshold since the inception of such products over two decades ago.,2023-12-08 17:00:00+00:00,https://www.zacks.com/stock/news/2195661/total-bond-market-etf-bnd-tops-100b-in-aum,Zacks Investment Research,-0.030000000000000006,0.5466666666666666,neutral,0.030000000000000006,False,False,False,False,True,False,False,False,0.0,264,"['BND', 'AGG']",BND,2023-12-08
Investors Are Piling Into This Vanguard ETF. Here's Why It's Not Too Late to Join Them,The outlook for this market index hasn't been this strong in decades.,2023-12-09 15:50:00+00:00,https://www.fool.com/investing/2023/12/09/investors-are-piling-into-this-vanguard-etf-heres/,The Motley Fool,0.06666666666666665,0.6666666666666666,neutral,0.06666666666666665,False,False,False,False,False,False,False,False,0.0,157,['BND'],BND,2023-12-09
4 Vanguard ETFs That Could Help You Retire a Millionaire,"If you are looking to create a seven-figure nest egg, consider these four Vanguard ETFs today to simplify your investment life.",2023-12-13 12:41:00+00:00,https://www.fool.com/investing/2023/12/13/4-vanguard-etfs-may-help-you-retire-a-millionaire/,The Motley Fool,0.0,0.0,neutral,0.0,False,False,False,False,False,False,False,False,0.0,185,"['VIG', 'VYM', 'VTI', 'BND']",BND,2023-12-13
"Before You Buy a Target Date Fund, Consider This Simple 3-Fund Strategy First","Target date funds are great, but you can do even better without them.",2023-12-14 10:15:00+00:00,https://www.fool.com/retirement/2023/12/14/before-you-buy-a-target-date-fund-consider-this-si/,The Motley Fool,0.3875,0.4851190476190476,positive,0.3875,False,True,False,False,False,False,False,False,0.0,148,"['VTI', 'BND']",BND,2023-12-14
3 Vanguard ETFs That Can Serve as a Complete Portfolio,These three Vanguard funds are an easy way to grow your money over time.,2023-12-14 14:30:00+00:00,https://www.fool.com/investing/2023/12/14/3-vanguard-etfs-that-can-serve-as-a-complete-portf/,The Motley Fool,0.26666666666666666,0.6166666666666667,positive,0.26666666666666666,False,False,False,False,False,False,False,False,0.0,128,"['VOO', 'BND', 'VUG']",BND,2023-12-14
3 Vanguard ETFs Investors Couldn't Get Enough of in 2023 and the 1 I'd Buy for 2024,"Investors added $155 billion to Vanguard ETFs in 2023, and these three funds were some of the biggest beneficiaries.",2023-12-17 12:03:00+00:00,https://www.fool.com/investing/2023/12/17/vanguard-etf-investors-get-enough-2023-buy/,The Motley Fool,0.0,0.5,neutral,0.0,False,True,False,False,False,False,False,False,0.0,201,"['VBR', 'BND', 'VOO', 'VGIT']",BND,2023-12-17
US ETFs Surpass $8 Trillion In Assets: Top 10 Funds Holding Over $100B Each,"New research from Goldman Sachs reveals that U.S. Exchange-Traded Funds (ETFs) have surpassed the threshold of $8 trillion in assets under management (AUM), setting an all-time high this week. 
This milestone is another clear indicator of the robust health of the investment landscape in the United States, as major stock market indices trade at or near their record levels. 
The S&P 500, for instance, has rallied by 25% year to date, trading at a mere 1% distance from its all-time highs. Tech stocks in the Nasdaq 100 have soared 53% year to date, hitting a record high on Tuesday.
But the increase in the ETF market size isn't just about a bullish stock ...Full story available on Benzinga.com",2023-12-19 15:23:19+00:00,https://www.benzinga.com/markets/equities/23/12/36306556/us-etfs-surpass-8-trillion-in-assets-top-10-funds-holding-over-100b-each,Benzinga,0.12431818181818183,0.46865319865319865,positive,0.12431818181818183,False,False,False,False,False,False,True,False,0.0,774,"['BND', 'IVV', 'RSP', 'SPY', 'TLT', 'VEA', 'VTV', 'VOO', 'QQQ', 'IEFA']",BND,2023-12-19
"'The switch was flipped': ETF flows pick up as stocks, bonds head for 2023 gains","U.S. stocks and bonds are up in 2023, in a big rebound from a brutal 2022.",2023-12-21 22:55:00+00:00,https://www.marketwatch.com/story/the-switch-was-flipped-etf-flows-pick-up-as-stocks-bonds-head-for-2023-gains-32ddb172,MarketWatch,-0.4375,0.55,negative,0.4375,False,False,False,False,False,False,False,False,0.0,156,"['SPY', 'AGG', 'BND', 'VPLS', 'VCRB', 'VUSB', 'BRTR', 'BINC', 'IUSB', 'XME', 'BLOK', 'USO', 'FDN', 'GSG', 'EWT', 'EMGF', 'VNM', 'REM', 'ASHR', 'ISPY', 'PJIO', 'PJBF', 'PJFM', 'PSH']",BND,2023-12-21
Is The Bond Market Set To Roar In 2024?,"The US bond market has had a rough ride for much of the past two years, but the powerful rally over the last two months suggests the worst is over.",2023-12-27 05:26:00+00:00,https://seekingalpha.com/article/4659831-is-the-bond-market-set-to-roar-in-2024,Seeking Alpha,-0.14166666666666666,0.48611111111111116,negative,0.14166666666666666,False,False,False,False,False,False,False,False,0.0,188,"['TLT', 'TLH', 'EDV', 'SPTL', 'ZROZ', 'VGLT', 'LGOV', 'SCHQ', 'TFJL', 'TBJL', 'GOVZ', 'TBT', 'TMV', 'IEF', 'SHY', 'TBF', 'TMF', 'PST', 'TTT', 'IEI', 'BIL', 'TYO', 'UBT', 'UST', 'UTWO', 'VGSH', 'SHV', 'VGIT', 'GOVT', 'SCHO', 'TBX', 'SCHR', 'GSY', 'TYD', 'EGF', 'FIBR', 'GBIL', 'SGOV', 'SPTS', 'AGG', 'GVI', 'GBF', 'BND', 'BIV', 'OVB', 'PAB', 'SCHZ', 'CMBS', 'SPAB', 'AGGY', 'NUAG', 'BNDC', 'NUBD', 'UITB', 'HTAB', 'FFIU', 'EAGG', 'BBAG', 'FLCB', 'HCRB', 'GCOR', 'AVIG', 'BKAG', 'PIFI', 'FIGB', 'FSEC', 'GTO', 'BOND', 'BYLD', 'IUSB', 'FBND', 'VBND', 'TOTL', 'RFCI', 'IMTB', 'FIXD', 'HTRB', 'WBND', 'JCPB', 'EUSB', 'ESGB', 'MBB', 'SPTI', 'SPMB', 'VMBS', 'GNMA', 'MBSD', 'JMBS', 'MTGP', 'FLGV', 'PFIX']",BND,2023-12-27
ETF Asset Report of Q4,"Wall Street witnessed an upbeat Q4 due to moderation in inflationary pressures, the likelihood of Fed rate cuts in 2024 and decent corporate earnings.",2023-12-28 13:42:00+00:00,https://www.zacks.com/stock/news/2203053/etf-asset-report-of-q4,Zacks Investment Research,0.013888888888888886,0.34722222222222215,neutral,0.013888888888888886,True,False,False,False,False,False,False,False,0.0,174,"['TLT', 'SPY', 'TIP', 'IWM', 'VTI', 'VOO', 'BND', 'IVV', 'VCSH', 'IGSB']",BND,2023-12-28
60/40 Portfolio Bounces Back From 2022 Slump: Is It The Right Investment Strategy For 2024?,"The traditional 60/40 investment portfolio has recorded a remarkable year of growth in 2023, sharply rebounding from a disappointing year in 2022. As of Dec. 27, the year-to-date performance of the 60/40 portfolio, benchmarked by the iShares Core Growth Allocation ETF (NYSE:AOR), stands at approximately 13%. 
This performance figure ranks as the third-best year for the strategy since its inception in 2008, trailing only behind the strong years of 2009 and 2019.
As we enter the new year, investors are pondering whether the favorable conditions that supported both equities and bonds in the second half of the year will endure.
60/40 Portfolio In 2022-2023: From Downturn to Upswing
The 60/40 portfolio is a time-tested investment strategy known for its simplicity and effectiveness. It involves allocating 60% of the portfolio to stocks and 40% to bonds, with the aim to strike a balance between risk and reward.
Stocks offer the potential for higher returns but come with higher risk, while bonds generally provide lower but more stable returns. By combining both asset classes, the portfolio naturally diversifies, potentially reducing the risk of significant losses since stocks and bonds often react differently to market conditions.
In 2022, the traditional 60/40 portfolio faced one of its most challenging years due to the Fed’s aggressive interest rate hikes, which created strong headwinds for both equities and fixed-income assets.
The gauge fell as much as 17%, wiping out a ...Full story available on Benzinga.com",2023-12-28 13:42:40+00:00,https://www.benzinga.com/markets/equities/23/12/36410490/6040-portfolio-bounces-back-from-2022-slump-is-it-the-right-investment-strategy-for-2024,Benzinga,0.11541648007165249,0.5852963128825197,positive,0.11541648007165249,True,False,True,False,False,False,False,False,0.0,1623,"['AGG', 'AOR', 'BND', 'IVV', 'SPY', 'TLT', 'VT', 'VTI', 'ACWI', 'BNDX', 'BNDW']",BND,2023-12-28
"60-40 mix of stocks, bonds on verge of historic gains ‘after being written off'","The traditional portfolio of stocks and bonds has been on a tear over the past two months as the S&P 500 nears a record high, but it’s the big gains in fixed income that stand out, according to Bespoke Investment Group.",2023-12-29 10:23:00+00:00,https://www.marketwatch.com/story/classic-60-40-mix-of-stocks-bonds-on-verge-of-historic-gains-after-being-written-off-for-dead-6e7c0e9d,MarketWatch,0.001666666666666668,0.3066666666666667,neutral,0.001666666666666668,False,False,False,False,False,False,False,False,0.0,300,"['BND', 'AGG']",BND,2023-12-29
Investor Optimism Tested: Navigating 2024 Bond Market's Uncertain Terrain,"As 2023 concludes, the bond market has witnessed a remarkable rally, bolstered by the strength of the U.S. economy and a reduction in inflationary pressures.
Despite this, some analysts caution that investor optimism might be overly optimistic for the upcoming year, The Wall Street Journal reports.
What Happened: This past year, the bond market's journey has been marked by significant volatility. The 10-year U.S. Treasury note yield, a key market indicator, has dramatically fluctuated.
Initially driven to highs not seen in over a decade by concerns over persistent high interest rates, these yields have since retreated due to various factors, including banking sector stresses and shifts in Federal Reserve policies, WSJ reports. 
From its peak of over 5% in October, the highest in 16 years, the yield has retreated by a full percentage point, easing fears about its impact on broader economic factors such as mortgage and corporate loan rates.
There's a growing belief among economists and market participants in a 'soft landing' scenario, where inflation recedes without triggering major economic downturns like increased unemployment or a recession.
However, the bond market is not without its challenges. Issues such as the expanding fiscal deficit, the impending need to refinance low-rated corporate debt, ...Full story available on Benzinga.com",2023-12-30 15:18:47+00:00,https://www.benzinga.com/economics/macro-economic-events/23/12/36438336/investor-optimism-tested-navigating-2024-bond-markets-uncertain-terrain,Benzinga,0.12223684210526314,0.4257894736842105,positive,0.12223684210526314,False,False,True,False,False,True,False,False,0.0,1434,['BND'],BND,2023-12-30
"Forget Ford Stock, Buy This Instead For 2024 and Beyond","Ford may look cheap, but it could be a cheap-for-good-reason situation.",2024-01-08 14:01:00+00:00,https://www.fool.com/investing/2024/01/08/forget-ford-stock-buy-this-instead-for-2024-and-be/,The Motley Fool,0.4,0.7,positive,0.4,False,True,False,False,False,False,False,False,0.0,128,"['F', 'TSLA', 'HYG', 'BND']",BND,2024-01-08
Is the Bond Market Poised to Skyrocket in 2024? Here's What Wall Street Thinks.,There are a lot of bond market bulls on Wall Street these days.,2024-01-13 10:51:00+00:00,https://www.fool.com/investing/2024/01/13/is-the-bond-market-poised-to-skyrocket-in-2024-her/,The Motley Fool,0.0,0.0,neutral,0.0,False,False,False,False,False,False,False,False,0.0,144,['BND'],BND,2024-01-13
Massive Market Upheaval Likely Ahead: Buy Stocks With These 4 Traits,Markets underwent significant bifurcation over past year. Click here for 4 traits that we're looking for in stocks as we look ahead to this coming market upheaval.,2024-01-16 16:30:37+00:00,https://seekingalpha.com/article/4663085-massive-market-upheaval-likely-ahead-buy-stocks-with-these-4-traits,Seeking Alpha,0.03125,0.78125,neutral,0.03125,False,True,False,False,False,False,False,False,0.0,233,"['BND', 'PFFA', 'DIV', 'SPY', 'IWM', 'VNQ', 'XLU', 'QQQ', 'SCHD', 'EPD', 'ET']",BND,2024-01-16
"The More It Drops, The More I Buy","Recent sell-off in utilities, financials, and precious metals stocks is due to rising treasury yields because of hawkish comments from Fed officials and robust economic data. Read more here.",2024-01-19 12:05:00+00:00,https://seekingalpha.com/article/4663690-the-more-it-drops-the-more-i-buy,Seeking Alpha,0.29642857142857143,0.47500000000000003,positive,0.29642857142857143,False,True,False,False,False,False,False,False,0.0,225,"['XLU', 'KRE', 'GLD', 'SLV', 'GDX', 'BND', 'GOLD', 'NEM', 'AQN', 'NYCB', 'SPY', 'AQNB', 'AQNU']",BND,2024-01-19
Peace Dividend Cut Alert: Important Warning To Passive Income Investors,Implications of a potential cut in peace dividend on stocks and dividend investments are discussed while exploring strategies for portfolio protection. Learn what investors need to know.,2024-01-22 16:46:42+00:00,https://seekingalpha.com/article/4664192-peace-dividend-cut-alert-important-warning-to-passive-income-investors,Seeking Alpha,0.2,1.0,positive,0.2,False,False,False,False,False,True,False,False,0.4,259,"['BIZD', 'ARCC', 'MAIN', 'BX', 'KKR', 'BAM', 'BN', 'CG', 'AAPL', 'MMM', 'KO', 'LEG', 'PEP', 'MCD', 'RIO', 'BHP', 'FCX', 'SPY', 'SCHD', 'BND', 'SGOV', 'VIRT', 'GLD', 'IAU', 'AEM', 'NEM', 'GD', 'RTX', 'LHX', 'LMT', 'PLTR', 'HII']",BND,2024-01-22
JEPI Vs. SPYI: Only One Is A Worthy Passive Income Machine,We compare 2 high-yielding monthly dividend ETFs and share our take on which one makes for a better passive income machine. Read more on JEPI and SPYI ETFs here.,2024-01-25 13:45:00+00:00,https://seekingalpha.com/article/4664904-jepi-vs-spyi-only-one-worthy-passive-income-machine,Seeking Alpha,0.3333333333333333,0.75,positive,0.3333333333333333,False,False,False,False,False,True,False,False,0.0,221,"['BND', 'PFFA', 'VNQ', 'AMLP', 'BIZD', 'SCHD', 'SPY', 'MSFT', 'AMZN', 'TT', 'PGR', 'INTU', 'ACN', 'MA', 'V', 'META', 'AAPL', 'NVDA', 'GOOGL', 'GOOG', 'BRK.B', 'TSLA', 'QQQ', 'BRK.A', 'JEPI', 'SPYI']",BND,2024-01-25
A 9%-Yielding Portfolio With Low-Risk Dividends For Sustainable Passive Income,Passive income investing could help supercharge your retirement. Click here to read more on a six-piece investment approach.,2024-01-26 21:08:02+00:00,https://seekingalpha.com/article/4665379-a-9-percent-yielding-portfolio-with-low-risk-dividends-for-sustainable-passive-income,Seeking Alpha,0.5,0.5,positive,0.5,False,False,False,False,False,True,False,False,0.0,204,"['AMLP', 'BIZD', 'BND', 'BX', 'BXSL', 'ENB', 'ET', 'JEPI', 'KMI', 'MLPA', 'MLPX', 'PFFA', 'RQI', 'SPY', 'UTF', 'VNQ', 'XLU']",BND,2024-01-26
3 Vanguard Fixed-Income ETFs to Buy Before Rates Start to Fall,Early 2024 could be a great time to build out your portfolio's fixed-income allocation.,2024-01-30 10:51:00+00:00,https://www.fool.com/investing/2024/01/30/3-vanguard-fixed-income-etfs-to-buy-before-rates-s/,The Motley Fool,0.45,0.525,positive,0.45,False,True,False,False,False,False,False,False,0.0,151,"['BND', 'EDV', 'BNDW']",BND,2024-01-30
"A small bitcoin addition could double portfolio return, this asset manager says.","A weekly look at the most important news and moves in crypto, and what’s on the horizon in digital assets.",2024-01-31 19:00:00+00:00,https://www.marketwatch.com/story/a-small-bitcoin-addition-could-double-a-traditional-portfolios-return-this-asset-manager-says-7a8a2853,MarketWatch,0.13,0.38,positive,0.13,False,False,False,False,False,False,False,False,0.2,188,"['VT', 'BND', 'COIN']",BND,2024-01-31
2 Vanguard Funds I Plan on Buying for My Kids' Portfolios,"Between them, these exchange-traded funds can form the foundation of a potent long-term portfolio.",2024-02-07 12:00:00+00:00,https://www.fool.com/investing/2024/02/07/2-vanguard-funds-i-plan-on-buying-for-my-kids-port/,The Motley Fool,0.5,0.5,positive,0.5,False,True,False,False,False,False,False,False,0.0,157,"['VOO', 'BND']",BND,2024-02-07
5 ETFs Most Loved by Investors Last Week,"Overall, ETFs pulled in $3.8 billion in capital last week, taking year-to-date inflows to $35.5 billion.",2024-02-13 15:00:00+00:00,https://www.zacks.com/stock/news/2225544/5-etfs-most-loved-by-investors-last-week,Zacks Investment Research,0.24,0.2866666666666667,positive,0.24,False,False,False,False,False,False,False,False,0.0,146,"['TLT', 'XLY', 'VOO', 'BND', 'IVV']",BND,2024-02-13
Why high-yield bond ETFs may deliver ‘surprise’ outperformance in fixed income in 2024,"Junk-bond ETFs edged into positive territory on Thursday, while the broader bond market remains in the red.",2024-02-15 22:49:00+00:00,https://www.marketwatch.com/story/why-high-yield-bond-etfs-may-deliver-surprise-outperformance-in-fixed-income-in-2024-59df8c69,MarketWatch,0.10909090909090909,0.24848484848484845,positive,0.10909090909090909,False,False,False,False,False,False,False,False,0.0,195,"['JNK', 'HYG', 'AGG', 'BND', 'SPIB', 'VGLT', 'BITO', 'BITB', 'ARKB', 'GBTC', 'IBIT', 'UNG', 'MSOS', 'SIL', 'SILJ', 'GDXJ']",BND,2024-02-15
Is Vanguard Total Stock Market ETF a Millionaire Maker?,"The answer is yes, but there's a really important caveat that investors need to understand before they buy this ETF.",2024-02-17 12:05:00+00:00,https://www.fool.com/investing/2024/02/17/vanguard-total-stock-market-etf-millionaire-maker/,The Motley Fool,0.2,0.875,positive,0.2,False,True,False,False,False,False,False,False,0.2,173,"['VTI', 'BND']",BND,2024-02-17
Global Markets Extend Rally in February as US Stocks Shine,,2024-03-01 12:39:00+00:00,https://www.investing.com/analysis/global-markets-extend-rally-in-february-as-us-stocks-shine-200646492,Investing.com,0.0,0.0,neutral,0.0,False,False,False,False,False,False,False,False,0.0,60,"['VTI', 'VWO', 'BND']",BND,2024-03-01
"Here Are the ""Magnificent Seven"" ETFs to Buy in 2024 – Which Is Best for You?","These are the seven largest index funds in the market, and could provide maintenance-free returns for decades.",2024-03-12 10:07:00+00:00,https://www.fool.com/investing/2024/03/12/here-are-the-magnificent-seven-etfs-to-buy-in-2024/,The Motley Fool,1.0,0.65,positive,1.0,False,True,False,False,False,False,False,False,0.0,189,"['VTI', 'QQQ', 'VEA', 'BND', 'VXUS', 'VOO', 'VUG']",BND,2024-03-12
5 Things You Need To Know About Vanguard ETFs: Why There's No Bitcoin ETF In Their Lineup?,"Vanguard has become a towering figure in the world of exchange-traded funds (ETFs). 
As investors increasingly turn to ETFs for their diversification, lower costs, and liquidity, understanding the offerings and strategies of major players like Vanguard is essential. 
Yet, amidst this expansive array of financial instruments, one notable absence in Vanguard’s portfolio raises eyebrows: the lack of a Bitcoin ETF. 
Here, we delve into the five critical factors about Vanguard ETFs, also explaining why a Bitcoin ETF is deliberately missing from their portfolio lineup.
Vanguard’s Status In The ETF Arena
Vanguard ranks as the second-largest ETF issuer globally, overseeing a diverse portfolio of over a hundred ETFs and boasting an impressive $2.5 trillion in assets under management (AUM), just shy of BlackRock Inc. (NYSE:BLK), which leads with $2.7 trillion AUM.
The Vanguard S&P 500 ETF (NYSE:VOO), with $426 billion in AUM as of Mar. 14, 2024, is not only Vanguard’s flagship fund but also the world’s second-largest ETF, trailing slightly behind the SPDR S&P 500 ETF Trust (NYSE:SPY) at $503 billion. 
Top 7 Vanguard’s ETFs By AUM




ETF
AUM (bn)




Vanguard S&P 500 ETF 
426.87 


Vanguard Total Stock Market ETF 
385.48 ...Full story available on Benzinga.com",2024-03-14 20:47:40+00:00,https://www.benzinga.com/markets/cryptocurrency/24/03/37718785/5-things-you-need-to-know-about-vanguard-etfs-why-theres-no-bitcoin-etf-in-their-lineup,Benzinga,0.09000000000000001,0.46666666666666673,neutral,0.09000000000000001,False,False,True,False,False,False,True,False,0.2,1362,"['BND', 'SPY', 'VEA', 'VIG', 'VTI', 'VTV', 'VUG', 'BLK', 'VOO']",BND,2024-03-14
These 7 Index ETFs Are a Retiree's Best Friend,One of these ETFs has averaged annual gains of nearly 15% over the past decade.,2024-03-17 14:05:00+00:00,https://www.fool.com/investing/2024/03/17/these-7-index-etfs-are-a-retirees-best-friend/,The Motley Fool,0.2833333333333334,0.31666666666666665,positive,0.2833333333333334,False,False,False,False,False,False,False,False,0.0,127,"['VOO', 'SCHD', 'VTI', 'BND', 'VNQ', 'VUG', 'QQQM']",BND,2024-03-17
4 Vanguard ETFs That Could Help You Retire a Millionaire,"With just four Vanguard ETFs you can, almost literally, own the world. From there you just need to update your portfolio once a year.",2024-03-22 08:40:00+00:00,https://www.fool.com/investing/2024/03/22/vanguard-etf-could-help-retire-millionaire-vti/,The Motley Fool,0.6,1.0,positive,0.6,False,False,False,False,False,False,False,False,0.0,191,"['VTI', 'BND', 'VXUS', 'BNDX']",BND,2024-03-22
"Bond Traders Think Interest Rate Cuts Are Ahead, But One Caveat Keeps Yields Above 4%","The bond market is showing new signs of unpredictability as expectations over Fed rate cuts shift with every new piece of economic data.
Last week, Fed Chair Jerome Powell acknowledged that rate cuts for this year are being decided on a meeting-by-meeting basis. Therefore, it's not possible to predict how much the cost of borrowing will drop in 2024.
However, some investors continue to price in at least three rate cuts this year. This took the S&P 500 and other market gauges to record heights last week.
Investors priced in significant rate cuts for 2024 during the first two months, as inflation showed consistent signs of easing. 
But rising prices from February's CPI report came in above economist expectations. And stronger than expected economic activity shows that inflation could be harder to tame than many had hoped.
Meanwhile, the fear ...Full story available on Benzinga.com",2024-03-26 19:13:52+00:00,https://www.benzinga.com/news/24/03/37944570/bond-yields-continue-to-reflect-rate-cuts-but-one-caveat-is-keeping-them-above-4,Benzinga,0.09030303030303029,0.32962121212121215,neutral,0.09030303030303029,False,False,False,False,False,False,False,False,0.0,978,"['AGG', 'BND', 'TLT']",BND,2024-03-26
"If I Had to Construct a Portfolio of Just 5 ETFs, Here's Exactly What I'd Buy Right Now",It's possible to construct a winning long-term investment strategy with just low-cost index funds.,2024-04-26 08:51:00+00:00,https://www.fool.com/investing/2024/04/26/if-i-had-to-construct-a-portfolio-of-just-5-etfs-h/,The Motley Fool,0.2589285714285714,0.6339285714285714,positive,0.2589285714285714,False,True,False,False,False,False,False,False,0.0,187,"['VOO', 'VB', 'BND', 'VXUS', 'VNQ']",BND,2024-04-26
These 2 Index ETFs Are a Retiree's Best Friend,"If you are trying to keep things simple, then these two Vanguard ETFs will be all you need to build your retirement portfolio.",2024-05-12 15:25:00+00:00,https://www.fool.com/investing/2024/05/12/these-2-index-etfs-are-a-retirees-best-friend/,The Motley Fool,0.5,0.32857142857142857,positive,0.5,False,False,False,False,False,False,False,False,0.0,174,"['VTI', 'BND']",BND,2024-05-12
Disinflation Hopes Reshape Treasury Yields' Major Trend: 5 Bond ETFs Poised To Rally On Fed Rate Cuts,"A major trend shift is unfolding in the bond market, as key Treasury yields are currently testing the support of the crucial 200-day moving average, following the release of benign economic data that has cemented investor bets on Federal Reserve rate cuts.
Last month, the inflation rate calculated using the consumer price index (CPI) came in at 3.4% compared to the same month last year, down from 3.5% in March, and in line with the forecasted 3.4% increase. The “core” inflation rate, which excludes volatile energy and food prices, also matched estimates, falling from 3.8% to 3.6%.
April's inflation reading has raised hopes that the disinflation trend may restart after three consecutive higher-than-predicted CPI readings in the first quarter. 
In his recent comments, Federal Reserve Chair Jerome Powell downplayed concerns about a possible hike in interest rates, signaling that the next adjustment would likely be a reduction. However, he emphasized this cut might come later than the markets initially anticipated.
Money markets are currently factoring in a 50 basis point reduction in interest rates by the end of the year, with a 70% chance for the Federal Reserve to begin its loosening cycle in September.
Treasury Yields Eye 200-Day Moving Average Support
The yield on the benchmark ...Full story available on Benzinga.com",2024-05-16 17:55:20+00:00,https://www.benzinga.com/general/macro-notification/24/05/38880563/disinflation-hopes-reshape-treasury-yields-major-trend-5-bond-etfs-poised-to-rally-on-,Benzinga,0.023611111111111114,0.3832070707070707,neutral,0.023611111111111114,False,False,True,False,True,False,False,False,0.0,1442,"['BND', 'EMB', 'JNK', 'LQD', 'TLT']",BND,2024-05-16
You Can Do Better Than the S&P 500. Buy This ETF Instead,"The S&P 500 is great if you want to track the market, but what if your goals are a little different? For example, you need income...",2024-05-19 07:50:00+00:00,https://www.fool.com/investing/2024/05/19/do-better-than-sp-500-buy-this-etf-instead/,The Motley Fool,0.278125,0.5875,positive,0.278125,False,True,False,False,False,False,False,False,0.0,190,"['SCHD', 'SPY', 'BND', 'SPYD']",BND,2024-05-19
Is Aurora Cannabis Stock a Buy?,The company's cost-cutting initiative and pivot to medical cannabis could pay big dividends for patient shareholders.,2024-05-20 11:45:00+00:00,https://www.fool.com/investing/2024/05/20/is-aurora-cannabis-stock-a-buy/,The Motley Fool,0.0,0.05,neutral,0.0,False,True,False,False,False,True,False,False,0.0,150,"['ACB', 'BND', 'CGC', 'CURLF', 'GTBIF']",BND,2024-05-20
Is Tilray Brands Stock a Buy?,"Despite a broad rally in cannabis, this top Canadian LP has failed to join the party.",2024-05-20 12:30:00+00:00,https://www.fool.com/investing/2024/05/20/is-tilray-brands-stock-a-buy/,The Motley Fool,0.020833333333333332,0.37083333333333335,neutral,0.020833333333333332,False,True,False,False,False,False,False,False,0.0,116,"['TLRY', 'VOO', 'BND', 'CGC', 'ACB', 'IIPR', 'GTBIF']",BND,2024-05-20
2 Vanguard ETFs Perfect for the Lazy Investor,"The lazy portfolio is a popular concept that emphasizes low fees, simplicity, and diversification.",2024-05-22 11:05:00+00:00,https://www.fool.com/investing/2024/05/22/2-vanguard-etfs-perfect-for-the-lazy-investor/,The Motley Fool,0.22000000000000003,0.8400000000000001,positive,0.22000000000000003,False,False,False,False,False,False,False,False,0.0,145,"['VTI', 'BND']",BND,2024-05-22
Investors Fear Mounting US Debt Could Overshadow Bond Rally Ahead Of Presidential Elections,"Investors are growing increasingly concerned about the potential impact of the mounting U.S. debt on the bond market, with the issue expected to take center stage as the presidential election approaches.
What Happened: The U.S. government’s debt is expected to balloon, potentially overshadowing an anticipated bond rally. This is due to the ongoing large fiscal deficits, which show no signs of abating ahead of the presidential election, Reuters reported on Friday.
Investors are already adjusting their portfolios to mitigate potential losses if Treasury yields surge due to supply and demand imbalances. There are also concerns that the uncertainty surrounding the necessary debt for deficit spending could destabilize the ...Full story available on Benzinga.com",2024-05-24 14:09:04+00:00,https://www.benzinga.com/economics/macro-economic-events/24/05/39008167/investors-fear-mounting-us-debt-could-overshadow-bond-rally-ahead-of-presidential,Benzinga,0.0058441558441558435,0.588961038961039,neutral,0.0058441558441558435,True,False,False,False,False,True,False,False,0.0,859,"['BND', 'EMB', 'SPY', 'QQQ']",BND,2024-05-24
Looking for a Unique ETF? This One Is More Valuable As a Warning.,"Some investment approaches don't lend themselves to the ETF format, and merger arbitrage may be one of them.",2024-06-01 08:17:00+00:00,https://www.fool.com/investing/2024/06/01/looking-for-unique-etf-more-valuable-warning-arb/,The Motley Fool,0.4375,0.75,positive,0.4375,False,True,False,False,False,False,False,False,0.0,175,"['ARB', 'VTI', 'BND']",BND,2024-06-01
"Pressure Mounts On Fed As Eurozone, Canada Plan Interest Rate Cuts This Week","The European Central Bank is universally expected to cut interest rates for the Euro area this week.
Cutting back on interest rates for the first time in two decades can be seen as a positive sign for the dwindling European economy, which has been hit by slow growth and poor demographic patterns.
Average inflation in Euro area countries has been mostly on a downward trend since last year, reaching an annual 2.4% in both March and April, down from a peak of 10.6% in October 2022.
The measure, however, is very dynamic within the block, with figures as low as 0.4% for Lithuania and as high as 4.9% in Belgium.
The ECB commenced its latest rate hike cycle in July 2022. Key ECB interest rates, the European counterpart for the federal funds rate, was hiked a total of 10 times and now stands at 4%. The same rate has been kept steady since September of last year.
June's cut will bring the rate down by 25 basis points to a floor of 3.75%.
Yet the steady pace towards the ideal measure of 2% annual inflation might be hitting a roadblock this month, as Eurostat, the block's main statistics office, is estimatfing that May's inflation has gone up to 2.6%, above estimates of 2.5%.
If the measure is confirmed, it won’t interfere with plans to lower interest rates. It might influence a decision by the ECB to ...Full story available on Benzinga.com",2024-06-03 17:52:42+00:00,https://www.benzinga.com/news/24/06/39143285/pressure-mounts-on-fed-as-eurozone-canada-plan-interest-rate-cuts-this-week,Benzinga,0.06374714890843923,0.40983545128706417,neutral,0.06374714890843923,False,False,False,False,False,False,False,False,0.0,1429,"['AGG', 'BND', 'VNQ', 'SCHH', 'XLRE']",BND,2024-06-03
What's the Best Way to Invest in Stocks Without Any Experience? Try This Index Fund.,"This ETF keeps things simple, performs as well as the market, and gives you a chance to learn.",2024-06-21 08:37:00+00:00,https://www.fool.com/investing/2024/06/21/best-way-invest-stocks-no-experience-index-fund/,The Motley Fool,0.5,0.32857142857142857,positive,0.5,False,False,False,False,False,False,False,False,0.0,180,"['VTI', 'BND']",BND,2024-06-21
Market's Higher Neutral Rate Expectations May Challenge Bond ETFs,"Markets are expecting the neutral rate — a theoretical rate that remains stable due to full employment and stable inflation — to stay higher than policymakers are forecasting. What does this mean for bond exchange-traded funds?
A higher neutral rate may limit the Federal Reserve’s ability to cut interest rates, possibly causing headwinds for bonds, Bloomberg reports. 
Forward contracts on the five-year interest rate in the next five years — a proxy for the market's view of where U.S. rates might land — have stagnated at 3.6%. That is down from last year's peak of 4.5%, but it's still more than one full percentage point higher than the average over the past decade and above the Fed's own estimate of 2.75%.
This indicates the market is pricing ...Full story available on Benzinga.com",2024-06-24 16:16:48+00:00,https://www.benzinga.com/markets/bonds/24/06/39461432/markets-higher-neutral-rate-expectations-may-challenge-bond-etfs,Benzinga,0.11615497076023391,0.4351608187134503,positive,0.11615497076023391,False,False,False,False,False,False,False,False,0.0,858,"['AGG', 'BND', 'BNDX']",BND,2024-06-24
Bond Traders Expect Much Deeper Interest Rate Cuts Than Projected,"Bond traders predict that the Federal Reserve‘s interest-rate cuts will go well beyond what the agency has forecast for the next nine months.
Traders in the U.S. rates options market expect a much higher 3 percentage points worth of cuts by March. This dwarfs the Fed’s recent projections of just 25 basis points of reductions by the end of 2024 and a total 125-basis-point cut by the end of next year, Bloomberg reported.
Options-market activity ...Full story available on Benzinga.com",2024-06-26 18:07:36+00:00,https://www.benzinga.com/markets/bonds/24/06/39509605/bond-traders-expect-much-deeper-interest-rate-cuts-than-projected,Benzinga,0.14375,0.27499999999999997,positive,0.14375,False,False,False,False,False,False,False,False,0.0,553,"['AGG', 'BND', 'BNDX']",BND,2024-06-26
I Can't Think of a Better Vanguard ETF to Buy During the Stock Market Sell-Off Than This One,"The article discusses the current market decline and recommends the Vanguard Long-Term Bond ETF (BLV) as the best Vanguard ETF to buy during this sell-off, citing its performance and the potential benefits of long-term bonds in a declining interest rate environment.",2024-08-07 09:50:00+00:00,https://www.fool.com/investing/2024/08/07/i-cant-think-of-a-better-vanguard-etf-to-buy-durin/?source=iedfolrf0000001,The Motley Fool,0.375,0.55,positive,0.375,False,True,False,False,False,False,False,False,0.0,360,"['BLV', 'VNQ', 'VBR', 'BND']",BND,2024-08-07
I Need More Fixed Income in My Portfolio. Here Are 3 Great Vanguard ETFs That Could Help Me Get It.,"The article discusses the need for more fixed-income exposure in the author's portfolio and recommends three Vanguard ETFs that could help: Vanguard Total Bond Market ETF, Vanguard Long-Term Bond Index Fund, and Vanguard Emerging Markets Government Bond ETF.",2024-08-31 10:23:00+00:00,https://www.fool.com/investing/2024/08/31/i-need-more-fixed-income-in-my-portfolio-here-are/?source=iedfolrf0000001,The Motley Fool,0.38,0.54,positive,0.38,False,False,False,False,False,False,False,False,0.0,359,['BND'],BND,2024-08-31
Vanguard annonce les distributions de bénéfices en espèces pour les FNB Vanguard,"Vanguard Canada announced the final distribution amounts for September 2024 for its listed ETFs on the Cboe Canada exchange. Registered unitholders as of October 1, 2024, will receive cash payments on October 8, 2024.",2024-09-23 18:45:00+00:00,https://www.globenewswire.com/news-release/2024/09/23/2951707/0/fr/Vanguard-annonce-les-distributions-de-b%C3%A9n%C3%A9fices-en-esp%C3%A8ces-pour-les-FNB-Vanguard.html,GlobeNewswire Inc.,0.0,1.0,neutral,0.0,False,False,False,False,False,False,False,False,0.0,299,"['BND', 'BNDX']",BND,2024-09-23
2 Low-Cost Vanguard ETFs for Set-and-Forget Investors,"The article discusses the benefits of investing in Vanguard's S&P 500 ETF (VOO) and Total Bond Market Index Fund (BND) as a simple yet effective investment strategy. It highlights the low expense ratios, broad diversification, and alignment with Warren Buffett's 90/10 investment approach.",2024-10-22 09:30:00+00:00,https://www.fool.com/investing/2024/10/22/2-low-cost-vanguard-etfs-for-set-and-forget-invest/?source=iedfolrf0000001,The Motley Fool,0.1325,0.5039285714285715,positive,0.1325,False,False,False,False,False,False,False,False,0.0,344,"['VOO', 'BND', 'AAPL', 'MSFT', 'NVDA']",BND,2024-10-22
Vanguard annonce les distributions de bénéfices en espèces pour les FNB Vanguard,"Vanguard Canada announced the final distribution amounts for October 2024 for its listed ETFs on the Cboe Canada exchange. Registered unitholders as of November 1, 2024, will receive cash payments on November 8, 2024.",2024-10-25 17:44:00+00:00,https://www.globenewswire.com/news-release/2024/10/25/2969614/0/fr/Vanguard-annonce-les-distributions-de-b%C3%A9n%C3%A9fices-en-esp%C3%A8ces-pour-les-FNB-Vanguard.html,GlobeNewswire Inc.,0.0,1.0,neutral,0.0,False,False,False,False,False,False,False,False,0.0,299,"['BND', 'BNDX']",BND,2024-10-25
3 Vanguard ETFs That Can Help Build Your Perfect Portfolio,"The article discusses a three-fund investment strategy using Vanguard ETFs, including the S&P 500 ETF, Growth ETF, and Total Bond Market Index Fund, as a simple and effective approach to building long-term wealth.",2024-12-11 11:30:00+00:00,https://www.fool.com/investing/2024/12/11/3-vanguard-etfs-that-can-help-build-your-perfect-p/?source=iedfolrf0000001,The Motley Fool,0.4,0.7267857142857144,positive,0.4,False,False,False,False,False,False,False,False,0.0,273,"['VOO', 'VUG', 'BND']",BND,2024-12-11
"Got $1,000? 3 Smart ETFs to Buy Before 2025 Begins.","The article discusses three ETFs that could benefit from falling interest rates in 2025: Schwab U.S. Dividend Equity ETF, Vanguard Total Bond Market ETF, and Vanguard Real Estate ETF. These ETFs are expected to outperform broader market ETFs if stocks take a breather.",2024-12-21 10:22:00+00:00,https://www.fool.com/investing/2024/12/21/got-1000-3-smart-etfs-to-buy-before-2025-begins/?source=iedfolrf0000001,The Motley Fool,0.07857142857142857,0.5232142857142857,neutral,0.07857142857142857,False,True,False,False,False,True,False,False,0.0,321,"['SCHD', 'BND', 'VNQ']",BND,2024-12-21
