title,description,published_utc,article_url,publisher,sentiment_polarity,sentiment_subjectivity,sentiment_label,sentiment_confidence,keywords_earnings,keywords_acquisition,keywords_regulation,keywords_partnership,keywords_product,keywords_financial,keywords_leadership,keywords_lawsuit,urgency_score,text_length,tickers,ticker,date
25 Stocks Moving in Wednesday's Pre-Market Session,"Gainers

RiceBran Technologies (NASDAQ: RIBT) rose 16.1% to $1.37 in pre-market trading after jumping around 27% on Tuesday. The company is scheduled to report Q1 earnings today.
Mind Medicine (MindMed) Inc. (NASDAQ: MNMD) rose 13.7% to $4.57 in pre-market trading. Mind Medicine commenced trading its subordinate voting shares on The Nasdaq Capital Market Tuesday.
Sphere 3D Corp. (NASDAQ: ANY) rose 12.6% to $2.43 in pre-market trading after falling over 6% on Tuesday.
Tian Ruixiang Holdings Ltd (NASDAQ: TIRX) shares rose 10.3% to $18.07 in pre-market trading. Tian Ruixiang shares climbed over 36% on Tuesday after the company reported its financial results for the fiscal year ended October 31, 2020.
Deutsche Bank Aktiengesellschaft (NYSE: DB) rose 7.7% to $13.30 in pre-market trading after reporting upbeat quarterly profit.
Aurora Mobile Limited (NASDAQ: JG) rose 7.7% to $3.79 in pre-market trading. Aurora Mobile and Zhengzhou Space-Time Tunnel Information Technology Co. recently announced a partnership.
GSX Techedu Inc. (NYSE: GSX) rose 7.7% to $34.44 in pre-market trading. The company recently reported FY20 earnings results.
Boyd Gaming Corporation (NYSE: BYD) rose 7.3% to $74.00 in pre-market trading after the company reported better-than-expected Q1 ...Full story available on Benzinga.com",2021-04-28 11:01:08+00:00,https://www.benzinga.com/news/21/04/20832442/25-stocks-moving-in-wednesdays-pre-market-session,Benzinga,0.3945054945054945,0.6648351648351649,positive,0.3945054945054945,True,False,False,True,False,False,False,False,0.0,1363,"['BNTC', 'GSX', 'BOXL', 'PLX', 'AZRX', 'AMGN', 'BIVI', 'MSFT', 'TELL', 'AMD', 'ZOM', 'BYD', 'JG', 'DB', 'TIRX', 'ENPH', 'PINS', 'MNMD', 'VTNR', 'GOOGL', 'ATOS', 'ALDX', 'RIBT', 'ANY', 'NXTD']",BNTC,2021-04-28
Mid-Morning Market Update: Markets Mixed; Alphabet Tops Q1 Expectations,"Following the market opening Wednesday, the Dow traded down 0.43% to 33,839.68 while the NASDAQ rose 0.10% to 14,104.41. The S&P also rose, gaining 0.19% to 4,194.68.
The U.S. has the highest number of coronavirus cases and deaths in the world, reporting a total of 32,176,050 cases with around 573,380 deaths. India confirmed a total of at least 17,997,110 cases and 201,180 deaths, while Brazil reported over 14,441,560 COVID-19 cases with 395,020 deaths. In total, there were at least 148,763,560 cases of COVID-19 worldwide with more than 3,136,870 deaths, according to data compiled by Johns Hopkins University.

Leading and Lagging Sectors

Communication services shares climbed by 2.3% on Wednesday. Meanwhile, top gainers in the sector included  Alphabet Inc. (NASDAQ: GOOG), up 6%, and  AirNet Technology Inc. (NASDAQ: ANTE), up 6%.

In trading on Wednesday, information technology shares fell 0.5%.

Top Headline
Google parent company Alphabet Inc (NASDAQ: GOOG)(NASDAQ: GOOGL) reported  better-than-expected  earnings for its first quarter on Tuesday.
Alphabet reported revenue of $55.3 billion in the first quarter, beating estimates of $51.7 billion. Earnings per share of $26.29 beat estimates ...Full story available on Benzinga.com",2021-04-28 14:12:13+00:00,https://www.benzinga.com/news/earnings/21/04/20838884/mid-morning-market-update-markets-mixed-alphabet-tops-q1-expectations,Benzinga,0.19084967320261437,0.5385620915032681,positive,0.19084967320261437,True,False,True,False,False,False,False,False,0.0,1320,"['PLX', 'GOOG', 'GOOGL', 'ANTE', 'BNTC', 'BOXL', 'JG', 'MYT', 'CRTD']",BNTC,2021-04-28
41 Stocks Moving In Wednesday's Mid-Day Session,"Gainers

Aurora Mobile Limited (NASDAQ: JG) shares climbed 21.3% to $4.27 after Oppenheimer initiated coverage on the stock with an Outperform rating and a price target of $6 per share.
Creatd, Inc. (NASDAQ: CRTD) gained 20.9% to $4.51 after the company reported strategic investment in Untamed Photographer, NFT Collaboration, and Vocal Community and Challenge Sponsorships.
RiceBran Technologies (NASDAQ: RIBT) rose 18.2% to $1.3950 after jumping around 27% on Tuesday. The company is scheduled to report Q1 earnings today.
MicroVision, Inc. (NASDAQ: MVIS) gained 17% to $23.68. MicroVision is scheduled to report Q1 earnings tomorrow. MicroVision reported completion of long-range lidar sensor A-Sample hardware and development platform.
Uxin Limited (NASDAQ: UXIN) surged 15.3% to $2.3406 after the company reported Q3 earnings results.
Boxlight Corporation (NASDAQ: BOXL) shares climbed 14.8% to $2.80. Maxim Group reiterated Boxlight with a Buy and announced a $6 price target.
Century Casinos, Inc. (NASDAQ: CNTY) gained 14.8% to $12.88 after B. Riley FBR initiated coverage on the stock with a Buy rating and announced a price target of $18 per share.
ClearSign Technologies Corporation (NASDAQ: CLIR) gained 14.4% to $4.9185 as the company received certification for firetube boiler burner in China.
Shopify Inc. (NYSE: SHOP) surged 12% to $1,297.18 after the company reported better-than-expected Q1 results.
Unitil Corporation (NYSE: UTL) gained 11.7% to $55.78. Unitil will replace Waddell & Reed Financial in the S&P SmallCap 600 prior to the opening of trading on Monday, May 3.
Deutsche Bank Aktiengesellschaft (NYSE: DB) rose 10.1% to $13.60 after reporting upbeat quarterly profit.
Smart Share Global Limited (NASDAQ: EM) gained 10.1% to $9.34.
GSX Techedu Inc. (NYSE: GSX) rose ...Full story available on Benzinga.com",2021-04-28 16:06:35+00:00,https://www.benzinga.com/news/21/04/20842020/41-stocks-moving-in-wednesdays-mid-day-session,Benzinga,0.19999999999999998,0.39285714285714285,positive,0.19999999999999998,True,True,False,False,False,False,False,False,0.0,1884,"['NCR', 'BIVI', 'GSX', 'RRD', 'JG', 'PLX', 'UTL', 'UXIN', 'AMGN', 'EM', 'VNE', 'CNTY', 'ENPH', 'MYT', 'FFIV', 'CLIR', 'RVMD', 'MANH', 'PINS', 'CALT', 'MSFT', 'GOOGL', 'CRTD', 'MVIS', 'NTWK', 'ALDX', 'MNMD', 'NVAX', 'RIBT', 'NYMX', 'NXTD', 'SHOO', 'SHOP', 'DB', 'BNTC', 'G', 'BOXL', 'GNW', 'AVIR', 'HVT', 'AZRX']",BNTC,2021-04-28
Mid-Day Market Update: Crude Oil Rises 2%; Protalix BioTherapeutics Shares Plunge,"Midway through trading Wednesday, the Dow traded down 0.33% to 33,874.02 while the NASDAQ fell 0.07% to 14,079.66. The S&P also rose, gaining 0.15% to 4,193.17.
The U.S. has the highest number of coronavirus cases and deaths in the world, reporting a total of 32,176,050 cases with around 573,380 deaths. India confirmed a total of at least 17,997,110 cases and 201,180 deaths, while Brazil reported over 14,441,560 COVID-19 cases with 395,020 deaths. In total, there were at least 148,763,560 cases of COVID-19 worldwide with more than 3,136,870 deaths, according to data compiled by Johns Hopkins University.

Leading and Lagging Sectors

Energy shares climbed by 3.5% on Wednesday. Meanwhile, top gainers in the sector included  Nabors Industries Ltd. (NYSE: NBR), up 8%, and  Oceaneering International, Inc. (NYSE: OII), up 7%.

In trading on Wednesday, information technology shares fell 0.9%.

Top Headline
Google parent company Alphabet Inc (NASDAQ: GOOG)(NASDAQ: GOOGL) reported  better-than-expected  earnings for its first quarter on Tuesday.
Alphabet reported revenue of $55.3 billion in the first quarter, beating estimates of $51.7 billion. ...Full story available on Benzinga.com",2021-04-28 16:20:03+00:00,https://www.benzinga.com/news/earnings/21/04/20842351/mid-day-market-update-crude-oil-rises-2-protalix-biotherapeutics-shares-plunge,Benzinga,0.12152777777777779,0.5534722222222224,positive,0.12152777777777779,True,False,True,False,False,False,False,False,0.0,1276,"['PLX', 'GOOG', 'NBR', 'OII', 'GOOGL', 'BNTC', 'JG', 'UXIN', 'MYT', 'CRTD']",BNTC,2021-04-28
Mid-Afternoon Market Update: Dow Drops 90 Points; Fed Leaves Rates Unchanged,"Toward the end of trading Wednesday, the Dow traded down 0.26% to 33,894.93 while the NASDAQ fell 0.01% to 14,090.09. However, the S&P gained 0.13% to 4,192.05.
The U.S. has the highest number of coronavirus cases and deaths in the world, reporting a total of 32,176,050 cases with around 573,380 deaths. India confirmed a total of at least 17,997,110 cases and 201,180 deaths, while Brazil reported over 14,441,560 COVID-19 cases with 395,020 deaths. In total, there were at least 148,763,560 cases of COVID-19 worldwide with more than 3,136,870 deaths, according to data compiled by Johns Hopkins University.

Leading and Lagging Sectors

Energy shares climbed by 3.3% on Wednesday. Meanwhile, top gainers in the sector included  U.S. Silica Holdings, Inc. (NYSE: SLCA), up 11%, and  TechnipFMC plc (NYSE: FTI), up 10%.

In trading on Wednesday, information technology shares fell 0.9%.

Top Headline
The Federal Reserve left interest rates unchanged during its latest meeting.

Equities Trading UP

Aurora Mobile Limited (NASDAQ: JG) shares shot up 16% ...Full story available on Benzinga.com",2021-04-28 18:37:04+00:00,https://www.benzinga.com/news/earnings/21/04/20845863/mid-afternoon-market-update-dow-drops-90-points-fed-leaves-rates-unchanged,Benzinga,0.1409297052154195,0.5201247165532881,positive,0.1409297052154195,False,False,True,False,False,False,False,False,0.0,1173,"['PLX', 'FTI', 'UTL', 'SLCA', 'BNTC', 'JG', 'UXIN', 'MYT']",BNTC,2021-04-28
60 Biggest Movers From Yesterday,"Gainers

Brooklyn ImmunoTherapeutics, Inc. (NYSE: BTX) shares gained 75.6% to settle at $43.73 on Wednesday. The company recently said it paid $1 million towards acquisition of license for mRNA technology platform to develop genetically edited cells for multiple cancers and blood disorders.
Uxin Limited (NASDAQ: UXIN) shares jumped 45.3% to close at $2.95 on Wednesday after the company reported Q3 earnings results.
Regional Health Properties, Inc. (NYSE: RHE) surged 44.8% to settle at $6.37.
Galectin Therapeutics Inc. (NASDAQ: GALT) rose 22.6% to close at $5.10. The company recently announced neurosurgeon Dr. Ben Carson, Sr. joined the team as a special consultant to accelerate and enhance development of the company's galectin-3 inhibitor, belapectin.
Aurora Mobile Limited (NASDAQ: JG) shares gained 19.6% to close at $4.21 on Wednesday after Oppenheimer initiated coverage on the stock with an Outperform rating and a price target of $6 per share.
Shineco, Inc. (NASDAQ: TYHT) surged 17.7% to close at $9.79.
ClearSign Technologies Corporation (NASDAQ: CLIR) surged 16.3% to close at $5.00 as the company received certification for firetube boiler burner in China.
Vyant Bio, Inc. (NASDAQ: VYNT) jumped 16% to close at $4.65. Vyant Bio, Ordaōs Bio and Cellaria, recently announced collaboration to 'design and qualify biomarker-specific small protein therapeutics.'
Enveric Biosciences, Inc. (NASDAQ: ENVB) surged 15.4% to close at $2.70.
China Green Agriculture, Inc. (NYSE: CGA) gained 15.4% to settle at $13.68.
Unitil Corporation (NYSE: UTL) climbed 15.3% to settle at $57.57. Unitil will replace Waddell & Reed Financial in the S&P SmallCap 600 prior to the opening of trading on Monday, May 3.
Genworth Financial, Inc.  (NYSE: GNW) rose 15.2% to close at $4.40. Genworth Financial will replace Glu Mobile in the S&P SmallCap 600 prior to the opening of trading on Monday, May 3.
VistaGen Therapeutics, Inc. (NASDAQ: VTGN) gained 15.1% to close at $2.44.
22nd Century Group, Inc. (NYSE: XXII) shares rose 14.5% to settle at $5.62.
Century Casinos, Inc. (NASDAQ: CNTY) surged 14.2% to close at $12.81 after B. Riley FBR initiated coverage on the stock with a Buy rating and announced a price target of $18 per share.
Ault Global Holdings, Inc. (NYSE: DPW) jumped 14% to settle at $2.85.
Boxlight Corporation (NASDAQ: BOXL) shares gained 13.9% to settle at $2.78. Maxim Group reiterated Boxlight with a Buy and announced a $6 price target.
Mind Medicine (MindMed) Inc. (NASDAQ: MNMD) climbed 13.7% to close at $4.57. Mind ...Full story available on Benzinga.com",2021-04-29 09:21:31+00:00,https://www.benzinga.com/news/21/04/20856502/60-biggest-movers-from-yesterday,Benzinga,0.10338345864661652,0.2924812030075188,positive,0.10338345864661652,True,True,False,False,False,False,False,False,0.0,2610,"['RIBT', 'CGA', 'SPOT', 'GNW', 'MDLY', 'DPW', 'UXIN', 'HVT', 'NXTD', 'GSX', 'VNE', 'NCR', 'TUSK', 'PLX', 'MYT', 'PBI', 'SHOP', 'AMGN', 'RVMD', 'RRD', 'BNTC', 'CNTY', 'CALT', 'UTL', 'BOXL', 'CYBE', 'CRTD', 'EM', 'EVRI', 'FFIV', 'ENVB', 'BTX', 'VTGN', 'HELE', 'AGFY', 'SLCA', 'AVIR', 'MANH', 'VYNT', 'GALT', 'AZRX', 'MSFT', 'MNMD', 'ENPH', 'TYHT', 'NTWK', 'CLIR', 'REVG', 'NYMX', 'XXII', 'BIVI', 'SHOO', 'PINS', 'GOOGL', 'JG', 'DB', 'ALDX', 'RHE', 'G']",BNTC,2021-04-29
26 Stocks Moving in Thursday's Pre-Market Session,"Gainers

Fuel Tech, Inc. (NASDAQ: FTEK) shares rose 26.3% to $2.45 in pre-market trading after the company reported upbeat results for its first quarter on Wednesday.
Celyad Oncology SA (NASDAQ: CYAD) rose 15.6% to $6.14 in pre-market trading. Celyad Oncology will present data from Phase 1 IMMUNICY-1 trial of non-gene edited allogeneic CAR T candidate CYAD-211 in relapsed/refractory multiple myeloma at the European Hematology Association Virtual Congress.
A-Mark Precious Metals, Inc. (NASDAQ: AMRK) rose 14.5% to $44.99 in pre-market trading after the company reported a sharp rise in Q3 earnings.
Silvergate Capital Corporation (NYSE: SI) shares rose 11.2% to $89.89 in pre-market trading after Diem announced a partnership with the company to become the exclusive issuer of the Diem USD stablecoin.
Sonos, Inc. (NASDAQ: SONO) shares rose 10.9% to $34.91 in pre-market trading after the company swung to a profit in the second quarter and raised FY21 sales guidance.
Predictive Oncology Inc. (NASDAQ: POAI) rose 10% to $0.9678 in pre-market trading after the company reported a narrower Q1 loss.
InnSuites Hospitality ...Full story available on Benzinga.com",2021-05-13 11:01:06+00:00,https://www.benzinga.com/news/21/05/21101195/26-stocks-moving-in-thursdays-pre-market-session,Benzinga,0.33035714285714285,0.5845238095238096,positive,0.33035714285714285,True,False,True,True,False,False,False,False,0.0,1214,"['LLIT', 'IHT', 'METC', 'CRIS', 'SLNO', 'FTEK', 'FUV', 'NCTY', 'RIOT', 'SONO', 'GRIN', 'SI', 'CAN', 'POAI', 'MARA', 'ONEM', 'EVOK', 'VRM', 'AMC', 'LHDX', 'AMRK', 'CYAD', 'BNTC', 'TLGT', 'WISH', 'GRWG']",BNTC,2021-05-13
44 Stocks Moving In Thursday's Mid-Day Session,"Gainers

Reliance Global Group, Inc. (NASDAQ: RELI) jumped 38.7% to $4.0901 after the company said it has acquired a premier health insurance agency, J.P. Kush and Associates, Inc.
InnSuites Hospitality Trust (NYSE: IHT) shares climbed 33% to $7.49 after dropping around 15% on Wednesday.
Trinity Biotech plc (NASDAQ: TRIB) gained 23.9% to $3.6301.
Mesa Royalty Trust (NYSE: MTR) shares jumped 23.9% to $6.28 after gaining 18% on Wednesday.
Flux Power Holdings, Inc. (NASDAQ: FLUX) gained 19.6% to $9.20 after the company reported better-than-expected Q3 results.
Moxian, Inc. (NASDAQ: MOXC) rose 19.3% to $9.18.
Comstock Holding Companies, Inc.  (NASDAQ: CHCI) gained 19% to $7.34 after gaining 8% on Wednesday.
Silvergate Capital Corporation (NYSE: SI) shares climbed 18.5% to $95.75 after Diem announced a partnership with the company to become the exclusive issuer of the Diem USD stablecoin.
Ramaco Resources, Inc. (NASDAQ: METC) rose 17.8% to $4.9110 after the company reported an increase in quarterly earnings.
MultiPlan Corporation (NYSE: MPLN) gained 17.4% to $7.22 after the company reported better-than-expected Q1 results.
Funko, Inc. (NASDAQ: FNKO) jumped 16.3% to $24.65 after B of A Securities upgraded the stock from Underperform to Buy and raised the price from $12 to $30 per share.
Verso Corporation (NYSE: VRS) gained 15.6% to $17.36. Verso reported commencement of $55m modified Dutch auction tender offer for its class A common stock.
AMC Entertainment Holdings, Inc.  (NYSE: AMC) shares rose 15.6% to $11.93.
Applied UV, Inc. (NASDAQ: ...Full story available on Benzinga.com",2021-05-13 16:05:58+00:00,https://www.benzinga.com/news/21/05/21109805/44-stocks-moving-in-thursdays-mid-day-session,Benzinga,0.31666666666666665,0.6249999999999999,positive,0.31666666666666665,True,True,True,True,False,False,False,False,0.0,1646,"['EAR', 'VRS', 'DXF', 'IHT', 'LEDS', 'BHR', 'ARRY', 'FLUX', 'RELI', 'CHCI', 'SQBG', 'ZVO', 'CRIS', 'MARA', 'YCBD', 'FARM', 'EVOK', 'VRM', 'FTEK', 'AMC', 'AUVI', 'PTIX', 'AMRK', 'AMWL', 'MPLN', 'SONO', 'CYAD', 'MASS', 'TRIB', 'MOXC', 'POSH', 'BW', 'BNTC', 'LHDX', 'FLR', 'WISH', 'GCI', 'LLIT', 'HAE', 'METC', 'MTR', 'URGN', 'SI', 'FNKO']",BNTC,2021-05-13
77 Biggest Movers From Yesterday,"Gainers

AMC Entertainment Holdings, Inc.  (NYSE: AMC) shares surged 23.7% to close at $12.77.
Moxian, Inc. (NASDAQ: MOXC) jumped 23.6% to close at $9.52.
Repro Med Systems, Inc. (NASDAQ: KRMD) gained 18.5% to settle at $4.17 following strong quarterly sales.
Lianluo Smart Limited (NASDAQ: LLIT) jumped 18.4% to close at $7.15 after dipping 38% on Wednesday.
Ramaco Resources, Inc. (NASDAQ: METC) jumped 16.8% to close at $4.87 after the company reported an increase in quarterly earnings.
Comstock Holding Companies, Inc.  (NASDAQ: CHCI) rose 16.5% to close at $7.19 after gaining 8% on Wednesday.
Flux Power Holdings, Inc. (NASDAQ: FLUX) jumped 16.4% to close at $8.95 after the company reported better-than-expected Q3 results.
Reliance Global Group, Inc. (NASDAQ: RELI) climbed 16.3% to close at $3.43 on Thursday after the company said it has acquired a premier health insurance agency, J.P. Kush and Associates, Inc.
MultiPlan Corporation (NYSE: MPLN) rose 16.3% to close at $7.15 after the company reported better-than-expected Q1 results.
A-Mark Precious Metals, Inc. (NASDAQ: AMRK) rose 15.7% to close at $45.42 after the company reported a sharp rise in Q3 earnings.
JanOne Inc. (NASDAQ: JAN) gained 15.4% to close at $6.81.
Sol-Gel Technologies Ltd. (NASDAQ: SLGL) surged 15.2% to close at $11.45 after the company reported a narrower quarterly loss.
InnSuites Hospitality Trust (NYSE: IHT) shares gained 14.2% to settle at $6.43 after dropping around 15% on Wednesday.
Bridgford Foods Corporation (NASDAQ: BRID) surged 14.2% to close at $20.10.
Verso Corporation (NYSE: VRS) jumped 13.9% to close at $17.09. Verso reported commencement of $55m modified Dutch auction tender offer for its class A common stock.
Trinity Biotech plc (NASDAQ: TRIB) climbed 13.9% to close at $3.36.
Fuel Tech, Inc. (NASDAQ: FTEK) shares jumped 13.9% to close at $2.21 after the company reported upbeat results for its first quarter on Wednesday.
Larimar Therapeutics, Inc. (NASDAQ: LRMR) rose 13.7% to close at $11.76. The company recently announced topline data from its Phase 1 multiple ascending dose trial evaluating CTI-1601 as a treatment for Friedreich's Ataxia (FA).
Silvergate Capital Corporation (NYSE: SI) shares jumped 13.7% to settle at $91.92 after Diem announced a partnership with the company to become the exclusive issuer of the Diem USD stablecoin.
GameStop Corp. (NYSE: GME) rose 13.6% to settle at $164.50.
BRT Apartments Corp. (NYSE: BRT) gained 13.5% to close at $18.27. BRT Apartments reported termination of public offering of common stock.
Charah Solutions, Inc. (NASDAQ: CHRA) surged 13.4% to settle at $5.93 following Q1 results.
Fossil Group, Inc. (NASDAQ: FOSL) climbed 13.1% to close at $11.35 ...Full story available on Benzinga.com",2021-05-14 09:19:44+00:00,https://www.benzinga.com/news/21/05/21122294/77-biggest-movers-from-yesterday,Benzinga,0.20005952380952383,0.5134523809523809,positive,0.20005952380952383,True,True,False,True,False,False,False,False,0.0,2790,"['KBNT', 'MARA', 'EAR', 'RIOT', 'BW', 'AUVI', 'RNA', 'IHT', 'FNKO', 'FLR', 'AMWL', 'EVOK', 'AHPI', 'SLGL', 'GCI', 'GME', 'MPLN', 'AMC', 'ARRY', 'FLGC', 'HAE', 'ATNF', 'AMRK', 'BFLY', 'DXF', 'SI', 'SIOX', 'ANIX', 'BRID', 'BHR', 'VRS', 'MASS', 'TUSK', 'CHCI', 'CHRA', 'EXPR', 'POSH', 'INM', 'CRIS', 'RELI', 'LEDS', 'BMBL', 'CYAD', 'FARM', 'ZVO', 'CELH', 'LHDX', 'MOXC', 'FOSL', 'YCBD', 'QUAD', 'VIRX', 'BNTC', 'FTEK', 'FREQ', 'MEIP', 'RPHM', 'WISH', 'NCTY', 'JAN', 'FLUX', 'OBLN', 'PTIX', 'KRMD', 'LRMR', 'SQBG', 'LLIT', 'SONO', 'HYMC', 'EYES', 'METC', 'TRIB', 'EBON', 'TRQ', 'URGN', 'BRT']",BNTC,2021-05-14
"Benzinga's Top Ratings Upgrades, Downgrades For February 17, 2022","Upgrades
HSBC upgraded the previous rating for Equinor ASA (NYSE:EQNR) from Hold to Buy. For the fourth quarter, Equinor had an EPS of $1.35, compared to year-ago quarter EPS of $0.17. The current stock performance of Equinor shows a 52-week-high of $32.16 and a 52-week-low of $17.78. Moreover, at the end of the last trading period, the closing price was at $29.45.   
Argus Research upgraded the previous rating for Canadian National Railway Co (NYSE:CNI) from Hold to Buy. For the fourth quarter, Canadian National Railway had an EPS of $1.36, compared to year-ago quarter EPS of $1.10. The current stock performance of Canadian National Railway shows a 52-week-high of $136.22 and a 52-week-low of $100.66. Moreover, at the end of the last trading period, the closing price was at $126.93.   
According to TD Securities, the prior rating for Equinix Inc (NASDAQ:EQIX) was changed from Hold to Buy. For the fourth quarter, Equinix had an EPS of $6.22, compared to year-ago quarter EPS of $5.76. At the moment, the stock has a 52-week-high of $885.26 and a 52-week-low of $586.73. Equinix closed at $673.58 at the end of the last trading period.   
For McCormick & Co Inc (NYSE:MKC), Argus Research upgraded the previous rating of Hold to Buy. For the fourth quarter, McCormick & Co had an EPS of $0.84, compared to year-ago quarter EPS of $0.79. The stock has a 52-week-high of $103.76 and a 52-week-low of $77.85. At the end of the last trading period, McCormick & Co closed at $98.39.   
For Check Point Software Technologies Ltd (NASDAQ:CHKP), BMO Capital upgraded the previous rating of Market Perform to Outperform. Check Point Software earned $2.25 in the fourth quarter, compared to $2.17 in the year-ago quarter. At the moment, the stock has a 52-week-high of $132.65 and a 52-week-low of $107.85. Check Point Software closed at $132.55 at the end of the last trading period.   
According to UBS, the prior rating for Packaging Corp of America (NYSE:PKG) was changed from Sell to Neutral. Packaging Corp of America earned $2.76 in the fourth quarter, compared to $1.33 in the year-ago quarter. The stock has a 52-week-high of $156.54 and a 52-week-low of $124.78. At the end of the last trading period, Packaging Corp of America closed at $148.49.   
B of A Securities upgraded the previous rating for Upstart Holdings Inc (NASDAQ:UPST) from Underperform to Buy. In the fourth quarter, Upstart Holdings showed an EPS of $0.89, compared to $0.07 from the year-ago quarter. The stock has a 52-week-high of $401.49 and a 52-week-low of $42.51. At the end of the last trading period, Upstart Holdings closed at $148.01.   
For Rhythm Pharmaceuticals Inc (NASDAQ:RYTM), Ladenburg Thalmann upgraded the previous rating of Neutral to Buy. Rhythm Pharmaceuticals earned $0.70 in the third quarter, compared to $0.77 in the year-ago quarter. The stock has a 52-week-high of $30.74 and a 52-week-low of $6.01. At the end of the last trading period, Rhythm Pharmaceuticals closed at $6.63.   
According to Wolfe Research, the prior rating for Consolidated Edison Inc (NYSE:ED) was changed from Underperform to Peer Perform. The stock has a 52-week-high of $87.67 and a 52-week-low of $65.56. At the end of the last trading period, Consolidated Edison closed at $81.08.   
For Ortho Clinical Diagnostics Holdings PLC (NASDAQ:OCDX), Evercore ISI Group upgraded the previous rating of In-Line to Outperform. In the fourth quarter, Ortho Clinical Diagnostic showed an EPS of $0.18, compared to $0.19 from the year-ago quarter. The current stock performance of Ortho Clinical Diagnostic shows a 52-week-high of $22.99 and a 52-week-low of $15.53. Moreover, at the end of the last trading period, the closing price was at $16.32.   
Cowen & Co. upgraded the previous rating for Yum Brands Inc (NYSE:YUM) from Market Perform to Outperform. For the fourth quarter, Yum Brands had an EPS of $1.02, compared to year-ago quarter EPS of $1.15. NoneAt the moment, the stock has a 52-week-high of $139.85 ...Full story available on Benzinga.com",2022-02-17 15:02:20+00:00,https://www.benzinga.com/analyst-ratings/upgrades/22/02/25689555/benzingas-top-ratings-upgrades-downgrades-for-february-17-2022,Benzinga,-0.02635658914728682,0.11162790697674423,neutral,0.02635658914728682,False,True,True,False,False,False,False,False,0.0,4098,"['CNM', 'ALLT', 'YUM', 'NVTS', 'ATCO', 'BCOV', 'CHKP', 'MNST', 'EQIX', 'BSAC', 'NVDA', 'UPST', 'PEGA', 'NMIH', 'ALV', 'RYTM', 'BCH', 'SHOP', 'BNTC', 'CF', 'SQ', 'CNI', 'ITCB', 'ED', 'ATUS', 'MKC', 'EQNR', 'MMM', 'REVB', 'PKG', 'MRKR', 'TRP', 'OCDX', 'TTM']",BNTC,2022-02-17
Benitec Biopharma Releases Q3 2022 Financial Results,"HAYWARD, Calif., May  16, 2022  (GLOBE NEWSWIRE) -- Benitec Biopharma Inc. (NASDAQ: BNTC) (“Benitec” or “the Company”), a development-stage, gene therapy-focused, biotechnology company developing novel genetic medicines based on its proprietary DNA-directed RNA interference (""ddRNAi"") platform, today announced financial results for its Fiscal Year Q3 ended March 31, 2022. The Company has filed its quarterly report on Form 10-Q for the quarter ended March 31, 2022, with the U.S. Securities and Exchange Commission.",2022-05-16 12:15:00+00:00,https://www.globenewswire.com/news-release/2022/05/16/2443887/0/en/Benitec-Biopharma-Releases-Q3-2022-Financial-Results.html,GlobeNewswire Inc.,0.0,0.0,neutral,0.0,False,False,True,False,True,False,False,False,0.0,572,['BNTC'],BNTC,2022-05-16
Penny Stocks To Buy Now? 4 Biotech Stocks To Watch Before July 2022,"Biotech penny stocks to watch right now.
The post Penny Stocks To Buy Now? 4 Biotech Stocks To Watch Before July 2022 appeared first on Penny Stocks to Buy, Picks, News and Information | PennyStocks.com.",2022-06-24 15:21:57+00:00,https://pennystocks.com/featured/2022/06/24/penny-stocks-buy-now-4-biotech-stocks-watch-july-2022/,PennyStocks,0.26785714285714285,0.43452380952380953,positive,0.26785714285714285,False,True,False,False,False,False,False,False,0.0,272,"['BNTC', 'CLVS', 'NVTA', 'TCRT']",BNTC,2022-06-24
"Zendesk, Quotient, + 40 Stocks Moving In Friday's Mid-Day Session","Gainers

USA Truck, Inc.  (NASDAQ: USAK) shares jumped 111% to $30.76. DB Schenker and USA Truck announced plans to combine and create premier North American transportation solutions provider.
ToughBuilt Industries, Inc.  (NASDAQ: TBLT) jumped 78.2% to $3.10 after jumping 26% on Thursday. ToughBuilt Industries reported closing of $6 million public offering.
Benitec Biopharma Inc. (NASDAQ: BNTC) surged 67.6% to $1.24. Benitec Biopharma, last month, posted a Q3 loss of $0.40 per share.
Wrap Technologies, Inc. (NASDAQ: WRAP) gained 48% to $2.77 in possible anticipation of protests after the US Supreme Court overturned Roe vs Wade. The company develops policing solutions to law enforcement and security personnel.
Evofem Biosciences, Inc. (NASDAQ: EVFM) jumped 33% to $0.4230. Evofem Biosciences recently announced results of post hoc analysis of registrational Phase 3 AMPOWER trial.
Zendesk, Inc.  (NYSE: ZEN) gained 27.5% to $73.88. Global investment firms Permira and Hellman & Friedman LLC agreed to takeover Zendesk in an all-cash transaction that values Zendesk at $10.2 billion.
Greenlane Holdings, Inc.  (NASDAQ: GNLN) shares rose 22.4% to $0.3217 after the company said it has begun shipping previously-restricted electronic nicotine delivery systems via a USPS exemption.
Molecular Templates, Inc. (NASDAQ: MTEM) climbed 21.1% to $1.15.
Anebulo Pharmaceuticals, Inc. (NASDAQ: ANEB) surged 20.6% to $5.10. Anebulo Pharmaceuticals will announce topline data for ANEB-001 from an ongoing Phase 2 clinical trial for acute cannabinoid intoxication on ...",2022-06-24 16:07:20+00:00,https://www.benzinga.com/news/22/06/27846005/zendesk-quotient-40-stocks-moving-in-fridays-mid-day-session,Benzinga,0.15,0.4041666666666666,positive,0.15,True,False,True,False,False,False,False,True,0.0,1632,"['AVYA', 'JANX', 'NVX', 'MTEM', 'LVOX', 'PTN', 'LYL', 'MITQ', 'CAMP', 'PETZ', 'CELU', 'TREE', 'EVFM', 'PRDS', 'USAK', 'BHC', 'TCRT', 'CCL', 'TBLT', 'GNS', 'OII', 'MDJH', 'LLAP', 'RCL', 'PBTS', 'JCSE', 'WRAP', 'BHAT', 'PEV', 'XXII', 'GNLN', 'NRBO', 'WKEY', 'EVOK', 'AKUS', 'QTNT', 'UPC', 'ZEN', 'VALN', 'BSGM', 'ANEB', 'BNTC']",BNTC,2022-06-24
"This Healthcare Stock Jumps Around 188%, Here's 83 Biggest Movers From Yesterday","Gainers

Evofem Biosciences, Inc. (NASDAQ: EVFM) shares jumped 187.7% to close at $1.07 on Monday amid the Supreme Court overturning Roe V Wade.
Acutus Medical, Inc. (NASDAQ: AFIB) climbed 87.6% to close at $1.01 after the company announced the commercial launch of its left-heart access products.
Epizyme, Inc.  (NASDAQ: EPZM) jumped 55.1% to close at $1.48. Ipsen SA (OTC: IPSEY) agreed to acquire Epizyme at $1.45 per share for approximately $247 million, plus one contingent value right (CVR) per share.
Axsome Therapeutics, Inc.  (NASDAQ: AXSM) shares surged 51.4% to settle at $37.03 after the company received proposed labeling from the U.S. Food and Drug Administration for its treatment of major depressive disorder.
NeuroSense Therapeutics Ltd. (NASDAQ: NRSN) surged 48.8% to close at $2.50 after the company reported results from a stage III ALS Biomarker study evaluating PrimeC. Preliminary results showed levels of disease-related biomarkers in people with ALS were steady, in contrast to a statistically significant decline portrayed in biomarkers when PrimeC was administered.
Bellerophon Therapeutics, Inc. (NASDAQ: BLPH) climbed 42.4% to close at $1.31 on Monday.
InflaRx N.V.  (NASDAQ: IFRX) shares climbed 38.3% to close at $0.8900 after tumbling around 34% on Friday.
Kiromic BioPharma, Inc.  (NASDAQ: KRBP) jumped 36.1% to close at $0.4901 after dropping more than 25% on Friday. Kiromic BioPharma recently announced a strategic pipeline shift to prioritize its allogeneic, non-engineered off-the-shelf product candidate, Deltacel/KB-GDT.
Aspira Women's Health Inc. (NASDAQ: AWH) jumped 32.4% to close at $0.6810.
Visionary Education Technology Holdings Group Inc. (NASDAQ: VEDU) gained 33.2% to close at $2.61.
Idera Pharmaceuticals, Inc. (NASDAQ: IDRA) climbed 32.1% to close at $0.4360.
Femasys Inc. (NASDAQ: FEMY) gained 30.9% to settle at $2.46. Maxim Group recently initiated coverage on Femasys with a Buy rating and announced a price target of $5.
Marker Therapeutics, Inc. (NASDAQ: MRKR) jumped 30.8% to close at $0.34.
Marker Therapeutics, last month, posted a Q1 net loss of $9.9 million.
Landos Biopharma, Inc. (NASDAQ: LABP) climbed 29.5% to settle at $0.79. Landos recently named Gregory Oakes as President and Chief Executive Officer.
Nutriband Inc. (NASDAQ: NTRB) rose 27% to close at $4.98.
Entrada Therapeutics, Inc. (NASDAQ: TRDA) gained 26.7% to close at $12.43.
Sigma Labs, Inc. (NASDAQ: SASI) rose 26.4% to close at $1.39.
Benitec Biopharma Inc. (NASDAQ: BNTC) gained 26.2% to close at $1.54.
RedHill Biopharma Ltd.  (NASDAQ: RDHL) climbed 24.4% to close at $1.02. RedHill Biopharma recently announced a cost reduction plan expected to generate operational cost savings of approximately $50 million over the next 18 months.
Tenax Therapeutics, Inc.  (NASDAQ: TENX) jumped 24.1% to close at $0.3852 after dipping more than 46% on Friday.
Sera Prognostics, Inc. (NASDAQ:",2022-06-28 08:23:47+00:00,https://www.benzinga.com/news/22/06/27875179/this-healthcare-stock-jumps-around-188-heres-83-biggest-movers-from-yesterday,Benzinga,0.09951814058956916,0.4084467120181406,neutral,0.09951814058956916,True,True,False,False,True,False,False,True,0.0,2994,"['DTIL', 'TNXP', 'BHIL', 'TENX', 'HLVX', 'EAR', 'ARMP', 'MARK', 'NLIT', 'BNTC', 'VEDU', 'DGLY', 'EBON', 'VIEW', 'TKNO', 'AXSM', 'SASI', 'IDRA', 'AFIB', 'HCTI', 'SERA', 'CRVS', 'PSNY', 'MMLP', 'CRTD', 'APCX', 'WEBR', 'NUZE', 'NCTY', 'AMST', 'FNHC', 'MNTS', 'TOP', 'REED', 'RIGL', 'KRBP', 'EPZM', 'SNCE', 'CYTO', 'SIGA', 'PBLA', 'AXDX', 'BRDS', 'NTRB', 'STSA', 'BCAB', 'RDHL', 'TRDA', 'BRQS', 'XRTX', 'CLNN', 'AGTC', 'NRSN', 'IFRX', 'AWH', 'LABP', 'AGRX', 'VORB', 'EVFM', 'REV', 'MYPS', 'TTOO', 'HILS', 'ENOB', 'OMER', 'NXTP', 'PETV', 'TCRT', 'SRRK', 'TTNP', 'SHCR', 'PRQR', 'FSRD', 'APTX', 'QSI', 'EVLV', 'GRNA', 'MRKR', 'GOVX', 'FEMY', 'BLPH', 'ANGH', 'PBTS']",BNTC,2022-06-28
Why Is Kezar Life Sciences Surging By 78%? 25 Stocks Moving In Tuesday's Pre-Market Session,"Gainers

Kezar Life Sciences, Inc.  (NASDAQ: KZR) rose 78% to $10.29 in pre-market trading after the company reported positive topline results from the MISSION Phase 2 clinical trial evaluating zetomipzomib in patients with active lupus nephritis (LN).
Sutro Biopharma, Inc.  (NASDAQ: STRO) rose 34.4% to $5.82 in pre-market trading. Astellas and Sutro Biopharma disclosed a worldwide, strategic collaboration and licensing agreement to advance novel immunostimulatory antibody-drug conjugates.
Agile Therapeutics, Inc.  (NASDAQ: AGRX) rose 33% to $1.69 in pre-market trading. Agile Therapeutics shares climbed over 10% on Monday amid the Supreme Court overturning Roe V Wade.
Tuniu Corporation (NASDAQ: TOUR) rose 31.7% to $0.68 in pre-market trading. Tuniu recently posted Q1 sales of $6.54 million.
Evofem Biosciences, Inc.  (NASDAQ: EVFM) rose 23.4% to $1.32 in pre-market trading. Evofem Biosciences shares jumped around 188% on Monday amid the Supreme Court overturning Roe V Wade.
InflaRx N.V.  (NASDAQ: IFRX) rose 21.3% to $1.31 in pre-market trading after jumping 38% on Monday.
Playtika Holding Corp.  (NASDAQ: PLTK) rose 18.1% to $17.00 in pre-market trading. Morgan Stanley recently maintained Playtika Holding with an Overweight and lowered the price target from $23 to $21.
Aspira ...",2022-06-28 11:00:15+00:00,https://www.benzinga.com/news/22/06/27877936/why-is-kezar-life-sciences-surging-by-78-25-stocks-moving-in-tuesdays-pre-market-session,Benzinga,0.40722610722610714,0.7534965034965034,positive,0.40722610722610714,False,False,False,False,False,False,False,True,0.0,1391,"['AIM', 'EVFM', 'CRNT', 'KZR', 'RNWK', 'TBLT', 'AWH', 'STRO', 'FGI', 'BHAT', 'ITP', 'THMO', 'HTHT', 'TCOM', 'VIEW', 'NRSN', 'PLTK', 'EGIO', 'AGRX', 'TOUR', 'DS', 'BNTC', 'MLCO', 'NDRA', 'IFRX']",BNTC,2022-06-28
Why Is Ceragon Networks Surging By 19%? 41 Stocks Moving In Tuesday's Mid-Day Session,"Gainers

Agile Therapeutics, Inc.  (NASDAQ: AGRX) jumped 88.9% to $2.3986. Agile Therapeutics shares climbed over 10% on Monday amid the Supreme Court overturning Roe V Wade.
Kezar Life Sciences, Inc.  (NASDAQ: KZR) shares jumped 73.3% to $10.02 after the company announced topline results from the MISSION Phase 2 clinical trial evaluating zetomipzomib.
Tuniu Corporation (NASDAQ: TOUR) rose 54.2% to $0.8017 following reports suggesting China will ease some COVID quarantine requirements for international travelers.
HTG Molecular Diagnostics, Inc. (NASDAQ: HTGM) gained 47% to $0.8117.
Grom Social Enterprises, Inc. (NASDAQ: GROM) surged 31.6% to $0.5800.
Endo International plc (NASDAQ: ENDP) climbed 26.3% to $0.4839.
Decibel Therapeutics, Inc. (NASDAQ: DBTX) surged 22.7% to $2.75 after reporting data from interim analysis of Phase 1b clinical trial of DB-020.
Bird Global, Inc. (NYSE: BRDS) gained 22.5% to $0.5805.
Benitec Biopharma Inc. (NASDAQ: BNTC) jumped 22% to $1.8808.
Petros Pharmaceuticals, Inc. (NASDAQ: PTPI) gained 19.6% to $0.9796. Petros Pharmaceuticals said it received letter from listing qualifications department of the Nasdaq stock market that the company did not meet the minimum bid price of $1.00/share required for continued listing.
Ceragon Networks Ltd. (NASDAQ: CRNT) shares rose 19.1% to $2.49 after Aviat Networks, Inc. proposed to acquire the company for $2.80 per share in cash.
The9 Limited (NASDAQ: NCTY) surged 17.3% to $2.3695.
Centogene N.V. (NASDAQ: CNTG) gained 16.8% to ...",2022-06-28 16:17:09+00:00,https://www.benzinga.com/news/22/06/27886348/why-is-ceragon-networks-surging-by-19-41-stocks-moving-in-tuesdays-mid-day-session,Benzinga,0.21619047619047618,0.37095238095238103,positive,0.21619047619047618,False,True,False,False,False,False,False,True,0.0,1607,"['BNTC', 'GROM', 'CRNT', 'SOPH', 'SERA', 'ENDP', 'MLCO', 'BOXD', 'NCTY', 'NDRA', 'BRDS', 'AWH', 'IFRX', 'HLGN', 'ITP', 'SRRK', 'HILS', 'MTR', 'REV', 'KZR', 'LYT', 'GNTA', 'TBLT', 'PEV', 'GROV', 'STRO', 'DBTX', 'CNTG', 'AGRX', 'EPAC', 'TOUR', 'PHGE', 'LE', 'TCOM', 'NGM', 'GLSI', 'HTGM', 'PTPI', 'CGNT', 'NXTP']",BNTC,2022-06-28
"Accolade Shares Jump Around 29%, Here's 75 Biggest Movers From Friday","Gainers

Omeros Corporation (NASDAQ: OMER) jumped 68.7% to close at $4.64.
Clovis Oncology, Inc. (NASDAQ: CLVS) gained 58.3% to settle at $2.85 on Friday.
Fast Radius, Inc.  (NASDAQ: FSRD) jumped 41.2% to close at $0.8887 after jumping over 37% on Thursday. Fast Radius recently appointed Pat McCusker as President, Interim CFO and John Nanry as COO.
Faraday Future Intelligent Electric Inc. (NASDAQ: FFIE) jumped 36.5% to close at $3.55.
Quoin Pharmaceuticals, Ltd.  (NASDAQ: QNRX) shares jumped 36.2% to close at $0.6131 on Friday after dropping 10% on Thursday.
Inter & Co, Inc. (NASDAQ: INTR) jumped 31.9% to close at $2.77. Goldman Sachs recently initiated coverage on the stock with a Sell rating.
Shift Technologies, Inc. (NASDAQ: SFT) jumped 28.9% to close at $0.8676 after declining around 7% on Thursday.
Accolade, Inc. (NASDAQ: ACCD) climbed 28.8% to close at $9.53 after the company reported better-than-expected Q1 results.
Mega Matrix Corp. (NASDAQ: MTMT) gained 25.7% to close at $1.71.
Aspira Women's Health Inc. (NASDAQ: AWH) climbed 24.7% to close at $0.7324.
Mereo BioPharma Group plc (NASDAQ: MREO) rose 24.1% to settle at $1.39.
Tuniu Corporation (NASDAQ: TOUR) gained 23.8% to close at $1.30.
Lytus Technologies Holdings PTV. Ltd. (NASDAQ: LYT) shares gained 23.1% to close at $5.12. Lytus recently announced the closing of initial public offering.
Endo International plc (NASDAQ: ENDP) jumped 22.4% to close at $0.5701 after a federal jury in Chicago returned a verdict in favor of the Company in the Opana ER antitrust trial.
Belite Bio, Inc (NASDAQ: BLTE) gained 21% to close at $37.69 after Benchmark initiated coverage on the stock with a Buy rating and $57 price target.
Zhong Yang Financial Group Limited (NASDAQ: TOP) gained 20.7% to settle at $29.80.
Indaptus Therapeutics, Inc. (NASDAQ: INDP) rose 19.9% to close at $3.13.
Betterware de México, S.A.P.I. de C.V. (NASDAQ: BWMX) jumped 19.3% to close at $10.31.
INVO Bioscience, Inc. (NASDAQ: INVO) gained 19% to close at $0.7840.
Yatsen Holding Limited (NYSE: YSG) jumped 18.1% to close at $1.83.
Coupang, Inc. (NYSE: CPNG) jumped 18% to close at $15.04 after Credit Suisse upgraded the stock from Neutral to Outperform.
VerifyMe, Inc. (NASDAQ: VRME) shares rose 17.4% to close at $2.30 after the company announced liquidation of the G3 VRM Acquisition SPAC and initiated a new share repurchase program.
Tyra Biosciences, Inc. (NASDAQ: TYRA) jumped 17.2% to settle at ...",2022-07-05 08:35:03+00:00,https://www.benzinga.com/news/22/07/27948361/accolade-shares-jump-around-29-heres-75-biggest-movers-from-friday,Benzinga,0.19408369408369408,0.39621813371813375,positive,0.19408369408369408,False,True,False,False,False,False,True,False,0.0,2523,"['NCNA', 'FLL', 'YSG', 'AKBA', 'TKLF', 'ALNA', 'CLDX', 'PBLA', 'AGRX', 'SOND', 'EVFM', 'ENDP', 'CPNG', 'TWOU', 'FSRD', 'PRVB', 'SNCR', 'TALS', 'MOBQ', 'NRGV', 'REVB', 'AWH', 'JZXN', 'TOUR', 'DRTS', 'SXTC', 'BBI', 'MIRO', 'RIBT', 'MTMT', 'KAL', 'KSS', 'ENSC', 'BLCM', 'LYT', 'MOHO', 'MF', 'DOMA', 'INTR', 'BLTE', 'GEHI', 'AIH', 'MU', 'FFIE', 'ETSY', 'ALVO', 'THMO', 'OMER', 'INDP', 'TENX', 'IONR', 'INVO', 'GAME', 'DRMA', 'BNTC', 'BWMX', 'CLVS', 'TYRA', 'SFT', 'LRMR', 'BRTX', 'TYDE', 'VRME', 'AKUS', 'MREO', 'ENJY', 'COSM', 'TOP', 'ACCD', 'FNHC', 'RDBX', 'MTC', 'AFIB', 'LITB', 'QNRX']",BNTC,2022-07-05
Why Is Conagra Brands Dropping By More Than 8%? 43 Stocks Moving In Thursday's Mid-Day Session,"Gainers

Shineco, Inc. (NASDAQ: SISI) shares climbed 24.5% to $1.2201 on heavy volume.
Biomerica, Inc. (NASDAQ: BMRA) gained 23.6% to $3.6599 following news the company's breast self exam will now be available for sale in Walmart (NYSE: WMT).
Sentage Holdings Inc. (NASDAQ: SNTG) surged 23.6% to $0.7035 after gaining 16% on Wednesday.
Clene Inc. (NASDAQ: CLNN) shares gained 23.3% to $3.55. Clene reported significantly improved survival in Amyotrophic lateral sclerosis (ALS) patients initially treated with CNM-Au8 compared to initially randomized placebo-treated participants during the long-term open-label extension of its RESCUE-ALS trial.
SaverOne 2014 Ltd (NASDAQ: SVRE) shares gained 20.4% to $3.4799. SaverOne 2014 recently named Israel Eybi as Chief Marketing and Sales Officer.
Yatsen Holding Limited (NYSE: YSG) jumped 18.5% to $1.7308 after declining 27% on Wednesday.
VBI Vaccines Inc. (NASDAQ: VBIV) surged 17% to $1.0090. VBI Vaccines reported appointment of John Dillman as Chief Commercial Officer.
Lucira Health, Inc. (NASDAQ: LHDX) gained 16.3% to $3.00. Lucira Health posted Q1 adjusted net income of $16.668 million in May.
Revelation Biosciences, Inc. (NASDAQ: REVB) jumped 14.4% to $1.35. Revelation Biosciences completed database lock for Phase 1b CLEAR clinical study of REVTx-99b for treatment of allergic rhinitis.
Canoo Inc. (NASDAQ: GOEV) gained 12.7% to $4.0250 after the company announced it has been awarded by the U.S. Army to supply an electric vehicle for analysis and demonstration.
Ambow Education Holding Ltd. (NYSE: AMBO) jumped 12.2% to $0.46.
Angi Inc. (NASDAQ: ANGI) gained 10.3% to $4.3250.
Cemtrex, Inc. (NASDAQ: CETX) jumped 8.5% to $0.3201.
Bellicum Pharmaceuticals, Inc. (NASDAQ: BLCM) surged 8.4% to $1.16.
Theravance Biopharma, Inc. (NASDAQ: TBPH) rose 4.2% ...",2022-07-14 16:00:37+00:00,https://www.benzinga.com/news/22/07/28068893/why-is-conagra-brands-dropping-by-more-than-8-43-stocks-moving-in-thursdays-mid-day-session,Benzinga,0.13104395604395605,0.31547619047619047,positive,0.13104395604395605,False,False,False,False,False,False,False,False,0.0,1909,"['CFRX', 'GOEV', 'COKE', 'VBIV', 'CLNN', 'ERIC', 'BLCM', 'OG', 'FEIM', 'BNTC', 'LHDX', 'NVAX', 'CETX', 'ANEB', 'XRTX', 'SPT', 'SNTG', 'BPT', 'TTD', 'SISI', 'CAG', 'PMN', 'VLNS', 'CHK', 'MDB', 'SVRE', 'EGY', 'ILPT', 'USEA', 'WMT', 'VS', 'ILAG', 'AMBO', 'NA', 'REVB', 'ANGI', 'SONM', 'AZTA', 'BORR', 'BMRA', 'HSTO', 'TBPH', 'YSG']",BNTC,2022-07-14
Why Cannabis Companies Traded Higher; Here's 60 Biggest Movers From Yesterday,"Gainers

Clene Inc. (NASDAQ: CLNN) shares jumped 43.4% to close at $4.13. Clene reported significantly improved survival in Amyotrophic lateral sclerosis (ALS) patients initially treated with CNM-Au8 compared to initially randomized placebo-treated participants during the long-term open-label extension of its RESCUE-ALS trial.
Clever Leaves Holdings Inc. (NASDAQ: CLVR) gained 36% to settle at $1.36. Shares of cannabis companies at large traded higher following reports Senate Democrats are planning to introduce a marijuana decriminalization bill next week.
SIGNA Sports United N.V. (NYSE: SSU) gained 30.8% to settle at $6.41.
Canoo Inc. (NASDAQ: GOEV) jumped 29.1% to close at $4.61 after the company announced it has been awarded by the U.S. Army to supply an electric vehicle for analysis and demonstration.
Shineco, Inc. (NASDAQ: SISI) shares jumped 26.5% to close at $1.24 on Thursday on heavy volume.
Yatsen Holding Limited (NYSE: YSG) climbed 24.7% to close at $1.82 after declining 27% on Wednesday.
Nutriband Inc. (NASDAQ: NTRB) rose 23.5% to settle at $4.7676.
Akerna Corp. (NASDAQ: KERN) jumped 21.9% to close at $0.1804. Shares of cannabis companies at large traded higher following reports Senate Democrats are planning to introduce a marijuana decriminalization bill next week.
Sentage Holdings Inc. (NASDAQ: SNTG) gained 20.6% to close at $0.6873 after gaining 16% on Wednesday.
Faraday Future Intelligent Electric Inc. (NASDAQ: FFIE) surged 18.6% to settle at $7.00.
Lucira Health, Inc. (NASDAQ: LHDX) climbed 16.7% to close at $3.01. Lucira Health posted Q1 adjusted net income of $16.668 million in May.
Qurate Retail, Inc. (NASDAQ: QRTEB) gained 16.7% to settle at $6.07.
Gossamer Bio, Inc. (NASDAQ: GOSS) rose 16.2% to settle at $11.05 after Raymond James maintained an Outperform rating on the stock and raised its price target from $10 to $14.
CEA Industries Inc. (NASDAQ: CEAD) gained 16.2% to close at $1.58.
Revelation Biosciences, Inc. (NASDAQ: REVB) gained 16.1% to close at $1.37. Revelation Biosciences completed database lock for Phase 1b CLEAR clinical study of REVTx-99b for treatment of allergic rhinitis.
Kopin Corporation (NASDAQ: KOPN) rose 15.3% to settle at $1.51.
Tilray Brands, Inc. (NASDAQ: TLRY) gained 14.6% to close at $3.69. Shares of cannabis companies traded higher following reports Senate Democrats are planning to introduce a marijuana decriminalization bill next week.
NextNav Inc. (NASDAQ: NN) jumped 12.8% to close at $2.73.
Ritchie Bros. Auctioneers Incorporated (NYSE:",2022-07-15 09:20:53+00:00,https://www.benzinga.com/news/22/07/28078071/why-cannabis-companies-traded-higher-heres-60-biggest-movers-from-yesterday,Benzinga,0.17595238095238094,0.3906666666666666,positive,0.17595238095238094,False,False,False,False,False,False,False,False,0.0,2607,"['AZTA', 'TLRY', 'COKE', 'OG', 'BMRA', 'REVB', 'COST', 'LHDX', 'CFRX', 'SONM', 'ERIC', 'ANEB', 'BLCM', 'GOSS', 'FEIM', 'DBGI', 'BNTC', 'SLGG', 'KOPN', 'SNTG', 'CETX', 'KERN', 'NVAX', 'FFIE', 'SPT', 'BORR', 'NYMX', 'SISI', 'TTD', 'MRNA', 'QCOM', 'NN', 'KPRX', 'PMN', 'BNTX', 'BPT', 'SSU', 'NTRB', 'AIH', 'CAG', 'CEAD', 'HGEN', 'HSTO', 'EGY', 'USEA', 'NCNA', 'CLVR', 'RBA', 'ILAG', 'MDB', 'YSG', 'WMT', 'ILPT', 'GOEV', 'AMBO', 'NA', 'VS', 'CLNN', 'ANGI', 'QRTEB', 'ENVB']",BNTC,2022-07-15
Why Is Yellow Trading Higher By 33%: Here Are 48 Stocks Moving Premarket,"Gainers

Missfresh Limited (NASDAQ: MF) shares rose 112.9% to $0.2450 in pre-market trading after dropping 7% on Wednesday.
GreenLight Biosciences Holdings (NASDAQ: GRNA) shares rose 100.6% to $6.54 in pre-market trading after jumping over 25% on Wednesday. Samsung Biologics and the company recently announced the completion of the first commercial-scale engineering run for the companies' mRNA production partnership.
Ampio Pharmaceuticals, Inc. (NYSE: AMPE) rose 74.1% to $0.18 in pre-market trading after dipping around 34% on Wednesday.
Exicure, Inc. (NASDAQ: XCUR) shares rose 73.4% to $3.45 in pre-market trading after climbing around 27% on Wednesday.
Allena Pharmaceuticals, Inc. (NASDAQ: ALNA) shares rose 73% to $0.1955 in pre-market trading after gaining around 9% on Wednesday.
Greenpro Capital Corp. (NASDAQ: GRNQ) rose 38.8% to $2.43 in pre-market trading after climbing around 14% on Tuesday after climbing 28% on Wednesday.
Yellow Corporation (NASDAQ: YELL) rose 32.9% to $6.26 in pre-market trading after the company swung to a profit for the second quarter.
American Virtual Cloud Technologies, Inc. (NASDAQ: AVCT) shares rose 31.4% to $0.23 in pre-market trading.
Embark Technology, Inc. (NASDAQ: EMBK) rose 28.7% to $0.6641 in pre-market trading.
InVivo Therapeutics Holdings Corp. (NASDAQ: NVIV) shares rose 24.2% to $5.49 in pre-market trading after gaining over 12% on Wednesday.
Legacy Housing Corporation (NASDAQ: LEGH) rose 24.1% to $16.76 in pre-market trading. Legacy Housing will restate its 1st, 2nd, 3rd quarters unaudited interim financial statements for FY21, Reuters reported.
Syros Pharmaceuticals, Inc. (NASDAQ: SYRS) rose 22.8% to $1.08 in pre-market trading. Syros receives positive opinion on orphan drug designation from the European Medicines Agency for Tamibarotene for the treatment of MDS.
Global Blood Therapeutics, Inc. (NASDAQ: GBT) rose 19.3% to $40.47 in pre-market trading following a report suggesting the company is attracting takeover interest. According to a Bloomberg report, citing people familiar with the matter, some large pharmaceutical companies are looking into a potential deal.
RedHill Biopharma Ltd. (NASDAQ: RDHL) rose 16.2% to $1.13 in pre-market trading after gaining ...",2022-08-04 10:51:17+00:00,https://www.benzinga.com/news/22/08/28349800/why-is-yellow-trading-higher-by-33-here-are-48-stocks-moving-premarket,Benzinga,0.30141030844155836,0.534381764069264,positive,0.30141030844155836,True,False,True,True,True,False,False,False,0.0,2314,"['LEGH', 'AMTD', 'PSTX', 'KXIN', 'AVCT', 'PLTK', 'MDIA', 'CROX', 'CASI', 'KSPN', 'MELI', 'RDHL', 'OWL', 'ALB', 'BNTC', 'ENVB', 'CLX', 'RUN', 'YELL', 'MED', 'GBT', 'DBGI', 'MF', 'HSDT', 'VMEO', 'NVO', 'SYRS', 'LCID', 'SYN', 'GRNQ', 'ECVT', 'APDN', 'MTC', 'QNRX', 'AMPE', 'XELA', 'EMBK', 'NVIV', 'ALNA', 'GRNA', 'GOVX', 'AREB', 'XCUR', 'MHUA', 'AWX', 'RVLV', 'HSCS']",BNTC,2022-08-04
"Why ChemoCentryx Is Trading Higher By 110%, Here Are 95 Stocks Moving In Thursday's Mid-Day Session","Gainers

InVivo Therapeutics Holdings Corp.  (NASDAQ: NVIV) shares jumped 178.5% to $12.45 after gaining over 12% on Wednesday.
Onion Global Limited (NYSE: OG) gained 113.9% to $0.8556.
ChemoCentryx, Inc.  (NASDAQ: CCXI) gained 110% to $50.68 after the company, and Amgen, announced an agreement under which Amgen will acquire the company for $52 per share in cash.
Minerva Neurosciences, Inc. (NASDAQ: NERV) jumped 80% to $4.8300.
Greenpro Capital Corp. (NASDAQ: GRNQ) rose 61.1% to $2.82 after climbing around 14% on Tuesday after climbing 28% on Wednesday.
Missfresh Limited (NASDAQ: MF) shares surged 59.3% to $0.1834 after dropping 7% on Wednesday.
Quhuo Limited (NASDAQ: QH) gained 51.8% to $0.4966.
Yellow Corporation (NASDAQ: YELL) rose 44.1% to $6.79 after the company swung to a profit for the second quarter.
Society Pass Incorporated (NASDAQ: SOPA) gained 42.8% to $2.6700 after reporting 2Q 2022 and 1H 2022 financial results.
GreenLight Biosciences Holdings (NASDAQ: GRNA) shares gained 39.6% to $4.55 after jumping over 25% on Wednesday. Samsung Biologics and the company recently announced the completion of the first commercial-scale engineering run for the companies' mRNA production partnership.
ZW Data Action Technologies Inc. (NASDAQ: CNET) surged 37.5% to $0.79. ZW Data Action Technologies recently collaborated with Forbes Global Alliance to build the Forbes China Group Digital Collection Platform to launch NFT Products and jointly operate the platform data.
Global Blood Therapeutics, Inc. (NASDAQ: GBT) rose 36.5% to $46.31 following a report suggesting the company is attracting takeover interest. According to a Bloomberg report, citing people familiar with the matter, some large pharmaceutical companies are looking into a potential deal.
Legacy Housing Corporation (NASDAQ: LEGH) rose 29.9% to $17.55. Legacy Housing will restate its 1st, 2nd, 3rd quarters unaudited interim financial statements for FY21, Reuters reported.
Forge Global Holdings, Inc. (NYSE: FRGE) jumped 27.8% to $5.82. Forge Global is expected to report Q2 financial results on August 11, 2022.
Molecular Data Inc. (NASDAQ: MKD) gained 26.3% to $0.7701.
Waitr Holdings Inc. (NASDAQ: WTRH) surged 26% to $0.4267.
BioCryst Pharmaceuticals, Inc. (NASDAQ: BCRX) gained 25.5% to $14.00 after the company reported better-than-expected Q2 EPS and sales results. The company also announced the FDA has lifted its partial clinical hold on the BCX9930 program.
Allena Pharmaceuticals, Inc. (NASDAQ: ALNA) shares rose 25.5% to $0.1418 after gaining around 9% on Wednesday.
Immunic, Inc. (NASDAQ: IMUX) gained 25% to $4.89 following Q2 results.
NanoViricides, Inc. (NYSE: NNVC) jumped 23.5% to $3.04 after the company announced it has begun drug development to combat Monkeypox virus.
Exela Technologies, Inc. (NASDAQ: XELA) rose 20.5% to $1.7594 after the company announced an update on its capital deployment strategy. Exela Technologies says the company has purchased $70 million of face value 2026 Senior Secured Notes at a discount with funds raised from equity. This will be the first contribution to the company's STS (""Serve the Shareholders"") initiative.
Ashford Inc. (NYSE: AINC) gained 20.1% to $16.78 following Q2 earnings.
Staffing 360 Solutions, Inc. (NASDAQ: STAF) surged 20% to $3.8462.
Synthetic Biologics, Inc. (NYSE: SYN) rose 19.4% to $1.77. Synthetic Biologics recently announced a $3 million private placement of convertible preferred stock.
Eloxx Pharmaceuticals, Inc. (NASDAQ:",2022-08-04 17:12:21+00:00,https://www.benzinga.com/news/22/08/28360295/why-chemocentryx-is-trading-higher-by-110-here-are-95-stocks-moving-in-thursdays-mid-day-session,Benzinga,0.133125,0.31247023809523805,positive,0.133125,True,True,True,True,True,False,False,False,0.0,3592,"['CCK', 'ELOX', 'AMPE', 'YELL', 'AMTD', 'VAPO', 'CLX', 'XCUR', 'NVIV', 'DBGI', 'AVCT', 'AINC', 'GCI', 'RVLV', 'GOVX', 'LCID', 'BCRX', 'BNTC', 'GBT', 'GOL', 'ACA', 'NNVC', 'ECVT', 'COIN', 'HSDT', 'HL', 'LEGH', 'INFU', 'SOPA', 'CROX', 'HKD', 'MED', 'WTRH', 'CCXI', 'QNRX', 'EGHT', 'SYRS', 'MF', 'IMUX', 'PSTX', 'GRNA', 'INSM', 'YETI', 'NVO', 'MDIA', 'SITM', 'LFLY', 'ITRI', 'LQDT', 'GRNQ', 'OCN', 'MKD', 'ARIS', 'MHUA', 'MELI', 'DXC', 'PAY', 'PGEN', 'STAF', 'FRGE', 'PRFT', 'ATUS', 'PT', 'TMBR', 'SFM', 'BALL', 'RCII', 'MTC', 'FTNT', 'QH', 'TNDM', 'CNXA', 'TTMI', 'XELA', 'SYN', 'KSPN', 'IBP', 'AFRI', 'HSCS', 'UFCS', 'ALNA', 'APDN', 'AMST', 'WMS', 'USPH', 'AREB', 'CNET', 'ENVB', 'NERV', 'ATI', 'PAGS', 'HII', 'OG', 'ATTO']",BNTC,2022-08-04
Why NanoViricides Jumped Over 48%; Here Are 106 Biggest Movers From Yesterday,"Gainers

ChemoCentryx, Inc.  (NASDAQ: CCXI) surged 109.2% to settle at $50.43 on Thursday after the company, and Amgen, announced an agreement under which Amgen will acquire the company for $52 per share in cash.
Onion Global Limited (NYSE: OG) jumped 90.6% to close at $0.7624 on Thursday.
InVivo Therapeutics Holdings Corp.  (NASDAQ: NVIV) shares surged 81% to close at $8.00 on Thursday after gaining over 12% on Wednesday.
Minerva Neurosciences, Inc. (NASDAQ: NERV) gained 75.4% to close at $4.70.
Missfresh Limited (NASDAQ: MF) shares climbed 51.7% to close at $0.1746 after dropping 7% on Wednesday.
NanoViricides, Inc. (NYSE: NNVC) climbed 48.4% to close at $3.65 after the company announced it has begun drug development to combat Monkeypox virus.
ZW Data Action Technologies Inc. (NASDAQ: CNET) jumped 44.4% to close at $0.83. ZW Data Action Technologies recently collaborated with Forbes Global Alliance to build the Forbes China Group Digital Collection Platform to launch NFT Products and jointly operate the platform data.
Yellow Corporation (NASDAQ: YELL) rose 42.2% to close at $6.70 after the company swung to a profit for the second quarter.
Global Blood Therapeutics, Inc. (NASDAQ: GBT) gained 41.4% to close at $47.99 following a report suggesting the company is attracting takeover interest. According to a Bloomberg report, citing people familiar with the matter, some large pharmaceutical companies are looking into a potential deal.
Applied DNA Sciences, Inc. (NASDAQ: APDN) climbed 40% to settle at $5.74 as the company reported pricing of $12 million upsized offering.
Allena Pharmaceuticals, Inc. (NASDAQ: ALNA) shares jumped 38.1% to settle at $0.1560 after gaining around 9% on Wednesday.
Greenpro Capital Corp. (NASDAQ: GRNQ) gained 37.7% to close at $2.41 after climbing around 14% on Tuesday after climbing 28% on Wednesday.
Quhuo Limited (NASDAQ: QH) rose 37.6% to close at $0.45.
Forge Global Holdings, Inc. (NYSE: FRGE) jumped 33% to close at $6.05. Forge Global is expected to report Q2 financial results on August 11, 2022.
Legacy Housing Corporation (NASDAQ: LEGH) jumped 30.4% to close at $17.62 after the company late Wednesday re-stated Q1, Q2 and Q3 interim financial statements for FY21.
GeoVax Labs, Inc. (NASDAQ: GOVX) jumped 30.3% to close at $3.57. Geovax Labs posted a Q2 loss of $0.21 per share.
GreenLight Biosciences Holdings (NASDAQ: GRNA) shares rose 27.6% to close at $4.16 after jumping over 25% on Wednesday. Samsung Biologics and the company recently announced the completion of the first commercial-scale engineering run for the companies' mRNA production partnership.
Waitr Holdings Inc. (NASDAQ: WTRH) jumped 26.9% to settle at $0.4288.
Society Pass Incorporated (NASDAQ: SOPA) jumped 26.2% to close at $2.36 after reporting 2Q 2022 and 1H 2022 financial results.
Exicure, Inc. (NASDAQ: XCUR) shares gained 25.6% to close at $2.50 after climbing around 27% on Wednesday.
BioCryst Pharmaceuticals, Inc. (NASDAQ: BCRX) rose 23.2% to close at $13.74 after the company reported better-than-expected Q2 EPS and sales results. The company also announced the FDA has lifted its partial clinical hold on the BCX9930 program.
Immunic, Inc. (NASDAQ: IMUX) gained 23.1% to close at $4.79 following Q2 results.
PagSeguro Digital Ltd. (NYSE: PAGS) gained 22.9% to close at $15.03.
TTM Technologies, Inc. (NASDAQ: TTMI) rose 22.4% to close at $16.53 following upbeat Q2 results.
Altice USA, Inc. (NYSE: ATUS) surged 21.5% to close at $11.75 following strong quarterly sales.
Amesite Inc. (NASDAQ: AMST) gained 20.9% to close at $0.52.
Pintec Technology Holdings Limited (NASDAQ: PT) jumped 18.5% to close at $1.2201.
Eloxx Pharmaceuticals, Inc. (NASDAQ: ELOX) jumped 18.8% to close at $0.2642.
Precigen, Inc. (NASDAQ: PGEN) jumped 18.4% to settle at $2.12.
Digital Brands Group, Inc. (NASDAQ: DBGI) rose 16.7% to close at $0.14. Digital Brands Group, last month, received a determination letter from the Nasdaq stating that the Company has not regained compliance.
MercadoLibre, Inc. (NASDAQ: MELI) rose 16.2% to close at $1,034.83 following better-than-expected quarterly ...",2022-08-05 10:12:59+00:00,https://www.benzinga.com/news/earnings/22/08/28371580/why-nanoviricides-jumped-over-48-here-are-106-biggest-movers-from-yesterday,Benzinga,0.1136489479512735,0.29728682170542625,positive,0.1136489479512735,True,True,True,True,True,False,False,False,0.0,4200,"['GRNA', 'CCK', 'MYO', 'SYN', 'MDIA', 'AMTD', 'SFM', 'LFLY', 'CLX', 'ATUS', 'APDN', 'MKD', 'BCRX', 'TNDM', 'MHUA', 'DHX', 'MTC', 'CNET', 'PGEN', 'COIN', 'IBP', 'WMS', 'FRGE', 'GCI', 'XELA', 'HII', 'TMBR', 'CROX', 'NERV', 'OST', 'GOL', 'ALNA', 'AMPE', 'QH', 'ECPG', 'ATTO', 'BALL', 'HL', 'AREB', 'NVIV', 'KSPN', 'EGHT', 'VAPO', 'CNXA', 'MBI', 'PAGS', 'GOVX', 'AMST', 'INSM', 'AINC', 'MSPR', 'MED', 'ELOX', 'NNVC', 'LXEH', 'ITRI', 'LQDT', 'BNTC', 'PGY', 'MF', 'XCUR', 'LPI', 'ENVB', 'MELI', 'GBT', 'HSCS', 'NBR', 'CUEN', 'USX', 'OG', 'PRFT', 'HSDT', 'NVO', 'RVLV', 'INFU', 'YELL', 'RCII', 'HKD', 'OCN', 'ACA', 'CCXI', 'DBGI', 'TTMI', 'SYRS', 'PAY', 'LEGH', 'BV', 'LCID', 'ECVT', 'UFCS', 'YETI', 'PT', 'WTRH', 'SITM', 'SOPA', 'USPH', 'GRNQ', 'UTI', 'IMUX', 'ARIS', 'QNRX', 'ATI', 'DXC', 'FTNT', 'FSLY', 'STAF']",BNTC,2022-08-05
Benitec Biopharma Releases Full Year 2022 Financial Results and Provides Operational Update,"HAYWARD, Calif., Sept.  02, 2022  (GLOBE NEWSWIRE) -- Benitec Biopharma Inc. (NASDAQ: BNTC) (“Benitec” or “the Company”), a development-stage, gene therapy-focused, biotechnology company developing novel genetic medicines based on its proprietary DNA-directed RNA interference (""ddRNAi"") platform, today announced financial results for its Fiscal Year ended June 30, 2022. The Company has filed its annual report on Form 10-K for the quarter ended June 30, 2022, with the U.S. Securities and Exchange Commission.",2022-09-02 12:00:00+00:00,https://www.globenewswire.com/news-release/2022/09/02/2509215/0/en/Benitec-Biopharma-Releases-Full-Year-2022-Financial-Results-and-Provides-Operational-Update.html,GlobeNewswire Inc.,0.11666666666666665,0.18333333333333335,positive,0.11666666666666665,False,False,True,False,True,False,False,False,0.0,605,['BNTC'],BNTC,2022-09-02
"Why Bilibili Is Trading Lower By Over Around 14%, Here Are 50 Stocks Moving In Thursday's Mid-Day Session","Gainers

ShiftPixy, Inc. (NASDAQ: PIXY) shares jumped 73.8% to $19.48 after the company announced plans to spin-off ShiftPixy Labs and dividend its digital securities to shareholders.
Amylyx Pharmaceuticals, Inc. (NASDAQ: AMLX) surged 64% to $29.35 after the FDA Advisory Committee voted that available evidence of effectiveness is sufficient to support approval of AMX0035 for the treatment of ALS. Citigroup and SVB Leerink raised their price targets.
Benitec Biopharma Inc. (NASDAQ: BNTC) shares rose 58% to $0.9346. The company, last week, filed its annual report on Form 10-K for the quarter ended June 30, 2022, with the U.S. Securities and Exchange Commission.
Rubius Therapeutics, Inc.  (NASDAQ: RUBY) rose 39.4% to $1.21 after declining 11% on Wednesday. Rubius Therapeutics, last month, posted a Q2 loss of $0.49 per share.
Avenue Therapeutics, Inc. (NASDAQ: ATXI) gained 22.2% to $0.2733.
Nutex Health, Inc. (NASDAQ: NUTX) gained 21.5% to $3.85. Nutex Health recently posted a Q2 loss of $0.03 per share.
Asana, Inc.  (NYSE: ASAN) shares gained 21% to $23.03 after the company reported better-than-expected results for its second quarter and issued a strong sales guidance. RBC Capital and Citigroup raised their price targets on the stock.
Relay Therapeutics, Inc. (NASDAQ: RLAY) surged 19.9% to $30.40. Relay Therapeutics announced efficacy of RLY-4008, a highly selective FGFR2 inhibitor in patients with a FGFR2-fusion or rearrangement FGFR inhibitor-naïve cholangiocarcinoma: ReFocus trial.
Allego N.V. (NYSE: ALLG) gained 17.6% to $4.63. Allego recently announced first half financial results and 2022 revenue expectations.
LifeStance Health Group, Inc. (NASDAQ: LFST) rose 17.6% to $8.95. LifeStance Health named Ken Burdick as CEO and Chairman.
Terns Pharmaceuticals, Inc. (NASDAQ: TERN) jumped 15.8% to $4.40.
AeroVironment, Inc. (NASDAQ: AVAV) gained 15.3% to $102.20 after reporting upbeat quarterly sales.
Eve Holding, Inc. (NYSE: EVEX) rose 14.8% to $7.07. United reported a $15 million investment in Eve Air Mobility and a conditional purchase agreement for 200 four-seat electric aircraft plus 200 options.
Cazoo Group Ltd (NYSE: CZOO) surged 14.7% to $0.70. The company announced it will wind down operations in mainland Europe to focus on core UK market
Rhythm Pharmaceuticals, Inc. (NASDAQ: RYTM) rose ...",2022-09-08 16:15:08+00:00,https://www.benzinga.com/news/22/09/28799146/why-bilibili-is-trading-lower-by-over-around-14-here-are-50-stocks-moving-in-thursdays-mid-day-sessi,Benzinga,0.21783950617283954,0.43586419753086425,positive,0.21783950617283954,True,False,True,False,False,True,True,False,0.0,2441,"['LOVE', 'TLF', 'NUTX', 'W', 'BPTS', 'AVAV', 'GRFX', 'RYTM', 'GDYN', 'MERC', 'PLAY', 'RLAY', 'REGN', 'BNTC', 'TERN', 'SKIL', 'MCFT', 'TRKA', 'AEO', 'ZG', 'LFST', 'GME', 'LYFT', 'INTA', 'MKC', 'ALBO', 'ENSC', 'PHR', 'SNAP', 'ERAS', 'CEMI', 'ATXI', 'CZOO', 'GPL', 'PIXY', 'MULN', 'GNTA', 'AMLX', 'EVEX', 'ASAN', 'AGS', 'HLGN', 'FHS', 'BILI', 'ALLG', 'WHLR', 'RUBY', 'FRGE', 'RVNC', 'HYRE']",BNTC,2022-09-08
Why ShiftPixy Surged Around 177%; Here Are 71 Biggest Movers From Yesterday,"Gainers

ShiftPixy, Inc. (NASDAQ: PIXY) shares surged 176.5% to close at $31.00 on Thursday after the company announced plans to spin-off ShiftPixy Labs and dividend its digital securities to shareholders.
Amylyx Pharmaceuticals, Inc. (NASDAQ: AMLX) gained 51% to settle at $27.03 after the FDA Advisory Committee voted that available evidence of effectiveness is sufficient to support approval of AMX0035 for the treatment of ALS. Citigroup and SVB Leerink raised their price targets.
Rubius Therapeutics, Inc.  (NASDAQ: RUBY) climbed 48.6% to close at $1.29 after declining 11% on Wednesday. Rubius Therapeutics, last month, posted a Q2 loss of $0.49 per share.
Benitec Biopharma Inc. (NASDAQ: BNTC) shares gained 33% to close at $0.7880. The company, last week, filed its annual report on Form 10-K for the quarter ended June 30, 2022, with the U.S. Securities and Exchange Commission.
Marker Therapeutics, Inc. (NASDAQ: MRKR) rose 31.5% to close at $0.3999 after the company's Phase 2 study of multi-tumor-associated antigen-specific T cell therapy for relapsed/refractory AML appeared on the FDA's Orphan Products Grants Program site.
Palatin Technologies, Inc. (NYSE: PTN) gained 26.2% to close at $6.31 after the company announced the initiation of patient recruitment for its Phase 2 study evaluating oral PL8177 in ulcerative colitis.
LifeStance Health Group, Inc. (NASDAQ: LFST) jumped 25.8% to close at $9.57. LifeStance Health named Ken Burdick as CEO and Chairman.
T Stamp Inc. (NASDAQ: IDAI) gained 25% to settle at $1.85.
Asana, Inc.  (NYSE: ASAN) shares gained 24.8% to close at $23.76 after the company reported better-than-expected results for its second quarter and issued a strong sales guidance. RBC Capital and Citigroup raised their price targets on the stock.
Relay Therapeutics, Inc. (NASDAQ: RLAY) gained 23.8% to close at $31.37. Relay Therapeutics announced efficacy of RLY-4008, a highly selective FGFR2 inhibitor in patients with a FGFR2-fusion or rearrangement FGFR inhibitor-naïve cholangiocarcinoma: ReFocus trial.
Revance Therapeutics, Inc.  (NASDAQ: RVNC) gained 21.6% to close at $25.30 after the company announced FDA approval of DAXXIFY for injection for temporary improvement of moderate to severe frown lines.
SPAR Group, Inc. (NASDAQ: SGRP) rose 21.3% to close at $1.54 after the company's board of directors initiated a process to evaluate potential strategic alternatives including a sale, merger or other strategic transaction.
Allarity Therapeutics, Inc. (NASDAQ: ALLR) rose 20.4% to settle at $1.30.
Eve Holding, Inc. (NYSE: EVEX) jumped 20% to close at $7.39. United reported a $15 million investment in Eve Air Mobility and a conditional purchase agreement for 200 four-seat electric aircraft plus 200 options.
Regeneron Pharmaceuticals, Inc. (NASDAQ: REGN) climbed 18.9% to settle at $708.85 after the company announced that the primary endpoints were met in two pivotal trials investigating novel aflibercept 8 mg with 12- and 16-week dosing regimens in patients with diabetic macular edema and wet age-related macular degeneration.
Eyenovia, Inc. (NASDAQ: EYEN) gained 18.6% to close at $2.48.
VistaGen Therapeutics, Inc. (NASDAQ: VTGN) jumped 18.4% to close at $0.1953 after the company announced the completion of an interim analysis of its PALISADE-2 Phase 3 ...",2022-09-09 08:13:55+00:00,https://www.benzinga.com/news/22/09/28807049/why-shiftpixy-surges-around-177-here-are-71-biggest-movers-from-yesterday,Benzinga,0.21677083333333333,0.5269791666666668,positive,0.21677083333333333,True,True,True,False,True,True,True,False,0.0,3393,"['LYFT', 'PTN', 'VERO', 'GNTA', 'ALLR', 'VTGN', 'TLF', 'GDYN', 'ASAN', 'EVEX', 'HLGN', 'NH', 'VHC', 'RLAY', 'FHS', 'ALLG', 'ALBO', 'AVAV', 'CRHC', 'SLVM', 'WLY', 'ATXG', 'GSAT', 'TERN', 'IDAI', 'NOGN', 'SNAP', 'MERC', 'IMCR', 'ANVS', 'SHPH', 'PIXY', 'REGN', 'TRKA', 'TNDM', 'AMLX', 'SGRP', 'LFST', 'RVNC', 'SABR', 'EYEN', 'SKIL', 'INTA', 'W', 'AGS', 'AEO', 'ENSC', 'RYTM', 'BILI', 'CTV', 'ERAS', 'PLAY', 'RUBY', 'GME', 'GPCO', 'AKA', 'LOVE', 'MKC', 'CZOO', 'BNTC', 'MRKR', 'PHR', 'PRCT', 'MCFT', 'ISEE', 'CEMI', 'RIVN', 'ZG', 'BPTS', 'GPL', 'MULN']",BNTC,2022-09-09
"Why Zscaler Is Trading Higher By Around 19%, Here Are 44 Stocks Moving In Friday's Mid-Day Session","Gainers

Digital Media Solutions, Inc. (NYSE: DMS) shares jumped 70% to $2.1750 after the company received a non-binding go-private proposal from Prism Data for $2.50 per share in cash.
MOGU Inc. (NYSE: MOGU) shares jumped 34.8% to $2.6918 after the company announced a $10 million repurchase program.
GeoVax Labs, Inc. (NASDAQ: GOVX) gained 27% to $1.38.
Biodesix, Inc. (NASDAQ: BDSX) rose 21.6% to $1.8607. The company, last month, posted upbeat quarterly results.
IperionX Limited (NASDAQ: IPX) gained 20% to $7.50.
Zscaler, Inc.  (NASDAQ: ZS) gained 18.7% to $183.06 after the company reported better-than-expected Q4 results and issued sales guidance above estimates.
Aravive, Inc. (NASDAQ: ARAV) climbed 18.3% to $0.92. Aravive, last month, posted a Q2 loss of $0.61 per share.
Zai Lab Limited  (NASDAQ: ZLAB) shares gained 17.7% to $51.01.
Invitae Corporation (NYSE: NVTA) surged 16% to $3.70.
Osisko Development Corp. (NYSE: ODV) jumped 16% to $6.00.
WeTrade Group, Inc. (NASDAQ: WETG) surged 15.4% to $1.57.
Annovis Bio, Inc. (NASDAQ: ANVS) gained 14.2% to $13.92.
SharpLink Gaming Ltd. (NASDAQ: SBET) gained 14% to $1.17. SharpLink Gaming recently announced plans to acquire SportsHub Games Network.
Peloton Interactive, Inc. (NASDAQ: PTON) gained 10.9% to $10.10.
InMed Pharmaceuticals Inc. (NASDAQ: INM) shares rose 10.5% to $9.80 after the company issued an update on its research/development and commercial activities.
FuelCell Energy, Inc. (NASDAQ: FCEL) gained 10.4% to $4.2075. The ...",2022-09-09 16:23:18+00:00,https://www.benzinga.com/news/22/09/28813585/why-zscaler-is-trading-higher-by-around-19-here-are-44-stocks-moving-in-fridays-mid-day-session,Benzinga,0.11883116883116883,0.2880952380952381,positive,0.11883116883116883,True,True,False,False,False,False,False,False,0.0,1602,"['NBY', 'BNTC', 'SWBI', 'VHC', 'SDIG', 'DMS', 'COIN', 'AVYA', 'BDSX', 'FCEL', 'INLX', 'RLX', 'ZUMZ', 'TPIC', 'IMCR', 'CFVI', 'AXL', 'ZLAB', 'SBET', 'KR', 'RIOT', 'VGFC', 'GOVX', 'ZS', 'MULN', 'ENPH', 'DOCU', 'CORZ', 'NCRA', 'IPX', 'BIAF', 'ANVS', 'ARAV', 'ZFOX', 'HIVE', 'MOGU', 'INM', 'ALEC', 'AHI', 'PTON', 'ODV', 'BORR', 'NVTA', 'WETG']",BNTC,2022-09-09
Why Immunocore Shares Dipped 22%; Here Are 73 Biggest Movers From Friday,"Gainers

Digital Media Solutions, Inc. (NYSE: DMS) shares climbed 71.9% to close at $2.20 on Friday after the company received a non-binding go-private proposal from Prism Data for $2.50 per share in cash.
GeoVax Labs, Inc. (NASDAQ: GOVX) climbed 50.5% to close at $1.64.
Aditxt, Inc. (NASDAQ: ADTX) gained 37% to close at $0.1918.
Trinity Place Holdings Inc. (NYSE: TPHS) surged 33.8% to settle at $1.10.
American Virtual Cloud Technologies, Inc. (NASDAQ: AVCT) rose 31.1% to close at $0.2197. Shares of tech companies traded higher as stocks rebound following recent weakness.
MOGU Inc. (NYSE: MOGU) shares gained 29.8% to close at $2.60 after the company announced a $10 million repurchase program.
Shuttle Pharmaceuticals Holdings, Inc. (NASDAQ: SHPH) gained 26.1% to close at $38.80.
Annovis Bio, Inc. (NASDAQ: ANVS) surged 25.5% to close at $15.30.
Invitae Corporation (NYSE: NVTA) jumped 25% to close at $4.00.
InMed Pharmaceuticals Inc. (NASDAQ: INM) shares jumped 24.2% to close at $11.02 after the company issued an update on its research/development and commercial activities.
Xilio Therapeutics, Inc. (NASDAQ: XLO) gained 22.8% to close at $2.75.
Veru Inc. (NASDAQ: VERU) rose 21.9% to settle at $15.57. The FDA recently scheduled an Oct. 6 adcomm meeting for Emergency Use Authorization of sabizabulin for hospitalized COVID-19 patients at high risk for ARDS.
Zscaler, Inc.  (NASDAQ: ZS) surged 21.9% to close at $188.00 after the company reported better-than-expected Q4 results and issued sales guidance above estimates.
Faraday Future Intelligent Electric Inc. (NASDAQ: FFIE) rose 21.6% to close at $1.11.
Terns Pharmaceuticals, Inc. (NASDAQ: TERN) gained 20.9% to close at $5.27. Terns Pharmaceuticals’ 10% owner Vivo Capital Surplus Fund VIII, L.P. acquired a total of 600,000 shares at an average price of $3.60.
ProKidney Corp. (NASDAQ: PROK) jumped 20.4% to settle at $9.84.
Biodesix, Inc. (NASDAQ: BDSX) gained 19.6% to close at $1.83. The company, last month, posted upbeat quarterly results.
eFFECTOR Therapeutics, Inc. (NASDAQ: EFTR) rose 17.4% to close at $0.6449.
eFFECTOR Therapeutics recently filed for mixed-securities shelf offering of up to $200 million.
IperionX Limited (NASDAQ: IPX) jumped 17.2% to close at $7.30.
WeTrade Group, Inc. (NASDAQ: WETG) rose 16.9% to close at $1.59.
Yiren Digital Ltd. (NYSE: YRD) gained 16.5% to close at $1.20. Yiren Digital recently announced up to $20 million buyback program.
TDH Holdings, Inc. (NASDAQ: PETZ) surged 16.4% to close at $4.34.
Forge Global Holdings, Inc. ...",2022-09-12 07:23:40+00:00,https://www.benzinga.com/news/22/09/28823434/why-immunocore-shares-dipped-22-here-are-73-biggest-movers-from-friday,Benzinga,0.15954285714285715,0.3749809523809523,positive,0.15954285714285715,False,True,True,False,False,True,False,False,0.0,2617,"['ADTX', 'AMC', 'VGFC', 'ZS', 'NBY', 'DMS', 'HIVE', 'XLO', 'DOCU', 'VHC', 'KTRA', 'GCT', 'MULN', 'RUBY', 'AVCT', 'COIN', 'BDSX', 'INM', 'PEAR', 'BHC', 'FCEL', 'POSH', 'AHI', 'CORZ', 'IPX', 'KR', 'RLX', 'ODV', 'FRGE', 'ARAV', 'REAL', 'TERN', 'NVTA', 'BIAF', 'MOGU', 'GOVX', 'IMCR', 'BNTC', 'PROK', 'ALEC', 'EGAN', 'TRKA', 'SDIG', 'SHPH', 'PTON', 'SJ', 'CURV', 'AVYA', 'AKRO', 'ENPH', 'FFIE', 'YRD', 'BPTS', 'LWLG', 'SBET', 'TPIC', 'BORR', 'ANVS', 'CLAQ', 'VERU', 'KAL', 'FUBO', 'AXGN', 'RNXT', 'ZLAB', 'WETG', 'IMBI', 'EFTR', 'PETZ', 'SWBI', 'TPHS', 'WRBY', 'RIOT']",BNTC,2022-09-12
Benitec Biopharma Inc. Announces Pricing of $18 Million Underwritten Public Offering,"HAYWARD, Calif., Sept.  12, 2022  (GLOBE NEWSWIRE) -- Benitec Biopharma Inc. (Nasdaq: BNTC) (“Benitec” or “the Company”), a development-stage, gene therapy-focused, biotechnology company developing novel genetic medicines based on its proprietary DNA-directed RNA interference (""ddRNAi"") platform, today announced the pricing of its underwritten public offering of 29,809,471 shares of its common stock (or pre-funded warrants to purchase common stock in lieu thereof) and accompanying warrants to purchase up to 29,809,471 shares of common stock. Each share of common stock (or pre-funded warrant in lieu thereof) is being sold together with one common warrant to purchase one share of common stock at a combined offering price of $0.60. The warrants will be exercisable commencing on the effective date of an increase in our authorized shares of common stock at an exercise price of $0.66 per share of common stock and will expire on the fifth anniversary of such initial exercise date. The offering is expected to close on September 15, 2022, subject to customary closing conditions.",2022-09-13 02:06:00+00:00,https://www.globenewswire.com/news-release/2022/09/13/2514567/0/en/Benitec-Biopharma-Inc-Announces-Pricing-of-18-Million-Underwritten-Public-Offering.html,GlobeNewswire Inc.,-0.1377777777777778,0.41111111111111115,negative,0.1377777777777778,False,False,False,False,False,False,False,False,0.0,1172,['BNTC'],BNTC,2022-09-13
"Why Amazon, Microsoft, Apple Shares Are Trading Lower, Here Are 50 Stocks Moving In Tuesday's Mid-Day Session","Gainers

NeuroBo Pharmaceuticals, Inc.  (NASDAQ: NRBO) jumped 186% to $47.69 as the stock started trading on a 1-for-30 reverse split basis.
Akero Therapeutics, Inc.  (NASDAQ: AKRO) shares climbed 111% to $25.88 after the company's Phase 2b HARMONY study met its primary endpoint for both the 50mg and 28mg EFX dose groups.
Comera Life Sciences Holdings, Inc. (NASDAQ: CMRA) rose 47.4% to $2.83 after a late Monday Form 4 filing showed multiple insider purchases of the stock.
89bio, Inc. (NASDAQ: ETNB) shares gained 32.4% to $6.62. Analysts reportedly said Akero's NASH data could be a positive for the company's Pegoza program in NASH.
VNET Group, Inc. (NASDAQ: VNET) surged 30.7% to $6.13 after the company announced the receipt of a preliminary non-binding proposal to acquire all of its shares and formation of a special committee to review the proposal.
Hycroft Mining Holding Corporation (NASDAQ: HYMC) gained 28% to $1.0199. The company earlier reported initial drill results from its 2022-2023 exploration program.
Aditxt, Inc. (NASDAQ: ADTX) gained 26% to $0.2188.
Aprea Therapeutics, Inc. (NASDAQ: APRE) jumped 26% to $1.00.
Planet Labs PBC  (NYSE: PL) rose 15.1% to $6.24 after the company reported better-than-expected Q2 results and raised guidance.
Tyme Technologies, Inc.  (NASDAQ: TYME) rose 14.7% to $0.2950 after gaining around 4% on Monday.
Fresh Track Therapeutics, Inc. (NASDAQ: FRTX) surged 14.7% to $2.42. Fresh Tracks Therapeutics initiated multiple ascending dose portion of Phase 1 study of DYRK1A inhibitor FRTX-02.
Motorsport Games Inc. (NASDAQ: MSGM) gained 13.7% to $0.8603. Motorsport Games, last month, reported worse-than-expected Q2 EPS results.
Catalyst Pharmaceuticals, Inc. (NASDAQ: CPRX) rose 13.3% to $17.16. S&P Dow Jones Indices said Catalyst Pharmaceuticals will replace Mantech International Corp. in S&P Smallcap 600 on September 15.
Syros Pharmaceuticals, Inc. (NASDAQ: SYRS) shares rose 13% to $0.8250 after the FDA granted Syros Pharmaceuticals ...",2022-09-13 16:32:58+00:00,https://www.benzinga.com/news/22/09/28852588/why-amazon-microsoft-apple-shares-are-trading-lower-here-are-50-stocks-moving-in-tuesdays-mid-day-se,Benzinga,0.2520244461420932,0.501973516679399,positive,0.2520244461420932,False,True,True,False,False,True,False,False,0.0,2108,"['BSFC', 'APP', 'FRTX', 'NRBO', 'ZNTL', 'AAPL', 'APRE', 'CRDF', 'AEHR', 'W', 'HYMC', 'AMZN', 'INM', 'ADTX', 'CPRX', 'BNTC', 'PYPD', 'MSFT', 'HKD', 'RLAY', 'RENT', 'SYRS', 'MSGM', 'LXU', 'CVNA', 'TUEM', 'PL', 'TYME', 'WKME', 'PACB', 'RCKT', 'CELU', 'IBIO', 'RUBY', 'CNM', 'VNET', 'PTON', 'SLNH', 'ASAN', 'CDAK', 'BRZE', 'U', 'AKRO', 'CMRA', 'NCRA', 'BBIO', 'YOSH', 'UPST', 'ETNB']",BNTC,2022-09-13
Why Comera Life Sciences Shares Jumped 101%; Here Are 74 Biggest Movers From Yesterday,"Gainers

Akero Therapeutics, Inc.  (NASDAQ: AKRO) shares jumped 136.8% to settle at $29.05 on Tuesday after the company's Phase 2b HARMONY study met its primary endpoint for both the 50mg and 28mg EFX dose groups.
Aditxt, Inc. (NASDAQ: ADTX) jumped 113.8% to close at $0.37.
Comera Life Sciences Holdings, Inc. (NASDAQ: CMRA) surged 101% to close at $3.86 after a late Monday Form 4 filing showed multiple insider purchases of the stock.
NeuroBo Pharmaceuticals, Inc.  (NASDAQ: NRBO) climbed 79.3% to close at $29.90 on Tuesday as the stock started trading on a 1-for-30 reverse split basis.
89bio, Inc. (NASDAQ: ETNB) shares rose 40% to close at $7.00. Analysts reportedly said Akero's NASH data could be a positive for the company's Pegoza program in NASH.
Motorsport Games Inc. (NASDAQ: MSGM) climbed 28.1% to close at $0.97. Motorsport Games, last month, reported worse-than-expected Q2 EPS results.
Akouos, Inc. (NASDAQ: AKUS) gained 28% to close at $4.48. The FDA has signed off Akouos Investigational New Drug application to initiate a Phase 1/2 trial of AK-OTOF, gene therapy for otoferlin gene (OTOF)-mediated hearing loss.
Infobird Co., Ltd (NASDAQ: IFBD) jumped 28% to settle at $2.47.
Golden Path Acquisition Corporation (NASDAQ: GPCO) rose 22.4% to settle at $8.69.
Ensysce Biosciences, Inc. (NASDAQ: ENSC) gained 22.3% to close at $0.4131.
Immuneering Corporation (NASDAQ: IMRX) jumped 22.1% to close at $12.00. Immuneering recently submitted an Investigational New Drug (IND) application to the U.S. Food and Drug Administration (FDA) for its product candidate IMM-1-104 in development for the treatment of advanced RAS mutant solid tumors.
Kiora Pharmaceuticals, Inc. (NASDAQ: KPRX) rose 21% to close at $0.2299.
VNET Group, Inc. (NASDAQ: VNET) gained 20.7% to close at $5.66 after the company announced the receipt of a preliminary non-binding proposal to acquire all of its shares and formation of a special committee to review the proposal.
Cosmos Holdings Inc. (NASDAQ: COSM) climbed 19.7% to settle at $0.4216. Cosmos Health’s subsidiary SkyPharm recently launched its first Sky Premium Life products on Amazon in the U.S.
Palisade Bio, Inc. (NASDAQ: PALI) jumped 18.3% to settle at $0.1782. Palisade Bio was Granted U.S. patent titled 'Administration of serine protease inhibitors to the stomach.'
Aprea Therapeutics, Inc. (NASDAQ: APRE) gained 17.7% to close at $0.9299.
Phunware, Inc. (NASDAQ: PHUN) surged 15.6% to settle at $1.63.
NLS Pharmaceutics AG (NASDAQ: NLSP) gained 14.2% to close at $1.12. Laidlaw & Co. recently initiated coverage on NLS Pharmaceutics with a Buy rating and announced a price target of $6.
iBio, Inc. (NYSE: IBIO) rose 13.7% to close at $0.3080 after declining over 4% on Monday.
Planet Labs PBC  (NYSE: PL) gained 13.5% to close at $6.15 after the company reported better-than-expected Q2 results and raised guidance.
Aehr Test Systems (NASDAQ: AEHR) gained 13.5% to close at $15.99 ...",2022-09-14 07:58:11+00:00,https://www.benzinga.com/news/22/09/28860218/why-comera-life-sciences-shares-jumped-101-here-are-74-biggest-movers-from-yesterday,Benzinga,0.22669172932330825,0.48820915926179076,positive,0.22669172932330825,True,True,True,False,True,True,False,False,0.0,3027,"['JSPR', 'CVNA', 'APP', 'AKUS', 'IBIO', 'LMDX', 'TYME', 'AAPL', 'PYPD', 'VNET', 'TRDA', 'RCKT', 'AEHR', 'RLAY', 'ASAN', 'SLNH', 'SYNH', 'AMZN', 'NLSP', 'U', 'KPRX', 'HUT', 'COIN', 'MSGM', 'KC', 'BRZE', 'RUBY', 'CROX', 'PALI', 'NCRA', 'PHUN', 'HLVX', 'PTON', 'MSFT', 'TUEM', 'UPST', 'CMRA', 'CDAK', 'MSTR', 'VTAQ', 'NRBO', 'VVX', 'AKRO', 'NVDA', 'EWTX', 'APRE', 'MEGL', 'BBIO', 'PLCE', 'IFBD', 'W', 'ETNB', 'RENT', 'WKME', 'INM', 'VERO', 'CTV', 'ENSC', 'BNTC', 'ZNTL', 'LXU', 'CNM', 'HKD', 'CRDF', 'PL', 'IMRX', 'SYRS', 'HYMC', 'PACB', 'BOXD', 'COSM', 'ADTX', 'REAL', 'GPCO']",BNTC,2022-09-14
Benitec Biopharma Inc. Announces Closing of $18 Million Underwritten Public Offering,"HAYWARD, Calif., Sept.  16, 2022  (GLOBE NEWSWIRE) -- Benitec Biopharma Inc. (Nasdaq: BNTC) (“Benitec” or “the Company”), a development-stage, gene therapy-focused, biotechnology company developing novel genetic medicines based on its proprietary DNA-directed RNA interference (""ddRNAi"") platform, today announced it closed its previously announced underwritten public offering of 29,809,471 shares of its common stock (or pre-funded warrants to purchase common stock in lieu thereof) and accompanying warrants to purchase up to 29,809,471 shares of common stock. Each share of common stock (or pre-funded warrant in lieu thereof) was sold together with one common warrant to purchase one share of common stock at a combined offering price of $0.60. The warrants will be exercisable commencing on the effective date of an increase in our authorized shares of common stock at an exercise price of $0.66 per share of common stock and will expire on the fifth anniversary of such initial exercise date.",2022-09-16 12:42:00+00:00,https://www.globenewswire.com/news-release/2022/09/16/2517669/0/en/Benitec-Biopharma-Inc-Announces-Closing-of-18-Million-Underwritten-Public-Offering.html,GlobeNewswire Inc.,-0.1377777777777778,0.38,negative,0.1377777777777778,False,False,False,False,False,False,False,False,0.0,1085,['BNTC'],BNTC,2022-09-16
"Benzinga's Top Ratings Upgrades, Downgrades For October 18, 2022","Upgrades
According to Jefferies, the prior rating for Target Corp (NYSE:TGT) was changed from Hold to Buy. Target earned $0.39 in the second quarter, compared to $3.64 in the year-ago quarter. The current stock performance of Target shows a 52-week-high of $254.87 and a 52-week-low of $137.16. Moreover, at the end of the last trading period, the closing price was at $149.25.   
According to Redburn Partners, the prior rating for MongoDB Inc (NASDAQ:MDB) was changed from Sell to Neutral. For the second quarter, MongoDB had an EPS of $0.23, compared to year-ago quarter EPS of $0.24. The stock has a 52-week-high of $519.54 and a 52-week-low of $166.61. At the end of the last trading period, MongoDB closed at $182.35.   
For Diamondrock Hospitality Co (NYSE:DRH), Evercore ISI Group upgraded the previous rating of In-Line to Outperform. In the second quarter, Diamondrock Hospitality showed an EPS of $0.36, compared to $0.05 from the year-ago quarter. At the moment, the stock has a 52-week-high of $11.14 and a 52-week-low of $7.18. Diamondrock Hospitality closed at $8.50 at the end of the last trading period.   
B of A Securities upgraded the previous rating for Owens-Corning Inc (NYSE:OC) from Underperform to Buy. Owens-Corning earned $3.83 in the second quarter, compared to $2.60 in the year-ago quarter. The stock has a 52-week-high of $101.12 and a 52-week-low of $72.97. At the end of the last trading period, Owens-Corning closed at $82.43.   
For Juniper Networks Inc (NYSE:JNPR), Piper Sandler upgraded the previous rating of Underweight to Neutral. In the second quarter, Juniper Networks showed an EPS of $0.42, compared to $0.43 from the year-ago quarter. The current stock performance of Juniper Networks shows a 52-week-high of $38.14 and a 52-week-low of $25.18. Moreover, at the end of the last trading period, the closing price was at $26.61.   
Raymond James upgraded the previous rating for Enviva Inc (NYSE:EVA) from Outperform to Strong Buy. In the second quarter, Enviva showed an EPS of $0.26, compared to $0.24 from the year-ago quarter. At the moment, the stock has a 52-week-high of $91.06 and a 52-week-low of $45.88. Enviva closed at $52.31 at the end of the last trading period.   
According to Goldman Sachs, the prior rating for EOG Resources Inc (NYSE:EOG) was changed from Neutral to Buy. For the second quarter, EOG Resources had an EPS of $2.74, compared to year-ago quarter EPS of $1.73. The stock has a 52-week-high of $147.99 and a 52-week-low of $88.29. At the end of the last trading period, EOG Resources closed at $120.90.   
Cowen & Co. upgraded the previous rating for Xylem Inc (NYSE:XYL) from Market Perform to Outperform. In the second quarter, Xylem showed an EPS of $0.66, compared to $0.66 from the year-ago quarter. At the moment, the stock has a 52-week-high of $121.05 and a 52-week-low of $72.08. Xylem closed at $90.55 at the end of the last trading period.   
According to Barclays, the prior rating for Jamf Holding Corp (NASDAQ:JAMF) was changed from Equal-Weight to Overweight. For the second quarter, Jamf Holding had an EPS of $0.03, compared to year-ago quarter EPS of $0.05. The current stock performance of Jamf Holding shows a 52-week-high of $39.62 and a 52-week-low of $19.20. Moreover, at the end of the last trading period, the closing price was at $21.34.   
RBC Capital upgraded the previous rating for PotlatchDeltic Corp (NASDAQ:PCH) from Sector Perform to Outperform. For the second quarter, PotlatchDeltic had an EPS of $1.61, compared to year-ago quarter EPS of $2.77. The current stock performance of PotlatchDeltic shows a 52-week-high of $60.70 and a 52-week-low of $39.10. Moreover, at the end of the last trading period, the closing price was at $42.63.   
See all analyst ratings upgrades.
Downgrades
According to Roth Capital, the prior rating for Acushnet Holdings Corp (NYSE:GOLF) was changed from Buy to Neutral. Acushnet Hldgs earned $0.91 in the second quarter, compared to $1.08 in the year-ago quarter. The current stock performance of Acushnet Hldgs shows a 52-week-high of $53.94 and a 52-week-low of $37.46. Moreover, at the end of the last trading period, the closing price was at $45.76.   
William Blair downgraded the previous rating for Green Dot Corp (NYSE:GDOT) from Outperform to Market Perform. Green Dot earned $0.74 in the second quarter, compared to $0.68 in the year-ago quarter. At the moment, the stock has a 52-week-high of $38.14 and a 52-week-low of $17.50. Green Dot closed at $19.29 at the end of the last trading period.   
Barclays downgraded the previous rating for The Descartes Systems Group Inc (NASDAQ:DSGX) from Equal-Weight to Underweight. In the second quarter, Descartes Systems Gr showed an EPS of $0.27, compared to $0.27 from the year-ago quarter. The current stock performance of Descartes Systems Gr shows a 52-week-high of $82.86 and a 52-week-low of $56.19. Moreover, at the end of the last trading period, the closing price was at $68.36.   
Deutsche Bank downgraded the previous rating for Packaging Corp of America (NYSE:PKG) from Hold to Sell. For the second quarter, Packaging Corp of America had an EPS of $3.23, compared to year-ago quarter EPS of $2.17. At the moment, the stock has a 52-week-high of $168.50 and a 52-week-low of $110.56. Packaging Corp of America closed at $115.94 at the end of the last trading period.   
According to Deutsche Bank, the prior rating for International Paper Co (NYSE:IP) was changed from Hold to Sell. International Paper earned $1.24 in the second quarter, compared to $1.06 in the year-ago quarter. The current stock performance of International Paper shows a 52-week-high of $50.23 and a 52-week-low of $30.69. Moreover, at the end of the last trading period, the closing price was at $33.23.   
For Masco Corp (NYSE:MAS), B of A Securities downgraded the previous rating of Neutral to Underperform. Masco earned $1.14 in the second quarter, compared to $1.14 in the year-ago quarter. The current stock performance of Masco shows a 52-week-high of $71.06 and a 52-week-low of $45.27. Moreover, at the end of the last trading period, the closing price was at $47.81.   
For Hayward Holdings Inc (NYSE:HAYW), B of A Securities downgraded the previous rating of Neutral to Underperform. Hayward Holdings earned $0.29 in the second quarter, compared to $0.31 in the year-ago quarter. At the moment, the stock has a 52-week-high of $26.38 and a 52-week-low of $8.30. Hayward Holdings closed at $9.01 at the end of the last trading period.   
According to Wedbush, the prior rating for Carvana Co (NYSE:CVNA) was changed from Outperform to Neutral. For the second quarter, Carvana had an EPS of $2.35, compared to year-ago quarter EPS of $0.26. The stock has a 52-week-high of $240.58 and a 52-week-low of $17.05. At the end of the last trading period, Carvana closed at $18.22.   
B of A Securities downgraded the previous rating for Mohawk Industries Inc (NYSE:MHK) from Neutral to Underperform. In the second quarter, Mohawk Industries showed an EPS of $4.41, compared to $4.45 from the year-ago quarter. The stock has a 52-week-high of $192.00 and a 52-week-low of $88.84. At the end of the last trading period, Mohawk Industries closed at $96.51.   
According to JMP Securities, the prior rating for Palomar Holdings Inc ...Full story available on Benzinga.com",2022-10-18 14:21:57+00:00,https://www.benzinga.com/analyst-ratings/upgrades/22/10/29307446/benzingas-top-ratings-upgrades-downgrades-for-october-18-2022,Benzinga,-0.02751937984496124,0.11744186046511626,neutral,0.02751937984496124,False,True,True,False,False,False,False,False,0.0,7417,"['PATH', 'DSP', 'ESQ', 'DRH', 'JAMF', 'ACMR', 'MDB', 'EOG', 'XYL', 'DSGX', 'SYNH', 'EW', 'RFP', 'DXCM', 'PLMR', 'IP', 'GMED', 'EXEL', 'NBSE', 'KMB', 'PDCE', 'GOLF', 'KROS', 'MAS', 'MDT', 'RNG', 'ISRG', 'PTIC', 'MHK', 'TNDM', 'JNPR', 'HAYW', 'OC', 'NGM', 'NUVA', 'KNBE', 'PCH', 'EVA', 'PEGA', 'WKME', 'PKG', 'BNTC', 'PODD', 'FORG', 'RPM', 'ZBH', 'ABT', 'PROK', 'SPG', 'DOMO', 'BAX', 'SYK', 'BBLG', 'BSX', 'TGT', 'TTD', 'BSY', 'GDOT', 'CVNA', 'CLX']",BNTC,2022-10-18
Benitec Biopharma Enrolls First OPMD Subject into the Clinical Development Program,"HAYWARD, Calif., Jan.  23, 2023  (GLOBE NEWSWIRE) -- Benitec Biopharma Inc. (NASDAQ: BNTC) (“Benitec” or “the Company”), a development-stage, gene therapy-focused, biotechnology company developing novel genetic medicines based on its proprietary DNA-directed RNA interference (""ddRNAi"") platform, today announced the enrollment of the first oculopharyngeal muscular dystrophy (OPMD) patient into the OPMD natural history phase of the BB-301 clinical development program. The OPMD Natural History (NH) Study represents the 6-month pre-treatment observation period for each OPMD subject prior to the administration of BB-301 for the treatment of OPMD-related dysphagia. Upon the completion of 6-months of radiographic and clinical assessments required for the NH Study, participants will be eligible for enrollment into the BB-301 Phase 1b/2a treatment study in which BB-301 will be administered.",2023-01-23 14:48:00+00:00,https://www.globenewswire.com/news-release/2023/01/23/2593360/0/en/Benitec-Biopharma-Enrolls-First-OPMD-Subject-into-the-Clinical-Development-Program.html,GlobeNewswire Inc.,0.05238095238095238,0.30476190476190473,neutral,0.05238095238095238,False,False,False,False,False,False,False,False,0.0,978,['BNTC'],BNTC,2023-01-23
7 Cheap Robinhood Stocks Under $1 To Watch Trading For Pennies,"Cheap Robinhood stocks under $1 to watch this week.
The post 7 Cheap Robinhood Stocks Under $1 To Watch Trading For Pennies appeared first on Penny Stocks to Buy, Picks, News and Information | PennyStocks.com.",2023-02-21 21:05:08+00:00,https://pennystocks.com/featured/2023/02/21/7-cheap-robinhood-stocks-under-1-to-watch-trading-for-pennies/,PennyStocks,0.36250000000000004,0.6083333333333333,positive,0.36250000000000004,False,True,False,False,False,False,False,False,0.0,273,"['BNTC', 'NOGN', 'SIDU', 'TRKA']",BNTC,2023-02-21
Benitec Biopharma to Present at the OPMD International Conference,9 OPMD subjects are now enrolled on the Natural History (NH) Study 9 OPMD subjects are now enrolled on the Natural History (NH) Study,2023-05-08 12:05:00+00:00,https://www.globenewswire.com/news-release/2023/05/08/2663267/0/en/Benitec-Biopharma-to-Present-at-the-OPMD-International-Conference.html,GlobeNewswire Inc.,0.05,0.2,neutral,0.05,False,False,False,False,False,False,False,False,0.0,200,['BNTC'],BNTC,2023-05-08
Crude Oil Rises; Carnival Shares Drop After Q2 Results,"U.S. stocks traded lower midway through trading, with the Nasdaq dropping around 80 points on Monday.
The Dow traded down 0.02% to 33,719.54 while the NASDAQ fell 0.53% to 13,420.67. The S&P 500, also fell, dropping, 0.19% to 4,340.11.
Check This Out:  Top 5 Materials Stocks That Are Preparing To Pump This Month
 
Leading and Lagging Sectors

Energy shares jumped by 1.2% on Monday.
In trading on Monday, health care shares dipped by 0.9%.


 
Top Headline

Carnival Corporation  (NYSE: CCL) shares dropped over 9% on Monday after the company released results for its second quarter.
Carnival reported second-quarter revenue of $4.91 billion, which beat the consensus estimate of $4.77 billion. The cruise company reported a quarterly adjusted loss of 31 cents per share, which beat estimates for a loss of 34 cents per share.
 
Equities Trading UP

TRxADE HEALTH, Inc.  (NASDAQ: MEDS) shares shot up 83% to $15.41. TRxADE HEALTH issued correction to press release announcing its anticipated combination with Superlatus, Inc.
Shares of  MoonLake Immunotherapeutics  (NASDAQ: MLTX) got a boost, shooting 56% to $40.25 after the company's Phase 2 study for Nanobody sonelokimabint met its ...",2023-06-26 16:09:01+00:00,https://www.benzinga.com/news/earnings/23/06/33009000/crude-oil-rises-carnival-shares-drop-after-q2-results,Benzinga,0.028888888888888898,0.45777777777777773,neutral,0.028888888888888898,True,False,True,False,True,False,False,False,0.0,1248,"['CCL', 'MEDS', 'FGEN', 'BNTC', 'MLTX', 'AVTX', 'BMEA']",BNTC,2023-06-26
Why Carnival Shares Are Trading Lower By 9%? Here Are Other Stocks Moving In Monday's Mid-Day Session,"Gainers

Benitec Biopharma Inc. (NASDAQ: BNTC) climbed 104% to $0.4050 after the company announced it received FDA clearance of the IND for BB-301 for the treatment of Oculopharyngeal Muscular Dystrophy.
TRxADE HEALTH, Inc.  (NASDAQ: MEDS) shares jumped 91.9% to $16.20. TRxADE HEALTH issued correction to press release announcing its anticipated combination with Superlatus, Inc.
MoonLake Immunotherapeutics  (NASDAQ: MLTX) gained 75% to $45.50 after the company's Phase 2 study for Nanobody sonelokimabint met its primary endpoint in hidradenitis suppurativa.
INVO Bioscience, Inc. (NASDAQ: INVO) shares jumped 41% to $0.2327 after dropping 5% on Friday.
iMedia Brands, Inc. (NASDAQ: IMBI) gained 35% to $0.1891. iMedia Brands announced receipt of second Nasdaq non-compliance notice.
Acelyrin, Inc.  (NASDAQ: SLRN) shares climbed 35% to $23.81.
Digital Media Solutions, Inc. (NYSE: DMS) shares gained 26% to $0.4234 after gaining around 5% on Friday. Digital Media Solutions recently reported slightly worse-than-expected Q1 sales results.
BioRestorative Therapies, Inc. (NASDAQ: BRTX) jumped 24.6% to $7.13.
Whole Earth Brands, Inc. (NASDAQ: FREE) climbed 21.6% to $3.7932 after a 13D filing showed Martin Franklin delivered a non-binding proposal to Mr. Irwin Simon, the Executive Chairman of the board of directors of Whole Earth, to acquire the company for $4 per share in cash.
Kubient, Inc. (NASDAQ: KBNT) surged 17.7% to $0.5650.
ORIC Pharmaceuticals, Inc. (NASDAQ: ORIC) rose 17% to $7.59. ORIC Pharmaceuticals announced $85 million private placement financing.
Identiv, Inc. (NASDAQ: INVE) gained 15.7% to $8.31. B. Riley Securities upgraded Identiv from Neutral to Buy and raised the price target from $10 to $11.
Better Choice Company Inc. (NYSE: BTTR) climbed 15.6% to $0.2474.
SL Green Realty Corp. (NYSE: SLG) gained 15.5% to $27.19.
SQZ Biotechnologies Company (NYSE: SQZ) shares gained 15% to $0.46 ...",2023-06-26 16:31:48+00:00,https://www.benzinga.com/news/23/06/33009405/why-carnival-shares-are-trading-lower-by-9-here-are-other-stocks-moving-in-mondays-mid-day-session,Benzinga,0.12916666666666668,0.35833333333333334,positive,0.12916666666666668,False,True,True,False,True,False,True,False,0.0,2024,"['SQZ', 'ORIC', 'BBLN', 'FGEN', 'NKLA', 'LVLU', 'PIRS', 'LGHL', 'MRCY', 'GSRM', 'BNTC', 'DMS', 'PACW', 'BLTE', 'MLTX', 'SRGA', 'SIFY', 'BRSH', 'FREE', 'KBNT', 'CCL', 'KITT', 'CLGN', 'SKLZ', 'GCO', 'ATUS', 'IONQ', 'SLG', 'DHC', 'BMEA', 'CGC', 'SRRK', 'SGHC', 'INVE', 'SLGG', 'LCID', 'BPTH', 'HKIT', 'FEMY', 'BRTX', 'BTTR', 'INTA', 'SLRN', 'IMBI', 'AVTX', 'BTB', 'WORX', 'OCFT', 'DOMA', 'MEDS', 'INVO', 'IRNT']",BNTC,2023-06-26
Dow Surges Over 50 Points; Avalo Therapeutics Shares Plummet,"U.S. stocks traded mixed toward the end of trading, with the Dow Jones gaining more than 50 points on Monday.
The Dow traded up 0.18% to 33,788.05 while the NASDAQ fell 0.61% to 13,410.63. The S&P 500, also fell, dropping, 0.11% to 4,343.41.
Check This Out:  Top 5 Materials Stocks That Are Preparing To Pump This Month
 
Leading and Lagging Sectors

Energy shares jumped by 2.2% on Monday.
In trading on Monday, communication services shares dipped by 1.4%.


 
Top Headline
The Dallas Fed manufacturing index rose to -23.2 in June, versus previous reading of -29.1.
 
Equities Trading UP

TRxADE HEALTH, Inc.  (NASDAQ: MEDS) shares shot up 83% to $15.45. TRxADE HEALTH issued correction to press release announcing its anticipated combination with Superlatus, Inc.
Shares of  MoonLake Immunotherapeutics  (NASDAQ: MLTX) got a boost, shooting 74% to $45.12 after the company's Phase 2 study for Nanobody sonelokimabint met its primary endpoint in hidradenitis suppurativa.
Benitec Biopharma Inc.  (NASDAQ: BNTC) shares were also up, gaining 101% to $0.3990 after the company announced it received FDA clearance ...",2023-06-26 19:21:20+00:00,https://www.benzinga.com/news/earnings/23/06/33012823/dow-surges-over-50-points-avalo-therapeutics-shares-plummet,Benzinga,0.33333333333333337,0.48095238095238096,positive,0.33333333333333337,False,False,True,False,True,False,False,False,0.0,1177,"['MEDS', 'FGEN', 'BNTC', 'MLTX', 'AVTX', 'BMEA']",BNTC,2023-06-26
How Day Trading Penny Stocks Could Make You Money,"Why day trading penny stocks could be a quick method for profitability
The post How Day Trading Penny Stocks Could Make You Money appeared first on Penny Stocks to Buy, Picks, News and Information | PennyStocks.com.",2023-06-27 10:08:00+00:00,https://pennystocks.com/featured/2023/06/27/how-day-trading-penny-stocks-make-money/,PennyStocks,0.29166666666666663,0.41666666666666663,positive,0.29166666666666663,True,True,False,False,False,False,False,False,0.0,266,"['BNTC', 'DSS', 'INVO']",BNTC,2023-06-27
Why Walgreens Shares Are Trading Lower By Over 9%? Here Are Other Stocks Moving In Tuesday's Mid-Day Session,"Gainers

Tivic Health Systems, Inc. (NASDAQ: TIVC) shares jumped 105% to $0.2050 after the company signed a distribution agreement with Cardinal Health.
Black Diamond Therapeutics, Inc. (NASDAQ: BDTX) surged 76.3% to $3.2450 after the company announced initial dose escalation data demonstrated anti-tumor activity of BDTX-1535 in non-small cell lung cancer patients across multiple EGFR mutation families.
Centogene N.V. (NASDAQ: CNTG) rose 49% to $1.1675 after the company and Lifera formed a Saudi Arabian joint venture. Under the terms of the collaboration, the company will receive a $30 million mandatory convertible loan from Lifera.
CalciMedica, Inc. (NASDAQ: CALC) climbed 37% to $4.43.
Cara Therapeutics, Inc.  (NASDAQ: CARA) gained 22.1% to $3.9547. Cara Therapeutics was granted U.S. Patent #11684674: Oral formulations of kappa opioid receptor agonists.
AC Immune SA (NASDAQ: ACIU) rose 19.2% to $2.36 after the company received FDA fast track designation for anti-amyloid-beta active immunotherapy, ACI-24.060 for Alzheimer's disease.
American Equity Investment Life Holding Company  (NYSE: AEL) shares gained 17.6% to $53.02 after the company announced it has received a $55 per share acquisition proposal from Brookfield Reinsurance.
American Rebel Holdings, Inc. (NASDAQ: AREB) jumped 16.6% to $5.47.
Biodexa Pharmaceuticals Plc (NASDAQ: BDRX) rose 16.6% to $0.0729.
IronNet, Inc. (NYSE: IRNT) gained 14.8% to $0.2067 after dropping 13% on Monday.
Astrotech Corporation (NASDAQ: ASTC) gained 13.5% to $12.95. Astrotech 13D filing showed BML Investment Partners, L.P. increased stake in the company to 13%.
Aterian, Inc. (NASDAQ: ATER) rose 13% to $0.4099.
Enovix Corporation (NASDAQ: ENVX) gained 12.1% to $14.71 after the company announced it received a purchase order to produce battery cells for the U.S. Army.
WeWork Inc. (NYSE: WE) rose 11.1% to $0.2601.
Moolec Science SA (NASDAQ: MLEC) gained 10.7% to $4.1817.
Edgewise Therapeutics, Inc. (NASDAQ: EWTX) rose 9.9% to $7.54 as the company released 12-month topline results from the ARCH study, an open-label, single-center study assessing EDG-5506 in adults with Becker Muscular Dystrophy (BMD).
NextPlay Technologies, Inc. (NASDAQ: NXTP) surged ...",2023-06-27 17:56:02+00:00,https://www.benzinga.com/news/23/06/33031053/why-walgreens-shares-are-trading-lower-by-over-9-here-are-other-stocks-moving-in-tuesdays-mid-day-se,Benzinga,0.2410714285714286,0.5505952380952381,positive,0.2410714285714286,False,True,True,True,True,False,False,False,0.0,2332,"['DMS', 'BDRX', 'TMC', 'CVAC', 'MLEC', 'CARA', 'VKTX', 'AKU', 'IHT', 'ISPR', 'WBA', 'SYTA', 'LOV', 'BNTC', 'RIDE', 'NBY', 'EVLO', 'TERN', 'ACET', 'ATER', 'YELL', 'ASTC', 'MDGL', 'EWTX', 'CALC', 'ACIU', 'SGHC', 'AEL', 'RSLS', 'NXTP', 'SNX', 'AREB', 'ENVX', 'U', 'WE', 'XPOF', 'VIEW', 'CNTG', 'IRNT', 'BIOL', 'OCFT', 'TIVC', 'SLRN', 'BDTX', 'GSRM', 'APLD', 'NKTX', 'BRSH', 'IMBI']",BNTC,2023-06-27
Why Eton Pharmaceuticals Shares Are Trading Lower By Over 15%? Here Are Other Stocks Moving In Wednesday's Mid-Day Session,"Gainers

Minerva Neurosciences, Inc.  (NASDAQ: NERV) surged 46.2% to $8.80. Minerva Neurosciences announced $20 million in private placement priced at a premium to market.
Kaleyra, Inc.  (NYSE: KLR) shares jumped 38.3% to $6.64 after Tata Communications Limited announced it has entered an agreement to acquire the company.
Theriva Biologics, Inc. (NYSE: TOVX) shares jumped 30.6% to $1.0808 after the company said Orphan Drug Designation was granted by the U.S. Food and Drug Administration for VCN-01 for the treatment of pancreatic cancer.
Joby Aviation, Inc. (NYSE: JOBY) gained 26.4% to $8.08 after the company announced it received a permit that allows the company to begin flight testing of its first production prototype.
Baosheng Media Group Holdings Limited  (NASDAQ: BAOS) shares gained 22.4% to $9.12.
Xponential Fitness, Inc. (NYSE: XPOF) surged 18.1% to $18.57.
JX Luxventure Limited (NASDAQ: JXJT) rose 17.4% to $2.36.
Motorcar Parts of America, Inc. (NASDAQ: MPAA) gained 16.3% to $8.19.
Archer Aviation Inc. (NYSE: ACHR) rose 15.6% to $3.92. Stellantis reported a 10.6% stake in Archer Aviation Class A Common Stock as of June 23.
IronNet, Inc. (NYSE: IRNT) gained 14.8% to $0.23.
Doma Holdings Inc. (NYSE: DOMA) surged 13.8% to $0.2026.
Lichen China Limited (NASDAQ: LICN) rose 13.5% to $1.51.
Opendoor Technologies Inc. (NASDAQ: OPEN) jumped 13.3% to $3.8550.
eFFECTOR Therapeutics, Inc. (NASDAQ: EFTR) gained 11.3% to $0.7001.
Avalo Therapeutics, Inc. (NASDAQ: AVTX) shares climbed 11.1% to $0.4776 after declining around 14% on Tuesday. Avalo Therapeutics recently announced its Phase 2 Peak trial ...",2023-06-28 17:04:06+00:00,https://www.benzinga.com/news/23/06/33047213/why-eton-pharmaceuticals-shares-are-trading-lower-by-over-15-here-are-other-stocks-moving-in-wednesd,Benzinga,0.10302197802197803,0.44267399267399266,positive,0.10302197802197803,False,True,False,False,True,False,False,False,0.0,1746,"['EFTR', 'AREB', 'IRNT', 'ETON', 'CGTX', 'NG', 'EDTX', 'MULN', 'MPAA', 'KLR', 'TIVC', 'NCMI', 'AVTX', 'WULF', 'OPEN', 'BDTX', 'FATH', 'BZH', 'SONN', 'LFLY', 'GIS', 'DMS', 'EGIO', 'RGC', 'SRGA', 'LICN', 'VVI', 'SYTA', 'JXJT', 'NRBO', 'BAOS', 'TOVX', 'IMBI', 'ACHR', 'PINS', 'ASTS', 'NERV', 'XPOF', 'BNTC', 'DOMA', 'AXSM', 'JOBY']",BNTC,2023-06-28
"Benitec Biopharma Announces 1-for-17 Reverse Stock Split Effective July 26, 2023","HAYWARD, Calif., July  25, 2023  (GLOBE NEWSWIRE) -- Benitec Biopharma Inc. (NASDAQ: BNTC) (“Benitec” or “Company”), a clinical-stage, gene therapy-focused, biotechnology company developing novel genetic medicines based on its proprietary DNA-directed RNA interference (“ddRNAi”)",2023-07-25 17:00:00+00:00,https://www.globenewswire.com/news-release/2023/07/25/2710757/0/en/Benitec-Biopharma-Announces-1-for-17-Reverse-Stock-Split-Effective-July-26-2023.html,GlobeNewswire Inc.,0.6,0.8,positive,0.6,False,False,False,False,False,True,False,False,0.0,361,['BNTC'],BNTC,2023-07-25
Why Novavax Stock Zoomed 13% Higher on Monday,A renewed fight against COVID-19 might be coming.,2023-07-31 22:24:41+00:00,https://www.fool.com/investing/2023/07/31/why-novavax-stock-zoomed-13-higher-on-monday/,The Motley Fool,0.25,0.5,positive,0.25,False,False,False,False,False,False,False,False,0.0,96,"['NVAX', 'PFE', 'JNJ', 'MRNA', 'BNTC']",BNTC,2023-07-31
Benitec Biopharma Inc. Announces Pricing of $30 Million Underwritten Public Offering,"HAYWARD, Calif., Aug.  08, 2023  (GLOBE NEWSWIRE) -- Benitec Biopharma Inc. (Nasdaq: BNTC) (“Benitec” or the “Company”), a clinical-stage, gene therapy-focused, biotechnology company developing novel genetic medicines based on its proprietary DNA-directed RNA interference (""ddRNAi"") “Silence and Replace” platform, today announced the pricing of its underwritten public offering of 15,544,041 shares of its common stock (or pre-funded warrants to purchase common stock in lieu thereof) and accompanying warrants to purchase up to 15,544,041 shares of common stock. Each share of common stock is being sold together with one common warrant to purchase one share of common stock at a combined offering price of $1.93 and each pre-funded warrant, if any, is being sold together with one common warrant to purchase one share of common stock at a combined offering price of $1.9299. The pre-funded warrants, if any, will be immediately exercisable until exercised in full at an exercise price of $0.0001 per share of common stock. The common warrants will be immediately exercisable at an exercise price of $3.86 per share of common stock and will expire on the fifth anniversary of such initial exercise date. The offering is expected to close on August 11, 2023, subject to customary closing conditions. In addition, Benitec has granted the underwriter a 30 day option to purchase an additional 2,331,606 shares of common stock and/or common warrants to purchase up to an additional 2,331,606 shares of common stock at the public offering price, less discounts and commissions.",2023-08-09 02:30:00+00:00,https://www.globenewswire.com/news-release/2023/08/09/2721285/0/en/Benitec-Biopharma-Inc-Announces-Pricing-of-30-Million-Underwritten-Public-Offering.html,GlobeNewswire Inc.,-0.18623188405797098,0.39347826086956517,negative,0.18623188405797098,False,False,False,False,False,False,False,False,0.0,1661,['BNTC'],BNTC,2023-08-09
Dow Edges Higher; Tigo Energy Shares Plunge,"U.S. stocks pared some losses toward the end of trading, with the Dow Jones turning higher on Wednesday.
The Dow traded up 0.05% to 35,332.35 while the NASDAQ fell 0.46% to 13,820.37. The S&P 500, also fell, dropping, 0.07% to 4,496.29.
Check This Out:  Wall Street's Most Accurate Analysts Say Hold These 3 Financial Stocks With Over 5% Dividend Yields
 
Leading and Lagging Sectors

Energy shares jumped by 1.7% on Wednesday.
In trading on Wednesday, information technology shares fell 0.7%.

 
Top Headline
The Wendy's Company (NASDAQ: WEN) reported upbeat earnings for its second quarter, while sales missed estimates.
The company reported second-quarter FY23 sales growth of 4.4% year-on-year to $561.57 million, missing the analyst consensus of $566.95 million. Adjusted EPS of $0.28 beat the consensus estimate of $0.27.
Wendy's continues to expect FY23 adjusted EPS of $0.95 - $1.00 versus the consensus of $0.98.
 
Equities Trading UP

Benitec Biopharma Inc.  (NASDAQ: BNTC) shares shot up 70% to $3.28. Benitec Biopharma reported pricing of $30 million underwritten public offering.
Shares of  Decibel Therapeutics, Inc.  (NASDAQ: DBTX) got a boost, shooting 78% to $4.96 after ...",2023-08-09 18:59:16+00:00,https://www.benzinga.com/news/earnings/23/08/33675981/dow-edges-higher-tigo-energy-shares-plunge,Benzinga,0.1888888888888889,0.3055555555555556,positive,0.1888888888888889,True,False,True,False,False,True,False,False,0.0,1236,"['WEN', 'DBTX', 'BNTC', 'WE', 'PALI', 'TYGO', 'RENB']",BNTC,2023-08-09
Why Cutera Shares Are Trading Lower By Around 22%? Here Are Other Stocks Moving In Wednesday's Session,"Gainers

Tango Therapeutics, Inc. (NASDAQ: TNGX) climbed 85.2% to $7.09 after gaining 11% on Tuesday. Tango Therapeutics recently posted a narrower quarterly loss.
Decibel Therapeutics, Inc. (NASDAQ: DBTX) gained 76% to $4.9150 after Regeneron announced it will acquire the company.
Benitec Biopharma Inc. (NASDAQ: BNTC) jumped 75.8% to $3.3937. Benitec Biopharma reported pricing of $30 million underwritten public offering.
Renovaro Biosciences Inc. (NASDAQ: RENB) shares gained 68.2% to $1.43 after the company and AI-focused GEDi Cube announced a binding, exclusive letter of intent to merge.
T Stamp Inc. (NASDAQ: IDAI) climbed 48.8% to $2.3518.
EBET, Inc. (NASDAQ: EBET) surged 40.5% to $0.0405 on abnormally-high volume. The stock was set to be suspended at the opening of business today unless the company requested an appeal of Nasdaq's Listing Qualifications Department's determination.
Millennium Group International Holdings Limited (NASDAQ: MGIH) gained 40% to $2.7003 on strong volume.
Science 37 Holdings, Inc. (NASDAQ: SNCE) jumped 39.3% to $0.3765 following better-than-expected quarterly results.
BioNexus Gene Lab Corp. (NASDAQ: BGLC) gained 36.5% to $1.5699.
Kubient, Inc. (NASDAQ: KBNT) rose 33.7% to $0.63.
Oportun Financial Corporation (NASDAQ: OPRT) gained 31.3% to $6.90 following strong quarterly results.
Poseida Therapeutics, Inc. (NASDAQ: PSTX) climbed 31.3% to $2.60 following quarterly results.
Mirati Therapeutics, Inc. (NASDAQ: MRTX) surged 30.1% to $36.17 after the company reported second-quarter financial results. Also, B. Riley Securities upgraded the stock from Neutral to Buy and announced a $45 price target.
Allbirds, Inc. (NASDAQ: BIRD) gained 29% to $1.65 after the company reported better-than-expected second-quarter financial results.
Array Technologies, Inc. (NASDAQ: ARRY) climbed 27.8% to $22.85 following a second-quarter earnings beat.
Computer Task Group, Incorporated (NASDAQ: CTG) gained 27.8% to $10.23 after the company announced it will be acquired by Cegeka for $10.50 per share.
LivePerson, Inc. (NASDAQ: LPSN) rose 27.5% to $5.09 r after the company announced a second-quarter earnings beat. The company named John Collins as the Interim CEO.
PMV Pharmaceuticals, Inc. (NASDAQ: PMVP) gained 22.3% to $8.31 after the company reported better-than-expected second-quarter EPS results.
Celsius Holdings, Inc. (NASDAQ: CELH) jumped 21.8% to $174.73 after the company reported better-than-expected second-quarter financial results.
United Insurance Holdings Corp. (NASDAQ: UIHC) gained 21.3% to $6.83.
DMC Global Inc. (NASDAQ: BOOM) climbed 19.8% to $21.03 following quarterly results.
Dutch Bros Inc. (NYSE: BROS) surged 19.8% to $33.55 after the company reported better-than-expected quarterly EPS results and issued FY23 guidance.
Azenta, Inc. (NASDAQ: AZTA) gained 19.6% to $57.45 fter the company reported better-than-expected third-quarter financial results and issued fourth-quarter EPS guidance above estimates. Additionally, Needham raised its price target from $55 to $65 on the stock.
ThredUp Inc. (NASDAQ: TDUP) climbed 19.5% to $3.85 after the company reported better-than-expected second-quarter financial results and issued revenue guidance. Also, Goldman Sachs raised its price target from $3 to $4 on the stock.
Planet Green Holdings Corp. (NASDAQ: PLAG) rose 17.5% to $0.5670.
Anavex Life Sciences Corp. (NASDAQ: AVXL) climbed 16.2% to $ 9.33.
Rapid7, ...",2023-08-09 19:17:47+00:00,https://www.benzinga.com/news/23/08/33676901/why-cutera-shares-are-trading-lower-by-around-22-here-are-other-stocks-moving-in-wednesdays-session,Benzinga,0.09459325396825397,0.2521329365079365,neutral,0.09459325396825397,True,True,True,False,False,False,True,False,0.0,3532,"['OPRT', 'MF', 'TDUP', 'MRTX', 'SOUN', 'WE', 'DRUG', 'SONY', 'TWOU', 'BRSH', 'ARRY', 'BGLC', 'CELH', 'EBET', 'BLFS', 'TYGO', 'BOOM', 'DKNG', 'ZIP', 'FTCI', 'IAC', 'MGIH', 'CUTR', 'VRM', 'AVXL', 'DOCS', 'MQ', 'RENB', 'DXPE', 'LPRO', 'ANGI', 'NRDY', 'AXON', 'EGHT', 'LPTV', 'NOTE', 'TNGX', 'RPD', 'EMKR', 'KBNT', 'PSTX', 'BROS', 'BNTC', 'INFI', 'PMVP', 'AZTA', 'TOST', 'UP', 'KVHI', 'RBLX', 'AGTI', 'NVEI', 'PMTS', 'LPSN', 'SEER', 'UPST', 'SNCE', 'LYFT', 'MVIS', 'PUBM', 'IDAI', 'BIRD', 'VERI', 'OFIX', 'ASLE', 'DBTX', 'EXFY', 'ASNS', 'TLRY', 'SMCI', 'PALI', 'MNK', 'ISPO', 'PLAG', 'HNI', 'TBLA', 'CTG', 'AKAN', 'SCPL', 'LZ', 'NXU', 'UIHC', 'ELBM']",BNTC,2023-08-09
Benitec Biopharma Inc. Announces Closing of $30 Million Underwritten Public Offering,"HAYWARD, Calif., Aug.  11, 2023  (GLOBE NEWSWIRE) -- Benitec Biopharma Inc. (Nasdaq: BNTC) (“Benitec” or the “Company”), a clinical-stage, gene therapy-focused, biotechnology company developing novel genetic medicines based on its proprietary DNA-directed RNA interference (""ddRNAi"") “Silence and Replace” platform, today announced it closed its previously announced underwritten public offering of 15,544,041 shares of its common stock (or pre-funded warrants to purchase common stock in lieu thereof) and accompanying warrants to purchase up to 15,544,041 shares of common stock. Each share of common stock was sold together with one common warrant to purchase one share of common stock at a combined offering price of $1.93 and each pre-funded warrant was sold together with one common warrant to purchase one share of common stock at a combined offering price of $1.9299. The pre-funded warrants are immediately exercisable until exercised in full at an exercise price of $0.0001 per share of common stock. The common warrants are immediately exercisable at an exercise price of $3.86 per share of common stock and will expire on the fifth anniversary of such initial exercisable date. In addition, Benitec has granted the underwriter a 30-day option to purchase an additional 2,331,606 shares of common stock and/or common warrants to purchase up to an additional 2,331,606 shares of common stock at the public offering price, less discounts and commissions. As of the date hereof, the underwriter has partially exercised this over-allotment option and purchased 458,134 additional shares of common stock and 458,134 additional common warrants to purchase up to an additional 458,134 shares of common stock.",2023-08-11 17:00:00+00:00,https://www.globenewswire.com/news-release/2023/08/11/2723781/0/en/Benitec-Biopharma-Inc-Announces-Closing-of-30-Million-Underwritten-Public-Offering.html,GlobeNewswire Inc.,-0.19567901234567894,0.3845679012345679,negative,0.19567901234567894,False,False,False,False,False,False,False,False,0.0,1798,['BNTC'],BNTC,2023-08-11
Why ProMIS Neurosciences Shares Are Trading Higher By 33%; Here Are 20 Stocks Moving Premarket,"Gainers

Axcella Health Inc. (NASDAQ: AXLA) shares gained 65% to $0.2887 in pre-market trading after gaining 12% on Monday. The company recently posted a narrower-than-expected quarterly loss.
ProMIS Neurosciences, Inc. (NASDAQ: PMN) shares surged 32.9% to $2.10 in pre-market trading. ProMIS Neurosciences announced a $20.4 million private placement financing at $1.88 per unit.
G Medical Innovations Holdings Ltd (NASDAQ: GMVD) rose 26.4% to $0.1995 in pre-market trading.
Freight Technologies, Inc.  (NASDAQ: FRGT) rose 22.1% to $0.6094 in pre-market trading after gaining around 4% on Monday.
Hallmark Financial Services, Inc.  (NASDAQ: HALL) shares rose 21.8% to $3.57 in pre-market trading. Hallmark Financial recently posted a second-quarter operating loss of $6.83 per share.
FLJ Group Limited (NASDAQ: FLJ) shares gained 19.9% to $0.2278 in pre-market trading. FLJ Group is expected to hold its 2023 annual general meeting on Sept. 18, 2023.
Benitec Biopharma Inc. (NASDAQ: BNTC) shares climbed 18.5% ...",2023-08-22 12:31:03+00:00,https://www.benzinga.com/news/23/08/33981637/why-promis-neurosciences-shares-are-trading-higher-by-33-here-are-20-stocks-moving-premarket,Benzinga,0.14835164835164832,0.40521978021978033,positive,0.14835164835164832,True,False,True,False,True,False,False,False,0.0,1109,"['IFBD', 'FRGT', 'HALL', 'HOLO', 'EBS', 'DFLI', 'UK', 'FLJ', 'CJJD', 'TIO', 'BNTC', 'PMN', 'SXTC', 'SLGG', 'AXLA', 'GMVD', 'MDIA', 'SOS', 'PCT', 'ASLE']",BNTC,2023-08-22
Benitec Biopharma to Participate in a Fireside Chat at the 35th Annual Piper Sandler Healthcare Conference,"HAYWARD, Calif., Nov.  17, 2023  (GLOBE NEWSWIRE) -- Benitec Biopharma Inc. (NASDAQ: BNTC) (“Benitec” or “Company”), a clinical-stage, gene therapy-focused, biotechnology company developing novel genetic medicines based on its proprietary DNA-directed RNA interference (“ddRNAi”) platform, today announced that Jerel A. Banks, M.D., Ph.D., Executive Chairman and Chief Executive Officer of Benitec, will participate in a Fireside Chat at the 35th Annual Piper Sandler Healthcare Conference on Thursday, November 30th, 2023 at 10:00 am ET.",2023-11-17 13:00:00+00:00,https://www.globenewswire.com/news-release/2023/11/17/2782543/0/en/Benitec-Biopharma-to-Participate-in-a-Fireside-Chat-at-the-35th-Annual-Piper-Sandler-Healthcare-Conference.html,GlobeNewswire Inc.,0.0,0.0,neutral,0.0,False,False,False,False,False,False,False,False,0.0,646,['BNTC'],BNTC,2023-11-17
Wall Street Breakfast: The Week Ahead,"Geopolitical tensions in the Middle East, earnings reports from major companies, and the upcoming bitcoin halving event are set to drive market focus this...",2024-04-14 11:51:01+00:00,https://seekingalpha.com/article/4683674-wall-street-breakfast-week-ahead,Seeking Alpha,0.03125,0.25,neutral,0.03125,True,False,False,False,False,False,False,False,0.0,196,"['NFLX', 'GS', 'MS', 'BAC', 'UNH', 'JNJ', 'TRV', 'PG', 'AXP', 'SCHW', 'MTB', 'RIO', 'UAL', 'ABT', 'USB', 'KMI', 'VFS', 'LVS', 'CSX', 'BX', 'ALLY', 'TSM', 'ISRG', 'NKLA', 'RIVN', 'IZM', 'GALT', 'PERI', 'SIRI', 'GL', 'CPRI', 'TPR', 'ALAB', 'RDDT', 'AUNA', 'WBUY', 'GDTC', 'SONY', 'VZ', 'SBGI', 'BMR', 'IDCC', 'BLZE', 'BIDU', 'GP', 'BNTC']",BNTC,2024-04-14
Benitec Biopharma Announces Oversubscribed Private Placement Financing of $40.0 Million,"HAYWARD, Calif., April  18, 2024  (GLOBE NEWSWIRE) -- Benitec Biopharma Inc. (NASDAQ: BNTC) (“Benitec” or the “Company”), a clinical-stage, gene therapy-focused, biotechnology company developing novel genetic medicines based on its proprietary “Silence and Replace” DNA-directed RNA interference (“ddRNAi”) platform, today announced a $40.0 million private investment in public equity (PIPE) financing from the sale of 5,749,152 shares of its common stock at a price per share of $4.80, and, in lieu of shares of common stock, pre-funded warrants to purchase up to an aggregate of 2,584,239 shares of its common stock at a price per pre-funded warrant of $4.7999, to certain institutional accredited investors. The oversubscribed financing was led by Suvretta Capital Management, LLC (“Suvretta Capital”) with participation from new and existing investors including Adage Capital Partners L.P., Nantahala Capital, multiple healthcare-focused funds, and a leading mutual fund. Gross proceeds from the PIPE financing total approximately $40.0 million, before deducting offering expenses. The closing price of the Company’s common stock on April 17, 2024 was $4.80.",2024-04-18 11:00:00+00:00,https://www.globenewswire.com/news-release/2024/04/18/2865234/0/en/Benitec-Biopharma-Announces-Oversubscribed-Private-Placement-Financing-of-40-0-Million.html,GlobeNewswire Inc.,-0.0961038961038961,0.3994338994338994,neutral,0.0961038961038961,False,False,False,False,False,False,True,False,0.0,1251,['BNTC'],BNTC,2024-04-18
Benitec Biopharma Reports Positive Interim Clinical Trial Data for First OPMD Subject Treated with BB-301 in Phase 1b/2a Study,"-First efficacy signals demonstrated for a gene therapy under development for Oculopharyngeal Muscular Dystrophy (OPMD) which affects ~15,000 patients worldwide-",2024-04-18 11:30:00+00:00,https://www.globenewswire.com/news-release/2024/04/18/2865286/0/en/Benitec-Biopharma-Reports-Positive-Interim-Clinical-Trial-Data-for-First-OPMD-Subject-Treated-with-BB-301-in-Phase-1b-2a-Study.html,GlobeNewswire Inc.,0.14015151515151517,0.3863636363636363,positive,0.14015151515151517,False,False,False,False,False,False,False,False,0.0,289,['BNTC'],BNTC,2024-04-18
Benitec Biopharma Releases Third Quarter 2024 Financial Results and Provides Operational Update,-Positive Interim Clinical Trial Data for the First Oculopharyngeal Muscular Dystrophy (OPMD) Subject Dosed with BB-301 in the Phase 1b/2a Clinical Treatment Study Reported in April-,2024-05-13 12:15:00+00:00,https://www.globenewswire.com/news-release/2024/05/13/2880424/0/en/Benitec-Biopharma-Releases-Third-Quarter-2024-Financial-Results-and-Provides-Operational-Update.html,GlobeNewswire Inc.,0.06212121212121213,0.24242424242424238,neutral,0.06212121212121213,False,False,False,False,True,False,False,False,0.0,279,['BNTC'],BNTC,2024-05-13
Benitec Biopharma Reports Continued Durable Improvements in the Radiographic Assessments of Swallowing Efficiency and the Subject-Reported Outcome Instrument at the 180-Day Timepoint for First OPMD Subject Treated with Low-Dose BB-301 in Phas - GlobeNewswire,"Benitec Biopharma reports continued improvements in swallowing function for the first subject treated with low-dose BB-301 in its OPMD Phase 1b/2a study, as measured by radiographic assessments and subject-reported outcomes at the 180-day timepoint.",2024-07-15 10:01:53+00:00,https://www.globenewswire.com/news-release/2024/07/15/2912881/0/en/Benitec-Biopharma-Reports-Continued-Durable-Improvements-in-the-Radiographic-Assessments-of-Swallowing-Efficiency-and-the-Subject-Reported-Outcome-Instrument-at-the-180-Day-Timepoi.html,GlobeNewswire Inc.,0.04166666666666668,0.3333333333333333,neutral,0.04166666666666668,False,False,False,False,False,False,False,False,0.0,509,['BNTC'],BNTC,2024-07-15
Benitec Biopharma Announces Late Breaking Oral Abstract Presentation on BB-301 Phase 1b/2a Clinical Study at the 29th Annual Congress of the World Muscle Society,Benitec Biopharma announced that a late-breaking abstract on its BB-301 gene therapy for oculopharyngeal muscular dystrophy (OPMD) has been accepted for oral presentation at the 29th Annual Congress of the World Muscle Society.,2024-09-18 12:00:00+00:00,https://www.globenewswire.com/news-release/2024/09/18/2948136/0/en/Benitec-Biopharma-Announces-Late-Breaking-Oral-Abstract-Presentation-on-BB-301-Phase-1b-2a-Clinical-Study-at-the-29th-Annual-Congress-of-the-World-Muscle-Society.html,GlobeNewswire Inc.,-0.3,0.6,negative,0.3,False,False,False,False,False,False,False,False,0.2,390,['BNTC'],BNTC,2024-09-18
Benitec Biopharma Releases Full Year 2024 Financial Results and Provides Operational Update,"Benitec Biopharma reported positive 90-day and 180-day interim clinical data for the first subject dosed with the low-dose of BB-301 in the Phase 1b/2a study for Oculopharyngeal Muscular Dystrophy (OPMD). The company also dosed a second subject and expects to dose a third subject in Q4 2024. Benitec closed a $40 million private placement financing, extending its cash runway through 2025.",2024-09-26 20:30:00+00:00,https://www.globenewswire.com/news-release/2024/09/26/2954165/0/en/Benitec-Biopharma-Releases-Full-Year-2024-Financial-Results-and-Provides-Operational-Update.html,GlobeNewswire Inc.,0.0206611570247934,0.26398071625344355,neutral,0.0206611570247934,False,False,True,False,True,False,False,False,0.0,483,['BNTC'],BNTC,2024-09-26
Benitec Biopharma Reports Positive Data from Two Subjects Treated with Low-Dose BB-301 in Phase 1b/2a Study Presented at 29th Annual Congress of the World Muscle Society,"Benitec Biopharma reported positive data from two subjects treated with low-dose BB-301 in a Phase 1b/2a study for Oculopharyngeal Muscular Dystrophy (OPMD). The subjects experienced durable, clinically meaningful improvements in swallowing, with one subject achieving a clinically normal swallowing profile.",2024-10-12 10:30:00+00:00,https://www.globenewswire.com/news-release/2024/10/12/2962249/0/en/Benitec-Biopharma-Reports-Positive-Data-from-Two-Subjects-Treated-with-Low-Dose-BB-301-in-Phase-1b-2a-Study-Presented-at-29th-Annual-Congress-of-the-World-Muscle-Society.html,GlobeNewswire Inc.,0.28964646464646465,0.579040404040404,positive,0.28964646464646465,False,False,False,False,False,False,False,False,0.0,479,['BNTC'],BNTC,2024-10-12
