title,description,published_utc,article_url,publisher,sentiment_polarity,sentiment_subjectivity,sentiment_label,sentiment_confidence,keywords_earnings,keywords_acquisition,keywords_regulation,keywords_partnership,keywords_product,keywords_financial,keywords_leadership,keywords_lawsuit,urgency_score,text_length,tickers,ticker,date
Wall Street Breakfast: What Moved Markets,"Listen on the go! A daily podcast of Wall Street Breakfast's Alpha Talks will be available this morning on Seeking Alpha, iTunes, Stitcher and Spotify.",2021-07-17 12:07:55+00:00,https://seekingalpha.com/article/4439705-wall-street-breakfast-what-moved-markets,Seeking Alpha,0.2,0.2,positive,0.2,False,False,False,False,False,False,False,False,0.0,194,"['SPCE', 'ASTR', 'ASTS', 'JPM', 'GS', 'BAC', 'C', 'WFC', 'MS', 'F', 'HMC', 'STLA', 'GM', 'STFC', 'DTSS', 'BON', 'MDIA', 'PDS', 'AMRS', 'YCBD', 'BHG', 'ENG']",BON,2021-07-17
Bonduelle - 2020-2021 Financial year revenue: Annual revenue in line with objectives,BONDUELLE,2021-08-02 16:00:00+00:00,https://www.globenewswire.com/news-release/2021/08/02/2273036/0/en/Bonduelle-2020-2021-Financial-year-revenue-Annual-revenue-in-line-with-objectives.html,GlobeNewswire Inc.,0.0,0.0,neutral,0.0,True,False,False,False,False,False,False,False,0.0,95,['BON'],BON,2021-08-02
Bonduelle - Chiffre d'affaires annuel 2020-2021 : chiffre d'affaires annuel en ligne avec les objectifs annoncés,BONDUELLE,2021-08-02 16:00:00+00:00,https://www.globenewswire.com/news-release/2021/08/02/2273036/0/fr/Bonduelle-Chiffre-d-affaires-annuel-2020-2021-chiffre-d-affaires-annuel-en-ligne-avec-les-objectifs-annonc%C3%A9s.html,GlobeNewswire Inc.,0.0,0.0,neutral,0.0,False,False,False,False,False,False,False,False,0.0,123,['BON'],BON,2021-08-02
BONDUELLE - Monthly statement of the number of shares and voting rights,"A French SCA (Partnership Limited by Shares) with a capital of 57 102 699,50 EurosHead Office: La Woestyne 59173 Renescure, FranceRegistered under number: 447 250 044 (Dunkerque Commercial and Companies Register)",2021-08-17 15:45:00+00:00,https://www.globenewswire.com/news-release/2021/08/17/2282194/0/en/BONDUELLE-Monthly-statement-of-the-number-of-shares-and-voting-rights.html,GlobeNewswire Inc.,-0.023809523809523808,0.047619047619047616,neutral,0.023809523809523808,False,False,False,True,False,False,False,False,0.0,285,['BON'],BON,2021-08-17
BONDUELLE - Déclaration mensuelle du nombre d'actions et de droits de vote,"Société en commandite par actions au capital de 57 102 699,50 eurosSiège social : ""La Woestyne"" 59173 - RenescureRCS Dunkerque 447 250 044",2021-08-17 15:45:00+00:00,https://www.globenewswire.com/news-release/2021/08/17/2282194/0/fr/BONDUELLE-D%C3%A9claration-mensuelle-du-nombre-d-actions-et-de-droits-de-vote.html,GlobeNewswire Inc.,0.03333333333333333,0.06666666666666667,neutral,0.03333333333333333,False,False,False,False,False,False,False,False,0.0,214,['BON'],BON,2021-08-17
Bonduelle Ushers In Fresh Leadership with the Appointment of New Chief Executive Officer for Bonduelle Fresh Americas ,"Andrea Montagna has been appointed as Chief Executive Officer of the U.S. subsidiary, effective immediately",2021-08-26 10:00:00+00:00,https://www.globenewswire.com/news-release/2021/08/26/2286853/0/en/Bonduelle-Ushers-In-Fresh-Leadership-with-the-Appointment-of-New-Chief-Executive-Officer-for-Bonduelle-Fresh-Americas.html,GlobeNewswire Inc.,0.3340909090909091,0.5636363636363637,positive,0.3340909090909091,False,False,False,False,False,False,False,False,0.0,227,['BON'],BON,2021-08-26
BONDUELLE - Déclaration mensuelle du nombre d'actions et de droits de vote,"Société en commandite par actions au capital de 57 102 699,50 eurosSiège social : ""La Woestyne"" 59173 - RenescureRCS Dunkerque 447 250 044",2021-09-24 15:45:00+00:00,https://www.globenewswire.com/news-release/2021/09/24/2303113/0/fr/BONDUELLE-D%C3%A9claration-mensuelle-du-nombre-d-actions-et-de-droits-de-vote.html,GlobeNewswire Inc.,0.03333333333333333,0.06666666666666667,neutral,0.03333333333333333,False,False,False,False,False,False,False,False,0.0,214,['BON'],BON,2021-09-24
BONDUELLE - Monthly statement of the number of shares and voting rights,"A French SCA (Partnership Limited by Shares) with a capital of 57 102 699,50 EurosHead Office: La Woestyne 59173 Renescure, FranceRegistered under number: 447 250 044 (Dunkerque Commercial and Companies Register)",2021-09-24 15:45:00+00:00,https://www.globenewswire.com/news-release/2021/09/24/2303113/0/en/BONDUELLE-Monthly-statement-of-the-number-of-shares-and-voting-rights.html,GlobeNewswire Inc.,-0.023809523809523808,0.047619047619047616,neutral,0.023809523809523808,False,False,False,True,False,False,False,False,0.0,285,['BON'],BON,2021-09-24
Bonduelle - Résultats annuels 2020-2021 : activité et rentabilité préservées dans un environnement sous contrainte sanitaire,BONDUELLE,2021-09-27 05:00:00+00:00,https://www.globenewswire.com/news-release/2021/09/27/2303272/0/fr/Bonduelle-R%C3%A9sultats-annuels-2020-2021-activit%C3%A9-et-rentabilit%C3%A9-pr%C3%A9serv%C3%A9es-dans-un-environnement-sous-contrainte-sanitaire.html,GlobeNewswire Inc.,0.0,0.0,neutral,0.0,False,False,False,False,False,False,False,False,0.0,135,['BON'],BON,2021-09-27
Bonduelle - 2020-2021 Annual Results: Business activity and profitability sustained in an environment subject to sanitary constraints,BONDUELLE,2021-09-27 05:00:00+00:00,https://www.globenewswire.com/news-release/2021/09/27/2303272/0/en/Bonduelle-2020-2021-Annual-Results-Business-activity-and-profitability-sustained-in-an-environment-subject-to-sanitary-constraints.html,GlobeNewswire Inc.,-0.16666666666666666,0.3333333333333333,negative,0.16666666666666666,True,False,False,False,False,False,False,False,0.0,144,['BON'],BON,2021-09-27
BONDUELLE - Monthly statement of the number of shares and voting rights,"A French SCA (Partnership Limited by Shares) with a capital of 57 102 699,50 EurosHead Office: La Woestyne 59173 Renescure, FranceRegistered under number: 447 250 044 (Dunkerque Commercial and Companies Register)",2021-10-07 15:45:00+00:00,https://www.globenewswire.com/news-release/2021/10/07/2310682/0/en/BONDUELLE-Monthly-statement-of-the-number-of-shares-and-voting-rights.html,GlobeNewswire Inc.,-0.023809523809523808,0.047619047619047616,neutral,0.023809523809523808,False,False,False,True,False,False,False,False,0.0,285,['BON'],BON,2021-10-07
BONDUELLE - Déclaration mensuelle du nombre d'actions et de droits de vote,"Société en commandite par actions au capital de 57 102 699,50 eurosSiège social : ""La Woestyne"" 59173 - RenescureRCS Dunkerque 447 250 044",2021-10-07 15:45:00+00:00,https://www.globenewswire.com/news-release/2021/10/07/2310682/0/fr/BONDUELLE-D%C3%A9claration-mensuelle-du-nombre-d-actions-et-de-droits-de-vote.html,GlobeNewswire Inc.,0.03333333333333333,0.06666666666666667,neutral,0.03333333333333333,False,False,False,False,False,False,False,False,0.0,214,['BON'],BON,2021-10-07
Bonduelle - Statement of availability of the 2020-2021 Universal Registration Document,BONDUELLE,2021-10-25 15:45:00+00:00,https://www.globenewswire.com/news-release/2021/10/25/2320035/0/en/Bonduelle-Statement-of-availability-of-the-2020-2021-Universal-Registration-Document.html,GlobeNewswire Inc.,0.0,0.0,neutral,0.0,False,False,False,False,False,False,False,False,0.0,97,['BON'],BON,2021-10-25
Bonduelle - Communiqué de mise à disposition du document d'enregistrement universel 2020-2021,BONDUELLE,2021-10-25 15:45:00+00:00,https://www.globenewswire.com/news-release/2021/10/25/2320035/0/fr/Bonduelle-Communiqu%C3%A9-de-mise-%C3%A0-disposition-du-document-d-enregistrement-universel-2020-2021.html,GlobeNewswire Inc.,0.0,0.0,neutral,0.0,False,False,False,False,False,False,False,False,0.0,104,['BON'],BON,2021-10-25
Bonduelle - Statement of repurchase of shares,Statement of repurchase of shares,2021-11-02 19:44:00+00:00,https://www.globenewswire.com/news-release/2021/11/02/2325793/0/en/Bonduelle-Statement-of-repurchase-of-shares.html,GlobeNewswire Inc.,0.0,0.0,neutral,0.0,False,False,False,False,False,False,False,False,0.0,80,['BON'],BON,2021-11-02
Bonduelle - Déclaration de rachat d'actions,Déclaration de rachat d’actions,2021-11-02 19:44:00+00:00,https://www.globenewswire.com/news-release/2021/11/02/2325793/0/fr/Bonduelle-D%C3%A9claration-de-rachat-d-actions.html,GlobeNewswire Inc.,0.0,0.0,neutral,0.0,False,False,False,False,False,False,False,False,0.0,76,['BON'],BON,2021-11-02
Bonduelle - Statement of repurchase of shares,Statement of repurchase of shares,2021-11-04 22:49:00+00:00,https://www.globenewswire.com/news-release/2021/11/04/2328203/0/en/Bonduelle-Statement-of-repurchase-of-shares.html,GlobeNewswire Inc.,0.0,0.0,neutral,0.0,False,False,False,False,False,False,False,False,0.0,80,['BON'],BON,2021-11-04
Bonduelle - Déclaration de rachats d'actions,Déclaration de rachat d’actions,2021-11-04 22:49:00+00:00,https://www.globenewswire.com/news-release/2021/11/04/2328203/0/fr/Bonduelle-D%C3%A9claration-de-rachats-d-actions.html,GlobeNewswire Inc.,0.0,0.0,neutral,0.0,False,False,False,False,False,False,False,False,0.0,77,['BON'],BON,2021-11-04
BONDUELLE - Mise à disposition des documents préparatoires à l'Assemblée Générale Mixte du 2 décembre 2021 / Changement de lieu de tenue d'assemblée,"BONDUELLESociété en commandite par actions au capital de 57 102 699,50 €.Siège social : La Woestyne, 59173 Renescure.447 250 044 R.C.S. Dunkerque",2021-11-11 20:42:00+00:00,https://www.globenewswire.com/news-release/2021/11/11/2332906/0/fr/BONDUELLE-Mise-%C3%A0-disposition-des-documents-pr%C3%A9paratoires-%C3%A0-l-Assembl%C3%A9e-G%C3%A9n%C3%A9rale-Mixte-du-2-d%C3%A9cembre-2021-Changement-de-lieu-de-tenue-d-assembl%C3%A9e.html,GlobeNewswire Inc.,0.03333333333333333,0.06666666666666667,neutral,0.03333333333333333,False,False,False,False,False,False,False,False,0.0,295,['BON'],BON,2021-11-11
Availability of Preparatory Documents Related to the Combined  Shareholder’s Meeting on 2 December 2021 / Change of Location of the Meeting,"BONDUELLELimited partnership with shares with capital of € 57,102,699.50.Headquarters: La Woestyne, 59173 Renescure.447 250 044 RCS Dunkerque",2021-11-11 20:42:00+00:00,https://www.globenewswire.com/news-release/2021/11/11/2332906/0/en/Availability-of-Preparatory-Documents-Related-to-the-Combined-Shareholder-s-Meeting-on-2-December-2021-Change-of-Location-of-the-Meeting.html,GlobeNewswire Inc.,0.0,0.4,neutral,0.0,False,False,False,True,False,False,False,False,0.0,282,['BON'],BON,2021-11-11
Bonduelle - Statement of repurchase of shares,Statement of repurchase of shares,2021-11-17 17:00:00+00:00,https://www.globenewswire.com/news-release/2021/11/17/2336684/0/en/Bonduelle-Statement-of-repurchase-of-shares.html,GlobeNewswire Inc.,0.0,0.0,neutral,0.0,False,False,False,False,False,False,False,False,0.0,80,['BON'],BON,2021-11-17
Bonduelle - Déclaration de rachat d'actions,Déclaration de rachat d’actions,2021-11-17 17:00:00+00:00,https://www.globenewswire.com/news-release/2021/11/17/2336684/0/fr/Bonduelle-D%C3%A9claration-de-rachat-d-actions.html,GlobeNewswire Inc.,0.0,0.0,neutral,0.0,False,False,False,False,False,False,False,False,0.0,76,['BON'],BON,2021-11-17
Bonduelle - Déclaration de rachat d'actions,Déclaration de rachat d’actions,2021-11-23 17:55:00+00:00,https://www.globenewswire.com/news-release/2021/11/23/2340088/0/fr/Bonduelle-D%C3%A9claration-de-rachat-d-actions.html,GlobeNewswire Inc.,0.0,0.0,neutral,0.0,False,False,False,False,False,False,False,False,0.0,76,['BON'],BON,2021-11-23
Bonduelle - Statement of repurchase of shares,Statement of repurchase of shares,2021-11-23 17:55:00+00:00,https://www.globenewswire.com/news-release/2021/11/23/2340088/0/en/Bonduelle-Statement-of-repurchase-of-shares.html,GlobeNewswire Inc.,0.0,0.0,neutral,0.0,False,False,False,False,False,False,False,False,0.0,80,['BON'],BON,2021-11-23
BONDUELLE - Monthly statement of the number of shares and voting rights,"A French SCA (Partnership Limited by Shares) with a capital of 57 102 699,50 EurosHead Office: La Woestyne 59173 Renescure, FranceRegistered under number: 447 250 044 (Dunkerque Commercial and Companies Register)",2021-11-24 16:45:00+00:00,https://www.globenewswire.com/news-release/2021/11/24/2340720/0/en/BONDUELLE-Monthly-statement-of-the-number-of-shares-and-voting-rights.html,GlobeNewswire Inc.,-0.023809523809523808,0.047619047619047616,neutral,0.023809523809523808,False,False,False,True,False,False,False,False,0.0,285,['BON'],BON,2021-11-24
BONDUELLE - Déclaration mensuelle du nombre d'actions et de droits de vote,"Société en commandite par actions au capital de 57 102 699,50 eurosSiège social : ""La Woestyne"" 59173 - RenescureRCS Dunkerque 447 250 044",2021-11-24 16:45:00+00:00,https://www.globenewswire.com/news-release/2021/11/24/2340720/0/fr/BONDUELLE-D%C3%A9claration-mensuelle-du-nombre-d-actions-et-de-droits-de-vote.html,GlobeNewswire Inc.,0.03333333333333333,0.06666666666666667,neutral,0.03333333333333333,False,False,False,False,False,False,False,False,0.0,214,['BON'],BON,2021-11-24
Bonduelle - Déclaration de rachat d'actions,Déclaration de rachat d’actions,2021-12-01 19:26:00+00:00,https://www.globenewswire.com/news-release/2021/12/01/2344484/0/fr/Bonduelle-D%C3%A9claration-de-rachat-d-actions.html,GlobeNewswire Inc.,0.0,0.0,neutral,0.0,False,False,False,False,False,False,False,False,0.0,76,['BON'],BON,2021-12-01
Bonduelle - Statement of repurchase of shares,Statement of repurchase of shares,2021-12-01 19:26:00+00:00,https://www.globenewswire.com/news-release/2021/12/01/2344484/0/en/Bonduelle-Statement-of-repurchase-of-shares.html,GlobeNewswire Inc.,0.0,0.0,neutral,0.0,False,False,False,False,False,False,False,False,0.0,80,['BON'],BON,2021-12-01
Bonduelle - Déclaration de rachat d'actions,Déclaration de rachat d’actions,2021-12-07 23:58:00+00:00,https://www.globenewswire.com/news-release/2021/12/07/2347907/0/fr/Bonduelle-D%C3%A9claration-de-rachat-d-actions.html,GlobeNewswire Inc.,0.0,0.0,neutral,0.0,False,False,False,False,False,False,False,False,0.0,76,['BON'],BON,2021-12-07
Bonduelle - Statement of repurchase of shares,Statement of repurchase of shares,2021-12-07 23:58:00+00:00,https://www.globenewswire.com/news-release/2021/12/07/2347907/0/en/Bonduelle-Statement-of-repurchase-of-shares.html,GlobeNewswire Inc.,0.0,0.0,neutral,0.0,False,False,False,False,False,False,False,False,0.0,80,['BON'],BON,2021-12-07
BONDUELLE - Déclaration mensuelle du nombre d'actions et de droits de vote,"Société en commandite par actions au capital de 57 102 699,50 eurosSiège social : ""La Woestyne"" 59173 - RenescureRCS Dunkerque 447 250 044",2021-12-13 16:45:00+00:00,https://www.globenewswire.com/news-release/2021/12/13/2351026/0/fr/BONDUELLE-D%C3%A9claration-mensuelle-du-nombre-d-actions-et-de-droits-de-vote.html,GlobeNewswire Inc.,0.03333333333333333,0.06666666666666667,neutral,0.03333333333333333,False,False,False,False,False,False,False,False,0.0,214,['BON'],BON,2021-12-13
BONDUELLE - Monthly statement of the number of shares and voting rights,"A French SCA (Partnership Limited by Shares) with a capital of 57 102 699,50 EurosHead Office: La Woestyne 59173 Renescure, FranceRegistered under number: 447 250 044 (Dunkerque Commercial and Companies Register)",2021-12-13 16:45:00+00:00,https://www.globenewswire.com/news-release/2021/12/13/2351026/0/en/BONDUELLE-Monthly-statement-of-the-number-of-shares-and-voting-rights.html,GlobeNewswire Inc.,-0.023809523809523808,0.047619047619047616,neutral,0.023809523809523808,False,False,False,True,False,False,False,False,0.0,285,['BON'],BON,2021-12-13
Bonduelle Combined Shareholders Meeting 2021 - Results of the Votes,"BONDUELLESociété en commandite par actions au capital de 57 102 699,50 €.Siège social : La Woestyne, 59173 Renescure.447 250 044 R.C.S. Dunkerque",2021-12-13 19:17:00+00:00,https://www.globenewswire.com/news-release/2021/12/13/2351110/0/en/Bonduelle-Combined-Shareholders-Meeting-2021-Results-of-the-Votes.html,GlobeNewswire Inc.,0.03333333333333333,0.06666666666666667,neutral,0.03333333333333333,False,False,False,False,False,False,False,False,0.0,214,['BON'],BON,2021-12-13
Assemblée générale Bonduelle 2021 - Résultat des votes,"BONDUELLESociété en commandite par actions au capital de 57 102 699,50 €.Siège social : La Woestyne, 59173 Renescure.447 250 044 R.C.S. Dunkerque",2021-12-13 19:17:00+00:00,https://www.globenewswire.com/news-release/2021/12/13/2351110/0/fr/Assembl%C3%A9e-g%C3%A9n%C3%A9rale-Bonduelle-2021-R%C3%A9sultat-des-votes.html,GlobeNewswire Inc.,0.03333333333333333,0.06666666666666667,neutral,0.03333333333333333,False,False,False,False,False,False,False,False,0.0,201,['BON'],BON,2021-12-13
BONDUELLE - Monthly statement of the number of shares and voting rights,"A French SCA (Partnership Limited by Shares) with a capital of 57 102 699,50 EurosHead Office: La Woestyne 59173 Renescure, FranceRegistered under number: 447 250 044 (Dunkerque Commercial and Companies Register)",2022-01-11 16:45:00+00:00,https://www.globenewswire.com/news-release/2022/01/11/2365149/0/en/BONDUELLE-Monthly-statement-of-the-number-of-shares-and-voting-rights.html,GlobeNewswire Inc.,-0.023809523809523808,0.047619047619047616,neutral,0.023809523809523808,False,False,False,True,False,False,False,False,0.0,285,['BON'],BON,2022-01-11
BONDUELLE - Déclaration mensuelle du nombre d'actions et de droits de vote,"Société en commandite par actions au capital de 57 102 699,50 eurosSiège social : ""La Woestyne"" 59173 - RenescureRCS Dunkerque 447 250 044",2022-01-11 16:45:00+00:00,https://www.globenewswire.com/news-release/2022/01/11/2365149/0/fr/BONDUELLE-D%C3%A9claration-mensuelle-du-nombre-d-actions-et-de-droits-de-vote.html,GlobeNewswire Inc.,0.03333333333333333,0.06666666666666667,neutral,0.03333333333333333,False,False,False,False,False,False,False,False,0.0,214,['BON'],BON,2022-01-11
"These 3 Penny Stocks Exploded Today, Here’s Why","Here are three penny stocks you should add to your watchlist 
The post These 3 Penny Stocks Exploded Today, Here’s Why appeared first on Penny Stocks to Buy, Picks, News and Information | PennyStocks.com.",2022-01-21 19:30:00+00:00,https://pennystocks.com/featured/2022/01/21/these-3-penny-stocks-exploded-today-why/,PennyStocks,0.25,0.3333333333333333,positive,0.25,False,True,False,False,False,False,False,False,0.0,253,"['BDSI', 'BON', 'VVOS']",BON,2022-01-21
Top Penny Stocks Today: Why BON Stock Exploded Overnight,"Shares of penny stock BON are on the move and here’s why.
The post Top Penny Stocks Today: Why BON Stock Exploded Overnight appeared first on Penny Stocks to Buy, Picks, News and Information | PennyStocks.com.",2022-02-03 14:32:20+00:00,https://pennystocks.com/penny-stock-news/2022/02/03/top-penny-stocks-today-why-bon-stock-exploded/,PennyStocks,0.4166666666666667,0.4444444444444444,positive,0.4166666666666667,False,True,False,False,False,False,False,False,0.0,267,['BON'],BON,2022-02-03
Bonduelle - Chiffre d'affaires du 1er semestre 2021-2022 : une stabilité des ventes qui ne remet pas en cause l'objectif annuel de progression du chiffre d'affaires,BONDUELLE,2022-02-03 17:00:00+00:00,https://www.globenewswire.com/news-release/2022/02/03/2378756/0/fr/Bonduelle-Chiffre-d-affaires-du-1er-semestre-2021-2022-une-stabilit%C3%A9-des-ventes-qui-ne-remet-pas-en-cause-l-objectif-annuel-de-progression-du-chiffre-d-affaires.html,GlobeNewswire Inc.,0.0,0.0,neutral,0.0,False,False,False,False,False,False,False,False,0.0,175,['BON'],BON,2022-02-03
Bonduelle - First Half Year 2021-2022 Revenue: stable sales with no impact on the annual sales growth guidance,BONDUELLE,2022-02-03 17:00:00+00:00,https://www.globenewswire.com/news-release/2022/02/03/2378756/0/en/Bonduelle-First-Half-Year-2021-2022-Revenue-stable-sales-with-no-impact-on-the-annual-sales-growth-guidance.html,GlobeNewswire Inc.,0.04166666666666667,0.25,neutral,0.04166666666666667,True,False,False,False,False,False,False,False,0.0,121,['BON'],BON,2022-02-03
BONDUELLE - Monthly statement of the number of shares and voting rights,"A French SCA (Partnership Limited by Shares) with a capital of 57 102 699,50 EurosHead Office: La Woestyne 59173 Renescure, FranceRegistered under number: 447 250 044 (Dunkerque Commercial and Companies Register)",2022-02-10 16:45:00+00:00,https://www.globenewswire.com/news-release/2022/02/10/2383128/0/en/BONDUELLE-Monthly-statement-of-the-number-of-shares-and-voting-rights.html,GlobeNewswire Inc.,-0.023809523809523808,0.047619047619047616,neutral,0.023809523809523808,False,False,False,True,False,False,False,False,0.0,285,['BON'],BON,2022-02-10
BONDUELLE - Déclaration mensuelle du nombre d'actions et de droits de vote,"Société en commandite par actions au capital de 57 102 699,50 eurosSiège social : ""La Woestyne"" 59173 - RenescureRCS Dunkerque 447 250 044",2022-02-10 16:45:00+00:00,https://www.globenewswire.com/news-release/2022/02/10/2383128/0/fr/BONDUELLE-D%C3%A9claration-mensuelle-du-nombre-d-actions-et-de-droits-de-vote.html,GlobeNewswire Inc.,0.03333333333333333,0.06666666666666667,neutral,0.03333333333333333,False,False,False,False,False,False,False,False,0.0,214,['BON'],BON,2022-02-10
Bonduelle - Résultats semestriels 2021-2022 : stabilité de l’activité et rentabilité en retrait au premier semestre,BONDUELLE,2022-03-04 06:00:00+00:00,https://www.globenewswire.com/news-release/2022/03/04/2396854/0/fr/Bonduelle-R%C3%A9sultats-semestriels-2021-2022-stabilit%C3%A9-de-l-activit%C3%A9-et-rentabilit%C3%A9-en-retrait-au-premier-semestre.html,GlobeNewswire Inc.,0.0,0.0,neutral,0.0,False,False,False,False,False,False,False,False,0.0,126,['BON'],BON,2022-03-04
Bonduelle - First Half Year 2021-2022 Financial Results: stability of the activity and lower profitability in the first half of the FY,BONDUELLE,2022-03-04 06:00:00+00:00,https://www.globenewswire.com/news-release/2022/03/04/2396854/0/en/Bonduelle-First-Half-Year-2021-2022-Financial-Results-stability-of-the-activity-and-lower-profitability-in-the-first-half-of-the-FY.html,GlobeNewswire Inc.,0.03333333333333334,0.19999999999999998,neutral,0.03333333333333334,True,False,False,False,False,False,False,False,0.0,145,['BON'],BON,2022-03-04
Bonduelle - Mise à disposition du rapport financier semestriel au 31 décembre 2021,BONDUELLE,2022-03-04 08:45:00+00:00,https://www.globenewswire.com/news-release/2022/03/04/2396929/0/fr/Bonduelle-Mise-%C3%A0-disposition-du-rapport-financier-semestriel-au-31-d%C3%A9cembre-2021.html,GlobeNewswire Inc.,0.0,0.0,neutral,0.0,False,False,False,False,False,False,False,False,0.0,93,['BON'],BON,2022-03-04
"Bonduelle - Statement of availability of Half-Year Financial report on December 31, 2021",BONDUELLE,2022-03-04 08:45:00+00:00,https://www.globenewswire.com/news-release/2022/03/04/2396929/0/en/Bonduelle-Statement-of-availability-of-Half-Year-Financial-report-on-December-31-2021.html,GlobeNewswire Inc.,0.0,0.0,neutral,0.0,False,False,False,False,False,False,False,False,0.0,99,['BON'],BON,2022-03-04
BONDUELLE - Monthly statement of the number of shares and voting rights,"A French SCA (Partnership Limited by Shares) with a capital of 57 102 699,50 EurosHead Office: La Woestyne 59173 Renescure, FranceRegistered under number: 447 250 044 (Dunkerque Commercial and Companies Register)",2022-03-10 16:45:00+00:00,https://www.globenewswire.com/news-release/2022/03/10/2401229/0/en/BONDUELLE-Monthly-statement-of-the-number-of-shares-and-voting-rights.html,GlobeNewswire Inc.,-0.023809523809523808,0.047619047619047616,neutral,0.023809523809523808,False,False,False,True,False,False,False,False,0.0,285,['BON'],BON,2022-03-10
BONDUELLE - Déclaration mensuelle du nombre d'actions et de droits de vote,"Société en commandite par actions au capital de 57 102 699,50 eurosSiège social : ""La Woestyne"" 59173 - RenescureRCS Dunkerque 447 250 044",2022-03-10 16:45:00+00:00,https://www.globenewswire.com/news-release/2022/03/10/2401229/0/fr/BONDUELLE-D%C3%A9claration-mensuelle-du-nombre-d-actions-et-de-droits-de-vote.html,GlobeNewswire Inc.,0.03333333333333333,0.06666666666666667,neutral,0.03333333333333333,False,False,False,False,False,False,False,False,0.0,214,['BON'],BON,2022-03-10
BONDUELLE - Déclaration mensuelle du nombre d'actions et de droits de vote,"Société en commandite par actions au capital de 57 102 699,50 eurosSiège social : ""La Woestyne"" 59173 - RenescureRCS Dunkerque 447 250 044",2022-04-12 15:45:00+00:00,https://www.globenewswire.com/news-release/2022/04/12/2421281/0/fr/BONDUELLE-D%C3%A9claration-mensuelle-du-nombre-d-actions-et-de-droits-de-vote.html,GlobeNewswire Inc.,0.03333333333333333,0.06666666666666667,neutral,0.03333333333333333,False,False,False,False,False,False,False,False,0.0,214,['BON'],BON,2022-04-12
BONDUELLE - Monthly statement of the number of shares and voting rights,"A French SCA (Partnership Limited by Shares) with a capital of 57 102 699,50 EurosHead Office: La Woestyne 59173 Renescure, FranceRegistered under number: 447 250 044 (Dunkerque Commercial and Companies Register)",2022-04-12 15:45:00+00:00,https://www.globenewswire.com/news-release/2022/04/12/2421281/0/en/BONDUELLE-Monthly-statement-of-the-number-of-shares-and-voting-rights.html,GlobeNewswire Inc.,-0.023809523809523808,0.047619047619047616,neutral,0.023809523809523808,False,False,False,True,False,False,False,False,0.0,285,['BON'],BON,2022-04-12
Bonduelle - Quarter 3 FY 2021-2022 Revenue: Activity growth in line with annual guidance,BONDUELLE,2022-05-02 16:00:00+00:00,https://www.globenewswire.com/news-release/2022/05/02/2433790/0/en/Bonduelle-Quarter-3-FY-2021-2022-Revenue-Activity-growth-in-line-with-annual-guidance.html,GlobeNewswire Inc.,0.0,0.0,neutral,0.0,True,False,False,False,False,False,False,False,0.0,99,['BON'],BON,2022-05-02
Bonduelle - Chiffre d'affaires du 3ème trimestre 2021-2022 : croissance de l'activité conforme à l'objectif annuel,BONDUELLE,2022-05-02 16:00:00+00:00,https://www.globenewswire.com/news-release/2022/05/02/2433790/0/fr/Bonduelle-Chiffre-d-affaires-du-3%C3%A8me-trimestre-2021-2022-croissance-de-l-activit%C3%A9-conforme-%C3%A0-l-objectif-annuel.html,GlobeNewswire Inc.,0.0,0.0,neutral,0.0,False,False,False,False,False,False,False,False,0.0,125,['BON'],BON,2022-05-02
BONDUELLE - Monthly statement of the number of shares and voting rights,"A French SCA (Partnership Limited by Shares) with a capital of 57 102 699,50 EurosHead Office: La Woestyne 59173 Renescure, FranceRegistered under number: 447 250 044 (Dunkerque Commercial and Companies Register)",2022-05-13 15:45:00+00:00,https://www.globenewswire.com/news-release/2022/05/13/2443180/0/en/BONDUELLE-Monthly-statement-of-the-number-of-shares-and-voting-rights.html,GlobeNewswire Inc.,-0.023809523809523808,0.047619047619047616,neutral,0.023809523809523808,False,False,False,True,False,False,False,False,0.0,285,['BON'],BON,2022-05-13
BONDUELLE - Déclaration mensuelle du nombre d'actions et de droits de vote,"Société en commandite par actions au capital de 57 102 699,50 eurosSiège social : ""La Woestyne"" 59173 - RenescureRCS Dunkerque 447 250 044",2022-05-13 15:45:00+00:00,https://www.globenewswire.com/news-release/2022/05/13/2443180/0/fr/BONDUELLE-D%C3%A9claration-mensuelle-du-nombre-d-actions-et-de-droits-de-vote.html,GlobeNewswire Inc.,0.03333333333333333,0.06666666666666667,neutral,0.03333333333333333,False,False,False,False,False,False,False,False,0.0,214,['BON'],BON,2022-05-13
Bonduelle Implements Inclusive Hiring Model at all Fresh Facilities in the U.S.  ,"After implementing the framework in regional markets, the packaged produce purveyor aims to remove systemic barriers to employment on a national scale.",2022-05-16 12:55:00+00:00,https://www.globenewswire.com/news-release/2022/05/16/2443954/0/en/Bonduelle-Implements-Inclusive-Hiring-Model-at-all-Fresh-Facilities-in-the-U-S.html,GlobeNewswire Inc.,0.3,0.5,positive,0.3,False,False,False,False,False,False,False,False,0.0,234,['BON'],BON,2022-05-16
Bonduelle enters into exclusive negotiations with the Fonds de solidarité FTQ and Caisse de dépôt et placement du Québec (CDPQ) for the disposal of 65% of Bonduelle Americas Long Life,BONDUELLE,2022-05-24 16:15:00+00:00,https://www.globenewswire.com/news-release/2022/05/24/2449652/0/en/Bonduelle-enters-into-exclusive-negotiations-with-the-Fonds-de-solidarit%C3%A9-FTQ-and-Caisse-de-d%C3%A9p%C3%B4t-et-placement-du-Qu%C3%A9bec-CDPQ-for-the-disposal-of-65-of-Bonduelle-Americas-Long-Life.html,GlobeNewswire Inc.,-0.05,0.4,neutral,0.05,False,False,False,False,False,False,False,False,0.0,194,['BON'],BON,2022-05-24
Bonduelle entre en négociations exclusives avec le Fonds de solidarité FTQ et la Caisse de dépôt et placement du Québec en vue de la cession de 65 % de Bonduelle Americas Long Life,BONDUELLE,2022-05-24 16:15:00+00:00,https://www.globenewswire.com/news-release/2022/05/24/2449652/0/fr/Bonduelle-entre-en-n%C3%A9gociations-exclusives-avec-le-Fonds-de-solidarit%C3%A9-FTQ-et-la-Caisse-de-d%C3%A9p%C3%B4t-et-placement-du-Qu%C3%A9bec-en-vue-de-la-cession-de-65-de-Bonduelle-Americas-Long-Life.html,GlobeNewswire Inc.,-0.05,0.4,neutral,0.05,False,False,False,False,False,False,False,False,0.0,191,['BON'],BON,2022-05-24
BONDUELLE - Monthly statement of the number of shares and voting rights,BONDUELLE,2022-06-13 15:45:00+00:00,https://www.globenewswire.com/news-release/2022/06/13/2461486/0/en/BONDUELLE-Monthly-statement-of-the-number-of-shares-and-voting-rights.html,GlobeNewswire Inc.,0.0,0.0,neutral,0.0,False,False,False,False,False,False,False,False,0.0,82,['BON'],BON,2022-06-13
BONDUELLE - Déclaration mensuelle du nombre d'actions et de droits de vote,BONDUELLE,2022-06-13 15:45:00+00:00,https://www.globenewswire.com/news-release/2022/06/13/2461486/0/fr/BONDUELLE-D%C3%A9claration-mensuelle-du-nombre-d-actions-et-de-droits-de-vote.html,GlobeNewswire Inc.,0.0,0.0,neutral,0.0,False,False,False,False,False,False,False,False,0.0,85,['BON'],BON,2022-06-13
Ready Pac Foods Relaunches Grab-and-Go Bistro® Bowl Salads and Introduces Two New Flavors,Ready Pac Foods Relaunches Grab-and-Go Bistro® Bowl Salads and Introduces Two New Flavors,2022-06-23 14:58:00+00:00,https://www.globenewswire.com/news-release/2022/06/23/2468190/0/en/Ready-Pac-Foods-Relaunches-Grab-and-Go-Bistro-Bowl-Salads-and-Introduces-Two-New-Flavors.html,GlobeNewswire Inc.,0.16818181818181818,0.4772727272727273,positive,0.16818181818181818,False,False,False,False,True,False,False,False,0.0,180,['BON'],BON,2022-06-23
BONDUELLE - Monthly statement of the number of shares and voting rights,BONDUELLE,2022-07-12 15:45:00+00:00,https://www.globenewswire.com/news-release/2022/07/12/2478388/0/en/BONDUELLE-Monthly-statement-of-the-number-of-shares-and-voting-rights.html,GlobeNewswire Inc.,0.0,0.0,neutral,0.0,False,False,False,False,False,False,False,False,0.0,82,['BON'],BON,2022-07-12
BONDUELLE - Déclaration mensuelle du nombre d'actions et de droits de vote,BONDUELLE,2022-07-12 15:45:00+00:00,https://www.globenewswire.com/news-release/2022/07/12/2478388/0/fr/BONDUELLE-D%C3%A9claration-mensuelle-du-nombre-d-actions-et-de-droits-de-vote.html,GlobeNewswire Inc.,0.0,0.0,neutral,0.0,False,False,False,False,False,False,False,False,0.0,85,['BON'],BON,2022-07-12
Bonduelle - Chiffre d'affaires annuel 2021-2022 : Chiffre d'affaires annuel en croissance sur l'exercice - 4ème trimestre particulièrement dynamique,BONDUELLE,2022-08-01 16:00:00+00:00,https://www.globenewswire.com/news-release/2022/08/01/2489670/0/fr/Bonduelle-Chiffre-d-affaires-annuel-2021-2022-Chiffre-d-affaires-annuel-en-croissance-sur-l-exercice-4%C3%A8me-trimestre-particuli%C3%A8rement-dynamique.html,GlobeNewswire Inc.,0.0,0.0,neutral,0.0,False,False,False,False,False,False,False,False,0.0,159,['BON'],BON,2022-08-01
Bonduelle - 2021-2022 Financial Year Revenue: Growth of annual revenue over this financial year - Quarter 4 particularly dynamic,BONDUELLE,2022-08-01 16:00:00+00:00,https://www.globenewswire.com/news-release/2022/08/01/2489670/0/en/Bonduelle-2021-2022-Financial-Year-Revenue-Growth-of-annual-revenue-over-this-financial-year-Quarter-4-particularly-dynamic.html,GlobeNewswire Inc.,0.0,0.05555555555555555,neutral,0.0,True,False,False,False,False,False,False,False,0.0,139,['BON'],BON,2022-08-01
BONDUELLE - Déclaration mensuelle du nombre d'actions et de droits de vote,"Société en commandite par actions au capital de 57 102 699,50 eurosSiège social : ""La Woestyne"" 59173 - RenescureRCS Dunkerque 447 250 044",2022-08-08 15:45:00+00:00,https://www.globenewswire.com/news-release/2022/08/08/2494123/0/fr/BONDUELLE-D%C3%A9claration-mensuelle-du-nombre-d-actions-et-de-droits-de-vote.html,GlobeNewswire Inc.,0.03333333333333333,0.06666666666666667,neutral,0.03333333333333333,False,False,False,False,False,False,False,False,0.0,214,['BON'],BON,2022-08-08
BONDUELLE - Monthly statement of the number of shares and voting rights,"A French SCA (Partnership Limited by Shares) with a capital of 57 102 699,50 EurosHead Office: La Woestyne 59173 Renescure, FranceRegistered under number: 447 250 044 (Dunkerque Commercial and Companies Register)",2022-08-08 15:45:00+00:00,https://www.globenewswire.com/news-release/2022/08/08/2494123/0/en/BONDUELLE-Monthly-statement-of-the-number-of-shares-and-voting-rights.html,GlobeNewswire Inc.,-0.023809523809523808,0.047619047619047616,neutral,0.023809523809523808,False,False,False,True,False,False,False,False,0.0,285,['BON'],BON,2022-08-08
Why Amazon Shares Traded Lower; Here Are 74 Biggest Movers From Yesterday,"Gainers

Bright Minds Biosciences Inc. (NASDAQ: DRUG) shares jumped 72.8% to close at $2.16 on Monday as the stock continued to see momentum despite the company last week announcing it is not aware of any developments that would explain the recent surge.
AnPac Bio-Medical Science Co., Ltd.  (NASDAQ: ANPC) surged 66% to close at $0.3561 after declining 8% on Friday. Anpac Bio-Medical Science recently named Yuyang Cui as Co-Chairman and co-CEO.
Summit Therapeutics Inc. (NASDAQ: SMMT) jumped 48.2% to close at $1.63. The company's Co-CEO's recently purchased over 100 million shares of stock in the company.
Minerva Neurosciences, Inc. (NASDAQ: NERV) gained 47.8% to settle at $4.59 after the company announced it submitted a New Drug Application to the FDA for roluperidone for the treatment of patients with schizophrenia.
Wag! Group Co.  (NASDAQ: PET) jumped 47% to close at $7.63 after jumping around 9% on Friday. DA Davidson maintained buy on Wag Group and lowered price target to $11.
Bon Natural Life Limited (NASDAQ: BON) gained 36.5% to settle at $2.77.
Signify Health, Inc.  (NYSE: SGFY) shares jumped 32.1% to close at $28.00 following media reports that Amazon.com Inc (NASDAQ: AMZN) may be interested in acquiring the company.
Blue Apron Holdings, Inc. (NYSE: APRN) gained 26.3% to settle at $6.14.
Graphex Group Limited  (NYSE: GRFX) gained 25.2% to close at $3.13 after gaining 21% on Friday. Graphex Technologies, a wholly owned U.S. subsidiary of Graphex Group Limited, highlighted U.S. expansion progress and outlined business strategy.
Belite Bio, Inc (NASDAQ: BLTE) jumped 22% to close at $26.84. Belite Bio initiated enrollment for the U.S. Phase 3 clinical trial of its lead asset LBS-008 in patients with Stargardt Disease (STGD1), a progressively blinding disease with no approved treatment.
ZIVO Bioscience, Inc. (NASDAQ: ZIVO) gained 17.3% to settle at $4.44.
China Automotive Systems, Inc. (NASDAQ: CAAS) rose 16.8% to close at $4.03. China Automotive Systems recently reported second-quarter FY22 sales growth of 5.5% year-on-year to $127.16 million, beating the consensus of $104.39 million.
Neptune Wellness Solutions Inc. (NASDAQ: NEPT) gained 16.3% to close at $2.00. Neptune Wellness tweeted ‘Sprout secured several distribution gains with leading retailers, including Target, Walmart, and major supermarket chains. And the largest national pharmacy chain in the United States in 5,000 of their 9,900 doors.’
Reunion Neuroscience Inc. (NASDAQ: REUN) jumped 15.7% to settle at $4.20.
Greenbrook TMS Inc. (NASDAQ: GBNH) gained 15.6% to close at $3.55 after jumping around 30% on Friday.
Cano Health, Inc. (NYSE: CANO) jumped 15.2% to close at $5.55 as traders are circulating Dealreporter chatter.
Privia Health Group, Inc. (NASDAQ: PRVA) rose 15.1% to close at $41.98. Privia Health recently said Q2 EPS results were higher year over year.
Saga Communications, Inc. (NASDAQ: SGA) gained 14.2% to close at $28.11.
Houston American Energy Corp. (NASDAQ: HUSA) rose 13.7% to settle at $4.39.
Mill City Ventures III, Ltd. (NASDAQ: MCVT) gained 13.6% to close at $3.67.
NightHawk Biosciences, Inc. (NASDAQ: NHWK) climbed ...",2022-08-23 10:11:03+00:00,https://www.benzinga.com/news/22/08/28596294/why-amazon-shares-traded-lower-here-are-74-biggest-movers-from-yesterday,Benzinga,0.13015951439864484,0.35651232825145873,positive,0.13015951439864484,False,True,True,False,False,False,True,False,0.0,3229,"['PET', 'SOUN', 'MCVT', 'BON', 'GRCL', 'DRUG', 'BLTE', 'EVLO', 'SGA', 'PHVS', 'ASAN', 'SVRE', 'HKD', 'AAPL', 'SGFY', 'SKYT', 'MICS', 'AGLE', 'ADES', 'GBOX', 'CANO', 'HSCS', 'CVNA', 'AMRN', 'GBNH', 'VIPS', 'GSUN', 'APRN', 'AMZN', 'PRVA', 'SMMT', 'MEGL', 'SFIX', 'BBBY', 'FEMY', 'IMBI', 'GRFX', 'ARDS', 'CAAS', 'OWLT', 'FNHC', 'REUN', 'TBLT', 'HUSA', 'CYXT', 'BNR', 'AKLI', 'LIZI', 'MGAM', 'IONM', 'AMC', 'ANPC', 'MSFT', 'VLCN', 'BTTX', 'NVFY', 'QLI', 'NEPT', 'USER', 'NERV', 'NKLA', 'NHWK', 'DCFC', 'GCT', 'KRBP', 'TREE', 'GNS', 'ZIVO', 'ATNF', 'GME', 'VRAX', 'AVYA', 'HYFM', 'CGC']",BON,2022-08-23
Why Everbridge Jumped Over 17%; Here Are 90 Biggest Movers From Friday,"Gainers

Micro Focus International plc (NYSE: MFGP) shares surged 92% to close at $6.01 on Friday after the company reached an agreement with OpenText to be acquired for $6 billion.
Minerva Neurosciences, Inc. (NASDAQ: NERV) gained 58.2% to settle at $10.33. Point72 Asset Management recently reported an 8.8% passive stake in the company.
The OLB Group, Inc. (NASDAQ: OLB) climbed 43.2% to close at $1.69. OLB Group recently posted 1H sales of $17.16 million.
Farfetch Limited(NYSE: FTCH) jumped 26.1% to close at $12.03 after reporting better-than-expected quarterly results.
The L.S. Starrett Company (NYSE: SCX) surged 22.5% to close at $9.30 after the company reported FY22 results.
Onion Global Limited (NYSE: OG) gained 18% to close at $0.46.
Advanced Human Imaging Limited (NASDAQ: AHI) rose 17.6% to settle at $0.68.
Everbridge, Inc. (NASDAQ: EVBG) jumped 17.4% to close at $41.99 following a Bloomberg report suggesting the company is exploring a potential sale. Everbridge recently reported better-than-expected Q2 sales results and issued Q3 guidance above analyst estimates.
Tarena International, Inc. (NASDAQ: TEDU) gained 16.8% to settle at $7.98. Tarena International recently reported second-quarter FY22 sales growth of 11.4% year-on-year, to RMB648.8 million ($96.9 million) versus RMB582.3 million last year.
Pear Therapeutics, Inc. (NASDAQ: PEAR) rose 16.6% to close at $1.69. Pear Therapeutics recently reported its Q2 financial results.
Baudax Bio, Inc. (NASDAQ: BXRX) jumped 14.2% to close at $0.64. Baudax Bio recently received Notice of Allowance for US patent application covering use of ANJESO for treatment of moderate to severe pain.
Check-Cap Ltd. (NASDAQ: CHEK) gained 13.7% to settle at $0.3939.
TRxADE HEALTH, Inc. (NASDAQ: MEDS) rose 12.8% to settle at $1.23. TRxADE HEALTH recently reported termination of public offering of common stock.
Pardes Biosciences, Inc. (NASDAQ: PRDS) gained 11.8% to close at $3.70. Pardes Biosciences recently posted a Q2 loss of $0.48 per share.
Galecto, Inc. (NASDAQ: GLTO) rose 11.3% to settle at $2.51.
TAL Education Group (NYSE: TAL) gained 10.9% to close at $5.99.
Green Giant Inc. (NASDAQ: GGE) rose 9.5% to close at $2.19.
Daqo New Energy Corp. (NYSE: DQ) gained 8% to settle at $71.87.
Cassava Sciences, Inc.  (NASDAQ: SAVA) gained 7.7% to close at $29.39.
American Virtual Cloud Technologies, Inc. (NASDAQ: AVCT) shares gained 7.6% to close at $0.1463 after the company announced changes to its board of directors and management team, along with the launch of a review to explore the sale of the entire business or selected assets.
CorpHousing Group Inc. (NASDAQ: CHG) rose 7.3% to close at $2.65. CorpHousing Group recently reported closing of $13.5 million initial public offering.
VTEX (NYSE: VTEX) shares gained 7% to close at $4.14. Vtex recently posted a Q2 loss of $0.11 per share.
Electronic Arts Inc. (NASDAQ: EA) gained 3.6% to close at $132.17 amid reports suggesting Amazon is set to buy the company. However, CNBC said Amazon is not expected to make a bid for Electronic Arts.
Workday, Inc. (NASDAQ: WDAY) rose 2.5% to settle at $166.46 after the company reported upbeat earnings for its second quarter. The company maintained full-year subscription revenue guidance between $5.537 billion and $5.557 billion.

 
Don’t forget to check out our  premarket coverage here .
Losers

Mobilicom Limited (NASDAQ: MOB) dipped 39.7% to settle at $3.30 on Friday on possible profit taking after the stock surged ...",2022-08-29 06:55:11+00:00,https://www.benzinga.com/news/22/08/28663197/why-everbridge-jumped-over-17-here-are-90-biggest-movers-from-friday,Benzinga,0.08604617604617602,0.3746248196248196,neutral,0.08604617604617602,True,True,True,False,True,False,True,False,0.0,3564,"['MSFT', 'WETG', 'APWC', 'PRDS', 'BON', 'TXG', 'NEPT', 'CVAC', 'WDAY', 'CRDO', 'EAR', 'CHEK', 'NVDA', 'AKU', 'VIVK', 'VRAX', 'NYC', 'DOMO', 'OTEX', 'GLTO', 'CLAR', 'ACON', 'SSY', 'EVBG', 'SGEN', 'AFRM', 'UPST', 'MSPR', 'AAPL', 'STG', 'CVNA', 'CHG', 'DNMR', 'FTCH', 'PEV', 'ACLS', 'SLNO', 'HPQ', 'OG', 'PRCH', 'HSCS', 'AMTD', 'MFGP', 'MMM', 'VACC', 'MEDS', 'GSUN', 'AMZN', 'ELOX', 'SCX', 'VTEX', 'RH', 'MEGL', 'ATHX', 'ALLO', 'TAL', 'VEEE', 'FATE', 'STBX', 'AVCT', 'SXTC', 'DQ', 'TYRA', 'TEDU', 'CAAS', 'DELL', 'SAVA', 'DRUG', 'FWBI', 'NERV', 'EA', 'WAFU', 'REE', 'SONX', 'TRUP', 'HAIN', 'OLB', 'MOB', 'KPRX', 'CALA', 'LTRX', 'CLEU', 'GGE', 'EMBK', 'GCT', 'MRVL', 'BXRX', 'BEAM', 'PEAR', 'AHI']",BON,2022-08-29
Why Pagerduty Is Trading Higher By 9%; Here Are 28 Stocks Moving Premarket,"Gainers

NewAge, Inc. (NASDAQ: NBEV) shares rose 58.3% to $0.1935 in pre-market trading. NewAge shares tumbled around 47% on Thursday on continued weakness after the company recently announced it filed a voluntary petition for relief under chapter 11 of the United States Bankruptcy Code.
biote Corp. (NASDAQ: BTMD) shares rose 31.3% to $5.79 in pre-market trading. Biote shares started trading after uplisting to the Nasdaq.
bioAffinity Technologies, Inc.  (NASDAQ: BIAF) rose 30.8% to $10.86 in pre-market trading after jumping 36% on Thursday. The company priced its IPO at $6.125 per unit.
Ampio Pharmaceuticals, Inc. (NASDAQ: AMPE) rose 27% to $0.1170 in pre-market trading after declining around 9% on Thursday.
PaxMedica, Inc. (NASDAQ: PXMD) rose 20.6% to $4.22 in pre-market trading. PaxMedica Executive Chairman, Director Michael Derby reportED in Form4 filing the purchase of 95,000 shares at $5.25 per share.
American Virtual Cloud Technologies, Inc. (NASDAQ: AVCT) rose 16.4% to $0.2561 in pre-market trading. American Virtual Cloud Technologies shares dropped 52% on Thursday after the company announced an equity distribution agreement to offer and sell up to $14.7 million shares of common stock.
Hollysys Automation Technologies Ltd. (NASDAQ: HOLI) rose 13.5% to $19.25 in pre-market trading. ...",2022-09-02 10:26:22+00:00,https://www.benzinga.com/news/22/09/28730919/why-pagerduty-is-trading-higher-by-9-here-are-28-stocks-moving-premarket,Benzinga,0.3458333333333334,0.6583333333333333,positive,0.3458333333333334,False,False,False,False,False,False,True,False,0.0,1388,"['BON', 'APM', 'AVCT', 'PXMD', 'HOLI', 'SGML', 'LULU', 'GFAI', 'SHIP', 'ISPO', 'HCP', 'VRAX', 'BTMD', 'CEMI', 'BIAF', 'AMPE', 'GSUN', 'KPTI', 'RBT', 'PD', 'SHPH', 'CLBS', 'NBEV', 'ATXG', 'PIXY', 'NINE', 'TAOP']",BON,2022-09-02
BONDUELLE - Monthly statement of the number of shares and voting rights,BONDUELLE,2022-09-05 15:45:00+00:00,https://www.globenewswire.com/news-release/2022/09/05/2509896/0/en/BONDUELLE-Monthly-statement-of-the-number-of-shares-and-voting-rights.html,GlobeNewswire Inc.,0.0,0.0,neutral,0.0,False,False,False,False,False,False,False,False,0.0,82,['BON'],BON,2022-09-05
BONDUELLE - Déclaration mensuelle du nombre d'actions et de droits de vote,BONDUELLE,2022-09-05 15:45:00+00:00,https://www.globenewswire.com/news-release/2022/09/05/2509896/0/fr/BONDUELLE-D%C3%A9claration-mensuelle-du-nombre-d-actions-et-de-droits-de-vote.html,GlobeNewswire Inc.,0.0,0.0,neutral,0.0,False,False,False,False,False,False,False,False,0.0,85,['BON'],BON,2022-09-05
Bonduelle - 21-22 Annual Results: Business growth and profitability maintained in a particularly adverse environment,BONDUELLE,2022-10-03 05:00:00+00:00,https://www.globenewswire.com/news-release/2022/10/03/2526461/0/en/Bonduelle-21-22-Annual-Results-Business-growth-and-profitability-maintained-in-a-particularly-adverse-environment.html,GlobeNewswire Inc.,0.16666666666666666,0.3333333333333333,positive,0.16666666666666666,True,False,False,False,False,False,False,False,0.0,127,['BON'],BON,2022-10-03
Bonduelle - Résultats annuels 21-22 : croissance de l'activité et rentabilité préservée dans un contexte particulièrement adverse,BONDUELLE,2022-10-03 05:00:00+00:00,https://www.globenewswire.com/news-release/2022/10/03/2526461/0/fr/Bonduelle-R%C3%A9sultats-annuels-21-22-croissance-de-l-activit%C3%A9-et-rentabilit%C3%A9-pr%C3%A9serv%C3%A9e-dans-un-contexte-particuli%C3%A8rement-adverse.html,GlobeNewswire Inc.,0.0,0.0,neutral,0.0,False,False,False,False,False,False,False,False,0.0,140,['BON'],BON,2022-10-03
BONDUELLE - Déclaration mensuelle du nombre d'actions et de droits de vote,"BONDUELLESociété en commandite par actions au capital de 57 102 699,50 eurosSiège social : ""La Woestyne"" 59173 - RenescureRCS Dunkerque 447 250 044",2022-10-04 15:45:00+00:00,https://www.globenewswire.com/news-release/2022/10/04/2528101/0/fr/BONDUELLE-D%C3%A9claration-mensuelle-du-nombre-d-actions-et-de-droits-de-vote.html,GlobeNewswire Inc.,0.03333333333333333,0.06666666666666667,neutral,0.03333333333333333,False,False,False,False,False,False,False,False,0.0,223,['BON'],BON,2022-10-04
BONDUELLE - Monthly statement of the number of shares and voting rights,"BONDUELLE A French SCA (Partnership Limited by Shares) with a capital of 57 102 699,50 EurosHead Office: La Woestyne 59173 Renescure, FranceRegistered under number: 447 250 044 (Dunkerque Commercial and Companies Register)",2022-10-04 15:45:00+00:00,https://www.globenewswire.com/news-release/2022/10/04/2528101/0/en/BONDUELLE-Monthly-statement-of-the-number-of-shares-and-voting-rights.html,GlobeNewswire Inc.,-0.023809523809523808,0.047619047619047616,neutral,0.023809523809523808,False,False,False,True,False,False,False,False,0.0,295,['BON'],BON,2022-10-04
Bonduelle - Mise à disposition du document d'enregistrement universel 2021-2022,BONDUELLE,2022-10-24 15:45:00+00:00,https://www.globenewswire.com/news-release/2022/10/24/2540207/0/fr/Bonduelle-Mise-%C3%A0-disposition-du-document-d-enregistrement-universel-2021-2022.html,GlobeNewswire Inc.,0.0,0.0,neutral,0.0,False,False,False,False,False,False,False,False,0.0,90,['BON'],BON,2022-10-24
Bonduelle - Statement of availability of 2021-2022 Universal Registration Document,BONDUELLE,2022-10-24 15:45:00+00:00,https://www.globenewswire.com/news-release/2022/10/24/2540207/0/en/Bonduelle-Statement-of-availability-of-2021-2022-Universal-Registration-Document.html,GlobeNewswire Inc.,0.0,0.0,neutral,0.0,False,False,False,False,False,False,False,False,0.0,93,['BON'],BON,2022-10-24
Why Oyster Point Pharma Shares Are Trading Higher By Around 40%? Here Are 49 Stocks Moving In Monday's Mid-Day Session,"Gainers

Dragon Victory International Limited (NASDAQ: LYL) surged 52.2% to $0.6870.
Veru Inc.  (NASDAQ: VERU) shares jumped 47% to $15.22 following publication of briefing documents ahead of the Nov. 9 FDA Adcom meeting for its COVID-19 treatment candidate.
Oyster Point Pharma, Inc. (NASDAQ: OYST) gained 39.4% to $11.64 after the company announced it will be acquired by Viatris for $11 per share.
GigaCloud Technology Inc.  (NASDAQ: GCT) shares climbed 36.7% to $6.37. GigaCloud Technology, last month, unveiled its new private domain feature for sellers on its B2B GigaCloud Marketplace.
Selina Hospitality PLC  (NASDAQ: SLNA) shares climbed 27.4% to $4.6001 after dipping over 19% on Friday.
ACM Research, Inc. (NASDAQ: ACMR) gained 24.2% to $8.21 after Jefferies upgraded the stock from Underperform to Hold.
Sonnet BioTherapeutics Holdings, Inc. (NASDAQ: SONN) rose 24% to $1.9201. Sonnet BioTherapeutics recently announced the safety profile of SON-1010. Five of the six patients had stable disease at the first follow-up scan, with one patient progressing who is now off study.
Digital World Acquisition Corp. (NASDAQ: DWAC) shares gained 23.9% to $21.65 amid recent reports suggesting Donald Trump could announce a 2024 presidential run this week. Digital World Acquisition Corp is the business combination partner of Trump Media & Technology Group.
Faraday Future Intelligent Electric Inc. (NASDAQ: FFIE) gained 22% to $0.7079.
Certara, Inc. (NASDAQ: CERT) gained 20.5% to $12.83 after Arsenal Capital Partners increased its investment in the company with a $449 million stock purchase.
Eagle Pharmaceuticals, Inc. (NASDAQ: EGRX) surged 19.5% to $37.70 after the company reported better-than-expected Q3 results.
Tupperware Brands Corporation  (NYSE: TUP) rose 17.5% to $4.7250. Richard Goudis, Executive Vice Chair at Tupperware Brands, reported a large insider buy on November 7, according to a new SEC filing.
Bon Natural Life Limited (NASDAQ: BON) gained 17.4% to $1.5620.
SmileDirectClub, Inc. (NASDAQ: SDC) gained 15.6% to $0.74.
HUTCHMED (China) Limited (NYSE: ...",2022-11-07 17:46:20+00:00,https://www.benzinga.com/news/22/11/29598328/why-oyster-point-pharma-shares-are-trading-higher-by-around-40-here-are-49-stocks-moving-in-mondays,Benzinga,0.12603305785123967,0.3439197166469894,positive,0.12603305785123967,False,True,True,False,False,False,False,False,0.0,2203,"['BON', 'PKBO', 'BIOR', 'SONN', 'HRT', 'EGRX', 'WETG', 'ACMR', 'AFMD', 'IKT', 'AMRN', 'TBK', 'VTRS', 'RUTH', 'GCT', 'CERT', 'HUDI', 'AMG', 'FAT', 'VERV', 'CRK', 'SDC', 'SNTG', 'LXU', 'HCM', 'FFIE', 'RBA', 'GDS', 'COEP', 'SLS', 'CKPT', 'FWRG', 'SPR', 'CVNA', 'DWAC', 'TUP', 'RDFN', 'QNGY', 'AMBO', 'VERU', 'CPTN', 'BEAM', 'LYL', 'SLNA', 'MARK', 'TIGO', 'SATX', 'PHUN', 'OYST']",BON,2022-11-07
BONDUELLE - Déclaration mensuelle du nombre d'actions et de droits de vote,BONDUELLE,2022-11-09 16:45:00+00:00,https://www.globenewswire.com/news-release/2022/11/09/2552304/0/fr/BONDUELLE-D%C3%A9claration-mensuelle-du-nombre-d-actions-et-de-droits-de-vote.html,GlobeNewswire Inc.,0.0,0.0,neutral,0.0,False,False,False,False,False,False,False,False,0.0,85,['BON'],BON,2022-11-09
BONDUELLE - Monthly statement of the number of shares and voting rights,BONDUELLE,2022-11-09 16:45:00+00:00,https://www.globenewswire.com/news-release/2022/11/09/2552304/0/en/BONDUELLE-Monthly-statement-of-the-number-of-shares-and-voting-rights.html,GlobeNewswire Inc.,0.0,0.0,neutral,0.0,False,False,False,False,False,False,False,False,0.0,82,['BON'],BON,2022-11-09
BONDUELLE - Mise à disposition des documents préparatoires à l'Assemblée Générale Mixte du 1er décembre 2022,BONDUELLE,2022-11-10 16:45:00+00:00,https://www.globenewswire.com/news-release/2022/11/10/2553561/0/fr/BONDUELLE-Mise-%C3%A0-disposition-des-documents-pr%C3%A9paratoires-%C3%A0-l-Assembl%C3%A9e-G%C3%A9n%C3%A9rale-Mixte-du-1er-d%C3%A9cembre-2022.html,GlobeNewswire Inc.,0.0,0.0,neutral,0.0,False,False,False,False,False,False,False,False,0.0,119,['BON'],BON,2022-11-10
"Bonduelle - Availability of Preparatory Documents Related to the Combined General Meeting on December 1, 2022",BONDUELLE,2022-11-10 16:45:00+00:00,https://www.globenewswire.com/news-release/2022/11/10/2553561/0/en/Bonduelle-Availability-of-Preparatory-Documents-Related-to-the-Combined-General-Meeting-on-December-1-2022.html,GlobeNewswire Inc.,0.02500000000000001,0.45,neutral,0.02500000000000001,False,False,False,False,False,False,False,False,0.0,120,['BON'],BON,2022-11-10
Why American Eagle Outfitters Shares Climbed Over 18%; Here Are 78 Biggest Movers From Yesterday,"Gainers

Cosmos Holdings Inc. (NASDAQ: COSM) jumped 86.9% to close at $0.3275 on Tuesday after jumping 21% on Monday. Cosmos Health agreed to sell its Sky Premium Life Luxury food supplement brand on Iberian Airlines' in-flight magazine, Ronda.
Palisade Bio, Inc.  (NASDAQ: PALI) shares climbed 81.1% to close at $4.02 on Tuesday after the company announced the FDA granted Fast Track designation to LB1148 for the acceleration of time to return of bowel function following surgery.
Motorsport Games Inc. (NASDAQ: MSGM) gained 51.1% to settle at $6.80. The company recently posted downbeat quarterly results.
FOXO Technologies Inc. (NYSE: FOXO) surged 47.6% to close at $0.72. Foxo Technologies, said effective November 14, 2022, Jon Sabes has been terminated as CEO and Chairman of board of company.
Grindr Inc. (NYSE: GRND) fell 37.9% to close at $12.25 on Tuesday after dropping 46% on Monday.
Cyclerion Therapeutics, Inc. (NASDAQ: CYCN) jumped 34.3% to close at $0.7524. Cyclerion said it concluded the unsolicited proposal received on November 20 was “not in the best interest of the company.”
Brainstorm Cell Therapeutics Inc. (NASDAQ: BCLI) gained 30% to close at $1.95. The company recently posted downbeat quarterly earnings.
Digital Brands Group, Inc. (NASDAQ: DBGI) gained 28.5% to close at $4.28. Digital Brands Group recently posted Q3 sales of $3.40 million.
Draganfly Inc. (NASDAQ: DPRO) jumped 27.2% to close at $1.17. Draganfly has been selected by PromoDrone to provide its Public Safety technology to the PromoDrone platform for Emergency Management.
GH Research PLC (NASDAQ: GHRS) gained 25.9% to settle at $12.51. GH Research recently posted a Q3 net loss of $0.008 per share.
Cingulate Inc. (NASDAQ: CING) climbed 25.7% to close at $0.87. Maxim Group initiated coverage on Cingulate with a Buy rating and announced a price target of $3.
Abercrombie & Fitch Co. (NYSE: ANF) climbed 21.4% to close at $22.62 after the company reported better-than-expected Q3 EPS and sales results.
Burlington Stores, Inc. (NYSE: BURL) surged 20.5% to close at $189.96 after the company reported Q3 financial results and issued guidance.
Polestar Automotive Holding UK PLC (NASDAQ: PSNY) gained 20.5% to settle at $7.82.
Sangoma Technologies Corporation (NASDAQ: SANG) rose 19.2% to settle at $4.72.
Starbox Group Holdings Ltd. (NASDAQ: STBX) gained 18.6% to settle at $2.49.
Bonso Electronics International Inc. (NASDAQ: BNSO) shares gained 18.5% to close at $3.68.
American Eagle Outfitters, Inc. (NYSE: AEO) gained 18.2% to close at $15.36 after the company reported better-than-expected Q3 GAAP EPS and sales results.
Bon Natural Life Limited (NASDAQ: BON) jumped 16.7% to close at $1.12.
COMSovereign Holding Corp. (NASDAQ: COMS) rose 16.6% to close at $0.0675.
WW International, Inc. (NASDAQ: WW) climbed 16.5% to close at $4.23. Sima Sistani, Chief Executive Officer at WW International, reported a large ...",2022-11-23 10:25:59+00:00,https://www.benzinga.com/news/22/11/29835908/why-american-eagle-outfitters-shares-climbed-over-18-here-are-78-biggest-movers-from-yesterday,Benzinga,0.1409937888198758,0.24948240165631475,positive,0.1409937888198758,True,True,True,False,False,False,True,False,0.0,3016,"['ATNM', 'API', 'ZM', 'CHS', 'GHRS', 'ATTO', 'BON', 'CYCN', 'DY', 'DPRO', 'VQS', 'BNSO', 'BROG', 'HSC', 'CING', 'CFMS', 'CENTA', 'AGBA', 'MMS', 'NN', 'IQ', 'COMS', 'TFFP', 'MOV', 'WAVD', 'CORZ', 'GDS', 'DLTR', 'NKLA', 'WMG', 'PSNY', 'COSM', 'JACK', 'GRAY', 'WW', 'STBX', 'OBSV', 'MLAB', 'EQOS', 'NOAH', 'FOXO', 'NXL', 'PERF', 'BDSX', 'BCLI', 'CDIO', 'POND', 'TOPS', 'GOEV', 'FENG', 'SATX', 'ROAD', 'URBN', 'FDMT', 'NOTE', 'MANU', 'GRND', 'PRVB', 'A', 'SCPS', 'DYN', 'EUDA', 'CHRA', 'AEO', 'CNEY', 'BURL', 'WISA', 'ANF', 'MSGM', 'MRTX', 'GMDA', 'BBY', 'PALI', 'QTNT', 'SANG', 'BIG', 'DBGI']",BON,2022-11-23
BONDUELLE - Monthly statement of the number of shares and voting rights,"BONDUELLEA French SCA (Partnership Limited by Shares) with a capital of 57 102 699,50 EurosHead Office: La Woestyne 59173 Renescure, FranceRegistered under number: 447 250 044 (Dunkerque Commercial and Companies Register)",2022-12-07 16:45:00+00:00,https://www.globenewswire.com/news-release/2022/12/07/2569580/0/en/BONDUELLE-Monthly-statement-of-the-number-of-shares-and-voting-rights.html,GlobeNewswire Inc.,-0.023809523809523808,0.047619047619047616,neutral,0.023809523809523808,False,False,False,True,False,False,False,False,0.0,294,['BON'],BON,2022-12-07
BONDUELLE - Déclaration mensuelle du nombre d'actions et de droits de vote,"BONDUELLESociété en commandite par actions au capital de 57 102 699,50 eurosSiège social : ""La Woestyne"" 59173 - RenescureRCS Dunkerque 447 250 044",2022-12-07 16:45:00+00:00,https://www.globenewswire.com/news-release/2022/12/07/2569580/0/fr/BONDUELLE-D%C3%A9claration-mensuelle-du-nombre-d-actions-et-de-droits-de-vote.html,GlobeNewswire Inc.,0.03333333333333333,0.06666666666666667,neutral,0.03333333333333333,False,False,False,False,False,False,False,False,0.0,223,['BON'],BON,2022-12-07
Bonduelle Fresh Americas Becomes Certified B Corporation™ ,The U.S. business unit of Bonduelle Group joins a global community of businesses that meet high standards of social and environmental impact,2022-12-12 21:32:00+00:00,https://www.globenewswire.com/news-release/2022/12/12/2572285/0/en/Bonduelle-Fresh-Americas-Becomes-Certified-B-Corporation.html,GlobeNewswire Inc.,0.12333333333333332,0.27666666666666667,positive,0.12333333333333332,False,False,False,False,False,False,False,False,0.0,200,['BON'],BON,2022-12-12
BONDUELLE - Déclaration mensuelle du nombre d'actions et de droits de vote,BONDUELLE,2023-01-11 16:45:00+00:00,https://www.globenewswire.com/news-release/2023/01/11/2587343/0/fr/BONDUELLE-D%C3%A9claration-mensuelle-du-nombre-d-actions-et-de-droits-de-vote.html,GlobeNewswire Inc.,0.0,0.0,neutral,0.0,False,False,False,False,False,False,False,False,0.0,85,['BON'],BON,2023-01-11
BONDUELLE - Monthly statement of the number of shares and voting rights,BONDUELLE,2023-01-11 16:45:00+00:00,https://www.globenewswire.com/news-release/2023/01/11/2587343/0/en/BONDUELLE-Monthly-statement-of-the-number-of-shares-and-voting-rights.html,GlobeNewswire Inc.,0.0,0.0,neutral,0.0,False,False,False,False,False,False,False,False,0.0,82,['BON'],BON,2023-01-11
Bonduelle - Chiffre d'affaires du 1er semestre 2022-2023 : Progression de l'activité alimentée par les revalorisations tarifaires / Adaptation du dispositif industriel destiné au marché du frais prêt à l’emploi aux Etats-Unis,BONDUELLE,2023-02-01 06:00:00+00:00,https://www.globenewswire.com/news-release/2023/02/01/2599081/0/fr/Bonduelle-Chiffre-d-affaires-du-1er-semestre-2022-2023-Progression-de-l-activit%C3%A9-aliment%C3%A9e-par-les-revalorisations-tarifaires-Adaptation-du-dispositif-industriel-destin%C3%A9-au-march%C3%A9-.html,GlobeNewswire Inc.,0.0,0.0,neutral,0.0,False,False,False,False,False,False,False,False,0.0,236,['BON'],BON,2023-02-01
Bonduelle - First Half Year 2022-2023 Revenue: Growth in activity fuelled by price increases / Adaptation of industrial set up for ready-to-use fresh segment in the United States,BONDUELLE,2023-02-01 06:00:00+00:00,https://www.globenewswire.com/news-release/2023/02/01/2599081/0/en/Bonduelle-First-Half-Year-2022-2023-Revenue-Growth-in-activity-fuelled-by-price-increases-Adaptation-of-industrial-set-up-for-ready-to-use-fresh-segment-in-the-United-States.html,GlobeNewswire Inc.,0.12777777777777777,0.3333333333333333,positive,0.12777777777777777,True,False,False,False,False,False,False,False,0.0,189,['BON'],BON,2023-02-01
Bon Natural Life Limited Announces FY2022 Earnings Release Date and Webcast,"XIAN, China, Feb.  07, 2023  (GLOBE NEWSWIRE) -- Bon Natural Life Limited (Nasdaq: BON) (""BON"" or the ""Company""), one of the leading bio-ingredient solutions providers in the natural, health and personal care industries, will issue its FY2022 earnings release for the fiscal year ended September 30, 2021 before the market open on Friday, February 10, 2023.",2023-02-07 13:30:00+00:00,https://www.globenewswire.com/news-release/2023/02/07/2603022/0/en/Bon-Natural-Life-Limited-Announces-FY2022-Earnings-Release-Date-and-Webcast.html,GlobeNewswire Inc.,0.022448979591836737,0.32653061224489793,neutral,0.022448979591836737,True,False,False,False,True,False,False,False,0.0,434,['BON'],BON,2023-02-07
BONDUELLE - Monthly statement of the number of shares and voting rights,"BONDUELLEA French SCA (Partnership Limited by Shares) with a capital of 57 102 699,50 EurosHead Office: La Woestyne 59173 Renescure, FranceRegistered under number: 447 250 044 (Dunkerque Commercial and Companies Register)",2023-02-09 16:45:00+00:00,https://www.globenewswire.com/news-release/2023/02/09/2605316/0/en/BONDUELLE-Monthly-statement-of-the-number-of-shares-and-voting-rights.html,GlobeNewswire Inc.,-0.023809523809523808,0.047619047619047616,neutral,0.023809523809523808,False,False,False,True,False,False,False,False,0.0,294,['BON'],BON,2023-02-09
BONDUELLE - Déclaration mensuelle du nombre d'actions et de droits de vote,BONDUELLE,2023-02-09 16:45:00+00:00,https://www.globenewswire.com/news-release/2023/02/09/2605316/0/fr/BONDUELLE-D%C3%A9claration-mensuelle-du-nombre-d-actions-et-de-droits-de-vote.html,GlobeNewswire Inc.,0.0,0.0,neutral,0.0,False,False,False,False,False,False,False,False,0.0,85,['BON'],BON,2023-02-09
Bon Natural Life Limited Announces Record-Setting Full Fiscal Year 2022 Results,"Xian, China, Feb.  10, 2023  (GLOBE NEWSWIRE) -- Bon Natural Life Limited (Nasdaq: BON) (""BON"" or the ""Company""), one of the leading bio-ingredient solutions providers in the natural, health and personal care industries, today announced its 2022 annual financial results for the fiscal year ended September 30, 2022.",2023-02-10 13:30:00+00:00,https://www.globenewswire.com/news-release/2023/02/10/2605935/0/en/Bon-Natural-Life-Limited-Announces-Record-Setting-Full-Fiscal-Year-2022-Results.html,GlobeNewswire Inc.,0.06339285714285714,0.2919642857142857,neutral,0.06339285714285714,False,False,False,False,False,False,False,False,0.0,397,['BON'],BON,2023-02-10
Why Hempacco Are Trading Lower By 58%? Here Are Other Stocks Moving In Friday's Mid-Day Session,"Gainers

SeqLL Inc. (NASDAQ: SQL) shares jumped 120% to $1.85 after dropping around 39% on Thursday. SeqLL recently announced the establishment of a two-year Cooperative Research and Development Agreement with the U.S. Department of Justice's Federal Bureau of Investigation.
Hillstream BioPharma, Inc.  (NASDAQ: HILS) rose 92.3% to $2.27 after the company reported initial results evaluating the synergy of HSB-1216 with immune checkpoint inhibitors in KRAS G12C-mutated non-small cell lung cancer cells, Calu-1, with Pembrolizumab, demonstrating significantly greater tumor inhibition.
Vallon Pharmaceuticals, Inc. (NASDAQ: VLON) surged 71.2% to $0.4588.
Lixte Biotechnology Holdings, Inc. (NASDAQ: LIXT) gained 36.6% to $1.49. LIXTE Biotechnology recently noted that a team of scientists reported that in three difficult-to-treat cancer types, LIXTE's lead compound, LB-100, combined with an inhibitor of the WEE1 kinase, causes unexpectedly effective cancer cell killing.
Expion360 Inc. (NASDAQ: XPON) gained 26.4% to $2.51 after the company announced it has been selected by Cube Series as the exclusive supplier of lithium-ion batteries for a ultra-lightweight foldable campler.
Nova LifeStyle, Inc. (NASDAQ: NVFY) jumped 26% to $1.31.
VistaGen Therapeutics, Inc. (NASDAQ: VTGN) climbed 23% to $0.1741 after dropping around 24% on Thursday. VistaGen Therapeutics recently reported a Q3 FY23 net loss of $(9.8) million or $(0.05) per share.
Proto Labs, Inc. (NASDAQ: PRLB) gained 22.4% to $37.24 as the company reported a fourth-quarter revenue decline of 6.5% year-over-year to $115.6 million, beating the consensus of $109.8 million.
EZFill Holdings Inc. (NASDAQ: EZFL) rose 22.4% to $0.4897. EzFill announced preliminary unaudited 2022 Q4 revenues of $4.9 million, up 143% year over year.
Akanda Corp. (NASDAQ: AKAN) jumped 21.7% to $0.2220.
Oscar Health, Inc. (NYSE: OSCR) gained 19.2% to $4.53 following upbeat Q4 earnings.
Lions Gate Entertainment Corp.  (NYSE: LGF-A) shares climbed 18.8% to $9.80 following Q3 results.
Bon Natural Life Limited (NASDAQ: BON) gained 16.3% to $1.43 after reporting a rise in FY earnings.
Brera Holdings PLC (NASDAQ: BREA) rose 14.7% to ...",2023-02-10 18:07:52+00:00,https://www.benzinga.com/news/23/02/30859296/why-hempacco-are-trading-lower-by-58-here-are-other-stocks-moving-in-fridays-mid-day-session,Benzinga,0.18690476190476188,0.4011904761904762,positive,0.18690476190476188,True,False,False,False,False,False,False,False,0.0,2280,"['EZFL', 'KN', 'POAI', 'LVLU', 'ODV', 'XAIR', 'BON', 'HILS', 'HCM', 'PHAT', 'TRT', 'AKAN', 'LYFT', 'BSFC', 'FORR', 'XPON', 'APE', 'WETG', 'PXLW', 'HPCO', 'SRTS', 'SLQT', 'BBD', 'WLDS', 'VTGN', 'PRFX', 'MGA', 'BREA', 'CELZ', 'AMST', 'ASPS', 'BYSI', 'APPH', 'NGL', 'AGFY', 'OSCR', 'PRLB', 'AYX', 'VLON', 'CRSR', 'ZEST', 'YELL', 'DBTX', 'ZH', 'DOCS', 'BARK', 'HEXO', 'LTRY', 'LIXT', 'SANG', 'HYZN', 'NVFY', 'SQL']",BON,2023-02-10
Bonduelle - First Half Year 2022-2023 Financial Results: Confirmation of revenue growth and profitability objectives,BONDUELLE,2023-03-03 06:00:00+00:00,https://www.globenewswire.com/news-release/2023/03/03/2619963/0/en/Bonduelle-First-Half-Year-2022-2023-Financial-Results-Confirmation-of-revenue-growth-and-profitability-objectives.html,GlobeNewswire Inc.,0.02777777777777778,0.16666666666666666,neutral,0.02777777777777778,True,False,False,False,False,False,False,False,0.0,127,['BON'],BON,2023-03-03
Bonduelle - Résultats semestriels 2022-2023 : Confirmation des objectifs de croissance de l'activité et de la rentabilité,BONDUELLE,2023-03-03 06:00:00+00:00,https://www.globenewswire.com/news-release/2023/03/03/2619963/0/fr/Bonduelle-R%C3%A9sultats-semestriels-2022-2023-Confirmation-des-objectifs-de-croissance-de-l-activit%C3%A9-et-de-la-rentabilit%C3%A9.html,GlobeNewswire Inc.,0.0,0.0,neutral,0.0,False,False,False,False,False,False,False,False,0.0,132,['BON'],BON,2023-03-03
Bonduelle - Mise à disposition du rapport financier semestriel au 31 décembre 2022,BONDUELLE,2023-03-03 08:45:00+00:00,https://www.globenewswire.com/news-release/2023/03/03/2620028/0/fr/Bonduelle-Mise-%C3%A0-disposition-du-rapport-financier-semestriel-au-31-d%C3%A9cembre-2022.html,GlobeNewswire Inc.,0.0,0.0,neutral,0.0,False,False,False,False,False,False,False,False,0.0,93,['BON'],BON,2023-03-03
"Bonduelle - Statement of availability of the Half-Year Financial Report on December 31, 2022",BONDUELLE,2023-03-03 08:45:00+00:00,https://www.globenewswire.com/news-release/2023/03/03/2620028/0/en/Bonduelle-Statement-of-availability-of-the-Half-Year-Financial-Report-on-December-31-2022.html,GlobeNewswire Inc.,0.0,0.0,neutral,0.0,False,False,False,False,False,False,False,False,0.0,103,['BON'],BON,2023-03-03
BONDUELLE - Monthly statement of the number of shares and voting rights,BONDUELLE,2023-03-06 16:45:00+00:00,https://www.globenewswire.com/news-release/2023/03/06/2621420/0/en/BONDUELLE-Monthly-statement-of-the-number-of-shares-and-voting-rights.html,GlobeNewswire Inc.,0.0,0.0,neutral,0.0,False,False,False,False,False,False,False,False,0.0,82,['BON'],BON,2023-03-06
BONDUELLE - Déclaration mensuelle du nombre d'actions et de droits de vote,BONDUELLE,2023-03-06 16:45:00+00:00,https://www.globenewswire.com/news-release/2023/03/06/2621420/0/fr/BONDUELLE-D%C3%A9claration-mensuelle-du-nombre-d-actions-et-de-droits-de-vote.html,GlobeNewswire Inc.,0.0,0.0,neutral,0.0,False,False,False,False,False,False,False,False,0.0,85,['BON'],BON,2023-03-06
Why JAKKS Pacific Shares Are Trading Lower By 13%? Here Are Other Stocks Moving In Friday's Mid-Day Session,"Gainers

Barnes & Noble Education, Inc. (NYSE: BNED) jumped 39% to $2.39 after the company posted better-than-expected quarterly sales.
Molecular Templates, Inc. (NASDAQ: MTEM) rose 29.7% to $0.61. Molecular Templates received FDA clearance to proceed for clinical testing of its novel MT-8421 ETB program.
Jeffs' Brands Ltd (NASDAQ: JFBR) gained 23% to $1.7110. Jeffs' Brands recently entered into a definitive agreement to acquire the entire share capital of Fort Products Ltd for $1.92 million.
PLAYSTUDIOS, Inc.  (NASDAQ: MYPS) gained 20.5% to $4.1814 after reporting upbeat quarterly results.
Unicycive Therapeutics, Inc. (NASDAQ: UNCY) shares rose 19.7% to $2.47 after jumping 27% on Thursday. The company recently announced a private placement of up to $130 million in gross proceeds to commercialize and launch Renazorb.
PlayAGS, Inc.  (NYSE: AGS) shares gained 18.3% to $7.51 after the company posted better-than-expected Q4 results.
Mannatech, Incorporated (NASDAQ: MTEX) rose 18.2% to $21.00.
Heritage Global Inc.  (NASDAQ: HGBL) shares climbed 16.6% to $2.8799 after the company reported strong Q4 financial results.
View, Inc. (NASDAQ: VIEW) rose 16% to $0.6596. View is expected to report Q4 financial results after the market close on March 29, 2023.
Riskified Ltd. (NYSE: RSKD) gained 14.7% to $6.17. Piper Sandler upgraded Riskified from Neutral to Overweight and raised the price target from $6 to $8.
MamaMancini's Holdings, Inc. (NASDAQ: MMMB) gained 13.6% to $1.60.
Intuitive Machines, Inc. (NASDAQ: LUNR) rose 12.4% to $18.21 after gaining around 58% on Thursday.
Bird Global, Inc. (NASDAQ: BRDS) gained 11.3% to $0.2003 after the company reported better-than-expected Q4 sales results.
Theriva Biologics, Inc. (NYSE: TOVX) jumped 11% to $0.82.
Silvergate Capital Corporation (NYSE: SI) shares rose 8.6% to $3.0850. Silvergate Capital shares dipped 42% on Thursday after the company announced it will wind down operations and voluntarily liquidate Silvergate Bank.
Bon Natural Life Limited ...",2023-03-10 17:58:38+00:00,https://www.benzinga.com/news/23/03/31300512/why-jakks-pacific-shares-are-trading-lower-by-13-here-are-other-stocks-moving-in-fridays-mid-day-ses,Benzinga,0.1946067821067821,0.47454906204906205,positive,0.1946067821067821,False,True,True,False,True,False,False,False,0.0,2124,"['AGS', 'BIRD', 'FRC', 'DHC', 'LYLT', 'ASAN', 'DOCU', 'BON', 'GCTK', 'VIEW', 'SRRK', 'MCB', 'BCAN', 'PSTX', 'GENI', 'CMTL', 'JFBR', 'ONCT', 'ALTG', 'CNTY', 'FRTX', 'TGTX', 'NVVE', 'JAKK', 'LUNR', 'ALTO', 'MSGM', 'MTEX', 'TOVX', 'QTWO', 'MYPS', 'OPEN', 'AIXI', 'MMMB', 'GBNH', 'PACW', 'AKA', 'RILY', 'CMAX', 'SBNY', 'BNED', 'OCEA', 'GPS', 'AIRG', 'UNCY', 'NX', 'HGBL', 'RSKD', 'SI', 'NVOS', 'BRDS', 'WAL', 'MTEM', 'AIRS', 'JKS']",BON,2023-03-10
BONDUELLE - Monthly statement of the number of shares and voting rights,BONDUELLE,2023-04-11 15:45:00+00:00,https://www.globenewswire.com/news-release/2023/04/11/2644708/0/en/BONDUELLE-Monthly-statement-of-the-number-of-shares-and-voting-rights.html,GlobeNewswire Inc.,0.0,0.0,neutral,0.0,False,False,False,False,False,False,False,False,0.0,82,['BON'],BON,2023-04-11
BONDUELLE - Déclaration mensuelle du nombre d'actions et de droits de vote,BONDUELLE,2023-04-11 15:45:00+00:00,https://www.globenewswire.com/news-release/2023/04/11/2644708/0/fr/BONDUELLE-D%C3%A9claration-mensuelle-du-nombre-d-actions-et-de-droits-de-vote.html,GlobeNewswire Inc.,0.0,0.0,neutral,0.0,False,False,False,False,False,False,False,False,0.0,85,['BON'],BON,2023-04-11
Bon Natural Life Limited Appoints Wallace Lee as New Chief Financial Officer,"XIAN, China, April  25, 2023  (GLOBE NEWSWIRE) -- Bon Natural Life Limited (Nasdaq: BON) (""BON"" or the ""Company""), one of the leading bio-ingredient solutions providers in the natural, health and personal care industries, is pleased to announce the appointment of Mr. Wallace Lee as Chief Financial Officer (CFO), effective April 17, 2023. Mr. Lee succeeds Zhenchao Li, who stepped down from the role of CFO after a 4-year career with the Company, effective April 17, 2023.",2023-04-25 12:30:00+00:00,https://www.globenewswire.com/news-release/2023/04/25/2653882/0/en/Bon-Natural-Life-Limited-Appoints-Wallace-Lee-as-New-Chief-Financial-Officer.html,GlobeNewswire Inc.,0.18128220985363838,0.3735106163677592,positive,0.18128220985363838,False,False,False,False,False,False,True,False,0.0,551,['BON'],BON,2023-04-25
Changes in the governance of the Bonduelle Group,BONDUELLE,2023-05-02 16:00:00+00:00,https://www.globenewswire.com/news-release/2023/05/02/2659582/0/en/Changes-in-the-governance-of-the-Bonduelle-Group.html,GlobeNewswire Inc.,0.0,0.0,neutral,0.0,False,False,False,False,False,False,False,False,0.0,59,['BON'],BON,2023-05-02
Evolution de la gouvernance du Groupe Bonduelle,BONDUELLE,2023-05-02 16:00:00+00:00,https://www.globenewswire.com/news-release/2023/05/02/2659582/0/fr/Evolution-de-la-gouvernance-du-Groupe-Bonduelle.html,GlobeNewswire Inc.,0.0,0.0,neutral,0.0,False,False,False,False,False,False,False,False,0.0,58,['BON'],BON,2023-05-02
Bonduelle - Quarter 3 FY 2022-2023 Revenue: Slowdown in consumption weighs on revenue growth for Quarter 3,BONDUELLE,2023-05-04 16:00:00+00:00,https://www.globenewswire.com/news-release/2023/05/04/2661869/0/en/Bonduelle-Quarter-3-FY-2022-2023-Revenue-Slowdown-in-consumption-weighs-on-revenue-growth-for-Quarter-3.html,GlobeNewswire Inc.,0.0,0.0,neutral,0.0,True,False,False,False,False,False,False,False,0.0,117,['BON'],BON,2023-05-04
Bonduelle - Chiffre d'Affaires du 3ème trimestre 2022-2023 : Ralentissement de la consommation qui pèse sur la progression du chiffre d'affaires du trimestre,BONDUELLE,2023-05-04 16:00:00+00:00,https://www.globenewswire.com/news-release/2023/05/04/2661869/0/fr/Bonduelle-Chiffre-d-Affaires-du-3%C3%A8me-trimestre-2022-2023-Ralentissement-de-la-consommation-qui-p%C3%A8se-sur-la-progression-du-chiffre-d-affaires-du-trimestre.html,GlobeNewswire Inc.,0.0,0.0,neutral,0.0,False,False,False,False,False,False,False,False,0.0,168,['BON'],BON,2023-05-04
BONDUELLE - Monthly statement of the number of shares and voting rights,"BONDUELLEA French SCA (Partnership Limited by Shares) with a capital of 57 102 699,50 EurosHead Office: La Woestyne 59173 Renescure, FranceRegistered under number: 447 250 044 (Dunkerque Commercial and Companies Register)",2023-05-05 15:45:00+00:00,https://www.globenewswire.com/news-release/2023/05/05/2662710/0/en/BONDUELLE-Monthly-statement-of-the-number-of-shares-and-voting-rights.html,GlobeNewswire Inc.,-0.023809523809523808,0.047619047619047616,neutral,0.023809523809523808,False,False,False,True,False,False,False,False,0.0,294,['BON'],BON,2023-05-05
BONDUELLE - Déclaration mensuelle du nombre d'actions et de droits de vote,BONDUELLE,2023-05-05 15:45:00+00:00,https://www.globenewswire.com/news-release/2023/05/05/2662710/0/fr/BONDUELLE-D%C3%A9claration-mensuelle-du-nombre-d-actions-et-de-droits-de-vote.html,GlobeNewswire Inc.,0.0,0.0,neutral,0.0,False,False,False,False,False,False,False,False,0.0,85,['BON'],BON,2023-05-05
Top 5 Materials Stocks Which Could Rescue Your Portfolio This Quarter,"The most oversold stocks in the materials sector presents an opportunity to buy into undervalued companies.
The RSI is a momentum indicator, which compares a stock's strength on days when prices go up to its strength on days when prices go down. When compared to a stock's price action, it can give traders a better sense of how a stock may perform in the short term. An asset is typically considered oversold when the  RSI is below 30.
Here’s the latest list of major oversold players in this sector, having an RSI near or below 30.
Bon Natural Life Limited  (NASDAQ: BON)

Bon Natural Life named Wallace Lee as new Chief Financial Officer. The company’s stock has a",2023-05-16 12:59:33+00:00,https://www.benzinga.com/news/23/05/32420923/top-5-materials-stocks-which-could-rescue-your-portfolio-this-quarter,Benzinga,0.1470141895141895,0.39241943241943245,positive,0.1470141895141895,False,True,True,False,False,False,False,False,0.0,738,"['BON', 'IPI', 'MOS', 'TROX', 'TSE']",BON,2023-05-16
Bonduelle - Arrivée de Xavier Unkovic à la Direction Générale du Groupe Bonduelle,BONDUELLE,2023-05-22 16:00:00+00:00,https://www.globenewswire.com/news-release/2023/05/22/2673668/0/fr/Bonduelle-Arriv%C3%A9e-de-Xavier-Unkovic-%C3%A0-la-Direction-G%C3%A9n%C3%A9rale-du-Groupe-Bonduelle.html,GlobeNewswire Inc.,0.0,0.0,neutral,0.0,False,False,False,False,False,False,False,False,0.0,92,['BON'],BON,2023-05-22
Bonduelle - Arrival of Xavier Unkovic as CEO of the Bonduelle Group,BONDUELLE,2023-05-22 16:00:00+00:00,https://www.globenewswire.com/news-release/2023/05/22/2673668/0/en/Bonduelle-Arrival-of-Xavier-Unkovic-as-CEO-of-the-Bonduelle-Group.html,GlobeNewswire Inc.,0.0,0.0,neutral,0.0,False,False,False,False,False,False,True,False,0.0,78,['BON'],BON,2023-05-22
Bon Natural Life Limited Voted as Vice Chairman Unit of Plant Extract Association,"XI’AN, China, May  26, 2023  (GLOBE NEWSWIRE) -- Bon Natural Life Limited (Nasdaq: BON) (""BON"" or the ""Company""), one of the leading bio-ingredient solutions providers in the natural, health and personal care industries, today announced that the Company’s Chairman and CEO – Mr. Yongwei Hu has been elected as the Vice Chairman of Plant Extract Association of China Chamber of Commerce for Import & Export of Medicines & Health Products (“CCCMHPIE”) and BON has been voted as the Vice Chairman Unit.",2023-05-26 13:30:00+00:00,https://www.globenewswire.com/news-release/2023/05/26/2677163/0/en/Bon-Natural-Life-Limited-Voted-as-Vice-Chairman-Unit-of-Plant-Extract-Association.html,GlobeNewswire Inc.,0.026190476190476195,0.2976190476190476,neutral,0.026190476190476195,False,False,False,False,True,False,True,False,0.0,582,['BON'],BON,2023-05-26
Bon Natural Life Limited Launches Three New Cruciferous Vegetable-Based Powder Drinks,"XI'AN, China, June  02, 2023  (GLOBE NEWSWIRE) -- Bon Natural Life Limited (Nasdaq: BON) (""BON"" or the ""Company""), one of the leading bio-ingredient solutions providers in the natural, health and personal care industries, today announced the launch of three powder drinks to its cruciferous vegetable-based health supplement series. The new powder drinks include: broccoli seed caffeine powder drink, broccoli seed coconut powder drink, and broccoli seed green tea powder drink.",2023-06-02 12:30:00+00:00,https://www.globenewswire.com/news-release/2023/06/02/2681134/0/en/Bon-Natural-Life-Limited-Launches-Three-New-Cruciferous-Vegetable-Based-Powder-Drinks.html,GlobeNewswire Inc.,0.025541125541125538,0.33275613275613275,neutral,0.025541125541125538,False,False,False,False,True,False,False,False,0.0,565,['BON'],BON,2023-06-02
BONDUELLE - Déclaration mensuelle du nombre d'actions et de droits de vote,BONDUELLE,2023-06-07 15:45:00+00:00,https://www.globenewswire.com/news-release/2023/06/07/2684044/0/fr/BONDUELLE-D%C3%A9claration-mensuelle-du-nombre-d-actions-et-de-droits-de-vote.html,GlobeNewswire Inc.,0.0,0.0,neutral,0.0,False,False,False,False,False,False,False,False,0.0,85,['BON'],BON,2023-06-07
BONDUELLE - Monthly statement of the number of shares and voting rights,BONDUELLE,2023-06-07 15:45:00+00:00,https://www.globenewswire.com/news-release/2023/06/07/2684044/0/en/BONDUELLE-Monthly-statement-of-the-number-of-shares-and-voting-rights.html,GlobeNewswire Inc.,0.0,0.0,neutral,0.0,False,False,False,False,False,False,False,False,0.0,82,['BON'],BON,2023-06-07
Bon Natural Life Limited Receives NASDAQ Notification Regarding Minimum Bid Deficiency,"XI'AN, China, June  21, 2023  (GLOBE NEWSWIRE) -- Bon Natural Life Limited (Nasdaq: BON) (""BON"" or the ""Company""), one of the leading bio-ingredient solutions providers in the natural, health and personal care industries, today announced that the Company received a written notification (the “Notification Letter”) from the Nasdaq Stock Market LLC (“Nasdaq”) on June 12, 2023, notifying the Company that it is not in compliance with the minimum bid price requirement set forth in Nasdaq Rules for continued listing on the Nasdaq.",2023-06-21 20:30:00+00:00,https://www.globenewswire.com/news-release/2023/06/21/2692515/0/en/Bon-Natural-Life-Limited-Receives-NASDAQ-Notification-Regarding-Minimum-Bid-Deficiency.html,GlobeNewswire Inc.,0.026190476190476195,0.2976190476190476,neutral,0.026190476190476195,False,False,False,False,False,False,False,False,0.0,617,['BON'],BON,2023-06-21
BONDUELLE - Monthly statement of the number of shares and voting rights,BONDUELLE,2023-07-05 15:45:00+00:00,https://www.globenewswire.com/news-release/2023/07/05/2699727/0/en/BONDUELLE-Monthly-statement-of-the-number-of-shares-and-voting-rights.html,GlobeNewswire Inc.,0.0,0.0,neutral,0.0,False,False,False,False,False,False,False,False,0.0,82,['BON'],BON,2023-07-05
BONDUELLE - Déclaration mensuelle du nombre d'actions et de droits de vote,BONDUELLE,2023-07-05 15:45:00+00:00,https://www.globenewswire.com/news-release/2023/07/05/2699727/0/fr/BONDUELLE-D%C3%A9claration-mensuelle-du-nombre-d-actions-et-de-droits-de-vote.html,GlobeNewswire Inc.,0.0,0.0,neutral,0.0,False,False,False,False,False,False,False,False,0.0,85,['BON'],BON,2023-07-05
Bon Natural Life Limited Receives NASDAQ Notification Regarding Independent Board Requirement,"XI’AN, China, July  07, 2023  (GLOBE NEWSWIRE) -- Bon Natural Life Limited (Nasdaq: BON) (""BON"" or the ""Company""), one of the leading bio-ingredient solutions providers in the natural, health and personal care industries, today announced that the Company received a letter (the “Notification Letter”) from the Nasdaq Stock Market LLC (“Nasdaq”) on June 30, 2023, due to the resignations of Messrs. James Edward Burns, Lawrence W. Leighton, and Jeffrey J. Guzy from the Company’s Board of Directors and respective committee assignments effective May 19, June 26, and June 28, 2023, respectively, the Company no longer complies with Nasdaq’s majority independent board and independent audit, compensation, and nominating committee requirements as set forth in Listing Rule 5605.",2023-07-07 20:30:00+00:00,https://www.globenewswire.com/news-release/2023/07/07/2701341/0/en/Bon-Natural-Life-Limited-Receives-NASDAQ-Notification-Regarding-Independent-Board-Requirement.html,GlobeNewswire Inc.,0.04862637362637363,0.271978021978022,neutral,0.04862637362637363,False,False,False,False,False,False,True,False,0.0,871,['BON'],BON,2023-07-07
Bonduelle - Chiffre d'affaires annuel 2022-2023 : Croissance de l'activité conforme aux perspectives dans un environnement de consommation défavorable,BONDUELLE,2023-08-01 16:00:00+00:00,https://www.globenewswire.com/news-release/2023/08/01/2716201/0/fr/Bonduelle-Chiffre-d-affaires-annuel-2022-2023-Croissance-de-l-activit%C3%A9-conforme-aux-perspectives-dans-un-environnement-de-consommation-d%C3%A9favorable.html,GlobeNewswire Inc.,0.0,0.0,neutral,0.0,False,False,False,False,False,False,False,False,0.0,161,['BON'],BON,2023-08-01
Bonduelle - 2022-2023 Financial Year Revenue : Business growth in line with outlooks in an unfavorable consumer environment,BONDUELLE,2023-08-01 16:00:00+00:00,https://www.globenewswire.com/news-release/2023/08/01/2716201/0/en/Bonduelle-2022-2023-Financial-Year-Revenue-Business-growth-in-line-with-outlooks-in-an-unfavorable-consumer-environment.html,GlobeNewswire Inc.,0.0,0.0,neutral,0.0,True,False,False,False,False,False,False,False,0.0,134,['BON'],BON,2023-08-01
BONDUELLE - Déclaration mensuelle du nombre d'actions et de droits de vote,BONDUELLE,2023-08-10 15:45:00+00:00,https://www.globenewswire.com/news-release/2023/08/10/2722959/0/fr/BONDUELLE-D%C3%A9claration-mensuelle-du-nombre-d-actions-et-de-droits-de-vote.html,GlobeNewswire Inc.,0.0,0.0,neutral,0.0,False,False,False,False,False,False,False,False,0.0,85,['BON'],BON,2023-08-10
BONDUELLE - Monthly statement of the number of shares and voting rights,"BONDUELLEA French SCA (Partnership Limited by Shares) with a capital of 57 102 699,50 EurosHead Office: La Woestyne 59173 Renescure, FranceRegistered under number: 447 250 044 (Dunkerque Commercial and Companies Register)",2023-08-10 15:45:00+00:00,https://www.globenewswire.com/news-release/2023/08/10/2722959/0/en/BONDUELLE-Monthly-statement-of-the-number-of-shares-and-voting-rights.html,GlobeNewswire Inc.,-0.023809523809523808,0.047619047619047616,neutral,0.023809523809523808,False,False,False,True,False,False,False,False,0.0,294,['BON'],BON,2023-08-10
BONDUELLE - Déclaration mensuelle du nombre d'actions et de droits de vote,BONDUELLE,2023-09-08 15:45:00+00:00,https://www.globenewswire.com/news-release/2023/09/08/2740219/0/fr/BONDUELLE-D%C3%A9claration-mensuelle-du-nombre-d-actions-et-de-droits-de-vote.html,GlobeNewswire Inc.,0.0,0.0,neutral,0.0,False,False,False,False,False,False,False,False,0.0,85,['BON'],BON,2023-09-08
BONDUELLE - Monthly statement of the number of shares and voting rights,BONDUELLE,2023-09-08 15:45:00+00:00,https://www.globenewswire.com/news-release/2023/09/08/2740219/0/en/BONDUELLE-Monthly-statement-of-the-number-of-shares-and-voting-rights.html,GlobeNewswire Inc.,0.0,0.0,neutral,0.0,False,False,False,False,False,False,False,False,0.0,82,['BON'],BON,2023-09-08
Bon Natural Life Limited Announces Record First Half-Year Revenue and Net Income,"XI’AN, China, Sept.  11, 2023  (GLOBE NEWSWIRE) -- Bon Natural Life Limited (Nasdaq: BON) (“BON” or the “Company”), one of the leading bio-ingredient solutions providers in the natural, health and personal care industries, today announced its half-year financial results for the six months ended March 31, 2023.",2023-09-11 15:37:00+00:00,https://www.globenewswire.com/news-release/2023/09/11/2741022/0/en/Bon-Natural-Life-Limited-Announces-Record-First-Half-Year-Revenue-and-Net-Income.html,GlobeNewswire Inc.,0.04523809523809524,0.2354497354497354,neutral,0.04523809523809524,True,False,False,False,False,False,False,False,0.0,393,['BON'],BON,2023-09-11
Bonduelle - Projet de simplification de la structure de contrôle de la société Bonduelle SCA,BONDUELLE,2023-09-15 15:45:00+00:00,https://www.globenewswire.com/news-release/2023/09/15/2744132/0/fr/Bonduelle-Projet-de-simplification-de-la-structure-de-contr%C3%B4le-de-la-soci%C3%A9t%C3%A9-Bonduelle-SCA.html,GlobeNewswire Inc.,0.0,0.0,neutral,0.0,False,False,False,False,False,False,False,False,0.0,103,['BON'],BON,2023-09-15
Bonduelle - 2022-2023 Annual Results: Growth in the Bonduelle Group's business and profitability in 2022-2023,BONDUELLE,2023-09-29 16:00:00+00:00,https://www.globenewswire.com/news-release/2023/09/29/2752164/0/en/Bonduelle-2022-2023-Annual-Results-Growth-in-the-Bonduelle-Group-s-business-and-profitability-in-2022-2023.html,GlobeNewswire Inc.,0.0,0.0,neutral,0.0,True,False,False,False,False,False,False,False,0.0,120,['BON'],BON,2023-09-29
Bonduelle - Résultats Annuels 2022-2023: Progression de l'activité et de la rentabilité du Groupe Bonduelle en 2022-2023,BONDUELLE,2023-09-29 16:00:00+00:00,https://www.globenewswire.com/news-release/2023/09/29/2752164/0/fr/Bonduelle-R%C3%A9sultats-Annuels-2022-2023-Progression-de-l-activit%C3%A9-et-de-la-rentabilit%C3%A9-du-Groupe-Bonduelle-en-2022-2023.html,GlobeNewswire Inc.,0.0,0.0,neutral,0.0,False,False,False,False,False,False,False,False,0.0,131,['BON'],BON,2023-09-29
Bon Natural Life Limited Announces Signing MOU for Distributing Jiangwang Spirits in China,Bon Natural Life Limited AnnouncesSigning MOU for Distributing Jiangwang Spirits in China,2023-10-06 13:00:00+00:00,https://www.globenewswire.com/news-release/2023/10/06/2756109/0/en/Bon-Natural-Life-Limited-Announces-Signing-MOU-for-Distributing-Jiangwang-Spirits-in-China.html,GlobeNewswire Inc.,0.01428571428571429,0.27142857142857146,neutral,0.01428571428571429,False,False,False,False,False,False,False,False,0.0,181,['BON'],BON,2023-10-06
Bon Natural Life Limited Announces Signing MOU for Distributing Jiangwang Spirits in China,"XI’AN, China, Oct.  06, 2023  (GLOBE NEWSWIRE) -- Bon Natural Life Limited (Nasdaq: BON) (""BON"" or the ""Company""), one of the leading bio-ingredient solutions providers in the natural, health and personal care industries, today announced the signing of a Memorandum of Understanding with Guangdong Jiangwang International Holdings Limited (“Jiangwang”) . This MOU allows the parties to negotiate the terms and conditions of a definitive agreement for BON to distribute Jiangwang’s Chinese White Spirits (“Spirits”) and other related health products in China Markets.",2023-10-06 13:00:00+00:00,https://www.globenewswire.com/news-release/2023/10/06/2756111/0/en/Bon-Natural-Life-Limited-Announces-Signing-MOU-for-Distributing-Jiangwang-Spirits-in-China.html,GlobeNewswire Inc.,-0.0032738095238095213,0.22529761904761905,neutral,0.0032738095238095213,False,False,False,False,True,False,False,False,0.0,658,['BON'],BON,2023-10-06
西安天美生物宣布与酱王签订有关分销酱王白酒及相关健康产品的谅解备忘录,"西安，中国, Oct.  06, 2023  (GLOBE NEWSWIRE) -- 西安天美生物 （纳斯达克：BON），天然、健康和个人护理行业领先的生物成分解决方案提供商之一，今天宣布与广东酱王国际控股有限公司（“酱王”）签署了一份谅解备忘录。该谅解备忘录允许双方就BON在中国地区销售酱王白酒产品及相关健康产品的最终协议的条款和条件进行谈判。",2023-10-06 13:00:00+00:00,https://www.globenewswire.com/news-release/2023/10/06/2756111/0/zh-hans/%E8%A5%BF%E5%AE%89%E5%A4%A9%E7%BE%8E%E7%94%9F%E7%89%A9%E5%AE%A3%E5%B8%83%E4%B8%8E%E9%85%B1%E7%8E%8B%E7%AD%BE%E8%AE%A2%E6%9C%89%E5%85%B3%E5%88%86%E9%94%80%E9%85%B1%E7%8E%8B%E7%99%BD%E9%85%92%E5%8F%8A%E7%9B%B8%E5%85%B3%E5%81%A5%E5%BA%B7%E4%BA%A7%E5%93%81%E7%9A%84%E8%B0%85%E8%A7%A3%E5%A4%87%E5%BF%98%E5%BD%95.html,GlobeNewswire Inc.,0.0,0.0,neutral,0.0,False,False,False,False,False,False,False,False,0.0,210,['BON'],BON,2023-10-06
BONDUELLE - Déclaration mensuelle du nombre d'actions et de droits de vote,BONDUELLE,2023-10-12 15:45:00+00:00,https://www.globenewswire.com/news-release/2023/10/12/2759489/0/fr/BONDUELLE-D%C3%A9claration-mensuelle-du-nombre-d-actions-et-de-droits-de-vote.html,GlobeNewswire Inc.,0.0,0.0,neutral,0.0,False,False,False,False,False,False,False,False,0.0,85,['BON'],BON,2023-10-12
BONDUELLE - Monthly statement of the number of shares and voting rights,BONDUELLE,2023-10-12 15:45:00+00:00,https://www.globenewswire.com/news-release/2023/10/12/2759489/0/en/BONDUELLE-Monthly-statement-of-the-number-of-shares-and-voting-rights.html,GlobeNewswire Inc.,0.0,0.0,neutral,0.0,False,False,False,False,False,False,False,False,0.0,82,['BON'],BON,2023-10-12
Bonduelle - Statement of availability of 2022-2023 Universal Registration Document,BONDUELLE,2023-10-20 15:45:00+00:00,https://www.globenewswire.com/news-release/2023/10/20/2764136/0/en/Bonduelle-Statement-of-availability-of-2022-2023-Universal-Registration-Document.html,GlobeNewswire Inc.,0.0,0.0,neutral,0.0,False,False,False,False,False,False,False,False,0.0,93,['BON'],BON,2023-10-20
Bonduelle - Mise à disposition du document d'enregistrement universel 2022-2023,BONDUELLE,2023-10-20 15:45:00+00:00,https://www.globenewswire.com/news-release/2023/10/20/2764136/0/fr/Bonduelle-Mise-%C3%A0-disposition-du-document-d-enregistrement-universel-2022-2023.html,GlobeNewswire Inc.,0.0,0.0,neutral,0.0,False,False,False,False,False,False,False,False,0.0,90,['BON'],BON,2023-10-20
Bonduelle - Information on the liquidity agreement as of 10.23.2023,BONDUELLE,2023-10-23 15:45:00+00:00,https://www.globenewswire.com/news-release/2023/10/23/2764965/0/en/Bonduelle-Information-on-the-liquidity-agreement-as-of-10-23-2023.html,GlobeNewswire Inc.,0.0,0.0,neutral,0.0,False,False,False,False,False,False,False,False,0.0,78,['BON'],BON,2023-10-23
Bonduelle - Information relative au contrat de liquidité au 23.10.2023,BONDUELLE,2023-10-23 15:45:00+00:00,https://www.globenewswire.com/news-release/2023/10/23/2764965/0/fr/Bonduelle-Information-relative-au-contrat-de-liquidit%C3%A9-au-23-10-2023.html,GlobeNewswire Inc.,0.0,0.0,neutral,0.0,False,False,False,False,False,False,False,False,0.0,81,['BON'],BON,2023-10-23
Bonduelle - Avis de projet de fusion Bonduelle SCA et La Plaine,BONDUELLE,2023-11-07 16:45:00+00:00,https://www.globenewswire.com/news-release/2023/11/07/2775373/0/fr/Bonduelle-Avis-de-projet-de-fusion-Bonduelle-SCA-et-La-Plaine.html,GlobeNewswire Inc.,0.0,0.0,neutral,0.0,False,False,False,False,False,False,False,False,0.0,74,['BON'],BON,2023-11-07
"Bonduelle - Combined General Meeting of December 7, 2023: Statement of availability of documents",BONDUELLE,2023-11-07 16:45:00+00:00,https://www.globenewswire.com/news-release/2023/11/07/2775374/0/en/Bonduelle-Combined-General-Meeting-of-December-7-2023-Statement-of-availability-of-documents.html,GlobeNewswire Inc.,0.05000000000000002,0.5,neutral,0.05000000000000002,False,False,False,False,False,False,False,False,0.0,107,['BON'],BON,2023-11-07
Bonduelle - Assemblée générale mixte du 7 décembre 2023 : Modalités de mise à disposition des documents préparatoires et dépôt d'un document d'exemption,BONDUELLE,2023-11-07 16:45:00+00:00,https://www.globenewswire.com/news-release/2023/11/07/2775374/0/fr/Bonduelle-Assembl%C3%A9e-g%C3%A9n%C3%A9rale-mixte-du-7-d%C3%A9cembre-2023-Modalit%C3%A9s-de-mise-%C3%A0-disposition-des-documents-pr%C3%A9paratoires-et-d%C3%A9p%C3%B4t-d-un-document-d-exemption.html,GlobeNewswire Inc.,0.0,0.0,neutral,0.0,False,False,False,False,False,False,False,False,0.0,163,['BON'],BON,2023-11-07
Bonduelle - Chiffre d'affaires du 1er trimestre 2023-2024: Croissance de l'activité conforme à l'objectif annuel,BONDUELLE,2023-11-07 17:00:00+00:00,https://www.globenewswire.com/news-release/2023/11/07/2775395/0/fr/Bonduelle-Chiffre-d-affaires-du-1er-trimestre-2023-2024-Croissance-de-l-activit%C3%A9-conforme-%C3%A0-l-objectif-annuel.html,GlobeNewswire Inc.,0.0,0.0,neutral,0.0,False,False,False,False,False,False,False,False,0.0,123,['BON'],BON,2023-11-07
Bonduelle - First Quarter FY 2023-2024 Revenue: Business growth in line with annual target,BONDUELLE,2023-11-07 17:00:00+00:00,https://www.globenewswire.com/news-release/2023/11/07/2775395/0/en/Bonduelle-First-Quarter-FY-2023-2024-Revenue-Business-growth-in-line-with-annual-target.html,GlobeNewswire Inc.,0.25,0.3333333333333333,positive,0.25,True,False,False,False,False,False,False,False,0.0,101,['BON'],BON,2023-11-07
BONDUELLE - Déclaration mensuelle du nombre d'actions et de droits de vote,BONDUELLE,2023-11-09 16:45:00+00:00,https://www.globenewswire.com/news-release/2023/11/09/2777626/0/fr/BONDUELLE-D%C3%A9claration-mensuelle-du-nombre-d-actions-et-de-droits-de-vote.html,GlobeNewswire Inc.,0.0,0.0,neutral,0.0,False,False,False,False,False,False,False,False,0.0,85,['BON'],BON,2023-11-09
BONDUELLE - Monthly statement of the number of shares and voting rights,BONDUELLE,2023-11-09 16:45:00+00:00,https://www.globenewswire.com/news-release/2023/11/09/2777626/0/en/BONDUELLE-Monthly-statement-of-the-number-of-shares-and-voting-rights.html,GlobeNewswire Inc.,0.0,0.0,neutral,0.0,False,False,False,False,False,False,False,False,0.0,82,['BON'],BON,2023-11-09
Bon Natural Life Limited Announces $45 Million Broccoli Product Order with Beijing Huahai Keyuan,"XI’AN, China, Dec.  05, 2023  (GLOBE NEWSWIRE) -- Bon Natural Life Limited (Nasdaq: BON) (""BON"" or the ""Company""), one of the leading bio-ingredient solutions providers in the natural, health and personal care industries, today announced that it has entered into a sales distributing contract with Beijing Huahai Keyuan Technology Co. Ltd. (“Huahai”). The contract grants Huahai the priority rights to sell BON’s broccoli products in the Chinese market with a total product value of US$45 million.",2023-12-05 14:00:00+00:00,https://www.globenewswire.com/news-release/2023/12/05/2790965/0/en/Bon-Natural-Life-Limited-Announces-45-Million-Broccoli-Product-Order-with-Beijing-Huahai-Keyuan.html,GlobeNewswire Inc.,0.019642857142857146,0.3169642857142857,neutral,0.019642857142857146,False,False,False,False,True,False,False,False,0.0,595,['BON'],BON,2023-12-05
BONDUELLE - Monthly statement of the number of shares and voting rights,BONDUELLE,2023-12-05 16:45:00+00:00,https://www.globenewswire.com/news-release/2023/12/05/2791215/0/en/BONDUELLE-Monthly-statement-of-the-number-of-shares-and-voting-rights.html,GlobeNewswire Inc.,0.0,0.0,neutral,0.0,False,False,False,False,False,False,False,False,0.0,82,['BON'],BON,2023-12-05
BONDUELLE - Déclaration mensuelle du nombre d'actions et de droits de vote,BONDUELLE,2023-12-05 16:45:00+00:00,https://www.globenewswire.com/news-release/2023/12/05/2791215/0/fr/BONDUELLE-D%C3%A9claration-mensuelle-du-nombre-d-actions-et-de-droits-de-vote.html,GlobeNewswire Inc.,0.0,0.0,neutral,0.0,False,False,False,False,False,False,False,False,0.0,85,['BON'],BON,2023-12-05
Bonduelle - Réalisation de la fusion-absorption de la société La Plaine SA par la société Bonduelle SCA,BONDUELLE,2023-12-08 07:15:00+00:00,https://www.globenewswire.com/news-release/2023/12/08/2793001/0/fr/Bonduelle-R%C3%A9alisation-de-la-fusion-absorption-de-la-soci%C3%A9t%C3%A9-La-Plaine-SA-par-la-soci%C3%A9t%C3%A9-Bonduelle-SCA.html,GlobeNewswire Inc.,0.0,0.0,neutral,0.0,False,False,False,False,False,False,False,False,0.0,114,['BON'],BON,2023-12-08
BONDUELLE - Déclaration du nombre d'actions et de droits de vote post fusion,BONDUELLE,2023-12-08 16:45:00+00:00,https://www.globenewswire.com/news-release/2023/12/08/2793315/0/fr/BONDUELLE-D%C3%A9claration-du-nombre-d-actions-et-de-droits-de-vote-post-fusion.html,GlobeNewswire Inc.,0.0,0.0,neutral,0.0,False,False,False,False,False,False,False,False,0.0,87,['BON'],BON,2023-12-08
BONDUELLE - Post merger statement of the number of shares and voting rights,BONDUELLE,2023-12-08 16:45:00+00:00,https://www.globenewswire.com/news-release/2023/12/08/2793315/0/en/BONDUELLE-Post-merger-statement-of-the-number-of-shares-and-voting-rights.html,GlobeNewswire Inc.,0.0,0.0,neutral,0.0,False,True,False,False,False,False,False,False,0.0,86,['BON'],BON,2023-12-08
"Bon Natural Life Limited Announces Major Breakthrough in Apple Polyphenol Technology, Set to Boost Fiscal 2024 Sales","Bon Natural Life Limited Announces Major Breakthrough in Apple Polyphenol Technology, Set to Boost Fiscal 2024 Sales",2023-12-12 14:00:00+00:00,https://www.globenewswire.com/news-release/2023/12/12/2794766/0/en/Bon-Natural-Life-Limited-Announces-Major-Breakthrough-in-Apple-Polyphenol-Technology-Set-to-Boost-Fiscal-2024-Sales.html,GlobeNewswire Inc.,0.03035714285714286,0.34761904761904766,neutral,0.03035714285714286,False,False,False,False,False,False,False,False,0.0,234,['BON'],BON,2023-12-12
Why Johnson Controls International Shares Are Trading Lower By Over 6%? Here Are Other Stocks Moving In Tuesday's Mid-Day Session,"Shares of Johnson Controls International plc (NYSE: JCI) moved lower during Tuesday’s session following weak quarterly results.
Johnson Controls reported fourth-quarter FY23 sales growth of 2.7% year-on-year to $6.91 billion (+2% organically), missing the consensus of $7.09 billion. Adjusted EPS of $1.05 (+6% Y/Y) below the consensus of $1.09, according to Benzinga Pro.
Johnson Controls International shares fell 6.2% to $53.05 on Tuesday.
Here are some other stocks moving in today's mid-day session.
Gainers

Aditxt, Inc.  (NASDAQ: ADTX) shares jumped 140.5% to $9.14 after the company entered into definitive agreement to acquire Evofem Biosciences.
C4 Therapeutics, Inc. (NASDAQ: CCCC) gained 57.5% to $1.8590 after the company announced a license and research collaboration with Merck to discover and develop degrader-antibody conjugates.
Candel Therapeutics, Inc. (NASDAQ: CADL) shares climbed 48% to $1.24 after the company announced it received FDA Fast Track Designation for CAN-2409 in pancreatic cancer.
Icosavax, Inc.  (NASDAQ: ICVX) rose climbed 47.1% to $15.43 after AstraZeneca announced plans to buy Icosavax in a deal valued at up to $1.1 billion. Concurrently, Icosavax released topline interim results for its Phase 2 study of IVX-A12, a combination virus-like particle (VLP) vaccine candidate targeting both respiratory syncytial virus (RSV) and human metapneumovirus (hMPV).
Clean Earth Acquisitions Corp. (NASDAQ: CLIN) gained 41.3% to $6.71. Clean Earth and Alternus Energy announced continuation of business combination close process.
Bruush Oral Care Inc. (NASDAQ: BRSH) shares rose 24.1% to $0.2022 after gaining over 5% on Monday.
Spectaire Holdings Inc. (NASDAQ: SPEC) gained 23.7% to ...",2023-12-12 18:22:22+00:00,https://www.benzinga.com/news/23/12/36203637/why-johnson-controls-international-shares-are-trading-lower-by-over-6-here-are-other-stocks-moving-i,Benzinga,0.09345238095238095,0.3946428571428572,neutral,0.09345238095238095,False,True,True,False,True,False,False,False,0.0,1850,"['BRSH', 'SBOW', 'HPCO', 'CMND', 'NOGN', 'BON', 'ACHV', 'HRYU', 'CLNE', 'ADTX', 'PAPL', 'EGLE', 'HCDI', 'CAVA', 'ORCL', 'BQ', 'SVMH', 'SPEC', 'ADEX', 'AAGR', 'JCI', 'GOTU', 'ODC', 'LCID', 'ICG', 'CADL', 'GGE', 'ICVX', 'CCCC', 'INAB', 'CLIN', 'IONM', 'ACLX', 'GPRO', 'KNTK', 'APPS', 'IXHL', 'BLBD']",BON,2023-12-12
BONDUELLE - Monthly statement of the number of shares and voting rights,BONDUELLE,2024-01-11 16:45:00+00:00,https://www.globenewswire.com/news-release/2024/01/11/2808182/0/en/BONDUELLE-Monthly-statement-of-the-number-of-shares-and-voting-rights.html,GlobeNewswire Inc.,0.0,0.0,neutral,0.0,False,False,False,False,False,False,False,False,0.0,82,['BON'],BON,2024-01-11
BONDUELLE - Déclaration mensuelle du nombre d'actions et de droits de vote,BONDUELLE,2024-01-11 16:45:00+00:00,https://www.globenewswire.com/news-release/2024/01/11/2808182/0/fr/BONDUELLE-D%C3%A9claration-mensuelle-du-nombre-d-actions-et-de-droits-de-vote.html,GlobeNewswire Inc.,0.0,0.0,neutral,0.0,False,False,False,False,False,False,False,False,0.0,85,['BON'],BON,2024-01-11
Bonduelle - 2023-2024 First Half Year Revenue: Revenue in line with targets in a climate of consumption under pressure,BONDUELLE,2024-02-01 17:00:00+00:00,https://www.globenewswire.com/news-release/2024/02/01/2822297/0/en/Bonduelle-2023-2024-First-Half-Year-Revenue-Revenue-in-line-with-targets-in-a-climate-of-consumption-under-pressure.html,GlobeNewswire Inc.,0.04166666666666667,0.25,neutral,0.04166666666666667,True,False,False,False,False,False,False,False,0.0,129,['BON'],BON,2024-02-01
Bonduelle - Chiffre d'affaires du 1er semestre 2023-2024 : Un chiffre d’affaires en ligne avec les objectifs dans un climat de consommation sous pression,BONDUELLE,2024-02-01 17:00:00+00:00,https://www.globenewswire.com/news-release/2024/02/01/2822297/0/fr/Bonduelle-Chiffre-d-affaires-du-1er-semestre-2023-2024-Un-chiffre-d-affaires-en-ligne-avec-les-objectifs-dans-un-climat-de-consommation-sous-pression.html,GlobeNewswire Inc.,0.0,0.0,neutral,0.0,False,False,False,False,False,False,False,False,0.0,164,['BON'],BON,2024-02-01
BONDUELLE - Monthly statement of the number of shares and voting rights,BONDUELLE,2024-02-09 16:45:00+00:00,https://www.globenewswire.com/news-release/2024/02/09/2826945/0/en/BONDUELLE-Monthly-statement-of-the-number-of-shares-and-voting-rights.html,GlobeNewswire Inc.,0.0,0.0,neutral,0.0,False,False,False,False,False,False,False,False,0.0,82,['BON'],BON,2024-02-09
BONDUELLE - Déclaration mensuelle du nombre d'actions et de droits de vote,BONDUELLE,2024-02-09 16:45:00+00:00,https://www.globenewswire.com/news-release/2024/02/09/2826945/0/fr/BONDUELLE-D%C3%A9claration-mensuelle-du-nombre-d-actions-et-de-droits-de-vote.html,GlobeNewswire Inc.,0.0,0.0,neutral,0.0,False,False,False,False,False,False,False,False,0.0,85,['BON'],BON,2024-02-09
Bonduelle - Résultats du 1er semestre 2023-2024 : Un chiffre d'affaires et une rentabilité en ligne avec les objectifs annuels dans un climat de consommation sous pression,BONDUELLE,2024-02-29 17:00:00+00:00,https://www.globenewswire.com/news-release/2024/02/29/2838258/0/fr/Bonduelle-R%C3%A9sultats-du-1er-semestre-2023-2024-Un-chiffre-d-affaires-et-une-rentabilit%C3%A9-en-ligne-avec-les-objectifs-annuels-dans-un-climat-de-consommation-sous-pression.html,GlobeNewswire Inc.,0.0,0.0,neutral,0.0,False,False,False,False,False,False,False,False,0.0,182,['BON'],BON,2024-02-29
Bonduelle - 2023-2024 First Half Year Financial Results: Revenue and profitability in line with annual targets in a climate of consumption under pressure,BONDUELLE,2024-02-29 17:00:00+00:00,https://www.globenewswire.com/news-release/2024/02/29/2838258/0/en/Bonduelle-2023-2024-First-Half-Year-Financial-Results-Revenue-and-profitability-in-line-with-annual-targets-in-a-climate-of-consumption-under-pressure.html,GlobeNewswire Inc.,0.02777777777777778,0.16666666666666666,neutral,0.02777777777777778,True,False,False,False,False,False,False,False,0.0,164,['BON'],BON,2024-02-29
Bonduelle - Mise à disposition du rapport financier semestriel au 31 décembre 2023,BONDUELLE,2024-03-01 08:45:00+00:00,https://www.globenewswire.com/news-release/2024/03/01/2838612/0/fr/Bonduelle-Mise-%C3%A0-disposition-du-rapport-financier-semestriel-au-31-d%C3%A9cembre-2023.html,GlobeNewswire Inc.,0.0,0.0,neutral,0.0,False,False,False,False,False,False,False,False,0.0,93,['BON'],BON,2024-03-01
"Bonduelle - Statement of availability of the Half-Year Financial Report on December 31, 2023",BONDUELLE,2024-03-01 08:45:00+00:00,https://www.globenewswire.com/news-release/2024/03/01/2838612/0/en/Bonduelle-Statement-of-availability-of-the-Half-Year-Financial-Report-on-December-31-2023.html,GlobeNewswire Inc.,0.0,0.0,neutral,0.0,False,False,False,False,False,False,False,False,0.0,103,['BON'],BON,2024-03-01
BONDUELLE - Déclaration mensuelle du nombre d'actions et de droits de vote,BONDUELLE,2024-03-07 16:45:00+00:00,https://www.globenewswire.com/news-release/2024/03/07/2842506/0/fr/BONDUELLE-D%C3%A9claration-mensuelle-du-nombre-d-actions-et-de-droits-de-vote.html,GlobeNewswire Inc.,0.0,0.0,neutral,0.0,False,False,False,False,False,False,False,False,0.0,85,['BON'],BON,2024-03-07
BONDUELLE - Monthly statement of the number of shares and voting rights,BONDUELLE,2024-03-07 16:45:00+00:00,https://www.globenewswire.com/news-release/2024/03/07/2842506/0/en/BONDUELLE-Monthly-statement-of-the-number-of-shares-and-voting-rights.html,GlobeNewswire Inc.,0.0,0.0,neutral,0.0,False,False,False,False,False,False,False,False,0.0,82,['BON'],BON,2024-03-07
Why Fangdd Network Group Shares Are Trading Higher By Around 78%; Here Are 20 Stocks Moving Premarket,"Shares of  Fangdd Network Group Ltd. (NASDAQ: DUO) rose sharply in today’s pre-market trading after the company announced its 2024 strategic layout with plans to enter the real estate stock asset services sector.
Fangdd Network Group shares jumped 78.3% to $1.08 in pre-market trading
Here are some other stocks moving in pre-market trading.
Gainers

Kidpik Corp. (NASDAQ: PIK) gained 311% to $11.10 in pre-market trading. Kidpik recently announced a 1-for 5 reverse stock split.
Auddia Inc. (NASDAQ: AUUD) shares rose 50.1% to $4.64 in pre-market trading after falling over 8% on Friday.
Mesoblast Limited (NASDAQ: MESO) rose 28.4% to $2.76 in pre-market trading after the company said that the FDA supports an accelerated approval pathway for Rexlemestrocel-l in end-stage heart failure patients with a left ventricular assist device.
TC Biopharm (Holdings) Plc (NASDAQ: TCBP) gained 23.6% to $1.31 in pre-market trading.
Graphite Bio, Inc. (NASDAQ: GRPH) climbed 19.4% to $3.75 in pre-market trading. Graphite Bio declared a special dividend in connection with proposed merger with Lenz Therapeutics.
GDS Holdings ...",2024-03-11 12:08:43+00:00,https://www.benzinga.com/news/24/03/37582855/why-fangdd-network-group-shares-are-trading-higher-by-around-78-here-are-20-stocks-moving-premarket,Benzinga,0.1640873015873016,0.5032738095238095,positive,0.1640873015873016,False,True,True,False,False,True,False,False,0.0,1223,"['TCBP', 'LYT', 'BON', 'SGD', 'PBM', 'SVMH', 'KC', 'CERO', 'SELX', 'GRPH', 'OCUL', 'TENX', 'BNED', 'MESO', 'GDS', 'ATXI', 'IMRN', 'DUO', 'AUUD', 'PIK']",BON,2024-03-11
BONDUELLE - Monthly statement of the number of shares and voting rights,BONDUELLE,2024-04-10 15:45:00+00:00,https://www.globenewswire.com/news-release/2024/04/10/2860955/0/en/BONDUELLE-Monthly-statement-of-the-number-of-shares-and-voting-rights.html,GlobeNewswire Inc.,0.0,0.0,neutral,0.0,False,False,False,False,False,False,False,False,0.0,82,['BON'],BON,2024-04-10
BONDUELLE - Déclaration mensuelle du nombre d'actions et de droits de vote,BONDUELLE,2024-04-10 15:45:00+00:00,https://www.globenewswire.com/news-release/2024/04/10/2860955/0/fr/BONDUELLE-D%C3%A9claration-mensuelle-du-nombre-d-actions-et-de-droits-de-vote.html,GlobeNewswire Inc.,0.0,0.0,neutral,0.0,False,False,False,False,False,False,False,False,0.0,85,['BON'],BON,2024-04-10
Bonduelle - Quarter 3 FY 2023-2024 Revenue: Business activity slightly down on Quarter 3 in a climate of constrained consumption,BONDUELLE,2024-05-02 16:00:00+00:00,https://www.globenewswire.com/news-release/2024/05/02/2874512/0/en/Bonduelle-Quarter-3-FY-2023-2024-Revenue-Business-activity-slightly-down-on-Quarter-3-in-a-climate-of-constrained-consumption.html,GlobeNewswire Inc.,-0.15555555555555559,0.2888888888888889,negative,0.15555555555555559,True,False,False,False,False,False,False,False,0.0,139,['BON'],BON,2024-05-02
Bonduelle - Chiffre d'affaires du 3ème trimestre 2023-2024 : Activité en léger repli au 3ème trimestre dans un climat de consommation contraint,BONDUELLE,2024-05-02 16:00:00+00:00,https://www.globenewswire.com/news-release/2024/05/02/2874512/0/fr/Bonduelle-Chiffre-d-affaires-du-3%C3%A8me-trimestre-2023-2024-Activit%C3%A9-en-l%C3%A9ger-repli-au-3%C3%A8me-trimestre-dans-un-climat-de-consommation-contraint.html,GlobeNewswire Inc.,0.0,0.0,neutral,0.0,False,False,False,False,False,False,False,False,0.0,154,['BON'],BON,2024-05-02
BONDUELLE - Monthly statement of the number of shares and voting rights,BONDUELLE,2024-05-06 15:45:00+00:00,https://www.globenewswire.com/news-release/2024/05/06/2875994/0/en/BONDUELLE-Monthly-statement-of-the-number-of-shares-and-voting-rights.html,GlobeNewswire Inc.,0.0,0.0,neutral,0.0,False,False,False,False,False,False,False,False,0.0,82,['BON'],BON,2024-05-06
BONDUELLE - Déclaration mensuelle du nombre d'actions et de droits de vote,BONDUELLE,2024-05-06 15:45:00+00:00,https://www.globenewswire.com/news-release/2024/05/06/2875994/0/fr/BONDUELLE-D%C3%A9claration-mensuelle-du-nombre-d-actions-et-de-droits-de-vote.html,GlobeNewswire Inc.,0.0,0.0,neutral,0.0,False,False,False,False,False,False,False,False,0.0,85,['BON'],BON,2024-05-06
 Bon Natural Life Limited Announces Brand Strategic Cooperation with Guangdong JUWO,Bon Natural Life Limited Announces Brand Strategic Cooperation with Guangdong JUWO,2024-05-14 15:55:00+00:00,https://www.globenewswire.com/news-release/2024/05/14/2881668/0/en/Bon-Natural-Life-Limited-Announces-Brand-Strategic-Cooperation-with-Guangdong-JUWO.html,GlobeNewswire Inc.,0.01428571428571429,0.27142857142857146,neutral,0.01428571428571429,False,False,False,False,False,False,False,False,0.0,167,['BON'],BON,2024-05-14
BONDUELLE - Déclaration mensuelle du nombre d'actions et de droits de vote,BONDUELLE,2024-06-11 15:45:00+00:00,https://www.globenewswire.com/news-release/2024/06/11/2897050/0/fr/BONDUELLE-D%C3%A9claration-mensuelle-du-nombre-d-actions-et-de-droits-de-vote.html,GlobeNewswire Inc.,0.0,0.0,neutral,0.0,False,False,False,False,False,False,False,False,0.0,85,['BON'],BON,2024-06-11
BONDUELLE - Monthly statement of the number of shares and voting rights,BONDUELLE,2024-06-11 15:45:00+00:00,https://www.globenewswire.com/news-release/2024/06/11/2897050/0/en/BONDUELLE-Monthly-statement-of-the-number-of-shares-and-voting-rights.html,GlobeNewswire Inc.,0.0,0.0,neutral,0.0,False,False,False,False,False,False,False,False,0.0,82,['BON'],BON,2024-06-11
BONDUELLE - Déclaration mensuelle du nombre d'actions et de droits de vote,BONDUELLE,2024-07-02 15:45:00+00:00,https://www.globenewswire.com/news-release/2024/07/02/2907620/0/fr/BONDUELLE-D%C3%A9claration-mensuelle-du-nombre-d-actions-et-de-droits-de-vote.html,GlobeNewswire Inc.,0.0,0.0,neutral,0.0,False,False,False,False,False,False,False,False,0.0,85,['BON'],BON,2024-07-02
BONDUELLE - Monthly statement of the number of shares and voting rights,BONDUELLE,2024-07-02 15:45:00+00:00,https://www.globenewswire.com/news-release/2024/07/02/2907620/0/en/BONDUELLE-Monthly-statement-of-the-number-of-shares-and-voting-rights.html,GlobeNewswire Inc.,0.0,0.0,neutral,0.0,False,False,False,False,False,False,False,False,0.0,82,['BON'],BON,2024-07-02
