title,description,published_utc,article_url,publisher,sentiment_polarity,sentiment_subjectivity,sentiment_label,sentiment_confidence,keywords_earnings,keywords_acquisition,keywords_regulation,keywords_partnership,keywords_product,keywords_financial,keywords_leadership,keywords_lawsuit,urgency_score,text_length,tickers,ticker,date
Imugene and Celularity Announce an Exclusive Strategic Partnership to Develop a Novel Oncolytic Virus - Allogeneic CAR T-Cell Immunotherapy Combination for the Treatment of Solid Tumors,"SYDNEY, Australia and FLORHAM PARK, N.J., Aug.  04, 2021  (GLOBE NEWSWIRE) -- Imugene Ltd (“Imugene”) (ASX: IMU), a clinical stage immuno-oncology company and Celularity Inc. (“Celularity”) (Nasdaq: CELU), a clinical-stage biotechnology company developing off-the-shelf placental-derived allogeneic therapies, today announced they have entered into a research collaboration in 2021. As part of the partnership, Imugene and Celularity will initially collaborate to develop the combination of Imugene’s CD19 oncolytic virus technology and Celularity’s CD19 targeting allogeneic chimeric antigen receptor (CAR) T cellular therapy, CyCART-19, for the treatment of solid tumors. CyCART-19 is a placental-derived T-cell investigational therapy engineered with a CAR that is cryopreserved and will be available off-the-shelf.",2021-08-04 23:00:00+00:00,https://www.globenewswire.com/news-release/2021/08/04/2275150/0/en/Imugene-and-Celularity-Announce-an-Exclusive-Strategic-Partnership-to-Develop-a-Novel-Oncolytic-Virus-Allogeneic-CAR-T-Cell-Immunotherapy-Combination-for-the-Treatment-of-Solid-Tum.html,GlobeNewswire Inc.,0.1,0.15000000000000002,neutral,0.1,False,False,False,True,False,False,False,False,0.0,1005,['CELU'],CELU,2021-08-04
"The Daily Biotech Pulse: Xeris Gets OK For Initiating Hyperthyroidism Study, Merck-Eisai Snag FDA Approval For Drug Combo, Decision Day For Jazz Pharma","Here's a roundup of top developments in the biotech space over the last 24 hours:
Scaling The Peaks
(Biotech Stocks Hitting 52-week Highs Aug. 11)

Adagio Therapeutics, Inc. (NASDAQ: ADGI) (IPOed Friday)
Alnylam Pharmaceuticals, Inc. (NASDAQ: ALNY)
Cytek Biosciences, Inc. (NASDAQ: CTKB)
Dynavax Technologies Corporation (NASDAQ: DVAX)
Eliem Therapeutics, Inc. (NASDAQ: ELYM) (IPOed Monday)
Erasca, Inc. (NASDAQ: ERAS) (IPOed July 16)
Fulcrum Therapeutics, Inc. (NASDAQ: FULC) (reacted to positive analyst actions following a positive clinical readout)
IN8bio, Inc. (NASDAQ: INAB)
Ironwood Pharmaceuticals, Inc. (NASDAQ: IRWD)
Maravai LifeSciences Holdings, Inc. (NASDAQ: MRVI) (announced second-quarter results)
Monte Rosa Therapeutics, Inc. (NASDAQ: GLUE)
Rani Therapeutics Holdings, Inc. (NASDAQ: RANI) (IPOed July 30)

Down In The Dumps
(Biotech Stocks Hitting 52-week Lows Aug. 11)

Adicet Bio, Inc. (NASDAQ: ACET)
Akero Therapeutics, Inc. (NASDAQ: AKRO)
Allogene Therapeutics, Inc. (NASDAQ: ALLO)
Aptose Biosciences Inc. (NASDAQ: APTO)
Ardelyx, Inc. (NASDAQ: ARDX)
Arena Pharmaceuticals, Inc. (NASDAQ: ARNA)
AVROBIO, Inc. (NASDAQ: AVRO)
Baudax Bio, Inc. (NASDAQ: BXRX)
Biodesix, Inc. (NASDAQ: BDSX) (reacted to second-quarter results)
Cellectar Biosciences, Inc. (NASDAQ: CLRB)
Celularity Inc. (NASDAQ: CELU)
Codex DNA, Inc. (NASDAQ: DNAY) (announced second-quarter results)
CytomX Therapeutics, Inc. (NASDAQ: CTMX)
Edgewise Therapeutics, Inc. (NASDAQ: EWTX)
Ensysce Biosciences, Inc. (NASDAQ: ENSC)
Epizyme, Inc. (NASDAQ: EPZM)
Eton Pharmaceuticals, Inc. (NASDAQ: ETON)
Exicure, Inc. (NASDAQ: XCUR)
EyeGate Pharmaceuticals, Inc. (NASDAQ: EYEG)
FibroGen, Inc. (NASDAQ: FGEN) (received a complete response letter for its anemia drug regulatory application)
Freeline Therapeutics Holdings plc (NASDAQ: FRLN)
Grifols, S.A. (NASDAQ: GRFS)
Harpoon Therapeutics, Inc. (NASDAQ: HARP)
Ikena Oncology, Inc. (NASDAQ: IKNA)
IMARA Inc. (NASDAQ: IMRA)
Incyte Corporation (NASDAQ: INCY)
Inventiva S.A. (NASDAQ: IVA)
iRhythm Technologies, Inc. (NASDAQ: IRTC)
Kamada Ltd. (NASDAQ: KMDA) (announced second-quarter results)
Karyopharm Therapeutics Inc. (NASDAQ: KPTI)
Kiniksa Pharmaceuticals, Ltd. (NASDAQ: KNSA)
Kronos Bio, Inc. (NASDAQ: KRON)
Kura Oncology, Inc. (NASDAQ: KURA)
Lumos Pharma, Inc. (NASDAQ: LUMO)
Madrigal Pharmaceuticals, Inc. (NASDAQ: MDGL)
MediciNova, Inc. (NASDAQ: MNOV)
Nautilus Biotechnology, Inc. (NASDAQ: NAUT)
Nektar Therapeutics (NASDAQ: NKTR)
Neurocrine Biosciences, Inc. (NASDAQ: NBIX)
Nevro Corp. (NYSE: NVRO)
Nuvation Bio Inc. (NYSE: NUVB)
OptiNose, Inc. (NASDAQ: OPTN)
Otonomy, Inc. (NASDAQ: OTIC)
Outset Medical, Inc. (NASDAQ: OM)
PharmaCyte Biotech, Inc. Common Stock (NASDAQ: PMCB)
Relmada Therapeutics, Inc. (NASDAQ: RLMD) (announced second-quarter results)
Rockwell ...",2021-08-12 12:09:26+00:00,https://www.benzinga.com/general/biotech/21/08/22462912/the-daily-biotech-pulse-xeris-gets-ok-for-initiating-hyperthyroidism-study-merck-eisai-snag-fda-a,Benzinga,0.09990817263544537,0.3133149678604224,neutral,0.09990817263544537,False,False,True,False,False,False,False,False,0.0,2947,"['BDSX', 'SPPI', 'SYBX', 'GLUE', 'ONTX', 'LCTX', 'IVA', 'MCRB', 'MRVI', 'BBI', 'OPTN', 'ENSC', 'KPTI', 'TFFP', 'PTE', 'CTMX', 'FSTX', 'MRK', 'KNSA', 'ERAS', 'ARDX', 'FRLN', 'ACET', 'RLMD', 'HSDT', 'ABCL', 'IRWD', 'XCUR', 'CELU', 'CBAY', 'TELA', 'ALNY', 'KURA', 'VIRI', 'APDN', 'XERS', 'CTKB', 'OTIC', 'THMO', 'ARNA', 'VIVE', 'ELDN', 'ZGNX', 'AVRO', 'INAB', 'EYEG', 'BXRX', 'CLSN', 'AVIR', 'EVAX', 'CRMD', 'ETON', 'RANI', 'CLRB', 'RVMD', 'DVAX', 'SELB', 'LHDX', 'GRFS', 'ETTX', 'ELYM', 'NVRO', 'IMRA', 'HOOK', 'IBB', 'MDGL', 'TLIS', 'DYAI', 'ALLO', 'ZIVO', 'LUMO', 'ICCC', 'PAVM', 'NUVB', 'BIOL', 'HARP', 'FGEN', 'PROG', 'INCY', 'IRTC', 'IKNA', 'APYX', 'APTO', 'RLAY', 'JAZZ', 'ADGI', 'EWTX', 'CCCC', 'DTIL', 'TCON', 'AFIB', 'MNOV', 'CODX', 'NPCE', 'TXMD', 'PDSB', 'TRIL', 'VYNE', 'OGN', 'NBIX', 'DARE', 'OMIC', 'OM', 'TRVI', 'PMCB', 'SPRB', 'NKTR', 'VERU', 'NAUT', 'EPZM', 'AKRO', 'CAPR', 'KRON', 'RMTI', 'ACHV', 'DNAY', 'KMDA', 'FULC', 'OPGN']",CELU,2021-08-12
"The Daily Biotech Pulse: Moderna's Vaccine Produces Durable Response Against Variants, FDA Approves Jazz's Sleep Disorder Drug, Dermata IPO","Here's a roundup of top developments in the biotech space over the last 24 hours.
Scaling The Peaks
(Biotech Stocks Hitting 52-week Highs Aug. 12)

Adagio Therapeutics, Inc. (NASDAQ: ADGI) (IPOed Aug. 6)
Alkermes plc (NASDAQ: ALKS)
Bio-Rad Laboratories, Inc. (NYSE: BIO)
Candel Therapeutics, Inc. (NASDAQ: CADL) (IPOed July 26)
Century Therapeutics, Inc. (NASDAQ: IPSC) (reacted to its second-quarter results)
Dynavax Technologies Corporation (NASDAQ: DVAX)
Gilead Sciences, Inc. (NASDAQ: GILD)
Harvard Bioscience, Inc. (NASDAQ: HBIO)
Ironwood Pharmaceuticals, Inc. (NASDAQ: IRWD)
Innoviva, Inc. (NASDAQ: INVA)
Johnson & Johnson (NYSE: JNJ)
Sesen Bio, Inc. (NASDAQ: SESN)
Tenaya Therapeutics, Inc. (NASDAQ: TNYA) (IPOed July 30)

Down In The Dumps
(Biotech Stocks Hitting 52-week Lows Aug. 12)

ABVC BioPharma, Inc. (NASDAQ: ABVC) (announced its second-quarter results)
ACADIA Pharmaceuticals Inc. (NASDAQ: ACAD)
Achilles Therapeutics plc (NASDAQ: ACHL)
Aeglea BioTherapeutics, Inc. (NASDAQ: AGLE)
Akero Therapeutics, Inc. (NASDAQ: AKRO)
Allogene Therapeutics, Inc. (NASDAQ: ALLO)
Alzamend Neuro, Inc. (NASDAQ: ALZN)
Aprea Therapeutics, Inc. (NASDAQ: APRE) (announced that FDA imposed clinical hold on lymphoid malignancy study)
Arena Pharmaceuticals, Inc. (NASDAQ: ARNA)
Aridis Pharmaceuticals, Inc. (NASDAQ: ARDS) (announced second-quarter results)
Atai Life Sciences N.V. (NASDAQ: ATAI) (announced setting up of a subsidiary for studying Salvinorin A for mental health disorders)
Axsome Therapeutics, Inc. (NASDAQ: AXSM)
Aytu Biopharma, Inc. (NASDAQ: AYTU)
Baudax Bio, Inc. (NASDAQ: BXRX)
Baxter International Inc. (NYSE: BAX)
Biodesix, Inc. (NASDAQ: BDSX)
Biomea Fusion, Inc. (NASDAQ: BMEA)
Cellectar Biosciences, Inc. (NASDAQ: CLRB)
Celularity Inc. (NASDAQ: CELU)
Codex DNA, Inc. (NASDAQ: DNAY)
CytomX Therapeutics, Inc. (NASDAQ: CTMX)
DiaMedica Therapeutics Inc. (NASDAQ: DMAC) (reacted to its second-quarter results)
Dicerna Pharmaceuticals, Inc. (NASDAQ: DRNA)
Edgewise Therapeutics, Inc. (NASDAQ: EWTX)
Ensysce Biosciences, Inc. (NASDAQ: ENSC)
Epizyme, Inc. (NASDAQ: EPZM)
Exicure, Inc. (NASDAQ: XCUR) (announced its second-quarter results)
EyeGate Pharmaceuticals, Inc. (NASDAQ: EYEG)
FibroGen, Inc. (NASDAQ: FGEN)
Flexion Therapeutics, Inc. (NASDAQ: FLXN)
Grifols, S.A. (NASDAQ: GRFS)
Heron Therapeutics, Inc. (NASDAQ: HRTX)
HOOKIPA Pharma Inc. (NASDAQ: HOOK) (reacted to its second-quarter result)
Hoth Therapeutics, Inc. (NASDAQ: HOTH)
IMARA Inc. (NASDAQ: IMRA)
IN8bio, Inc. (NASDAQ: INAB)
Incyte Corporation (NASDAQ: INCY)
Inhibikase Therapeutics, Inc. (NASDAQ: IKT)
iRhythm Technologies, Inc. (NASDAQ: IRTC)
Karyopharm Therapeutics Inc. (NASDAQ: KPTI)
Kiniksa Pharmaceuticals, Ltd. (NASDAQ: KNSA)
Kronos Bio, Inc. (NASDAQ: KRON)
Lava Therapeutics B.V. (NASDAQ: LVTX)
Liminal BioSciences Inc. (NASDAQ: LMNL)
Lumos Pharma, Inc. (NASDAQ: LUMO)
MediciNova, Inc. (NASDAQ: MNOV)
Moleculin Biotech, Inc. (NASDAQ: MBRX) (reacted to its second-quarter ...",2021-08-13 11:43:01+00:00,https://www.benzinga.com/general/biotech/21/08/22484625/the-daily-biotech-pulse-modernas-vaccine-produces-durable-response-against-variants-fda-approves-,Benzinga,0.04074074074074074,0.17592592592592593,neutral,0.04074074074074074,False,False,True,False,False,False,False,False,0.0,3102,"['PASG', 'ACAD', 'AXSM', 'BMEA', 'ZIOP', 'SESN', 'TXMD', 'IMRA', 'ALKS', 'VYGR', 'DNAY', 'BAX', 'XCUR', 'EPZM', 'LUMO', 'ARNA', 'TLGT', 'ALZN', 'BIO', 'ARDS', 'KPTI', 'SONN', 'ATAI', 'AYTU', 'ENSC', 'JNJ', 'ALLO', 'DRNA', 'FMTX', 'DVAX', 'AGLE', 'CELU', 'ME', 'ORTX', 'FLXN', 'TRVN', 'PROG', 'GILD', 'ABVC', 'HCWB', 'PFE', 'HOTH', 'HRTX', 'VYNE', 'HBIO', 'IRTC', 'CADL', 'ALIM', 'DMAC', 'EYEG', 'SPRB', 'HOOK', 'MYOV', 'INAB', 'IRWD', 'HARP', 'CLRB', 'KRON', 'IBB', 'ADGI', 'TNYA', 'BPTH', 'AKRO', 'JAGX', 'PRAX', 'INCY', 'CODX', 'ZGNX', 'TFFP', 'ZIVO', 'BDSX', 'JAZZ', 'ZEAL', 'GRFS', 'MRNA', 'FGEN', 'IKT', 'MBRX', 'GTBP', 'BIOL', 'BNTX', 'TRIL', 'PBLA', 'MNOV', 'IPSC', 'VECT', 'LMNL', 'PMCB', 'LVTX', 'NBIX', 'MDNA', 'RPID', 'BXRX', 'CAPR', 'EWTX', 'NKTR', 'ITRM', 'APRE', 'TARA', 'CTMX', 'ACHL', 'RMTI', 'KNSA', 'INVA', 'RVMD']",CELU,2021-08-13
Celularity Reports Second Quarter 2021 Financial Results,"FLORHAM PARK, N.J., Aug.  16, 2021  (GLOBE NEWSWIRE) -- Celularity Inc. (“Celularity”) (Nasdaq:CELU), a clinical-stage biotechnology company developing off-the-shelf placental-derived allogeneic therapies, today reported financial results for the quarter ended June 30, 2021, and provided a summary of recent corporate highlights.",2021-08-16 21:15:00+00:00,https://www.globenewswire.com/news-release/2021/08/16/2281603/0/en/Celularity-Reports-Second-Quarter-2021-Financial-Results.html,GlobeNewswire Inc.,0.0,0.05,neutral,0.0,False,False,True,False,False,False,False,False,0.0,388,['CELU'],CELU,2021-08-16
"The Daily Biotech Pulse: Lilly Reorganizes Business Units In Neuroscience Focus, Helius Medical Spikes On Breakthrough Designation, Ra Medical Sells Dermatology Business","Here's a roundup of top developments in the biotech space over the last 24 hours:
Scaling The Peaks
(Biotech Stocks Hitting 52-week Highs Aug. 16)

Bio-Rad Laboratories, Inc. (NYSE: BIO)
Crinetics Pharmaceuticals, Inc. (NASDAQ: CRNX)
Gilead Sciences, Inc. (NASDAQ: GILD)
GlaxoSmithKline plc (NYSE: GSK)
Johnson & Johnson (NYSE: JNJ)
Laboratory Corporation of America Holdings (NYSE: LH)
Monte Rosa Therapeutics, Inc. (NASDAQ: GLUE)
NanoVibronix, Inc. (NASDAQ: NAOV) (announced  intention to enter over-the-counter pain relief market with its PainShield Relief)
Novo Nordisk A/S (NYSE: NVO)
Pfizer, Inc. (NYSE: PFE) (submitted initial data for authorization for COVID-19 booster shot and FDA approval for its vaccine for tick-borne encephalitis)
Quest Diagnostics Incorporated (NYSE: DGX)
ResMed Inc. (NYSE: RMD) (launched AirSense 11, a device designed to treat sleep apnea)
West Pharmaceutical Services, Inc. (NYSE: WST)

Down In The Dumps
(Biotech Stocks Hitting 52-week Lows Aug. 16)

23andMe Holding Co. (NASDAQ: ME)
4D pharma plc (NASDAQ: LBPS)
Absci Corporation (NASDAQ: ABSI)
ABVC BioPharma, Inc. (NASDAQ: ABVC)
ACADIA Pharmaceuticals Inc. (NASDAQ: ACAD)
Accelerate Diagnostics, Inc. (NASDAQ: AXDX)
Achieve Life Sciences, Inc. (NASDAQ: ACHV)
Acurx Pharmaceuticals, Inc. (NASDAQ: ACXP)
Adaptive Biotechnologies Corporation (NASDAQ: ADPT)
Adverum Biotechnologies, Inc. (NASDAQ: ADVM)
Agile Therapeutics, Inc. (NASDAQ: AGRX)
Akoya Biosciences, Inc. (NASDAQ: AKYA)
Angion Biomedica Corp. (NASDAQ: ANGN)
Applied Genetic Technologies Corporation (NASDAQ: AGTC)
Aptinyx Inc. (NASDAQ: APTX)
Aptose Biosciences Inc. (NASDAQ: APTO)
Aravive, Inc. (NASDAQ: ARAV)
Ardelyx, Inc. (NASDAQ: ARDX)
Arena Pharmaceuticals, Inc. (NASDAQ: ARNA)
Aridis Pharmaceuticals, Inc. (NASDAQ: ARDS)
Assertio Holdings, Inc. (NASDAQ: ASRT)
Atai Life Sciences N.V. (NASDAQ: ATAI)
Athenex, Inc. (NASDAQ: ATNX)
Athira Pharma, Inc. (NASDAQ: ATHA)
Avenue Therapeutics, Inc. (NASDAQ: ATXI)
AVITA Medical, Inc. (NASDAQ: RCEL)
AVROBIO, Inc. (NASDAQ: AVRO)
Axsome Therapeutics, Inc. (NASDAQ: AXSM)
Aytu Biopharma, Inc. (NASDAQ: AYTU)
Baudax Bio, Inc. (NASDAQ: BXRX)
Bellerophon Therapeutics, Inc. (NASDAQ: BLPH)
Biodesix, Inc. (NASDAQ: BDSX)
Biomea Fusion, Inc. (NASDAQ: BMEA)
BiondVax Pharmaceuticals Ltd. (NASDAQ: BVXV)
Caladrius Biosciences, Inc. (NASDAQ: CLBS)
Cellectis S.A. (NASDAQ: CLLS)
Celularity Inc. (NASDAQ: CELU)
Checkmate Pharmaceuticals, Inc. (NASDAQ: CMPI)
Chemomab Therapeutics Ltd. (NASDAQ: CMMB)
CNS Pharmaceuticals, Inc. (NASDAQ: CNSP)
ContraFect Corporation (NASDAQ: CFRX)
Corvus Pharmaceuticals, Inc. (NASDAQ: CRVS)
Deciphera Pharmaceuticals, Inc. (NASDAQ: DCPH)
Dermata Therapeutics, Inc. (NASDAQ: DRMA)
Diffusion Pharmaceuticals Inc. (NASDAQ: DFFN)
DURECT Corporation (NASDAQ: DRRX)
Edgewise Therapeutics, Inc. (NASDAQ: EWTX)
Eloxx Pharmaceuticals, Inc. (NASDAQ: ELOX)
Ensysce Biosciences, Inc. (NASDAQ: ENSC)
Enveric Biosciences, Inc. (NASDAQ: ENVB)
Epizyme, Inc. (NASDAQ: EPZM)
Eton Pharmaceuticals, Inc. (NASDAQ: ETON)
Evofem Biosciences, Inc. (NASDAQ: EVFM)
EyeGate Pharmaceuticals, Inc. (NASDAQ: EYEG)
FibroGen, Inc. (NASDAQ: FGEN)
Flexion Therapeutics, Inc. (NASDAQ: FLXN)
Freeline Therapeutics Holdings plc (NASDAQ: FRLN)
Gain Therapeutics, Inc. (NASDAQ: GANX)
Galecto, Inc. (NASDAQ: GLTO)
Gemini Therapeutics, Inc. (NASDAQ: GMTX)
Genocea Biosciences, Inc. (NASDAQ: GNCA)
Genprex, Inc. (NASDAQ: GNPX)
GlycoMimetics, Inc. (NASDAQ: GLYC)
Harpoon Therapeutics, Inc. (NASDAQ: HARP)
Heron Therapeutics, Inc. (NASDAQ: HRTX)
HOOKIPA Pharma Inc. (NASDAQ: HOOK) (
Hoth Therapeutics, Inc. (NASDAQ: HOTH)
IMARA Inc. (NASDAQ: IMRA)
Immunocore Holdings plc (NASDAQ: IMCR)
IN8bio, Inc. (NASDAQ: INAB)
Indaptus Therapeutics, Inc. (NASDAQ: INDP)
InflaRx N.V. (NASDAQ: IFRX)
Inhibikase Therapeutics, Inc. (NASDAQ: IKT)
Insmed Incorporated (NASDAQ: INSM)
Invitae Corporation (NYSE: NVTA)
Itamar Medical Ltd. (NASDAQ: ITMR)
Karyopharm Therapeutics Inc. (NASDAQ: KPTI)
Keros Therapeutics, Inc. (NASDAQ: KROS)
Kiniksa Pharmaceuticals, Ltd. (NASDAQ: KNSA)
Kinnate Biopharma Inc. (NASDAQ: KNTE)
Kura Oncology, Inc. (NASDAQ: KURA)
Liminal BioSciences Inc. (NASDAQ: LMNL)
Lixte ...",2021-08-17 12:28:52+00:00,https://www.benzinga.com/general/biotech/21/08/22531140/the-daily-biotech-pulse-lilly-reorganizes-business-units-in-neuroscience-focus-helius-medical-spi,Benzinga,0.08444444444444445,0.16055555555555556,neutral,0.08444444444444445,False,False,True,False,True,False,False,False,0.0,4322,"['MOR', 'KNTE', 'HRTX', 'ARDS', 'ZIOP', 'OMIC', 'PULM', 'BXRX', 'VECT', 'MDGL', 'ACAD', 'PBLA', 'CFRX', 'ETON', 'BIO', 'ACXP', 'NBRV', 'TARA', 'CMPI', 'RMED', 'ARNA', 'SCPS', 'TTOO', 'ASRT', 'BMY', 'GLUE', 'SBBP', 'PASG', 'LIXT', 'SLNO', 'ATAI', 'ENVB', 'OTIC', 'GRTS', 'DGX', 'ABSI', 'AXSM', 'IMRA', 'TXMD', 'ATXI', 'DRRX', 'PALI', 'EYEG', 'ORTX', 'GSK', 'ENSC', 'HSDT', 'LUMO', 'EPZM', 'ATNX', 'ACHV', 'GERN', 'IMCR', 'RYTM', 'HOTH', 'JNJ', 'CELU', 'TLGT', 'SONN', 'AXDX', 'DCPH', 'GILD', 'GMTX', 'NVRO', 'ARAV', 'LH', 'INAB', 'KURA', 'KROS', 'BIOC', 'IFRX', 'HOOK', 'LGVN', 'ZIVO', 'PHIO', 'LLY', 'INDP', 'CRVS', 'VYNE', 'GLYC', 'EVFM', 'IBB', 'GANX', 'FGEN', 'HARP', 'ME', 'DRMA', 'AYTU', 'ATHA', 'KPTI', 'ELOX', 'INCY', 'CMMB', 'APTO', 'ITMR', 'NVO', 'DFFN', 'TSHA', 'GNCA', 'GNPX', 'INSM', 'LBPS', 'BLPH', 'STOK', 'PFE', 'ABVC', 'ONCR', 'AGTC', 'FLXN', 'MDNA', 'MBRX', 'EWTX', 'NVTA', 'CNSP', 'RMD', 'SSKN', 'SPRB', 'AGRX', 'KNSA', 'MNOV', 'BMEA', 'CLLS', 'FRLN', 'WST', 'VIVE', 'PRAX', 'ARDX', 'APTX', 'NKTR', 'AKYA', 'BVXV', 'RCEL', 'TTNP', 'ADVM', 'BDSX', 'ADPT', 'AVRO', 'OBCI', 'TMCI', 'MCRB', 'PHAT', 'ONCS', 'SYRS', 'GLTO', 'IKT', 'ANGN', 'CRNX', 'RMTI', 'RNAZ', 'CLBS', 'LMNL', 'TLSA', 'NAOV']",CELU,2021-08-17
14 SPACs That Palantir Technologies Has Invested In Or Partnered,"Palantir Technologies Inc (NYSE: PLTR) is one of the most well-known publicly traded companies. The data analytics company is increasing its investments in the SPAC space, which caught the attention of Barron’s recently.
Palantir’s SPAC Investments: Barron’s reports Palantir has invested in 10 SPACs according to a recent disclosure and has made additional investments since then. The company has also partnered with some other SPACs and de-SPACd companies.
Here is a look at the SPACs Palantir has invested in or partnered.
1. Kredivo: This leading digital consumer credit platform in Southeast Asia is going public with VPC Impact Acquisition Holdings II (NASDAQ: VPCB). The SPAC merger values the company at $2 billion. Palantir was among the investors as part of a $120 million PIPE.
Kredivo is the largest and fastest-growing ""buy now, pay later"" companies in Indonesia. The company has more than four million customers and is going public to continue its growth in the fast-growing e-commerce segment in Southeast Asia.
2. AdTheorent: Palantir invested in a PIPE on the SPAC deal with MCAP Acquisition Corp (NASDAQ: MACQ) that values AdTheorent at $775 million.
AdTheorent uses machine learning as a programmatic digital advertising company, offering customers specific business outcomes.
“We’re extremely excited about Palantir’s investment and their belief in our long-term vision for our business,” AdTheorent CEO Jim Lawson told Benzinga in an interview on “SPACs Attack” recently.
A partnership between the two companies will help make data more efficient for customers. Partnering with Palantir can help identify data insights quickly and find relationships between data, Lawson said.
3. Fast Radius: Palantir, Goldman Sachs (NYSE: GS) and United Parcel Service, Inc. (NYSE: UPS) were among the investors in a $100 million PIPE for the SPAC merger between Fast Radius and ECP Environmental Growth Opportunts Corp (NASDAQ: ENNV). The merger values Fast Radius at $1.4 billion.
Fast Radius designs and makes physical products for customers using proprietary software. The company is seeking to lead the way as the first cloud manufacturing digital supply chain company in the Industry 4.0 market. Fast Radius has worked with more than 2,000 customers including 45 Fortune 500 companies.
Related Link: Palantir's Unusual Investments In SPACs And Gold: What You Need To Know 
4. Wejo: Virtuoso Acquisition Corp (NASDAQ:",2021-08-20 18:49:34+00:00,https://www.benzinga.com/m-a/21/08/22599565/14-spacs-that-palantir-technologies-has-invested-in-or-partnered,Benzinga,0.14938271604938275,0.35467372134038794,positive,0.14938271604938275,True,True,False,True,True,False,True,False,0.0,2494,"['VPCB', 'MSFT', 'ROT', 'GM', 'DCRN', 'GS', 'KURI', 'PEP', 'CELU', 'UPS', 'MACQ', 'SFTW', 'PLTR', 'QELL', 'SVOK', 'VOSO', 'MAAC', 'THMA', 'ENNV']",CELU,2021-08-20
Celularity Reports Third Quarter 2021 Financial Results and Corporate Update,"FLORHAM PARK, N.J., Nov.  12, 2021  (GLOBE NEWSWIRE) -- Celularity Inc. (Nasdaq: CELU) (“Celularity”), a clinical-stage biotechnology company developing placental-derived allogeneic cell therapies, today announced financial results for the third quarter ended September 30, 2021, and provided a corporate update.",2021-11-12 21:05:00+00:00,https://www.globenewswire.com/news-release/2021/11/12/2333641/0/en/Celularity-Reports-Third-Quarter-2021-Financial-Results-and-Corporate-Update.html,GlobeNewswire Inc.,0.0,0.0,neutral,0.0,False,False,False,False,False,False,False,False,0.0,390,['CELU'],CELU,2021-11-12
Palantir's Q3 Earnings Highlight an Exciting Road Ahead,"After nearly two decades as a private company, Palantir's latest earnings highlight what it's been up to and where it's going.",2021-12-08 11:05:00+00:00,https://www.fool.com/investing/2021/12/08/palantirs-q3-earnings-highlight-exciting-roadmap-a/,The Motley Fool,0.225,0.61875,positive,0.225,True,False,False,False,False,False,False,False,0.0,183,"['PLTR', 'COIN', 'HOOD', 'BRDS', 'CELU', 'WEJO']",CELU,2021-12-08
Palantir: A Deeper Look Into The SPACs With More Q3 Investments,"Palantir has broadened its SPAC investment lineup, investing in 8 different SPAC companies in Q3. See why I think these SPACs are prone to downside risks.",2021-12-09 10:36:29+00:00,https://seekingalpha.com/article/4474280-palantir-a-deeper-look-into-the-spacs-with-more-q3-investments,Seeking Alpha,0.25,0.55,positive,0.25,False,False,False,False,False,False,False,False,0.0,219,"['ARVL', 'BBLN', 'CELU', 'FFIE', 'FFIEW', 'LCID', 'LILM', 'LMND', 'MILE', 'NVDA', 'ROIV', 'SNOW', 'STRC', 'WEJO', 'BKSY', 'PEAR', 'VPCB', 'ENNV', 'DCRN', 'NXU', 'MACQ', 'PLTR']",CELU,2021-12-09
Celularity Presents Preclinical Data on Allogeneic Genetically Modified Natural Killer (NK) and Allogeneic CAR-NK Cell Therapy Programs at the 63rd American Society of Hematology Meeting and Exposition,"FLORHAM PARK, N.J., Dec.  13, 2021  (GLOBE NEWSWIRE) -- Celularity Inc. (Nasdaq: CELU) (“Celularity”) presented preclinical data on the development of its placental-derived allogeneic genetically modified NK cell therapy program (CYNK-101) and its placental-derived allogeneic CAR-NK cell therapy program (CAR19-CYNK), respectively.  The Company reported its findings in two poster presentations at the 63rd American Society of Hematology Meeting and Exposition (ASH) taking place in Atlanta and virtually December 11-14, 2021.",2021-12-13 13:00:00+00:00,https://www.globenewswire.com/news-release/2021/12/13/2350721/0/en/Celularity-Presents-Preclinical-Data-on-Allogeneic-Genetically-Modified-Natural-Killer-NK-and-Allogeneic-CAR-NK-Cell-Therapy-Programs-at-the-63rd-American-Society-of-Hematology-Mee.html,GlobeNewswire Inc.,0.025,0.125,neutral,0.025,False,False,False,False,False,False,False,False,0.0,730,['CELU'],CELU,2021-12-13
"Here's Why Celularity, Inc. (CELU) is Poised for a Turnaround After Losing 34.3% in 4 Weeks","Celularity, Inc. (CELU) is technically in oversold territory now, so the heavy selling pressure might have exhausted. This along with strong agreement among Wall Street analysts in raising earnings estimates could lead to a trend reversal for the stock.",2021-12-21 15:00:06+00:00,https://www.zacks.com/stock/news/1841734/heres-why-celularity-inc-celu-is-poised-for-a-turnaround-after-losing-343-in-4-weeks,Zacks Investment Research,-0.0416666666666667,0.5083333333333333,neutral,0.0416666666666667,True,False,False,False,False,False,False,False,0.0,346,['CELU'],CELU,2021-12-21
Celularity Receives Fast Track Designation from U.S. FDA for its NK Cell Therapy CYNK-001 in Development for the Treatment of AML,"FLORHAM PARK, N.J., Dec.  27, 2021  (GLOBE NEWSWIRE) -- Celularity Inc. (Nasdaq: CELU) (“Celularity”), a clinical-stage biotechnology company developing placental-derived allogeneic cell therapies, today announced the U.S. Food and Drug Administration (FDA) has granted Fast Track Designation for its non-genetically modified cryopreserved human placental hematopoietic stem cell-derived natural killer (NK) cell therapy, CYNK-001, in development for the treatment of acute myeloid leukemia (AML).",2021-12-27 13:00:00+00:00,https://www.globenewswire.com/news-release/2021/12/27/2358038/0/en/Celularity-Receives-Fast-Track-Designation-from-U-S-FDA-for-its-NK-Cell-Therapy-CYNK-001-in-Development-for-the-Treatment-of-AML.html,GlobeNewswire Inc.,0.22000000000000003,0.52,positive,0.22000000000000003,False,False,True,False,False,False,False,False,0.0,628,['CELU'],CELU,2021-12-27
5 Beaten-Down Biotech Bets to Bounce Back in 2022,"Biotech stocks from the Medical sector, including APTO, CELU, CNSP, CYAD and SPRB, might be witnessing a turnaround in 2022 to emerge as solid investment options.",2021-12-31 18:50:00+00:00,https://www.zacks.com/stock/news/1846096/5-beaten-down-biotech-bets-to-bounce-back-in-2022,Zacks Investment Research,0.0,0.03333333333333333,neutral,0.0,False,False,True,False,False,False,False,False,0.0,213,"['CYAD', 'APTO', 'CNSP', 'SPRB', 'CELU']",CELU,2021-12-31
"Stock Market News for Today, January 18th, 2022","What to watch with penny stocks today
The post Stock Market News for Today, January 18th, 2022 appeared first on Penny Stocks to Buy, Picks, News and Information | PennyStocks.com.",2022-01-18 14:09:50+00:00,https://pennystocks.com/featured/2022/01/18/stock-market-news-today-january-18th-2022/,PennyStocks,0.25,0.3333333333333333,positive,0.25,False,True,False,False,False,False,False,False,0.0,229,"['CELU', 'IDRA', 'OPK', 'PTE', 'SRGA']",CELU,2022-01-18
"Benzinga's Top Ratings Upgrades, Downgrades For January 28, 2022","Upgrades
According to Citigroup, the prior rating for Tractor Supply Co (NASDAQ:TSCO) was changed from Neutral to Buy. For the fourth quarter, Tractor Supply had an EPS of $1.93, compared to year-ago quarter EPS of $1.64. The stock has a 52-week-high of $239.86 and a 52-week-low of $139.11. At the end of the last trading period, Tractor Supply closed at $209.25.   
According to Citigroup, the prior rating for Tapestry Inc (NYSE:TPR) was changed from Neutral to Buy. For the first quarter, Tapestry had an EPS of $0.82, compared to year-ago quarter EPS of $0.58. The stock has a 52-week-high of $49.66 and a 52-week-low of $30.24. At the end of the last trading period, Tapestry closed at $37.06.   
According to LightShed Partners, the prior rating for FuboTV Inc (NYSE:FUBO) was changed from Sell to Neutral. In the third quarter, FuboTV showed an EPS of $0.59, compared to $1.65 from the year-ago quarter. The current stock performance of FuboTV shows a 52-week-high of $57.47 and a 52-week-low of $8.74. Moreover, at the end of the last trading period, the closing price was at $8.86.   
Desjardins upgraded the previous rating for Rogers Communications Inc (NYSE:RCI) from Hold to Buy. For the fourth quarter, Rogers Communications had an EPS of $0.76, compared to year-ago quarter EPS of $0.76. The current stock performance of Rogers Communications shows a 52-week-high of $53.90 and a 52-week-low of $43.18. Moreover, at the end of the last trading period, the closing price was at $50.11.   
Wolfe Research upgraded the previous rating for Reliance Steel & Aluminum Co (NYSE:RS) from Underperform to Peer Perform. Reliance Steel & Aluminum earned $6.15 in the third quarter, compared to $1.87 in the year-ago quarter. At the moment, the stock has a 52-week-high of $181.21 and a 52-week-low of $114.26. Reliance Steel & Aluminum closed at $150.60 at the end of the last trading period.   
For Hexcel Corp (NYSE:HXL), UBS upgraded the previous rating of Sell to Neutral. In the fourth quarter, Hexcel showed an EPS of $0.16, compared to $0.18 from the year-ago quarter. The current stock performance of Hexcel shows a 52-week-high of $64.99 and a 52-week-low of $42.91. Moreover, at the end of the last trading period, the closing price was at $49.30.   
Craig-Hallum upgraded the previous rating for Calix Inc (NYSE:CALX) from Hold to Buy. Calix earned $0.26 in the fourth quarter, compared to $0.45 in the year-ago quarter. At the moment, the stock has a 52-week-high of $80.95 and a 52-week-low of $29.12. Calix closed at $40.40 at the end of the last trading period.   
For Apple Inc (NASDAQ:AAPL), New Street Research upgraded the previous rating of Sell to Neutral. In the first quarter, Apple showed an EPS of $2.10, compared to $1.68 from the year-ago quarter. The stock has a 52-week-high of $182.94 and a 52-week-low of $116.21. At the end of the last trading period, Apple closed at $159.22.   
For Gilead Sciences Inc (NASDAQ:GILD), Argus Research upgraded the previous rating of Hold to Buy. In the third quarter, Gilead Sciences showed an EPS of $2.65, compared to $2.11 from the year-ago quarter. The current stock performance of Gilead Sciences shows a 52-week-high of $74.12 and a 52-week-low of $61.39. Moreover, at the end of the last trading period, the closing price was at $67.27.   
According to Seaport Global, the prior rating for Packaging Corp of America (NYSE:PKG) was changed from Neutral to Buy. In the fourth quarter, Packaging Corp of America showed an EPS of $2.76, compared to $1.33 from the year-ago quarter. The stock has a 52-week-high of $156.54 and a 52-week-low of $124.78. At the end of the last trading period, Packaging Corp of America closed at $143.49.   
According to Susquehanna, the prior rating for National Instruments Corp (NASDAQ:NATI) was changed from Neutral to Positive. For the fourth quarter, National Instruments had an EPS of $0.60, compared to year-ago quarter EPS of $0.51. At the moment, the stock has a 52-week-high of $47.01 and a 52-week-low of $38.10. National Instruments closed at $38.78 at the end of the last trading period.   
Stifel upgraded the previous rating for Iovance Biotherapeutics Inc (NASDAQ:IOVA) from Hold to Buy. Iovance Biotherapeutics earned $0.55 in the third quarter, compared to $0.40 in the year-ago quarter. The current stock performance of Iovance Biotherapeutics shows a 52-week-high of $53.04 and a 52-week-low of $13.28. Moreover, at the end of the last trading period, the closing price was at $13.83.   
According to Seaport Global, the prior rating for Columbia Sportswear Co (NASDAQ:COLM) was changed from Neutral to Buy. Columbia Sportswear earned $1.52 in the third quarter, compared to $0.94 in the year-ago quarter. The current stock performance of Columbia Sportswear shows a 52-week-high of $114.98 and a 52-week-low of $85.28. Moreover, at the end of the last trading period, the closing price was at $87.15.   
Seaport Global upgraded the previous rating for Raymond James Financial Inc (NYSE:RJF) from Neutral to Buy. Raymond James Financial earned $2.12 in the first quarter, compared to $2.24 in the year-ago quarter. The current stock performance of Raymond James Financial shows a 52-week-high of $143.14 and a 52-week-low of $86.51. Moreover, at the end of the last trading period, the closing price was at $100.91.   
For Corning Inc (NYSE:GLW), Susquehanna upgraded the previous rating of Neutral to Positive. In the fourth quarter, Corning showed an EPS of $0.54, compared to $0.52 from the year-ago quarter. The stock has a 52-week-high of $46.82 and a 52-week-low of $33.93. At the end of the last trading period, Corning closed at $40.56.   
According to BTIG, the prior rating for Kirby Corp (NYSE:KEX) was changed from Neutral to Buy. In the fourth quarter, Kirby showed an EPS of $0.27, compared to $0.37 from the year-ago quarter. At the moment, the stock has a 52-week-high of $70.60 and a 52-week-low of $47.58. Kirby closed at $64.01 at the end of the last trading period.   
Piper Sandler upgraded the previous rating for First Northwest Bancorp (NASDAQ:FNWB) from Neutral to Overweight. In the second quarter, First Northwest Bancorp showed an EPS of $0.56, compared to $0.41 from the year-ago quarter. At the moment, the stock has a 52-week-high of $20.75 and a 52-week-low of $13.70. First Northwest Bancorp closed at $20.75 at the end of the last trading period.   
B. Riley Securities upgraded the previous rating for Axos Financial Inc (NYSE:AX) from Neutral to Buy. In the second quarter, Axos Financial showed an EPS of $1.04, compared to $0.94 from the year-ago quarter. The stock has a 52-week-high of $62.44 and a 52-week-low of $38.32. At the end of the last trading period, Axos Financial closed at $50.26.   
Raymond ...Full story available on Benzinga.com",2022-01-28 15:17:35+00:00,https://www.benzinga.com/analyst-ratings/upgrades/22/01/25281555/benzingas-top-ratings-upgrades-downgrades-for-january-28-2022,Benzinga,0.0006469186244467172,0.12785154919986377,neutral,0.0006469186244467172,False,True,True,False,False,False,False,False,0.0,6875,"['DGX', 'RS', 'AAPL', 'AX', 'GD', 'STM', 'CHRW', 'IOVA', 'GLW', 'TER', 'COLM', 'TPR', 'CMPO', 'GS', 'TGT', 'CORT', 'CHWY', 'HXL', 'WMT', 'CRTX', 'CMBM', 'IP', 'WSM', 'GILD', 'FUBO', 'KEX', 'CALX', 'LOPE', 'AFCG', 'KR', 'DNA', 'NATI', 'ORLY', 'CELU', 'LH', 'NLSN', 'TSCO', 'MS', 'MARA', 'USEG', 'NU', 'VEEV', 'AAP', 'OXM', 'PED', 'AEM', 'PKG', 'W', 'BCS', 'RCI', 'FNWB', 'CCI', 'RJF', 'OLLI', 'CFR', 'RMD', 'GRAB']",CELU,2022-01-28
"Is Celularity, Inc. (CELU) Outperforming Other Medical Stocks This Year?","Here is how Celularity, Inc. (CELU) and AmerisourceBergen (ABC) have performed compared to their sector so far this year.",2022-02-11 14:40:09+00:00,https://www.zacks.com/stock/news/1866409/is-celularity-inc-celu-outperforming-other-medical-stocks-this-year,Zacks Investment Research,-0.008333333333333331,0.4583333333333333,neutral,0.008333333333333331,False,False,True,False,False,False,False,False,0.0,195,"['CELU', 'ABC']",CELU,2022-02-11
A Peek Into The Markets: US Stock Futures Surge Amid Signs Of Easing Russia-Ukraine Tensions,"Pre-open movers
U.S. stock futures traded higher in early pre-market trade after a Russian news agency reported that some Russian troops are heading back to base after exercise. The Dow Jones tumbled around 170 points in the previous session. Investors are awaiting earnings results from  Marriott International, Inc.  (NASDAQ: MAR),  ViacomCBS Inc.  (NASDAQ: VIAC) and  Fidelity National Information Services, Inc.  (NYSE: FIS).
The Producer Price Index for January is scheduled for release at 8:30 a.m. ET. Although producer prices slowed noticeably in December to a monthly rate of 0.2%, but prices are expected to increase 0.5% in January. The Empire State manufacturing index for February will be released at 8:30 a.m. ET.
Futures for the Dow Jones Industrial Average jumped 295 points to 34,766.00 while the Standard & Poor’s 500 index futures rose 50.50 points to 4,444.50. Futures for the Nasdaq index climbed 227.50 points to 14,480.50.
Oil prices traded lower as Brent crude futures fell 2.7% to trade at $93.89 per barrel, while US WTI crude futures fell 3% ...",2022-02-15 10:15:01+00:00,https://www.benzinga.com/node/25627078,Benzinga,-0.13777777777777775,0.4211111111111111,negative,0.13777777777777775,True,False,False,False,True,False,False,False,0.0,1166,"['INTC', 'TSEM', 'FIS', 'MAR', 'WHR', 'ANET', 'VIAC', 'WEBR', 'CELU']",CELU,2022-02-15
Celularity Receives Orphan Drug Designation from U.S. FDA for its NK Cell Therapy CYNK-101 in Development for the First-Line Treatment of Advanced HER2/neu Positive Gastric and Gastroesophageal Junction Cancers,CYNK-101 is an investigational genetically modified NK cell therapy designed to synergize with antibody therapeutics for difficult to treat cancers of high unmet medical need,2022-02-15 21:05:00+00:00,https://www.globenewswire.com/news-release/2022/02/15/2385698/0/en/Celularity-Receives-Orphan-Drug-Designation-from-U-S-FDA-for-its-NK-Cell-Therapy-CYNK-101-in-Development-for-the-First-Line-Treatment-of-Advanced-HER2-neu-Positive-Gastric-and-Gast.html,GlobeNewswire Inc.,0.057454545454545466,0.5370909090909091,neutral,0.057454545454545466,False,False,True,False,False,False,False,False,0.0,386,['CELU'],CELU,2022-02-15
Is AmerisourceBergen (ABC) Outperforming Other Medical Stocks This Year?,"Here is how AmerisourceBergen (ABC) and Celularity, Inc. (CELU) have performed compared to their sector so far this year.",2022-02-28 14:40:09+00:00,https://www.zacks.com/stock/news/1874459/is-amerisourcebergen-abc-outperforming-other-medical-stocks-this-year,Zacks Investment Research,-0.008333333333333331,0.4583333333333333,neutral,0.008333333333333331,False,False,True,False,False,False,False,False,0.0,195,"['ABC', 'CELU']",CELU,2022-02-28
Perrigo (PRGO) Q4 Earnings Beat as Cough & Cold Sales Recover,Perrigo (PRGO) reports encouraging fourth-quarter 2021 results. Sales of cough/cold products continue the strong rebound during the reported quarter. Stock gains.,2022-03-01 15:18:00+00:00,https://www.zacks.com/stock/news/1875331/perrigo-prgo-q4-earnings-beat-as-cough-cold-sales-recover,Zacks Investment Research,-0.08333333333333334,0.8666666666666667,neutral,0.08333333333333334,True,False,False,False,True,False,False,False,0.0,225,"['PRGO', 'ASRT', 'GMDA', 'CELU']",CELU,2022-03-01
"Sarepta (SRPT) Q4 Earnings Beat, DMD Drugs Sales Robust",Strong demand for Sarepta's (SRPT) DMD drugs boosts its top line in the fourth quarter. The company also raises revenue guidance for the year. Stock down in after-market trading.,2022-03-02 15:16:00+00:00,https://www.zacks.com/stock/news/1876080/sarepta-srpt-q4-earnings-beat-dmd-drugs-sales-robust,Zacks Investment Research,0.19444444444444445,0.3805555555555556,positive,0.19444444444444445,True,False,False,False,False,False,False,False,0.0,235,"['SRPT', 'ASRT', 'CELU']",CELU,2022-03-02
"Amarin (AMRN) Q4 Earnings Top, Sales Hurt by Vascepa Generics","Amarin's (AMRN) Vascepa sales decline amid rising generic competition and COVID-19 related disruptions during the fourth quarter. The company's stock falls on Mar 1, following the earnings release.",2022-03-02 15:29:00+00:00,https://www.zacks.com/stock/news/1876092/amarin-amrn-q4-earnings-top-sales-hurt-by-vascepa-generics,Zacks Investment Research,0.1,0.2,neutral,0.1,True,False,False,False,True,False,False,False,0.0,260,"['AMRN', 'ASRT', 'GMDA', 'CELU']",CELU,2022-03-02
Celularity to Present at Oppenheimer 32nd Annual Healthcare Conference,"FLORHAM PARK, N.J., March  15, 2022  (GLOBE NEWSWIRE) -- Celularity Inc. (Nasdaq: CELU) (“Celularity”), a clinical-stage biotechnology company developing placental-derived off-the-shelf allogeneic cell therapies for cancer, infectious and degenerative diseases, today announced that Robert Hariri, M.D., Ph.D., Founder, Chairman and Chief Executive Officer of Celularity, and Andrew Pecora, M.D., President of Celularity, will participate in a fireside chat at the Oppenheimer 32nd Annual Healthcare Conference on Thursday, March 17, 2022 at 11:20am ET.",2022-03-15 20:05:00+00:00,https://www.globenewswire.com/news-release/2022/03/15/2403905/0/en/Celularity-to-Present-at-Oppenheimer-32nd-Annual-Healthcare-Conference.html,GlobeNewswire Inc.,0.0,0.0,neutral,0.0,False,False,False,False,False,False,False,False,0.0,625,['CELU'],CELU,2022-03-15
Celularity Reports Fourth Quarter and Full Year 2021 Financial Results and Provides Corporate Update,"Two ongoing Phase 1 trials of unmodified placental-derived natural killer cell therapy candidate, CYNK-001, in acute myeloid leukemia (AML) and glioblastoma multiforme (GBM)",2022-03-31 20:05:00+00:00,https://www.globenewswire.com/news-release/2022/03/31/2414338/0/en/Celularity-Reports-Fourth-Quarter-and-Full-Year-2021-Financial-Results-and-Provides-Corporate-Update.html,GlobeNewswire Inc.,0.17499999999999996,0.30833333333333335,positive,0.17499999999999996,False,False,False,False,False,False,False,False,0.0,275,['CELU'],CELU,2022-03-31
"Benzinga's Top Ratings Upgrades, Downgrades For April 6, 2022","Upgrades
According to Morgan Stanley, the prior rating for Royalty Pharma PLC (NASDAQ:RPRX) was changed from Equal-Weight to Overweight. In the fourth quarter, Royalty Pharma showed an EPS of $0.80, compared to $0.27 from the year-ago quarter. The current stock performance of Royalty Pharma shows a 52-week-high of $47.10 and a 52-week-low of $34.86. Moreover, at the end of the last trading period, the closing price was at $39.84.   
According to Keefe, Bruyette & Woods, the prior rating for PJT Partners Inc (NYSE:PJT) was changed from Market Perform to Outperform. PJT Partners earned $1.52 in the fourth quarter, compared to $1.81 in the year-ago quarter. At the moment, the stock has a 52-week-high of $89.50 and a 52-week-low of $54.48. PJT Partners closed at $63.06 at the end of the last trading period.   
Guggenheim upgraded the previous rating for Array Technologies Inc (NASDAQ:ARRY) from Neutral to Buy. Array Technologies earned $0.06 in the fourth quarter, compared to $0.08 in the year-ago quarter. The stock has a 52-week-high of $31.00 and a 52-week-low of $8.02. At the end of the last trading period, Array Technologies closed at $10.57.   
According to Raymond James, the prior rating for Cullen/Frost Bankers Inc (NYSE:CFR) was changed from Market Perform to Outperform. Cullen/Frost Bankers earned $1.54 in the fourth quarter, compared to $1.38 in the year-ago quarter. At the moment, the stock has a 52-week-high of $147.39 and a 52-week-low of $100.35. Cullen/Frost Bankers closed at $136.56 at the end of the last trading period.   
B of A Securities upgraded the previous rating for Visteon Corp (NASDAQ:VC) from Underperform to Neutral. In the fourth quarter, Visteon showed an EPS of $1.69, compared to $1.06 from the year-ago quarter. The current stock performance of Visteon shows a 52-week-high of $134.57 and a 52-week-low of $91.59. Moreover, at the end of the last trading period, the closing price was at $98.40.   
For Aptiv PLC (NYSE:APTV), B of A Securities upgraded the previous rating of Underperform to Buy. In the fourth quarter, Aptiv showed an EPS of $0.56, compared to $1.13 from the year-ago quarter. At the moment, the stock has a 52-week-high of $180.81 and a 52-week-low of $94.75. Aptiv closed at $112.78 at the end of the last trading period.   
For Lear Corp (NYSE:LEA), B of A Securities upgraded the previous rating of Underperform to Buy. Lear earned $1.22 in the fourth quarter, compared to $3.66 in the year-ago quarter. The stock has a 52-week-high of $204.91 and a 52-week-low of $127.91. At the end of the last trading period, Lear closed at $133.43.   
According to Evercore ISI Group, the prior rating for Invitation Homes Inc (NYSE:INVH) was changed from In-Line to Outperform. For the fourth quarter, Invitation Homes had an EPS of $0.39, compared to year-ago quarter EPS of $0.32. The stock has a 52-week-high of $45.80 and a 52-week-low of $32.07. At the end of the last trading period, Invitation Homes closed at $40.23.   
B. Riley Securities upgraded the previous rating for Trex Co Inc (NYSE:TREX) from Neutral to Buy. In the fourth quarter, Trex Co showed an EPS of $0.55, compared to $0.37 from the year-ago quarter. The current stock performance of Trex Co shows a 52-week-high of $140.98 and a 52-week-low of $63.92. Moreover, at the end of the last trading period, the closing price was at $64.53.   
Wolfe Research upgraded the previous rating for W.W. Grainger Inc (NYSE:GWW) from Peer Perform to Outperform. In the fourth quarter, W.W. Grainger showed an EPS of $5.44, compared to $3.66 from the year-ago quarter. At the moment, the stock has a 52-week-high of $527.06 and a 52-week-low of $391.16. W.W. Grainger closed at $518.85 at the end of the last trading period.   
Piper Sandler upgraded the previous rating for Synchrony Financial (NYSE:SYF) from Neutral to Overweight. Synchrony Finl earned $1.48 in the fourth quarter, compared to $1.24 in the year-ago quarter. The current stock performance of Synchrony Finl shows a 52-week-high of $52.49 and a 52-week-low of $33.76. Moreover, at the end of the last trading period, the closing price was at $35.27.   
See all analyst ratings upgrades.
Downgrades
For Bristol-Myers Squibb Co (NYSE:BMY), Morgan Stanley downgraded the previous rating of Equal-Weight to Underweight. For the fourth quarter, Bristol-Myers Squibb had an EPS of $1.83, compared to year-ago quarter EPS of $1.46. The current stock performance of Bristol-Myers Squibb shows a 52-week-high of $74.99 and a 52-week-low of $53.22. Moreover, at the end of the last trading period, the closing price was at $74.43.   
According to Keefe, Bruyette & Woods, the prior rating for Moelis & Co (NYSE:MC) was changed from Outperform to Market Perform. In the fourth quarter, Moelis & Co showed an EPS of $1.42, compared to $1.99 from the year-ago quarter. At the moment, the stock has a 52-week-high of $77.49 and a 52-week-low of $43.73. Moelis & Co closed at $46.28 at the end of the last trading period.   
According to Colliers Securities, the prior rating for Tufin Software Technologies Ltd (NYSE:TUFN) was changed from Buy to Neutral. For the fourth quarter, Tufin Software had an EPS of $0.04, compared to year-ago quarter EPS of $0.03. At the moment, the stock has a 52-week-high of $13.50 and a 52-week-low of $7.50. Tufin Software closed at $9.03 at the end of the last trading period.   
According to Sidoti & Co., the prior rating for NorthWestern Corp (NASDAQ:NWE) was changed from Buy to Neutral. For the fourth quarter, NorthWestern had an EPS of $1.04, compared to year-ago quarter EPS of $1.29. The stock has a 52-week-high of $70.80 and a 52-week-low of $53.66. At the end of the last trading period, NorthWestern closed at $60.98.   
Barrington Research downgraded the previous rating for Landec Corp (NASDAQ:LNDC) from Outperform to Market Perform. Landec earned $0.08 in the third quarter, compared to $0.09 in the year-ago quarter. The current stock performance of Landec shows a 52-week-high of $12.88 and a 52-week-low of $7.65. Moreover, at the end of the last trading period, the closing price was at $11.33.   
Truist Securities downgraded the previous rating for Celularity Inc (NASDAQ:CELU) from Buy to Hold. At the moment, the stock has a 52-week-high of $13.40 and a 52-week-low of $3.63. Celularity closed at $9.40 at the end of the last trading period.   
According to Jefferies, the prior rating for TotalEnergies SE (NYSE:TTE) was changed from Buy to Hold. TotalEnergies earned $2.55 in the fourth quarter, compared to $0.46 in the year-ago quarter. At the moment, the stock has a 52-week-high of $60.03 and a 52-week-low of $40.33. TotalEnergies closed at $50.19 at the end of the last trading period.   
Raymond James downgraded the previous rating for United Community Banks Inc (NASDAQ:UCBI) from Outperform to Market Perform. United Community Banks earned $0.64 in the fourth quarter, compared to $0.68 in the year-ago quarter. The stock has a 52-week-high of $39.32 and a 52-week-low of $27.62. At the end of the last trading period, United Community Banks closed at $33.13.   
Raymond James downgraded the previous rating for PCB Bancorp (NASDAQ:PCB) from Outperform to Market Perform. For the fourth quarter, PCB Bancorp had an EPS of $0.70, compared to year-ago quarter EPS of $0.38. The current stock performance of PCB Bancorp shows a 52-week-high of $26.04 and a 52-week-low of $13.97. Moreover, at the end of the last trading period, the closing price was at $21.75.   
For The Shyft Group Inc (NASDAQ:SHYF), DA Davidson downgraded the previous rating of Buy to Neutral. In the fourth quarter, Shyft Group showed an EPS of $0.56, compared to $0.27 from the year-ago quarter. The stock has a 52-week-high of $54.50 and a 52-week-low of $31.75. At the end of the last trading period, Shyft Group closed at $34.45.   
B of A Securities downgraded the previous rating for Avis Budget Group Inc (NASDAQ:Full story available on Benzinga.com",2022-04-06 14:16:31+00:00,https://www.benzinga.com/analyst-ratings/upgrades/22/04/26499823/benzingas-top-ratings-upgrades-downgrades-for-april-6-2022,Benzinga,-0.03256704980842912,0.10153256704980841,neutral,0.03256704980842912,False,True,True,False,False,False,False,False,0.0,8041,"['PJT', 'ABMD', 'INVH', 'BMY', 'NYXH', 'CANO', 'ARRY', 'APTV', 'CAR', 'HYZN', 'SHC', 'BLDR', 'AY', 'CFR', 'CELU', 'QTEK', 'CRMT', 'GTES', 'GPN', 'UPST', 'FISV', 'ARVN', 'GWW', 'PCB', 'GLAD', 'AXNX', 'IR', 'BLUE', 'INSP', 'GOSS', 'KMT', 'MC', 'ISRG', 'SWAV', 'KMX', 'SYF', 'JAZZ', 'SILK', 'LEA', 'BANC', 'JBLU', 'TUFN', 'NWE', 'NVRO', 'LNDC', 'IMRA', 'OXY', 'RMD', 'PYPL', 'MASI', 'ZNTL', 'WSR', 'CGNT', 'MKTX', 'SHYF', 'TREX', 'SQ', 'RPRX', 'NPCE', 'VC', 'LIVN', 'UCBI', 'TTE', 'SAVE', 'IRTC', 'AMP', 'ATIP']",CELU,2022-04-06
Celularity Appoints Industry Leader Diane Parks to its Board of Directors,Pharmaceutical and Biotech Industry Veteran Brings Significant Strategic Development and Commercialization Expertise Launching New Cellular Therapies Pharmaceutical and Biotech Industry Veteran Brings Significant Strategic Development and Commercialization Expertise Launching New Cellular Therapies,2022-06-03 12:00:00+00:00,https://www.globenewswire.com/news-release/2022/06/03/2455947/0/en/Celularity-Appoints-Industry-Leader-Diane-Parks-to-its-Board-of-Directors.html,GlobeNewswire Inc.,0.17045454545454544,0.4431818181818182,positive,0.17045454545454544,False,False,False,False,True,False,True,False,0.0,374,['CELU'],CELU,2022-06-03
Celularity To Be Added To The Russell 3000® Index And The Small-Cap Russell 2000®,"FLORHAM PARK, N.J., June  08, 2022  (GLOBE NEWSWIRE) -- Celularity Inc. (Nasdaq: CELU) (“Celularity”), a clinical-stage biotechnology company developing placental-derived off-the-shelf allogeneic cell therapies, today announced it is set to join the broad-market Russell 3000 and the Russell 2000 Indexes at the conclusion of the 2022 Russell indexes annual reconstitution, effective after the U.S. market opens on June 27, 2022 according to a preliminary list of additions posted June 3, 2022.",2022-06-08 20:10:00+00:00,https://www.globenewswire.com/news-release/2022/06/08/2459199/0/en/Celularity-To-Be-Added-To-The-Russell-3000-Index-And-The-Small-Cap-Russell-2000.html,GlobeNewswire Inc.,0.6,0.8,positive,0.6,False,False,False,False,False,False,False,False,0.0,577,['CELU'],CELU,2022-06-08
U.S. Stocks Open Higher; CarMax Posts Upbeat Earnings,"U.S. stocks traded higher this morning, with the Dow Jones gaining more than 500 points on Friday.
The Dow traded up 1.74% to 31,212.65 while the NASDAQ rose 2.26% to 11,486.42. The S&P also rose, gaining, 2.02% to 3,872.24.
Also check this: 3 Stocks Under $1 Insiders Are Buying 

Leading and Lagging Sectors

Financials shares jumped by 2.8% on Friday. Meanwhile, top gainers in the sector included  Azure Power Global Limited (NYSE: AZRE), up 29% and  Cadiz Inc.  (NASDAQ: CDZI) up 13%.

In trading on Friday, utilities shares rose by just 0.7%.

Top Headline

CarMax, Inc. (NYSE: KMX) reported better-than-expected results for its first quarter.
CarMax reported first-quarter FY23 sales growth of 21% year-on-year to $9.31 billion, beating the consensus of $9.12 billion. EPS of $1.56 beat the consensus of $1.49.

Equities Trading UP

USA Truck, Inc.  (NASDAQ: USAK) shares shot up 110% to $30.76. DB Schenker and USA Truck announced plans to combine and create premier North American transportation solutions provider.

Shares of  Zendesk, Inc.  (NYSE: ZEN) got a boost, shooting 28% to $73.94. Global investment firms ...",2022-06-24 14:48:39+00:00,https://www.benzinga.com/news/earnings/22/06/27844422/u-s-stocks-open-higher-carmax-posts-upbeat-earnings,Benzinga,0.2985714285714286,0.48841269841269846,positive,0.2985714285714286,True,True,True,False,False,False,False,False,0.0,1183,"['CAMP', 'CDZI', 'USAK', 'KMX', 'ZEN', 'AVYA', 'AZRE', 'CELU', 'JCSE']",CELU,2022-06-24
"Zendesk, Quotient, + 40 Stocks Moving In Friday's Mid-Day Session","Gainers

USA Truck, Inc.  (NASDAQ: USAK) shares jumped 111% to $30.76. DB Schenker and USA Truck announced plans to combine and create premier North American transportation solutions provider.
ToughBuilt Industries, Inc.  (NASDAQ: TBLT) jumped 78.2% to $3.10 after jumping 26% on Thursday. ToughBuilt Industries reported closing of $6 million public offering.
Benitec Biopharma Inc. (NASDAQ: BNTC) surged 67.6% to $1.24. Benitec Biopharma, last month, posted a Q3 loss of $0.40 per share.
Wrap Technologies, Inc. (NASDAQ: WRAP) gained 48% to $2.77 in possible anticipation of protests after the US Supreme Court overturned Roe vs Wade. The company develops policing solutions to law enforcement and security personnel.
Evofem Biosciences, Inc. (NASDAQ: EVFM) jumped 33% to $0.4230. Evofem Biosciences recently announced results of post hoc analysis of registrational Phase 3 AMPOWER trial.
Zendesk, Inc.  (NYSE: ZEN) gained 27.5% to $73.88. Global investment firms Permira and Hellman & Friedman LLC agreed to takeover Zendesk in an all-cash transaction that values Zendesk at $10.2 billion.
Greenlane Holdings, Inc.  (NASDAQ: GNLN) shares rose 22.4% to $0.3217 after the company said it has begun shipping previously-restricted electronic nicotine delivery systems via a USPS exemption.
Molecular Templates, Inc. (NASDAQ: MTEM) climbed 21.1% to $1.15.
Anebulo Pharmaceuticals, Inc. (NASDAQ: ANEB) surged 20.6% to $5.10. Anebulo Pharmaceuticals will announce topline data for ANEB-001 from an ongoing Phase 2 clinical trial for acute cannabinoid intoxication on ...",2022-06-24 16:07:20+00:00,https://www.benzinga.com/news/22/06/27846005/zendesk-quotient-40-stocks-moving-in-fridays-mid-day-session,Benzinga,0.15,0.4041666666666666,positive,0.15,True,False,True,False,False,False,False,True,0.0,1632,"['AVYA', 'JANX', 'NVX', 'MTEM', 'LVOX', 'PTN', 'LYL', 'MITQ', 'CAMP', 'PETZ', 'CELU', 'TREE', 'EVFM', 'PRDS', 'USAK', 'BHC', 'TCRT', 'CCL', 'TBLT', 'GNS', 'OII', 'MDJH', 'LLAP', 'RCL', 'PBTS', 'JCSE', 'WRAP', 'BHAT', 'PEV', 'XXII', 'GNLN', 'NRBO', 'WKEY', 'EVOK', 'AKUS', 'QTNT', 'UPC', 'ZEN', 'VALN', 'BSGM', 'ANEB', 'BNTC']",CELU,2022-06-24
"Akerna Shares Dip 53%, Here's 78 Biggest Movers From Yesterday","Gainers

Revelation Biosciences, Inc.  (NASDAQ: REVB) surged 77.4% to close at $1.11 on Thursday after jumping 27% on Wednesday. Revelation Biosciences recently announced completion of dosing for Phase 1b CLEAR clinical study of REVTx-99b for the treatment of allergic rhinitis.
Ensysce Biosciences, Inc. (NASDAQ: ENSC) climbed 73.1% to settle at $0.8684.
Fast Radius, Inc. (NASDAQ: FSRD) gained 37.2% to close at $0.6296.
Yoshitsu Co., Ltd (NASDAQ: TKLF) jumped 36.3% to close at $1.69.
Rapid Micro Biosystems, Inc. (NASDAQ: RPID) jumped 35.2% to settle at $4.30 after Kennedy Lewis Investment Management LLC announced an offer to acquire Rapid Micro Biosystems.
Aytu BioPharma, Inc. (NASDAQ: AYTU) gained 33.6% to close at $0.69. Aytu BioPharma appointed Vivian Liu to the company's board of directors, effective July 1, 2022.
RiceBran Technologies (NYSE: RIBT) surged 29.6% to close at $0.67.
Ipsidy Inc. (NASDAQ: AUID) gained 29.3% to close at $1.94.
Volcon, Inc. (NASDAQ: VLCN) rose 26.9% to settle at $1.84.
Tuniu Corporation (NASDAQ: TOUR) surged 26% to close at $1.05.
NeuroSense Therapeutics Ltd.  (NASDAQ: NRSN) shares gained 23.4% to close at $3.38 after the company announced results from a biomarker study to evaluate the potential of CogniC, a combination drug for Alzheimer's disease (AD).
Immunome, Inc. (NASDAQ: IMNM) gained 22.1% to close at $3.21.
Biodesix, Inc. (NASDAQ: BDSX) surged 21.5% to close at $1.64. Philips incorporated Biodesix blood-based proteomic nodule risk assessment testing into lung cancer orchestrator to advance early lung cancer diagnosis.
Franklin Covey Co. (NYSE: FC) surged 21.4% to close at $46.18 after reporting Q3 results.
Celularity Inc. (NASDAQ: CELU) gained 21% to settle at $3.40.
Kewaunee Scientific Corporation (NASDAQ: KEQU) climbed 20.9% to close at $16.62.
Pharming Group N.V. (NASDAQ: PHAR) gained 20.3% to close at $8.76.
Dermata Therapeutics, Inc. (NASDAQ: DRMA) climbed 19.7% to close at $0.6501.
Revlon, Inc. (NYSE: REV) climbed 18.1% to close at $5.42 on continued post-bankruptcy volatility. The stock has been mentioned on social media as a potential short squeeze candidate.
Aspen Aerogels, Inc. (NYSE: ASPN) shares climbed 17.2% to close at $9.88 after the company announced its decision not to proceed with concurrent public offerings of common stock and green convertible senior notes due 2027.
ADS-TEC Energy PLC (NASDAQ: ADSE) gained 17.1% to close at $6.64.
Hippo Holdings Inc. (NYSE: HIPO) surged 15.9% to close at $0.8786.
Evofem Biosciences, Inc.  (NASDAQ: EVFM) rose 15.2% to close at $1.13. Evofem Biosciences recently announced an agreement with a pharmacy benefit manager.
Accelerate Diagnostics, Inc. (NASDAQ: AXDX) gained 15% to close at $0.9927.
EZFill Holdings Inc. (NASDAQ: EZFL) climbed 14.3% to close at $0.80.
Silver Spike Investment Corp. (NASDAQ: SSIC) gained 14.3% to close ...",2022-07-01 08:52:58+00:00,https://www.benzinga.com/news/22/07/27928314/akerna-shares-dip-53-heres-78-biggest-movers-from-yesterday,Benzinga,0.10052083333333334,0.5057291666666666,positive,0.10052083333333334,False,True,False,False,False,False,True,False,0.0,2932,"['CANF', 'ICVX', 'AYTU', 'SGH', 'KAL', 'ALRN', 'HIPO', 'ATXI', 'AEZS', 'NMTR', 'MARK', 'DRMA', 'CULP', 'AMRN', 'ADTX', 'RNLX', 'GROV', 'EZFL', 'ALNA', 'COMS', 'IMNM', 'PHAR', 'TYDE', 'EVFM', 'CYCC', 'BDSX', 'RPID', 'FWBI', 'ENOB', 'ENDP', 'CNTB', 'MREO', 'VLCN', 'VRCA', 'KEQU', 'LIDR', 'AXDX', 'ENJY', 'XCUR', 'LXRX', 'NCTY', 'NXTP', 'AGRX', 'NRSN', 'HYPR', 'BBI', 'TALS', 'TOUR', 'ADSE', 'IPX', 'DCT', 'FEMY', 'ASPN', 'TKLF', 'REVB', 'FC', 'NLIT', 'SMPL', 'FSRD', 'APLT', 'REV', 'ENSC', 'ANGN', 'HTCR', 'CDAK', 'CGC', 'SSIC', 'RIBT', 'LYT', 'KERN', 'AEMD', 'CELU', 'PETV', 'BPTS', 'CPS', 'AUID', 'AHI', 'BORR']",CELU,2022-07-01
"Bionano Genomics, Inc. (BNGO) Reports Q2 Loss, Tops Revenue Estimates","Bionano Genomics, Inc. (BNGO) delivered earnings and revenue surprises of -10% and 7.58%, respectively, for the quarter ended June 2022. Do the numbers hold clues to what lies ahead for the stock?",2022-08-04 22:55:14+00:00,https://www.zacks.com/stock/news/1964376/bionano-genomics-inc-bngo-reports-q2-loss-tops-revenue-estimates,Zacks Investment Research,0.0,0.1,neutral,0.0,True,False,False,False,False,False,False,False,0.0,267,"['BNGO', 'CELU']",CELU,2022-08-04
"Caribou Biosciences, Inc. (CRBU) Reports Q2 Loss, Tops Revenue Estimates","Caribou Biosciences, Inc. (CRBU) delivered earnings and revenue surprises of -24.32% and 48.39%, respectively, for the quarter ended June 2022. Do the numbers hold clues to what lies ahead for the stock?",2022-08-09 21:25:07+00:00,https://www.zacks.com/stock/news/1966278/caribou-biosciences-inc-crbu-reports-q2-loss-tops-revenue-estimates,Zacks Investment Research,0.0,0.1,neutral,0.0,True,False,False,False,False,False,False,False,0.0,277,"['CRBU', 'CELU']",CELU,2022-08-09
"Celularity, Inc. (CELU) Q2 Earnings Beat Estimates","Celularity, Inc. (CELU) delivered earnings and revenue surprises of 111.54% and 32.66%, respectively, for the quarter ended June 2022. Do the numbers hold clues to what lies ahead for the stock?",2022-08-09 23:45:09+00:00,https://www.zacks.com/stock/news/1966393/celularity-inc-celu-q2-earnings-beat-estimates,Zacks Investment Research,0.0,0.1,neutral,0.0,True,False,False,False,False,False,False,False,0.0,246,"['CELU', 'ILMN']",CELU,2022-08-09
Celularity Announces Participation in Upcoming Investor Conferences,"FLORHAM PARK, N.J., Sept.  06, 2022  (GLOBE NEWSWIRE) -- Celularity Inc. (Nasdaq: CELU) (“Celularity”), a clinical-stage biotechnology company developing placental-derived allogeneic cell therapies, today announced that Robert Hariri, M.D., Ph.D., Founder, Chairman and Chief Executive Officer of Celularity, will participate in fireside chats at the following investor conferences:",2022-09-06 20:10:00+00:00,https://www.globenewswire.com/news-release/2022/09/06/2510915/0/en/Celularity-Announces-Participation-in-Upcoming-Investor-Conferences.html,GlobeNewswire Inc.,0.0,0.1,neutral,0.0,False,False,False,False,False,False,False,False,0.0,451,['CELU'],CELU,2022-09-06
"HC Wainwright Cuts Price Target On This Stock By 73%, Also Check Out Other Major PT Changes Here","Susquehanna cut the price target on  Baidu, Inc. (NASDAQ: BIDU) from $200 to $195. Susquehanna analyst Shyam Patil maintained the stock with a Positive rating. Baidu shares rose 0.7% to $139.38 in pre-market trading.
Morgan Stanley lowered the price target for  Celularity Inc.  (NASDAQ: CELU) from $8 to $5. Morgan Stanley analyst Jeffrey Hung maintained the stock with an Equal-Weight. Celularity shares rose 1.6% to $2.50 on Friday.
BMO Capital raised the price ...",2022-09-12 12:44:36+00:00,https://www.benzinga.com/news/22/09/28828458/hc-wainwright-cuts-price-target-on-this-stock-by-73-also-check-out-other-major-pt-changes-here,Benzinga,0.27295454545454545,0.6640909090909091,positive,0.27295454545454545,False,False,False,False,False,False,False,False,0.0,566,"['BIDU', 'NLTX', 'BMY', 'CMA', 'TMO', 'CHTR', 'CELU']",CELU,2022-09-12
Where Celularity Stands With Analysts,"Analysts have provided the following ratings for Celularity (NASDAQ:CELU) within the last quarter: 




Bullish
Somewhat Bullish
Indifferent
Somewhat Bearish
Bearish




Total Ratings
2
0
2
0
0


Last 30D
0
0
1
0
0


1M Ago
1
0
1
0
0


2M Ago
0
0
0
0
0


3M Ago
1
0
0
0
0



In the last 3 months, 4 analysts have offered 12-month price targets for Celularity. The company has an average price target of $10.25 with a high of $15.00 and a low of $5.00. 
Below is a summary of how these 4 analysts rated Celularity over the past 3 months. The greater the number of bullish ratings, the more positive analysts are on the stock and the greater the number of bearish ...Full story available on Benzinga.com",2022-09-12 14:22:00+00:00,https://www.benzinga.com/analyst-ratings/22/09/28830518/where-celularity-stands-with-analysts,Benzinga,0.1348051948051948,0.3561038961038961,positive,0.1348051948051948,False,False,False,False,False,False,False,False,0.0,740,['CELU'],CELU,2022-09-12
"Planet Labs, Core & Main And Some Other Big Stocks Moving Higher On Tuesday","U.S. stocks traded lower, with the Dow Jones tumbling more than 800 points on Tuesday. Here are some big stocks recording gains in today’s session.

NeuroBo Pharmaceuticals, Inc.  (NASDAQ: NRBO) surged 186% to $47.69 as the stock started trading on a 1-for-30 reverse split basis.
Akero Therapeutics, Inc.  (NASDAQ: AKRO) shares gained 111% to $25.88 after the company's Phase 2b HARMONY study met its primary endpoint for both the 50mg and 28mg EFX dose groups.
VNET Group, Inc. (NASDAQ: VNET) jumped 30.7% to $6.13 after the company ...",2022-09-13 15:30:39+00:00,https://www.benzinga.com/news/22/09/28851496/planet-labs-core-main-and-some-other-big-stocks-moving-higher-on-tuesday,Benzinga,0.17023809523809524,0.34404761904761905,positive,0.17023809523809524,False,False,False,False,False,True,False,False,0.0,615,"['AEHR', 'CPRX', 'LXU', 'PL', 'VNET', 'NRBO', 'CNCE', 'LI', 'AKRO', 'CELU', 'CNM', 'TRDA']",CELU,2022-09-13
"Why Amazon, Microsoft, Apple Shares Are Trading Lower, Here Are 50 Stocks Moving In Tuesday's Mid-Day Session","Gainers

NeuroBo Pharmaceuticals, Inc.  (NASDAQ: NRBO) jumped 186% to $47.69 as the stock started trading on a 1-for-30 reverse split basis.
Akero Therapeutics, Inc.  (NASDAQ: AKRO) shares climbed 111% to $25.88 after the company's Phase 2b HARMONY study met its primary endpoint for both the 50mg and 28mg EFX dose groups.
Comera Life Sciences Holdings, Inc. (NASDAQ: CMRA) rose 47.4% to $2.83 after a late Monday Form 4 filing showed multiple insider purchases of the stock.
89bio, Inc. (NASDAQ: ETNB) shares gained 32.4% to $6.62. Analysts reportedly said Akero's NASH data could be a positive for the company's Pegoza program in NASH.
VNET Group, Inc. (NASDAQ: VNET) surged 30.7% to $6.13 after the company announced the receipt of a preliminary non-binding proposal to acquire all of its shares and formation of a special committee to review the proposal.
Hycroft Mining Holding Corporation (NASDAQ: HYMC) gained 28% to $1.0199. The company earlier reported initial drill results from its 2022-2023 exploration program.
Aditxt, Inc. (NASDAQ: ADTX) gained 26% to $0.2188.
Aprea Therapeutics, Inc. (NASDAQ: APRE) jumped 26% to $1.00.
Planet Labs PBC  (NYSE: PL) rose 15.1% to $6.24 after the company reported better-than-expected Q2 results and raised guidance.
Tyme Technologies, Inc.  (NASDAQ: TYME) rose 14.7% to $0.2950 after gaining around 4% on Monday.
Fresh Track Therapeutics, Inc. (NASDAQ: FRTX) surged 14.7% to $2.42. Fresh Tracks Therapeutics initiated multiple ascending dose portion of Phase 1 study of DYRK1A inhibitor FRTX-02.
Motorsport Games Inc. (NASDAQ: MSGM) gained 13.7% to $0.8603. Motorsport Games, last month, reported worse-than-expected Q2 EPS results.
Catalyst Pharmaceuticals, Inc. (NASDAQ: CPRX) rose 13.3% to $17.16. S&P Dow Jones Indices said Catalyst Pharmaceuticals will replace Mantech International Corp. in S&P Smallcap 600 on September 15.
Syros Pharmaceuticals, Inc. (NASDAQ: SYRS) shares rose 13% to $0.8250 after the FDA granted Syros Pharmaceuticals ...",2022-09-13 16:32:58+00:00,https://www.benzinga.com/news/22/09/28852588/why-amazon-microsoft-apple-shares-are-trading-lower-here-are-50-stocks-moving-in-tuesdays-mid-day-se,Benzinga,0.2520244461420932,0.501973516679399,positive,0.2520244461420932,False,True,True,False,False,True,False,False,0.0,2108,"['BSFC', 'APP', 'FRTX', 'NRBO', 'ZNTL', 'AAPL', 'APRE', 'CRDF', 'AEHR', 'W', 'HYMC', 'AMZN', 'INM', 'ADTX', 'CPRX', 'BNTC', 'PYPD', 'MSFT', 'HKD', 'RLAY', 'RENT', 'SYRS', 'MSGM', 'LXU', 'CVNA', 'TUEM', 'PL', 'TYME', 'WKME', 'PACB', 'RCKT', 'CELU', 'IBIO', 'RUBY', 'CNM', 'VNET', 'PTON', 'SLNH', 'ASAN', 'CDAK', 'BRZE', 'U', 'AKRO', 'CMRA', 'NCRA', 'BBIO', 'YOSH', 'UPST', 'ETNB']",CELU,2022-09-13
Celularity Enters Into $150 Million Pre-Paid Advance Agreement with Yorkville,"FLORHAM PARK, N.J., Sept.  15, 2022  (GLOBE NEWSWIRE) -- Celularity Inc. (Nasdaq: CELU) (“Celularity”), a clinical-stage biotechnology company developing placental-derived allogeneic cell therapies, today announced that it entered into a Pre-Paid Advance Agreement (the “Agreement”) with YA II PN, LTD (“Yorkville”), an affiliate of Yorkville Advisors Global, LP.",2022-09-15 18:29:00+00:00,https://www.globenewswire.com/news-release/2022/09/15/2517236/0/en/Celularity-Enters-Into-150-Million-Pre-Paid-Advance-Agreement-with-Yorkville.html,GlobeNewswire Inc.,0.0,0.0,neutral,0.0,False,False,False,False,False,False,False,False,0.0,442,['CELU'],CELU,2022-09-15
Wall Street Stock Market Today: Penny Stocks To Watch Before Fed Meeting,"What To Watch With 5 Hot Penny Stocks This Week
The post Wall Street Stock Market Today: Penny Stocks To Watch Before Fed Meeting appeared first on Penny Stocks to Buy, Picks, News and Information | PennyStocks.com.",2022-09-20 01:30:37+00:00,https://pennystocks.com/featured/2022/09/19/wall-street-stock-market-today-penny-stocks-to-watch-before-fed-meeting/,PennyStocks,0.25,0.5916666666666667,positive,0.25,False,True,False,False,False,False,False,False,0.0,289,"['ADN', 'AVYA', 'CDE', 'CELU']",CELU,2022-09-20
Why KnowBe4 Shares Jumped Over 28%; Here Are 79 Biggest Movers From Yesterday,"Gainers

Ventoux CCM Acquisition Corp. (NASDAQ: VTAQ) shares jumped 54.6% to settle at $7.05 on Monday.
Purple Innovation, Inc.  (NASDAQ: PRPL) shares surged 39.4% to close at $3.89 after the company confirmed that it received an unsolicited, non-binding proposal from Coliseum Capital Management to acquire all of the outstanding capital stock of Purple for $4.35 per share.
Troika Media Group, Inc. (NASDAQ: TRKA) gained 33.3% to close at $0.4021.
BYND Cannasoft Enterprises Inc.  (NASDAQ: BCAN) rose 32.5% to close at $2.95 after the company announced it has signed a share purchase agreement to acquire 100% ownership of Zigi Carmel Initiatives & Investments for $28 million in stock.
KnowBe4, Inc. (NASDAQ: KNBE) gained 28.2% to close at $22.17 after the company confirmed it received a non-binding proposal from Vista Equity Partners Management to acquire all of the outstanding shares of the company for $24 per share.
American Virtual Cloud Technologies, Inc. (NASDAQ: AVCT) gained 28.1% to close at $0.2370.
Allakos Inc. (NASDAQ: ALLK) rose 27.5% to settle at $5.84 after the company priced an underwritten offering of roughly 29.88 million shares of common stock at $5.02 per share.
Winc, Inc. (NYSE: WBEV) gained 26.8% to close at $0.90. Winc, last month, posted a Q2 loss of $0.32 per share
Tiziana Life Sciences Ltd (NASDAQ: TLSA) rose 24.8% to close at $0.6862. Tiziana Life Sciences recently announced purchase of 29,318 common shares by Executive Chairman.
Marpai, Inc. (NASDAQ: MRAI) gained 22.5% to settle at $1.17.
AlerisLife Inc. (NASDAQ: ALR) jumped 19.8% to close at $1.33. AlerisLife announced the appointment of Heather Pereira as Senior Vice President, CFO and Treasurer.
ShiftPixy, Inc. (NASDAQ: PIXY) jumped 19.5% to close at $24.12.
Coeur Mining, Inc. (NYSE: CDE) gained 17.5% to close at $3.35. Coeur announced agreement to sell Southern Nevada Holdings for upfront cash consideration of $150 million, and deferred cash consideration of $50 million.
Sharecare, Inc. (NASDAQ: SHCR) rose 17.4% to settle at $1.96 after the company received three-year Wellness and Health Promotion Accreditation by the National Committee for Quality Assurance for its lifestyle and disease management interventions.
Mega Matrix Corp. (NYSE: MTMT) gained 16.7% to close at $1.40.
Wix.com Ltd. (NYSE: WIX) jumped 15.7% to settle at $85.26 after Starboard Value disclosed a 9% active stake in the company.
Mill City Ventures III, Ltd. (NASDAQ: MCVT) gained 14.7% to close at $2.11.
Studio City International Holdings Limited (NYSE: MSC) surged 13.3% to settle at $2.04.
Secoo Holding Limited  (NASDAQ: SECO) rose 13.2% to settle at $0.3972. Aladdin Technology Group recently agreed to invest RMB1.3 million in the company.
VEON Ltd. (NASDAQ: VEON) rose 13.1% to close at $0.4071 after dropping 18% on Friday. VEON Group’s consolidated revenue rose 3.1% year-on-year for ...",2022-09-20 07:16:21+00:00,https://www.benzinga.com/news/22/09/28925598/why-knowbe4-shares-jumped-over-28-here-are-79-biggest-movers-from-yesterday,Benzinga,0.21842650103519667,0.576190476190476,positive,0.21842650103519667,True,True,True,False,True,False,True,False,0.0,2959,"['BLRX', 'FRGE', 'SECO', 'LCI', 'BCTX', 'TLSA', 'MTMT', 'VS', 'VGZ', 'IBRX', 'SHC', 'GWAV', 'ALLK', 'ATHX', 'DSGN', 'GROV', 'SOUN', 'MSC', 'AVCT', 'TRKA', 'BLUE', 'CNXA', 'AXLA', 'DVAX', 'KNBE', 'VALN', 'WIX', 'PGY', 'RCRT', 'PRPL', 'SHCR', 'NBRV', 'BCAN', 'MRNA', 'SMCI', 'EJH', 'MCVT', 'QBTS', 'IPHA', 'CDE', 'CELU', 'HKD', 'AKLI', 'SONN', 'CTV', 'VEEE', 'SYRS', 'HPCO', 'NKLA', 'NAT', 'ICCM', 'EFSH', 'WLDS', 'INZY', 'RGS', 'TNK', 'UTRS', 'IIPR', 'KITT', 'XPEV', 'PET', 'WBEV', 'VEON', 'AMPX', 'AEHL', 'ALR', 'MRAI', 'NXL', 'FOXO', 'PBLA', 'APDN', 'HLGN', 'PIXY', 'VIRI', 'IBIO', 'LCFY', 'VERU', 'VTAQ']",CELU,2022-09-20
Why Stabilis Solutions Shares Jumped Over 71%; Here Are 70 Biggest Movers From Yesterday,"Gainers

Stabilis Solutions, Inc.  (NASDAQ: SLNG) shares climbed 71.3% to close at $8.84 after the company announced it has received authorization from the U.S. Department of Energy to export domestically produced liquefied natural gas to all free trade and non-free trade countries.
ECMOHO Limited (NASDAQ: MOHO) surged 50.3% to close at $0.1744. ECMOHO announced that it has received delisting notice from the Nasdaq. The company said it has elected to not appeal Nasdaq Listing Qualifications Department's determination.
IDEX Biometrics ASA (NASDAQ: IDBA) gained 21.4% to close at $6.96. IDEX Biometrics and Sentry Enterprises will launch biometric smart card for digital authentication.
Kaixin Auto Holdings (NASDAQ: KXIN) gained 20.4% to settle at $0.7823.
Cepton, Inc. (NASDAQ: CPTN) rose 17.4% to close at $2.09 after the company announced a collaboration with NVIDIA to add Cepton lidar models into NVIDIA DRIVE Sim.
FREYR Battery (NYSE: FREY) climbed 17.1% to settle at $15.39. Morgan Stanley maintained FREYR Battery with an Overweight and raised the price target from $18 to $26.
QualTek Services Inc. (NASDAQ: QTEK) gained 15.3% to close at $1.28.
Semantix, Inc. (NASDAQ: STIX) jumped 14.8% to close at $2.95.
Evaxion Biotech A/S (NASDAQ: EVAX) rose 14.2% to close at $2.33 as the company reached an important milestone announcing that it had enrolled its first patient in the global phase 2b clinical trial of EVX-01, its personalized cancer therapy.
Air T, Inc. (NASDAQ: AIRT) gained 14.2% to settle at $22.17.
Winc, Inc. (NYSE: WBEV) jumped 12% to close at $1.03. Winc announced on September 19, Geoffrey Mcfarlane, CEO stepped down, effective immediately.
Fennec Pharmaceuticals Inc. (NASDAQ: FENC) gained 11.9% to close at $8.54. Fennec Pharmaceuticals announced the FDA approval of PEDMARK.
Bone Biologics Corporation (NASDAQ: BBLG) gained 11.4% to close at $1.17.
Twin Vee Powercats Co. (NASDAQ: VEEE) rose 10.4% to settle at $3.30.
Codere Online Luxembourg, S.A. (NASDAQ: CDRO) gained 8.7% to close at $3.01.
Maravai LifeSciences Holdings, Inc. (NASDAQ: MRVI) rose 8% to close at $25.09.
Celularity Inc. (NASDAQ: CELU) gained 7.9% to close at $2.61.
Starry Group Holdings, Inc. (NYSE: STRY) rose 7.7% to close at $1.95.
AnPac Bio-Medical Science Co., Ltd. (NASDAQ: ANPC) rose 7% to close at $0.1605.
SmartRent, Inc. (NASDAQ: SMRT) gained 6.7% to settle at $2.71.
Apollo Medical Holdings, Inc. (NASDAQ: AMEH) gained 6.6% to close at $41.71. William Blair initiated coverage on Apollo Medical with an Outperform rating.
FOXO Technologies Inc. (NYSE: FOXO) rose 6.2% to close at ...",2022-09-22 08:04:05+00:00,https://www.benzinga.com/news/22/09/28959897/why-stabilis-solutions-shares-jumped-over-71-here-are-70-biggest-movers-from-yesterday,Benzinga,0.3124895572263993,0.5819966583124476,positive,0.3124895572263993,False,False,True,False,True,False,True,False,0.2,2689,"['STKH', 'ZVO', 'AIRT', 'VTAQ', 'TNDM', 'STIX', 'KXIN', 'ATHX', 'IDBA', 'ACB', 'SHPH', 'NIO', 'MGAM', 'DSGN', 'HCM', 'AMPX', 'MOHO', 'SMIT', 'FREY', 'BBLG', 'FOXO', 'YGMZ', 'SMRT', 'CELU', 'IRTC', 'HOLO', 'ANPC', 'GIS', 'VEEE', 'NXL', 'PRTC', 'TCOM', 'ADMP', 'WBEV', 'PIXY', 'WKEY', 'GROV', 'CDRO', 'VERU', 'PGEN', 'QTEK', 'HLGN', 'IMTE', 'PLRX', 'PHUN', 'TCRT', 'FENC', 'SOBR', 'IDAI', 'CPTN', 'ZLAB', 'QH', 'AMEH', 'FRGE', 'SESN', 'XPEV', 'NRBO', 'STRY', 'ALLO', 'MRVI', 'MEDS', 'SVRE', 'PBTS', 'MSGM', 'ICPT', 'BCAN', 'SLNG', 'EVAX', 'TMC', 'FIP']",CELU,2022-09-22
Celularity Promotes Two Executives in Executive Leadership Team,"FLORHAM PARK, N.J., Oct.  06, 2022  (GLOBE NEWSWIRE) -- Celularity Inc. (Nasdaq: CELU) (“Celularity”), a clinical-stage biotechnology company developing placenta-derived allogeneic cell therapies, announced the promotion of two senior executives and the formation of a new Executive Committee.",2022-10-06 12:00:00+00:00,https://www.globenewswire.com/news-release/2022/10/06/2529432/0/en/Celularity-Promotes-Two-Executives-in-Executive-Leadership-Team.html,GlobeNewswire Inc.,0.13636363636363635,0.45454545454545453,positive,0.13636363636363635,False,False,False,False,False,False,False,False,0.0,358,['CELU'],CELU,2022-10-06
Why Norwegian Cruise Line Shares Climbed By Around 12%; Here Are 66 Biggest Movers From Yesterday,"Gainers

Pintec Technology Holdings Limited (NASDAQ: PT) shares jumped 216.2% to close at $0.9058 on Wednesday.
Agrify Corporation (NASDAQ: AGFY) climbed 88% to close at $ 0.9540 on Wednesday after climbing over 32% on Tuesday.
FLJ Group Limited (NASDAQ: FLJ) jumped 86.3% to close at $2.85 on Wednesday.
9F Inc. (NASDAQ: JFU) gained 83.4% to close at $0.3485.
FOXO Technologies Inc. (NASDAQ: FOXO) jumped 59.3% to close at $1.43 after the company announced its insurance distribution subsidiary, FOXO LIFE, recruited its first distribution partner, BGA Insurance, to begin product rollout in California.
Happiness Development Group Limited (NASDAQ: HAPP) climbed 59.1% to close at $3.85. Happiness Development Group shareholders approved a 1 for 20 reverse split of ordinary shares.
Hempacco Co., Inc.  (NASDAQ: HPCO) shares gained 43.4% to close at $3.14 after the company reported a 486% year-on-year jump in first-half FY22 revenue to about $2.8 million.
mCloud Technologies Corp. (NASDAQ: MCLD) jumped 39.4% to close at $2.23.
Code Chain New Continent Limited (NYSE: CCNC) shares climbed 38.8% to close at $0.2290 on Wednesday after declining around 14% on Tuesday.
Vigil Neuroscience, Inc. (NASDAQ: VIGL) gained 37% to close at $13.92.
Applied DNA Sciences, Inc(NASDAQ: APDN) rose 36.5% to close at $2.73. Applied DNA Sciences recently received its largest single purchase order for LinearDNA™ valued above the mid-six-figures.
Aspen Group, Inc. (NASDAQ: ASPU) rose 35.3% to settle at $0.4424 after the company cancelled its equity distribution agreement.
Pineapple Energy Inc.. (NASDAQ: PEGY) jumped 34% to close at $6.70. The stock has been a momentum name for a few weeks now.
Meta Materials Inc. (NASDAQ: MMAT) gained 33% to close at $1.05.
Oriental Culture Holding LTD (NASDAQ: OCG) rose 31.6% to close at $0.89.
Compugen Ltd. (NASDAQ: CGEN) gained 29.2% to close at $0.8521.
Gatos Silver, Inc. (NYSE: GATO) gained 29.1% to close at $3.33. Gatos Silver reported a 59% year-over-year surge in Q3 silver production.
Visionary Education Technology Holdings Group Inc. (NASDAQ: VEDU) gained 28.8% to close at $0.79.
Celularity Inc. (NASDAQ: CELU) gained 20.9% to close at $2.26.
LumiraDx Limited (NASDAQ: LMDX) jumped 20.9% to settle at $1.04.
Adamis Pharmaceuticals Corporation  (NASDAQ: ADMP) surged 18% to close at $0.1728 after jumping over 16% on Tuesday. Adamis Pharmaceuticals recently announced a review of strategic alternatives.
ObsEva SA (NASDAQ: OBSV) rose 16.9% to close at $0.1851 after dropping 3% on Tuesday.
El ...",2022-10-13 10:06:21+00:00,https://www.benzinga.com/news/22/10/29247996/why-norwegian-cruise-line-shares-climbed-by-around-12-here-are-66-biggest-movers-from-yesterday,Benzinga,0.16538961038961036,0.3558225108225108,positive,0.16538961038961036,True,False,False,False,True,True,False,False,0.0,2637,"['MIGI', 'AHG', 'DFLI', 'HAPP', 'AVCT', 'BHG', 'ASPU', 'FLJ', 'OCG', 'BEAT', 'DOCS', 'BLND', 'WE', 'CGEN', 'CTIC', 'CELU', 'FNHC', 'JFU', 'NOVA', 'LMDX', 'NCLH', 'MRNA', 'SSTI', 'UTRS', 'TTOO', 'MFH', 'VOXX', 'GETY', 'LOCO', 'OBLG', 'ALB', 'VIGL', 'CRBP', 'CCNC', 'AZZ', 'GWAV', 'EVA', 'SYTA', 'CCJ', 'PEGY', 'NMRD', 'GATO', 'OMI', 'NUTX', 'OBSV', 'KNTE', 'PHG', 'VEDU', 'MCLD', 'RLX', 'PT', 'ZFOX', 'FNGR', 'AGFY', 'KNBE', 'PACB', 'HPCO', 'UXIN', 'MMAT', 'APDN', 'FOXO', 'CANG', 'NUWE', 'ADMP', 'RUM', 'SXTC']",CELU,2022-10-13
"Celularity Presents Preclinical Data on CYNK-101, its Allogeneic Genetically-Modified Natural Killer Cell Therapy Candidate, at the Society for Immunotherapy of Cancer’s 37th Annual Meeting","FLORHAM PARK, N.J., Nov.  10, 2022  (GLOBE NEWSWIRE) -- Celularity Inc. (Nasdaq: CELU) (Celularity), a clinical-stage biotechnology company developing placental-derived allogeneic cell therapies and biomaterial products, today announced that it will present preclinical data on the development of its novel placental-derived allogeneic genetically modified natural killer (NK) cell therapy program CYNK-101 in combination with avelumab. Celularity will report its findings in a poster presentation at the 37th Annual Meeting of The Society for Immunotherapy of Cancer (SITC) taking place in Boston, Massachusetts and virtually November 8-12, 2022.",2022-11-10 14:10:00+00:00,https://www.globenewswire.com/news-release/2022/11/10/2553388/0/en/Celularity-Presents-Preclinical-Data-on-CYNK-101-its-Allogeneic-Genetically-Modified-Natural-Killer-Cell-Therapy-Candidate-at-the-Society-for-Immunotherapy-of-Cancer-s-37th-Annual-.html,GlobeNewswire Inc.,0.06666666666666667,0.26666666666666666,neutral,0.06666666666666667,False,False,False,False,True,False,False,False,0.0,838,['CELU'],CELU,2022-11-10
Celularity Reports Third Quarter 2022 Financial Results and Provides Corporate Update,"FLORHAM PARK, N.J., Nov.  10, 2022  (GLOBE NEWSWIRE) -- Celularity Inc. (Nasdaq: CELU) (Celularity), a clinical-stage biotechnology company developing placental-derived allogeneic cell therapies and biomaterial products, today announced financial results for the quarter ended September 30, 2022, and provided a corporate update.",2022-11-10 21:10:00+00:00,https://www.globenewswire.com/news-release/2022/11/10/2553814/0/en/Celularity-Reports-Third-Quarter-2022-Financial-Results-and-Provides-Corporate-Update.html,GlobeNewswire Inc.,0.0,0.0,neutral,0.0,False,False,False,False,True,False,False,False,0.0,416,['CELU'],CELU,2022-11-10
Imugene’s onCARlytics combination with Celularity’s placental-derived off-the-shelf allogeneic CYCART-19 T cells preclinical data presented at SITC Annual Meeting,"SYDNEY, Australia and FLORHAM PARK, N.J., Nov.  10, 2022  (GLOBE NEWSWIRE) -- Imugene Limited (ASX:IMU), a clinical stage immuno-oncology company and Celularity Inc. (Nasdaq: CELU) (Celularity), a clinical-stage biotechnology company developing placental-derived allogeneic cell therapies and biomaterial products, are pleased to announce that data from preclinical studies of Imugene’s onCARlytics (CF33-CD19) oncolytic virus in combination with Celularity’s placental-derived off-the-shelf allogeneic CYCART-19 T cells was presented at the renowned Annual Meeting of the Society for Immunotherapy of Cancer (SITC), held in Boston, USA on 8-12 November 2022.",2022-11-10 22:00:00+00:00,https://www.globenewswire.com/news-release/2022/11/10/2553874/0/en/Imugene-s-onCARlytics-combination-with-Celularity-s-placental-derived-off-the-shelf-allogeneic-CYCART-19-T-cells-preclinical-data-presented-at-SITC-Annual-Meeting.html,GlobeNewswire Inc.,0.2142857142857143,0.5714285714285714,positive,0.2142857142857143,False,False,False,False,True,False,False,False,0.0,823,['CELU'],CELU,2022-11-10
"Lineage Cell (LCTX) Reports Q3 Loss, Misses Revenue Estimates","Lineage Cell (LCTX) delivered earnings and revenue surprises of -33.33% and 26.97%, respectively, for the quarter ended September 2022. Do the numbers hold clues to what lies ahead for the stock?",2022-11-10 23:35:09+00:00,https://www.zacks.com/stock/news/2017048/lineage-cell-lctx-reports-q3-loss-misses-revenue-estimates,Zacks Investment Research,0.0,0.1,neutral,0.0,True,False,False,False,False,False,False,False,0.0,258,"['LCTX', 'CELU']",CELU,2022-11-10
"Celularity, Inc. (CELU) Q3 Earnings Beat Estimates","Celularity, Inc. (CELU) delivered earnings and revenue surprises of 111.54% and 21.83%, respectively, for the quarter ended September 2022. Do the numbers hold clues to what lies ahead for the stock?",2022-11-11 01:25:03+00:00,https://www.zacks.com/stock/news/2017086/celularity-inc-celu-q3-earnings-beat-estimates,Zacks Investment Research,0.0,0.1,neutral,0.0,True,False,False,False,False,False,False,False,0.0,251,"['CELU', 'KERN']",CELU,2022-11-11
"Neoleukin (NLTX) Stops Development of Lead Drug, Stock Down","Due to discontinuing the development of its lead candidate, Neoleukin (NLTX) has no pipeline candidates in clinical development. Management undertakes restructuring initiatives to curb cash burn.",2022-11-16 15:39:00+00:00,https://www.zacks.com/stock/news/2018984/neoleukin-nltx-stops-development-of-lead-drug-stock-down,Zacks Investment Research,-0.14027777777777778,0.3319444444444445,negative,0.14027777777777778,False,False,False,False,False,False,True,False,0.0,256,"['NLTX', 'ANGN', 'ENTX', 'CELU']",CELU,2022-11-16
4D Molecular (FDMT) Stock Up 178% in One Month: Here's Why,4D Molecular's (FDMT) progress with the development of its pipeline candidates in cystic fibrosis and wet AMD indications have been significant catalysts for the stock.,2022-11-17 15:36:00+00:00,https://www.zacks.com/stock/news/2019475/4d-molecular-fdmt-stock-up-178-in-one-month-heres-why,Zacks Investment Research,0.1375,0.6375,positive,0.1375,False,False,False,False,False,False,False,False,0.0,228,"['ANGN', 'ENTX', 'FDMT', 'CELU']",CELU,2022-11-17
Ardelyx (ARDX) Up 41% After FDA Committee Endorses CKD Drug,The FDA's CRDAC recommends granting marketing approval to Ardelyx's (ARDX) oral pill to control serum phosphorus in adult patients with chronic kidney disease on dialysis.,2022-11-18 15:14:00+00:00,https://www.zacks.com/stock/news/2019945/ardelyx-ardx-up-41-after-fda-committee-endorses-ckd-drug,Zacks Investment Research,0.1,0.3,neutral,0.1,False,False,True,False,False,False,False,False,0.0,232,"['ANGN', 'ARDX', 'ENTX', 'CELU']",CELU,2022-11-18
Why Drive Shack Shares Jumped Over 23%; Here Are 76 Biggest Movers From Yesterday,"Gainers

Imago BioSciences, Inc.  (NASDAQ: IMGO) shares climbed 104.5% to close at $35.59 on Monday after Merck announced it would acquire the company for $36 per share in cash.
NeuroOne Medical Technologies Corporation (NASDAQ: NMTC) jumped 44.5% to close at $1.20. NeuroOne, last month, received FDA 510(k) clearance to market its Evo sEEG System for less than 30 day use.
OncoSec Medical Incorporated (NASDAQ: ONCS) gained 42.2% to close at $4.85. OncoSec Medical recently announced early clinical data from an investigator-sponsored trial of TAVO in combination with Bristol-Myers Squibb’s intravenous Opdivo (nivolumab).
Cardio Diagnostics Holdings, Inc. (NASDAQ: CDIO) surged 40.3% to close at $2.47.
NWTN Inc.  (NASDAQ: NWTN) jumped 38.8% to close at $7.05.
SeaStar Medical Holding Corporation  (NASDAQ: ICU) shares jumped 33.6% to close at $5.25.
Sotera Health Company  (NASDAQ: SHC) gained 32.9% to close at $8.00. Barclays, last week, downgraded Sotera Health from Equal-Weight to Underweight and lowered the price target from $7 to $6.
GrafTech International Ltd. (NYSE: EAF) climbed 31.3% to close at $5.54 after the company said it could resume operations at its Monterrey, Mexico facility.
Charah Solutions, Inc. (NYSE: CHRA) rose 31.1% to close at $0.8777. Charah Solutions recently reported mixed Q3 results.
uCloudlink Group Inc. (NASDAQ: UCL) gained 30.9% to settle at $3.47. The company recently posted a loss for the third quarter.
Meta Materials Inc.  (NASDAQ: MMAT) shares climbed 30.1% to close at $2.16 after dropping around 7% on Friday.
HeartBeam, Inc. (NASDAQ: BEAT) gained 27.4% to settle at $4.04. HeartBeam recently announced that its patent for a 12-lead electrocardiogram (ECG) smartwatch-based monitor intended to detect heart attacks and complex cardiac arrhythmias was allowed by the United States Patent and Trademark Office (USPTO).
Greenwave Technology Solutions, Inc. (NASDAQ: GWAV) rose 26.3% to close at $1.44.
Siyata Mobile Inc. (NASDAQ: SYTA) jumped 26.1% to close at $0.1942.
Lannett Company, Inc. (NYSE: LCI) climbed 24.4% to close at $0.7401. Lannett recently posted Q1 adjusted loss of $0.42 per share.
Drive Shack Inc. (NYSE: DS) gained 23.3% to settle at $0.44 after the company said Q3 EPS and sales results were higher year over year.
Fusion Fuel Green PLC (NASDAQ: HTOO) jumped 23.2% to close at $4.51.
Atento S.A. (NYSE: ATTO) gained 23.2% to close at $7.00.
Companhia Paranaense de Energia – COPEL (NYSE: ELP) climbed 22.4% to close at $8.04.
Cosmos Holdings Inc. (NASDAQ: COSM) jumped 21.2% to close at $0.1752 after jumping over 10% on Friday.
Tenon Medical, Inc. (NASDAQ: TNON) gained 20.9% to close at $2.95.
Tenon Medical recently posted a Q3 loss of $0.28 per share.
Puma Biotechnology, Inc. ...",2022-11-22 08:49:19+00:00,https://www.benzinga.com/news/22/11/29817079/why-drive-shack-shares-jumped-over-23-here-are-76-biggest-movers-from-yesterday,Benzinga,0.03333333333333333,0.214,neutral,0.03333333333333333,True,True,True,False,False,False,False,False,0.0,2838,"['EAF', 'HRT', 'MSGM', 'PBYI', 'FEAM', 'CHRA', 'LCI', 'MMAT', 'MARA', 'GWAV', 'BLTE', 'ARVN', 'BEAT', 'ENSC', 'ICU', 'TNON', 'NIU', 'DAVE', 'IMGO', 'LEJU', 'FRGT', 'ZH', 'MBRX', 'OWLT', 'ATTO', 'IVVD', 'DOYU', 'DIS', 'CELU', 'DS', 'FOXO', 'GMVD', 'ELP', 'LMDX', 'CFMS', 'CDIO', 'LIZI', 'GLS', 'CING', 'COSM', 'NXL', 'SATX', 'UCL', 'HP', 'BRDS', 'WTTR', 'ACRV', 'QH', 'NBR', 'WBEV', 'CVNA', 'NWTN', 'KSPN', 'TC', 'TRDA', 'MYO', 'SYTA', 'TPC', 'IREN', 'FRSX', 'LNSR', 'SBFM', 'VIGL', 'NMTC', 'EQOS', 'ONCS', 'SATL', 'NINE', 'HTOO', 'SHC', 'TCBP', 'GOCO', 'CNEY', 'QTEK', 'RGTI']",CELU,2022-11-22
"Down 35.4% in 4 Weeks, Here's Why You Should You Buy the Dip in Celularity, Inc. (CELU)","Celularity, Inc. (CELU) has become technically an oversold stock now, which implies exhaustion of the heavy selling pressure on it. This, combined with strong agreement among Wall Street analysts in revising earnings estimates higher, indicates a potential trend reversal for the stock in the near term.",2022-11-22 14:35:03+00:00,https://www.zacks.com/stock/news/2020908/down-354-in-4-weeks-heres-why-you-should-you-buy-the-dip-in-celularity-inc-celu,Zacks Investment Research,0.0611111111111111,0.5031746031746032,neutral,0.0611111111111111,True,True,False,False,False,False,False,False,0.0,392,['CELU'],CELU,2022-11-22
BioMarin (BMRN) Up After FDA Scraps AdCom Meet for BLA Filing,"The FDA decides not to hold an advisory committee meeting for BioMarin Pharmaceuticals' (BMRN) regulatory filing seeking approval for hemophilia A gene therapy, valrox.",2022-11-24 16:25:00+00:00,https://www.zacks.com/stock/news/2021933/biomarin-bmrn-up-after-fda-scraps-adcom-meet-for-bla-filing,Zacks Investment Research,0.0,0.0,neutral,0.0,False,False,True,False,False,False,False,False,0.0,231,"['BMRN', 'VRTX', 'ANGN', 'CELU']",CELU,2022-11-24
Why Coupa Software Shares Jumped Around 29%; Here Are 72 Biggest Movers From Wednesday,"Gainers

Kalera Public Limited Company (NASDAQ: KAL) jumped 76.9% to close at $0.1610 on Wednesday after gaining 9% on Tuesday. Kalera recently posted a Q3 loss of $0.05 per share.
Venus Concept Inc. (NASDAQ: VERO) shares jumped 60% to close at $0.35 on Wednesday after climbing over 9% on Tuesday. Venus Concept recently announced completion of $6.72 million private placement financing.
Porch Group, Inc. (NASDAQ: PRCH) climbed 40.9% to close at $2.10. Porch Group Director, CEO, CHAIRMAN AND FOUNDER Matt Ehrlichman acquired a total of 256,949 shares at an average price of $1.59.
Perfect Corp.  (NYSE: PERF) shares gained 39.3% to close at $7.34 after dropping 39% on Tuesday. Goldman Sachs, on Monday, initiated coverage on Perfect with a Neutral rating and announced a price target of $7.8.
NLS Pharmaceutics AG (NASDAQ: NLSP) jumped 38.5% to close at $0.72. NLS Pharmaceutics announced the launch of paid for named patient program with Mazindol ER for idiopathic hypersomnia, a serious sleep disorder with no approved treatment options in Europe.
NeuroBo Pharmaceuticals, Inc. (NASDAQ: NRBO) gained 35.8% to close at $1.63.
NeuroOne Medical Technologies Corporation (NASDAQ: NMTC) gained 34.6% to close at $1.75 after gaining over 8% on Tuesday.
TeraWulf Inc. (NASDAQ: WULF) gained 33.6% to close at $0.9274. The company recently posted a decline in quarterly sales.
Exagen Inc. (NASDAQ: XGN) gained 32.8% to settle at $3.40.
The Very Good Food Company Inc. (NASDAQ: VGFC) jumped 31.9% to close at $0.1029. The Very Good Food Company announced U.S. retail expansion with Wegmans Food Markets and significant distribution points gains across North America.
Cyclo Therapeutics, Inc. (NASDAQ: CYTH) jumped 30.5% to close at $1.24. Cyclo Therapeutics recently posted a Q3 net loss of $4.2 million.
JE Cleantech Holdings Limited (NASDAQ: JCSE) gained 29.6% to close at $0.7660.
Addentax Group Corp. (NASDAQ: ATXG) surged 29.4% to close at $1.98.
Coupa Software Incorporated (NASDAQ: COUP) gained 28.9% to close at $58.93 following a report suggesting Vista is said to explore a deal to acquire the company.
Latham Group, Inc. (NASDAQ: SWIM) climbed 27% to close at $3.62. The company recently posted downbeat quarterly results.
Manchester United plc (NYSE: MANU) jumped 25.8% to close at $18.80 after the company announced a process to explore strategic alternatives.
COMSovereign Holding Corp. (NASDAQ: COMS) shares gained 24.4% to close at $0.0840 on Wednesday after gaining more than 16% on Tuesday.
Loyalty Ventures Inc. (NASDAQ: LYLT) climbed 23.7% to close at $2.35. Loyalty Ventures recently posted a Q3 loss of $0.01 per share.
Digital Brands Group, Inc. (NASDAQ: DBGI) rose 23.4% to close at $5.28.
Apyx Medical Corporation (NASDAQ: APYX) gained 22.8% to close at $1.72. ...",2022-11-25 09:52:36+00:00,https://www.benzinga.com/news/22/11/29855752/why-coupa-software-shares-jumped-around-29-here-are-72-biggest-movers-from-wednesday,Benzinga,0.18675238095238092,0.4011619047619048,positive,0.18675238095238092,True,True,False,False,True,False,True,False,0.0,2873,"['PAGS', 'ADSK', 'MSGM', 'NRBO', 'WAVD', 'SLN', 'ANGO', 'OIG', 'PRCH', 'CORZ', 'WISA', 'COMS', 'RLX', 'OM', 'NRGV', 'CUEN', 'OPEN', 'BVS', 'SPCB', 'JCSE', 'APYX', 'PERF', 'IDBA', 'QURE', 'JFBR', 'XGN', 'SWIM', 'IFBD', 'COUP', 'FOXO', 'KAL', 'TIGR', 'MMAT', 'TWOU', 'GRND', 'VERO', 'CNK', 'DBGI', 'MICT', 'ASAP', 'MFH', 'CS', 'YMM', 'VBLT', 'PRFX', 'JWN', 'ENSC', 'NVTA', 'GLSI', 'PRE', 'CELU', 'GMBL', 'MPLN', 'CLIR', 'VGFC', 'ATXG', 'JUPW', 'BIOL', 'XLO', 'CVNA', 'AENZ', 'SYM', 'FLNC', 'SNMP', 'NMTC', 'NLSP', 'MANU', 'LYLT', 'MAXR', 'CYTH', 'CCCC', 'WULF']",CELU,2022-11-25
"Celularity, Moleculin Biotech And 2 Other Penny Stocks Insiders Are Aggressively Buying","The Dow Jones closed lower by around 500 points on Monday. Investors, meanwhile, focused on some notable insider trades.
When insiders purchase or sell shares, it indicates their confidence or concern around the company's prospects. Investors and traders interested in penny stocks can consider this a factor in their overall investment or trading decision.
Below is a look at a few recent notable insider transactions for penny stocks. For more, check out  Benzinga's insider transactions  platform.3
Celularity 

The Trade:  Celularity Inc.  (NASDAQ: CELU) CEO Robert Hariri  bought a total of 40,000 shares  at an average price of $1.74. To acquire these shares, it cost around $69.6 thousand.
What’s Happening: The company recently posted a drop in quarterly earnings..
What Celularity Does: Celularity Inc is a ...",2022-11-29 11:11:46+00:00,https://www.benzinga.com/trading-ideas/long-ideas/22/11/29883491/celularity-moleculin-biotech-and-2-other-penny-stocks-insiders-are-aggressively-buying,Benzinga,0.09791666666666667,0.3520833333333333,neutral,0.09791666666666667,True,True,False,False,False,False,True,False,0.0,908,"['MBRX', 'COSM', 'LVOX', 'CELU']",CELU,2022-11-29
$11.5 Million Bet On This Penny Stock? Check Out These 3 Penny Stocks Insiders Are Buying,"The Dow Jones closed higher by more than 700 points on Wednesday. Investors, meanwhile, focused on some notable insider trades.
When insiders purchase or sell shares, it indicates their confidence or concern around the company's prospects. Investors and traders interested in penny stocks can consider this a factor in their overall investment or trading decision.
Below is a look at a few recent notable insider transactions for penny stocks. For more, check out  Benzinga's insider transactions  platform.3
BK Technologies 

The Trade:  BK Technologies Corporation  (NYSE: BKTI) 10% owner BK Technologies Holdings, LLC  bought ...",2022-12-01 11:31:18+00:00,https://www.benzinga.com/trading-ideas/long-ideas/22/12/29919783/11-5-million-bet-on-this-penny-stock-check-out-these-3-penny-stocks-insiders-are-buying,Benzinga,0.22000000000000003,0.34500000000000003,positive,0.22000000000000003,False,True,False,False,False,False,False,False,0.0,723,"['GLG', 'BKTI', 'CELU']",CELU,2022-12-01
Syndax's (SNDX) Leukemia Drug Gets FDA Breakthrough Therapy Tag,The FDA bestows a Breakthrough Therapy designation to Syndax's (SNDX) revumenib for treating patients with relapsed/refractory acute leukemia harboring a KMT2A rearrangement. Stock up.,2022-12-06 13:24:00+00:00,https://www.zacks.com/stock/news/2025675/syndaxs-sndx-leukemia-drug-gets-fda-breakthrough-therapy-tag,Zacks Investment Research,0.6,0.9,positive,0.6,False,False,True,False,False,False,False,False,0.0,249,"['INCY', 'SNDX', 'RPTX', 'CELU']",CELU,2022-12-06
"All You Need to Know About Celularity, Inc. (CELU) Rating Upgrade to Strong Buy","Celularity, Inc. (CELU) might move higher on growing optimism about its earnings prospects, which is reflected by its upgrade to a Zacks Rank #1 (Strong Buy).",2022-12-20 17:00:07+00:00,https://www.zacks.com/stock/news/2030661/all-you-need-to-know-about-celularity-inc-celu-rating-upgrade-to-strong-buy,Zacks Investment Research,0.07916666666666665,0.7166666666666667,neutral,0.07916666666666665,True,True,False,False,False,False,False,False,0.0,239,['CELU'],CELU,2022-12-20
"Benzinga's Top Ratings Upgrades, Downgrades For December 22, 2022","Upgrades
According to DA Davidson, the prior rating for Helen Of Troy Ltd (NASDAQ:HELE) was changed from Neutral to Buy. Helen Of Troy earned $2.27 in the second quarter, compared to $2.65 in the year-ago quarter. The current stock performance of Helen Of Troy shows a 52-week-high of $249.08 and a 52-week-low of $82.94. Moreover, at the end of the last trading period, the closing price was at $97.25.   
See all analyst ratings upgrades.
Downgrades
For Nkarta Inc (NASDAQ:NKTX), Oppenheimer downgraded the previous rating of Outperform to Perform. In the third quarter, Nkarta showed an EPS of $0.58, compared to $0.68 from the year-ago quarter. The stock has a 52-week-high of $20.35 and a 52-week-low of $5.81. At the end of the last trading period, Nkarta closed at $5.88.   
Oppenheimer downgraded the previous rating for Fate Therapeutics Inc (NASDAQ:FATE) from Outperform to Perform. In the third quarter, Fate Therapeutics showed an EPS of $0.86, compared to $0.45 from the year-ago quarter. The current stock performance of Fate Therapeutics shows a 52-week-high of $66.56 and a 52-week-low of $12.15. Moreover, at the end of the last trading period, the closing price was at $12.25.   
For Celularity Inc (NASDAQ:CELU), Oppenheimer downgraded the previous rating of Outperform to Perform. Celularity earned $0.03 in the third quarter, compared to $0.40 in the year-ago quarter. At the moment, the stock has a 52-week-high of $13.19 and a 52-week-low of $1.10. Celularity closed at $1.28 at the end of the last trading period.   
According to Keefe, Bruyette & Woods, the prior rating for Jefferies Financial Group Inc (NYSE:JEF) was changed from Outperform to Market Perform. For the third quarter, Jefferies Financial Group had an EPS of $1.10, compared to year-ago quarter EPS of $1.50. The stock has a 52-week-high of $41.49 and a 52-week-low of $25.88. At the end of the last trading period, Jefferies Financial Group closed at $35.67.   
Canaccord Genuity downgraded the previous rating for Coupa Software Inc (NASDAQ:COUP) from Buy to Hold. In the third quarter, Coupa Software showed an EPS of $0.15, compared to $0.31 from the year-ago quarter. At the moment, the stock has a 52-week-high of $166.21 and a 52-week-low of $40.30. Coupa Software closed at $78.59 at the end of the last trading period.   
See all analyst ratings downgrades.
Initiations
EF Hutton initiated coverage on Golden Matrix Group Inc (NASDAQ:GMGI) with a Buy rating. The price target for Golden Matrix Group is set to $3.00. For the third quarter, Golden Matrix Group had an EPS of $0.02, compared to year-ago quarter EPS of $0.01. The stock has a 52-week-high of $10.72 and a 52-week-low of $1.89. At the end of the last trading period, Golden Matrix Group closed at $2.25.   
With a Buy rating, Mizuho ...Full story available on Benzinga.com",2022-12-22 15:00:36+00:00,https://www.benzinga.com/analyst-ratings/upgrades/22/12/30174956/benzingas-top-ratings-upgrades-downgrades-for-december-22-2022,Benzinga,0.02592592592592593,0.14814814814814817,neutral,0.02592592592592593,False,True,True,False,False,False,False,False,0.0,2903,"['GKOS', 'PSN', 'AGEN', 'GMGI', 'HELE', 'XFOR', 'ALC', 'NKTX', 'PCOR', 'BAM', 'CELU', 'BSX', 'GETY', 'COO', 'GBTG', 'JEF', 'IE', 'MKL', 'ONCT', 'APLD', 'FATE', 'FATE', 'COUP', 'COUP']",CELU,2022-12-22
"Down 29.5% in 4 Weeks, Here's Why You Should You Buy the Dip in Celularity, Inc. (CELU)","Celularity, Inc. (CELU) is technically in oversold territory now, so the heavy selling pressure might have exhausted. This along with strong agreement among Wall Street analysts in raising earnings estimates could lead to a trend reversal for the stock.",2022-12-23 14:35:03+00:00,https://www.zacks.com/stock/news/2031905/down-295-in-4-weeks-heres-why-you-should-you-buy-the-dip-in-celularity-inc-celu,Zacks Investment Research,-0.06444444444444447,0.4644444444444445,neutral,0.06444444444444447,True,True,False,False,False,False,False,False,0.0,342,['CELU'],CELU,2022-12-23
ACER Down Despite FDA Nod for Urea Cycle Disorders Drug,The FDA approves Acer Therapeutics' (ACER) Olpruva (sodium phenylbutyrate) to treat certain patients with urea cycle disorders. Share price falls 33.3% following the announcement.,2022-12-28 14:28:00+00:00,https://www.zacks.com/stock/news/2033007/acer-down-despite-fda-nod-for-urea-cycle-disorders-drug,Zacks Investment Research,0.019576719576719564,0.3201058201058201,neutral,0.019576719576719564,False,False,True,False,False,False,False,False,0.0,236,"['SNDX', 'ACER', 'IMCR', 'CELU']",CELU,2022-12-28
Kala Pharmaceuticals (KALA) Up as FDA Accepts IND for KPI-012,The FDA accepts Kala Pharmaceuticals' (KALA) investigational new drug application for pipeline candidate KPI-012 for treating persistent corneal epithelial defect. Stock up.,2022-12-28 16:13:00+00:00,https://www.zacks.com/stock/news/2033117/kala-pharmaceuticals-kala-up-as-fda-accepts-ind-for-kpi-012,Zacks Investment Research,0.13636363636363635,0.45454545454545453,positive,0.13636363636363635,False,False,True,False,False,False,False,False,0.0,236,"['SNDX', 'KALA', 'IMCR', 'CELU']",CELU,2022-12-28
AstraZeneca's (AZN) Imfinzi+Imjudo Gets Japan Nod for 2 Cancers,The Japanese Ministry of Health approves AstraZeneca's (AZN) Imfinzi plus Imjudo for treating advanced liver cancer and lung cancer.,2022-12-29 15:07:00+00:00,https://www.zacks.com/stock/news/2033512/astrazenecas-azn-imfinzi-imjudo-gets-japan-nod-for-2-cancers,Zacks Investment Research,0.2,0.3,positive,0.2,False,False,False,False,False,False,False,False,0.0,197,"['AZN', 'SNDX', 'RPTX', 'CELU']",CELU,2022-12-29
TG Therapeutics (TGTX) Gets FDA Nod for Multiple Sclerosis Drug,The FDA approves TG Therapeutics' (TGTX) Briumvi (ublituximab-xiiy) for treating relapsing forms of multiple sclerosis. The company plans to launch the drug in the first quarter of 2023. Stock up.,2022-12-29 15:39:00+00:00,https://www.zacks.com/stock/news/2033523/tg-therapeutics-tgtx-gets-fda-nod-for-multiple-sclerosis-drug,Zacks Investment Research,0.08333333333333333,0.1111111111111111,neutral,0.08333333333333333,False,False,True,False,True,False,False,False,0.0,261,"['SNY', 'TGTX', 'SNDX', 'CELU']",CELU,2022-12-29
Celularity Appoints Paul Graves as Chief Communications Officer,Veteran executive brings more than 30 years of biopharmaceutical public relations and public affairs experience Veteran executive brings more than 30 years of biopharmaceutical public relations and public affairs experience,2023-01-04 21:10:00+00:00,https://www.globenewswire.com/news-release/2023/01/04/2583280/0/en/Celularity-Appoints-Paul-Graves-as-Chief-Communications-Officer.html,GlobeNewswire Inc.,0.125,0.15833333333333333,positive,0.125,False,False,False,False,False,False,False,False,0.0,288,['CELU'],CELU,2023-01-04
Geron (GERN) Up on Imetelstat Data on Myelodysplastic Syndromes,"Geron (GERN) posts positive top-line data from the phase III IMerge study investigating its lead candidate, imetelstat for treating lower risk myelodysplastic syndromes. Shares up.",2023-01-05 19:04:00+00:00,https://www.zacks.com/stock/news/2035907/geron-gern-up-on-imetelstat-data-on-myelodysplastic-syndromes,Zacks Investment Research,0.22727272727272727,0.5454545454545454,positive,0.22727272727272727,False,False,False,False,False,False,False,False,0.0,245,"['GERN', 'SNDX', 'RPTX', 'CELU']",CELU,2023-01-05
"Celularity’s Placental-Derived Allogeneic Cell Therapy Provides Clinically Meaningful Benefit and Durable Biological Effect in Patients with Moderate to Severe Crohn’s Disease in Phase 1, Phase 1b/2a and Phase 1b Studies",Legacy studies employing a single treatment course of two infusions seven days apart demonstrated greatest benefit in three early studies,2023-01-06 13:10:00+00:00,https://www.globenewswire.com/news-release/2023/01/06/2584421/0/en/Celularity-s-Placental-Derived-Allogeneic-Cell-Therapy-Provides-Clinically-Meaningful-Benefit-and-Durable-Biological-Effect-in-Patients-with-Moderate-to-Severe-Crohn-s-Disease-in-P.html,GlobeNewswire Inc.,0.3057142857142857,0.5428571428571428,positive,0.3057142857142857,False,False,False,False,False,False,False,False,0.0,359,['CELU'],CELU,2023-01-06
Roche's (RHHBY) Cancer Drug Glofitamab Gets FDA Priority Review,"The FDA accepts and grants priority review to Roche's (RHHBY) biologics license application for glofitamab to treat relapsed or refractory large B-cell lymphoma. The decision is due on Jul 1, 2023.",2023-01-06 15:52:00+00:00,https://www.zacks.com/stock/news/2036318/roches-rhhby-cancer-drug-glofitamab-gets-fda-priority-review,Zacks Investment Research,0.04464285714285714,0.4017857142857143,neutral,0.04464285714285714,False,False,True,False,False,False,False,False,0.0,262,"['SNDX', 'RPTX', 'CELU']",CELU,2023-01-06
"After Plunging -38.63% in 4 Weeks, Here's Why the Trend Might Reverse for Celularity, Inc. (CELU)","Celularity, Inc. (CELU) has become technically an oversold stock now, which implies exhaustion of the heavy selling pressure on it. This, combined with strong agreement among Wall Street analysts in revising earnings estimates higher, indicates a potential trend reversal for the stock in the near term.",2023-01-09 14:35:03+00:00,https://www.zacks.com/stock/news/2036756/after-plunging--3863-in-4-weeks-heres-why-the-trend-might-reverse-for-celularity-inc-celu,Zacks Investment Research,0.09722222222222221,0.5388888888888889,neutral,0.09722222222222221,True,False,False,False,False,False,False,False,0.0,402,['CELU'],CELU,2023-01-09
Alnylam (ALNY) Posts Strong Preliminary Revenues for 4Q & FY22,"Alnylam (ALNY) reports strong preliminary product revenues for its marketed drugs, Onpattro, Amvuttra, Givlaari and Oxlumo for the fourth quarter and full year of 2022.",2023-01-09 18:22:00+00:00,https://www.zacks.com/stock/news/2036951/alnylam-alny-posts-strong-preliminary-revenues-for-4q-fy22,Zacks Investment Research,0.30416666666666664,0.5041666666666667,positive,0.30416666666666664,True,False,False,False,True,False,False,False,0.0,232,"['ALNY', 'SNDX', 'RPTX', 'CELU']",CELU,2023-01-09
"Ultragenyx (RARE) Posts Preliminary '22 Results, Gives '23 View","Ultragenyx (RARE) reports preliminary product revenues for its marketed drugs, Crysvita, Mepsevii and Dojolvi for the full year 2022. The company issues product revenue guidance for 2023.",2023-01-09 18:34:00+00:00,https://www.zacks.com/stock/news/2036955/ultragenyx-rare-posts-preliminary-22-results-gives-23-view,Zacks Investment Research,0.31666666666666665,0.7833333333333333,positive,0.31666666666666665,True,False,False,False,True,False,False,False,0.0,252,"['RARE', 'SNDX', 'RPTX', 'CELU']",CELU,2023-01-09
"Editas (EDIT) Dips on Portfolio Reprioritization, To Cut Jobs",Editas (EDIT) enters a restructuring and portfolio reprioritization to focus on hemoglobinopathies and in vivo gene editing. The company is to reduce its workforce by almost 20%. Shares fall.,2023-01-10 17:06:00+00:00,https://www.zacks.com/stock/news/2037507/editas-edit-dips-on-portfolio-reprioritization-to-cut-jobs,Zacks Investment Research,0.0,0.0,neutral,0.0,False,False,False,False,False,False,False,False,0.0,254,"['SNDX', 'EDIT', 'ALGS', 'CELU']",CELU,2023-01-10
"Investors Heavily Search Celularity, Inc. (CELU): Here is What You Need to Know","Zacks.com users have recently been watching Celularity, Inc. (CELU) quite a bit. Thus, it is worth knowing the facts that could determine the stock's prospects.",2023-01-11 14:00:06+00:00,https://www.zacks.com/stock/news/2037857/investors-heavily-search-celularity-inc-celu-here-is-what-you-need-to-know,Zacks Investment Research,0.033333333333333326,0.2833333333333333,neutral,0.033333333333333326,False,False,False,False,False,False,False,False,0.0,241,['CELU'],CELU,2023-01-11
Roche (RHHBY) Gets EU Approval for Xofluza in New Patient Base,The European Commission approves Roche's (RHHBY) Xofluza for treating uncomplicated influenza and post-exposure prophylaxis of influenza in children aged one year and above.,2023-01-12 17:38:00+00:00,https://www.zacks.com/stock/news/2038666/roche-rhhby-gets-eu-approval-for-xofluza-in-new-patient-base,Zacks Investment Research,-0.15272727272727274,0.39090909090909093,negative,0.15272727272727274,False,False,False,False,False,False,False,False,0.0,237,"['SNDX', 'RCUS', 'CELU']",CELU,2023-01-12
Angion (ANGN) Down on Merger Agreement With Private Biotech,"Angion (ANGN) inks a definitive merger agreement with privately-held Elicio Therapeutics. The combined company's lead pipeline candidate will be ELI-002, a therapeutic cancer vaccine targeting mKRAS-driven tumors.",2023-01-18 17:45:00+00:00,https://www.zacks.com/stock/news/2040919/angion-angn-down-on-merger-agreement-with-private-biotech,Zacks Investment Research,-0.07777777777777779,0.3319444444444445,neutral,0.07777777777777779,False,True,False,False,False,False,False,False,0.0,274,"['ANGN', 'SNDX', 'RCUS', 'CELU']",CELU,2023-01-18
Horizon (HZNP) Dazodalibep Meets Goal in Sjogren's Syndrome Study,"Horizon Therapeutics (HZNP) announces that a phase II Sjogren's syndrome study of its candidate, dazodalibep, meets the primary endpoint for the second population.",2023-01-19 17:59:00+00:00,https://www.zacks.com/stock/news/2041575/horizon-hznp-dazodalibep-meets-goal-in-sjogrens-syndrome-study,Zacks Investment Research,0.2,0.25,positive,0.2,False,False,True,False,False,False,False,False,0.0,230,"['AMGN', 'HZNP', 'CELU', 'LIAN']",CELU,2023-01-19
Mirati (MRTX) KRAS Candidate MRTX1133 to Enter Clinical Stage,"Mirati Therapeutics (MRTX) announces IND clearance for oral KRASG12D selective inhibitor, MRTX1133, by the FDA. It is set to initiate phase I/II study in early 2023.",2023-01-20 15:11:00+00:00,https://www.zacks.com/stock/news/2042025/mirati-mrtx-kras-candidate-mrtx1133-to-enter-clinical-stage,Zacks Investment Research,0.1,0.3,neutral,0.1,False,False,True,False,False,False,False,False,0.0,228,"['AMGN', 'MRTX', 'BMEA', 'CELU']",CELU,2023-01-20
"Celularity, Inc. (CELU) Is a Trending Stock: Facts to Know Before Betting on It","Zacks.com users have recently been watching Celularity, Inc. (CELU) quite a bit. Thus, it is worth knowing the facts that could determine the stock's prospects.",2023-01-24 14:00:07+00:00,https://www.zacks.com/stock/news/2043224/celularity-inc-celu-is-a-trending-stock-facts-to-know-before-betting-on-it,Zacks Investment Research,0.15,0.175,positive,0.15,False,False,False,False,False,False,False,False,0.0,241,['CELU'],CELU,2023-01-24
"Celularity Completes Strategic Review of 2023 Initiatives, Including Anticipated Biomaterials Production Ramp-Up and Pipeline Prioritization of Next-Generation Product Candidates","Commercial Biomaterials Business, Degenerative Disease Programs Continue to Gather Momentum",2023-01-26 21:17:00+00:00,https://www.globenewswire.com/news-release/2023/01/26/2596493/0/en/Celularity-Completes-Strategic-Review-of-2023-Initiatives-Including-Anticipated-Biomaterials-Production-Ramp-Up-and-Pipeline-Prioritization-of-Next-Generation-Product-Candidates.html,GlobeNewswire Inc.,0.0,0.0,neutral,0.0,False,False,False,False,True,False,False,False,0.0,271,['CELU'],CELU,2023-01-26
Amazon To Rally Around 29%? Here Are 10 Other Analyst Forecasts For Monday,"Barclays cut the price target for  Amazon.com, Inc.  (NASDAQ: AMZN) from $140 to $130. Barclays analyst Ross Sandler maintained an Overweight rating. Amazon shares fell 1.2% to $101.06 in pre-market trading.
Wells Fargo boosted the price target for  Charter Communications, Inc.  (NASDAQ: CHTR) from $340 to $410. Wells Fargo analyst Steven Cahall maintained an Equal-Weight rating. Charter Communications shares fell 1.2% to $389.89 in pre-market trading.
HC Wainwright & Co. cut the price target for  Celularity Inc.  (NASDAQ: CELU) from $15 to $2.5. HC Wainwright & Co. analyst Swayampakula Ramakanth maintained a Buy rating on the stock. Celularity shares gained 7.7% to close at $1.05 on Friday.
Piper Sandler raised the price target for  American Express Company  (NYSE: Full story available on Benzinga.com",2023-01-30 12:44:40+00:00,https://www.benzinga.com/news/23/01/30620201/amazon-to-rally-around-29-here-are-10-other-analyst-forecasts-for-monday,Benzinga,0.15625,0.33125000000000004,positive,0.15625,False,True,False,False,False,False,False,False,0.0,889,"['AMZN', 'SAIA', 'AXP', 'EW', 'GM', 'TSLA', 'CHTR', 'GOOGL', 'SNTI', 'SSB', 'CELU']",CELU,2023-01-30
"Benzinga's Top Ratings Upgrades, Downgrades For January 30, 2023","Upgrades
According to B of A Securities, the prior rating for Flowserve Corp (NYSE:FLS) was changed from Neutral to Buy. Flowserve earned $0.09 in the third quarter, compared to $0.29 in the year-ago quarter. The current stock performance of Flowserve shows a 52-week-high of $37.59 and a 52-week-low of $23.89. Moreover, at the end of the last trading period, the closing price was at $33.39.   
Compass Point upgraded the previous rating for Federal Realty Investment Trust (NYSE:FRT) from Neutral to Buy. Federal Realty Investment earned $1.59 in the third quarter, compared to $1.51 in the year-ago quarter. The stock has a 52-week-high of $128.13 and a 52-week-low of $86.43. At the end of the last trading period, Federal Realty Investment closed at $111.38.   
Cowen & Co. upgraded the previous rating for Regeneron Pharmaceuticals Inc (NASDAQ:REGN) from Market Perform to Outperform. In the third quarter, Regeneron Pharmaceuticals showed an EPS of $11.14, compared to $15.37 from the year-ago quarter. The stock has a 52-week-high of $779.00 and a 52-week-low of $538.01. At the end of the last trading period, Regeneron Pharmaceuticals closed at $742.83.   
According to DZ Bank, the prior rating for Lockheed Martin Corp (NYSE:LMT) was changed from Hold to Buy. For the fourth quarter, Lockheed Martin had an EPS of $7.79, compared to year-ago quarter EPS of $7.47. At the moment, the stock has a 52-week-high of $498.95 and a 52-week-low of $373.67. Lockheed Martin closed at $459.60 at the end of the last trading period.   
Roth Capital upgraded the previous rating for Shopify Inc (NYSE:SHOP) from Neutral to Buy. Shopify earned $0.02 in the third quarter, compared to $0.08 in the year-ago quarter. The current stock performance of Shopify shows a 52-week-high of $988.50 and a 52-week-low of $23.63. Moreover, at the end of the last trading period, the closing price was at $50.08.   
According to Deutsche Bank, the prior rating for Axalta Coating Systems Ltd (NYSE:AXTA) was changed from Hold to Buy. For the fourth quarter, Axalta Coating Sys had an EPS of $0.38, compared to year-ago quarter EPS of $0.30. The current stock performance of Axalta Coating Sys shows a 52-week-high of $30.31 and a 52-week-low of $20.66. Moreover, at the end of the last trading period, the closing price was at $29.27.   
Piper Sandler upgraded the previous rating for Stellar Bancorp Inc (NASDAQ:STEL) from Neutral to Overweight. The stock has a 52-week-high of $36.09 and a 52-week-low of $25.49. At the end of the last trading period, Stellar Bancorp closed at $25.85.   
For Axalta Coating Systems Ltd (NYSE:AXTA), Citigroup upgraded the previous rating of Neutral to Buy. Axalta Coating Sys earned $0.38 in the fourth quarter, compared to $0.30 in the year-ago quarter. The stock has a 52-week-high of $30.31 and a 52-week-low of $20.66. At the end of the last trading period, Axalta Coating Sys closed at $29.27.   
For Okta Inc (NASDAQ:OKTA), Stifel upgraded the previous rating of Hold to Buy. In the third quarter, Okta showed an EPS of $0.00, compared to $0.07 from the year-ago quarter. The current stock performance of Okta shows a 52-week-high of $203.79 and a 52-week-low of $44.12. Moreover, at the end of the last trading period, the closing price was at $71.38.   
Morgan Stanley upgraded the previous rating for Colgate-Palmolive Co (NYSE:CL) from Equal-Weight to Overweight. In the fourth quarter, Colgate-Palmolive showed an EPS of $0.77, compared to $0.79 from the year-ago quarter. The stock has a 52-week-high of $83.81 and a 52-week-low of $67.84. At the end of the last trading period, Colgate-Palmolive closed at $71.59.   
For Tesla Inc (NASDAQ:TSLA), Berenberg upgraded the previous rating of Hold to Buy. In the fourth quarter, Tesla showed an EPS of $1.19, compared to $0.85 from the year-ago quarter. The current stock performance of Tesla shows a 52-week-high of $384.29 and a 52-week-low of $101.81. Moreover, at the end of the last trading period, the closing price was at $177.90.   
For Kemper Corp (NYSE:KMPR), Credit Suisse upgraded the previous rating of Underperform to Neutral. In the third quarter, Kemper showed an EPS of $0.48, compared to $1.19 from the year-ago quarter. At the moment, the stock has a 52-week-high of $60.95 and a 52-week-low of $40.65. Kemper closed at $55.88 at the end of the last trading period.   
JP Morgan upgraded the previous rating for G1 Therapeutics Inc (NASDAQ:GTHX) from Underweight to Neutral. In the third quarter, G1 Therapeutics showed an EPS of $0.59, compared to $1.00 from the year-ago quarter. The stock has a 52-week-high of $17.49 and a 52-week-low of $3.84. At the end of the last trading period, G1 Therapeutics closed at $6.71.   
See all analyst ratings upgrades.
Downgrades
For Eastman Chemical Co (NYSE:EMN), Vertical Research downgraded the previous rating of Buy to Hold. For the fourth quarter, Eastman Chemical had an EPS of $0.89, compared to year-ago quarter EPS of $1.81. At the moment, the stock has a 52-week-high of $124.84 and a 52-week-low of $69.91. Eastman Chemical closed at $86.82 at the end of the last trading period.   
According to Keefe, Bruyette & Woods, the prior rating for First Interstate BancSystem Inc (NASDAQ:FIBK) was changed from Outperform to Market Perform. For the fourth quarter, First Interstate BancSys had an EPS of $0.82, compared to year-ago quarter EPS of $0.83. The current stock performance of First Interstate BancSys shows a 52-week-high of $46.34 and a 52-week-low of $32.40. Moreover, at the end of the last trading period, the closing price was at $33.62.   
For Goodyear Tire & Rubber Co (NASDAQ:GT), Exane BNP Paribas downgraded the previous rating of Neutral to Underperform. Goodyear Tire & Rubber earned $0.40 in the third quarter, compared to $0.72 in the year-ago quarter. The stock has a 52-week-high of $22.66 and a 52-week-low of $9.66. At the end of the last trading period, Goodyear Tire & Rubber closed at $11.10.   
Janney Montgomery Scott downgraded the previous rating for First Interstate BancSystem ...Full story available on Benzinga.com",2023-01-30 15:00:50+00:00,https://www.benzinga.com/analyst-ratings/upgrades/23/01/30623458/benzingas-top-ratings-upgrades-downgrades-for-january-30-2023,Benzinga,-0.010648148148148155,0.13009259259259257,neutral,0.010648148148148155,False,True,True,False,False,False,False,False,0.0,6165,"['CELU', 'GT', 'BOOT', 'LVLU', 'JWN', 'AXTA', 'BMRN', 'HSCS', 'KGC', 'SHOP', 'BOOT', 'ONFO', 'KSS', 'UBER', 'ODFL', 'FBIN', 'LMT', 'PEN', 'REGN', 'M', 'LYFT', 'SAIA', 'SKT', 'OKTA', 'STEL', 'TSLA', 'ATER', 'ACN', 'FIBK', 'GTHX', 'CL', 'KMPR', 'DNLI', 'GNPX', 'CYT', 'TRMR', 'DOOO', 'EMN', 'IRT', 'AZEK', 'EW', 'IRT', 'EBC', 'FLS', 'XNCR', 'DASH', 'FRT', 'VRNS', 'FDMT', 'GM', 'XNCR']",CELU,2023-01-30
Celularity Receives Preliminary Assessment of Product Classification and Jurisdiction for Its Investigational Celularity Tendon Wrap (CTW) to be Regulated  as a Device Within U.S. Food and Drug Administration (FDA) Center for Devices and Radiological Health (CDRH),Celularity’s Pre-Request for Designation (Pre-RFD) is based on data showing CTW contains 100 percent extracellular matrix,2023-02-01 21:05:00+00:00,https://www.globenewswire.com/news-release/2023/02/01/2600002/0/en/Celularity-Receives-Preliminary-Assessment-of-Product-Classification-and-Jurisdiction-for-Its-Investigational-Celularity-Tendon-Wrap-CTW-to-be-Regulated-as-a-Device-Within-U-S-Food.html,GlobeNewswire Inc.,-0.1,0.1,neutral,0.1,False,False,True,False,True,False,False,False,0.0,387,['CELU'],CELU,2023-02-01
Correcting & Replacing -- Celularity Receives Preliminary Assessment of Product Classification and Jurisdiction for Its Investigational Celularity Tendon Wrap (CTW) to be Regulated  as a Device Within U.S. Food and Drug Administration (FDA) Center for Devices and Radiological Health (CDRH) ,Celularity’s Pre-Request for Designation (Pre-RFD) is based on data showing CTW contains 100 percent extracellular matrix,2023-02-02 12:53:00+00:00,https://www.globenewswire.com/news-release/2023/02/02/2600378/0/en/Correcting-Replacing-Celularity-Receives-Preliminary-Assessment-of-Product-Classification-and-Jurisdiction-for-Its-Investigational-Celularity-Tendon-Wrap-CTW-to-be-Regulated-as-a-D.html,GlobeNewswire Inc.,-0.1,0.1,neutral,0.1,False,False,True,False,True,False,False,False,0.0,414,['CELU'],CELU,2023-02-02
"Celularity, Inc. (CELU) Dips More Than Broader Markets: What You Should Know","In the latest trading session, Celularity, Inc. (CELU) closed at $0.95, marking a -1.7% move from the previous day.",2023-02-06 22:50:20+00:00,https://www.zacks.com/stock/news/2050623/celularity-inc-celu-dips-more-than-broader-markets-what-you-should-know,Zacks Investment Research,0.18333333333333335,0.4166666666666667,positive,0.18333333333333335,False,False,False,False,False,False,False,False,0.0,193,['CELU'],CELU,2023-02-06
"Celularity, Inc. (CELU) is Attracting Investor Attention: Here is What You Should Know","Celularity, Inc. (CELU) has received quite a bit of attention from Zacks.com users lately. Therefore, it is wise to be aware of the facts that can impact the stock's prospects.",2023-02-08 14:00:07+00:00,https://www.zacks.com/stock/news/2051570/celularity-inc-celu-is-attracting-investor-attention-here-is-what-you-should-know,Zacks Investment Research,0.21666666666666665,0.5833333333333334,positive,0.21666666666666665,False,False,False,False,False,False,False,False,0.0,264,['CELU'],CELU,2023-02-08
"Celularity, Inc. (CELU) Outpaces Stock Market Gains: What You Should Know","Celularity, Inc. (CELU) closed at $0.74 in the latest trading session, marking a +1.73% move from the prior day.",2023-02-13 22:50:18+00:00,https://www.zacks.com/stock/news/2053685/celularity-inc-celu-outpaces-stock-market-gains-what-you-should-know,Zacks Investment Research,0.13333333333333333,0.3333333333333333,positive,0.13333333333333333,False,False,False,False,False,False,False,False,0.0,187,['CELU'],CELU,2023-02-13
"Here is What to Know Beyond Why Celularity, Inc. (CELU) is a Trending Stock","Recently, Zacks.com users have been paying close attention to Celularity, Inc. (CELU). This makes it worthwhile to examine what the stock has in store.",2023-02-20 14:00:07+00:00,https://www.zacks.com/stock/news/2056315/here-is-what-to-know-beyond-why-celularity-inc-celu-is-a-trending-stock,Zacks Investment Research,0.25,0.375,positive,0.25,False,False,False,False,False,False,False,False,0.0,228,['CELU'],CELU,2023-02-20
"Celularity, Inc. (CELU) Stock Moves -0.11%: What You Should Know","Celularity, Inc. (CELU) closed at $0.64 in the latest trading session, marking a -0.11% move from the prior day.",2023-02-22 22:50:21+00:00,https://www.zacks.com/stock/news/2057713/celularity-inc-celu-stock-moves--011-what-you-should-know,Zacks Investment Research,0.13333333333333333,0.3333333333333333,positive,0.13333333333333333,False,False,False,False,False,False,False,False,0.0,178,['CELU'],CELU,2023-02-22
Why Fulcrum Therapeutics Shares Are Trading Lower By Over 55%? Here Are Other Stocks Moving In Friday's Mid-Day Session,"Gainers

Bridger Aerospace Group Holdings, Inc. (NASDAQ: BAER) shares jumped 129.6% to $10.15. Jeffrey E. Kelter reported a 22.4% stake in a 13D filing on Thursday.
Cingulate Inc (NASDAQ: CING) rose 66% to $1.8106 after the company reported top-line results from the fed/fast study of CTx-1301-003 for ADHD. The trial demonstrated that CTx-1301 can be taken with or without food.
Intuitive Machines, Inc. (NASDAQ: LUNR) jumped 48% to $30.19.
Timber Pharmaceuticals, Inc. (NASDAQ: TMBR) gained 39.3% to $2.69 after the company announced the European Commission granted orphan drug designation for TMB-001 for the treatment of X-linked recessive ichthyosis.
Beyond Meat, Inc. (NASDAQ: BYND) gained 21.9% to $20.90 after the company reported better-than-expected Q4 results.
AVITA Medical, Inc. (NASDAQ: RCEL) rose 21.1% to $10.97 following strong quarterly results.
ASLAN Pharmaceuticals Limited (NASDAQ: ASLN) jumped 18.6% to $0.8298. The company announced completion of recruitment in the Phase 2b TREK-AD study and also announced a $20 million private placement.
Kratos Defense & Security Solutions, Inc. (NASDAQ: KTOS) gained 18.4% to $13.58 after the company posted strong quarterly sales.
Navitas Semiconductor Corporation (NASDAQ: NVTS) rose 18% to $6.81 following strong quarterly results.
Zeta Global Holdings Corp. (NYSE: ZETA) jumped 15.3% to $10.45 following quarterly results.
MediaAlpha, Inc. (NYSE: MAX) gained 13% to $16.39 after the company reported Q4 financial results.
Akebia Therapeutics Inc (NASDAQ: AKBA) rose 12.7% to $0.8340. Akebia received CHMP opinion in Europe for vafseo for treatment of symptomatic anaemia associated with chronic kidney disease in adults on chronic maintenance dialysis.
Paymentus Holdings, Inc. (NYSE: PAY) gained 12.5% to $9.07 following Q4 results.
Celularity Inc. (NASDAQ: ...",2023-02-24 18:40:02+00:00,https://www.benzinga.com/news/23/02/31053035/why-fulcrum-therapeutics-shares-are-trading-lower-by-over-55-here-are-other-stocks-moving-in-fridays,Benzinga,0.19464285714285715,0.4051587301587301,positive,0.19464285714285715,False,False,True,False,False,False,False,False,0.0,1948,"['TMBR', 'CCCC', 'LPRO', 'FTCH', 'BIGC', 'BECN', 'NVEE', 'TBLA', 'KTOS', 'INGN', 'LHDX', 'MORN', 'AKBA', 'PHVS', 'NKTR', 'UPLD', 'IFBD', 'OPEN', 'VBLT', 'AMAM', 'VICR', 'MAX', 'CELU', 'INT', 'WISH', 'LAW', 'LYV', 'ZETA', 'OBSV', 'NVTS', 'PAY', 'DINO', 'CING', 'SLS', 'ASLN', 'LUNR', 'SSP', 'BYND', 'BAER', 'UIS', 'FULC', 'SEV', 'RCEL', 'BCOV']",CELU,2023-02-24
"Celularity, Inc. (CELU) Outpaces Stock Market Gains: What You Should Know","In the latest trading session, Celularity, Inc. (CELU) closed at $0.74, marking a +1.36% move from the previous day.",2023-03-02 22:50:15+00:00,https://www.zacks.com/stock/news/2061293/celularity-inc-celu-outpaces-stock-market-gains-what-you-should-know,Zacks Investment Research,0.07777777777777779,0.3888888888888889,neutral,0.07777777777777779,False,False,False,False,False,False,False,False,0.0,191,['CELU'],CELU,2023-03-02
Why Heritage Insurance Shares Are Trading Higher By Around 15%; Here Are 20 Stocks Moving Premarket,"Gainers

ObsEva SA (NASDAQ: OBSV) rose 93.1% to $0.2047 in pre-market trading after dropping over 12% on Thursday. ObsEva recently announced strategic reorganization to consolidate operations in Switzerland.
Bullfrog AI Holdings, Inc. (NASDAQ: BFRG) rose 53.1% to $4.18 in pre-market trading. Bullfrog AI recently priced its IPO at $6.50 per share.
Rubius Therapeutics, Inc. (NASDAQ: RUBY) rose 28.7% to $0.1461 in pre-market trading. Rubius Therapeutics recently outlined dissolution plan, after unsuccessful attempt on alternatives.
Smart for Life, Inc. (NASDAQ: SMFL) rose 19.7% to $0.2278 in pre-market trading. Smart for Life is scheduled to hold shareholder meeting on March 15, 2023.
HUB Cyber Security (Israel) Ltd. (NASDAQ: HUBC) rose 17.6% to $1.47 in pre-market trading after dipping 21% on Thursday.
Heritage Insurance Holdings, Inc. (NASDAQ: HRTG) rose 15.4% to $3.14 in pre-market trading after posting Q4 results.
C3.ai, Inc. (NYSE: AI) shares rose 15% to $24.51 in pre-market trading after the company reported better-than-expected Q3 results and issued strong guidance.
Exela Technologies, Inc. ...",2023-03-03 13:24:29+00:00,https://www.benzinga.com/news/23/03/31191546/why-heritage-insurance-shares-are-trading-higher-by-around-15-here-are-20-stocks-moving-premarket,Benzinga,0.37942176870748295,0.7085034013605441,positive,0.37942176870748295,False,False,True,False,False,False,False,False,0.0,1216,"['BPTS', 'CELU', 'MRVL', 'BBAI', 'AI', 'SMFL', 'CHPT', 'HUBC', 'ASPU', 'BFRG', 'HRTG', 'RKDA', 'CDTX', 'OBSV', 'MTC', 'XELA', 'VERU', 'ZS', 'DHC', 'RUBY']",CELU,2023-03-03
"Investors Heavily Search Celularity, Inc. (CELU): Here is What You Need to Know","Celularity, Inc. (CELU) has been one of the stocks most watched by Zacks.com users lately. So, it is worth exploring what lies ahead for the stock.",2023-03-06 14:00:07+00:00,https://www.zacks.com/stock/news/2062082/investors-heavily-search-celularity-inc-celu-here-is-what-you-need-to-know,Zacks Investment Research,0.19999999999999998,0.3666666666666667,positive,0.19999999999999998,False,False,False,False,False,False,False,False,0.0,228,['CELU'],CELU,2023-03-06
Celularity (CELU) to Report Q4 Earnings: What's in the Cards?,"Devoid of marketed drugs, investors will focus on updates on Celularity's (CELU) pipeline candidates when it reports its fourth-quarter earnings.",2023-03-06 15:54:00+00:00,https://www.zacks.com/stock/news/2062221/celularity-celu-to-report-q4-earnings-whats-in-the-cards,Zacks Investment Research,-0.1,0.2,neutral,0.1,True,False,False,False,False,False,False,False,0.0,208,"['MIRM', 'CLNN', 'CGEM', 'CELU']",CELU,2023-03-06
"Celularity, Inc. (CELU) Is a Trending Stock: Facts to Know Before Betting on It","Celularity, Inc. (CELU) has received quite a bit of attention from Zacks.com users lately. Therefore, it is wise to be aware of the facts that can impact the stock's prospects.",2023-03-17 13:00:06+00:00,https://www.zacks.com/stock/news/2067229/celularity-inc-celu-is-a-trending-stock-facts-to-know-before-betting-on-it,Zacks Investment Research,0.21666666666666665,0.5833333333333334,positive,0.21666666666666665,False,False,False,False,False,False,False,False,0.0,257,['CELU'],CELU,2023-03-17
"Celularity, Inc. (CELU) Stock Sinks As Market Gains: What You Should Know","In the latest trading session, Celularity, Inc. (CELU) closed at $0.59, marking a -0.69% move from the previous day.",2023-03-20 21:50:24+00:00,https://www.zacks.com/stock/news/2068188/celularity-inc-celu-stock-sinks-as-market-gains-what-you-should-know,Zacks Investment Research,0.03333333333333335,0.2916666666666667,neutral,0.03333333333333335,False,False,False,False,False,False,False,False,0.0,191,['CELU'],CELU,2023-03-20
Celularity Receives U.S. Food And Drug Administration (FDA) Preliminary Assessment For Celularity’s Investigational Fuse Bone Void Filler To Be Regulated As A Device By FDA’s Center For Devices And Radiological Health,Celularity’s Pre-Request for Designation (Pre-RFD) is based on data demonstrating 100 percent biochemical characterization of the product,2023-04-03 13:00:00+00:00,https://www.globenewswire.com/news-release/2023/04/03/2639651/0/en/Celularity-Receives-U-S-Food-And-Drug-Administration-FDA-Preliminary-Assessment-For-Celularity-s-Investigational-Fuse-Bone-Void-Filler-To-Be-Regulated-As-A-Device-By-FDA-s-Center-F.html,GlobeNewswire Inc.,-0.1,0.1,neutral,0.1,False,False,True,False,True,False,False,False,0.0,356,['CELU'],CELU,2023-04-03
Penny Stocks To Buy? 4 To Watch Now After Big News This Week,"Penny stocks to watch with news this week. Are they a buy now or should you avoid them entirely?
The post Penny Stocks To Buy? 4 To Watch Now After Big News This Week appeared first on Penny Stocks to Buy, Picks, News and Information | PennyStocks.com.",2023-04-03 16:52:16+00:00,https://pennystocks.com/featured/2023/04/03/penny-stocks-to-buy-3-to-watch-now-after-big-news-this-week-april-2023/,PennyStocks,0.0625,0.2895833333333333,neutral,0.0625,False,True,False,False,False,False,False,False,0.0,314,"['AKBA', 'CELU', 'MGOL', 'RSLS']",CELU,2023-04-03
Immuneering Corporation (IMRX) Surges 18.5%: Is This an Indication of Further Gains?,Immuneering Corporation (IMRX) witnessed a jump in share price last session on above-average trading volume. The latest trend in earnings estimate revisions for the stock doesn't suggest further strength down the road.,2023-04-11 07:56:00+00:00,https://www.zacks.com/stock/news/2076657/immuneering-corporation-imrx-surges-185-is-this-an-indication-of-further-gains,Zacks Investment Research,0.06888888888888889,0.45111111111111113,neutral,0.06888888888888889,True,False,False,False,False,False,False,False,0.0,304,"['IMRX', 'CELU']",CELU,2023-04-11
New Strong Buy Stocks for April 12th,"CELU, MGI, LRMR, EQRX and SRZN have been added to the Zacks Rank #1 (Strong Buy) List on April 12, 2023.",2023-04-12 12:41:00+00:00,https://www.zacks.com/commentary/2076750/new-strong-buy-stocks-for-april-12th,Zacks Investment Research,0.05075757575757571,0.7053030303030303,neutral,0.05075757575757571,False,True,False,False,False,False,False,False,0.0,142,"['MGI', 'LRMR', 'CELU', 'SRZN', 'EQRX']",CELU,2023-04-12
Celularity’s Dr. Robert Hariri To Co-Chair The 2023 International Precision Medicine Center (IPMC) Conference “Beyond Longevity: Live 120 Like 50™”,"Hariri, Celularity’s CEO, Chairman and Founder, will open the meeting with the keynote address highlighting recent progress and important next steps for the science of longevity together with Scott Gottlieb, M.D., Senior Fellow of the American Enterprise Institute and former Commissioner of the U.S. Food and Drug Administration",2023-04-12 13:00:00+00:00,https://www.globenewswire.com/news-release/2023/04/12/2645388/0/en/Celularity-s-Dr-Robert-Hariri-To-Co-Chair-The-2023-International-Precision-Medicine-Center-IPMC-Conference-Beyond-Longevity-Live-120-Like-50.html,GlobeNewswire Inc.,0.04848484848484849,0.2611111111111111,neutral,0.04848484848484849,False,False,False,False,False,False,True,False,0.2,478,['CELU'],CELU,2023-04-12
Best Momentum Stocks to Buy for April 12th,"CELU, PPG and LSCC made it to the Zacks Rank #1 (Strong Buy) momentum stocks list on April 12, 2023.",2023-04-12 14:00:00+00:00,https://www.zacks.com/commentary/2077282/best-momentum-stocks-to-buy-for-april-12th,Zacks Investment Research,0.2111111111111111,0.6444444444444444,positive,0.2111111111111111,False,True,False,False,False,False,False,False,0.0,144,"['PPG', 'LSCC', 'CELU']",CELU,2023-04-12
Assertio (ASRT) to Report Q1 Earnings: What's in the Cards?,"On Assertio Therapeutics' (ASRT) Q1 earnings call, investors will likely focus on the sales performance of its rheumatology, pain and inflammation medicines.",2023-04-24 15:14:00+00:00,https://www.zacks.com/stock/news/2083509/assertio-asrt-to-report-q1-earnings-whats-in-the-cards,Zacks Investment Research,0.0,1.0,neutral,0.0,True,False,False,False,False,False,False,False,0.0,218,"['RETA', 'ASRT', 'AQST', 'CELU']",CELU,2023-04-24
"Biogen (BIIB) Beats on Q1 Earnings, Ends Some Research Programs",Biogen (BIIB) beats first-quarter estimates for earnings and sales. It maintains its 2023 guidance. Stock drops in pre-market trading.,2023-04-25 15:36:00+00:00,https://www.zacks.com/stock/news/2084363/biogen-biib-beats-on-q1-earnings-ends-some-research-programs,Zacks Investment Research,0.0,0.0,neutral,0.0,True,False,False,False,False,False,False,False,0.0,199,"['BIIB', 'ANVS', 'CELU']",CELU,2023-04-25
Celularity Announces Clinical Data on  Human Placental-Derived Unmodified Allogeneic Natural Killer Cell Therapy Candidate Cynk-001 in Adult Patients With Relapsed Refractory and Measurable Residual Disease-Positive Acute Myeloid Leukemia ,"FLORHAM PARK, N.J., April  27, 2023  (GLOBE NEWSWIRE) -- Celularity Inc. (Nasdaq: CELU), a biotechnology company developing placental-derived allogeneic cell therapies and biomaterial products, today announced preliminary results from its Phase 1 trial of CYNK-001, its investigational unmodified natural killer (NK) cell therapy in development for the treatment of R/R AML and MRD positive AML.",2023-04-27 13:00:00+00:00,https://www.globenewswire.com/news-release/2023/04/27/2656412/0/en/Celularity-Announces-Clinical-Data-on-Human-Placental-Derived-Unmodified-Allogeneic-Natural-Killer-Cell-Therapy-Candidate-Cynk-001-in-Adult-Patients-With-Relapsed-Refractory-and-Me.html,GlobeNewswire Inc.,0.18787878787878787,0.4409090909090909,positive,0.18787878787878787,False,False,False,False,True,False,False,False,0.0,636,['CELU'],CELU,2023-04-27
 Celularity Announces Acceptance of Presentation at 26th Annual Meeting of the American Society of Gene and Cell Therapy,Data will be presented demonstrating that therapy with placental-derived mesenchymal-like adherent stem cells (MLASC) results in alterations in gene and protein signatures associated with inflammation and fistula formation in patients with Crohn’s disease who responded to Celularity’s MLASC treatment Data will be presented demonstrating that therapy with placental-derived mesenchymal-like adherent stem cells (MLASC) results in alterations in gene and protein signatures associated with inflammation and fistula formation in patients with Crohn’s disease who responded to Celularity’s MLASC treatment,2023-05-01 20:01:00+00:00,https://www.globenewswire.com/news-release/2023/05/01/2658573/0/en/Celularity-Announces-Acceptance-of-Presentation-at-26th-Annual-Meeting-of-the-American-Society-of-Gene-and-Cell-Therapy.html,GlobeNewswire Inc.,0.0,0.0,neutral,0.0,False,False,False,False,False,False,False,False,0.0,725,['CELU'],CELU,2023-05-01
"Blueprint Medicines (BPMC) Reports Q1 Loss, Tops Revenue Estimates","Blueprint Medicines (BPMC) delivered earnings and revenue surprises of 19.17% and 48.18%, respectively, for the quarter ended March 2023. Do the numbers hold clues to what lies ahead for the stock?",2023-05-04 12:25:21+00:00,https://www.zacks.com/stock/news/2089815/blueprint-medicines-bpmc-reports-q1-loss-tops-revenue-estimates,Zacks Investment Research,0.0,0.1,neutral,0.0,True,False,False,False,False,False,False,False,0.0,265,"['BPMC', 'CELU']",CELU,2023-05-04
"Arvinas, Inc. (ARVN) Reports Q1 Loss, Misses Revenue Estimates","Arvinas, Inc. (ARVN) delivered earnings and revenue surprises of -5.48% and 5.88%, respectively, for the quarter ended March 2023. Do the numbers hold clues to what lies ahead for the stock?",2023-05-05 12:35:04+00:00,https://www.zacks.com/stock/news/2090749/arvinas-inc-arvn-reports-q1-loss-misses-revenue-estimates,Zacks Investment Research,0.0,0.1,neutral,0.0,True,False,False,False,False,False,False,False,0.0,254,"['ARVN', 'CELU']",CELU,2023-05-05
"Akoya Biosciences (AKYA) Reports Q1 Loss, Tops Revenue Estimates","Akoya (AKYA) delivered earnings and revenue surprises of -6.52% and 5.11%, respectively, for the quarter ended March 2023. Do the numbers hold clues to what lies ahead for the stock?",2023-05-08 21:35:10+00:00,https://www.zacks.com/stock/news/2091796/akoya-biosciences-akya-reports-q1-loss-tops-revenue-estimates,Zacks Investment Research,0.0,0.1,neutral,0.0,True,False,False,False,False,False,False,False,0.0,248,"['AKYA', 'CELU']",CELU,2023-05-08
"Shattuck Labs, Inc. (STTK) Reports Q1 Loss, Misses Revenue Estimates","Shattuck Labs, Inc. (STTK) delivered earnings and revenue surprises of 19.67% and 83.24%, respectively, for the quarter ended March 2023. Do the numbers hold clues to what lies ahead for the stock?",2023-05-09 21:15:11+00:00,https://www.zacks.com/stock/news/2092707/shattuck-labs-inc-sttk-reports-q1-loss-misses-revenue-estimates,Zacks Investment Research,0.0,0.1,neutral,0.0,True,False,False,False,False,False,False,False,0.0,267,"['STTK', 'CELU']",CELU,2023-05-09
Celularity Announces Advisory Guidance From Tamer Group Regarding Anticipated 2023 Purchase Orders for Celularity Branded Halal-Certified Biomaterial Products,"FLORHAM PARK, N.J., May  10, 2023  (GLOBE NEWSWIRE) -- Celularity Inc. (Nasdaq: CELU) (Celularity), a biotechnology company developing placental-derived allogeneic cell therapies and biomaterial products, today announced that it has been advised by Farouk, Maamoun Tamer & Co. (Tamer Group), the exclusive distributor for Celularity's branded Halal-Certified biomaterial products in the Kingdom of Saudi Arabia, that it expects to submit purchase orders through the end of 2023 in the range of $60 million to $80 million.",2023-05-10 13:00:00+00:00,https://www.globenewswire.com/news-release/2023/05/10/2665590/0/en/Celularity-Announces-Advisory-Guidance-From-Tamer-Group-Regarding-Anticipated-2023-Purchase-Orders-for-Celularity-Branded-Halal-Certified-Biomaterial-Products.html,GlobeNewswire Inc.,0.0,0.0,neutral,0.0,False,False,False,False,True,False,False,False,0.0,681,['CELU'],CELU,2023-05-10
"HOOKIPA Pharma Inc. (HOOK) Reports Q1 Loss, Lags Revenue Estimates","HOOKIPA Pharma Inc. (HOOK) delivered earnings and revenue surprises of -12.50% and 15.31%, respectively, for the quarter ended March 2023. Do the numbers hold clues to what lies ahead for the stock?",2023-05-11 12:25:08+00:00,https://www.zacks.com/stock/news/2094025/hookipa-pharma-inc-hook-reports-q1-loss-lags-revenue-estimates,Zacks Investment Research,0.0,0.1,neutral,0.0,True,False,False,False,False,False,False,False,0.0,266,"['HOOK', 'CELU']",CELU,2023-05-11
Why Immix Biopharma Shares Are Trading Higher By Around 45%; Here Are 20 Stocks Moving Premarket,"Gainers

SeqLL Inc. (NASDAQ: SQL) shares surged 61.1% to $0.54 in pre-market trading after dropping 14% on Friday. SeqLL recently posted a wider first-quarter loss.
CNS Pharmaceuticals, Inc. (NASDAQ: CNSP) shares rose 45.3% to $2.31 in pre-market trading after gaining around 18% on Friday. CNS Pharmaceuticals posted a wider first-quarter loss.
Immix Biopharma, Inc.  (NASDAQ: IMMX) shares gained 44.5% to $2.37 in pre-market trading after the company disclosed NXC-201 positive clinical results at The American Society of Gene and Cell Therapy.
Hepion Pharmaceuticals, Inc.  (NASDAQ: HEPA) gained 37.4% to $12.24 in pre-market trading. Hepion Pharmaceuticals said it expects to release topline results from the Phase 2 ALTITUDE-NASH clinical trial before the market opens on May 22, 2023.
Netcapital Inc.  (NASDAQ: NCPL) shares gained 31.1% to $2.57 in pre-market trading after gaining over 6% on Friday.
ZyVersa Therapeutics, Inc. (NASDAQ: ZVSA) rose 27.1% to $0.54 in pre-market trading after the company ...",2023-05-22 12:06:58+00:00,https://www.benzinga.com/news/23/05/32505849/why-immix-biopharma-shares-are-trading-higher-by-around-45-here-are-20-stocks-moving-premarket,Benzinga,0.27954545454545454,0.5325757575757576,positive,0.27954545454545454,True,False,False,False,True,False,False,False,0.0,1110,"['CELU', 'VLCN', 'DXR', 'IMMX', 'SDA', 'FRGE', 'IZEA', 'ZVSA', 'TORO', 'ZAPP', 'MNK', 'BIOC', 'FLGC', 'MDNA', 'SQL', 'CNSP', 'HEPA', 'BXRX', 'NCPL', 'NBTX']",CELU,2023-05-22
Why ZIM Integrated Shipping Services Shares Are Trading Lower By 14%? Here Are Other Stocks Moving In Monday's Mid-Day Session,"Gainers

Greenhill & Co., Inc. (NYSE: GHL) shares jumped 116.4% to $14.67 after Mizuho announced it would acquire the company for $15 per share.
AVROBIO, Inc. (NASDAQ: AVRO) gained 93.5% to $1.50 after the company announced it would sell its gene therapy program to Novartis for $87.5 million.
Microbot Medical Inc. (NASDAQ: MBOT) rose 66% to $2.0450 after the company announced it achieved a 100% success rate for the LIBERTY system in an extensive pre-clinical animal study performed by leading European physicians.
Hepion Pharmaceuticals, Inc.  (NASDAQ: HEPA) shares gained 39.7% to $12.45 after the company announced results of its phase 2 study to treat liver function.
VectivBio Holding AG  (NASDAQ: VECT) climbed 38.5% to $16.20 after Ironwood Pharmaceuticals announced it would acquire the company for $17 per share.
Atea Pharmaceuticals, Inc.  (NASDAQ: AVIR) shares climbed 33.5% to $4.9375. Tang Capital Partners, Concentra sent acquisition proposal to Atea Pharmaceuticals with terms to acquire all of its outstanding common stock.
Appreciate Holdings, Inc. (NASDAQ: SFR) gained 30% to $0.3551. Appreciate announced receipt of notice from Nasdaq regarding late filing of its form 10-Q and 10-K.
D-Wave Quantum Inc. (NYSE: QBTS) surged 25.5% to $0.6080. Benchmark reiterated D-Wave Quantum with a Buy and maintained a $2 price target.
CNS Pharmaceuticals, Inc. (NASDAQ: CNSP) shares climbed 24.3% to $1.9850 after gaining around 18% on Friday. CNS Pharmaceuticals posted a wider first-quarter loss.
SeqLL Inc. (NASDAQ: SQL) shares climbed 23.9% to $0.4149 after dropping 14% on Friday. SeqLL recently posted a wider first-quarter loss.
Cricut, Inc. (NASDAQ: CRCT) gained 22.2% to $8.78. Cricut declared a $234 million special cash dividend of $1/share to holders of the company’s Class A and Class B common stock.
Yunji Inc. (NASDAQ: YJ) gained 19.8% to $0.22.
Histogen Inc. (NASDAQ: HSTO) rose 18.7% to $1.00.
Absci Corporation (NASDAQ: ABSI) jumped 18.7% to $1.65.
ADS-TEC Energy PLC (NASDAQ: ADSE) rose 18.6% to $7.13.
Akebia Therapeutics, Inc. (NASDAQ:",2023-05-22 17:20:39+00:00,https://www.benzinga.com/news/23/05/32513895/why-zim-integrated-shipping-services-shares-are-trading-lower-by-14-here-are-other-stocks-moving-in,Benzinga,0.13801020408163264,0.4896258503401361,positive,0.13801020408163264,True,True,False,False,False,True,False,False,0.0,2194,"['WAVD', 'RAIN', 'SGTX', 'NUTX', 'AVIR', 'NBTX', 'DXR', 'QBTS', 'MBOT', 'ENVB', 'COCO', 'ZVSA', 'KOD', 'ZIM', 'MGRM', 'AULT', 'FLGC', 'IONQ', 'GHL', 'TRNR', 'AVRO', 'CRCT', 'IEP', 'OTLK', 'RXRX', 'MU', 'YJ', 'BHG', 'SDA', 'SQL', 'ABSI', 'VECT', 'CNSP', 'CELU', 'UPST', 'HEPA', 'VLCN', 'ICPT', 'NIO', 'CINT', 'MNK', 'BXRX', 'BJDX', 'ADSE', 'BIOC', 'HSTO', 'IMMX', 'AKBA', 'RXT', 'PRSO', 'SFR', 'NCPL']",CELU,2023-05-22
Best Penny Stocks Today? 4 With Big News To Watch This Week,"I’m sure if you’re on this site, you’re looking for info on…
The post Best Penny Stocks Today? 4 With Big News To Watch This Week appeared first on Penny Stocks to Buy, Picks, News and Information | PennyStocks.com.",2023-05-22 19:33:58+00:00,https://pennystocks.com/featured/2023/05/22/best-penny-stocks-today-4-with-big-news-to-watch-this-week/,PennyStocks,0.4583333333333333,0.337037037037037,positive,0.4583333333333333,False,True,False,False,False,False,False,False,0.0,276,"['CELU', 'LSDI', 'MBOT']",CELU,2023-05-22
"Celularity Announces $45 Million Purchase Order,  First Middle East Private Label Agreement For  Celularity’s Halal-Certified Biomaterial Products","FLORHAM PARK, N.J., May  23, 2023  (GLOBE NEWSWIRE) -- Celularity Inc. (Nasdaq: CELU) (Celularity), a biotechnology company developing placental-derived allogeneic cell therapies and biomaterial products, today announced that it has received a $45 million purchase order for Celularity private label Halal-Certified biomaterial products from Jamjoom Medical Store (Jamjoom). Dr. Walid Swelim will serve as marketing manager for promotion and distribution of the products. This marks the first purchase order received by Celularity under its recently announced expansion into the Middle East market, as part of Celularity’s global market strategy.",2023-05-23 12:10:00+00:00,https://www.globenewswire.com/news-release/2023/05/23/2674277/0/en/Celularity-Announces-45-Million-Purchase-Order-First-Middle-East-Private-Label-Agreement-For-Celularity-s-Halal-Certified-Biomaterial-Products.html,GlobeNewswire Inc.,0.05555555555555555,0.18518518518518517,neutral,0.05555555555555555,False,False,False,False,True,False,False,False,0.0,794,['CELU'],CELU,2023-05-23
Celularity Tissue Factor Gene Knockout of Allogeneic Stromal Cells Significantly Lowers Thrombotic Effects; Study Highlights Critical Importance of Gene Editing Capability,"Data published online in the journal Cytotherapy demonstrate that CRISPR-mediated tissue factor gene knockout (TFKO) in allogeneic stromal cells (ASCs) leads to significantly lower tissue factor (TF) expression, activity, and thrombotic effects, providing a feasible strategy potentially to improve the safety of ASC-based cell therapy",2023-06-01 13:15:00+00:00,https://www.globenewswire.com/news-release/2023/06/01/2680450/0/en/Celularity-Tissue-Factor-Gene-Knockout-of-Allogeneic-Stromal-Cells-Significantly-Lowers-Thrombotic-Effects-Study-Highlights-Critical-Importance-of-Gene-Editing-Capability.html,GlobeNewswire Inc.,0.1875,0.8875,positive,0.1875,False,False,False,False,False,False,False,False,0.2,508,['CELU'],CELU,2023-06-01
Celularity Announces  Presentation at Upcoming  7th International Conference on Orthopedics,Data will be presented from an in vitro study of decellularized-flowable placental connective tissue matrix supporting cellular functions of human tenocytes Data will be presented from an in vitro study of decellularized-flowable placental connective tissue matrix supporting cellular functions of human tenocytes,2023-06-29 20:05:00+00:00,https://www.globenewswire.com/news-release/2023/06/29/2697429/0/en/Celularity-Announces-Presentation-at-Upcoming-7th-International-Conference-on-Orthopedics.html,GlobeNewswire Inc.,0.1,0.13999999999999999,neutral,0.1,False,False,False,False,False,False,False,False,0.0,406,['CELU'],CELU,2023-06-29
Celularity Inc. Announces $3 Million Registered Direct Offering,"FLORHAM PARK, N.J., July  27, 2023  (GLOBE NEWSWIRE) -- Celularity Inc. (Nasdaq: CELU) (“Celularity”), a biotechnology company developing placental-derived allogeneic cell therapies and biomaterial products, today announced that it has entered into a definitive agreement with a single, healthcare-focused institutional investor for the purchase and sale of 8,571,428 shares of its Class A common stock together with warrants to purchase up to 8,571,428 shares of its Class A common stock at a combined purchase price of $0.35 per share and accompanying warrant (together the “Securities”), pursuant to a registered direct offering resulting in total gross proceeds of approximately $3 million before deducting placement agent commissions and other estimated offering expenses. The warrants will have an exercise price of $0.35, will be exercisable beginning six months after the date of issuance and will expire five years following the initial exercise date. The closing of the offering and sale of the Securities is expected to occur on or about July 31, 2023, subject to the satisfaction of customary closing conditions.",2023-07-27 13:07:00+00:00,https://www.globenewswire.com/news-release/2023/07/27/2712276/0/en/Celularity-Inc-Announces-3-Million-Registered-Direct-Offering.html,GlobeNewswire Inc.,-0.09716117216117218,0.35173992673992677,neutral,0.09716117216117218,False,False,True,False,True,False,False,False,0.0,1189,['CELU'],CELU,2023-07-27
"Celularity Appoints Geoffrey Shiu Fei Ling, M.D., Ph.D. to its Board of Directors",Pharmaceutical and Academic Veteran Brings Significant Innovative Technology and Development Expertise Launching New Cellular Therapies Pharmaceutical and Academic Veteran Brings Significant Innovative Technology and Development Expertise Launching New Cellular Therapies,2023-09-07 20:10:00+00:00,https://www.globenewswire.com/news-release/2023/09/07/2739783/0/en/Celularity-Appoints-Geoffrey-Shiu-Fei-Ling-M-D-Ph-D-to-its-Board-of-Directors.html,GlobeNewswire Inc.,0.20227272727272724,0.46590909090909094,positive,0.20227272727272724,False,False,False,False,True,False,True,False,0.0,354,['CELU'],CELU,2023-09-07
Why Astra Space Shares Are Trading Lower By 22%? Here Are Other Stocks Moving In Wednesday's Mid-Day Session,"Gainers

Tempest Therapeutics, Inc. (NASDAQ: TPST) shares jumped 1067% to $2.80 after the company released new data demonstrating superiority of TPST-1120 arm across multiple study endpoints in first-line hepatocellular carcinoma study.
Phio Pharmaceuticals Corp. (NASDAQ: PHIO) jumped 59.5% to $2.17. Phio Pharmaceuticals presented new data for targeting of BRD4 with its INTASYL™ compound PH-894.
Tupperware Brands Corporation (NYSE: TUP) surged 42.5% to $2.14.
Wheeler Real Estate Investment Trust, Inc.  (NASDAQ: WHLR) gained 41.4% to $1.2586 after falling 7% on Tuesday.
ReTo Eco-Solutions, Inc. (NASDAQ: RETO) jumped 37.3% to $0.7461.
Gaucho Group Holdings, Inc.  (NASDAQ: VINO) shares climbed 32.6% to $1.18 after falling over 12% on Tuesday. Gaucho Group announced its journey towards organic cultivation for select sections of its renowned Pinot Noir and Cabernet Sauvignon vineyards.
Clearmind Medicine Inc. (NASDAQ: CMND) gained 28.5% to $0.1934.
Celularity Inc. (NASDAQ: CELU) rose 26.2% to $0.25.
Asset Entities Inc. (NASDAQ: ASST) gained 26% to $0.3870. Asset Entities recently announced it received a notice from the Nasdaq saying that it is not in compliance with the minimum bid price requirement.
Mangoceuticals, Inc.  (NASDAQ: MGRX) shares climbed 25.3% to $0.7440 after gaining 9% on Tuesday.
Sharecare, Inc. (NASDAQ: SHCR) shares surged 22.8% to $1.1494. On Oct. 3, 2023, John Chadwick submitted a preliminary non-binding proposal to the board on behalf of Claritas Capital, related to the proposed acquisition of all of the Sharecare shares not owned by reporting persons for $1.35 to $1.80 per share in cash.
TC Biopharm (Holdings) Plc (NASDAQ: TCBP) rose 22.6% to $0.4298.
voxeljet AG (NASDAQ: VJET) gained 22.3% to $1.26 after the company announced it was selected for a $14.9 million contract alongside GE Research to develop advanced manufacturing technologies to enable the U.S. energy transition.
VOXX International Corp  (NASDAQ: VOXX) shares jumped 22% to $9.51 as the company reported stronger-than-expected sales for its second quarter.
Baudax Bio, Inc. (NASDAQ: BXRX) gained 21.7% to $0.3188.
Origin Materials, Inc. (NASDAQ: ORGN) jumped 20.3% to $1.1650. Origin Materials announced commencement of commercial-scale production at Origin 1.
AgileThought, Inc. (NASDAQ: AGIL) rose 20% to $0.1775. On Oct. 10, 2023, The Bankruptcy Court entered an order approving AgileThought Parties' and stalking horse buyer's entry into agreement.
Ontrak, Inc. (NASDAQ: OTRK) gained 18.1% to $0.8380.
Golden Heaven Group Holdings Ltd. (NASDAQ: GDHG) gained 16% to $9.25.
Atreca, Inc.  (NASDAQ: BCEL) shares ...",2023-10-11 17:13:19+00:00,https://www.benzinga.com/news/23/10/35199578/why-astra-space-shares-are-trading-lower-by-22-here-are-other-stocks-moving-in-wednesdays-mid-day-se,Benzinga,0.2034090909090909,0.4417207792207792,positive,0.2034090909090909,False,True,True,False,True,False,False,True,0.0,2738,"['RETO', 'AGRI', 'TUP', 'PHIO', 'CELU', 'MOB', 'CHPT', 'SILK', 'JVA', 'VSCO', 'ORGN', 'TMDX', 'NOG', 'AGIL', 'INTZ', 'AKRO', 'ABAT', 'TCBP', 'EXAI', 'BCEL', 'ATHX', 'FEAM', 'LXFR', 'BXRX', 'INSP', 'HUBC', 'WHLR', 'HOFV', 'NVAX', 'PRZO', 'OM', 'OTRK', 'VOXX', 'MGRX', 'VJET', 'HYLN', 'AZZ', 'GDHG', 'SPCB', 'ETWO', 'BAX', 'SMX', 'DADA', 'ELYS', 'BCO', 'VSME', 'RGF', 'BTWN', 'DVA', 'FBYD', 'ASST', 'ASTR', 'FMS', 'VINO', 'SHCR', 'GLG', 'CMND', 'TPST', 'PRM']",CELU,2023-10-11
Why Belden Shares Are Trading Lower By Over 25%? Here Are Other Stocks Moving In Friday's Mid-Day Session,"Gainers

Sigma Additive Solutions, Inc.  (NASDAQ: SASI) shares jumped 196% to $7.34 after the company announced the signing of a definitive agreement for the acquisition of NextTrip Holdings, Inc.
Bio-Path Holdings, Inc. (NASDAQ: BPTH) shares climbed 102% to $0.7961 after gaining more than 6% on Thursday.
Shift Technologies, Inc. (NASDAQ: SFT) gained 60% to $0.2145, after falling around 21% on Thursday.
C3is Inc. (NASDAQ: CISS) gained 32% to $0.5625.
Comtech Telecommunications Corp.  (NASDAQ: CMTL) shares climbed 30.6% to $10.63 after posting better-than-expected fourth-quarter results.
Versus Systems Inc. (NASDAQ: VS) shares climbed 29.1% to $0.4246 after jumping more than 52% on Thursday.
Outlook Therapeutics, Inc. (NASDAQ: OTLK) gained 26% to $0.3448
SunOpta Inc. (NASDAQ: STKL) gained 22.5% to $3.5050 after the company announced the sale of certain frozen fruit assets to Nature's Touch for an aggregate purchase price of $141 million and issued preliminary Q3 results.
PSQ Holdings, Inc. (NYSE: PSQH) climbed 22% to $5.55. The company said preliminary third quarter revenue climbed around 300% sequentially, to an estimated $2.2 million, representing 1,600% year-over-year growth.
EHang Holdings Limited (NASDAQ: EH) jumped 21% to $20.77 after the company obtained a type certificate for the EH216-S passenger-carrying UAV system issued by the Civil Aviation Administration of China.
SELLAS Life Sciences Group, Inc. (NASDAQ: SLS) gained 18% to $1.27. SELLAS Life Sciences issued an update on Phase 3 REGAL clinical trial for Galinpepimut-S in acute myeloid leukemia.
Celularity Inc. (NASDAQ: CELU) rose 17.7% to $0.3179.
Processa Pharmaceuticals, Inc. (NASDAQ: PCSA) gained 16% to $0.3826.
Hecla Mining Company (NYSE: HL) climbed 13.7% to $4.1650 after Roth MKM upgraded the stock from Neutral to Buy and raised its price target from $4 to $4.4.
Viasat, Inc. (NASDAQ: VSAT) climbed 13.5% to $19.06.
Coeur Mining, Inc. (NYSE: CDE) gained 13.2% to $2.5399.
Groupon, Inc. (NASDAQ: GRPN) jumped 13.2% to $12.38 after Roth MKM initiated coverage on the stock with a Buy rating and $30 price target.
Synchronoss Technologies, Inc. (NASDAQ: SNCR) surged 13% to $0.5426.
Oblong, Inc.  (NASDAQ:",2023-10-13 17:14:35+00:00,https://www.benzinga.com/news/23/10/35245573/why-belden-shares-are-trading-lower-by-over-25-here-are-other-stocks-moving-in-fridays-mid-day-sessi,Benzinga,0.27723214285714287,0.49241071428571426,positive,0.27723214285714287,True,True,False,False,False,False,False,False,0.0,2309,"['TNGX', 'SLS', 'SECO', 'SOPA', 'WFC', 'PCSA', 'SGH', 'LGMK', 'DG', 'RSLS', 'CMTL', 'SASI', 'BPTH', 'RBBN', 'CTHR', 'FLJ', 'GRPN', 'VS', 'OTLK', 'SNCR', 'LIFW', 'STAF', 'SAVA', 'STKL', 'LQR', 'OM', 'EDSA', 'STRL', 'CISS', 'RDHL', 'OBLG', 'VSAT', 'PSQH', 'AMC', 'BSFC', 'AG', 'JD', 'HRMY', 'BDC', 'EH', 'PMVP', 'CDE', 'BLPH', 'TIRX', 'HL', 'SFT', 'NUWE', 'HRL', 'SRL', 'RERE', 'JPM', 'BYSI', 'CELU', 'PGR', 'PWM']",CELU,2023-10-13
Celularity Inc. Announces Receipt of Nasdaq Notice Regarding Late Form 10-Q Filing,"FLORHAM PARK, N.J., Nov.  24, 2023  (GLOBE NEWSWIRE) -- Celularity Inc. (Nasdaq: CELU) (the “Company”), a biotechnology company developing allogeneic cell therapies and biomaterial products, announced today that on November 21, 2023, the Company received notification from the Listing Qualifications department of the Nasdaq Stock Market LLC (“Nasdaq”) stating that the Company is not in compliance with Nasdaq’s continued listing requirements of the Company’s failure to timely file a Form 10-Q for the third quarter of 2023.",2023-11-24 18:15:00+00:00,https://www.globenewswire.com/news-release/2023/11/24/2785689/0/en/Celularity-Inc-Announces-Receipt-of-Nasdaq-Notice-Regarding-Late-Form-10-Q-Filing.html,GlobeNewswire Inc.,-0.20555555555555557,0.3,negative,0.20555555555555557,False,False,False,False,True,False,False,False,0.0,610,['CELU'],CELU,2023-11-24
Celularity Announces Net Sales and Total Revenue Expectations for Fourth Quarter 2023 and Full Year 2023,"Celularity expects net sales of its biomaterial products and biobanking businesses to be in the range of $11.4 million to $12.1 million for the fourth quarter 2023 and $22.06 million to $22.76 million for the full year 2023 reflecting triple-digit increases compared to the fourth quarter 2022 and full year 2022, respectively. These numbers do not include revenue from other sources, including research contracts such as the Company’s previously announced multi-year research collaboration services agreement with Regeneron.",2024-01-03 17:00:00+00:00,https://www.globenewswire.com/news-release/2024/01/03/2803517/0/en/Celularity-Announces-Net-Sales-and-Total-Revenue-Expectations-for-Fourth-Quarter-2023-and-Full-Year-2023.html,GlobeNewswire Inc.,0.05833333333333332,0.27243589743589747,neutral,0.05833333333333332,True,False,False,False,True,False,False,False,0.0,631,['CELU'],CELU,2024-01-03
Celularity Confirms Commercialization Agreement with BioCellgraft for the Manufacture and Distribution of Advanced Biomaterial Products for Use in Oral Healthcare ,"FLORHAM PARK, N.J., Jan.  04, 2024  (GLOBE NEWSWIRE) -- Celularity Inc. (Nasdaq: CELU) (the “Company”) a biotechnology company developing allogeneic cell therapies and advanced biomaterial products, today confirmed that it has entered into an exclusive U.S. strategic commercialization agreement with BioCellgraft, Inc. (“BioCellgraft”) under which Celularity will manufacture advanced biomaterial products for BioCellgraft which BioCellgraft will distribute in the United States for use in multiple dental/oral healthcare applications. A copy of BioCellgraft’s announcement of the agreement can be accessed here: https://www.prweb.com/releases/biocellgraft-finalizes-commercialization-agreement-with-celularity-for-the-manufacture-and-distribution-of-products-for-therapeutic-use-in-oral-healthcare-302025082.html.",2024-01-04 18:00:00+00:00,https://www.globenewswire.com/news-release/2024/01/04/2804245/0/en/Celularity-Confirms-Commercialization-Agreement-with-BioCellgraft-for-the-Manufacture-and-Distribution-of-Advanced-Biomaterial-Products-for-Use-in-Oral-Healthcare.html,GlobeNewswire Inc.,0.32,0.56,positive,0.32,False,False,False,False,True,False,False,False,0.0,980,['CELU'],CELU,2024-01-04
Why M.D.C. Holdings Shares Are Trading Higher By Around 17%; Here Are 20 Stocks Moving Premarket,"Shares of  M.D.C. Holdings, Inc.  (NYSE: MDC) rose sharply in today’s pre-market trading.
Sekisui House, Ltd. and M.D.C. Holdings announced an agreement pursuant to which a wholly-owned subsidiary of Sekisui House will acquire MDC in an all-cash deal with an equity value of $4.9 billion.
M.D.C. shares surged 17.4% to $62.30 in pre-market trading
Here are some other stocks moving in pre-market trading.
Gainers

Lytus Technologies Holdings PTV. Ltd. (NASDAQ: LYT) shares rose 137.3% to $0.2246 in pre-market trading after falling 5% on Wednesday.
Marpai, Inc. (NASDAQ: MRAI) shares jumped 29% to $1.09 in pre-market trading after declining over 8% on Wednesday. Marpai recently named John Powers as President.
Celularity Inc. (NASDAQ: CELU) shares climbed 25.8% to $0.2370 in pre-market trading after falling more than 5% on Wednesday.
Phunware, Inc. (NASDAQ: PHUN) shares gained 23% to $0.20 in pre-market trading. Phunware shares dipped 61% on Wednesday after the company announced pricing of a $7 million registered direct offering price at-the-market under Nasdaq rules.
Castellum, Inc. (NYSE: CTM) gained 22.2% ...",2024-01-18 12:52:18+00:00,https://www.benzinga.com/news/24/01/36675813/why-m-d-c-holdings-shares-are-trading-higher-by-around-17-here-are-20-stocks-moving-premarket,Benzinga,0.225,0.5843750000000001,positive,0.225,False,True,False,False,False,False,False,False,0.0,1219,"['MRAI', 'DMAQ', 'LYT', 'PLUG', 'WRNT', 'ROMA', 'CVKD', 'DFS', 'HOVR', 'MDC', 'PHUN', 'CTM', 'NUKK', 'ARAV', 'NVVE', 'CMMB', 'MMAT', 'CELU', 'MIMO', 'NCAC']",CELU,2024-01-18
"Nasdaq Jumps Over 100 Points; US Jobless Claims Fall To 187,000","U.S. stocks traded mixed this morning, with the Nasdaq Composite gaining more than 100 points on Thursday.
Following the market opening Thursday, the Dow traded down 0.33% to 37,143.30 while the NASDAQ rose 0.97% to 15,000.30. The S&P 500 also rose, gaining, 0.43% to 4,759.68.
Check This Out:  Alphabet, Electronic Arts And 2 Other Stocks Insiders Are Selling 
 
Leading and Lagging Sectors
 
Information technology shares rose by 1.4% on Thursday.
In trading on Thursday, health care shares dipped by 0.9%.
 
Top Headline
 
U.S. initial jobless claims fell by 16,000 to 187,000 in the week ending January 18, compared to market estimates of 207,000.
 
Equities Trading UP
 
Agrify Corporation  (NASDAQ: AGFY) shares shot up 133% to $2.75. Agrify said it entered into first Hydrocarbon Extraction Lab & Vertical Farming unit facility in California.
Shares of  Lytus Technologies Holdings PTV. Ltd.  (NASDAQ: LYT) got a boost, surging 114% to $0.2032 after falling 5% on Wednesday.
Celularity Inc.  (NASDAQ: CELU) shares were also up, gaining 59% to $0.3013 ...",2024-01-18 14:47:20+00:00,https://www.benzinga.com/news/earnings/24/01/36679077/nasdaq-jumps-over-100-points-us-jobless-claims-fall-to-187-000,Benzinga,0.25176767676767675,0.47247474747474744,positive,0.25176767676767675,False,False,True,False,False,False,False,False,0.0,1126,"['PCSA', 'ARAV', 'AGFY', 'CELU', 'NCAC', 'LYT']",CELU,2024-01-18
Why KeyCorp Shares Are Trading Lower By Over 5%? Here Are Other Stocks Moving In Thursday's Mid-Day Session,"Shares of KeyCorp (NYSE: KEY) moved lower during Thursday’s session after the company reported fourth-quarter financial results.
Revenues of $1.538 billion, down 19.0% Y/Y, slightly topped the consensus of $1.532 billion. Adjusted EPS of 25 cents topped the street view of 23 cents.
KeyCorp shares fell 5.4% to $13.10 on Thursday.
Here are some other stocks moving in today's mid-day session.
Gainers

Lytus Technologies Holdings PTV. Ltd. (NASDAQ: LYT) shares jumped 92.8% to $0.1824 after falling 5% on Wednesday.
Agrify Corporation  (NASDAQ: AGFY) shares jumped 90% to $2.2401. Agrify said it entered into first Hydrocarbon Extraction Lab & Vertical Farming unit facility in California.
Phunware, Inc. (NASDAQ: PHUN) shares jumped 67.9% to $0.2730. Phunware shares dipped 61% on Wednesday after the company announced pricing of a $7 million registered direct offering price at-the-market under Nasdaq rules.
Celularity Inc. (NASDAQ: CELU) shares surged 43.4% to $0.2705 after falling more than 5% on Wednesday.
Marpai, Inc. (NASDAQ: MRAI) shares jumped 34.4% to $1.1359 after declining over 8% on Wednesday. Marpai recently named John Powers as President.
Akoustis Technologies, Inc. (NASDAQ: AKTS) gained 21.7% to $0.7698.
Baijiayun Group Ltd (NASDAQ: RTC) gained 18.8% to $3.73.
M.D.C. Holdings, Inc.  (NYSE: MDC) rose 18.2% to $62.76 after the company announced it will be acquired by Sekisui House.
CURO Group Holdings Corp. (NYSE: CURO) gained 15.7% to $0.8499.
Lexeo Therapeutics, Inc. (NASDAQ: LXEO) rose 13% to $19.58.
Aurora Technology Acquisition Corp. (NASDAQ: ATAK) gained 13% to $4.79.
Acasti Pharma Inc. (NASDAQ: ACST) jumped 12.4% to $2.45.
Dada Nexus Limited (NASDAQ: DADA) gained 11.8% to $1.6750. Dada Nexus recently announced that it discovered suspicious practices in an internal audit.
Cadrenal Therapeutics, Inc.  (NASDAQ: CVKD) surged ...",2024-01-18 18:08:48+00:00,https://www.benzinga.com/news/24/01/36683299/why-keycorp-shares-are-trading-lower-by-over-5-here-are-other-stocks-moving-in-thursdays-mid-day-ses,Benzinga,0.09375661375661376,0.39878306878306885,neutral,0.09375661375661376,True,True,False,False,False,False,False,False,0.0,1973,"['CANO', 'LICY', 'RAMP', 'MIMO', 'PHUN', 'NCAC', 'CUTR', 'ACST', 'MRAI', 'EHTH', 'DADA', 'ATAK', 'PLUG', 'PRQR', 'LYT', 'ROMA', 'AKTS', 'LUXH', 'SIFY', 'NUKK', 'ZVSA', 'DFS', 'MRSN', 'LANV', 'HTZ', 'PCSA', 'CVKD', 'HUM', 'KEY', 'CURO', 'RTC', 'MDC', 'ARAV', 'QSG', 'TSM', 'NVVE', 'LXEO', 'USB', 'AGFY', 'ZCAR', 'SAVE', 'MMAT', 'FSM', 'CELU']",CELU,2024-01-18
Celularity Releases CEO Letter to Shareholders,"FLORHAM PARK, N.J., Jan.  18, 2024  (GLOBE NEWSWIRE) -- Celularity Inc. (Nasdaq: CELU) has posted a Letter to Shareholders from Robert J. Hariri, M.D., Ph.D., Chairman, CEO, and Founder, which is included below and can also be accessed here.",2024-01-18 18:40:00+00:00,https://www.globenewswire.com/news-release/2024/01/18/2811877/0/en/Celularity-Releases-CEO-Letter-to-Shareholders.html,GlobeNewswire Inc.,0.0,0.0,neutral,0.0,False,False,False,False,True,False,True,False,0.0,289,['CELU'],CELU,2024-01-18
Why Coherus BioSciences Shares Are Trading Higher By 22%; Here Are 20 Stocks Moving Premarket,"Shares of  Coherus BioSciences, Inc. (NASDAQ: CHRS) shares rose sharply in today’s pre-market trading after the company announced an agreement to divest ophthalmology franchise to Sandoz in $170 million upfront all cash deal.
Coherus BioSciences shares jumped 22.1% to $2.98 in pre-market trading
Here are some other stocks moving in pre-market trading.
Gainers

Northann Corp. (NYSE: NCL) shares jumped 19.9% to $1.63 in pre-market trading after jumping over 25% on Friday.
HNR Acquisition Corp (NYSE: HNRA) gained 15.4% to $2.48 in pre-market trading.
Porch Group, Inc. (NASDAQ: PRCH) gained 15.4% to $2.55 in pre-market trading.
TC Biopharm (Holdings) Plc  (NASDAQ: TCBP) surged 15% to $2.69 in pre-market trading after gaining over 10% on Friday. TC BioPharm recently regained compliance with Nasdaq minimum bid price requirement.
Remark Holdings, Inc. (NASDAQ: MARK) shares climbed 12.7% to $0.4340 in pre-market trading after falling more than 10% on Friday.
Unicycive Therapeutics, Inc. (NASDAQ: UNCY) shares gained 11.8% to $0.9690 in pre-market trading.
Aclaris Therapeutics, Inc. (NASDAQ: ACRS) gained 10.5% to $1.26 in ...",2024-01-22 13:21:24+00:00,https://www.benzinga.com/news/24/01/36714835/why-coherus-biosciences-shares-are-trading-higher-by-22-here-are-20-stocks-moving-premarket,Benzinga,0.18333333333333335,0.5541666666666667,positive,0.18333333333333335,False,True,False,False,False,False,False,False,0.0,1228,"['ASTL', 'TCBP', 'HNRA', 'ADM', 'GNS', 'NCL', 'HUBC', 'MARK', 'CISS', 'PRCH', 'CHRS', 'TGL', 'RILY', 'ACRS', 'WISA', 'AGFY', 'GBNH', 'UNCY', 'CELU', 'MIMO']",CELU,2024-01-22
Celularity and Genting Leaders Comments on Closing $21 Million Financing Transactions,"Celularity closed two financing transactions on January 16, 2024, totaling $21 million in gross proceeds, consisting of a $6 million private placement with its largest investor, Dragasac Limited, and a $15 million amended and restated senior secured loan agreement with an existing lender, Resorts World Inc Pte Ltd. Celularity closed two financing transactions on January 16, 2024, totaling $21 million in gross proceeds, consisting of a $6 million private placement with its largest investor, Dragasac Limited, and a $15 million amended and restated senior secured loan agreement with an existing lender, Resorts World Inc Pte Ltd.",2024-01-25 14:00:00+00:00,https://www.globenewswire.com/news-release/2024/01/25/2816813/0/en/Celularity-and-Genting-Leaders-Comments-on-Closing-21-Million-Financing-Transactions.html,GlobeNewswire Inc.,-0.04285714285714286,0.15446428571428572,neutral,0.04285714285714286,False,False,True,False,False,False,False,False,0.0,720,['CELU'],CELU,2024-01-25
Crude Oil Gains 1%; ISM Manufacturing PMI Tops Expectations,"U.S. stocks traded higher midway through trading, with the S&P 500 gaining around 0.5% on Thursday.
The Dow traded up 0.23% to 38,238.99 while the NASDAQ rose 0.54% to 15,245.46. The S&P 500 also rose, gaining, 0.48% to 4,868.71.
Check This Out:  $320M Bet On This Healthcare Stock? Check Out These 3 Stocks Insiders Are Buying 
 
Leading and Lagging Sectors
 
Consumer staples shares rose by 1.4% on Thursday.
In trading on Thursday, financial shares fell by 0.9%.
 
Top Headline
 
The ISM manufacturing PMI rose to 49.1 in January, notching the highest level since Oct. 2022, compared to 47.1 in December, and topping market estimates of 47.
 
Equities Trading UP
 
Cimpress plc  (NASDAQ: CMPR) shares shot up 24% to $93.21 after the company reported better-than-expected second-quarter financial results and said the board authorized the repurchase of up to $150 million of company shares.
Shares of  NeuroBo Pharmaceuticals, Inc.  (NASDAQ: NRBO) got a boost, surging 55% to $5.07 after the company announced FDA clearance of the IND for a Phase 1 clinical trial of DA-1726 for the treatment of obesity.
Celularity Inc.  (NASDAQ: CELU) shares were also up, gaining 28% to $0.4861. Celularity said it sees FY24 net sales of $50 million to $56 million.
 
Equities Trading DOWN
 
Revelation Biosciences, Inc.  (NASDAQ: ...",2024-02-01 17:04:43+00:00,https://www.benzinga.com/news/earnings/24/02/36893397/crude-oil-gains-1-ism-manufacturing-pmi-tops-expectations,Benzinga,0.20858585858585862,0.5535353535353535,positive,0.20858585858585862,False,True,True,False,False,False,False,False,0.0,1383,"['NRBO', 'CMPR', 'REVB', 'PTON', 'CELU', 'VLCN']",CELU,2024-02-01
Why C.H. Robinson Shares Are Trading Lower By Over 12%? Here Are Other Stocks Moving In Thursday's Mid-Day Session,"Shares of C.H. Robinson Worldwide, Inc. (NASDAQ: CHRW) fell sharply during Thursday’s session after the company reported worse-than-expected fourth-quarter financial results.
C.H. Robinson Worldwide posted adjusted earnings of 50 cents per share, missing market estimates if 81 cents per share. The company’s quarterly sales came in at $4.20 billion versus estimates of $4.34 billion.
C.H. Robinson Worldwide shares dipped 12.6% to $73.49 on Thursday.
Here are some other stocks moving in today's mid-day session.
Gainers

Minim, Inc.  (NASDAQ: MINM) shares climbed 57.3% to $6.45. David E. Lazar recently disclosed a 51% active stake in Minim.
Clearmind Medicine Inc. (NASDAQ: CMND) jumped 51% to $2.17. Clearmind Medicine announced long-term licensing agreement with BIRAD.
NeuroBo Pharmaceuticals, Inc.  (NASDAQ: NRBO) climbed 52.9% to $5.00. NeuroBo Pharmaceuticals announced FDA clearance of IND for Phase 1 clinical trial of DA-1726 for the treatment of obesity.
FibroBiologics, Inc.  (NASDAQ: FBLG) shares climbed 47.4% to $42.90. FibroBiologics announced direct listing on the NASDAQ.
Celularity Inc. (NASDAQ: CELU) rose 36% to $0.5191. Celularity said it sees FY24 net sales of $50 million to $56 million.
Cimpress plc (NASDAQ: CMPR) jumped 28.8% to $96.90 after the company reported better-than-expected second-quarter financial results and said the board authorized the repurchase of up to $150 million of company shares.
TuSimple Holdings Inc. (NASDAQ: TSP) rose 28% to $0.2950.
Elevai Labs, Inc. (NASDAQ: ELAB) gained 23.5% to $0.84 after gaining 8% on Wednesday.
Asset Entities Inc. (NASDAQ: ASST) climbed 22.8% to $0.5650.
Kiora Pharmaceuticals, Inc. (NASDAQ: KPRX) shares jumped 20.4% to $0.6649. Kiora Pharmaceuticals announced a private placement of up to $45 million.
Evaxion Biotech A/S (NASDAQ: EVAX) gained 19.5% to $4.70. Evaxion Biotech announced pricing of $15 million public offering of 3.750 million ADS at $4.00 per ADS.
Nextracker Inc. (NASDAQ: NXT) rose climbed 18.8% to $53.79 after the company reported better-than-expected third-quarter financial results.
SunPower Corporation (NASDAQ: SPWR) jumped 18.1% to $3.5791.
BioRestorative Therapies, Inc. (NASDAQ: BRTX) gained 16.4% to $1.8850.
Corteva, Inc. (NYSE:",2024-02-01 18:17:44+00:00,https://www.benzinga.com/news/24/02/36895069/why-c-h-robinson-shares-are-trading-lower-by-over-12-here-are-other-stocks-moving-in-thursdays-mid-d,Benzinga,0.07447916666666667,0.3807291666666667,neutral,0.07447916666666667,True,False,True,False,False,False,False,False,0.0,2357,"['BOOT', 'VLCN', 'MKL', 'CMPR', 'KPRX', 'SBH', 'ETSY', 'AEY', 'TCRT', 'SNY', 'RACE', 'CACC', 'PSNY', 'TSP', 'ASST', 'CHRW', 'YOSH', 'VLY', 'CMND', 'DGII', 'ELWS', 'WAL', 'REVB', 'EGHT', 'BFRG', 'MXL', 'PTON', 'FCEL', 'HSAI', 'NXT', 'CTVA', 'PLUG', 'ELAB', 'THR', 'ALGM', 'SRDX', 'FBLG', 'NVIV', 'SPWR', 'MINM', 'WOLF', 'BRTX', 'EVAX', 'ZION', 'EVER', 'IFBD', 'AFL', 'NRBO', 'CMAX', 'DB', 'NYCB', 'CELU', 'IHS', 'OGEN', 'RKLB', 'ING']",CELU,2024-02-01
Dow Jumps 250 Points; Honeywell Issues Weak Forecast,"U.S. stocks traded higher toward the end of trading, with the Dow Jones index gaining around 250 points on Thursday.
The Dow traded up 0.66% to 38,403.91 while the NASDAQ rose 1.01% to 15,316.80. The S&P 500 also rose, gaining, 0.87% to 4,887.70.
Check This Out:  $320M Bet On This Healthcare Stock? Check Out These 3 Stocks Insiders Are Buying 
 
Leading and Lagging Sectors
 
Consumer staples shares rose by 1.6% on Thursday.
In trading on Thursday, energy shares fell by 0.2%.
 
Top Headline
 
Honeywell International Inc  (NASDAQ: HON) reported downbeat revenue for its fourth quarter and issued weak outlook.
Honeywell reported fourth-quarter fiscal 2023 sales of $9.44 billion, up 3% year-over-year on a reported basis and +2% on an organic basis, missing the consensus of $9.70 billion. Adjusted EPS was $2.60 (+3% Y/Y), beating the consensus of $2.59.
For the first quarter, Honeywell sees adjusted EPS of $2.12-$2.22 (consensus $2.24) and sales of $8.9 billion-$9.2 billion (consensus $9.248 billion).
 
Equities Trading UP
 
Cimpress plc  (NASDAQ: CMPR) shares shot up 23% to $92.54 after the company reported better-than-expected second-quarter financial results and said the board authorized the repurchase of up to $150 million of company shares.
Shares of  NeuroBo Pharmaceuticals, Inc.  (NASDAQ: NRBO) got a boost, surging 72% to $5.61 after the company announced FDA clearance of the IND for a Phase 1 clinical trial of DA-1726 ...",2024-02-01 19:20:04+00:00,https://www.benzinga.com/news/earnings/24/02/36896302/dow-jumps-250-points-honeywell-issues-weak-forecast,Benzinga,0.15416666666666665,0.45694444444444443,positive,0.15416666666666665,True,True,True,False,False,False,False,False,0.0,1501,"['HON', 'NRBO', 'CMPR', 'REVB', 'PTON', 'CELU', 'VLCN']",CELU,2024-02-01
Celularity Announces 1-for-10 Reverse Stock Split,"FLORHAM PARK, N.J., Feb.  23, 2024  (GLOBE NEWSWIRE) -- Celularity, Inc. (Nasdaq: CELU; CELUW) (“Celularity”), a biotechnology company developing allogeneic cell therapies and advanced biomaterial products, today announced that its Board of Directors has approved a 1-for-10 reverse stock split of its Class A common stock, to be effective at 5:00 p.m. Eastern Standard Time, Wednesday, February 28, 2024. Celularity’s Class A common stock is expected to begin trading on a split-adjusted basis on the Nasdaq Capital Market on Thursday, February 29, 2024, under the current trading symbol, “CELU.” The reverse stock split was approved by Celularity’s stockholders on February 22, 2024, and is intended to increase the per share trading price of its Class A common stock to enable Celularity to satisfy the minimum bid price requirement for continued listing on the Nasdaq Capital Market.",2024-02-23 21:10:00+00:00,https://www.globenewswire.com/news-release/2024/02/23/2834655/0/en/Celularity-Announces-1-for-10-Reverse-Stock-Split.html,GlobeNewswire Inc.,-6.938893903907228e-18,0.4625,neutral,6.938893903907228e-18,False,False,False,False,True,True,True,False,0.0,938,"['CELU', 'CELUW']",CELU,2024-02-23
"Workday, Domino's And 3 Stocks To Watch Heading Into Monday","With U.S. stock futures trading lower this morning on Monday, some of the stocks that may grab investor focus today are as follows:
Wall Street expects  Domino's Pizza, Inc. (NYSE: DPZ) to report quarterly earnings at $4.38per share on revenue of $1.42 billion before the opening bell, according to data from Benzinga Pro. The company reported earnings of $3.97 per share on revenue of $1.39 billion in the year-ago quarter. Domino's shares gained 0.1% ...",2024-02-26 07:48:55+00:00,https://www.benzinga.com/news/earnings/24/02/37305511/workday-dominos-and-3-stocks-to-watch-heading-into-monday,Benzinga,0.0,0.0,neutral,0.0,True,False,False,False,False,False,False,False,0.0,517,"['DPZ', 'PPC', 'WDAY', 'ZM', 'CELU']",CELU,2024-02-26
Celularity to Present Data Showing Cancer Tumor Reduction by Off-the-Shelf Cell Therapy Derived from Human Placental Cells,"Company presenting an in vivo study of PT-CD16, a genetically modified allogeneic cell therapy derived from human placental circulating T (P-T) cells at AACR Annual Meeting 2024 Company presenting an in vivo study of PT-CD16, a genetically modified allogeneic cell therapy derived from human placental circulating T (P-T) cells at AACR Annual Meeting 2024",2024-03-07 14:35:00+00:00,https://www.globenewswire.com/news-release/2024/03/07/2842357/0/en/Celularity-to-Present-Data-Showing-Cancer-Tumor-Reduction-by-Off-the-Shelf-Cell-Therapy-Derived-from-Human-Placental-Cells.html,GlobeNewswire Inc.,0.0,0.07500000000000001,neutral,0.0,False,False,False,False,False,False,False,False,0.0,479,"['CELU', 'CELUW']",CELU,2024-03-07
Celularity CEO to Present Keynote Address at 2024 Society for Brain Mapping and Therapeutics Annual World Congress,"Keynote Will Discuss Cellular Immunotherapy’s Potential for Treating Chronic Conditions, Including Cancer, Multiple Sclerosis and Parkinson’s Disease Keynote Will Discuss Cellular Immunotherapy’s Potential for Treating Chronic Conditions, Including Cancer, Multiple Sclerosis and Parkinson’s Disease",2024-03-12 13:20:00+00:00,https://www.globenewswire.com/news-release/2024/03/12/2844627/0/en/Celularity-CEO-to-Present-Keynote-Address-at-2024-Society-for-Brain-Mapping-and-Therapeutics-Annual-World-Congress.html,GlobeNewswire Inc.,0.0,0.4,neutral,0.0,False,False,False,False,False,False,True,False,0.0,415,"['CELUW', 'CELU']",CELU,2024-03-12
Celularity CEO to Present on Cell Therapy’s Potential to Improve Longevity at 2024 ABUNDANCE Summit,Presentation Will Discuss Cellular Immunotherapy’s Potential Role in Treating Chronic Conditions and Extending People’s Lives Presentation Will Discuss Cellular Immunotherapy’s Potential Role in Treating Chronic Conditions and Extending People’s Lives,2024-03-14 13:15:00+00:00,https://www.globenewswire.com/news-release/2024/03/14/2846341/0/en/Celularity-CEO-to-Present-on-Cell-Therapy-s-Potential-to-Improve-Longevity-at-2024-ABUNDANCE-Summit.html,GlobeNewswire Inc.,0.0,0.75,neutral,0.0,False,False,False,False,False,False,True,False,0.0,352,"['CELU', 'CELUW']",CELU,2024-03-14
Celularity Submits Request to U.S. FDA for Orphan Drug Designation for PDA-002 Asset Treating Facioscapulohumeral Muscular Dystrophy,"Company Has Already Received IND Clearance from the FDA and Plans to Begin Phase 1/2 Study in 2024 with Off-the-Shelf, Placental-Derived Cell Therapy Company Has Already Received IND Clearance from the FDA and Plans to Begin Phase 1/2 Study in 2024 with Off-the-Shelf, Placental-Derived Cell Therapy",2024-03-20 13:15:00+00:00,https://www.globenewswire.com/news-release/2024/03/20/2849426/0/en/Celularity-Submits-Request-to-U-S-FDA-for-Orphan-Drug-Designation-for-PDA-002-Asset-Treating-Facioscapulohumeral-Muscular-Dystrophy.html,GlobeNewswire Inc.,0.0,0.0,neutral,0.0,False,False,True,False,False,False,False,False,0.0,433,"['CELU', 'CELUW']",CELU,2024-03-20
Celularity Abstract “Emerging Technologies for the Management and Protection of Tendon Injuries: Decellularized Placental Biomaterials” Accepted at ORS Tendon Conference 2024,"FLORHAM PARK, N.J., April  18, 2024  (GLOBE NEWSWIRE) -- Celularity Inc. (Nasdaq: CELU) (“Celularity”), a regenerative medicine company developing placental-derived allogeneic cell therapies and advanced biomaterial products, today announced that its abstract entitled “Emerging Technologies for the Management and Protection of Tendon Injuries: Decellularized Placental Biomaterials” was accepted by the Orthopedic Research Society (ORS) Tendon Conference, which will be held from May 30 - June 1, 2024 at the Mayo Clinic in Rochester, MN. The conference theme is “Mechanism to Therapy - Emerging Technologies and Therapeutic Outcomes.”",2024-04-18 20:30:00+00:00,https://www.globenewswire.com/news-release/2024/04/18/2865850/0/en/Celularity-Abstract-Emerging-Technologies-for-the-Management-and-Protection-of-Tendon-Injuries-Decellularized-Placental-Biomaterials-Accepted-at-ORS-Tendon-Conference-2024.html,GlobeNewswire Inc.,0.4,0.6,positive,0.4,False,False,False,False,True,False,True,False,0.0,813,"['CELU', 'CELUW']",CELU,2024-04-18
Celularity Inc. Announces Receipt of Nasdaq Notice Regarding Late Form 10-K Filing,"FLORHAM PARK, N.J., April  19, 2024  (GLOBE NEWSWIRE) -- Celularity Inc. (NASDAQ: CELU) (the “Company”), a regenerative medicine company developing placental-derived allogeneic cell therapies and advanced biomaterial products, announced today that on April 17, 2024, the Company received notification from the Listing Qualifications department of the Nasdaq Stock Market LLC (“Nasdaq”) stating that because the Company has not yet filed its Annual Report on Form 10-K for the year ended December 31, 2023, it is no longer in compliance with Nasdaq’s continued listing requirements which requires listed companies to timely file all required periodic financial reports with the Securities and Exchange Commission. Nasdaq’s notice has no immediate effect on the listing of Celularity’s common stock and warrants, which continue to trade on the Nasdaq Capital Market under the symbols “CELU” and “CELUW,” respectively.",2024-04-19 21:30:00+00:00,https://www.globenewswire.com/news-release/2024/04/19/2866398/0/en/Celularity-Inc-Announces-Receipt-of-Nasdaq-Notice-Regarding-Late-Form-10-K-Filing.html,GlobeNewswire Inc.,-0.039999999999999994,0.36,neutral,0.039999999999999994,False,False,True,False,True,False,False,False,0.0,999,"['CELU', 'CELUW']",CELU,2024-04-19
Celularity Data Published in Journal for ImmunoTherapy of Cancer Reveals Benefits of Placental Circulating T Cells for CAR-T Therapy,"Placental T Cells Demonstrated Greater Persistence, Resistance to Exhaustion and Efficacy Compared To Peripheral Blood Mononuclear Cells Placental T Cells Demonstrated Greater Persistence, Resistance to Exhaustion and Efficacy Compared To Peripheral Blood Mononuclear Cells",2024-05-14 13:15:00+00:00,https://www.globenewswire.com/news-release/2024/05/14/2881500/0/en/Celularity-Data-Published-in-Journal-for-ImmunoTherapy-of-Cancer-Reveals-Benefits-of-Placental-Circulating-T-Cells-for-CAR-T-Therapy.html,GlobeNewswire Inc.,0.5,0.5,positive,0.5,False,False,False,False,False,False,False,False,0.0,407,"['CELU', 'CELUW']",CELU,2024-05-14
Celularity Inc. Announces Receipt of Nasdaq Notice Regarding Late Form 10-Q Filing,"FLORHAM PARK, N.J., May  24, 2024  (GLOBE NEWSWIRE) -- Celularity Inc. (Nasdaq: CELU) (the “Company”), a regenerative medicine company developing placental-derived allogeneic cell therapies and advanced biomaterial products, announced today that on May 21, 2024, the Company received notification from the Listing Qualifications department of the Nasdaq Stock Market LLC (“Nasdaq”) stating that because the Company has not yet filed its Form 10-Q for the quarter ended March 31, 2024 (“Q1 2024 Form 10-Q”), and because the Company remains delinquent in filing its Annual Report on Form 10-K for the year ended December 31, 2023 (“2023 Form 10-K”), does not comply with the Nasdaq continued listing requirements which require listed companies to timely file all required periodic financial reports with the Securities and Exchange Commission. Nasdaq’s notice has no immediate effect on the listing of Celularity’s common stock and warrants, which continue to trade on the Nasdaq Capital Market under the symbols “CELU” and “CELUW”, respectively.",2024-05-24 21:15:00+00:00,https://www.globenewswire.com/news-release/2024/05/24/2888196/0/en/Celularity-Inc-Announces-Receipt-of-Nasdaq-Notice-Regarding-Late-Form-10-Q-Filing.html,GlobeNewswire Inc.,-0.039999999999999994,0.36,neutral,0.039999999999999994,False,False,True,False,True,False,False,False,0.0,1128,"['CELU', 'CELUW']",CELU,2024-05-24
Celularity Presents Data of The Effect of Its T-Cell Platform on Multiple Hematological And Solid Tumors at the American Society of Clinical Oncology (ASCO) Annual Meeting,Celularity Presents Data of The Effect of Its T-Cell Platform on Multiple Hematological And Solid Tumors at the ASCO Annual Meeting,2024-06-03 12:38:00+00:00,https://www.globenewswire.com/news-release/2024/06/03/2892256/0/en/Celularity-Presents-Data-of-The-Effect-of-Its-T-Cell-Platform-on-Multiple-Hematological-And-Solid-Tumors-at-the-American-Society-of-Clinical-Oncology-ASCO-Annual-Meeting.html,GlobeNewswire Inc.,0.0,0.04,neutral,0.0,False,False,False,False,False,False,False,False,0.0,304,"['CELU', 'CELUW']",CELU,2024-06-03
Celularity Inc. Announces Receipt of Nasdaq Notice Regarding Late Form 10-Q Filing,"Celularity Inc. (NASDAQ: CELU) received a notification from Nasdaq stating that it does not comply with the continued listing requirements due to the delayed filing of its Q2 2024 Form 10-Q. The company has until October 14, 2024, to regain compliance by submitting a plan to Nasdaq.",2024-08-23 21:00:00+00:00,https://www.globenewswire.com/news-release/2024/08/23/2935096/0/en/Celularity-Inc-Announces-Receipt-of-Nasdaq-Notice-Regarding-Late-Form-10-Q-Filing.html,GlobeNewswire Inc.,-0.2125,0.4875,negative,0.2125,False,False,False,False,False,False,False,False,0.0,367,"['CELU', 'CELUW']",CELU,2024-08-23
Celularity Appoints Richard J. Berman to its Board of Directors,"Celularity Inc. (CELU) has appointed Richard J. Berman, an experienced public company director, to its Board of Directors. Berman brings over 40 years of venture capital, senior management, and merger and acquisitions experience, having served as a director and/or officer of over a dozen public and private companies.",2024-08-28 20:45:00+00:00,https://www.globenewswire.com/news-release/2024/08/28/2937403/0/en/Celularity-Appoints-Richard-J-Berman-to-its-Board-of-Directors.html,GlobeNewswire Inc.,0.2,0.35208333333333336,positive,0.2,False,True,False,False,False,False,True,False,0.0,383,"['CELU', 'CELUW']",CELU,2024-08-28
"Celularity Expands Advanced Biomaterial Product Commercial Portfolio with Acquisition of Rebound™ Product from Sequence LifeScience, Inc.","Celularity Inc. has acquired the Rebound product, a placental-derived allograft matrix, from Sequence LifeScience, Inc. This acquisition expands Celularity's portfolio of advanced biomaterial products and is expected to contribute significantly to the company's biomaterial sales in the fourth quarter of 2024 and the full year.",2024-10-16 21:15:00+00:00,https://www.globenewswire.com/news-release/2024/10/16/2964526/0/en/Celularity-Expands-Advanced-Biomaterial-Product-Commercial-Portfolio-with-Acquisition-of-Rebound-Product-from-Sequence-LifeScience-Inc.html,GlobeNewswire Inc.,0.2035714285714286,0.4321428571428572,positive,0.2035714285714286,False,True,False,False,True,False,False,False,0.0,467,"['CELU', 'CELUW']",CELU,2024-10-16
"Celularity Expands Advanced Biomaterial Product Commercial Portfolio with Acquisition of Rebound™ Product from Sequence LifeScience, Inc.","Celularity Inc. has acquired the Rebound product from Sequence LifeScience, Inc., expanding its portfolio of placental-derived advanced biomaterial products. The acquisition is expected to contribute significantly to Celularity's biomaterial sales in the fourth quarter of 2024 and for the full year.",2024-10-16 21:15:00+00:00,https://www.benzinga.com/pressreleases/24/10/g41369784/celularity-expands-advanced-biomaterial-product-commercial-portfolio-with-acquisition-of-rebound-p,Benzinga,0.2035714285714286,0.4321428571428572,positive,0.2035714285714286,False,True,False,False,True,False,False,False,0.0,439,"['CELU', 'CELUW']",CELU,2024-10-16
Celularity Inc. Announces Receipt of Nasdaq Notification,"Celularity Inc. received a notification from Nasdaq stating that the company does not comply with the Nasdaq continued listing requirements due to its inability to timely file its Q3 2024 Form 10-Q. The company plans to submit a plan to regain compliance by January 20, 2025, but there is no assurance that Nasdaq will accept the plan or that the company will regain compliance within the compliance period.",2024-11-27 22:00:00+00:00,https://www.globenewswire.com/news-release/2024/11/27/2988458/0/en/Celularity-Inc-Announces-Receipt-of-Nasdaq-Notification.html,GlobeNewswire Inc.,-0.125,0.375,negative,0.125,False,False,False,False,False,False,False,False,0.0,465,"['CELU', 'CELUW']",CELU,2024-11-27
Celularity Inc. Announces Resolution of Nasdaq Listing Compliance Matter,"Celularity Inc. has regained compliance with Nasdaq listing rules after addressing a backlog of financial filings. The company has implemented process improvements, including engaging a new audit firm, to ensure timely and accurate reporting going forward.",2024-12-10 13:00:00+00:00,https://www.globenewswire.com/news-release/2024/12/10/2994461/0/en/Celularity-Inc-Announces-Resolution-of-Nasdaq-Listing-Compliance-Matter.html,GlobeNewswire Inc.,0.14727272727272728,0.4375757575757576,positive,0.14727272727272728,False,False,False,False,False,False,False,False,0.0,330,"['CELU', 'CELUW']",CELU,2024-12-10
